Price,Close,High,Low,Open,Volume
Ticker,AAPL,AAPL,AAPL,AAPL,AAPL
Datetime,,,,,
2026-08-27 09:30:00-04:00,311.989990234375,312.0350036621094,309.9599914550781,310.5450134277344,1392425
2026-08-27 09:31:00-04:00,310.7699890136719,312.0,310.75,311.9750061035156,175184
2026-08-27 09:32:00-04:00,310.2349853515625,310.8349914550781,309.9501037597656,310.8349914550781,170549
2026-08-27 09:33:00-04:00,310.114990234375,310.42999267578125,309.9800109863281,310.2349853515625,127412
2026-08-27 09:34:00-04:00,309.94580078125,310.1400146484375,309.40008544921875,310.125,353692
2026-08-27 09:35:00-04:00,310.0150146484375,310.18499755859375,309.4289855957031,309.92498779296875,130487
2026-08-27 09:36:00-04:00,310.06500244140625,310.5426025390625,309.9100036621094,310.0150146484375,123755
2026-08-27 09:37:00-04:00,310.2799987792969,310.3450012207031,309.9100036621094,310.1199035644531,101364
2026-08-27 09:38:00-04:00,310.6099853515625,310.8550109863281,310.2799987792969,310.3500061035156,82303
2026-08-27 09:39:00-04:00,310.6549987792969,310.9855041503906,310.4403991699219,310.6300048828125,75966
2026-08-27 09:40:00-04:00,310.3699951171875,310.6400146484375,310.30999755859375,310.6400146484375,66130
2026-08-27 09:41:00-04:00,310.0799865722656,310.3999938964844,309.95001220703125,310.3999938964844,128437
2026-08-27 09:42:00-04:00,310.0,310.1300048828125,309.6300048828125,310.05999755859375,108699
2026-08-27 09:43:00-04:00,310.5799865722656,310.760009765625,310.0799865722656,310.0799865722656,116837
2026-08-27 09:44:00-04:00,310.81500244140625,311.1200866699219,310.510009765625,310.55999755859375,177185
2026-08-27 09:45:00-04:00,311.0849914550781,311.19000244140625,310.82000732421875,310.8299865722656,97491
2026-08-27 09:46:00-04:00,311.739990234375,311.885009765625,311.07000732421875,311.0799865722656,107739
2026-08-27 09:47:00-04:00,311.3399963378906,311.7467956542969,311.1000061035156,311.7261047363281,82062
2026-08-27 09:48:00-04:00,311.55499267578125,311.5899963378906,311.2099914550781,311.32000732421875,62954
2026-08-27 09:49:00-04:00,311.56500244140625,311.7099914550781,311.4549865722656,311.55499267578125,58977
2026-08-27 09:50:00-04:00,311.7349853515625,311.7550048828125,311.42999267578125,311.54998779296875,65473
2026-08-27 09:51:00-04:00,311.5,311.85101318359375,311.4849853515625,311.70001220703125,78264
2026-08-27 09:52:00-04:00,311.8450012207031,311.8900146484375,311.5199890136719,311.5400085449219,58006
2026-08-27 09:53:00-04:00,311.7950134277344,311.8450012207031,311.6189880371094,311.8450012207031,34357
2026-08-27 09:54:00-04:00,311.95001220703125,312.1000061035156,311.7048034667969,311.80499267578125,68501
2026-08-27 09:55:00-04:00,311.8699951171875,312.07989501953125,311.7297058105469,311.9700012207031,70167
2026-08-27 09:56:00-04:00,311.864990234375,312.10198974609375,311.8399963378906,311.8900146484375,87115
2026-08-27 09:57:00-04:00,311.6700134277344,311.989990234375,311.6340026855469,311.864990234375,66939
2026-08-27 09:58:00-04:00,311.40399169921875,311.70001220703125,311.31500244140625,311.6650085449219,93803
2026-08-27 09:59:00-04:00,311.6199951171875,311.6499938964844,311.260498046875,311.4089050292969,72767
2026-08-27 10:00:00-04:00,311.6000061035156,311.7900085449219,311.43499755859375,311.5799865722656,126405
2026-08-27 10:01:00-04:00,311.8399963378906,311.8399963378906,311.4100036621094,311.625,105966
2026-08-27 10:02:00-04:00,311.7586975097656,311.9898986816406,311.7449951171875,311.8299865722656,71703
2026-08-27 10:03:00-04:00,311.43499755859375,311.760009765625,311.30999755859375,311.760009765625,65580
2026-08-27 10:04:00-04:00,311.3500061035156,311.54998779296875,311.3275146484375,311.44000244140625,55481
2026-08-27 10:05:00-04:00,311.260009765625,311.4200134277344,311.0299987792969,311.3699951171875,125974
2026-08-27 10:06:00-04:00,310.6600036621094,311.260009765625,310.5899963378906,311.25,86531
2026-08-27 10:07:00-04:00,310.7200012207031,310.7799987792969,310.4200134277344,310.6700134277344,93559
2026-08-27 10:08:00-04:00,310.4100036621094,310.8599853515625,310.3800048828125,310.7300109863281,72766
2026-08-27 10:09:00-04:00,310.48089599609375,310.74200439453125,310.44000244140625,310.44000244140625,66207
2026-08-27 10:10:00-04:00,310.8341979980469,310.9100036621094,310.5,310.5150146484375,63059
2026-08-27 10:11:00-04:00,310.760009765625,310.875,310.6199951171875,310.82000732421875,61725
2026-08-27 10:12:00-04:00,310.9800109863281,311.05999755859375,310.760009765625,310.7699890136719,79843
2026-08-27 10:13:00-04:00,310.57000732421875,311.04998779296875,310.489990234375,310.9800109863281,73936
2026-08-27 10:14:00-04:00,310.2200012207031,310.5899963378906,310.1700134277344,310.5400085449219,102254
2026-08-27 10:15:00-04:00,310.1000061035156,310.54998779296875,310.05999755859375,310.2300109863281,167653
2026-08-27 10:16:00-04:00,310.2099914550781,310.2699890136719,309.9800109863281,310.1000061035156,170071
2026-08-27 10:17:00-04:00,310.32000732421875,310.3500061035156,310.0899963378906,310.2099914550781,72372
2026-08-27 10:18:00-04:00,310.1499938964844,310.30999755859375,310.1000061035156,310.30499267578125,48558
2026-08-27 10:19:00-04:00,310.0580139160156,310.2699890136719,309.9100036621094,310.1400146484375,108604
2026-08-27 10:20:00-04:00,309.8450012207031,310.17999267578125,309.6300048828125,310.0450134277344,194048
2026-08-27 10:21:00-04:00,309.7300109863281,310.05999755859375,309.70001220703125,309.8699951171875,107756
2026-08-27 10:22:00-04:00,309.95001220703125,310.0498962402344,309.6700134277344,309.7200012207031,87904
2026-08-27 10:23:00-04:00,309.9198913574219,310.0498962402344,309.8399963378906,309.95001220703125,62654
2026-08-27 10:24:00-04:00,310.3949890136719,310.4200134277344,309.8999938964844,309.9100036621094,89452
2026-08-27 10:25:00-04:00,310.4200134277344,310.5498962402344,310.3077087402344,310.3800048828125,85689
2026-08-27 10:26:00-04:00,310.581298828125,310.6600036621094,310.3500061035156,310.3901062011719,90901
2026-08-27 10:27:00-04:00,310.8999938964844,310.9100036621094,310.5199890136719,310.57501220703125,143219
2026-08-27 10:28:00-04:00,310.5350036621094,310.885009765625,310.44000244140625,310.8599853515625,81459
2026-08-27 10:29:00-04:00,310.7921142578125,310.8299865722656,310.4800109863281,310.5249938964844,52961
2026-08-27 10:30:00-04:00,310.739990234375,310.9750061035156,310.6400146484375,310.79998779296875,63118
2026-08-27 10:31:00-04:00,310.7200012207031,310.79998779296875,310.6300048828125,310.760009765625,37554
2026-08-27 10:32:00-04:00,310.80499267578125,310.8599853515625,310.67010498046875,310.75,55029
2026-08-27 10:33:00-04:00,311.19000244140625,311.20001220703125,310.7300109863281,310.760009765625,82851
2026-08-27 10:34:00-04:00,311.4388122558594,311.4800109863281,311.1853942871094,311.19500732421875,111064
2026-08-27 10:35:00-04:00,311.6600036621094,311.7099914550781,311.45001220703125,311.45001220703125,85524
2026-08-27 10:36:00-04:00,312.1499938964844,312.20001220703125,311.7099914550781,311.7099914550781,147207
2026-08-27 10:37:00-04:00,312.32000732421875,312.3500061035156,312.0602111816406,312.15008544921875,103967
2026-08-27 10:38:00-04:00,312.8800048828125,312.9591064453125,312.3299865722656,312.3299865722656,141664
2026-08-27 10:39:00-04:00,312.989990234375,313.1199951171875,312.79998779296875,312.8999938964844,170169
2026-08-27 10:40:00-04:00,312.989990234375,313.2699890136719,312.8999938964844,312.989990234375,126493
2026-08-27 10:41:00-04:00,313.3299865722656,313.34991455078125,312.8500061035156,313.0050048828125,94330
2026-08-27 10:42:00-04:00,312.80999755859375,313.5299987792969,312.75,313.32000732421875,116927
2026-08-27 10:43:00-04:00,313.0899963378906,313.1199951171875,312.7799987792969,312.7799987792969,79923
2026-08-27 10:44:00-04:00,312.8949890136719,313.1199951171875,312.8949890136719,313.0950012207031,78796
2026-08-27 10:45:00-04:00,313.1199951171875,313.1199951171875,312.65008544921875,312.8800048828125,59259
2026-08-27 10:46:00-04:00,312.8900146484375,313.3699951171875,312.75,313.1050109863281,76355
2026-08-27 10:47:00-04:00,312.7349853515625,313.0400085449219,312.70001220703125,312.9100036621094,52028
2026-08-27 10:48:00-04:00,313.1000061035156,313.1700134277344,312.6700134277344,312.7601013183594,72532
2026-08-27 10:49:00-04:00,313.4800109863281,313.510009765625,313.1199951171875,313.1199951171875,65170
2026-08-27 10:50:00-04:00,313.6400146484375,313.7799987792969,313.32000732421875,313.4700012207031,61878
2026-08-27 10:51:00-04:00,313.30999755859375,313.66241455078125,313.17999267578125,313.6499938964844,47895
2026-08-27 10:52:00-04:00,313.3299865722656,313.385009765625,313.135009765625,313.32000732421875,28663
2026-08-27 10:53:00-04:00,313.25,313.44000244140625,313.21051025390625,313.3299865722656,32886
2026-08-27 10:54:00-04:00,313.5299987792969,313.5450134277344,313.2099914550781,313.239990234375,39349
2026-08-27 10:55:00-04:00,313.4700012207031,313.6368103027344,313.42999267578125,313.5199890136719,36224
2026-08-27 10:56:00-04:00,313.4139099121094,313.54998779296875,313.32000732421875,313.4800109863281,35904
2026-08-27 10:57:00-04:00,313.3699951171875,313.6400146484375,313.3301086425781,313.4200134277344,47954
2026-08-27 10:58:00-04:00,313.5299987792969,313.55999755859375,313.2250061035156,313.3406982421875,52890
2026-08-27 10:59:00-04:00,313.3999938964844,313.57000732421875,313.2900085449219,313.5400085449219,45336
2026-08-27 11:00:00-04:00,313.7650146484375,313.8699951171875,313.4200134277344,313.4200134277344,90207
2026-08-27 11:01:00-04:00,314.2200012207031,314.2300109863281,313.760009765625,313.760009765625,88568
2026-08-27 11:02:00-04:00,313.760009765625,314.20001220703125,313.6690979003906,314.20001220703125,62433
2026-08-27 11:03:00-04:00,313.989990234375,314.07000732421875,313.760009765625,313.77569580078125,54827
2026-08-27 11:04:00-04:00,314.30999755859375,314.3299865722656,314.0,314.0101013183594,65850
2026-08-27 11:05:00-04:00,314.45001220703125,314.57000732421875,314.2900085449219,314.32501220703125,66039
2026-08-27 11:06:00-04:00,314.4800109863281,314.5,314.2934875488281,314.4800109863281,68478
2026-08-27 11:07:00-04:00,314.3699951171875,314.4898986816406,314.2207946777344,314.4800109863281,59679
2026-08-27 11:08:00-04:00,314.5849914550781,314.6000061035156,314.3500061035156,314.3800048828125,64354
2026-08-27 11:09:00-04:00,314.54998779296875,314.6700134277344,314.4200134277344,314.5950012207031,81795
2026-08-27 11:10:00-04:00,314.4049987792969,314.68499755859375,314.3500061035156,314.5299987792969,65899
2026-08-27 11:11:00-04:00,314.489990234375,314.5950012207031,314.3399963378906,314.4049987792969,44994
2026-08-27 11:12:00-04:00,314.5199890136719,314.70001220703125,314.42999267578125,314.4599914550781,52131
2026-08-27 11:13:00-04:00,314.63958740234375,314.6499938964844,314.4599914550781,314.5249938964844,38656
2026-08-27 11:14:00-04:00,314.7297058105469,314.7300109863281,314.54998779296875,314.6499938964844,60778
2026-08-27 11:15:00-04:00,314.860107421875,314.8999938964844,314.6499938964844,314.7200012207031,59240
2026-08-27 11:16:00-04:00,314.8800048828125,314.9100036621094,314.760009765625,314.8599853515625,56929
2026-08-27 11:17:00-04:00,315.0199890136719,315.1600036621094,314.8900146484375,314.8900146484375,150375
2026-08-27 11:18:00-04:00,314.9200134277344,315.0199890136719,314.85009765625,314.9800109863281,36261
2026-08-27 11:19:00-04:00,314.7749938964844,314.95001220703125,314.7300109863281,314.9200134277344,61258
2026-08-27 11:20:00-04:00,314.7590026855469,314.7900085449219,314.6099853515625,314.7749938964844,59071
2026-08-27 11:21:00-04:00,314.8799133300781,314.9599914550781,314.7699890136719,314.7699890136719,42054
2026-08-27 11:22:00-04:00,315.07000732421875,315.11248779296875,314.8500061035156,314.8699951171875,45914
2026-08-27 11:23:00-04:00,314.8500061035156,315.09991455078125,314.8500061035156,315.04998779296875,50567
2026-08-27 11:24:00-04:00,314.80999755859375,314.9252014160156,314.7149963378906,314.8699951171875,43634
2026-08-27 11:25:00-04:00,314.67999267578125,314.8500061035156,314.6300048828125,314.80499267578125,54279
2026-08-27 11:26:00-04:00,314.6200866699219,314.70001220703125,314.57000732421875,314.67999267578125,32102
2026-08-27 11:27:00-04:00,314.6600036621094,314.82000732421875,314.6400146484375,314.6400146484375,28265
2026-08-27 11:28:00-04:00,314.7200012207031,314.80999755859375,314.6300048828125,314.6449890136719,24804
2026-08-27 11:29:00-04:00,314.6499938964844,314.7250061035156,314.55999755859375,314.69000244140625,30256
2026-08-27 11:30:00-04:00,314.4100036621094,314.69500732421875,314.3299865722656,314.6549987792969,50510
2026-08-27 11:31:00-04:00,314.5199890136719,314.67999267578125,314.3999938964844,314.4100036621094,48509
2026-08-27 11:32:00-04:00,314.7099914550781,314.7099914550781,314.4100036621094,314.5299987792969,37604
2026-08-27 11:33:00-04:00,314.55999755859375,314.7550048828125,314.5249938964844,314.70001220703125,43295
2026-08-27 11:34:00-04:00,314.5400085449219,314.55999755859375,314.45001220703125,314.54998779296875,32553
2026-08-27 11:35:00-04:00,314.44000244140625,314.5990905761719,314.4201965332031,314.54998779296875,29609
2026-08-27 11:36:00-04:00,314.4700927734375,314.5899963378906,314.3900146484375,314.45001220703125,22714
2026-08-27 11:37:00-04:00,314.54998779296875,314.55999755859375,314.44000244140625,314.4599914550781,14381
2026-08-27 11:38:00-04:00,314.44000244140625,314.5799865722656,314.30999755859375,314.55499267578125,32054
2026-08-27 11:39:00-04:00,314.3699035644531,314.5097961425781,314.2799987792969,314.4700012207031,26369
2026-08-27 11:40:00-04:00,314.3450012207031,314.4200134277344,314.2799987792969,314.3699951171875,40932
2026-08-27 11:41:00-04:00,315.05999755859375,315.07989501953125,314.3599853515625,314.3599853515625,71822
2026-08-27 11:42:00-04:00,314.9649963378906,315.07000732421875,314.8900146484375,315.0570983886719,55063
2026-08-27 11:43:00-04:00,314.739990234375,314.9200134277344,314.7149963378906,314.8999938964844,34495
2026-08-27 11:44:00-04:00,314.7550048828125,314.760009765625,314.6408996582031,314.760009765625,34305
2026-08-27 11:45:00-04:00,314.4049987792969,314.7950134277344,314.3900146484375,314.760009765625,45111
2026-08-27 11:46:00-04:00,314.3299865722656,314.42498779296875,314.31500244140625,314.3900146484375,34193
2026-08-27 11:47:00-04:00,314.2900085449219,314.3500061035156,314.20001220703125,314.3349914550781,52970
2026-08-27 11:48:00-04:00,314.30499267578125,314.4299011230469,314.1499938964844,314.32000732421875,43538
2026-08-27 11:49:00-04:00,314.43499755859375,314.510009765625,314.17010498046875,314.32000732421875,36008
2026-08-27 11:50:00-04:00,314.7650146484375,314.7650146484375,314.4610900878906,314.4700012207031,42872
2026-08-27 11:51:00-04:00,314.6000061035156,314.7900085449219,314.5799865722656,314.75,54990
2026-08-27 11:52:00-04:00,314.6099853515625,314.67999267578125,314.5150146484375,314.6000061035156,34324
2026-08-27 11:53:00-04:00,314.7850036621094,314.8500061035156,314.6000061035156,314.6099853515625,47054
2026-08-27 11:54:00-04:00,314.67999267578125,314.7699890136719,314.6700134277344,314.760009765625,322809
2026-08-27 11:55:00-04:00,314.6700134277344,314.760009765625,314.6199951171875,314.69000244140625,30845
2026-08-27 11:56:00-04:00,314.489990234375,314.6700134277344,314.4200134277344,314.6700134277344,35909
2026-08-27 11:57:00-04:00,314.7349853515625,314.7449951171875,314.4700012207031,314.489990234375,30751
2026-08-27 11:58:00-04:00,314.7550048828125,314.7699890136719,314.6499938964844,314.7349853515625,19965
2026-08-27 11:59:00-04:00,314.80499267578125,314.8349914550781,314.7200012207031,314.760009765625,35311
2026-08-27 12:00:00-04:00,314.889892578125,314.93499755859375,314.80999755859375,314.82000732421875,35850
2026-08-27 12:01:00-04:00,314.9549865722656,314.9700012207031,314.7430114746094,314.885009765625,57312
2026-08-27 12:02:00-04:00,314.8500061035156,314.9599914550781,314.739990234375,314.95001220703125,46538
2026-08-27 12:03:00-04:00,314.8500061035156,314.8699951171875,314.7099914550781,314.8599853515625,23414
2026-08-27 12:04:00-04:00,314.8756103515625,314.9599914550781,314.82000732421875,314.8450012207031,25886
2026-08-27 12:05:00-04:00,314.69000244140625,314.8800048828125,314.67999267578125,314.8500061035156,38814
2026-08-27 12:06:00-04:00,314.4949951171875,314.69000244140625,314.4599914550781,314.69000244140625,26131
2026-08-27 12:07:00-04:00,314.539794921875,314.539794921875,314.3800048828125,314.4606018066406,501917
2026-08-27 12:08:00-04:00,314.44000244140625,314.5899963378906,314.44000244140625,314.5400085449219,26105
2026-08-27 12:09:00-04:00,314.3599853515625,314.4800109863281,314.3399963378906,314.44500732421875,26167
2026-08-27 12:10:00-04:00,314.510009765625,314.5198974609375,314.2900085449219,314.3550109863281,46117
2026-08-27 12:11:00-04:00,314.3598937988281,314.5398864746094,314.32000732421875,314.4949951171875,41927
2026-08-27 12:12:00-04:00,314.4800109863281,314.489990234375,314.3399963378906,314.3599853515625,21106
2026-08-27 12:13:00-04:00,314.42999267578125,314.4849853515625,314.3699951171875,314.4849853515625,19820
2026-08-27 12:14:00-04:00,314.68499755859375,314.70001220703125,314.3550109863281,314.43499755859375,33520
2026-08-27 12:15:00-04:00,314.6600036621094,314.7099914550781,314.55999755859375,314.7099914550781,23076
2026-08-27 12:16:00-04:00,314.67999267578125,314.7298889160156,314.6199951171875,314.6600036621094,21067
2026-08-27 12:17:00-04:00,314.57000732421875,314.7200012207031,314.5,314.67999267578125,46724
2026-08-27 12:18:00-04:00,314.5600891113281,314.6499938964844,314.5339050292969,314.5899963378906,17643
2026-08-27 12:19:00-04:00,314.3699951171875,314.5820007324219,314.3699951171875,314.5820007324219,23844
2026-08-27 12:20:00-04:00,314.32000732421875,314.3699951171875,314.2300109863281,314.3500061035156,44017
2026-08-27 12:21:00-04:00,314.3800048828125,314.3999938964844,314.110107421875,314.29998779296875,59124
2026-08-27 12:22:00-04:00,314.2699890136719,314.3550109863281,314.25,314.3550109863281,16354
2026-08-27 12:23:00-04:00,314.19500732421875,314.32000732421875,314.1802062988281,314.25,16658
2026-08-27 12:24:00-04:00,314.3599853515625,314.3699951171875,314.20001220703125,314.20001220703125,18633
2026-08-27 12:25:00-04:00,314.3399963378906,314.3999938964844,314.30999755859375,314.3699951171875,14131
2026-08-27 12:26:00-04:00,314.20001220703125,314.3699951171875,314.19000244140625,314.3450012207031,18102
2026-08-27 12:27:00-04:00,314.3500061035156,314.3500061035156,314.1600036621094,314.2149963378906,29674
2026-08-27 12:28:00-04:00,314.4549865722656,314.4849853515625,314.2900085449219,314.3500061035156,19511
2026-08-27 12:29:00-04:00,314.57000732421875,314.5849914550781,314.4100036621094,314.4599914550781,27775
2026-08-27 12:30:00-04:00,314.4700012207031,314.5950012207031,314.45001220703125,314.56500244140625,19319
2026-08-27 12:31:00-04:00,314.4649963378906,314.5299987792969,314.4175109863281,314.4750061035156,29238
2026-08-27 12:32:00-04:00,314.5,314.5199890136719,314.4200134277344,314.4700012207031,28247
2026-08-27 12:33:00-04:00,314.489990234375,314.5299987792969,314.43011474609375,314.489990234375,23521
2026-08-27 12:34:00-04:00,314.4949951171875,314.5,314.44000244140625,314.489990234375,18832
2026-08-27 12:35:00-04:00,314.5400085449219,314.5400085449219,314.45001220703125,314.4800109863281,18229
2026-08-27 12:36:00-04:00,314.260009765625,314.56500244140625,314.25,314.5299987792969,44793
2026-08-27 12:37:00-04:00,314.510009765625,314.510009765625,314.2701110839844,314.2900085449219,30781
2026-08-27 12:38:00-04:00,314.4549865722656,314.5,314.3706970214844,314.5,25756
2026-08-27 12:39:00-04:00,314.5950012207031,314.6400146484375,314.4599914550781,314.4649963378906,28664
2026-08-27 12:40:00-04:00,314.6549987792969,314.7200012207031,314.5299987792969,314.6000061035156,37324
2026-08-27 12:41:00-04:00,314.625,314.6700134277344,314.57000732421875,314.6600036621094,21535
2026-08-27 12:42:00-04:00,314.6449890136719,314.6449890136719,314.55499267578125,314.6300048828125,15753
2026-08-27 12:43:00-04:00,314.70001220703125,314.7799987792969,314.6300048828125,314.6400146484375,26203
2026-08-27 12:44:00-04:00,314.7550048828125,314.8299865722656,314.65460205078125,314.7200012207031,32432
2026-08-27 12:45:00-04:00,315.1400146484375,315.14990234375,314.7699890136719,314.7699890136719,85358
2026-08-27 12:46:00-04:00,314.9549865722656,315.1600036621094,314.8699951171875,315.1300964355469,46515
2026-08-27 12:47:00-04:00,314.8800048828125,314.9800109863281,314.8100891113281,314.9599914550781,71546
2026-08-27 12:48:00-04:00,314.80010986328125,314.8900146484375,314.7200012207031,314.8800048828125,24213
2026-08-27 12:49:00-04:00,314.68499755859375,314.80999755859375,314.67999267578125,314.7900085449219,27157
2026-08-27 12:50:00-04:00,314.6400146484375,314.7449951171875,314.5849914550781,314.70001220703125,28811
2026-08-27 12:51:00-04:00,314.70001220703125,314.7200012207031,314.5299987792969,314.6400146484375,19600
2026-08-27 12:52:00-04:00,314.7799987792969,314.7850036621094,314.6400146484375,314.70001220703125,20953
2026-08-27 12:53:00-04:00,315.05999755859375,315.17999267578125,314.7699890136719,314.7850036621094,83146
2026-08-27 12:54:00-04:00,315.0639953613281,315.1814880371094,315.0400085449219,315.05999755859375,39570
2026-08-27 12:55:00-04:00,314.95599365234375,315.07501220703125,314.95001220703125,315.0450134277344,29956
2026-08-27 12:56:00-04:00,315.04998779296875,315.0740051269531,314.94500732421875,314.95001220703125,20625
2026-08-27 12:57:00-04:00,314.9222106933594,315.1199951171875,314.8500061035156,315.0600891113281,44398
2026-08-27 12:58:00-04:00,315.04010009765625,315.0799865722656,314.9200134277344,314.92999267578125,22102
2026-08-27 12:59:00-04:00,315.0,315.04998779296875,314.93499755859375,315.03570556640625,18661
2026-08-27 13:00:00-04:00,314.9649963378906,315.05999755859375,314.94000244140625,315.0299987792969,21666
2026-08-27 13:01:00-04:00,314.88470458984375,315.0,314.8599853515625,314.9700012207031,30327
2026-08-27 13:02:00-04:00,314.82000732421875,314.94500732421875,314.82000732421875,314.8973083496094,24306
2026-08-27 13:03:00-04:00,314.875,314.875,314.75,314.81500244140625,22036
2026-08-27 13:04:00-04:00,314.864990234375,314.9200134277344,314.8349914550781,314.8800048828125,23381
2026-08-27 13:05:00-04:00,314.8349914550781,314.864990234375,314.7799987792969,314.864990234375,48854
2026-08-27 13:06:00-04:00,314.7900085449219,314.8399963378906,314.739990234375,314.82501220703125,16451
2026-08-27 13:07:00-04:00,314.864990234375,314.8900146484375,314.7799987792969,314.7900085449219,16375
2026-08-27 13:08:00-04:00,315.30999755859375,315.30999755859375,314.8599853515625,314.8599853515625,71105
2026-08-27 13:09:00-04:00,315.2298889160156,315.29998779296875,315.17999267578125,315.29998779296875,34095
2026-08-27 13:10:00-04:00,315.2250061035156,315.2699890136719,315.19000244140625,315.2300109863281,14948
2026-08-27 13:11:00-04:00,315.2699890136719,315.2900085449219,315.19000244140625,315.2349853515625,31645
2026-08-27 13:12:00-04:00,315.2550048828125,315.3399963378906,315.2300109863281,315.2799987792969,39801
2026-08-27 13:13:00-04:00,314.989990234375,315.2699890136719,314.9649963378906,315.2699890136719,26357
2026-08-27 13:14:00-04:00,314.92999267578125,315.010009765625,314.8800964355469,314.989990234375,24488
2026-08-27 13:15:00-04:00,314.875,314.95001220703125,314.82000732421875,314.92999267578125,27208
2026-08-27 13:16:00-04:00,315.0466003417969,315.1050109863281,314.8450012207031,314.875,35380
2026-08-27 13:17:00-04:00,315.1099853515625,315.2099914550781,315.05999755859375,315.1000061035156,39502
2026-08-27 13:18:00-04:00,315.17999267578125,315.19000244140625,315.04998779296875,315.1199035644531,25892
2026-08-27 13:19:00-04:00,315.2250061035156,315.239990234375,315.1499938964844,315.17498779296875,28493
2026-08-27 13:20:00-04:00,315.16009521484375,315.2799987792969,315.1499938964844,315.2200012207031,78477
2026-08-27 13:21:00-04:00,315.32000732421875,315.3500061035156,315.1300048828125,315.1860046386719,31023
2026-08-27 13:22:00-04:00,315.30499267578125,315.3450012207031,315.19000244140625,315.3399963378906,42694
2026-08-27 13:23:00-04:00,315.32989501953125,315.3999938964844,315.2850036621094,315.29998779296875,39737
2026-08-27 13:24:00-04:00,315.0150146484375,315.2900085449219,315.010009765625,315.2799987792969,25885
2026-08-27 13:25:00-04:00,315.1549987792969,315.2900085449219,314.9849853515625,315.0299987792969,31043
2026-08-27 13:26:00-04:00,315.1099853515625,315.1600036621094,315.05999755859375,315.1499938964844,25394
2026-08-27 13:27:00-04:00,315.2200012207031,315.239990234375,315.1159973144531,315.1159973144531,22350
2026-08-27 13:28:00-04:00,315.2601013183594,315.2699890136719,315.19000244140625,315.2200012207031,23328
2026-08-27 13:29:00-04:00,315.2699890136719,315.2699890136719,315.1499938964844,315.25,37456
2026-08-27 13:30:00-04:00,315.2900085449219,315.3399963378906,315.19000244140625,315.2799987792969,32949
2026-08-27 13:31:00-04:00,315.17999267578125,315.2900085449219,315.1700134277344,315.2900085449219,30207
2026-08-27 13:32:00-04:00,315.1000061035156,315.30999755859375,315.0806884765625,315.19000244140625,25876
2026-08-27 13:33:00-04:00,315.06500244140625,315.1650085449219,315.04998779296875,315.07000732421875,22109
2026-08-27 13:34:00-04:00,314.8900146484375,315.04998779296875,314.8700866699219,315.04998779296875,33491
2026-08-27 13:35:00-04:00,314.8349914550781,314.9200134277344,314.82000732421875,314.885009765625,34060
2026-08-27 13:36:00-04:00,314.7650146484375,314.8699951171875,314.7101135253906,314.8399963378906,32188
2026-08-27 13:37:00-04:00,314.7099914550781,314.79998779296875,314.6499938964844,314.7799987792969,28904
2026-08-27 13:38:00-04:00,314.6000061035156,314.7200012207031,314.6000061035156,314.7099914550781,16082
2026-08-27 13:39:00-04:00,314.5400085449219,314.6300048828125,314.5,314.5899963378906,32117
2026-08-27 13:40:00-04:00,314.5350036621094,314.55999755859375,314.4949951171875,314.5299987792969,26677
2026-08-27 13:41:00-04:00,314.7200012207031,314.7300109863281,314.489990234375,314.5350036621094,38877
2026-08-27 13:42:00-04:00,314.7699890136719,314.80999755859375,314.6700134277344,314.7300109863281,30172
2026-08-27 13:43:00-04:00,314.9200134277344,314.94000244140625,314.75,314.75,20709
2026-08-27 13:44:00-04:00,314.6899108886719,314.9800109863281,314.6499938964844,314.9200134277344,26168
2026-08-27 13:45:00-04:00,314.6499938964844,314.69000244140625,314.6199951171875,314.69000244140625,19974
2026-08-27 13:46:00-04:00,314.7550048828125,314.7900085449219,314.6300048828125,314.6400146484375,20416
2026-08-27 13:47:00-04:00,314.75,314.80999755859375,314.7099914550781,314.760009765625,21908
2026-08-27 13:48:00-04:00,314.8299865722656,314.8999938964844,314.7309875488281,314.760009765625,28004
2026-08-27 13:49:00-04:00,314.82501220703125,314.8800048828125,314.80999755859375,314.8299865722656,24054
2026-08-27 13:50:00-04:00,314.7149963378906,314.8599853515625,314.70001220703125,314.8399963378906,21229
2026-08-27 13:51:00-04:00,314.6650085449219,314.7300109863281,314.6400146484375,314.7149963378906,20256
2026-08-27 13:52:00-04:00,314.760009765625,314.760009765625,314.6820068359375,314.69000244140625,19407
2026-08-27 13:53:00-04:00,314.625,314.79998779296875,314.625,314.7950134277344,20766
2026-08-27 13:54:00-04:00,314.7650146484375,314.7699890136719,314.6199951171875,314.6499938964844,38208
2026-08-27 13:55:00-04:00,314.92498779296875,314.9800109863281,314.75,314.7546081542969,66910
2026-08-27 13:56:00-04:00,314.92999267578125,315.0299987792969,314.79998779296875,314.92498779296875,66691
2026-08-27 13:57:00-04:00,314.82501220703125,314.9549865722656,314.7200012207031,314.9256896972656,43730
2026-08-27 13:58:00-04:00,314.8399963378906,314.8599853515625,314.78009033203125,314.8299865722656,12584
2026-08-27 13:59:00-04:00,314.82501220703125,314.8800048828125,314.739990234375,314.8450012207031,19036
2026-08-27 14:00:00-04:00,314.7099914550781,314.9100036621094,314.6199951171875,314.8500061035156,23243
2026-08-27 14:01:00-04:00,314.5199890136719,314.7300109863281,314.489990234375,314.7099914550781,35317
2026-08-27 14:02:00-04:00,314.44500732421875,314.6000061035156,314.4200134277344,314.5199890136719,36452
2026-08-27 14:03:00-04:00,314.45001220703125,314.4700012207031,314.3900146484375,314.44000244140625,21206
2026-08-27 14:04:00-04:00,314.2300109863281,314.42999267578125,314.2101135253906,314.42999267578125,30139
2026-08-27 14:05:00-04:00,314.260009765625,314.3900146484375,314.19000244140625,314.2250061035156,24714
2026-08-27 14:06:00-04:00,314.25830078125,314.2900085449219,314.20001220703125,314.260009765625,25388
2026-08-27 14:07:00-04:00,314.20001220703125,314.2650146484375,314.1099853515625,314.260009765625,25620
2026-08-27 14:08:00-04:00,314.30999755859375,314.3973083496094,314.2099914550781,314.2099914550781,24346
2026-08-27 14:09:00-04:00,314.3699951171875,314.3800048828125,314.17999267578125,314.29998779296875,18902
2026-08-27 14:10:00-04:00,314.3299865722656,314.4100036621094,314.24261474609375,314.3699951171875,25555
2026-08-27 14:11:00-04:00,314.31500244140625,314.36968994140625,314.25,314.3299865722656,19163
2026-08-27 14:12:00-04:00,314.2799987792969,314.3299865722656,314.2099914550781,314.30999755859375,30621
2026-08-27 14:13:00-04:00,314.2900085449219,314.3500061035156,314.2149963378906,314.29998779296875,27431
2026-08-27 14:14:00-04:00,314.3299865722656,314.3399963378906,314.20001220703125,314.2699890136719,20517
2026-08-27 14:15:00-04:00,314.2099914550781,314.3349914550781,314.17999267578125,314.3349914550781,29702
2026-08-27 14:16:00-04:00,314.18499755859375,314.2250061035156,314.1000061035156,314.2200012207031,28957
2026-08-27 14:17:00-04:00,314.114990234375,314.20001220703125,314.1000061035156,314.17999267578125,34296
2026-08-27 14:18:00-04:00,314.3200988769531,314.3599853515625,314.114990234375,314.114990234375,27661
2026-08-27 14:19:00-04:00,314.32000732421875,314.3999938964844,314.2582092285156,314.3399963378906,31429
2026-08-27 14:20:00-04:00,314.30999755859375,314.364990234375,314.2650146484375,314.32000732421875,19397
2026-08-27 14:21:00-04:00,314.2200012207031,314.30999755859375,314.19000244140625,314.2799987792969,19543
2026-08-27 14:22:00-04:00,314.21990966796875,314.2699890136719,314.20001220703125,314.2300109863281,22257
2026-08-27 14:23:00-04:00,314.1300048828125,314.2200012207031,314.07000732421875,314.1900939941406,28520
2026-08-27 14:24:00-04:00,314.2054138183594,314.239990234375,314.10009765625,314.1199951171875,19775
2026-08-27 14:25:00-04:00,314.2099914550781,314.2898864746094,314.0899963378906,314.2099914550781,34336
2026-08-27 14:26:00-04:00,314.1199951171875,314.2699890136719,314.1199951171875,314.2049865722656,27438
2026-08-27 14:27:00-04:00,314.19000244140625,314.2398986816406,314.05999755859375,314.125,34680
2026-08-27 14:28:00-04:00,314.1549987792969,314.2200012207031,314.1000061035156,314.20001220703125,24251
2026-08-27 14:29:00-04:00,314.17999267578125,314.18499755859375,313.9934997558594,314.1600036621094,31707
2026-08-27 14:30:00-04:00,314.10400390625,314.2200012207031,314.1000061035156,314.20001220703125,24542
2026-08-27 14:31:00-04:00,314.1994934082031,314.2300109863281,314.1199951171875,314.1400146484375,29528
2026-08-27 14:32:00-04:00,314.1199951171875,314.2200012207031,314.0299987792969,314.19000244140625,20218
2026-08-27 14:33:00-04:00,313.9800109863281,314.1400146484375,313.9700012207031,314.1199035644531,26453
2026-08-27 14:34:00-04:00,313.9200134277344,314.0,313.8800048828125,314.0,27954
2026-08-27 14:35:00-04:00,314.0249938964844,314.05499267578125,313.8599853515625,313.9200134277344,27026
2026-08-27 14:36:00-04:00,314.0400085449219,314.07000732421875,313.92999267578125,314.010009765625,22636
2026-08-27 14:37:00-04:00,314.19891357421875,314.19891357421875,314.010009765625,314.04998779296875,28817
2026-08-27 14:38:00-04:00,314.4100036621094,314.4100036621094,314.20001220703125,314.20001220703125,36452
2026-08-27 14:39:00-04:00,314.3900146484375,314.44000244140625,314.32000732421875,314.4100036621094,25173
2026-08-27 14:40:00-04:00,314.4599914550781,314.4649963378906,314.3699951171875,314.389892578125,21895
2026-08-27 14:41:00-04:00,314.3299865722656,314.4800109863281,314.32000732421875,314.44000244140625,23874
2026-08-27 14:42:00-04:00,314.30999755859375,314.4200134277344,314.2699890136719,314.3500061035156,23585
2026-08-27 14:43:00-04:00,314.239990234375,314.32000732421875,314.1600036621094,314.30499267578125,14828
2026-08-27 14:44:00-04:00,314.2449951171875,314.2900085449219,314.2099914550781,314.239990234375,18279
2026-08-27 14:45:00-04:00,314.42010498046875,314.54998779296875,314.2349853515625,314.25,34105
2026-08-27 14:46:00-04:00,314.5000915527344,314.5870056152344,314.4100036621094,314.42999267578125,30945
2026-08-27 14:47:00-04:00,314.4649963378906,314.55999755859375,314.42999267578125,314.5299987792969,39188
2026-08-27 14:48:00-04:00,314.42999267578125,314.5299987792969,314.42498779296875,314.489990234375,15950
2026-08-27 14:49:00-04:00,314.2699890136719,314.4649963378906,314.2601013183594,314.42498779296875,31785
2026-08-27 14:50:00-04:00,314.1199951171875,314.2850036621094,314.0979919433594,314.2699890136719,39650
2026-08-27 14:51:00-04:00,314.0400085449219,314.1400146484375,314.0199890136719,314.1000061035156,27160
2026-08-27 14:52:00-04:00,313.8450012207031,314.0400085449219,313.760009765625,314.0400085449219,52694
2026-08-27 14:53:00-04:00,313.7528076171875,313.8598937988281,313.739990234375,313.8598937988281,29736
2026-08-27 14:54:00-04:00,313.67999267578125,313.739990234375,313.610107421875,313.739990234375,49223
2026-08-27 14:55:00-04:00,313.80950927734375,313.80950927734375,313.57000732421875,313.6600036621094,30539
2026-08-27 14:56:00-04:00,313.70001220703125,313.80999755859375,313.64471435546875,313.80499267578125,27992
2026-08-27 14:57:00-04:00,313.8999938964844,313.9200134277344,313.69000244140625,313.69000244140625,28297
2026-08-27 14:58:00-04:00,313.8399963378906,313.92999267578125,313.7799987792969,313.8949890136719,19705
2026-08-27 14:59:00-04:00,313.8794860839844,313.8999938964844,313.79998779296875,313.82000732421875,30247
2026-08-27 15:00:00-04:00,314.0299072265625,314.06988525390625,313.79998779296875,313.8500061035156,39342
2026-08-27 15:01:00-04:00,313.8999938964844,314.0799865722656,313.8999938964844,314.0299987792969,29485
2026-08-27 15:02:00-04:00,313.6700134277344,313.8999938964844,313.6499938964844,313.8900146484375,29703
2026-08-27 15:03:00-04:00,313.8800048828125,313.92498779296875,313.6499938964844,313.69500732421875,64773
2026-08-27 15:04:00-04:00,313.9601135253906,314.06500244140625,313.8500061035156,313.8800048828125,23759
2026-08-27 15:05:00-04:00,313.9700012207031,314.0400085449219,313.885009765625,313.9800109863281,40293
2026-08-27 15:06:00-04:00,313.8450012207031,314.0,313.80999755859375,313.9800109863281,25407
2026-08-27 15:07:00-04:00,313.8900146484375,313.9649963378906,313.8500061035156,313.8500061035156,26680
2026-08-27 15:08:00-04:00,314.0751037597656,314.0899963378906,313.8800048828125,313.8800048828125,19599
2026-08-27 15:09:00-04:00,314.1000061035156,314.20001220703125,314.07080078125,314.0899963378906,30915
2026-08-27 15:10:00-04:00,314.05999755859375,314.19000244140625,314.05999755859375,314.1000061035156,32372
2026-08-27 15:11:00-04:00,314.1199951171875,314.19000244140625,314.04998779296875,314.05999755859375,29681
2026-08-27 15:12:00-04:00,314.1499938964844,314.17999267578125,314.0400085449219,314.1000061035156,28508
2026-08-27 15:13:00-04:00,314.2799987792969,314.3399963378906,314.1325988769531,314.1600036621094,22759
2026-08-27 15:14:00-04:00,314.2099914550781,314.3800048828125,314.17999267578125,314.2900085449219,31755
2026-08-27 15:15:00-04:00,314.2200012207031,314.2699890136719,314.1400146484375,314.25,31237
2026-08-27 15:16:00-04:00,314.1400146484375,314.29998779296875,314.1400146484375,314.2398986816406,32378
2026-08-27 15:17:00-04:00,314.0799865722656,314.19500732421875,314.05499267578125,314.1300048828125,27688
2026-08-27 15:18:00-04:00,314.125,314.17999267578125,314.07000732421875,314.0736083984375,28091
2026-08-27 15:19:00-04:00,314.2200012207031,314.2200012207031,314.0450134277344,314.125,28526
2026-08-27 15:20:00-04:00,314.0851135253906,314.2179870605469,314.0849914550781,314.2149963378906,37677
2026-08-27 15:21:00-04:00,314.0299987792969,314.139892578125,313.93499755859375,314.08599853515625,59753
2026-08-27 15:22:00-04:00,313.85888671875,314.04998779296875,313.8299865722656,314.0249938964844,43187
2026-08-27 15:23:00-04:00,313.739990234375,313.8599853515625,313.7200012207031,313.8599853515625,37871
2026-08-27 15:24:00-04:00,313.6700134277344,313.75,313.6000061035156,313.75,49248
2026-08-27 15:25:00-04:00,313.6400146484375,313.7073974609375,313.57000732421875,313.67498779296875,36199
2026-08-27 15:26:00-04:00,313.55999755859375,313.7200012207031,313.55999755859375,313.635009765625,31783
2026-08-27 15:27:00-04:00,313.5150146484375,313.6449890136719,313.4700012207031,313.57000732421875,40509
2026-08-27 15:28:00-04:00,313.4739074707031,313.5400085449219,313.44500732421875,313.5199890136719,34172
2026-08-27 15:29:00-04:00,313.57000732421875,313.5899963378906,313.4515075683594,313.4800109863281,42958
2026-08-27 15:30:00-04:00,313.6099853515625,313.7200012207031,313.55999755859375,313.5799865722656,38892
2026-08-27 15:31:00-04:00,313.6400146484375,313.6700134277344,313.55999755859375,313.614990234375,33703
2026-08-27 15:32:00-04:00,313.6000061035156,313.6499938964844,313.5299987792969,313.6199951171875,28602
2026-08-27 15:33:00-04:00,313.5950012207031,313.7101135253906,313.56500244140625,313.6050109863281,28011
2026-08-27 15:34:00-04:00,313.635009765625,313.67999267578125,313.55999755859375,313.6000061035156,31378
2026-08-27 15:35:00-04:00,313.5199890136719,313.6499938964844,313.4700012207031,313.635009765625,35335
2026-08-27 15:36:00-04:00,313.4150085449219,313.5249938964844,313.3699951171875,313.5198974609375,39634
2026-08-27 15:37:00-04:00,313.5150146484375,313.54998779296875,313.4150085449219,313.4150085449219,34716
2026-08-27 15:38:00-04:00,313.4800109863281,313.57000732421875,313.4200134277344,313.5150146484375,37033
2026-08-27 15:39:00-04:00,313.6400146484375,313.67999267578125,313.4849853515625,313.4849853515625,30188
2026-08-27 15:40:00-04:00,313.6600036621094,313.7200012207031,313.6000061035156,313.6300048828125,34346
2026-08-27 15:41:00-04:00,313.7300109863281,313.7699890136719,313.55499267578125,313.69000244140625,57285
2026-08-27 15:42:00-04:00,313.7099914550781,313.7477111816406,313.69000244140625,313.7300109863281,27677
2026-08-27 15:43:00-04:00,313.7699890136719,313.7850036621094,313.6099853515625,313.69000244140625,42329
2026-08-27 15:44:00-04:00,313.8900146484375,313.8999938964844,313.7099914550781,313.7900085449219,41161
2026-08-27 15:45:00-04:00,313.93499755859375,313.94000244140625,313.7699890136719,313.8800048828125,46595
2026-08-27 15:46:00-04:00,313.92498779296875,313.989990234375,313.8810119628906,313.9393005371094,34434
2026-08-27 15:47:00-04:00,313.95989990234375,314.0299987792969,313.9100036621094,313.9165954589844,35826
2026-08-27 15:48:00-04:00,314.0199890136719,314.04998779296875,313.86968994140625,313.95989990234375,38984
2026-08-27 15:49:00-04:00,314.0299987792969,314.0350036621094,313.9495849609375,314.0198974609375,356090
2026-08-27 15:50:00-04:00,314.05999755859375,314.07000732421875,313.80010986328125,314.0199890136719,86945
2026-08-27 15:51:00-04:00,314.20001220703125,314.2300109863281,314.05999755859375,314.05999755859375,88403
2026-08-27 15:52:00-04:00,314.44000244140625,314.44000244140625,314.1600036621094,314.20001220703125,81954
2026-08-27 15:53:00-04:00,314.6300048828125,314.6700134277344,314.42999267578125,314.42999267578125,87800
2026-08-27 15:54:00-04:00,314.8818054199219,314.9800109863281,314.5586853027344,314.6300048828125,195512
2026-08-27 15:55:00-04:00,314.70001220703125,315.0899963378906,314.5400085449219,314.8800048828125,235355
2026-08-27 15:56:00-04:00,314.8550109863281,314.8599853515625,314.6549987792969,314.70001220703125,153430
2026-08-27 15:57:00-04:00,314.6449890136719,314.94000244140625,314.5899963378906,314.8599853515625,232313
2026-08-27 15:58:00-04:00,314.54400634765625,314.760009765625,314.5299987792969,314.6499938964844,347901
2026-08-27 15:59:00-04:00,314.57501220703125,314.70001220703125,314.42999267578125,314.54998779296875,748902
2026-08-28 09:30:00-04:00,316.260009765625,317.67999267578125,315.5,317.0880126953125,1476247
2026-08-28 09:31:00-04:00,316.8349914550781,317.114990234375,315.989990234375,316.1099853515625,133646
2026-08-28 09:32:00-04:00,317.33990478515625,317.3399963378906,316.5,316.7699890136719,102990
2026-08-28 09:33:00-04:00,317.7099914550781,317.79998779296875,317.1499938964844,317.32000732421875,172187
2026-08-28 09:34:00-04:00,317.6549987792969,318.0299987792969,317.5400085449219,317.70001220703125,198882
2026-08-28 09:35:00-04:00,317.8450012207031,317.9700012207031,317.2099914550781,317.6700134277344,117313
2026-08-28 09:36:00-04:00,317.6705017089844,318.1300048828125,317.6319885253906,317.8450012207031,138106
2026-08-28 09:37:00-04:00,317.79998779296875,317.9599914550781,317.6199951171875,317.6700134277344,158768
2026-08-28 09:38:00-04:00,317.30499267578125,317.79339599609375,317.0199890136719,317.7900085449219,86717
2026-08-28 09:39:00-04:00,317.17999267578125,317.45001220703125,317.07000732421875,317.3599853515625,54008
2026-08-28 09:40:00-04:00,316.94000244140625,317.19000244140625,316.7200012207031,317.19000244140625,102644
2026-08-28 09:41:00-04:00,317.0799865722656,317.18499755859375,316.94000244140625,316.9700012207031,67566
2026-08-28 09:42:00-04:00,317.29998779296875,317.32501220703125,316.85101318359375,317.07501220703125,73643
2026-08-28 09:43:00-04:00,317.3599853515625,317.4599914550781,317.17999267578125,317.2900085449219,73114
2026-08-28 09:44:00-04:00,317.32000732421875,317.4649963378906,317.1199951171875,317.38409423828125,62501
2026-08-28 09:45:00-04:00,316.3349914550781,317.3699951171875,315.8999938964844,317.2825012207031,178629
2026-08-28 09:46:00-04:00,315.875,316.33990478515625,315.55419921875,316.3349914550781,118633
2026-08-28 09:47:00-04:00,315.9999084472656,315.9999084472656,315.54998779296875,315.8699951171875,111558
2026-08-28 09:48:00-04:00,316.32000732421875,316.45989990234375,315.80999755859375,315.95001220703125,95171
2026-08-28 09:49:00-04:00,315.8700866699219,316.2900085449219,315.760009765625,316.2900085449219,84256
2026-08-28 09:50:00-04:00,315.6050109863281,315.9100036621094,315.5050048828125,315.8699951171875,63437
2026-08-28 09:51:00-04:00,315.82989501953125,315.8500061035156,315.4504089355469,315.6000061035156,75096
2026-08-28 09:52:00-04:00,315.8550109863281,315.9288024902344,315.6000061035156,315.7950134277344,63832
2026-08-28 09:53:00-04:00,315.94940185546875,316.0,315.7699890136719,315.8399963378906,54775
2026-08-28 09:54:00-04:00,316.2001037597656,316.42999267578125,315.9200134277344,315.95001220703125,81559
2026-08-28 09:55:00-04:00,315.8800048828125,316.3699951171875,315.8599853515625,316.2380065917969,54137
2026-08-28 09:56:00-04:00,315.9100036621094,316.1206970214844,315.70001220703125,315.8999938964844,56721
2026-08-28 09:57:00-04:00,315.94000244140625,316.06500244140625,315.7672119140625,315.8999938964844,43274
2026-08-28 09:58:00-04:00,316.3599853515625,316.3599853515625,315.9200134277344,315.94000244140625,48713
2026-08-28 09:59:00-04:00,316.7799987792969,316.8699951171875,316.29620361328125,316.3699951171875,133363
2026-08-28 10:00:00-04:00,317.0,317.1199035644531,316.44000244140625,316.7699890136719,97851
2026-08-28 10:01:00-04:00,316.4549865722656,317.0,316.45001220703125,316.989990234375,95473
2026-08-28 10:02:00-04:00,316.6000061035156,316.82000732421875,316.2149963378906,316.489990234375,67148
2026-08-28 10:03:00-04:00,316.5398864746094,316.69000244140625,316.4599914550781,316.5799865722656,61212
2026-08-28 10:04:00-04:00,316.7850036621094,316.8349914550781,316.3900146484375,316.4515075683594,45457
2026-08-28 10:05:00-04:00,316.72259521484375,316.9649963378906,316.7099914550781,316.7850036621094,57293
2026-08-28 10:06:00-04:00,316.57000732421875,316.94000244140625,316.5,316.7099914550781,88338
2026-08-28 10:07:00-04:00,316.5799865722656,316.5899963378906,316.2449951171875,316.57501220703125,37878
2026-08-28 10:08:00-04:00,316.6792907714844,316.7099914550781,316.489990234375,316.6099853515625,41139
2026-08-28 10:09:00-04:00,316.80999755859375,316.95001220703125,316.6400146484375,316.6700134277344,42303
2026-08-28 10:10:00-04:00,316.55499267578125,316.9200134277344,316.5199890136719,316.80499267578125,50486
2026-08-28 10:11:00-04:00,316.2699890136719,316.57000732421875,316.1400146484375,316.57000732421875,47360
2026-08-28 10:12:00-04:00,316.1505126953125,316.4200134277344,316.1505126953125,316.30999755859375,26965
2026-08-28 10:13:00-04:00,316.2099914550781,316.4057922363281,316.04998779296875,316.20989990234375,38687
2026-08-28 10:14:00-04:00,316.5,316.5199890136719,316.2300109863281,316.2300109863281,46921
2026-08-28 10:15:00-04:00,316.30499267578125,316.4999084472656,316.2900085449219,316.4601135253906,38346
2026-08-28 10:16:00-04:00,316.2300109863281,316.4800109863281,316.1820068359375,316.31500244140625,43835
2026-08-28 10:17:00-04:00,316.2149963378906,316.29998779296875,316.1814880371094,316.2300109863281,32259
2026-08-28 10:18:00-04:00,316.8299865722656,316.8299865722656,316.16259765625,316.20001220703125,55586
2026-08-28 10:19:00-04:00,316.80499267578125,316.8999938964844,316.69000244140625,316.8399963378906,58452
2026-08-28 10:20:00-04:00,316.82000732421875,317.0899963378906,316.82000732421875,316.8299865722656,119592
2026-08-28 10:21:00-04:00,317.0400085449219,317.05999755859375,316.82000732421875,316.8594970703125,43969
2026-08-28 10:22:00-04:00,317.0,317.1780090332031,316.92999267578125,317.0299987792969,62736
2026-08-28 10:23:00-04:00,316.8699951171875,317.05999755859375,316.7078857421875,317.010009765625,45393
2026-08-28 10:24:00-04:00,317.0168151855469,317.05999755859375,316.6000061035156,316.8599853515625,45932
2026-08-28 10:25:00-04:00,316.6549987792969,317.0400085449219,316.6099853515625,317.010009765625,57481
2026-08-28 10:26:00-04:00,316.6199951171875,316.7300109863281,316.4150085449219,316.6400146484375,359348
2026-08-28 10:27:00-04:00,316.260009765625,316.67999267578125,316.1700134277344,316.6199951171875,74450
2026-08-28 10:28:00-04:00,316.45001220703125,316.5899963378906,316.2300109863281,316.2900085449219,57192
2026-08-28 10:29:00-04:00,316.7250061035156,316.80999755859375,316.4700012207031,316.4750061035156,53656
2026-08-28 10:30:00-04:00,316.80499267578125,316.8299865722656,316.5199890136719,316.7250061035156,46910
2026-08-28 10:31:00-04:00,317.010009765625,317.09991455078125,316.739990234375,316.7890930175781,73195
2026-08-28 10:32:00-04:00,316.82000732421875,317.0199890136719,316.760009765625,317.0195007324219,46633
2026-08-28 10:33:00-04:00,316.95001220703125,317.0150146484375,316.7803955078125,316.8800048828125,38278
2026-08-28 10:34:00-04:00,317.0450134277344,317.04998779296875,316.8299865722656,316.951904296875,28636
2026-08-28 10:35:00-04:00,317.3349914550781,317.4100036621094,317.0201110839844,317.0201110839844,84584
2026-08-28 10:36:00-04:00,317.5400085449219,317.57000732421875,317.3215026855469,317.3599853515625,91319
2026-08-28 10:37:00-04:00,317.6799011230469,317.7900085449219,317.5303955078125,317.54998779296875,83385
2026-08-28 10:38:00-04:00,317.6099853515625,317.7799987792969,317.45098876953125,317.67999267578125,189777
2026-08-28 10:39:00-04:00,317.5400085449219,317.760009765625,317.5000915527344,317.6099853515625,59828
2026-08-28 10:40:00-04:00,317.69000244140625,317.7099914550781,317.510009765625,317.5400085449219,73758
2026-08-28 10:41:00-04:00,318.1300048828125,318.1499938964844,317.67010498046875,317.67010498046875,136303
2026-08-28 10:42:00-04:00,318.0849914550781,318.135009765625,317.914306640625,318.1299133300781,87971
2026-08-28 10:43:00-04:00,318.4599914550781,318.4599914550781,318.0000915527344,318.1099853515625,157826
2026-08-28 10:44:00-04:00,319.4700012207031,319.57501220703125,318.44000244140625,318.4800109863281,547635
2026-08-28 10:45:00-04:00,319.2699890136719,319.739990234375,319.15008544921875,319.4800109863281,296231
2026-08-28 10:46:00-04:00,319.1300048828125,319.4800109863281,319.0,319.2699890136719,254360
2026-08-28 10:47:00-04:00,318.70001220703125,319.1650085449219,318.67498779296875,319.1099853515625,158612
2026-08-28 10:48:00-04:00,319.2200012207031,319.3500061035156,318.5899963378906,318.70001220703125,136715
2026-08-28 10:49:00-04:00,319.2200012207031,319.3900146484375,319.1200866699219,319.2300109863281,84541
2026-08-28 10:50:00-04:00,319.04998779296875,319.239990234375,318.94000244140625,319.2099914550781,96986
2026-08-28 10:51:00-04:00,319.57000732421875,319.6000061035156,319.04998779296875,319.07000732421875,85866
2026-08-28 10:52:00-04:00,319.8699951171875,320.0299987792969,319.5299987792969,319.57000732421875,300515
2026-08-28 10:53:00-04:00,320.135009765625,320.1400146484375,319.8110046386719,319.8953857421875,130463
2026-08-28 10:54:00-04:00,320.0199890136719,320.2998962402344,319.92498779296875,320.1300964355469,126667
2026-08-28 10:55:00-04:00,320.1300048828125,320.17999267578125,319.95001220703125,320.02508544921875,97503
2026-08-28 10:56:00-04:00,320.260009765625,320.3800048828125,320.1050109863281,320.125,202872
2026-08-28 10:57:00-04:00,320.3699951171875,320.3999938964844,320.2200012207031,320.260009765625,99463
2026-08-28 10:58:00-04:00,320.7080078125,320.7789001464844,320.3500061035156,320.3599853515625,126146
2026-08-28 10:59:00-04:00,320.7099914550781,320.7496032714844,320.38018798828125,320.71990966796875,104367
2026-08-28 11:00:00-04:00,320.8500061035156,321.0899963378906,320.5545959472656,320.7099914550781,171024
2026-08-28 11:01:00-04:00,320.8900146484375,320.9049987792969,320.4599914550781,320.8450012207031,119417
2026-08-28 11:02:00-04:00,320.9100036621094,321.2099914550781,320.7170104980469,320.9150085449219,191744
2026-08-28 11:03:00-04:00,321.0473937988281,321.0473937988281,320.6499938964844,320.9100036621094,155977
2026-08-28 11:04:00-04:00,321.2149963378906,321.260009765625,320.8999938964844,321.0150146484375,154332
2026-08-28 11:05:00-04:00,321.0799865722656,321.2701110839844,320.96319580078125,321.2149963378906,93797
2026-08-28 11:06:00-04:00,321.06451416015625,321.3399963378906,321.0199890136719,321.1099853515625,178471
2026-08-28 11:07:00-04:00,320.6000061035156,321.2699890136719,320.598388671875,321.0450134277344,162991
2026-08-28 11:08:00-04:00,320.19000244140625,320.6400146484375,320.1199951171875,320.6199951171875,149962
2026-08-28 11:09:00-04:00,320.55499267578125,320.57501220703125,320.1300048828125,320.1745910644531,106485
2026-08-28 11:10:00-04:00,320.510009765625,320.6199951171875,320.260009765625,320.56500244140625,70655
2026-08-28 11:11:00-04:00,320.30999755859375,320.5150146484375,320.0299987792969,320.510009765625,72494
2026-08-28 11:12:00-04:00,320.5299987792969,320.54998779296875,320.2200012207031,320.2799987792969,82438
2026-08-28 11:13:00-04:00,320.55499267578125,320.69000244140625,320.3699951171875,320.5400085449219,117822
2026-08-28 11:14:00-04:00,320.8500061035156,320.989990234375,320.5299987792969,320.6050109863281,98088
2026-08-28 11:15:00-04:00,321.1199951171875,321.29998779296875,320.7998962402344,320.7998962402344,113378
2026-08-28 11:16:00-04:00,320.9800109863281,321.3800048828125,320.9100036621094,321.1405029296875,120709
2026-08-28 11:17:00-04:00,321.1700134277344,321.239990234375,320.79998779296875,320.9750061035156,144102
2026-08-28 11:18:00-04:00,321.32000732421875,321.3500061035156,321.1000061035156,321.1400146484375,75781
2026-08-28 11:19:00-04:00,321.1449890136719,321.3999938964844,321.0,321.29998779296875,71220
2026-08-28 11:20:00-04:00,321.0450134277344,321.25,320.9700012207031,321.16009521484375,47387
2026-08-28 11:21:00-04:00,321.0400085449219,321.09600830078125,320.91009521484375,321.0299987792969,69414
2026-08-28 11:22:00-04:00,321.07000732421875,321.1400146484375,320.9700012207031,321.04998779296875,55172
2026-08-28 11:23:00-04:00,321.239990234375,321.2699890136719,320.9800109863281,321.05609130859375,73580
2026-08-28 11:24:00-04:00,321.489990234375,321.6299133300781,321.25,321.25,128154
2026-08-28 11:25:00-04:00,321.7650146484375,321.8699951171875,321.4949951171875,321.4949951171875,115435
2026-08-28 11:26:00-04:00,321.7749938964844,321.8999938964844,321.6099853515625,321.7695007324219,67230
2026-08-28 11:27:00-04:00,321.6000061035156,321.8399963378906,321.54998779296875,321.7749938964844,114243
2026-08-28 11:28:00-04:00,321.5299987792969,321.6700134277344,321.4200134277344,321.6099853515625,77837
2026-08-28 11:29:00-04:00,321.94000244140625,322.0299987792969,321.5,321.5108947753906,146451
2026-08-28 11:30:00-04:00,322.1499938964844,322.20001220703125,321.8399963378906,321.9549865722656,88351
2026-08-28 11:31:00-04:00,322.2414855957031,322.3500061035156,321.8847961425781,322.1449890136719,127020
2026-08-28 11:32:00-04:00,322.18499755859375,322.33990478515625,322.1499938964844,322.2200012207031,68096
2026-08-28 11:33:00-04:00,322.25,322.3399963378906,322.1549987792969,322.16009521484375,75688
2026-08-28 11:34:00-04:00,322.1700134277344,322.3699951171875,322.010009765625,322.260009765625,81516
2026-08-28 11:35:00-04:00,321.95001220703125,322.3500061035156,321.9161071777344,322.19000244140625,82667
2026-08-28 11:36:00-04:00,321.9410095214844,322.0895080566406,321.7699890136719,321.94989013671875,60869
2026-08-28 11:37:00-04:00,321.80999755859375,322.0249938964844,321.739990234375,321.9549865722656,109942
2026-08-28 11:38:00-04:00,321.6300048828125,321.8500061035156,321.6300048828125,321.7950134277344,56657
2026-08-28 11:39:00-04:00,321.510009765625,321.69989013671875,321.4607849121094,321.625,73996
2026-08-28 11:40:00-04:00,321.3699951171875,321.6099853515625,321.3599853515625,321.5199890136719,105511
2026-08-28 11:41:00-04:00,321.625,321.6549987792969,321.3999938964844,321.3999938964844,130316
2026-08-28 11:42:00-04:00,321.4800109863281,321.6300048828125,321.29998779296875,321.6300048828125,80942
2026-08-28 11:43:00-04:00,321.92999267578125,322.0299987792969,321.3900146484375,321.4660949707031,183325
2026-08-28 11:44:00-04:00,321.79998779296875,321.9599914550781,321.6700134277344,321.95709228515625,173272
2026-08-28 11:45:00-04:00,322.07000732421875,322.0899963378906,321.7799987792969,321.80999755859375,88348
2026-08-28 11:46:00-04:00,322.239990234375,322.239990234375,321.9700012207031,322.05999755859375,95858
2026-08-28 11:47:00-04:00,322.05999755859375,322.364990234375,322.010009765625,322.239990234375,92188
2026-08-28 11:48:00-04:00,322.139892578125,322.2279968261719,322.0150146484375,322.0799865722656,78190
2026-08-28 11:49:00-04:00,322.0899963378906,322.17999267578125,322.0400085449219,322.1300048828125,62087
2026-08-28 11:50:00-04:00,321.8699951171875,322.2300109863281,321.8699951171875,322.1000061035156,71105
2026-08-28 11:51:00-04:00,321.7832946777344,321.92950439453125,321.7500915527344,321.8500061035156,82577
2026-08-28 11:52:00-04:00,321.6300048828125,321.82000732421875,321.57501220703125,321.7500915527344,64221
2026-08-28 11:53:00-04:00,321.5799865722656,321.7799072265625,321.510009765625,321.6099853515625,58031
2026-08-28 11:54:00-04:00,321.57000732421875,321.6000061035156,321.3299865722656,321.5400085449219,67504
2026-08-28 11:55:00-04:00,321.135009765625,321.6199035644531,321.1099853515625,321.5899963378906,94910
2026-08-28 11:56:00-04:00,321.2850036621094,321.42999267578125,321.1099853515625,321.1499938964844,76077
2026-08-28 11:57:00-04:00,321.3599853515625,321.42999267578125,321.17999267578125,321.260009765625,87646
2026-08-28 11:58:00-04:00,321.375,321.489990234375,321.2799987792969,321.3599853515625,82016
2026-08-28 11:59:00-04:00,321.4800109863281,321.5,321.2200012207031,321.3699951171875,58793
2026-08-28 12:00:00-04:00,321.7200012207031,321.739990234375,321.5,321.5,95189
2026-08-28 12:01:00-04:00,321.5950012207031,321.70001220703125,321.5199890136719,321.70001220703125,71734
2026-08-28 12:02:00-04:00,321.6499938964844,321.69000244140625,321.3804931640625,321.5899963378906,88910
2026-08-28 12:03:00-04:00,321.7160949707031,321.8599853515625,321.5799865722656,321.6549987792969,43736
2026-08-28 12:04:00-04:00,321.7149963378906,321.82000732421875,321.6700134277344,321.739990234375,35551
2026-08-28 12:05:00-04:00,321.6499938964844,321.7149963378906,321.5899963378906,321.70001220703125,45946
2026-08-28 12:06:00-04:00,321.56500244140625,321.739990234375,321.4200134277344,321.6700134277344,58577
2026-08-28 12:07:00-04:00,321.3999938964844,321.70001220703125,321.3200988769531,321.55999755859375,55314
2026-08-28 12:08:00-04:00,321.3960876464844,321.5,321.3349914550781,321.3900146484375,54516
2026-08-28 12:09:00-04:00,321.30010986328125,321.5,321.30010986328125,321.3900146484375,54788
2026-08-28 12:10:00-04:00,321.3450012207031,321.4200134277344,321.2449951171875,321.32000732421875,70234
2026-08-28 12:11:00-04:00,321.30999755859375,321.4596862792969,321.260009765625,321.3299865722656,50823
2026-08-28 12:12:00-04:00,321.1300048828125,321.3299865722656,321.12078857421875,321.29998779296875,57772
2026-08-28 12:13:00-04:00,321.3399963378906,321.44000244140625,321.1099853515625,321.11138916015625,43576
2026-08-28 12:14:00-04:00,321.6199951171875,321.6799011230469,321.3349914550781,321.3349914550781,69071
2026-08-28 12:15:00-04:00,321.510009765625,321.8523864746094,321.5,321.6300048828125,74567
2026-08-28 12:16:00-04:00,321.4815979003906,321.6099853515625,321.3905029296875,321.489990234375,38915
2026-08-28 12:17:00-04:00,321.19500732421875,321.5400085449219,321.1700134277344,321.5400085449219,44248
2026-08-28 12:18:00-04:00,320.80999755859375,321.19000244140625,320.7749938964844,321.1700134277344,101554
2026-08-28 12:19:00-04:00,321.1000061035156,321.1400146484375,320.67999267578125,320.8059997558594,66735
2026-08-28 12:20:00-04:00,320.7099914550781,321.1000061035156,320.7099914550781,321.1000061035156,76538
2026-08-28 12:21:00-04:00,320.8599853515625,320.92999267578125,320.7099914550781,320.7099914550781,44640
2026-08-28 12:22:00-04:00,320.8999938964844,320.95001220703125,320.75,320.840087890625,48390
2026-08-28 12:23:00-04:00,320.92498779296875,320.95001220703125,320.8399963378906,320.9054870605469,37094
2026-08-28 12:24:00-04:00,320.94000244140625,321.0199890136719,320.5350036621094,320.91009521484375,111514
2026-08-28 12:25:00-04:00,320.9150085449219,321.0249938964844,320.8299865722656,320.9599914550781,41035
2026-08-28 12:26:00-04:00,320.7650146484375,320.92999267578125,320.7101135253906,320.8900146484375,42303
2026-08-28 12:27:00-04:00,320.82000732421875,320.8699951171875,320.7500915527344,320.7650146484375,48240
2026-08-28 12:28:00-04:00,320.70001220703125,320.989990234375,320.5899963378906,320.8160095214844,43116
2026-08-28 12:29:00-04:00,320.9700012207031,320.9700012207031,320.69000244140625,320.6946105957031,31601
2026-08-28 12:30:00-04:00,321.1700134277344,321.2200012207031,320.94500732421875,320.94500732421875,44337
2026-08-28 12:31:00-04:00,321.4200134277344,321.44000244140625,321.1700134277344,321.1700134277344,56869
2026-08-28 12:32:00-04:00,321.3550109863281,321.4200134277344,321.2701110839844,321.3999938964844,52616
2026-08-28 12:33:00-04:00,321.17999267578125,321.3800048828125,321.1000061035156,321.3598937988281,46697
2026-08-28 12:34:00-04:00,321.2449951171875,321.2799987792969,321.0849914550781,321.19500732421875,47030
2026-08-28 12:35:00-04:00,321.260009765625,321.31500244140625,321.19000244140625,321.31500244140625,35986
2026-08-28 12:36:00-04:00,321.3900146484375,321.45001220703125,321.2650146484375,321.2650146484375,35959
2026-08-28 12:37:00-04:00,321.4800109863281,321.5199890136719,321.3460998535156,321.3949890136719,32646
2026-08-28 12:38:00-04:00,321.2701110839844,321.5,321.224609375,321.4800109863281,32963
2026-08-28 12:39:00-04:00,321.30999755859375,321.385498046875,321.168212890625,321.260009765625,25378
2026-08-28 12:40:00-04:00,321.0199890136719,321.3301086425781,321.0199890136719,321.2900085449219,54153
2026-08-28 12:41:00-04:00,321.0150146484375,321.1499938964844,320.9750061035156,321.0400085449219,32390
2026-08-28 12:42:00-04:00,320.82000732421875,321.0199890136719,320.78009033203125,321.0199890136719,34239
2026-08-28 12:43:00-04:00,320.7049865722656,320.8599853515625,320.6499938964844,320.80059814453125,44262
2026-08-28 12:44:00-04:00,320.625,320.7900085449219,320.61358642578125,320.69000244140625,77413
2026-08-28 12:45:00-04:00,321.0249938964844,321.0400085449219,320.6145935058594,320.625,79735
2026-08-28 12:46:00-04:00,321.125,321.1400146484375,320.9599914550781,320.989990234375,48651
2026-08-28 12:47:00-04:00,321.1300048828125,321.2300109863281,321.0799865722656,321.1300048828125,37590
2026-08-28 12:48:00-04:00,321.2850036621094,321.3399963378906,321.04998779296875,321.1400146484375,59067
2026-08-28 12:49:00-04:00,321.19000244140625,321.3500061035156,321.17498779296875,321.30999755859375,42397
2026-08-28 12:50:00-04:00,321.0,321.19940185546875,320.82000732421875,321.18499755859375,28017
2026-08-28 12:51:00-04:00,321.0,321.05499267578125,320.864990234375,321.0,29301
2026-08-28 12:52:00-04:00,321.0450134277344,321.0899963378906,320.95001220703125,320.99591064453125,27670
2026-08-28 12:53:00-04:00,320.94000244140625,321.0599060058594,320.8900146484375,321.0450134277344,28212
2026-08-28 12:54:00-04:00,320.7817077636719,321.0199890136719,320.7406005859375,320.95001220703125,35644
2026-08-28 12:55:00-04:00,320.7950134277344,320.8599853515625,320.7699890136719,320.79998779296875,34662
2026-08-28 12:56:00-04:00,320.80499267578125,320.80999755859375,320.67999267578125,320.78009033203125,36225
2026-08-28 12:57:00-04:00,320.9150085449219,320.94970703125,320.760009765625,320.7900085449219,28958
2026-08-28 12:58:00-04:00,320.9549865722656,321.0150146484375,320.8900146484375,320.9150085449219,39151
2026-08-28 12:59:00-04:00,320.8450012207031,320.9798889160156,320.82000732421875,320.9425964355469,29716
2026-08-28 13:00:00-04:00,320.4599914550781,320.8299865722656,320.45001220703125,320.82000732421875,55776
2026-08-28 13:01:00-04:00,320.42999267578125,320.5299987792969,320.2799987792969,320.4700012207031,80169
2026-08-28 13:02:00-04:00,320.6000061035156,320.6199951171875,320.3500061035156,320.42999267578125,60763
2026-08-28 13:03:00-04:00,320.7699890136719,320.80499267578125,320.5700988769531,320.6199951171875,44442
2026-08-28 13:04:00-04:00,320.70001220703125,320.8102111816406,320.625,320.7699890136719,40274
2026-08-28 13:05:00-04:00,320.5799865722656,320.7900085449219,320.5299987792969,320.69500732421875,33459
2026-08-28 13:06:00-04:00,320.5249938964844,320.6449890136719,320.489990234375,320.6000061035156,55386
2026-08-28 13:07:00-04:00,320.6401062011719,320.760009765625,320.5299987792969,320.5299987792969,50813
2026-08-28 13:08:00-04:00,320.7820129394531,320.79998779296875,320.5899963378906,320.614990234375,16631
2026-08-28 13:09:00-04:00,320.57000732421875,320.8299865722656,320.57000732421875,320.79998779296875,41215
2026-08-28 13:10:00-04:00,320.6401062011719,320.6680908203125,320.4541931152344,320.5799865722656,22856
2026-08-28 13:11:00-04:00,320.7799987792969,320.7974853515625,320.6199951171875,320.6499938964844,29492
2026-08-28 13:12:00-04:00,320.6199951171875,320.7799987792969,320.5799865722656,320.7799987792969,51297
2026-08-28 13:13:00-04:00,320.69000244140625,320.739990234375,320.5899963378906,320.6449890136719,26459
2026-08-28 13:14:00-04:00,320.7699890136719,320.7898864746094,320.6099853515625,320.69000244140625,57005
2026-08-28 13:15:00-04:00,320.260009765625,320.79998779296875,320.1000061035156,320.7799987792969,70171
2026-08-28 13:16:00-04:00,320.1300048828125,320.2900085449219,320.0614929199219,320.2550048828125,35528
2026-08-28 13:17:00-04:00,320.17999267578125,320.239990234375,320.04998779296875,320.1391906738281,33547
2026-08-28 13:18:00-04:00,320.1700134277344,320.2550048828125,320.0,320.20001220703125,97824
2026-08-28 13:19:00-04:00,320.1600036621094,320.260009765625,320.1050109863281,320.1700134277344,61275
2026-08-28 13:20:00-04:00,320.17498779296875,320.3599853515625,320.1199951171875,320.1700134277344,42447
2026-08-28 13:21:00-04:00,319.90838623046875,320.20001220703125,319.8096923828125,320.1698913574219,67790
2026-08-28 13:22:00-04:00,319.7449951171875,319.91009521484375,319.7200012207031,319.90020751953125,31958
2026-08-28 13:23:00-04:00,319.614990234375,319.8299865722656,319.5801086425781,319.73419189453125,39059
2026-08-28 13:24:00-04:00,319.7300109863281,319.760009765625,319.59820556640625,319.6000061035156,38771
2026-08-28 13:25:00-04:00,319.7950134277344,319.81988525390625,319.6600036621094,319.7179870605469,24246
2026-08-28 13:26:00-04:00,319.8399963378906,319.9285888671875,319.75,319.80999755859375,34239
2026-08-28 13:27:00-04:00,319.7650146484375,319.8999938964844,319.739990234375,319.8299865722656,19498
2026-08-28 13:28:00-04:00,319.739990234375,319.82989501953125,319.6766052246094,319.760009765625,20027
2026-08-28 13:29:00-04:00,319.739990234375,319.7900085449219,319.7101135253906,319.7300109863281,21588
2026-08-28 13:30:00-04:00,319.80999755859375,319.8554992675781,319.7699890136719,319.80999755859375,18581
2026-08-28 13:31:00-04:00,319.8800048828125,319.9100036621094,319.7699890136719,319.8299865722656,23500
2026-08-28 13:32:00-04:00,319.95001220703125,319.9700012207031,319.8599853515625,319.909912109375,42562
2026-08-28 13:33:00-04:00,319.9100036621094,320.010009765625,319.9075927734375,319.9797058105469,41630
2026-08-28 13:34:00-04:00,319.8349914550781,320.0400085449219,319.80010986328125,319.8999938964844,30728
2026-08-28 13:35:00-04:00,319.75,319.90130615234375,319.75,319.8374938964844,37703
2026-08-28 13:36:00-04:00,319.68499755859375,319.79998779296875,319.6600036621094,319.75,27770
2026-08-28 13:37:00-04:00,319.6600036621094,319.7200012207031,319.489990234375,319.69500732421875,45410
2026-08-28 13:38:00-04:00,319.54998779296875,319.739990234375,319.5400085449219,319.6700134277344,40165
2026-08-28 13:39:00-04:00,319.3800048828125,319.55499267578125,319.3800048828125,319.55499267578125,58701
2026-08-28 13:40:00-04:00,319.5050048828125,319.5899963378906,319.3800964355469,319.3800964355469,34285
2026-08-28 13:41:00-04:00,319.57000732421875,319.6199951171875,319.4800109863281,319.510009765625,27709
2026-08-28 13:42:00-04:00,319.54010009765625,319.6099853515625,319.5249938964844,319.57501220703125,24920
2026-08-28 13:43:00-04:00,319.4849853515625,319.5899963378906,319.4501953125,319.55999755859375,29585
2026-08-28 13:44:00-04:00,319.4150085449219,319.510009765625,319.3800048828125,319.510009765625,19903
2026-08-28 13:45:00-04:00,319.4299011230469,319.4849853515625,319.3949890136719,319.4150085449219,24071
2026-08-28 13:46:00-04:00,319.6099853515625,319.625,319.42498779296875,319.42498779296875,35474
2026-08-28 13:47:00-04:00,319.4599914550781,319.6499938964844,319.4599914550781,319.6199951171875,30227
2026-08-28 13:48:00-04:00,319.510009765625,319.5299987792969,319.3800048828125,319.4649963378906,21321
2026-08-28 13:49:00-04:00,319.4624938964844,319.5299987792969,319.42999267578125,319.5199890136719,16648
2026-08-28 13:50:00-04:00,319.385009765625,319.4800109863281,319.3699951171875,319.4649963378906,25422
2026-08-28 13:51:00-04:00,319.4700012207031,319.5,319.3699951171875,319.3699951171875,21547
2026-08-28 13:52:00-04:00,319.42498779296875,319.5799865722656,319.41009521484375,319.4779968261719,64986
2026-08-28 13:53:00-04:00,319.57989501953125,319.57989501953125,319.4330139160156,319.45001220703125,13863
2026-08-28 13:54:00-04:00,319.5,319.5799865722656,319.44000244140625,319.57080078125,30473
2026-08-28 13:55:00-04:00,319.4549865722656,319.5299987792969,319.3999938964844,319.510009765625,32672
2026-08-28 13:56:00-04:00,319.5400085449219,319.54998779296875,319.40399169921875,319.4549865722656,30653
2026-08-28 13:57:00-04:00,319.5849914550781,319.639892578125,319.5101013183594,319.5450134277344,58322
2026-08-28 13:58:00-04:00,319.68499755859375,319.69000244140625,319.54998779296875,319.6199951171875,64969
2026-08-28 13:59:00-04:00,319.69000244140625,319.70001220703125,319.5600891113281,319.6700134277344,28911
2026-08-28 14:00:00-04:00,319.4800109863281,319.7099914550781,319.4601135253906,319.7099914550781,25052
2026-08-28 14:01:00-04:00,319.6050109863281,319.6050109863281,319.44000244140625,319.5,35774
2026-08-28 14:02:00-04:00,319.8700866699219,319.8999938964844,319.6050109863281,319.6050109863281,30247
2026-08-28 14:03:00-04:00,319.8992004394531,319.8999938964844,319.80999755859375,319.8900146484375,32653
2026-08-28 14:04:00-04:00,319.875,319.9800109863281,319.8399963378906,319.9100036621094,31668
2026-08-28 14:05:00-04:00,319.8800048828125,320.0199890136719,319.8599853515625,319.8699951171875,57783
2026-08-28 14:06:00-04:00,319.7099914550781,319.889892578125,319.67010498046875,319.86199951171875,35757
2026-08-28 14:07:00-04:00,319.68499755859375,319.8900146484375,319.67010498046875,319.7449951171875,25034
2026-08-28 14:08:00-04:00,319.5682067871094,319.7106018066406,319.52301025390625,319.68499755859375,25948
2026-08-28 14:09:00-04:00,319.635009765625,319.6723937988281,319.57000732421875,319.5899963378906,27715
2026-08-28 14:10:00-04:00,320.0398864746094,320.0398864746094,319.54998779296875,319.635009765625,45054
2026-08-28 14:11:00-04:00,319.8599853515625,320.04998779296875,319.79998779296875,320.0299987792969,28422
2026-08-28 14:12:00-04:00,319.79998779296875,319.8673095703125,319.6200866699219,319.8450012207031,38417
2026-08-28 14:13:00-04:00,319.68499755859375,319.89990234375,319.68499755859375,319.82501220703125,32400
2026-08-28 14:14:00-04:00,319.6499938964844,319.7250061035156,319.6000061035156,319.69000244140625,40782
2026-08-28 14:15:00-04:00,319.75,319.7699890136719,319.5799865722656,319.6401062011719,25409
2026-08-28 14:16:00-04:00,319.55010986328125,319.8299865722656,319.55010986328125,319.7691955566406,29305
2026-08-28 14:17:00-04:00,319.4901123046875,319.5799865722656,319.4325866699219,319.56500244140625,25954
2026-08-28 14:18:00-04:00,319.6400146484375,319.6400146484375,319.5,319.5150146484375,23009
2026-08-28 14:19:00-04:00,319.6099853515625,319.6499938964844,319.5799865722656,319.635009765625,14206
2026-08-28 14:20:00-04:00,319.5799865722656,319.67999267578125,319.5199890136719,319.614990234375,20415
2026-08-28 14:21:00-04:00,319.6199951171875,319.6600036621094,319.5260925292969,319.5899963378906,11824
2026-08-28 14:22:00-04:00,319.4849853515625,319.6299133300781,319.4800109863281,319.6050109863281,23578
2026-08-28 14:23:00-04:00,319.44000244140625,319.489990234375,319.4100036621094,319.4849853515625,45075
2026-08-28 14:24:00-04:00,319.4800109863281,319.5249938964844,319.3999938964844,319.4549865722656,50016
2026-08-28 14:25:00-04:00,319.5299987792969,319.57000732421875,319.4700927734375,319.4700927734375,31271
2026-08-28 14:26:00-04:00,319.6099853515625,319.6700134277344,319.5201110839844,319.5498962402344,112269
2026-08-28 14:27:00-04:00,319.6000061035156,319.70001220703125,319.55999755859375,319.6099853515625,31591
2026-08-28 14:28:00-04:00,319.6200866699219,319.6400146484375,319.5,319.5899963378906,25278
2026-08-28 14:29:00-04:00,319.5400085449219,319.6449890136719,319.5299987792969,319.6351013183594,23240
2026-08-28 14:30:00-04:00,319.6000061035156,319.6449890136719,319.5199890136719,319.54998779296875,25068
2026-08-28 14:31:00-04:00,319.6499938964844,319.67999267578125,319.55499267578125,319.5700988769531,36650
2026-08-28 14:32:00-04:00,319.6300048828125,319.739990234375,319.6109924316406,319.6499938964844,25756
2026-08-28 14:33:00-04:00,319.6600036621094,319.69000244140625,319.5899963378906,319.6449890136719,21062
2026-08-28 14:34:00-04:00,319.6300048828125,319.739990234375,319.55999755859375,319.6650085449219,24457
2026-08-28 14:35:00-04:00,319.6554870605469,319.69000244140625,319.6050109863281,319.6199951171875,25175
2026-08-28 14:36:00-04:00,319.54998779296875,319.6600036621094,319.42999267578125,319.6499938964844,52444
2026-08-28 14:37:00-04:00,319.6000061035156,319.63751220703125,319.510009765625,319.54998779296875,28779
2026-08-28 14:38:00-04:00,319.6099853515625,319.6700134277344,319.5799865722656,319.6000061035156,30575
2026-08-28 14:39:00-04:00,319.5299987792969,319.6300048828125,319.4800109863281,319.625,22142
2026-08-28 14:40:00-04:00,319.69000244140625,319.7084045410156,319.5450134277344,319.55999755859375,41649
2026-08-28 14:41:00-04:00,319.6499938964844,319.70001220703125,319.6055908203125,319.67999267578125,31328
2026-08-28 14:42:00-04:00,319.67498779296875,319.75,319.6199951171875,319.6600036621094,25726
2026-08-28 14:43:00-04:00,319.6099853515625,319.7300109863281,319.5899963378906,319.67498779296875,26725
2026-08-28 14:44:00-04:00,319.5950012207031,319.6499938964844,319.5799865722656,319.6099853515625,28025
2026-08-28 14:45:00-04:00,319.474609375,319.614990234375,319.4700012207031,319.5899963378906,28206
2026-08-28 14:46:00-04:00,319.5,319.5249938964844,319.40008544921875,319.4849853515625,39718
2026-08-28 14:47:00-04:00,319.6199951171875,319.6600036621094,319.4700012207031,319.5050048828125,44652
2026-08-28 14:48:00-04:00,319.4649963378906,319.6400146484375,319.4649963378906,319.625,667235
2026-08-28 14:49:00-04:00,319.4599914550781,319.5299987792969,319.4200134277344,319.4700012207031,29894
2026-08-28 14:50:00-04:00,319.2200012207031,319.4800109863281,319.2200012207031,319.4599914550781,95031
2026-08-28 14:51:00-04:00,319.2650146484375,319.284912109375,319.160888671875,319.2200927734375,63997
2026-08-28 14:52:00-04:00,319.1300048828125,319.2900085449219,319.04998779296875,319.2650146484375,45676
2026-08-28 14:53:00-04:00,319.4599914550781,319.5,319.1000061035156,319.1400146484375,109093
2026-08-28 14:54:00-04:00,319.489990234375,319.5498962402344,319.3900146484375,319.4800109863281,44058
2026-08-28 14:55:00-04:00,319.4599914550781,319.4700012207031,319.30499267578125,319.4700012207031,44606
2026-08-28 14:56:00-04:00,319.4849853515625,319.5,319.385009765625,319.4700012207031,44748
2026-08-28 14:57:00-04:00,319.6099853515625,319.6893005371094,319.4849853515625,319.4849853515625,41013
2026-08-28 14:58:00-04:00,319.7799987792969,319.7799987792969,319.5849914550781,319.6300048828125,39978
2026-08-28 14:59:00-04:00,319.81500244140625,319.81500244140625,319.6401062011719,319.7900085449219,48538
2026-08-28 15:00:00-04:00,319.489990234375,319.8493957519531,319.4800109863281,319.82000732421875,67488
2026-08-28 15:01:00-04:00,319.5400085449219,319.5799865722656,319.42999267578125,319.510009765625,43030
2026-08-28 15:02:00-04:00,319.3999938964844,319.57000732421875,319.3699951171875,319.5450134277344,32242
2026-08-28 15:03:00-04:00,319.510009765625,319.5289001464844,319.3301086425781,319.3900146484375,48368
2026-08-28 15:04:00-04:00,319.7373962402344,319.739990234375,319.510009765625,319.510009765625,39790
2026-08-28 15:05:00-04:00,319.75,319.81988525390625,319.7099914550781,319.739990234375,43018
2026-08-28 15:06:00-04:00,319.8500061035156,319.889892578125,319.71051025390625,319.7550048828125,65634
2026-08-28 15:07:00-04:00,319.75,319.83740234375,319.7099914550781,319.8299865722656,40573
2026-08-28 15:08:00-04:00,319.7250061035156,319.8299865722656,319.4800109863281,319.7300109863281,68754
2026-08-28 15:09:00-04:00,319.5899963378906,319.75,319.4800109863281,319.75,84117
2026-08-28 15:10:00-04:00,319.6549987792969,319.7499084472656,319.5199890136719,319.5849914550781,41187
2026-08-28 15:11:00-04:00,319.6099853515625,319.739990234375,319.55999755859375,319.6700134277344,31728
2026-08-28 15:12:00-04:00,319.3800048828125,319.6700134277344,319.3599853515625,319.6099853515625,42313
2026-08-28 15:13:00-04:00,319.5050048828125,319.55999755859375,319.239990234375,319.3699951171875,50997
2026-08-28 15:14:00-04:00,319.6400146484375,319.7200012207031,319.4700927734375,319.5,40500
2026-08-28 15:15:00-04:00,319.6099853515625,319.7699890136719,319.6099853515625,319.6400146484375,39949
2026-08-28 15:16:00-04:00,319.7502136230469,319.8699951171875,319.6300048828125,319.6400146484375,49654
2026-08-28 15:17:00-04:00,319.7699890136719,319.7864990234375,319.6401062011719,319.7550048828125,37859
2026-08-28 15:18:00-04:00,319.79998779296875,319.8550109863281,319.760009765625,319.7699890136719,44027
2026-08-28 15:19:00-04:00,319.760009765625,319.80999755859375,319.7049865722656,319.7850036621094,46973
2026-08-28 15:20:00-04:00,319.70001220703125,319.8399963378906,319.69000244140625,319.75,43272
2026-08-28 15:21:00-04:00,319.864990234375,319.864990234375,319.67999267578125,319.6947021484375,41968
2026-08-28 15:22:00-04:00,319.9150085449219,319.989990234375,319.82000732421875,319.864990234375,49503
2026-08-28 15:23:00-04:00,319.7699890136719,319.9150085449219,319.7699890136719,319.9150085449219,42769
2026-08-28 15:24:00-04:00,319.7099914550781,319.7799987792969,319.69000244140625,319.7650146484375,38124
2026-08-28 15:25:00-04:00,319.760009765625,319.82000732421875,319.69000244140625,319.70001220703125,38786
2026-08-28 15:26:00-04:00,319.75,319.79998779296875,319.67999267578125,319.7900085449219,49964
2026-08-28 15:27:00-04:00,319.760009765625,319.82000732421875,319.70001220703125,319.7550048828125,55369
2026-08-28 15:28:00-04:00,319.7099914550781,319.7850036621094,319.6400146484375,319.739990234375,55264
2026-08-28 15:29:00-04:00,319.5450134277344,319.70001220703125,319.5299987792969,319.68499755859375,47387
2026-08-28 15:30:00-04:00,319.7825927734375,319.7900085449219,319.5,319.54998779296875,80502
2026-08-28 15:31:00-04:00,319.80999755859375,319.8550109863281,319.739990234375,319.7900085449219,47910
2026-08-28 15:32:00-04:00,319.9054870605469,319.92999267578125,319.80859375,319.8399963378906,55220
2026-08-28 15:33:00-04:00,319.7900085449219,319.8999938964844,319.7699890136719,319.8999938964844,52721
2026-08-28 15:34:00-04:00,320.0,320.0400085449219,319.75,319.7900085449219,152983
2026-08-28 15:35:00-04:00,319.7998962402344,320.0299987792969,319.7726135253906,320.0050048828125,82443
2026-08-28 15:36:00-04:00,319.7650146484375,319.8800048828125,319.7401123046875,319.7998962402344,59455
2026-08-28 15:37:00-04:00,319.93499755859375,319.9750061035156,319.7699890136719,319.7699890136719,42982
2026-08-28 15:38:00-04:00,320.05499267578125,320.1000061035156,319.9101867675781,319.9200134277344,79155
2026-08-28 15:39:00-04:00,319.9800109863281,320.05499267578125,319.95001220703125,320.05499267578125,66554
2026-08-28 15:40:00-04:00,319.9100036621094,320.0,319.8399963378906,319.9800109863281,79896
2026-08-28 15:41:00-04:00,320.0700988769531,320.1000061035156,319.9200134277344,319.92999267578125,78243
2026-08-28 15:42:00-04:00,320.0799865722656,320.1700134277344,320.0799865722656,320.0799865722656,77050
2026-08-28 15:43:00-04:00,320.1499938964844,320.1993103027344,320.0400085449219,320.0799865722656,106328
2026-08-28 15:44:00-04:00,319.8349914550781,320.1553955078125,319.82000732421875,320.1499938964844,107109
2026-08-28 15:45:00-04:00,319.70001220703125,319.9100036621094,319.5799865722656,319.8500061035156,101920
2026-08-28 15:46:00-04:00,319.7699890136719,319.8598937988281,319.66009521484375,319.67999267578125,67154
2026-08-28 15:47:00-04:00,319.68499755859375,319.8399963378906,319.6700134277344,319.7650146484375,78083
2026-08-28 15:48:00-04:00,319.6600036621094,319.7268981933594,319.6321105957031,319.68499755859375,62365
2026-08-28 15:49:00-04:00,319.8299865722656,319.8800048828125,319.6600036621094,319.6600036621094,57339
2026-08-28 15:50:00-04:00,320.20001220703125,320.3299865722656,319.79998779296875,319.82000732421875,153620
2026-08-28 15:51:00-04:00,320.04998779296875,320.32000732421875,319.9200134277344,320.2200012207031,128234
2026-08-28 15:52:00-04:00,320.0400085449219,320.1400146484375,319.92999267578125,320.04998779296875,105927
2026-08-28 15:53:00-04:00,319.79998779296875,320.04998779296875,319.7200012207031,320.0400085449219,117146
2026-08-28 15:54:00-04:00,319.92999267578125,319.94000244140625,319.54998779296875,319.79998779296875,146607
2026-08-28 15:55:00-04:00,319.6449890136719,320.0199890136719,319.5199890136719,319.92999267578125,162865
2026-08-28 15:56:00-04:00,319.7349853515625,319.80499267578125,319.57000732421875,319.6449890136719,130316
2026-08-28 15:57:00-04:00,319.864990234375,320.0199890136719,319.7250061035156,319.7349853515625,141981
2026-08-28 15:58:00-04:00,319.875,319.94000244140625,319.7900085449219,319.8699951171875,227835
2026-08-28 15:59:00-04:00,319.6400146484375,319.8999938964844,319.5201110839844,319.8699951171875,573840
2026-08-31 09:30:00-04:00,319.3599853515625,321.2349853515625,318.6181945800781,319.55999755859375,1441344
2026-08-31 09:31:00-04:00,319.2900085449219,320.3500061035156,318.3699951171875,319.3599853515625,245993
2026-08-31 09:32:00-04:00,319.3883972167969,319.8999938964844,318.6300964355469,319.32000732421875,180836
2026-08-31 09:33:00-04:00,318.5845947265625,319.29998779296875,318.3599853515625,319.29998779296875,144584
2026-08-31 09:34:00-04:00,318.07501220703125,318.6499938964844,318.07501220703125,318.5845947265625,125287
2026-08-31 09:35:00-04:00,317.4549865722656,318.135009765625,317.3299865722656,318.04998779296875,180710
2026-08-31 09:36:00-04:00,317.489990234375,317.7799072265625,317.2200012207031,317.4800109863281,81935
2026-08-31 09:37:00-04:00,318.31500244140625,318.3999938964844,317.31500244140625,317.4800109863281,154494
2026-08-31 09:38:00-04:00,318.19000244140625,318.4798889160156,317.94000244140625,318.31500244140625,89760
2026-08-31 09:39:00-04:00,318.6499938964844,318.81390380859375,318.17498779296875,318.20001220703125,88627
2026-08-31 09:40:00-04:00,317.95001220703125,318.8999938964844,317.94000244140625,318.6499938964844,103473
2026-08-31 09:41:00-04:00,318.1650085449219,318.44989013671875,317.9200134277344,317.92999267578125,86622
2026-08-31 09:42:00-04:00,317.7799987792969,318.17498779296875,317.4100036621094,318.1600036621094,97460
2026-08-31 09:43:00-04:00,317.19000244140625,317.7699890136719,317.0400085449219,317.7615966796875,124021
2026-08-31 09:44:00-04:00,317.375,317.6499938964844,317.1400146484375,317.19000244140625,57934
2026-08-31 09:45:00-04:00,316.8739929199219,317.32501220703125,316.7900085449219,317.32501220703125,184286
2026-08-31 09:46:00-04:00,316.9049987792969,317.0,316.739990234375,316.8599853515625,89523
2026-08-31 09:47:00-04:00,317.32000732421875,317.42999267578125,316.8299865722656,316.9200134277344,74089
2026-08-31 09:48:00-04:00,317.19000244140625,317.55999755859375,317.1700134277344,317.31500244140625,85521
2026-08-31 09:49:00-04:00,317.3900146484375,317.4200134277344,316.95001220703125,317.17999267578125,108222
2026-08-31 09:50:00-04:00,317.2449951171875,317.45001220703125,317.1700134277344,317.4150085449219,57943
2026-08-31 09:51:00-04:00,317.95001220703125,317.9501037597656,317.135009765625,317.2550048828125,69807
2026-08-31 09:52:00-04:00,317.8301086425781,318.0299987792969,317.6099853515625,317.95001220703125,61158
2026-08-31 09:53:00-04:00,317.80999755859375,318.0,317.739990234375,317.82501220703125,73754
2026-08-31 09:54:00-04:00,317.95001220703125,318.1000061035156,317.7799987792969,317.82000732421875,135473
2026-08-31 09:55:00-04:00,317.57501220703125,318.1000061035156,317.5,317.93499755859375,97682
2026-08-31 09:56:00-04:00,317.69000244140625,317.69989013671875,317.4100036621094,317.57501220703125,62483
2026-08-31 09:57:00-04:00,317.30499267578125,317.70001220703125,317.2300109863281,317.69000244140625,86088
2026-08-31 09:58:00-04:00,317.5050048828125,317.5400085449219,317.27850341796875,317.29998779296875,73358
2026-08-31 09:59:00-04:00,317.260009765625,317.4849853515625,317.1650085449219,317.4849853515625,73912
2026-08-31 10:00:00-04:00,316.8900146484375,317.2449951171875,316.8500061035156,317.2049865722656,119293
2026-08-31 10:01:00-04:00,316.45111083984375,317.0050048828125,316.45001220703125,316.9100036621094,69461
2026-08-31 10:02:00-04:00,316.4849853515625,316.5,316.29998779296875,316.4601135253906,104327
2026-08-31 10:03:00-04:00,316.5799865722656,316.79998779296875,316.39080810546875,316.4700012207031,67255
2026-08-31 10:04:00-04:00,316.5199890136719,316.71990966796875,316.489990234375,316.5950012207031,53603
2026-08-31 10:05:00-04:00,316.6400146484375,316.739990234375,316.4100036621094,316.510009765625,61947
2026-08-31 10:06:00-04:00,316.4100036621094,316.7900085449219,316.239990234375,316.65008544921875,75775
2026-08-31 10:07:00-04:00,316.49749755859375,316.6199951171875,316.3299865722656,316.3800048828125,41750
2026-08-31 10:08:00-04:00,316.42999267578125,316.54998779296875,316.25,316.4949951171875,46678
2026-08-31 10:09:00-04:00,316.3599853515625,316.489990234375,316.2749938964844,316.4518127441406,29383
2026-08-31 10:10:00-04:00,315.80499267578125,316.3900146484375,315.7799987792969,316.3550109863281,143700
2026-08-31 10:11:00-04:00,316.09991455078125,316.2200012207031,315.7799987792969,315.80499267578125,94026
2026-08-31 10:12:00-04:00,315.94000244140625,316.0899963378906,315.7705078125,316.07501220703125,71773
2026-08-31 10:13:00-04:00,316.2449951171875,316.3299865722656,315.92999267578125,315.94000244140625,63206
2026-08-31 10:14:00-04:00,316.5150146484375,316.6199951171875,316.1199951171875,316.2049865722656,110303
2026-08-31 10:15:00-04:00,316.4750061035156,316.8500061035156,316.45001220703125,316.4800109863281,95241
2026-08-31 10:16:00-04:00,316.3999938964844,316.510009765625,316.0799865722656,316.4599914550781,64013
2026-08-31 10:17:00-04:00,316.260009765625,316.5430908203125,316.2500915527344,316.3999938964844,76660
2026-08-31 10:18:00-04:00,316.19000244140625,316.3900146484375,316.1400146484375,316.2349853515625,39011
2026-08-31 10:19:00-04:00,316.19000244140625,316.2550048828125,316.1300048828125,316.19000244140625,31506
2026-08-31 10:20:00-04:00,315.9599914550781,316.20001220703125,315.8299865722656,316.18499755859375,51020
2026-08-31 10:21:00-04:00,315.82501220703125,315.9599914550781,315.739990234375,315.94500732421875,51890
2026-08-31 10:22:00-04:00,315.69000244140625,315.92999267578125,315.69000244140625,315.79998779296875,49312
2026-08-31 10:23:00-04:00,315.6000061035156,315.69000244140625,315.510009765625,315.69000244140625,60686
2026-08-31 10:24:00-04:00,315.6199951171875,315.79998779296875,315.5350036621094,315.6000061035156,51224
2026-08-31 10:25:00-04:00,315.689208984375,315.7300109863281,315.45001220703125,315.6000061035156,54738
2026-08-31 10:26:00-04:00,315.739990234375,315.79998779296875,315.5849914550781,315.69000244140625,46591
2026-08-31 10:27:00-04:00,315.7300109863281,315.79998779296875,315.5400085449219,315.739990234375,52730
2026-08-31 10:28:00-04:00,315.6650085449219,315.82000732421875,315.6401062011719,315.7250061035156,57157
2026-08-31 10:29:00-04:00,315.7099914550781,315.739990234375,315.57000732421875,315.6481018066406,30369
2026-08-31 10:30:00-04:00,315.3349914550781,315.7099914550781,315.3299865722656,315.7099914550781,97905
2026-08-31 10:31:00-04:00,315.2919006347656,315.4100036621094,315.24261474609375,315.3399963378906,43018
2026-08-31 10:32:00-04:00,315.0899963378906,315.32000732421875,315.0199890136719,315.30999755859375,69150
2026-08-31 10:33:00-04:00,314.82000732421875,315.1400146484375,314.7604064941406,315.0849914550781,132805
2026-08-31 10:34:00-04:00,314.4049987792969,314.8599853515625,314.3599853515625,314.82501220703125,107409
2026-08-31 10:35:00-04:00,314.614990234375,314.6885986328125,314.4100036621094,314.4200134277344,103455
2026-08-31 10:36:00-04:00,314.9200134277344,314.989990234375,314.5899963378906,314.6050109863281,67637
2026-08-31 10:37:00-04:00,315.1000061035156,315.21978759765625,314.8599853515625,314.9200134277344,71700
2026-08-31 10:38:00-04:00,315.125,315.1400146484375,314.9599914550781,315.1000061035156,36140
2026-08-31 10:39:00-04:00,314.95001220703125,315.1600036621094,314.8800048828125,315.1400146484375,37410
2026-08-31 10:40:00-04:00,314.81500244140625,314.95001220703125,314.55999755859375,314.95001220703125,63036
2026-08-31 10:41:00-04:00,314.8500061035156,314.9599914550781,314.7149963378906,314.80999755859375,50232
2026-08-31 10:42:00-04:00,314.835205078125,315.0199890136719,314.8070068359375,314.8699951171875,42681
2026-08-31 10:43:00-04:00,314.9100036621094,314.989990234375,314.80999755859375,314.80999755859375,35915
2026-08-31 10:44:00-04:00,314.9750061035156,314.9800109863281,314.82000732421875,314.8999938964844,41835
2026-08-31 10:45:00-04:00,314.9549865722656,315.0199890136719,314.83709716796875,314.9700012207031,46863
2026-08-31 10:46:00-04:00,315.0899963378906,315.0899963378906,314.9089050292969,314.95001220703125,51893
2026-08-31 10:47:00-04:00,315.20001220703125,315.20001220703125,314.92999267578125,315.07000732421875,63801
2026-08-31 10:48:00-04:00,315.1400146484375,315.31988525390625,315.0849914550781,315.19500732421875,55146
2026-08-31 10:49:00-04:00,315.07000732421875,315.2200012207031,315.0400085449219,315.135009765625,38170
2026-08-31 10:50:00-04:00,314.989990234375,315.0899963378906,314.9150085449219,315.0600891113281,43151
2026-08-31 10:51:00-04:00,315.05999755859375,315.1600036621094,314.94000244140625,314.9649963378906,35412
2026-08-31 10:52:00-04:00,315.0754089355469,315.1650085449219,314.9800109863281,315.07000732421875,42609
2026-08-31 10:53:00-04:00,314.7799987792969,315.06500244140625,314.7799987792969,315.06500244140625,59615
2026-08-31 10:54:00-04:00,314.9800109863281,314.989990234375,314.7650146484375,314.79998779296875,45307
2026-08-31 10:55:00-04:00,314.88970947265625,314.9649963378906,314.7200012207031,314.9649963378906,39178
2026-08-31 10:56:00-04:00,315.17498779296875,315.2200012207031,314.79998779296875,314.8800048828125,48215
2026-08-31 10:57:00-04:00,315.385009765625,315.4750061035156,315.1600036621094,315.17999267578125,75208
2026-08-31 10:58:00-04:00,315.4700012207031,315.6299133300781,315.3900146484375,315.4100036621094,102928
2026-08-31 10:59:00-04:00,315.3800048828125,315.4798889160156,315.30999755859375,315.4700012207031,49446
2026-08-31 11:00:00-04:00,315.57000732421875,315.6000061035156,315.360107421875,315.3800048828125,63738
2026-08-31 11:01:00-04:00,315.7500915527344,315.7799987792969,315.5299987792969,315.5799865722656,69677
2026-08-31 11:02:00-04:00,315.57000732421875,315.82000732421875,315.5199890136719,315.76019287109375,63443
2026-08-31 11:03:00-04:00,315.3800048828125,315.6199951171875,315.30999755859375,315.5899963378906,37849
2026-08-31 11:04:00-04:00,315.23809814453125,315.44000244140625,315.17999267578125,315.3924865722656,39781
2026-08-31 11:05:00-04:00,315.1000061035156,315.32501220703125,315.04998779296875,315.2300109863281,43992
2026-08-31 11:06:00-04:00,315.29998779296875,315.4549865722656,315.0299987792969,315.1050109863281,41720
2026-08-31 11:07:00-04:00,315.20001220703125,315.3699951171875,315.1400146484375,315.32501220703125,37684
2026-08-31 11:08:00-04:00,315.2300109863281,315.2300109863281,315.13751220703125,315.2099914550781,42367
2026-08-31 11:09:00-04:00,315.4549865722656,315.5,315.17999267578125,315.20001220703125,47802
2026-08-31 11:10:00-04:00,315.5400085449219,315.56500244140625,315.42498779296875,315.45989990234375,51956
2026-08-31 11:11:00-04:00,315.364990234375,315.55999755859375,315.3599853515625,315.5498962402344,39426
2026-08-31 11:12:00-04:00,315.3299865722656,315.4599914550781,315.260009765625,315.3500061035156,27052
2026-08-31 11:13:00-04:00,315.2699890136719,315.4800109863281,315.2699890136719,315.3450012207031,47103
2026-08-31 11:14:00-04:00,315.31500244140625,315.32000732421875,315.1050109863281,315.2799987792969,43165
2026-08-31 11:15:00-04:00,315.3399963378906,315.4100036621094,315.31298828125,315.3299865722656,26889
2026-08-31 11:16:00-04:00,315.1650085449219,315.3399963378906,315.1050109863281,315.32000732421875,37183
2026-08-31 11:17:00-04:00,315.07000732421875,315.25,315.04998779296875,315.1499938964844,39500
2026-08-31 11:18:00-04:00,315.07000732421875,315.1199951171875,314.9200134277344,315.0600891113281,71526
2026-08-31 11:19:00-04:00,315.17999267578125,315.19000244140625,315.0249938964844,315.0794982910156,38751
2026-08-31 11:20:00-04:00,315.07501220703125,315.25,314.95001220703125,315.19000244140625,33778
2026-08-31 11:21:00-04:00,315.2099914550781,315.2200012207031,315.05999755859375,315.0799865722656,21279
2026-08-31 11:22:00-04:00,315.3999938964844,315.42999267578125,315.2099914550781,315.2099914550781,42387
2026-08-31 11:23:00-04:00,315.3056945800781,315.44000244140625,315.2699890136719,315.40948486328125,58218
2026-08-31 11:24:00-04:00,315.06500244140625,315.364990234375,314.9200134277344,315.2799987792969,153964
2026-08-31 11:25:00-04:00,315.0199890136719,315.20001220703125,314.989990234375,315.04998779296875,30577
2026-08-31 11:26:00-04:00,315.0350036621094,315.1199951171875,314.9800109863281,314.989990234375,92736
2026-08-31 11:27:00-04:00,314.9599914550781,315.0799865722656,314.8999938964844,315.0299987792969,33435
2026-08-31 11:28:00-04:00,315.0799865722656,315.1499938964844,314.9599914550781,314.9599914550781,40055
2026-08-31 11:29:00-04:00,315.06988525390625,315.1499938964844,314.989990234375,315.0799865722656,93052
2026-08-31 11:30:00-04:00,314.92401123046875,315.0849914550781,314.8299865722656,315.0400085449219,84370
2026-08-31 11:31:00-04:00,314.8399963378906,314.95001220703125,314.760009765625,314.92999267578125,51533
2026-08-31 11:32:00-04:00,314.8599853515625,315.0799865722656,314.8399963378906,314.8399963378906,33657
2026-08-31 11:33:00-04:00,314.7799987792969,314.92999267578125,314.760009765625,314.8599853515625,33622
2026-08-31 11:34:00-04:00,315.1000061035156,315.19000244140625,314.7850036621094,314.7850036621094,51386
2026-08-31 11:35:00-04:00,315.04998779296875,315.2250061035156,315.0,315.0849914550781,42298
2026-08-31 11:36:00-04:00,314.92498779296875,315.0199890136719,314.85009765625,315.0,30660
2026-08-31 11:37:00-04:00,314.9150085449219,314.95001220703125,314.7699890136719,314.9200134277344,24178
2026-08-31 11:38:00-04:00,314.7900085449219,314.95001220703125,314.7099914550781,314.92498779296875,46914
2026-08-31 11:39:00-04:00,314.7300109863281,314.79998779296875,314.6700134277344,314.7950134277344,27456
2026-08-31 11:40:00-04:00,314.7349853515625,314.776611328125,314.6700134277344,314.7250061035156,39458
2026-08-31 11:41:00-04:00,314.7900085449219,314.80999755859375,314.6610107421875,314.7349853515625,28991
2026-08-31 11:42:00-04:00,314.8299865722656,314.8699951171875,314.6099853515625,314.7799987792969,31829
2026-08-31 11:43:00-04:00,314.760009765625,314.885009765625,314.7200012207031,314.8299865722656,22804
2026-08-31 11:44:00-04:00,314.91900634765625,314.91900634765625,314.739990234375,314.7550048828125,23980
2026-08-31 11:45:00-04:00,314.7099914550781,314.92999267578125,314.68011474609375,314.9150085449219,37808
2026-08-31 11:46:00-04:00,314.8349914550781,314.8399963378906,314.69000244140625,314.7200012207031,18376
2026-08-31 11:47:00-04:00,314.7699890136719,314.92999267578125,314.7699890136719,314.8399963378906,32655
2026-08-31 11:48:00-04:00,314.7699890136719,314.82000732421875,314.7101135253906,314.739990234375,24338
2026-08-31 11:49:00-04:00,314.9150085449219,314.9200134277344,314.760009765625,314.760009765625,21367
2026-08-31 11:50:00-04:00,314.92999267578125,314.989990234375,314.8500061035156,314.9200134277344,44872
2026-08-31 11:51:00-04:00,314.9649963378906,314.9800109863281,314.8299865722656,314.92999267578125,26482
2026-08-31 11:52:00-04:00,314.9949951171875,315.0249938964844,314.8999938964844,314.9700012207031,32243
2026-08-31 11:53:00-04:00,315.0199890136719,315.1499938964844,314.9649963378906,315.0,44109
2026-08-31 11:54:00-04:00,314.92999267578125,315.0,314.8599853515625,315.0,36695
2026-08-31 11:55:00-04:00,314.79998779296875,315.010009765625,314.7799987792969,314.92999267578125,34596
2026-08-31 11:56:00-04:00,314.739990234375,314.885009765625,314.7300109863281,314.80499267578125,28046
2026-08-31 11:57:00-04:00,314.67999267578125,314.7799987792969,314.6700134277344,314.75,34770
2026-08-31 11:58:00-04:00,314.7799987792969,314.7799987792969,314.6199951171875,314.69000244140625,27030
2026-08-31 11:59:00-04:00,314.6600036621094,314.7998046875,314.5899963378906,314.7850036621094,58473
2026-08-31 12:00:00-04:00,314.6099853515625,314.7099914550781,314.55999755859375,314.6650085449219,29098
2026-08-31 12:01:00-04:00,314.6199951171875,314.6600036621094,314.510009765625,314.614990234375,75340
2026-08-31 12:02:00-04:00,314.54998779296875,314.6300048828125,314.5,314.6099853515625,33772
2026-08-31 12:03:00-04:00,314.55999755859375,314.614990234375,314.5249938964844,314.5400085449219,23289
2026-08-31 12:04:00-04:00,314.3699951171875,314.54998779296875,314.3599853515625,314.54998779296875,80556
2026-08-31 12:05:00-04:00,314.135009765625,314.3900146484375,314.0799865722656,314.3900146484375,77651
2026-08-31 12:06:00-04:00,314.1400146484375,314.1953125,314.04998779296875,314.135009765625,48670
2026-08-31 12:07:00-04:00,314.07000732421875,314.2200012207031,314.0299987792969,314.1600036621094,37806
2026-08-31 12:08:00-04:00,314.04180908203125,314.1300048828125,313.95001220703125,314.06390380859375,88175
2026-08-31 12:09:00-04:00,314.010009765625,314.1099853515625,314.0,314.04998779296875,35871
2026-08-31 12:10:00-04:00,314.0400085449219,314.1300048828125,313.94000244140625,314.01239013671875,44347
2026-08-31 12:11:00-04:00,314.1720886230469,314.19000244140625,313.9501037597656,314.0400085449219,38302
2026-08-31 12:12:00-04:00,314.1499938964844,314.2900085449219,314.1109924316406,314.1897888183594,55037
2026-08-31 12:13:00-04:00,314.17999267578125,314.2300109863281,314.1199951171875,314.1300048828125,30211
2026-08-31 12:14:00-04:00,314.4599914550781,314.489990234375,314.1499938964844,314.17498779296875,36797
2026-08-31 12:15:00-04:00,314.45001220703125,314.510009765625,314.41009521484375,314.4700012207031,40761
2026-08-31 12:16:00-04:00,314.260009765625,314.4700012207031,314.260009765625,314.45001220703125,47438
2026-08-31 12:17:00-04:00,314.1050109863281,314.2850036621094,314.04998779296875,314.2850036621094,40227
2026-08-31 12:18:00-04:00,314.07000732421875,314.17999267578125,314.0,314.1000061035156,57122
2026-08-31 12:19:00-04:00,314.25,314.2900085449219,314.010009765625,314.0849914550781,51612
2026-08-31 12:20:00-04:00,314.2349853515625,314.31500244140625,314.2099914550781,314.2401123046875,27006
2026-08-31 12:21:00-04:00,314.2049865722656,314.2699890136719,314.1600036621094,314.2349853515625,38626
2026-08-31 12:22:00-04:00,314.2701110839844,314.2950134277344,314.1000061035156,314.18011474609375,47216
2026-08-31 12:23:00-04:00,314.20001220703125,314.29998779296875,314.1600036621094,314.2799987792969,29320
2026-08-31 12:24:00-04:00,314.30999755859375,314.3299865722656,314.1925964355469,314.1925964355469,39445
2026-08-31 12:25:00-04:00,314.260009765625,314.3580017089844,314.2513122558594,314.32000732421875,25164
2026-08-31 12:26:00-04:00,314.5150146484375,314.5150146484375,314.2749938964844,314.2998962402344,37241
2026-08-31 12:27:00-04:00,314.8299865722656,314.8399963378906,314.510009765625,314.5199890136719,73215
2026-08-31 12:28:00-04:00,314.6400146484375,314.8699951171875,314.6099853515625,314.8359069824219,43510
2026-08-31 12:29:00-04:00,314.6700134277344,314.7300109863281,314.6099853515625,314.6400146484375,29346
2026-08-31 12:30:00-04:00,314.32501220703125,316.0,312.79998779296875,314.6000061035156,1194779
2026-08-31 12:31:00-04:00,314.04010009765625,314.4100036621094,314.0199890136719,314.3500061035156,124405
2026-08-31 12:32:00-04:00,314.0852966308594,314.2392883300781,313.8900146484375,314.06500244140625,80073
2026-08-31 12:33:00-04:00,314.125,314.2699890136719,314.07501220703125,314.07501220703125,34200
2026-08-31 12:34:00-04:00,314.06500244140625,314.2493896484375,313.9700012207031,314.125,38177
2026-08-31 12:35:00-04:00,313.635009765625,314.1000061035156,313.4599914550781,314.07989501953125,78967
2026-08-31 12:36:00-04:00,313.639892578125,313.7799987792969,313.55999755859375,313.6400146484375,62159
2026-08-31 12:37:00-04:00,313.3900146484375,313.6099853515625,313.3700866699219,313.6099853515625,56488
2026-08-31 12:38:00-04:00,313.0899963378906,313.44000244140625,313.0400085449219,313.3999938964844,67067
2026-08-31 12:39:00-04:00,313.1300048828125,313.5400085449219,313.06500244140625,313.1050109863281,151629
2026-08-31 12:40:00-04:00,313.5351867675781,313.55999755859375,313.1199951171875,313.1400146484375,76661
2026-08-31 12:41:00-04:00,313.489990234375,313.55999755859375,313.3699951171875,313.5400085449219,42974
2026-08-31 12:42:00-04:00,313.385009765625,313.510009765625,313.2799987792969,313.510009765625,65317
2026-08-31 12:43:00-04:00,313.46990966796875,313.5299987792969,313.268798828125,313.38079833984375,63518
2026-08-31 12:44:00-04:00,313.4800109863281,313.4800109863281,313.3450012207031,313.4700012207031,49145
2026-08-31 12:45:00-04:00,313.3999938964844,313.7099914550781,313.3900146484375,313.4800109863281,56072
2026-08-31 12:46:00-04:00,313.6300048828125,313.7300109863281,313.3901062011719,313.3999938964844,55005
2026-08-31 12:47:00-04:00,313.5199890136719,313.6698913574219,313.5,313.6300048828125,68252
2026-08-31 12:48:00-04:00,313.6549987792969,313.7099914550781,313.5299987792969,313.5400085449219,33893
2026-08-31 12:49:00-04:00,313.70001220703125,313.739990234375,313.55999755859375,313.66009521484375,29782
2026-08-31 12:50:00-04:00,313.6824035644531,313.7300109863281,313.54998779296875,313.67999267578125,38518
2026-08-31 12:51:00-04:00,313.6199951171875,313.739990234375,313.6099853515625,313.7250061035156,24247
2026-08-31 12:52:00-04:00,313.6499938964844,313.7149963378906,313.6000061035156,313.6246032714844,30801
2026-08-31 12:53:00-04:00,313.7799987792969,313.9200134277344,313.54998779296875,313.635009765625,57427
2026-08-31 12:54:00-04:00,313.760009765625,313.7898864746094,313.6600036621094,313.760009765625,23992
2026-08-31 12:55:00-04:00,313.81500244140625,313.8699951171875,313.75,313.7699890136719,25347
2026-08-31 12:56:00-04:00,313.70001220703125,313.8800048828125,313.6000061035156,313.81500244140625,46146
2026-08-31 12:57:00-04:00,313.7799987792969,313.7850036621094,313.70001220703125,313.7200012207031,26896
2026-08-31 12:58:00-04:00,313.7799987792969,313.8500061035156,313.75,313.78851318359375,29261
2026-08-31 12:59:00-04:00,313.760009765625,313.79998779296875,313.7099914550781,313.7650146484375,35069
2026-08-31 13:00:00-04:00,313.69000244140625,313.7749938964844,313.69000244140625,313.760009765625,31085
2026-08-31 13:01:00-04:00,313.56500244140625,313.69000244140625,313.4800109863281,313.69000244140625,46223
2026-08-31 13:02:00-04:00,313.57000732421875,313.57000732421875,313.4223937988281,313.55999755859375,30374
2026-08-31 13:03:00-04:00,313.57000732421875,313.6700134277344,313.529296875,313.55999755859375,33399
2026-08-31 13:04:00-04:00,313.4800109863281,313.5671081542969,313.4100036621094,313.55999755859375,47446
2026-08-31 13:05:00-04:00,313.5508117675781,313.55999755859375,313.42498779296875,313.5050048828125,26775
2026-08-31 13:06:00-04:00,313.6199951171875,313.6199951171875,313.5400085449219,313.54998779296875,26868
2026-08-31 13:07:00-04:00,313.739990234375,313.7650146484375,313.61590576171875,313.61590576171875,31632
2026-08-31 13:08:00-04:00,313.6451110839844,313.7898864746094,313.6199951171875,313.7550048828125,47561
2026-08-31 13:09:00-04:00,313.62200927734375,313.67999267578125,313.61138916015625,313.6400146484375,16288
2026-08-31 13:10:00-04:00,313.6300048828125,313.6698913574219,313.6050109863281,313.6199951171875,17220
2026-08-31 13:11:00-04:00,313.7008056640625,313.7355041503906,313.625,313.625,29757
2026-08-31 13:12:00-04:00,313.760009765625,313.7650146484375,313.57000732421875,313.69000244140625,34206
2026-08-31 13:13:00-04:00,313.80999755859375,313.8949890136719,313.760009765625,313.7650146484375,37570
2026-08-31 13:14:00-04:00,314.0314025878906,314.06500244140625,313.7900085449219,313.7950134277344,62033
2026-08-31 13:15:00-04:00,313.875,314.04998779296875,313.7699890136719,314.04998779296875,44403
2026-08-31 13:16:00-04:00,313.9100036621094,313.9800109863281,313.84619140625,313.8699951171875,18828
2026-08-31 13:17:00-04:00,313.95001220703125,313.989990234375,313.8511962890625,313.9150085449219,65160
2026-08-31 13:18:00-04:00,314.04998779296875,314.07000732421875,313.92010498046875,313.9457092285156,24124
2026-08-31 13:19:00-04:00,314.07000732421875,314.0950012207031,313.9100036621094,314.05999755859375,35428
2026-08-31 13:20:00-04:00,314.0799865722656,314.20001220703125,314.0150146484375,314.07000732421875,39895
2026-08-31 13:21:00-04:00,314.1300048828125,314.17999267578125,314.05999755859375,314.05999755859375,35242
2026-08-31 13:22:00-04:00,314.1600036621094,314.2250061035156,314.1199951171875,314.125,38628
2026-08-31 13:23:00-04:00,314.2049865722656,314.25,314.1600036621094,314.1600036621094,124476
2026-08-31 13:24:00-04:00,314.1499938964844,314.19000244140625,314.1099853515625,314.19000244140625,21945
2026-08-31 13:25:00-04:00,314.0,314.156005859375,313.9800109863281,314.1499938964844,41842
2026-08-31 13:26:00-04:00,314.0,314.04998779296875,313.95001220703125,313.9949951171875,33990
2026-08-31 13:27:00-04:00,313.8500061035156,313.9800109863281,313.8299865722656,313.9700012207031,24238
2026-08-31 13:28:00-04:00,313.8500061035156,313.8900146484375,313.7900085449219,313.8599853515625,28083
2026-08-31 13:29:00-04:00,313.8800048828125,313.8999938964844,313.760009765625,313.8544921875,32341
2026-08-31 13:30:00-04:00,313.7099914550781,313.864990234375,313.67999267578125,313.8500061035156,25995
2026-08-31 13:31:00-04:00,313.6400146484375,313.7300109863281,313.614990234375,313.7200012207031,25101
2026-08-31 13:32:00-04:00,313.70001220703125,313.75,313.6199951171875,313.6700134277344,34447
2026-08-31 13:33:00-04:00,313.69500732421875,313.7349853515625,313.6700134277344,313.7099914550781,12474
2026-08-31 13:34:00-04:00,313.3949890136719,313.7200012207031,313.385009765625,313.7099914550781,40608
2026-08-31 13:35:00-04:00,313.5799865722656,313.6300048828125,313.3900146484375,313.3949890136719,88834
2026-08-31 13:36:00-04:00,313.7699890136719,313.7898864746094,313.5899963378906,313.59381103515625,54963
2026-08-31 13:37:00-04:00,313.9949951171875,314.07000732421875,313.7699890136719,313.7699890136719,69353
2026-08-31 13:38:00-04:00,313.94000244140625,313.9949951171875,313.9200134277344,313.989990234375,25973
2026-08-31 13:39:00-04:00,314.0950012207031,314.1000061035156,313.8900146484375,313.9346008300781,31181
2026-08-31 13:40:00-04:00,314.1400146484375,314.2099914550781,314.05499267578125,314.1000061035156,49214
2026-08-31 13:41:00-04:00,314.2049865722656,314.239990234375,314.1099853515625,314.1400146484375,40373
2026-08-31 13:42:00-04:00,314.06500244140625,314.2380065917969,313.9800109863281,314.20001220703125,41456
2026-08-31 13:43:00-04:00,314.1200866699219,314.1600036621094,314.0199890136719,314.05499267578125,30386
2026-08-31 13:44:00-04:00,314.1700134277344,314.1700134277344,314.0946044921875,314.1199951171875,24173
2026-08-31 13:45:00-04:00,314.260009765625,314.2699890136719,314.1650085449219,314.1700134277344,46807
2026-08-31 13:46:00-04:00,314.2449951171875,314.4100036621094,314.2200012207031,314.260009765625,41522
2026-08-31 13:47:00-04:00,314.32000732421875,314.3399963378906,314.2099914550781,314.260009765625,30726
2026-08-31 13:48:00-04:00,314.3699951171875,314.4200134277344,314.29998779296875,314.29998779296875,29095
2026-08-31 13:49:00-04:00,314.42498779296875,314.4849853515625,314.37908935546875,314.37908935546875,36730
2026-08-31 13:50:00-04:00,314.52899169921875,314.54998779296875,314.4200134277344,314.42120361328125,35915
2026-08-31 13:51:00-04:00,314.67999267578125,314.70001220703125,314.489990234375,314.5262145996094,50665
2026-08-31 13:52:00-04:00,314.79998779296875,314.8399963378906,314.6300048828125,314.6700134277344,43003
2026-08-31 13:53:00-04:00,314.82000732421875,314.8699951171875,314.79998779296875,314.82000732421875,33585
2026-08-31 13:54:00-04:00,315.1000061035156,315.114990234375,314.82000732421875,314.82000732421875,76581
2026-08-31 13:55:00-04:00,315.0299987792969,315.19500732421875,315.0199890136719,315.1098937988281,81636
2026-08-31 13:56:00-04:00,315.0299987792969,315.17999267578125,315.0299987792969,315.03009033203125,63610
2026-08-31 13:57:00-04:00,314.94000244140625,315.0400085449219,314.9200134277344,315.010009765625,44127
2026-08-31 13:58:00-04:00,315.010009765625,315.0450134277344,314.94500732421875,314.94500732421875,35272
2026-08-31 13:59:00-04:00,315.07489013671875,315.1000061035156,314.9700012207031,315.0050048828125,24217
2026-08-31 14:00:00-04:00,315.04998779296875,315.1000061035156,315.0,315.0799865722656,38455
2026-08-31 14:01:00-04:00,314.93499755859375,315.1199951171875,314.9100036621094,315.0450134277344,45768
2026-08-31 14:02:00-04:00,314.92999267578125,315.0199890136719,314.9100036621094,314.94500732421875,47109
2026-08-31 14:03:00-04:00,315.0849914550781,315.18499755859375,314.92999267578125,314.9346008300781,34315
2026-08-31 14:04:00-04:00,315.1600036621094,315.20001220703125,315.05999755859375,315.08990478515625,33324
2026-08-31 14:05:00-04:00,315.1700134277344,315.18499755859375,315.0600891113281,315.1600036621094,38058
2026-08-31 14:06:00-04:00,315.3349914550781,315.3699951171875,315.1700134277344,315.18499755859375,46251
2026-08-31 14:07:00-04:00,315.3301086425781,315.3500061035156,315.2300109863281,315.3299865722656,39663
2026-08-31 14:08:00-04:00,315.4949951171875,315.4949951171875,315.3299865722656,315.3349914550781,57736
2026-08-31 14:09:00-04:00,315.6000061035156,315.6000061035156,315.4100036621094,315.5,115110
2026-08-31 14:10:00-04:00,315.57000732421875,315.6300048828125,315.4800109863281,315.6000061035156,54621
2026-08-31 14:11:00-04:00,315.6000061035156,315.6000061035156,315.3501892089844,315.57000732421875,43910
2026-08-31 14:12:00-04:00,315.56988525390625,315.7099914550781,315.54998779296875,315.6099853515625,75015
2026-08-31 14:13:00-04:00,315.33990478515625,315.5820007324219,315.29998779296875,315.57000732421875,52760
2026-08-31 14:14:00-04:00,315.3599853515625,315.3999938964844,315.27978515625,315.32501220703125,37315
2026-08-31 14:15:00-04:00,315.2799987792969,315.3599853515625,315.2200012207031,315.3599853515625,28923
2026-08-31 14:16:00-04:00,315.29998779296875,315.3900146484375,315.239990234375,315.2799987792969,41388
2026-08-31 14:17:00-04:00,315.30999755859375,315.3299865722656,315.1300048828125,315.30499267578125,33517
2026-08-31 14:18:00-04:00,315.29998779296875,315.389892578125,315.260009765625,315.29998779296875,23128
2026-08-31 14:19:00-04:00,315.43109130859375,315.44000244140625,315.2699890136719,315.2699890136719,38489
2026-08-31 14:20:00-04:00,315.5450134277344,315.55999755859375,315.44000244140625,315.44000244140625,34736
2026-08-31 14:21:00-04:00,315.5050048828125,315.57000732421875,315.4700012207031,315.53021240234375,38852
2026-08-31 14:22:00-04:00,315.5751037597656,315.6099853515625,315.45001220703125,315.5050048828125,38396
2026-08-31 14:23:00-04:00,315.9100036621094,315.95989990234375,315.57501220703125,315.57501220703125,82338
2026-08-31 14:24:00-04:00,315.80499267578125,316.0199890136719,315.7799987792969,315.9150085449219,77226
2026-08-31 14:25:00-04:00,315.69500732421875,315.8800048828125,315.6900939941406,315.82000732421875,53853
2026-08-31 14:26:00-04:00,315.6200866699219,315.739990234375,315.51031494140625,315.69989013671875,57669
2026-08-31 14:27:00-04:00,315.80999755859375,315.82000732421875,315.6300048828125,315.6300048828125,52706
2026-08-31 14:28:00-04:00,315.80010986328125,315.8500061035156,315.7200012207031,315.80999755859375,39446
2026-08-31 14:29:00-04:00,315.68499755859375,315.80999755859375,315.6600036621094,315.80999755859375,27020
2026-08-31 14:30:00-04:00,315.760009765625,315.82000732421875,315.6300048828125,315.681884765625,30819
2026-08-31 14:31:00-04:00,315.7950134277344,315.9100036621094,315.7200012207031,315.75,51308
2026-08-31 14:32:00-04:00,315.8299865722656,315.8695983886719,315.760009765625,315.79998779296875,22163
2026-08-31 14:33:00-04:00,315.8299865722656,315.9154052734375,315.8017883300781,315.8399963378906,29771
2026-08-31 14:34:00-04:00,315.8399963378906,315.8999938964844,315.75,315.82501220703125,30623
2026-08-31 14:35:00-04:00,315.760009765625,315.8500061035156,315.7550048828125,315.8399963378906,29209
2026-08-31 14:36:00-04:00,315.6000061035156,315.7799987792969,315.5600891113281,315.7699890136719,38092
2026-08-31 14:37:00-04:00,315.590087890625,315.6499938964844,315.5476989746094,315.5899963378906,27762
2026-08-31 14:38:00-04:00,315.3599853515625,315.6400146484375,315.30999755859375,315.6000061035156,51675
2026-08-31 14:39:00-04:00,315.2926025390625,315.4200134277344,315.2900085449219,315.3611145019531,30364
2026-08-31 14:40:00-04:00,315.4200134277344,315.4200134277344,315.2099914550781,315.29998779296875,37631
2026-08-31 14:41:00-04:00,315.3599853515625,315.42498779296875,315.32000732421875,315.4100036621094,36327
2026-08-31 14:42:00-04:00,315.1600036621094,315.3599853515625,315.1300048828125,315.3599853515625,37538
2026-08-31 14:43:00-04:00,315.1300048828125,315.20001220703125,315.010009765625,315.17498779296875,45864
2026-08-31 14:44:00-04:00,315.2701110839844,315.30999755859375,315.1000061035156,315.14990234375,33373
2026-08-31 14:45:00-04:00,315.27850341796875,315.349609375,315.17999267578125,315.2701110839844,30087
2026-08-31 14:46:00-04:00,315.3800048828125,315.4049987792969,315.2200012207031,315.260009765625,27115
2026-08-31 14:47:00-04:00,315.46600341796875,315.46600341796875,315.364013671875,315.385009765625,21976
2026-08-31 14:48:00-04:00,315.44000244140625,315.45001220703125,315.3548889160156,315.45001220703125,30327
2026-08-31 14:49:00-04:00,315.2900085449219,315.4599914550781,315.2900085449219,315.44500732421875,25436
2026-08-31 14:50:00-04:00,315.3900146484375,315.4150085449219,315.2699890136719,315.2749938964844,27973
2026-08-31 14:51:00-04:00,315.4150085449219,315.4298095703125,315.3575134277344,315.385009765625,19236
2026-08-31 14:52:00-04:00,315.3800048828125,315.45001220703125,315.3399963378906,315.4150085449219,20577
2026-08-31 14:53:00-04:00,315.36199951171875,315.44000244140625,315.3299865722656,315.3900146484375,29819
2026-08-31 14:54:00-04:00,315.3999938964844,315.4100036621094,315.31170654296875,315.3299865722656,19512
2026-08-31 14:55:00-04:00,315.2789001464844,315.45001220703125,315.2550048828125,315.3949890136719,37550
2026-08-31 14:56:00-04:00,315.3026123046875,315.364990234375,315.25,315.2799987792969,34585
2026-08-31 14:57:00-04:00,315.3599853515625,315.3900146484375,315.2401123046875,315.32000732421875,24163
2026-08-31 14:58:00-04:00,315.3901062011719,315.39990234375,315.32000732421875,315.3500061035156,21643
2026-08-31 14:59:00-04:00,315.3900146484375,315.42498779296875,315.3500061035156,315.3949890136719,29765
2026-08-31 15:00:00-04:00,315.4490051269531,315.5400085449219,315.3949890136719,315.3949890136719,35657
2026-08-31 15:01:00-04:00,315.4700012207031,315.5400085449219,315.44500732421875,315.44500732421875,24613
2026-08-31 15:02:00-04:00,315.5350036621094,315.6199951171875,315.45001220703125,315.4726867675781,51756
2026-08-31 15:03:00-04:00,315.55499267578125,315.57000732421875,315.42999267578125,315.5350036621094,32659
2026-08-31 15:04:00-04:00,315.6050109863281,315.69000244140625,315.4801025390625,315.54998779296875,47433
2026-08-31 15:05:00-04:00,315.6000061035156,315.6199951171875,315.510009765625,315.57501220703125,25217
2026-08-31 15:06:00-04:00,315.54229736328125,315.5799865722656,315.4601135253906,315.5799865722656,18025
2026-08-31 15:07:00-04:00,315.56500244140625,315.5899963378906,315.5050048828125,315.5450134277344,21770
2026-08-31 15:08:00-04:00,315.54998779296875,315.6195068359375,315.5199890136719,315.57000732421875,30345
2026-08-31 15:09:00-04:00,315.65008544921875,315.69000244140625,315.54998779296875,315.54998779296875,32120
2026-08-31 15:10:00-04:00,315.7582092285156,315.80999755859375,315.69000244140625,315.69000244140625,55113
2026-08-31 15:11:00-04:00,315.8500061035156,315.8999938964844,315.75,315.75,40767
2026-08-31 15:12:00-04:00,315.9849853515625,315.989990234375,315.8399963378906,315.8699035644531,58081
2026-08-31 15:13:00-04:00,315.94500732421875,315.98638916015625,315.82000732421875,315.9849853515625,59328
2026-08-31 15:14:00-04:00,316.0299987792969,316.06988525390625,315.95001220703125,315.95001220703125,59237
2026-08-31 15:15:00-04:00,315.9800109863281,316.0400085449219,315.93499755859375,316.010009765625,49800
2026-08-31 15:16:00-04:00,316.010009765625,316.0799865722656,315.95001220703125,315.9700012207031,58627
2026-08-31 15:17:00-04:00,315.9200134277344,316.0450134277344,315.9200134277344,316.0299987792969,36010
2026-08-31 15:18:00-04:00,315.9200134277344,315.9599914550781,315.8699951171875,315.93499755859375,46883
2026-08-31 15:19:00-04:00,315.93499755859375,315.95001220703125,315.8399963378906,315.92498779296875,28917
2026-08-31 15:20:00-04:00,315.82000732421875,315.94500732421875,315.80999755859375,315.94000244140625,41755
2026-08-31 15:21:00-04:00,315.67999267578125,315.82000732421875,315.6600036621094,315.82000732421875,90922
2026-08-31 15:22:00-04:00,315.8299865722656,315.8299865722656,315.6600036621094,315.67999267578125,31916
2026-08-31 15:23:00-04:00,315.8900146484375,315.94500732421875,315.82000732421875,315.8299865722656,33557
2026-08-31 15:24:00-04:00,315.82000732421875,315.91009521484375,315.82000732421875,315.89019775390625,33360
2026-08-31 15:25:00-04:00,315.8299865722656,315.8399963378906,315.7650146484375,315.81201171875,27099
2026-08-31 15:26:00-04:00,315.8599853515625,315.8695068359375,315.7099914550781,315.8340148925781,40194
2026-08-31 15:27:00-04:00,316.0050048828125,316.0199890136719,315.8399963378906,315.860107421875,49008
2026-08-31 15:28:00-04:00,316.010009765625,316.07000732421875,315.9200134277344,316.0150146484375,70205
2026-08-31 15:29:00-04:00,316.0249938964844,316.1600036621094,315.9801025390625,316.04998779296875,65133
2026-08-31 15:30:00-04:00,315.8599853515625,316.07000732421875,315.8500061035156,316.0299987792969,65068
2026-08-31 15:31:00-04:00,315.7925109863281,315.8999938964844,315.7799987792969,315.875,48241
2026-08-31 15:32:00-04:00,315.8699951171875,315.92498779296875,315.7973937988281,315.7973937988281,30160
2026-08-31 15:33:00-04:00,315.80499267578125,315.8699951171875,315.7699890136719,315.8699951171875,38331
2026-08-31 15:34:00-04:00,315.82000732421875,315.8599853515625,315.75,315.7799987792969,31000
2026-08-31 15:35:00-04:00,315.8500061035156,315.8710021972656,315.7799987792969,315.81500244140625,51613
2026-08-31 15:36:00-04:00,315.93499755859375,316.0299987792969,315.84259033203125,315.8599853515625,45658
2026-08-31 15:37:00-04:00,315.9800109863281,315.9849853515625,315.8999938964844,315.92999267578125,42870
2026-08-31 15:38:00-04:00,315.9938049316406,316.04998779296875,315.91009521484375,315.9599914550781,45640
2026-08-31 15:39:00-04:00,316.0400085449219,316.05999755859375,315.9700927734375,315.989990234375,50821
2026-08-31 15:40:00-04:00,316.10009765625,316.1099853515625,316.03289794921875,316.04998779296875,38212
2026-08-31 15:41:00-04:00,316.2149963378906,316.239013671875,316.0199890136719,316.1099853515625,108045
2026-08-31 15:42:00-04:00,316.3500061035156,316.4200134277344,316.20660400390625,316.20660400390625,177026
2026-08-31 15:43:00-04:00,316.3999938964844,316.4599914550781,316.17999267578125,316.3599853515625,233385
2026-08-31 15:44:00-04:00,316.4599914550781,316.510009765625,316.3399963378906,316.42999267578125,102930
2026-08-31 15:45:00-04:00,316.25,316.45001220703125,316.1650085449219,316.44500732421875,103345
2026-08-31 15:46:00-04:00,316.45001220703125,316.5199890136719,316.135009765625,316.239990234375,145427
2026-08-31 15:47:00-04:00,316.260009765625,316.5793151855469,316.25,316.45001220703125,120354
2026-08-31 15:48:00-04:00,316.4200134277344,316.5,316.19000244140625,316.2699890136719,86069
2026-08-31 15:49:00-04:00,316.75,316.75,316.4393005371094,316.44000244140625,111198
2026-08-31 15:50:00-04:00,316.739990234375,317.69000244140625,316.6700134277344,316.760009765625,375237
2026-08-31 15:51:00-04:00,316.9599914550781,316.989013671875,316.510009765625,316.7650146484375,170083
2026-08-31 15:52:00-04:00,316.989013671875,317.0950012207031,316.8800048828125,316.9601135253906,184087
2026-08-31 15:53:00-04:00,316.7900085449219,317.04998779296875,316.67999267578125,316.989990234375,140911
2026-08-31 15:54:00-04:00,316.9549865722656,317.1499938964844,316.55999755859375,316.7950134277344,191096
2026-08-31 15:55:00-04:00,316.3299865722656,316.9949951171875,315.7099914550781,316.9649963378906,369773
2026-08-31 15:56:00-04:00,316.79071044921875,316.82000732421875,316.3399963378906,316.3399963378906,216302
2026-08-31 15:57:00-04:00,316.9100036621094,316.9549865722656,316.6300048828125,316.80999755859375,252437
2026-08-31 15:58:00-04:00,316.9700012207031,317.0,316.7799987792969,316.92999267578125,432414
2026-08-31 15:59:00-04:00,317.2300109863281,317.4800109863281,316.5400085449219,316.9700012207031,995262
2026-09-01 09:30:00-04:00,316.70001220703125,317.3800048828125,316.2099914550781,316.9800109863281,1398096
2026-09-01 09:31:00-04:00,316.0,316.760009765625,315.510009765625,316.70001220703125,131713
2026-09-01 09:32:00-04:00,315.5227966308594,316.45001220703125,315.5199890136719,315.8999938964844,116579
2026-09-01 09:33:00-04:00,315.04998779296875,315.6700134277344,314.9200134277344,315.5,155761
2026-09-01 09:34:00-04:00,315.3399963378906,315.3500061035156,314.73699951171875,315.0,100709
2026-09-01 09:35:00-04:00,316.4599914550781,316.5,315.19000244140625,315.3699951171875,121632
2026-09-01 09:36:00-04:00,317.2944030761719,317.3599853515625,316.35009765625,316.4049987792969,149212
2026-09-01 09:37:00-04:00,317.92999267578125,318.0400085449219,317.2200012207031,317.30999755859375,224923
2026-09-01 09:38:00-04:00,317.8550109863281,318.1199951171875,317.3599853515625,317.93499755859375,270874
2026-09-01 09:39:00-04:00,318.1650085449219,318.25,317.70001220703125,317.82000732421875,168244
2026-09-01 09:40:00-04:00,318.385009765625,318.42999267578125,317.7200012207031,318.1700134277344,191544
2026-09-01 09:41:00-04:00,318.8042907714844,318.8999938964844,318.1455993652344,318.3940124511719,226209
2026-09-01 09:42:00-04:00,318.885009765625,319.1300048828125,318.54998779296875,318.7850036621094,222131
2026-09-01 09:43:00-04:00,318.3699951171875,319.0799865722656,318.2200012207031,318.885009765625,205192
2026-09-01 09:44:00-04:00,319.1499938964844,319.3399963378906,318.3599853515625,318.3699951171875,259321
2026-09-01 09:45:00-04:00,319.44500732421875,319.760009765625,319.0199890136719,319.1499938964844,305376
2026-09-01 09:46:00-04:00,320.1890869140625,320.45001220703125,319.3599853515625,319.4649963378906,377068
2026-09-01 09:47:00-04:00,320.3973083496094,320.4895935058594,319.9100036621094,320.19000244140625,220534
2026-09-01 09:48:00-04:00,320.7749938964844,321.0,320.39739990234375,320.44000244140625,295606
2026-09-01 09:49:00-04:00,320.6700134277344,320.92999267578125,320.42449951171875,320.7900085449219,241273
2026-09-01 09:50:00-04:00,320.7900085449219,320.8890075683594,320.42999267578125,320.635009765625,212345
2026-09-01 09:51:00-04:00,321.5990905761719,321.7550048828125,320.7099914550781,320.7099914550781,420438
2026-09-01 09:52:00-04:00,320.94000244140625,321.59588623046875,320.69000244140625,321.5899963378906,241683
2026-09-01 09:53:00-04:00,320.489990234375,321.07501220703125,320.1700134277344,320.9100036621094,187086
2026-09-01 09:54:00-04:00,321.7449951171875,321.7799987792969,320.4305114746094,320.5199890136719,215310
2026-09-01 09:55:00-04:00,321.2250061035156,321.7799072265625,320.82000732421875,321.7101135253906,374374
2026-09-01 09:56:00-04:00,320.8299865722656,321.70001220703125,320.8299865722656,321.2250061035156,232174
2026-09-01 09:57:00-04:00,321.1300048828125,321.3301086425781,320.8299865722656,320.8299865722656,138956
2026-09-01 09:58:00-04:00,322.1050109863281,322.19000244140625,321.1300048828125,321.1300048828125,332357
2026-09-01 09:59:00-04:00,322.69500732421875,322.75,322.0299987792969,322.1099853515625,320336
2026-09-01 10:00:00-04:00,323.04998779296875,323.1700134277344,322.5799865722656,322.69500732421875,468544
2026-09-01 10:01:00-04:00,322.9700012207031,323.3900146484375,322.82000732421875,323.07000732421875,295156
2026-09-01 10:02:00-04:00,322.3999938964844,322.9750061035156,322.04998779296875,322.9750061035156,293538
2026-09-01 10:03:00-04:00,322.0,322.5799865722656,321.8399963378906,322.3999938964844,184192
2026-09-01 10:04:00-04:00,321.80999755859375,322.0264892578125,321.4700012207031,322.0199890136719,176672
2026-09-01 10:05:00-04:00,322.2049865722656,322.6300048828125,321.80999755859375,321.81988525390625,203628
2026-09-01 10:06:00-04:00,322.489990234375,322.6400146484375,322.17999267578125,322.20001220703125,132427
2026-09-01 10:07:00-04:00,323.2250061035156,323.2799987792969,322.4877014160156,322.4877014160156,233340
2026-09-01 10:08:00-04:00,322.760009765625,323.3399963378906,322.29998779296875,323.2250061035156,410188
2026-09-01 10:09:00-04:00,323.0,323.0400085449219,322.6099853515625,322.743896484375,125769
2026-09-01 10:10:00-04:00,322.9700012207031,323.2300109863281,322.9410095214844,323.0,149191
2026-09-01 10:11:00-04:00,323.19000244140625,323.4200134277344,322.9599914550781,322.9599914550781,150222
2026-09-01 10:12:00-04:00,323.1650085449219,323.32000732421875,322.9599914550781,323.19000244140625,100145
2026-09-01 10:13:00-04:00,323.4849853515625,323.5299987792969,323.05999755859375,323.1700134277344,209729
2026-09-01 10:14:00-04:00,323.4049987792969,323.5199890136719,323.1600036621094,323.4849853515625,117952
2026-09-01 10:15:00-04:00,323.589599609375,323.760009765625,323.39068603515625,323.4049987792969,218053
2026-09-01 10:16:00-04:00,323.29998779296875,323.67999267578125,323.28009033203125,323.57501220703125,126263
2026-09-01 10:17:00-04:00,323.510009765625,323.5400085449219,323.19000244140625,323.30499267578125,125685
2026-09-01 10:18:00-04:00,323.0849914550781,323.55999755859375,323.0400085449219,323.5350036621094,125305
2026-09-01 10:19:00-04:00,323.5801086425781,323.70001220703125,323.0299987792969,323.0799865722656,165271
2026-09-01 10:20:00-04:00,323.7200012207031,323.9800109863281,323.510009765625,323.5820007324219,205668
2026-09-01 10:21:00-04:00,324.510009765625,324.6199951171875,323.739990234375,323.75390625,338012
2026-09-01 10:22:00-04:00,325.0101013183594,325.1050109863281,324.4700012207031,324.5,466639
2026-09-01 10:23:00-04:00,324.875,325.2099914550781,324.85009765625,324.9949951171875,277194
2026-09-01 10:24:00-04:00,325.1449890136719,325.1600036621094,324.67999267578125,324.8900146484375,220564
2026-09-01 10:25:00-04:00,324.8900146484375,325.25,324.7900085449219,325.1600036621094,215647
2026-09-01 10:26:00-04:00,325.2900085449219,325.29998779296875,324.8861999511719,324.9100036621094,212631
2026-09-01 10:27:00-04:00,324.989990234375,325.3900146484375,324.9700012207031,325.2749938964844,151501
2026-09-01 10:28:00-04:00,324.79998779296875,325.07000732421875,324.67010498046875,324.989990234375,193326
2026-09-01 10:29:00-04:00,325.3445129394531,325.3699951171875,324.760009765625,324.76611328125,191480
2026-09-01 10:30:00-04:00,324.8999938964844,325.3900146484375,324.82000732421875,325.3351135253906,277731
2026-09-01 10:31:00-04:00,324.7229919433594,325.0350036621094,324.71258544921875,324.875,208535
2026-09-01 10:32:00-04:00,325.2699890136719,325.3299865722656,324.65008544921875,324.7200012207031,196404
2026-09-01 10:33:00-04:00,325.5920104980469,325.7699890136719,325.19000244140625,325.260009765625,342700
2026-09-01 10:34:00-04:00,325.635009765625,325.8599853515625,325.5249938964844,325.6099853515625,211640
2026-09-01 10:35:00-04:00,325.0729064941406,325.70001220703125,325.0295104980469,325.6400146484375,138892
2026-09-01 10:36:00-04:00,324.8599853515625,325.1700134277344,324.8299865722656,325.1000061035156,206095
2026-09-01 10:37:00-04:00,324.79998779296875,324.95001220703125,324.55999755859375,324.8349914550781,163243
2026-09-01 10:38:00-04:00,324.5799865722656,324.989990234375,324.51458740234375,324.79998779296875,112784
2026-09-01 10:39:00-04:00,324.70001220703125,324.80999755859375,324.54010009765625,324.5799865722656,88178
2026-09-01 10:40:00-04:00,324.80499267578125,325.0989990234375,324.739990234375,324.76220703125,103480
2026-09-01 10:41:00-04:00,324.6300048828125,324.8500061035156,324.6199951171875,324.79998779296875,99816
2026-09-01 10:42:00-04:00,324.56500244140625,324.625,324.239990234375,324.6199951171875,152368
2026-09-01 10:43:00-04:00,324.4549865722656,324.55999755859375,324.3500061035156,324.5557861328125,70854
2026-09-01 10:44:00-04:00,324.7349853515625,324.79998779296875,324.3900146484375,324.4599914550781,147896
2026-09-01 10:45:00-04:00,324.6700134277344,324.75,324.5350036621094,324.7349853515625,67352
2026-09-01 10:46:00-04:00,324.8450012207031,324.9100036621094,324.6199951171875,324.65740966796875,77317
2026-09-01 10:47:00-04:00,325.0199890136719,325.14990234375,324.79998779296875,324.8500061035156,109193
2026-09-01 10:48:00-04:00,324.9599914550781,325.08990478515625,324.8699951171875,325.0480041503906,89768
2026-09-01 10:49:00-04:00,325.19000244140625,325.2550048828125,324.9512023925781,324.9700012207031,135424
2026-09-01 10:50:00-04:00,325.1300048828125,325.25,324.9200134277344,325.19989013671875,91230
2026-09-01 10:51:00-04:00,324.8100891113281,325.1499938964844,324.69000244140625,325.1199951171875,109956
2026-09-01 10:52:00-04:00,324.625,325.0400085449219,324.5199890136719,324.82000732421875,101970
2026-09-01 10:53:00-04:00,324.6199951171875,324.6449890136719,324.4523010253906,324.625,71701
2026-09-01 10:54:00-04:00,324.7998962402344,324.8351135253906,324.6199951171875,324.6199951171875,46283
2026-09-01 10:55:00-04:00,324.7449951171875,324.9200134277344,324.6499938964844,324.80999755859375,52067
2026-09-01 10:56:00-04:00,324.92999267578125,324.95001220703125,324.625,324.7449951171875,52243
2026-09-01 10:57:00-04:00,324.96990966796875,325.1199035644531,324.8575134277344,324.9200134277344,97086
2026-09-01 10:58:00-04:00,324.7850036621094,325.0799865722656,324.7001037597656,324.965087890625,112995
2026-09-01 10:59:00-04:00,324.3800048828125,324.8999938964844,324.239990234375,324.81500244140625,92237
2026-09-01 11:00:00-04:00,324.0032043457031,324.3949890136719,323.9700012207031,324.3900146484375,222887
2026-09-01 11:01:00-04:00,324.2488098144531,324.2499084472656,323.8846130371094,323.9949951171875,105044
2026-09-01 11:02:00-04:00,323.8299865722656,324.2300109863281,323.6600036621094,324.2300109863281,134523
2026-09-01 11:03:00-04:00,323.47540283203125,323.9298095703125,323.4599914550781,323.8399963378906,116429
2026-09-01 11:04:00-04:00,323.1199951171875,323.45819091796875,322.95001220703125,323.45001220703125,153019
2026-09-01 11:05:00-04:00,323.3800048828125,323.3999938964844,323.0899963378906,323.1199951171875,87711
2026-09-01 11:06:00-04:00,323.0199890136719,323.489990234375,323.0199890136719,323.385009765625,81836
2026-09-01 11:07:00-04:00,322.8500061035156,323.1299133300781,322.7699890136719,323.0613098144531,89145
2026-09-01 11:08:00-04:00,322.989990234375,323.19000244140625,322.8301086425781,322.8500061035156,96193
2026-09-01 11:09:00-04:00,323.1199951171875,323.29998779296875,322.95001220703125,323.0050048828125,145107
2026-09-01 11:10:00-04:00,323.0849914550781,323.2099914550781,322.9797058105469,323.1099853515625,71850
2026-09-01 11:11:00-04:00,323.114990234375,323.21990966796875,323.05499267578125,323.0899963378906,77526
2026-09-01 11:12:00-04:00,322.8999938964844,323.18499755859375,322.8500061035156,323.114990234375,69539
2026-09-01 11:13:00-04:00,323.095703125,323.1499938964844,322.739990234375,322.8800048828125,91207
2026-09-01 11:14:00-04:00,323.3599853515625,323.4100036621094,323.05999755859375,323.07000732421875,92279
2026-09-01 11:15:00-04:00,323.8900146484375,323.8999938964844,323.3299865722656,323.3599853515625,130013
2026-09-01 11:16:00-04:00,323.94500732421875,324.0199890136719,323.6000061035156,323.8999938964844,142917
2026-09-01 11:17:00-04:00,324.4298095703125,324.42999267578125,323.8699951171875,323.94500732421875,134277
2026-09-01 11:18:00-04:00,324.8599853515625,324.889892578125,324.3999938964844,324.40460205078125,100056
2026-09-01 11:19:00-04:00,325.05999755859375,325.0799865722656,324.8299865722656,324.8399963378906,127684
2026-09-01 11:20:00-04:00,325.2099914550781,325.44000244140625,324.9861145019531,325.0400085449219,170492
2026-09-01 11:21:00-04:00,325.114990234375,325.42999267578125,325.0899963378906,325.20001220703125,137054
2026-09-01 11:22:00-04:00,324.7850036621094,325.2200012207031,324.739990234375,325.1000061035156,115504
2026-09-01 11:23:00-04:00,324.8550109863281,325.0794982910156,324.7900085449219,324.7900085449219,91478
2026-09-01 11:24:00-04:00,324.9200134277344,324.9599914550781,324.75,324.8550109863281,70772
2026-09-01 11:25:00-04:00,324.68499755859375,324.9999084472656,324.6000061035156,324.95001220703125,84561
2026-09-01 11:26:00-04:00,324.8205871582031,324.9800109863281,324.6600036621094,324.6600036621094,46228
2026-09-01 11:27:00-04:00,324.6700134277344,324.8699951171875,324.6000061035156,324.84649658203125,67664
2026-09-01 11:28:00-04:00,324.6000061035156,324.739990234375,324.5007019042969,324.6700134277344,93054
2026-09-01 11:29:00-04:00,324.6000061035156,324.69488525390625,324.3999938964844,324.5899963378906,86782
2026-09-01 11:30:00-04:00,324.7051086425781,324.7262878417969,324.4006042480469,324.6199951171875,62365
2026-09-01 11:31:00-04:00,324.41009521484375,324.7200012207031,324.360107421875,324.70001220703125,48014
2026-09-01 11:32:00-04:00,324.2969970703125,324.4200134277344,324.2300109863281,324.4200134277344,55246
2026-09-01 11:33:00-04:00,324.3399963378906,324.3500061035156,324.20001220703125,324.30499267578125,43537
2026-09-01 11:34:00-04:00,324.4200134277344,324.5199890136719,324.260009765625,324.3299865722656,52907
2026-09-01 11:35:00-04:00,324.2799987792969,324.4800109863281,324.2300109863281,324.44000244140625,43761
2026-09-01 11:36:00-04:00,324.1300048828125,324.32000732421875,324.1099853515625,324.2900085449219,51596
2026-09-01 11:37:00-04:00,324.2300109863281,324.260009765625,324.0199890136719,324.1449890136719,44263
2026-09-01 11:38:00-04:00,324.70001220703125,324.7475891113281,324.1199951171875,324.2300109863281,83114
2026-09-01 11:39:00-04:00,324.5400085449219,324.82989501953125,324.4700012207031,324.7099914550781,108483
2026-09-01 11:40:00-04:00,324.42999267578125,324.5400085449219,324.385009765625,324.5400085449219,56718
2026-09-01 11:41:00-04:00,324.76348876953125,325.07000732421875,324.41009521484375,324.42999267578125,122860
2026-09-01 11:42:00-04:00,325.0350036621094,325.1199951171875,324.7650146484375,324.7650146484375,95231
2026-09-01 11:43:00-04:00,325.2099914550781,325.2099914550781,325.0350036621094,325.0350036621094,65514
2026-09-01 11:44:00-04:00,325.1499938964844,325.2799987792969,325.04998779296875,325.2099914550781,72021
2026-09-01 11:45:00-04:00,325.2799987792969,325.55999755859375,325.010009765625,325.1700134277344,370772
2026-09-01 11:46:00-04:00,324.9849853515625,325.42999267578125,324.8700866699219,325.2950134277344,134778
2026-09-01 11:47:00-04:00,325.25,325.2699890136719,324.8800048828125,324.9849853515625,62923
2026-09-01 11:48:00-04:00,325.95819091796875,325.9700012207031,325.17999267578125,325.25,181347
2026-09-01 11:49:00-04:00,326.2200012207031,326.2699890136719,325.9100036621094,325.9549865722656,299146
2026-09-01 11:50:00-04:00,326.276611328125,326.3500061035156,325.9601135253906,326.2300109863281,119625
2026-09-01 11:51:00-04:00,326.55999755859375,326.55999755859375,326.25,326.2749938964844,167210
2026-09-01 11:52:00-04:00,326.67999267578125,326.70001220703125,326.4179992675781,326.55999755859375,148299
2026-09-01 11:53:00-04:00,327.18499755859375,327.19000244140625,326.6499938964844,326.69000244140625,212271
2026-09-01 11:54:00-04:00,326.8800048828125,327.226806640625,326.8500061035156,327.17498779296875,112943
2026-09-01 11:55:00-04:00,326.6499938964844,326.95001220703125,326.5824890136719,326.8800048828125,115113
2026-09-01 11:56:00-04:00,326.67999267578125,326.7250061035156,326.4599914550781,326.6400146484375,122535
2026-09-01 11:57:00-04:00,326.6549987792969,326.7699890136719,326.5299987792969,326.67999267578125,116793
2026-09-01 11:58:00-04:00,326.6499938964844,326.7149963378906,326.4599914550781,326.6400146484375,96741
2026-09-01 11:59:00-04:00,326.3599853515625,326.6600036621094,326.30999755859375,326.6400146484375,69871
2026-09-01 12:00:00-04:00,326.3900146484375,326.42999267578125,326.2099914550781,326.3800048828125,75888
2026-09-01 12:01:00-04:00,325.9200134277344,326.4100036621094,325.8550109863281,326.3699951171875,75004
2026-09-01 12:02:00-04:00,326.1199951171875,326.1861877441406,325.8999938964844,325.9200134277344,71267
2026-09-01 12:03:00-04:00,326.125,326.2300109863281,326.07000732421875,326.1199951171875,39997
2026-09-01 12:04:00-04:00,326.1700134277344,326.2300109863281,326.04998779296875,326.1199951171875,40786
2026-09-01 12:05:00-04:00,326.1600036621094,326.239990234375,326.0799865722656,326.19000244140625,54396
2026-09-01 12:06:00-04:00,326.32501220703125,326.5400085449219,326.1600036621094,326.16009521484375,103828
2026-09-01 12:07:00-04:00,326.4949951171875,326.5,326.2850036621094,326.32000732421875,83888
2026-09-01 12:08:00-04:00,326.1000061035156,326.5400085449219,326.04998779296875,326.5199890136719,69318
2026-09-01 12:09:00-04:00,326.3900146484375,326.4700012207031,326.110107421875,326.125,54773
2026-09-01 12:10:00-04:00,326.4200134277344,326.489990234375,326.17999267578125,326.4100036621094,50634
2026-09-01 12:11:00-04:00,326.114990234375,326.4200134277344,326.1000061035156,326.4200134277344,47476
2026-09-01 12:12:00-04:00,325.9800109863281,326.15509033203125,325.9599914550781,326.1199951171875,58944
2026-09-01 12:13:00-04:00,325.75,326.0,325.7300109863281,325.9700012207031,69069
2026-09-01 12:14:00-04:00,325.5350036621094,325.8399963378906,325.5199890136719,325.7550048828125,59900
2026-09-01 12:15:00-04:00,325.4700012207031,325.5899963378906,325.45001220703125,325.5350036621094,53939
2026-09-01 12:16:00-04:00,325.7049865722656,325.7650146484375,325.3599853515625,325.4649963378906,84133
2026-09-01 12:17:00-04:00,325.6099853515625,325.8299865722656,325.55999755859375,325.7196044921875,65066
2026-09-01 12:18:00-04:00,325.4960021972656,325.6400146484375,325.4700012207031,325.6099853515625,38501
2026-09-01 12:19:00-04:00,325.4849853515625,325.5899963378906,325.42999267578125,325.5198974609375,47050
2026-09-01 12:20:00-04:00,325.6099853515625,325.739990234375,325.4599914550781,325.4800109863281,55688
2026-09-01 12:21:00-04:00,325.5,325.6050109863281,325.3399963378906,325.6050109863281,50611
2026-09-01 12:22:00-04:00,326.260009765625,326.3299865722656,325.4800109863281,325.510009765625,97340
2026-09-01 12:23:00-04:00,327.1499938964844,327.29998779296875,326.17999267578125,326.239990234375,225749
2026-09-01 12:24:00-04:00,326.9599914550781,327.1465148925781,326.91009521484375,327.1400146484375,110156
2026-09-01 12:25:00-04:00,326.95001220703125,327.1499938964844,326.8800048828125,326.9599914550781,74676
2026-09-01 12:26:00-04:00,326.3900146484375,326.94500732421875,326.3599853515625,326.9200134277344,118792
2026-09-01 12:27:00-04:00,326.625,326.739990234375,326.3900146484375,326.4049987792969,73971
2026-09-01 12:28:00-04:00,326.73590087890625,326.760009765625,326.54071044921875,326.625,42589
2026-09-01 12:29:00-04:00,326.6600036621094,326.79998779296875,326.45001220703125,326.7699890136719,73825
2026-09-01 12:30:00-04:00,326.6449890136719,326.75,326.55999755859375,326.67999267578125,80312
2026-09-01 12:31:00-04:00,326.7300109863281,326.885009765625,326.5799865722656,326.6700134277344,123639
2026-09-01 12:32:00-04:00,326.68499755859375,326.7749938964844,326.4901123046875,326.7101135253906,98944
2026-09-01 12:33:00-04:00,326.57501220703125,326.739990234375,326.5,326.68499755859375,69323
2026-09-01 12:34:00-04:00,326.3900146484375,326.6000061035156,326.3299865722656,326.5740051269531,58651
2026-09-01 12:35:00-04:00,326.5150146484375,326.5199890136719,326.29998779296875,326.4100036621094,68830
2026-09-01 12:36:00-04:00,326.3319091796875,326.6300048828125,326.20001220703125,326.5299987792969,56000
2026-09-01 12:37:00-04:00,326.1600036621094,326.34991455078125,326.0,326.32000732421875,116231
2026-09-01 12:38:00-04:00,326.32501220703125,326.4100036621094,326.1400146484375,326.1499938964844,109884
2026-09-01 12:39:00-04:00,326.4599914550781,326.489990234375,326.3399963378906,326.3500061035156,85330
2026-09-01 12:40:00-04:00,326.06500244140625,326.489990234375,326.010009765625,326.489990234375,61463
2026-09-01 12:41:00-04:00,326.17999267578125,326.3299865722656,326.0400085449219,326.04998779296875,57721
2026-09-01 12:42:00-04:00,326.17498779296875,326.2900085449219,326.1600036621094,326.19830322265625,59145
2026-09-01 12:43:00-04:00,326.05999755859375,326.30999755859375,325.8999938964844,326.1700134277344,95067
2026-09-01 12:44:00-04:00,325.5299987792969,326.3243103027344,325.3999938964844,326.0899963378906,87336
2026-09-01 12:45:00-04:00,325.81500244140625,325.8299865722656,325.3599853515625,325.489990234375,157682
2026-09-01 12:46:00-04:00,325.9200134277344,325.9200134277344,325.6300048828125,325.80999755859375,86186
2026-09-01 12:47:00-04:00,326.07501220703125,326.1050109863281,325.8699951171875,325.9216003417969,57429
2026-09-01 12:48:00-04:00,326.19000244140625,326.2699890136719,326.0350036621094,326.05999755859375,49381
2026-09-01 12:49:00-04:00,325.9125061035156,326.2298889160156,325.9125061035156,326.2099914550781,47914
2026-09-01 12:50:00-04:00,325.875,325.92010498046875,325.6505126953125,325.9200134277344,35777
2026-09-01 12:51:00-04:00,325.6199951171875,325.8699035644531,325.610107421875,325.8500061035156,39119
2026-09-01 12:52:00-04:00,325.5574951171875,325.6300048828125,325.45001220703125,325.6300048828125,52649
2026-09-01 12:53:00-04:00,325.5526123046875,325.6650085449219,325.510009765625,325.5950012207031,32475
2026-09-01 12:54:00-04:00,325.3800048828125,325.6348876953125,325.32000732421875,325.5621032714844,125082
2026-09-01 12:55:00-04:00,325.4649963378906,325.5899963378906,325.4259033203125,325.4800109863281,34953
2026-09-01 12:56:00-04:00,325.5400085449219,325.54998779296875,325.42999267578125,325.4599914550781,30432
2026-09-01 12:57:00-04:00,325.47198486328125,325.54998779296875,325.375,325.54998779296875,79483
2026-09-01 12:58:00-04:00,325.60888671875,325.8999938964844,325.42999267578125,325.4849853515625,56936
2026-09-01 12:59:00-04:00,325.8599853515625,325.95001220703125,325.57501220703125,325.6099853515625,96194
2026-09-01 13:00:00-04:00,325.70001220703125,325.9700012207031,325.6600036621094,325.8500061035156,120864
2026-09-01 13:01:00-04:00,325.6300048828125,325.77899169921875,325.5400085449219,325.7049865722656,60944
2026-09-01 13:02:00-04:00,325.57501220703125,325.739990234375,325.45001220703125,325.614990234375,214489
2026-09-01 13:03:00-04:00,325.55999755859375,325.9100036621094,325.5400085449219,325.57000732421875,104729
2026-09-01 13:04:00-04:00,325.5199890136719,325.6400146484375,325.489990234375,325.57000732421875,36655
2026-09-01 13:05:00-04:00,325.29998779296875,325.56500244140625,325.2500915527344,325.5299987792969,78949
2026-09-01 13:06:00-04:00,325.2099914550781,325.3800048828125,325.1300048828125,325.29998779296875,98076
2026-09-01 13:07:00-04:00,325.09130859375,325.3299865722656,325.05999755859375,325.2101135253906,53392
2026-09-01 13:08:00-04:00,325.05499267578125,325.1451110839844,324.9599914550781,325.0950012207031,340617
2026-09-01 13:09:00-04:00,325.04998779296875,325.1099853515625,325.0201110839844,325.0400085449219,37735
2026-09-01 13:10:00-04:00,324.9949951171875,325.07000732421875,324.95001220703125,325.05499267578125,56860
2026-09-01 13:11:00-04:00,325.0450134277344,325.1199951171875,324.97808837890625,325.0098876953125,49014
2026-09-01 13:12:00-04:00,325.2699890136719,325.2699890136719,325.0600891113281,325.07000732421875,96858
2026-09-01 13:13:00-04:00,325.135009765625,325.3299865722656,325.1300048828125,325.2799987792969,39788
2026-09-01 13:14:00-04:00,325.0639953613281,325.3500061035156,325.0400085449219,325.1300048828125,39311
2026-09-01 13:15:00-04:00,325.28009033203125,325.30999755859375,325.0,325.05499267578125,55946
2026-09-01 13:16:00-04:00,325.04998779296875,325.2749938964844,324.93011474609375,325.2749938964844,44394
2026-09-01 13:17:00-04:00,324.9849853515625,325.20001220703125,324.9599914550781,325.04998779296875,35852
2026-09-01 13:18:00-04:00,324.926513671875,325.0849914550781,324.9259948730469,324.9949951171875,42402
2026-09-01 13:19:00-04:00,324.9801025390625,325.0,324.8299865722656,324.92999267578125,83759
2026-09-01 13:20:00-04:00,325.0,325.0350036621094,324.8599853515625,325.00799560546875,45073
2026-09-01 13:21:00-04:00,325.2449951171875,325.25,324.9800109863281,325.0249938964844,43178
2026-09-01 13:22:00-04:00,325.29998779296875,325.3500061035156,325.22039794921875,325.2449951171875,52576
2026-09-01 13:23:00-04:00,325.0899963378906,325.2850036621094,325.0799865722656,325.2850036621094,32502
2026-09-01 13:24:00-04:00,324.8999938964844,325.1099853515625,324.8399963378906,325.1000061035156,43188
2026-09-01 13:25:00-04:00,324.8349914550781,325.0299987792969,324.4849853515625,324.9200134277344,99841
2026-09-01 13:26:00-04:00,324.9599914550781,325.2493896484375,324.6600036621094,324.8349914550781,131970
2026-09-01 13:27:00-04:00,324.8599853515625,324.9599914550781,324.7112121582031,324.9599914550781,55352
2026-09-01 13:28:00-04:00,324.739990234375,324.9294128417969,324.6600036621094,324.8699951171875,50077
2026-09-01 13:29:00-04:00,324.6499938964844,324.7900085449219,324.6400146484375,324.760009765625,43768
2026-09-01 13:30:00-04:00,324.6700134277344,324.8500061035156,324.6199951171875,324.69000244140625,43819
2026-09-01 13:31:00-04:00,324.7135009765625,324.7799987792969,324.6300048828125,324.6600036621094,31649
2026-09-01 13:32:00-04:00,324.7850036621094,324.8800048828125,324.65008544921875,324.68499755859375,42896
2026-09-01 13:33:00-04:00,324.67498779296875,324.7799987792969,324.6499938964844,324.7699890136719,40700
2026-09-01 13:34:00-04:00,324.77099609375,324.7900085449219,324.510009765625,324.6600036621094,62247
2026-09-01 13:35:00-04:00,324.70001220703125,324.7860107421875,324.6400146484375,324.7699890136719,67773
2026-09-01 13:36:00-04:00,324.6199951171875,324.7449951171875,324.54998779296875,324.69000244140625,39845
2026-09-01 13:37:00-04:00,324.6400146484375,324.7799072265625,324.58990478515625,324.6300048828125,40437
2026-09-01 13:38:00-04:00,324.54998779296875,324.6449890136719,324.5,324.6400146484375,29116
2026-09-01 13:39:00-04:00,324.6099853515625,324.739990234375,324.5249938964844,324.54998779296875,31243
2026-09-01 13:40:00-04:00,324.4700927734375,324.6099853515625,324.4200134277344,324.6099853515625,44742
2026-09-01 13:41:00-04:00,324.5199890136719,324.58990478515625,324.32000732421875,324.4700012207031,60529
2026-09-01 13:42:00-04:00,324.5799865722656,324.64990234375,324.4200134277344,324.52410888671875,27875
2026-09-01 13:43:00-04:00,324.78009033203125,324.79998779296875,324.5799865722656,324.5849914550781,46227
2026-09-01 13:44:00-04:00,324.86199951171875,324.9200134277344,324.7200012207031,324.7799987792969,35006
2026-09-01 13:45:00-04:00,324.8699951171875,324.9800109863281,324.7904968261719,324.8949890136719,43745
2026-09-01 13:46:00-04:00,324.6700134277344,324.8753967285156,324.6499938964844,324.8753967285156,32825
2026-09-01 13:47:00-04:00,324.79998779296875,324.8900146484375,324.6741943359375,324.6741943359375,30275
2026-09-01 13:48:00-04:00,324.7049865722656,324.8299865722656,324.6300048828125,324.79998779296875,30228
2026-09-01 13:49:00-04:00,324.5849914550781,324.7250061035156,324.510009765625,324.7085876464844,32959
2026-09-01 13:50:00-04:00,324.60009765625,324.6299133300781,324.5,324.5849914550781,40026
2026-09-01 13:51:00-04:00,324.92999267578125,324.95001220703125,324.614990234375,324.614990234375,52570
2026-09-01 13:52:00-04:00,324.8699035644531,324.94000244140625,324.75531005859375,324.94000244140625,44517
2026-09-01 13:53:00-04:00,324.6549987792969,324.8999938964844,324.6549987792969,324.8500061035156,37392
2026-09-01 13:54:00-04:00,324.75,324.7799072265625,324.6499938964844,324.6700134277344,26060
2026-09-01 13:55:00-04:00,324.8399963378906,324.875,324.7300109863281,324.7799987792969,31919
2026-09-01 13:56:00-04:00,324.90008544921875,324.94000244140625,324.79998779296875,324.8599853515625,49939
2026-09-01 13:57:00-04:00,325.0050048828125,325.0299987792969,324.8999938964844,324.9200134277344,58611
2026-09-01 13:58:00-04:00,325.0899963378906,325.1499938964844,324.9800109863281,325.0199890136719,51006
2026-09-01 13:59:00-04:00,325.2099914550781,325.2200012207031,325.0899963378906,325.0899963378906,50554
2026-09-01 14:00:00-04:00,325.32000732421875,325.3699951171875,325.17999267578125,325.2200012207031,90699
2026-09-01 14:01:00-04:00,325.69000244140625,325.75,325.30999755859375,325.30999755859375,116455
2026-09-01 14:02:00-04:00,325.5299987792969,325.7099914550781,325.4700012207031,325.70001220703125,65827
2026-09-01 14:03:00-04:00,325.2349853515625,325.55999755859375,325.1499938964844,325.5249938964844,68450
2026-09-01 14:04:00-04:00,325.17010498046875,325.3599853515625,325.1449890136719,325.2300109863281,48178
2026-09-01 14:05:00-04:00,324.8851013183594,325.1499938964844,324.8599853515625,325.1499938964844,63203
2026-09-01 14:06:00-04:00,324.8900146484375,324.95001220703125,324.760009765625,324.885009765625,42662
2026-09-01 14:07:00-04:00,325.05999755859375,325.1300048828125,324.8800048828125,324.885009765625,39816
2026-09-01 14:08:00-04:00,324.9114990234375,325.07000732421875,324.8699951171875,325.06689453125,39341
2026-09-01 14:09:00-04:00,325.20001220703125,325.2300109863281,324.8800048828125,324.9049987792969,44028
2026-09-01 14:10:00-04:00,325.1050109863281,325.2200012207031,325.07000732421875,325.2149963378906,43555
2026-09-01 14:11:00-04:00,325.0798034667969,325.1600036621094,324.8999938964844,325.1050109863281,44334
2026-09-01 14:12:00-04:00,325.17999267578125,325.20001220703125,325.0150146484375,325.06500244140625,27708
2026-09-01 14:13:00-04:00,325.1000061035156,325.20001220703125,325.0799865722656,325.17999267578125,27944
2026-09-01 14:14:00-04:00,324.92498779296875,325.12249755859375,324.8800048828125,325.1000061035156,31585
2026-09-01 14:15:00-04:00,324.7200012207031,324.92999267578125,324.6700134277344,324.92999267578125,93361
2026-09-01 14:16:00-04:00,324.7850036621094,324.8699035644531,324.70001220703125,324.70001220703125,58267
2026-09-01 14:17:00-04:00,324.8500061035156,324.8500061035156,324.6300048828125,324.7850036621094,55794
2026-09-01 14:18:00-04:00,324.94830322265625,324.94830322265625,324.82000732421875,324.85430908203125,40414
2026-09-01 14:19:00-04:00,325.114990234375,325.125,324.86968994140625,324.94000244140625,45165
2026-09-01 14:20:00-04:00,325.1400146484375,325.1400146484375,324.9700012207031,325.1199951171875,36622
2026-09-01 14:21:00-04:00,325.0920104980469,325.2300109863281,325.04998779296875,325.1400146484375,51635
2026-09-01 14:22:00-04:00,325.05999755859375,325.1300048828125,325.0000915527344,325.0799865722656,32597
2026-09-01 14:23:00-04:00,324.8500061035156,325.07501220703125,324.75,325.06500244140625,54414
2026-09-01 14:24:00-04:00,324.9800109863281,325.1199951171875,324.80999755859375,324.8399963378906,54996
2026-09-01 14:25:00-04:00,325.0198974609375,325.0199890136719,324.82000732421875,324.9599914550781,54501
2026-09-01 14:26:00-04:00,325.1600036621094,325.239990234375,324.989990234375,325.0199890136719,51401
2026-09-01 14:27:00-04:00,325.43499755859375,325.5199890136719,325.0899963378906,325.1300964355469,119228
2026-09-01 14:28:00-04:00,325.30999755859375,325.43499755859375,325.1400146484375,325.43499755859375,50540
2026-09-01 14:29:00-04:00,325.2099914550781,325.32000732421875,325.17999267578125,325.29998779296875,30317
2026-09-01 14:30:00-04:00,324.7698974609375,325.239990234375,324.7300109863281,325.20001220703125,53617
2026-09-01 14:31:00-04:00,324.6300048828125,324.8099060058594,324.5899963378906,324.7449951171875,68067
2026-09-01 14:32:00-04:00,324.7099914550781,324.7799072265625,324.5700988769531,324.625,53133
2026-09-01 14:33:00-04:00,324.7900085449219,324.885009765625,324.69000244140625,324.70001220703125,42133
2026-09-01 14:34:00-04:00,324.8599853515625,324.9200134277344,324.73199462890625,324.7900085449219,27981
2026-09-01 14:35:00-04:00,324.8800048828125,324.989990234375,324.79998779296875,324.8999938964844,57449
2026-09-01 14:36:00-04:00,325.0899963378906,325.1400146484375,324.8966979980469,324.8999938964844,32311
2026-09-01 14:37:00-04:00,325.0150146484375,325.1199951171875,324.92999267578125,325.07000732421875,59076
2026-09-01 14:38:00-04:00,324.9100036621094,325.1000061035156,324.82000732421875,325.0249938964844,37397
2026-09-01 14:39:00-04:00,324.69000244140625,324.93780517578125,324.66009521484375,324.9100036621094,37049
2026-09-01 14:40:00-04:00,324.6820068359375,324.8299865722656,324.66009521484375,324.66009521484375,39176
2026-09-01 14:41:00-04:00,324.6600036621094,324.739990234375,324.60009765625,324.69000244140625,28356
2026-09-01 14:42:00-04:00,324.7149963378906,324.8595886230469,324.6600036621094,324.6600036621094,43173
2026-09-01 14:43:00-04:00,324.5600891113281,324.7601013183594,324.5,324.7149963378906,38912
2026-09-01 14:44:00-04:00,324.5400085449219,324.6499938964844,324.3905029296875,324.5849914550781,46098
2026-09-01 14:45:00-04:00,324.4617919921875,324.6050109863281,324.4562072753906,324.5400085449219,35588
2026-09-01 14:46:00-04:00,324.67999267578125,324.67999267578125,324.4599914550781,324.4599914550781,42456
2026-09-01 14:47:00-04:00,324.79998779296875,324.8299865722656,324.6499938964844,324.69000244140625,49600
2026-09-01 14:48:00-04:00,324.760009765625,324.9198913574219,324.6700134277344,324.78009033203125,50154
2026-09-01 14:49:00-04:00,325.0400085449219,325.0899963378906,324.7699890136719,324.7699890136719,42261
2026-09-01 14:50:00-04:00,324.7900085449219,325.0400085449219,324.781005859375,325.0299987792969,45673
2026-09-01 14:51:00-04:00,325.06500244140625,325.1199951171875,324.7300109863281,324.7900085449219,56025
2026-09-01 14:52:00-04:00,325.5950012207031,325.7294921875,325.0303039550781,325.07000732421875,131833
2026-09-01 14:53:00-04:00,325.44000244140625,325.5950927734375,325.3900146484375,325.5950927734375,153361
2026-09-01 14:54:00-04:00,325.4599914550781,325.5249938964844,325.33599853515625,325.45001220703125,50320
2026-09-01 14:55:00-04:00,325.3599853515625,325.5199890136719,325.29998779296875,325.44000244140625,49179
2026-09-01 14:56:00-04:00,325.6899108886719,325.7099914550781,325.31048583984375,325.3500061035156,71569
2026-09-01 14:57:00-04:00,325.5299987792969,325.8299865722656,325.4700012207031,325.67999267578125,103150
2026-09-01 14:58:00-04:00,325.7449951171875,325.8299865722656,325.4930114746094,325.50738525390625,66913
2026-09-01 14:59:00-04:00,325.5450134277344,325.8599853515625,325.5404968261719,325.7449951171875,86281
2026-09-01 15:00:00-04:00,325.70001220703125,325.8500061035156,325.44000244140625,325.5400085449219,93673
2026-09-01 15:01:00-04:00,325.5350036621094,325.7449951171875,325.4599914550781,325.7200012207031,47772
2026-09-01 15:02:00-04:00,325.3380126953125,325.6000061035156,325.29998779296875,325.5350036621094,56775
2026-09-01 15:03:00-04:00,325.5050048828125,325.5050048828125,325.25,325.3500061035156,56724
2026-09-01 15:04:00-04:00,325.5249938964844,325.6499938964844,325.45001220703125,325.5400085449219,52521
2026-09-01 15:05:00-04:00,325.3450012207031,325.5400085449219,325.25,325.5400085449219,54103
2026-09-01 15:06:00-04:00,325.5950012207031,325.6400146484375,325.05999755859375,325.3349914550781,110287
2026-09-01 15:07:00-04:00,325.4849853515625,325.6400146484375,325.30999755859375,325.57000732421875,43929
2026-09-01 15:08:00-04:00,325.2749938964844,325.5799865722656,325.2300109863281,325.5,47773
2026-09-01 15:09:00-04:00,325.2361145019531,325.3500061035156,325.20001220703125,325.260009765625,46715
2026-09-01 15:10:00-04:00,325.3500061035156,325.3699035644531,325.1199951171875,325.2300109863281,45825
2026-09-01 15:11:00-04:00,325.5849914550781,325.70001220703125,325.3500061035156,325.3500061035156,76289
2026-09-01 15:12:00-04:00,325.6600036621094,325.69000244140625,325.4599914550781,325.5849914550781,50289
2026-09-01 15:13:00-04:00,325.5799865722656,325.7900085449219,325.55999755859375,325.6600036621094,51325
2026-09-01 15:14:00-04:00,325.7799987792969,325.82000732421875,325.5799865722656,325.5799865722656,67336
2026-09-01 15:15:00-04:00,325.67999267578125,325.92999267578125,325.672607421875,325.7554931640625,94641
2026-09-01 15:16:00-04:00,325.75,325.8099060058594,325.67999267578125,325.68499755859375,46088
2026-09-01 15:17:00-04:00,325.6099853515625,325.760009765625,325.55999755859375,325.739990234375,63929
2026-09-01 15:18:00-04:00,325.55999755859375,325.6199951171875,325.5000915527344,325.6199951171875,51644
2026-09-01 15:19:00-04:00,325.6300048828125,325.739990234375,325.55999755859375,325.5950012207031,62572
2026-09-01 15:20:00-04:00,325.385009765625,325.63970947265625,325.3757019042969,325.625,60479
2026-09-01 15:21:00-04:00,325.510009765625,325.5199890136719,325.3800048828125,325.3800048828125,28481
2026-09-01 15:22:00-04:00,325.70001220703125,325.7200012207031,325.45001220703125,325.5299987792969,40501
2026-09-01 15:23:00-04:00,325.7099914550781,325.79998779296875,325.65008544921875,325.69000244140625,69474
2026-09-01 15:24:00-04:00,325.660400390625,325.75,325.6099853515625,325.7120056152344,50288
2026-09-01 15:25:00-04:00,325.6700134277344,325.69000244140625,325.55999755859375,325.67999267578125,71768
2026-09-01 15:26:00-04:00,325.7300109863281,325.8900146484375,325.6199951171875,325.6700134277344,77173
2026-09-01 15:27:00-04:00,325.75,325.79998779296875,325.5199890136719,325.69000244140625,55323
2026-09-01 15:28:00-04:00,325.75,325.8399963378906,325.70001220703125,325.7699890136719,55562
2026-09-01 15:29:00-04:00,325.57000732421875,325.8699951171875,325.5480041503906,325.7699890136719,71798
2026-09-01 15:30:00-04:00,325.4599914550781,325.7398986816406,325.3414001464844,325.6099853515625,84107
2026-09-01 15:31:00-04:00,325.4700012207031,325.5400085449219,325.3399963378906,325.4849853515625,62681
2026-09-01 15:32:00-04:00,325.24090576171875,325.4800109863281,325.24090576171875,325.4700012207031,59155
2026-09-01 15:33:00-04:00,325.4620056152344,325.54998779296875,325.260009765625,325.3160095214844,59402
2026-09-01 15:34:00-04:00,325.3299865722656,325.4630126953125,325.17999267578125,325.4599914550781,68321
2026-09-01 15:35:00-04:00,325.4009094238281,325.57501220703125,325.3699951171875,325.3699951171875,91029
2026-09-01 15:36:00-04:00,325.20001220703125,325.4200134277344,325.1400146484375,325.3900146484375,59403
2026-09-01 15:37:00-04:00,325.32000732421875,325.364990234375,325.20989990234375,325.20989990234375,69507
2026-09-01 15:38:00-04:00,325.3999938964844,325.45001220703125,325.2900085449219,325.31170654296875,54836
2026-09-01 15:39:00-04:00,325.3999938964844,325.5400085449219,325.3800048828125,325.3999938964844,76846
2026-09-01 15:40:00-04:00,325.2300109863281,325.42999267578125,325.1994934082031,325.3999938964844,83278
2026-09-01 15:41:00-04:00,325.3299865722656,325.385009765625,325.19500732421875,325.2300109863281,71828
2026-09-01 15:42:00-04:00,325.30999755859375,325.489990234375,325.29998779296875,325.32000732421875,81325
2026-09-01 15:43:00-04:00,325.2200012207031,325.3699951171875,325.20001220703125,325.29998779296875,58347
2026-09-01 15:44:00-04:00,325.364990234375,325.4198913574219,325.1839904785156,325.25,59294
2026-09-01 15:45:00-04:00,325.3599853515625,325.5,325.29998779296875,325.3800048828125,100908
2026-09-01 15:46:00-04:00,325.6098937988281,325.6400146484375,325.29998779296875,325.3500061035156,82456
2026-09-01 15:47:00-04:00,325.69000244140625,325.7099914550781,325.5299987792969,325.6098937988281,96849
2026-09-01 15:48:00-04:00,325.6449890136719,325.7799987792969,325.6300048828125,325.70001220703125,95491
2026-09-01 15:49:00-04:00,325.7749938964844,325.7898864746094,325.5050048828125,325.6449890136719,80687
2026-09-01 15:50:00-04:00,325.760009765625,325.88800048828125,325.5,325.7699890136719,307728
2026-09-01 15:51:00-04:00,325.7099914550781,325.8349914550781,325.5801086425781,325.7550048828125,132372
2026-09-01 15:52:00-04:00,325.6000061035156,325.7900085449219,325.5,325.7349853515625,213450
2026-09-01 15:53:00-04:00,324.6600036621094,325.57000732421875,324.54998779296875,325.57000732421875,304279
2026-09-01 15:54:00-04:00,324.92999267578125,325.1400146484375,324.260009765625,324.6600036621094,521015
2026-09-01 15:55:00-04:00,324.44000244140625,325.04998779296875,324.29998779296875,324.9100036621094,450019
2026-09-01 15:56:00-04:00,324.54998779296875,324.54998779296875,324.1000061035156,324.44000244140625,328493
2026-09-01 15:57:00-04:00,324.75,324.80499267578125,324.3699951171875,324.54998779296875,399009
2026-09-01 15:58:00-04:00,325.0199890136719,325.07501220703125,324.6050109863281,324.7699890136719,521990
2026-09-01 15:59:00-04:00,325.1400146484375,325.260009765625,324.8500061035156,325.0199890136719,1080857
2026-09-02 09:30:00-04:00,327.4460144042969,328.3999938964844,326.75,326.9700012207031,1605102
2026-09-02 09:31:00-04:00,326.0050048828125,328.2499084472656,325.510009765625,327.364990234375,275484
2026-09-02 09:32:00-04:00,326.45770263671875,326.625,325.8299865722656,325.9700012207031,155502
2026-09-02 09:33:00-04:00,326.5299072265625,327.25799560546875,326.04998779296875,326.42999267578125,147809
2026-09-02 09:34:00-04:00,325.6300048828125,326.60101318359375,325.6000061035156,326.5050048828125,131011
2026-09-02 09:35:00-04:00,325.2099914550781,325.6658020019531,324.70001220703125,325.6658020019531,273079
2026-09-02 09:36:00-04:00,324.2749938964844,325.3399963378906,324.2049865722656,325.18499755859375,152837
2026-09-02 09:37:00-04:00,324.3900146484375,324.785888671875,324.1733093261719,324.28900146484375,100885
2026-09-02 09:38:00-04:00,324.260009765625,324.3949890136719,324.07000732421875,324.3949890136719,112928
2026-09-02 09:39:00-04:00,325.010009765625,325.0899963378906,324.2300109863281,324.2349853515625,130059
2026-09-02 09:40:00-04:00,324.8599853515625,325.0382995605469,324.3999938964844,325.010009765625,138715
2026-09-02 09:41:00-04:00,325.0899963378906,325.2900085449219,324.80999755859375,324.8699951171875,118037
2026-09-02 09:42:00-04:00,324.8699951171875,325.2650146484375,324.73748779296875,325.125,111153
2026-09-02 09:43:00-04:00,324.8699951171875,325.1000061035156,324.6199951171875,324.8699951171875,120403
2026-09-02 09:44:00-04:00,325.45001220703125,325.5,324.8800048828125,324.8868103027344,97135
2026-09-02 09:45:00-04:00,325.05999755859375,325.4800109863281,324.6600036621094,325.4549865722656,170402
2026-09-02 09:46:00-04:00,325.25,325.29998779296875,324.69000244140625,325.05999755859375,157277
2026-09-02 09:47:00-04:00,325.239990234375,325.57489013671875,325.20001220703125,325.21600341796875,81853
2026-09-02 09:48:00-04:00,324.79998779296875,325.3550109863281,324.760009765625,325.2214050292969,101773
2026-09-02 09:49:00-04:00,324.5450134277344,324.8399963378906,324.5199890136719,324.760009765625,108245
2026-09-02 09:50:00-04:00,324.9200134277344,325.1340026855469,324.4599914550781,324.5450134277344,115188
2026-09-02 09:51:00-04:00,324.65008544921875,325.06658935546875,324.6300048828125,324.95001220703125,74316
2026-09-02 09:52:00-04:00,325.1199951171875,325.17999267578125,324.6499938964844,324.65008544921875,142315
2026-09-02 09:53:00-04:00,325.3299865722656,325.3599853515625,324.9800109863281,325.114990234375,68428
2026-09-02 09:54:00-04:00,325.0050048828125,325.3299865722656,324.8500061035156,325.30999755859375,97606
2026-09-02 09:55:00-04:00,324.70001220703125,325.0299987792969,324.5199890136719,325.010009765625,102253
2026-09-02 09:56:00-04:00,325.05999755859375,325.30999755859375,324.44000244140625,324.67999267578125,106657
2026-09-02 09:57:00-04:00,325.3999938964844,325.4100036621094,325.0408935546875,325.05999755859375,92128
2026-09-02 09:58:00-04:00,325.364990234375,325.54998779296875,325.2550048828125,325.3800048828125,93932
2026-09-02 09:59:00-04:00,325.19000244140625,325.42999267578125,325.1000061035156,325.3399963378906,102090
2026-09-02 10:00:00-04:00,324.80999755859375,325.18499755859375,324.5450134277344,325.1600036621094,646387
2026-09-02 10:01:00-04:00,324.8999938964844,325.1650085449219,324.7449951171875,324.82501220703125,77078
2026-09-02 10:02:00-04:00,324.7900085449219,325.1158142089844,324.6700134277344,324.8561096191406,74728
2026-09-02 10:03:00-04:00,324.17999267578125,324.760009765625,324.1260070800781,324.739990234375,126279
2026-09-02 10:04:00-04:00,323.9649963378906,324.3294982910156,323.94000244140625,324.1700134277344,104351
2026-09-02 10:05:00-04:00,323.6099853515625,324.05950927734375,323.5299987792969,323.94000244140625,130079
2026-09-02 10:06:00-04:00,324.03509521484375,324.1499938964844,323.5899963378906,323.5899963378906,119727
2026-09-02 10:07:00-04:00,324.0799865722656,324.19989013671875,323.7099914550781,324.0199890136719,86720
2026-09-02 10:08:00-04:00,324.4299011230469,324.49951171875,324.07000732421875,324.1099853515625,93587
2026-09-02 10:09:00-04:00,324.20001220703125,324.4200134277344,324.1600036621094,324.4200134277344,106216
2026-09-02 10:10:00-04:00,323.6600036621094,324.3599853515625,323.5369873046875,324.25,136534
2026-09-02 10:11:00-04:00,323.8026123046875,324.1000061035156,323.625,323.6400146484375,78310
2026-09-02 10:12:00-04:00,323.75,323.94989013671875,323.610107421875,323.7900085449219,59011
2026-09-02 10:13:00-04:00,323.8900146484375,324.05999755859375,323.6300048828125,323.739990234375,68057
2026-09-02 10:14:00-04:00,323.989990234375,324.1499938964844,323.739990234375,323.9100036621094,59347
2026-09-02 10:15:00-04:00,324.0299987792969,324.07000732421875,323.7099914550781,323.9700012207031,61620
2026-09-02 10:16:00-04:00,324.159912109375,324.17999267578125,323.9700012207031,324.0115051269531,44302
2026-09-02 10:17:00-04:00,324.0249938964844,324.29998779296875,324.0,324.1499938964844,85945
2026-09-02 10:18:00-04:00,323.93499755859375,324.1600036621094,323.7300109863281,324.0400085449219,58508
2026-09-02 10:19:00-04:00,323.7847900390625,324.2200012207031,323.7847900390625,323.9599914550781,50078
2026-09-02 10:20:00-04:00,324.08599853515625,324.10919189453125,323.6000061035156,323.79998779296875,64273
2026-09-02 10:21:00-04:00,324.0736083984375,324.29998779296875,323.92999267578125,324.0799865722656,52712
2026-09-02 10:22:00-04:00,324.0400085449219,324.0799865722656,323.8299865722656,324.0101013183594,50602
2026-09-02 10:23:00-04:00,324.1099853515625,324.1700134277344,323.8399963378906,324.0450134277344,63301
2026-09-02 10:24:00-04:00,324.07501220703125,324.2200012207031,324.0350036621094,324.1300048828125,31651
2026-09-02 10:25:00-04:00,324.1600036621094,324.17999267578125,324.0299987792969,324.0799865722656,37201
2026-09-02 10:26:00-04:00,324.5299987792969,324.5400085449219,324.17999267578125,324.17999267578125,90422
2026-09-02 10:27:00-04:00,324.57501220703125,324.6000061035156,324.32000732421875,324.5299987792969,77222
2026-09-02 10:28:00-04:00,324.8182067871094,324.8182067871094,324.42999267578125,324.5899963378906,67782
2026-09-02 10:29:00-04:00,324.57000732421875,324.95001220703125,324.5,324.81500244140625,53938
2026-09-02 10:30:00-04:00,324.1099853515625,324.6000061035156,324.0,324.5849914550781,95873
2026-09-02 10:31:00-04:00,324.67498779296875,324.71990966796875,324.0899963378906,324.1300048828125,64722
2026-09-02 10:32:00-04:00,324.3599853515625,324.7699890136719,324.3599853515625,324.69000244140625,54267
2026-09-02 10:33:00-04:00,324.2099914550781,324.42999267578125,324.17010498046875,324.3800048828125,36308
2026-09-02 10:34:00-04:00,324.07000732421875,324.3699951171875,324.04998779296875,324.260009765625,49514
2026-09-02 10:35:00-04:00,324.1600036621094,324.2398986816406,324.0205078125,324.07000732421875,52199
2026-09-02 10:36:00-04:00,324.07501220703125,324.2300109863281,324.0299987792969,324.1700134277344,40130
2026-09-02 10:37:00-04:00,324.4700012207031,324.4707946777344,324.06201171875,324.06201171875,42067
2026-09-02 10:38:00-04:00,324.5400085449219,324.6000061035156,324.3800048828125,324.45001220703125,39916
2026-09-02 10:39:00-04:00,324.55999755859375,324.57000732421875,324.3999938964844,324.55999755859375,50460
2026-09-02 10:40:00-04:00,324.70001220703125,324.70001220703125,324.3900146484375,324.57000732421875,63853
2026-09-02 10:41:00-04:00,324.6650085449219,324.75,324.6099853515625,324.69000244140625,53178
2026-09-02 10:42:00-04:00,324.6299133300781,324.7650146484375,324.6099853515625,324.69000244140625,41027
2026-09-02 10:43:00-04:00,324.57000732421875,324.67999267578125,324.4150085449219,324.6099853515625,51935
2026-09-02 10:44:00-04:00,324.7250061035156,324.8399963378906,324.55999755859375,324.57000732421875,38463
2026-09-02 10:45:00-04:00,324.5799865722656,324.7900085449219,324.54998779296875,324.72698974609375,46675
2026-09-02 10:46:00-04:00,324.8500061035156,324.8900146484375,324.57000732421875,324.614990234375,83449
2026-09-02 10:47:00-04:00,325.0799865722656,325.0799865722656,324.82000732421875,324.8399963378906,74715
2026-09-02 10:48:00-04:00,324.9119873046875,325.05999755859375,324.6700134277344,325.0400085449219,70268
2026-09-02 10:49:00-04:00,324.75,324.9150085449219,324.5899963378906,324.9150085449219,51017
2026-09-02 10:50:00-04:00,324.6199951171875,324.7699890136719,324.5205078125,324.7300109863281,43110
2026-09-02 10:51:00-04:00,324.6099853515625,324.7099914550781,324.489990234375,324.6099853515625,58930
2026-09-02 10:52:00-04:00,324.6199951171875,324.739990234375,324.5299987792969,324.6199951171875,42007
2026-09-02 10:53:00-04:00,324.44000244140625,324.6300048828125,324.42889404296875,324.6199951171875,76831
2026-09-02 10:54:00-04:00,324.2049865722656,324.52740478515625,324.1499938964844,324.4700012207031,80011
2026-09-02 10:55:00-04:00,324.4800109863281,324.4800109863281,324.1755065917969,324.2049865722656,37877
2026-09-02 10:56:00-04:00,324.4700012207031,324.6000061035156,324.4425048828125,324.4800109863281,32757
2026-09-02 10:57:00-04:00,324.6351013183594,324.67999267578125,324.43011474609375,324.4649963378906,69448
2026-09-02 10:58:00-04:00,324.5899963378906,324.75,324.489990234375,324.6400146484375,39813
2026-09-02 10:59:00-04:00,324.6191101074219,324.739990234375,324.5716857910156,324.5950012207031,37361
2026-09-02 11:00:00-04:00,324.6700134277344,324.82501220703125,324.6000061035156,324.6499938964844,48376
2026-09-02 11:01:00-04:00,324.7200012207031,324.8949890136719,324.6600036621094,324.6600036621094,35662
2026-09-02 11:02:00-04:00,324.8599853515625,324.8599853515625,324.7099914550781,324.7099914550781,26802
2026-09-02 11:03:00-04:00,324.8800964355469,324.94500732421875,324.8175048828125,324.8599853515625,35868
2026-09-02 11:04:00-04:00,324.40240478515625,324.8699951171875,324.3900146484375,324.8699951171875,50606
2026-09-02 11:05:00-04:00,324.3699951171875,324.4200134277344,324.2699890136719,324.3999938964844,31172
2026-09-02 11:06:00-04:00,324.5950012207031,324.6199951171875,324.3450012207031,324.364990234375,47684
2026-09-02 11:07:00-04:00,324.5849914550781,324.6650085449219,324.4226989746094,324.6050109863281,34252
2026-09-02 11:08:00-04:00,324.6700134277344,324.6700134277344,324.3900146484375,324.57000732421875,26403
2026-09-02 11:09:00-04:00,324.3900146484375,324.67999267578125,324.3550109863281,324.6700134277344,37887
2026-09-02 11:10:00-04:00,324.2200012207031,324.4027099609375,324.1099853515625,324.3999938964844,37173
2026-09-02 11:11:00-04:00,324.5400085449219,324.55999755859375,324.2200012207031,324.2200012207031,42228
2026-09-02 11:12:00-04:00,324.4800109863281,324.6000061035156,324.44000244140625,324.5199890136719,25302
2026-09-02 11:13:00-04:00,324.32501220703125,324.4649963378906,324.260009765625,324.4649963378906,45753
2026-09-02 11:14:00-04:00,324.4599914550781,324.4599914550781,324.32000732421875,324.3299865722656,23980
2026-09-02 11:15:00-04:00,324.7200012207031,324.75,324.4501037597656,324.4800109863281,27728
2026-09-02 11:16:00-04:00,324.79998779296875,324.82000732421875,324.69000244140625,324.7349853515625,36586
2026-09-02 11:17:00-04:00,324.6611022949219,324.79998779296875,324.5799865722656,324.7950134277344,36833
2026-09-02 11:18:00-04:00,324.8900146484375,324.89990234375,324.67999267578125,324.70001220703125,28521
2026-09-02 11:19:00-04:00,325.2099914550781,325.2099914550781,324.8299865722656,324.89239501953125,119179
2026-09-02 11:20:00-04:00,325.05499267578125,325.2099914550781,324.9800109863281,325.19000244140625,72372
2026-09-02 11:21:00-04:00,325.17498779296875,325.25,324.9599914550781,325.05499267578125,42496
2026-09-02 11:22:00-04:00,325.19000244140625,325.260009765625,325.1400146484375,325.20001220703125,55286
2026-09-02 11:23:00-04:00,325.2477111816406,325.32000732421875,325.1549987792969,325.17999267578125,62076
2026-09-02 11:24:00-04:00,325.4800109863281,325.5849914550781,325.2101135253906,325.2550048828125,67422
2026-09-02 11:25:00-04:00,325.8599853515625,325.8680114746094,325.4700012207031,325.5,75802
2026-09-02 11:26:00-04:00,325.9100036621094,325.9599914550781,325.8500061035156,325.8699951171875,81626
2026-09-02 11:27:00-04:00,325.6700134277344,325.9150085449219,325.55999755859375,325.9100036621094,69918
2026-09-02 11:28:00-04:00,325.7900085449219,325.84991455078125,325.6607971191406,325.6607971191406,38291
2026-09-02 11:29:00-04:00,326.54998779296875,326.54998779296875,325.75,325.79449462890625,228612
2026-09-02 11:30:00-04:00,326.66009521484375,326.760009765625,326.4501037597656,326.5299987792969,144364
2026-09-02 11:31:00-04:00,326.95989990234375,326.95989990234375,326.510009765625,326.6650085449219,268682
2026-09-02 11:32:00-04:00,326.9849853515625,327.05499267578125,326.79998779296875,326.9700012207031,147388
2026-09-02 11:33:00-04:00,326.9100036621094,327.0050048828125,326.7200927734375,326.9599914550781,87916
2026-09-02 11:34:00-04:00,326.71258544921875,326.95001220703125,326.69000244140625,326.9100036621094,69412
2026-09-02 11:35:00-04:00,326.2749938964844,326.7650146484375,326.160888671875,326.7300109863281,134502
2026-09-02 11:36:00-04:00,326.7349853515625,326.7799987792969,326.239990234375,326.2550048828125,149686
2026-09-02 11:37:00-04:00,326.8310852050781,326.94989013671875,326.6499938964844,326.739990234375,82089
2026-09-02 11:38:00-04:00,326.8550109863281,326.9599914550781,326.6600036621094,326.8399963378906,76771
2026-09-02 11:39:00-04:00,326.70001220703125,326.8800048828125,326.51849365234375,326.8500061035156,90478
2026-09-02 11:40:00-04:00,326.2900085449219,326.7250061035156,326.2181091308594,326.6962890625,63764
2026-09-02 11:41:00-04:00,325.6600036621094,326.3399963378906,325.57000732421875,326.2900085449219,125006
2026-09-02 11:42:00-04:00,325.6000061035156,325.70001220703125,325.1830139160156,325.6650085449219,113522
2026-09-02 11:43:00-04:00,325.29998779296875,325.6099853515625,325.2200927734375,325.6000061035156,77168
2026-09-02 11:44:00-04:00,325.114990234375,325.385009765625,324.91009521484375,325.30999755859375,362866
2026-09-02 11:45:00-04:00,325.07830810546875,325.26708984375,325.0199890136719,325.0899963378906,41910
2026-09-02 11:46:00-04:00,325.3900146484375,325.4197998046875,324.989990234375,325.05499267578125,73288
2026-09-02 11:47:00-04:00,324.82501220703125,325.4898986816406,324.80010986328125,325.4198913574219,92021
2026-09-02 11:48:00-04:00,324.45001220703125,324.8500061035156,324.3399963378906,324.8500061035156,115478
2026-09-02 11:49:00-04:00,324.1400146484375,324.4599914550781,324.0,324.43011474609375,91865
2026-09-02 11:50:00-04:00,323.9800109863281,324.260009765625,323.95001220703125,324.1499938964844,300818
2026-09-02 11:51:00-04:00,324.125,324.2200012207031,323.8949890136719,323.9100036621094,73131
2026-09-02 11:52:00-04:00,324.42999267578125,324.5249938964844,324.0899963378906,324.1099853515625,80595
2026-09-02 11:53:00-04:00,324.489990234375,324.5198974609375,324.32000732421875,324.42999267578125,50677
2026-09-02 11:54:00-04:00,324.54998779296875,324.6549987792969,324.3500061035156,324.5,68650
2026-09-02 11:55:00-04:00,324.3900146484375,324.6600036621094,324.3299865722656,324.57000732421875,77210
2026-09-02 11:56:00-04:00,324.3949890136719,324.489990234375,324.3599853515625,324.375,37501
2026-09-02 11:57:00-04:00,324.4700012207031,324.6099853515625,324.364990234375,324.3900146484375,48627
2026-09-02 11:58:00-04:00,325.1300048828125,325.1700134277344,324.4200134277344,324.4700012207031,73739
2026-09-02 11:59:00-04:00,325.010009765625,325.125,324.79998779296875,325.125,58287
2026-09-02 12:00:00-04:00,325.3399963378906,325.3599853515625,324.9549865722656,325.010009765625,58896
2026-09-02 12:01:00-04:00,325.29998779296875,325.4670104980469,325.2200012207031,325.3399963378906,116096
2026-09-02 12:02:00-04:00,325.6449890136719,325.67999267578125,325.2850036621094,325.29998779296875,95603
2026-09-02 12:03:00-04:00,325.6388854980469,325.65948486328125,325.32501220703125,325.635009765625,54272
2026-09-02 12:04:00-04:00,325.8550109863281,325.8599853515625,325.5826110839844,325.6400146484375,87339
2026-09-02 12:05:00-04:00,325.7300109863281,325.8684997558594,325.70001220703125,325.8550109863281,87193
2026-09-02 12:06:00-04:00,325.94000244140625,325.9800109863281,325.739990234375,325.7449951171875,68777
2026-09-02 12:07:00-04:00,326.04998779296875,326.0669860839844,325.8900146484375,325.95050048828125,460416
2026-09-02 12:08:00-04:00,325.7001037597656,326.19000244140625,325.7001037597656,326.05999755859375,80931
2026-09-02 12:09:00-04:00,325.760009765625,325.8500061035156,325.6700134277344,325.7149963378906,76101
2026-09-02 12:10:00-04:00,325.6885070800781,325.75,325.3699951171875,325.75,69009
2026-09-02 12:11:00-04:00,325.739990234375,325.7699890136719,325.6199951171875,325.6700134277344,31572
2026-09-02 12:12:00-04:00,325.82501220703125,325.9100036621094,325.7300109863281,325.7499084472656,41335
2026-09-02 12:13:00-04:00,325.82000732421875,325.94000244140625,325.70001220703125,325.82000732421875,68363
2026-09-02 12:14:00-04:00,325.29998779296875,325.80999755859375,325.2615966796875,325.80499267578125,58546
2026-09-02 12:15:00-04:00,325.1199951171875,325.3299865722656,324.9700012207031,325.2755126953125,72105
2026-09-02 12:16:00-04:00,325.2101135253906,325.2900085449219,325.0906982421875,325.1400146484375,30390
2026-09-02 12:17:00-04:00,325.010009765625,325.2099914550781,324.92999267578125,325.2099914550781,44130
2026-09-02 12:18:00-04:00,324.7099914550781,325.1099853515625,324.7099914550781,325.0111083984375,92885
2026-09-02 12:19:00-04:00,324.8399963378906,324.8800048828125,324.6182861328125,324.7250061035156,155681
2026-09-02 12:20:00-04:00,325.0899963378906,325.1199951171875,324.81500244140625,324.8299865722656,52501
2026-09-02 12:21:00-04:00,325.04998779296875,325.1000061035156,324.9700012207031,325.0917053222656,47509
2026-09-02 12:22:00-04:00,324.8800048828125,325.05999755859375,324.8699951171875,325.0299987792969,32420
2026-09-02 12:23:00-04:00,324.5299987792969,324.8800048828125,324.3999938964844,324.8800048828125,105202
2026-09-02 12:24:00-04:00,324.5851135253906,324.5863037109375,324.114990234375,324.5299987792969,94158
2026-09-02 12:25:00-04:00,324.6700134277344,324.67999267578125,324.489990234375,324.5799865722656,43812
2026-09-02 12:26:00-04:00,324.7200012207031,324.7799987792969,324.6499938964844,324.6600036621094,45441
2026-09-02 12:27:00-04:00,324.69000244140625,324.7749938964844,324.67010498046875,324.7349853515625,40871
2026-09-02 12:28:00-04:00,324.6400146484375,324.6799011230469,324.54010009765625,324.672607421875,38318
2026-09-02 12:29:00-04:00,324.6698913574219,324.69000244140625,324.6300048828125,324.6449890136719,32213
2026-09-02 12:30:00-04:00,324.9750061035156,325.1000061035156,324.6199951171875,324.6600036621094,63240
2026-09-02 12:31:00-04:00,325.3500061035156,325.3550109863281,324.9700012207031,324.989990234375,50755
2026-09-02 12:32:00-04:00,325.44000244140625,325.6199951171875,325.3500061035156,325.3550109863281,69236
2026-09-02 12:33:00-04:00,325.3320007324219,325.4700012207031,325.3299865722656,325.4599914550781,40569
2026-09-02 12:34:00-04:00,325.4599914550781,325.69000244140625,325.3450012207031,325.3550109863281,95733
2026-09-02 12:35:00-04:00,325.4200134277344,325.510009765625,325.3800048828125,325.44500732421875,35390
2026-09-02 12:36:00-04:00,325.32501220703125,325.5899963378906,325.2900085449219,325.4100036621094,99188
2026-09-02 12:37:00-04:00,325.6145935058594,325.6600036621094,325.3103942871094,325.3299865722656,39257
2026-09-02 12:38:00-04:00,325.3800048828125,325.614990234375,325.340087890625,325.6099853515625,32990
2026-09-02 12:39:00-04:00,325.42999267578125,325.4599914550781,325.31500244140625,325.3725891113281,52328
2026-09-02 12:40:00-04:00,325.3299865722656,325.42999267578125,325.17999267578125,325.42999267578125,35601
2026-09-02 12:41:00-04:00,325.3450012207031,325.3500061035156,325.25,325.3399963378906,24461
2026-09-02 12:42:00-04:00,325.4800109863281,325.5199890136719,325.30499267578125,325.3450012207031,44880
2026-09-02 12:43:00-04:00,325.42999267578125,325.47711181640625,325.3800048828125,325.4599914550781,18884
2026-09-02 12:44:00-04:00,325.385009765625,325.5299987792969,325.3550109863281,325.42999267578125,30111
2026-09-02 12:45:00-04:00,325.3900146484375,325.4809875488281,325.3699951171875,325.3999938964844,37945
2026-09-02 12:46:00-04:00,325.4599914550781,325.57000732421875,325.364990234375,325.4100036621094,51660
2026-09-02 12:47:00-04:00,325.4700012207031,325.5,325.4100036621094,325.4750061035156,19080
2026-09-02 12:48:00-04:00,325.45001220703125,325.75,325.3949890136719,325.4700012207031,64796
2026-09-02 12:49:00-04:00,325.5050048828125,325.5249938964844,325.4601135253906,325.4649963378906,23403
2026-09-02 12:50:00-04:00,325.5899963378906,325.6000061035156,325.45001220703125,325.510009765625,41316
2026-09-02 12:51:00-04:00,325.7049865722656,325.72601318359375,325.5849914550781,325.5849914550781,61481
2026-09-02 12:52:00-04:00,325.92498779296875,325.95001220703125,325.7099914550781,325.7099914550781,71364
2026-09-02 12:53:00-04:00,325.79998779296875,325.9200134277344,325.67999267578125,325.9150085449219,36462
2026-09-02 12:54:00-04:00,326.0,326.2099914550781,325.7821960449219,325.7821960449219,143021
2026-09-02 12:55:00-04:00,326.21990966796875,326.21990966796875,325.9599914550781,326.0050048828125,46114
2026-09-02 12:56:00-04:00,326.114990234375,326.2380065917969,326.05999755859375,326.20001220703125,51592
2026-09-02 12:57:00-04:00,326.0000915527344,326.2099914550781,326.0,326.1600036621094,37625
2026-09-02 12:58:00-04:00,326.0050048828125,326.1499938964844,325.989990234375,326.0050048828125,35441
2026-09-02 12:59:00-04:00,326.1199951171875,326.1499938964844,325.9949951171875,326.010009765625,27513
2026-09-02 13:00:00-04:00,326.239990234375,326.25,326.1199951171875,326.1300048828125,28934
2026-09-02 13:01:00-04:00,326.29010009765625,326.32000732421875,326.1499938964844,326.2099914550781,44402
2026-09-02 13:02:00-04:00,326.3500061035156,326.3599853515625,326.1000061035156,326.2950134277344,68374
2026-09-02 13:03:00-04:00,326.385498046875,326.409912109375,326.2950134277344,326.3599853515625,58483
2026-09-02 13:04:00-04:00,326.2749938964844,326.5,326.25,326.3949890136719,51149
2026-09-02 13:05:00-04:00,326.1650085449219,326.2799987792969,326.0199890136719,326.25,40349
2026-09-02 13:06:00-04:00,326.19000244140625,326.2900085449219,326.114990234375,326.1625061035156,22820
2026-09-02 13:07:00-04:00,326.2349853515625,326.32000732421875,326.07501220703125,326.20001220703125,48726
2026-09-02 13:08:00-04:00,326.1000061035156,326.3450012207031,325.9700012207031,326.25,60108
2026-09-02 13:09:00-04:00,325.75,326.1099853515625,325.7250061035156,326.0799865722656,85697
2026-09-02 13:10:00-04:00,325.5679931640625,325.7900085449219,325.55010986328125,325.755615234375,57712
2026-09-02 13:11:00-04:00,325.7149963378906,325.7598876953125,325.44000244140625,325.56500244140625,65773
2026-09-02 13:12:00-04:00,325.69000244140625,325.7900085449219,325.6050109863281,325.7200012207031,25194
2026-09-02 13:13:00-04:00,325.7124938964844,325.8500061035156,325.6199951171875,325.69000244140625,31661
2026-09-02 13:14:00-04:00,325.5599060058594,325.70001220703125,325.5400085449219,325.69000244140625,18075
2026-09-02 13:15:00-04:00,325.68499755859375,325.69000244140625,325.5350036621094,325.55499267578125,25159
2026-09-02 13:16:00-04:00,325.80010986328125,325.9999084472656,325.68499755859375,325.70001220703125,41794
2026-09-02 13:17:00-04:00,325.69000244140625,325.8500061035156,325.67999267578125,325.80999755859375,25231
2026-09-02 13:18:00-04:00,325.5498046875,325.6799011230469,325.5,325.6600036621094,25794
2026-09-02 13:19:00-04:00,325.67010498046875,325.7300109863281,325.56500244140625,325.56500244140625,43470
2026-09-02 13:20:00-04:00,325.715087890625,325.7195129394531,325.6400146484375,325.67999267578125,33777
2026-09-02 13:21:00-04:00,325.6700134277344,325.7250061035156,325.53009033203125,325.7160949707031,36590
2026-09-02 13:22:00-04:00,325.67999267578125,325.7998962402344,325.6400146484375,325.6650085449219,52656
2026-09-02 13:23:00-04:00,325.6697082519531,325.6966857910156,325.6202087402344,325.6600036621094,18235
2026-09-02 13:24:00-04:00,325.6099853515625,325.70001220703125,325.57501220703125,325.6700134277344,25318
2026-09-02 13:25:00-04:00,325.5299987792969,325.69000244140625,325.5199890136719,325.6300048828125,29599
2026-09-02 13:26:00-04:00,325.2449035644531,325.57000732421875,325.2099914550781,325.510009765625,54296
2026-09-02 13:27:00-04:00,325.2401123046875,325.2699890136719,325.17999267578125,325.2349853515625,30285
2026-09-02 13:28:00-04:00,325.2828063964844,325.2828063964844,325.0899963378906,325.25,29345
2026-09-02 13:29:00-04:00,325.07501220703125,325.2699890136719,325.07000732421875,325.2699890136719,31391
2026-09-02 13:30:00-04:00,325.135009765625,325.2099914550781,325.0640869140625,325.07501220703125,22499
2026-09-02 13:31:00-04:00,324.94000244140625,325.17498779296875,324.8900146484375,325.17498779296875,44389
2026-09-02 13:32:00-04:00,324.94189453125,325.0,324.875,324.95001220703125,31504
2026-09-02 13:33:00-04:00,324.760009765625,324.94000244140625,324.6803894042969,324.92999267578125,33878
2026-09-02 13:34:00-04:00,324.8699951171875,324.8900146484375,324.70001220703125,324.7699890136719,31533
2026-09-02 13:35:00-04:00,324.8999938964844,325.1099853515625,324.8599853515625,324.8599853515625,41432
2026-09-02 13:36:00-04:00,325.06500244140625,325.0799865722656,324.8999938964844,324.8999938964844,46518
2026-09-02 13:37:00-04:00,325.05999755859375,325.1199951171875,324.9800109863281,325.07000732421875,36327
2026-09-02 13:38:00-04:00,325.114990234375,325.1199951171875,324.9849853515625,325.06500244140625,28187
2026-09-02 13:39:00-04:00,325.0199890136719,325.125,324.9800109863281,325.114990234375,27783
2026-09-02 13:40:00-04:00,324.8900146484375,325.0199890136719,324.8900146484375,325.0,18291
2026-09-02 13:41:00-04:00,324.9794921875,324.9800109863281,324.8500061035156,324.8999938964844,26209
2026-09-02 13:42:00-04:00,325.3450012207031,325.3900146484375,324.94000244140625,324.9750061035156,62507
2026-09-02 13:43:00-04:00,325.3399963378906,325.4800109863281,325.32000732421875,325.3450927734375,42381
2026-09-02 13:44:00-04:00,325.3301086425781,325.45001220703125,325.2799987792969,325.3500061035156,40092
2026-09-02 13:45:00-04:00,325.375,325.4200134277344,325.31500244140625,325.3599853515625,28085
2026-09-02 13:46:00-04:00,325.4700012207031,325.489990234375,325.2701110839844,325.364990234375,33634
2026-09-02 13:47:00-04:00,325.6000061035156,325.6000061035156,325.44000244140625,325.4649963378906,30751
2026-09-02 13:48:00-04:00,325.6650085449219,325.7049865722656,325.57000732421875,325.5950012207031,25145
2026-09-02 13:49:00-04:00,325.5,325.6900939941406,325.4800109863281,325.6600036621094,28656
2026-09-02 13:50:00-04:00,325.4949951171875,325.5910949707031,325.4100036621094,325.5299987792969,28583
2026-09-02 13:51:00-04:00,325.4949951171875,325.5899963378906,325.4800109863281,325.5,24304
2026-09-02 13:52:00-04:00,325.5950012207031,325.6000061035156,325.45001220703125,325.4949951171875,121520
2026-09-02 13:53:00-04:00,325.6098937988281,325.6400146484375,325.56500244140625,325.6000061035156,23264
2026-09-02 13:54:00-04:00,325.8299865722656,325.9800109863281,325.6099853515625,325.6199951171875,65618
2026-09-02 13:55:00-04:00,325.9049987792969,325.9800109863281,325.760009765625,325.8399963378906,42300
2026-09-02 13:56:00-04:00,325.989990234375,326.0050048828125,325.8599853515625,325.9100036621094,33999
2026-09-02 13:57:00-04:00,326.1199951171875,326.1400146484375,325.92010498046875,325.9800109863281,42822
2026-09-02 13:58:00-04:00,325.9849853515625,326.19000244140625,325.95001220703125,326.1099853515625,65969
2026-09-02 13:59:00-04:00,325.9549865722656,326.0,325.9020080566406,325.989990234375,49492
2026-09-02 14:00:00-04:00,325.7900085449219,325.9800109863281,325.760009765625,325.95001220703125,57075
2026-09-02 14:01:00-04:00,326.0299987792969,326.0299987792969,325.7200927734375,325.7799987792969,62392
2026-09-02 14:02:00-04:00,326.1099853515625,326.1499938964844,325.9508056640625,326.05999755859375,47904
2026-09-02 14:03:00-04:00,326.2950134277344,326.30999755859375,326.1304016113281,326.1400146484375,69938
2026-09-02 14:04:00-04:00,326.30010986328125,326.32989501953125,326.2099914550781,326.2900085449219,36527
2026-09-02 14:05:00-04:00,326.2099914550781,326.32501220703125,326.17999267578125,326.32501220703125,36858
2026-09-02 14:06:00-04:00,326.1299133300781,326.2049865722656,326.05999755859375,326.1907958984375,44832
2026-09-02 14:07:00-04:00,326.04998779296875,326.1499938964844,326.0199890136719,326.1300048828125,26652
2026-09-02 14:08:00-04:00,325.9549865722656,326.05999755859375,325.95001220703125,326.0400085449219,46715
2026-09-02 14:09:00-04:00,325.9700012207031,326.0498962402344,325.8900146484375,325.9599914550781,43887
2026-09-02 14:10:00-04:00,326.0150146484375,326.0199890136719,325.9100036621094,325.9700012207031,38026
2026-09-02 14:11:00-04:00,325.92498779296875,326.0150146484375,325.9200134277344,325.9700012207031,45340
2026-09-02 14:12:00-04:00,325.94000244140625,326.0199890136719,325.92999267578125,325.94000244140625,22035
2026-09-02 14:13:00-04:00,325.8999938964844,326.0398864746094,325.8399963378906,325.9599914550781,42030
2026-09-02 14:14:00-04:00,326.0,326.04998779296875,325.7900085449219,325.9200134277344,101172
2026-09-02 14:15:00-04:00,326.04998779296875,326.22601318359375,325.9599914550781,325.989990234375,36214
2026-09-02 14:16:00-04:00,326.07000732421875,326.1600036621094,325.9599914550781,326.05999755859375,84693
2026-09-02 14:17:00-04:00,326.1000061035156,326.16900634765625,326.0199890136719,326.0849914550781,34999
2026-09-02 14:18:00-04:00,326.2200012207031,326.4200134277344,326.0249938964844,326.0799865722656,81577
2026-09-02 14:19:00-04:00,326.19000244140625,326.2298889160156,326.0400085449219,326.2149963378906,35534
2026-09-02 14:20:00-04:00,326.2449951171875,326.2799987792969,326.17999267578125,326.19000244140625,37707
2026-09-02 14:21:00-04:00,326.3599853515625,326.3800048828125,326.2250061035156,326.2300109863281,39448
2026-09-02 14:22:00-04:00,326.19000244140625,326.385009765625,326.1700134277344,326.3800048828125,33920
2026-09-02 14:23:00-04:00,326.1650085449219,326.2300109863281,326.1300048828125,326.17999267578125,21751
2026-09-02 14:24:00-04:00,326.17999267578125,326.2099914550781,326.1000061035156,326.17999267578125,27188
2026-09-02 14:25:00-04:00,326.18499755859375,326.19500732421875,326.1300048828125,326.17999267578125,24092
2026-09-02 14:26:00-04:00,326.4599914550781,326.489990234375,326.19000244140625,326.1900939941406,68268
2026-09-02 14:27:00-04:00,326.30499267578125,326.4649963378906,326.2449951171875,326.4599914550781,44148
2026-09-02 14:28:00-04:00,326.3800048828125,326.4200134277344,326.2900085449219,326.30999755859375,37405
2026-09-02 14:29:00-04:00,326.2955017089844,326.45001220703125,326.260009765625,326.3999938964844,39853
2026-09-02 14:30:00-04:00,326.4200134277344,326.42999267578125,326.2200927734375,326.3099060058594,36414
2026-09-02 14:31:00-04:00,326.3399963378906,326.4200134277344,326.32000732421875,326.3800964355469,32815
2026-09-02 14:32:00-04:00,326.2449951171875,326.3500061035156,326.2239990234375,326.3450012207031,32263
2026-09-02 14:33:00-04:00,326.0899963378906,326.239990234375,326.0400085449219,326.239990234375,47278
2026-09-02 14:34:00-04:00,325.94500732421875,326.18499755859375,325.92999267578125,326.0899963378906,41220
2026-09-02 14:35:00-04:00,326.0400085449219,326.07000732421875,325.8599853515625,325.9599914550781,70377
2026-09-02 14:36:00-04:00,325.989990234375,326.1299133300781,325.94500732421875,326.04998779296875,22805
2026-09-02 14:37:00-04:00,325.8500061035156,325.9700012207031,325.7799987792969,325.9700012207031,36063
2026-09-02 14:38:00-04:00,325.875,325.93499755859375,325.82000732421875,325.8599853515625,23974
2026-09-02 14:39:00-04:00,325.80010986328125,325.94000244140625,325.80010986328125,325.8900146484375,24473
2026-09-02 14:40:00-04:00,325.5950012207031,325.8399963378906,325.5799865722656,325.80999755859375,42292
2026-09-02 14:41:00-04:00,325.5199890136719,325.5899963378906,325.41009521484375,325.5899963378906,46417
2026-09-02 14:42:00-04:00,325.57598876953125,325.7799987792969,325.5299987792969,325.5299987792969,60153
2026-09-02 14:43:00-04:00,325.29998779296875,325.54998779296875,325.2900085449219,325.510009765625,45064
2026-09-02 14:44:00-04:00,325.3399963378906,325.3599853515625,325.18011474609375,325.30499267578125,43008
2026-09-02 14:45:00-04:00,325.2449951171875,325.3949890136719,325.2300109863281,325.3500061035156,38825
2026-09-02 14:46:00-04:00,325.125,325.2699890136719,325.1199951171875,325.2449951171875,33736
2026-09-02 14:47:00-04:00,325.2200927734375,325.239990234375,325.04998779296875,325.125,36697
2026-09-02 14:48:00-04:00,325.260009765625,325.2850036621094,325.1549987792969,325.2250061035156,35964
2026-09-02 14:49:00-04:00,325.29998779296875,325.3299865722656,325.20001220703125,325.2449951171875,29066
2026-09-02 14:50:00-04:00,325.3399963378906,325.39990234375,325.29998779296875,325.29998779296875,46149
2026-09-02 14:51:00-04:00,325.25,325.3500061035156,325.239990234375,325.3500061035156,48494
2026-09-02 14:52:00-04:00,325.0,325.260009765625,324.989990234375,325.2550048828125,44262
2026-09-02 14:53:00-04:00,325.1700134277344,325.20001220703125,324.96258544921875,324.99798583984375,44139
2026-09-02 14:54:00-04:00,325.17498779296875,325.17999267578125,325.1099853515625,325.1700134277344,22936
2026-09-02 14:55:00-04:00,325.1499938964844,325.2300109863281,325.0899963378906,325.17999267578125,55915
2026-09-02 14:56:00-04:00,325.139892578125,325.1700134277344,325.1099853515625,325.1528015136719,25792
2026-09-02 14:57:00-04:00,324.95001220703125,325.17999267578125,324.95001220703125,325.1400146484375,32164
2026-09-02 14:58:00-04:00,324.9549865722656,324.9700012207031,324.8526916503906,324.9549865722656,49809
2026-09-02 14:59:00-04:00,325.0,325.0198974609375,324.9200134277344,324.95001220703125,55886
2026-09-02 15:00:00-04:00,324.6499938964844,325.0,324.6499938964844,324.9849853515625,92773
2026-09-02 15:01:00-04:00,324.7497863769531,324.7497863769531,324.7497863769531,324.7497863769531,0
