Price,Close,High,Low,Open,Volume
Ticker,CRWD,CRWD,CRWD,CRWD,CRWD
Datetime,,,,,
2026-08-27 09:30:00-04:00,210.9199981689453,210.9199981689453,206.1999969482422,208.25,1356182
2026-08-27 09:31:00-04:00,211.51620483398438,213.82000732421875,210.1999969482422,210.99000549316406,361308
2026-08-27 09:32:00-04:00,213.90020751953125,215.6300048828125,211.0,211.47500610351562,408988
2026-08-27 09:33:00-04:00,214.0,214.80999755859375,213.0800018310547,213.69000244140625,136659
2026-08-27 09:34:00-04:00,216.77439880371094,216.8699951171875,212.5800018310547,213.79379272460938,257198
2026-08-27 09:35:00-04:00,216.69500732421875,216.99000549316406,215.04969787597656,216.67999267578125,233006
2026-08-27 09:36:00-04:00,216.72999572753906,217.9499969482422,216.0500030517578,216.80990600585938,278867
2026-08-27 09:37:00-04:00,216.1300048828125,217.28990173339844,215.71470642089844,216.7550048828125,133518
2026-08-27 09:38:00-04:00,217.02000427246094,217.3000030517578,216.1199951171875,216.22000122070312,148465
2026-08-27 09:39:00-04:00,216.02000427246094,217.88999938964844,215.02000427246094,217.19000244140625,248305
2026-08-27 09:40:00-04:00,218.50860595703125,218.57000732421875,216.01010131835938,216.09500122070312,198889
2026-08-27 09:41:00-04:00,220.4199981689453,220.58999633789062,218.4499969482422,218.5,281172
2026-08-27 09:42:00-04:00,219.875,220.75999450683594,218.9199981689453,220.3000030517578,154022
2026-08-27 09:43:00-04:00,219.49000549316406,220.3800048828125,219.11000061035156,219.86500549316406,128997
2026-08-27 09:44:00-04:00,221.37010192871094,221.59500122070312,219.5601043701172,219.67999267578125,204111
2026-08-27 09:45:00-04:00,218.25,221.69000244140625,218.1199951171875,221.5,213210
2026-08-27 09:46:00-04:00,216.8800048828125,218.99000549316406,216.50010681152344,218.3699951171875,141064
2026-08-27 09:47:00-04:00,216.10000610351562,217.27999877929688,216.0,216.8800048828125,159776
2026-08-27 09:48:00-04:00,217.26499938964844,217.9532928466797,215.66050720214844,216.11500549316406,204164
2026-08-27 09:49:00-04:00,218.0919952392578,218.2899932861328,217.0500030517578,217.27000427246094,124960
2026-08-27 09:50:00-04:00,218.7100067138672,219.47000122070312,218.32000732421875,218.3300018310547,126805
2026-08-27 09:51:00-04:00,219.52999877929688,220.1999053955078,218.8502960205078,218.8699951171875,164440
2026-08-27 09:52:00-04:00,219.56500244140625,219.75,219.08009338378906,219.52499389648438,77622
2026-08-27 09:53:00-04:00,219.2449951171875,219.6999969482422,218.82000732421875,219.57000732421875,53614
2026-08-27 09:54:00-04:00,218.91000366210938,219.6199951171875,218.64010620117188,219.2449951171875,63845
2026-08-27 09:55:00-04:00,219.1999969482422,219.75,218.52999877929688,218.91000366210938,143501
2026-08-27 09:56:00-04:00,219.25,219.49000549316406,218.75,219.13999938964844,81521
2026-08-27 09:57:00-04:00,218.4199981689453,219.25,218.32009887695312,219.25,72586
2026-08-27 09:58:00-04:00,219.110107421875,219.25,218.4250030517578,218.4250030517578,63069
2026-08-27 09:59:00-04:00,218.69000244140625,219.57000732421875,218.57000732421875,219.17999267578125,112296
2026-08-27 10:00:00-04:00,220.2949981689453,220.5,218.75999450683594,218.75999450683594,188920
2026-08-27 10:01:00-04:00,220.5,220.8000030517578,219.90499877929688,220.32000732421875,119528
2026-08-27 10:02:00-04:00,220.44000244140625,220.97000122070312,220.3300018310547,220.52000427246094,89102
2026-08-27 10:03:00-04:00,221.74000549316406,221.75,220.02999877929688,220.4600067138672,147498
2026-08-27 10:04:00-04:00,221.64999389648438,221.94000244140625,221.22000122070312,221.7899932861328,85862
2026-08-27 10:05:00-04:00,222.0399932861328,222.27000427246094,221.42999267578125,221.64999389648438,134677
2026-08-27 10:06:00-04:00,222.74000549316406,222.83999633789062,221.94000244140625,222.17999267578125,126874
2026-08-27 10:07:00-04:00,222.0050048828125,223.02499389648438,221.8699951171875,222.7449951171875,110436
2026-08-27 10:08:00-04:00,222.11000061035156,222.35000610351562,221.8000030517578,222.00999450683594,91751
2026-08-27 10:09:00-04:00,222.69000244140625,222.75999450683594,221.92999267578125,222.22230529785156,72603
2026-08-27 10:10:00-04:00,223.47500610351562,223.67999267578125,222.35000610351562,222.69000244140625,113659
2026-08-27 10:11:00-04:00,223.6999969482422,223.75,222.75999450683594,223.47500610351562,89449
2026-08-27 10:12:00-04:00,224.64999389648438,224.8000030517578,223.6300048828125,223.6999969482422,137816
2026-08-27 10:13:00-04:00,225.1800994873047,225.77609252929688,224.5301055908203,224.6649932861328,229508
2026-08-27 10:14:00-04:00,224.6649932861328,225.38999938964844,224.36000061035156,225.25,143730
2026-08-27 10:15:00-04:00,225.02000427246094,225.47000122070312,224.60009765625,224.6649932861328,98745
2026-08-27 10:16:00-04:00,224.5771026611328,225.35000610351562,224.2100067138672,225.0998992919922,98963
2026-08-27 10:17:00-04:00,224.6699981689453,224.83580017089844,224.3300018310547,224.49000549316406,61210
2026-08-27 10:18:00-04:00,224.86000061035156,224.89999389648438,224.41009521484375,224.63499450683594,96803
2026-08-27 10:19:00-04:00,224.6201934814453,225.3800048828125,224.50050354003906,224.85499572753906,69187
2026-08-27 10:20:00-04:00,224.60499572753906,225.24000549316406,224.38999938964844,224.50320434570312,89465
2026-08-27 10:21:00-04:00,224.97000122070312,225.35000610351562,224.52000427246094,224.60499572753906,60211
2026-08-27 10:22:00-04:00,223.86000061035156,225.25,223.82000732421875,224.88499450683594,88666
2026-08-27 10:23:00-04:00,222.8800048828125,223.94619750976562,222.72000122070312,223.86199951171875,132663
2026-08-27 10:24:00-04:00,223.6750030517578,223.99000549316406,222.72000122070312,222.8800048828125,107338
2026-08-27 10:25:00-04:00,223.50999450683594,223.72000122070312,222.8195037841797,223.61000061035156,101002
2026-08-27 10:26:00-04:00,222.75,223.73289489746094,222.4499969482422,223.5050048828125,111504
2026-08-27 10:27:00-04:00,223.09500122070312,223.42999267578125,222.75,222.75,40650
2026-08-27 10:28:00-04:00,223.35000610351562,223.60000610351562,223.0500030517578,223.17999267578125,36155
2026-08-27 10:29:00-04:00,223.25,223.61099243164062,223.00999450683594,223.39999389648438,48218
2026-08-27 10:30:00-04:00,223.5850067138672,224.10000610351562,223.15499877929688,223.16250610351562,99463
2026-08-27 10:31:00-04:00,223.5,224.0998992919922,223.31649780273438,223.5800018310547,63787
2026-08-27 10:32:00-04:00,223.1103973388672,223.64999389648438,222.81199645996094,223.5800018310547,55926
2026-08-27 10:33:00-04:00,223.61000061035156,223.75,222.8179931640625,223.0800018310547,47176
2026-08-27 10:34:00-04:00,222.30999755859375,223.69000244140625,222.1300048828125,223.58999633789062,61889
2026-08-27 10:35:00-04:00,222.73170471191406,222.80999755859375,222.16799926757812,222.3300018310547,70315
2026-08-27 10:36:00-04:00,222.71499633789062,222.89999389648438,221.9499969482422,222.66000366210938,83842
2026-08-27 10:37:00-04:00,222.52000427246094,223.19000244140625,222.4499969482422,222.65609741210938,53967
2026-08-27 10:38:00-04:00,222.77999877929688,222.89999389648438,222.47999572753906,222.67999267578125,23098
2026-08-27 10:39:00-04:00,222.5,222.89500427246094,222.3300018310547,222.8000030517578,39282
2026-08-27 10:40:00-04:00,222.41000366210938,222.88999938964844,222.1300048828125,222.4550018310547,52805
2026-08-27 10:41:00-04:00,222.63499450683594,222.97999572753906,222.35000610351562,222.41000366210938,43258
2026-08-27 10:42:00-04:00,221.85369873046875,222.7071990966797,221.74009704589844,222.52029418945312,52041
2026-08-27 10:43:00-04:00,221.33709716796875,221.86000061035156,221.3000030517578,221.80499267578125,81820
2026-08-27 10:44:00-04:00,221.52999877929688,221.97239685058594,221.11000061035156,221.3300018310547,67957
2026-08-27 10:45:00-04:00,221.63999938964844,221.82000732421875,220.75,221.52999877929688,85361
2026-08-27 10:46:00-04:00,220.86000061035156,221.5850067138672,220.83999633789062,221.55999755859375,39010
2026-08-27 10:47:00-04:00,221.1300048828125,221.1999969482422,220.5,220.85499572753906,67301
2026-08-27 10:48:00-04:00,221.4199981689453,221.42649841308594,221.07000732421875,221.11500549316406,38877
2026-08-27 10:49:00-04:00,221.80999755859375,221.97999572753906,221.1999969482422,221.4199981689453,56079
2026-08-27 10:50:00-04:00,222.3820037841797,222.5998992919922,221.76499938964844,221.86500549316406,111744
2026-08-27 10:51:00-04:00,222.39999389648438,222.47000122070312,221.9801025390625,222.44000244140625,61568
2026-08-27 10:52:00-04:00,222.4499969482422,222.60000610351562,222.0050048828125,222.32000732421875,51301
2026-08-27 10:53:00-04:00,222.80999755859375,222.99000549316406,222.3300018310547,222.36959838867188,61887
2026-08-27 10:54:00-04:00,222.59500122070312,222.85000610351562,222.39999389648438,222.7050018310547,34760
2026-08-27 10:55:00-04:00,222.47000122070312,222.8000030517578,222.0,222.59500122070312,34516
2026-08-27 10:56:00-04:00,222.4949951171875,222.6999969482422,222.2200927734375,222.48500061035156,25795
2026-08-27 10:57:00-04:00,222.43930053710938,222.7899932861328,222.39999389648438,222.4949951171875,38384
2026-08-27 10:58:00-04:00,222.86500549316406,223.0800018310547,222.45140075683594,222.47000122070312,41982
2026-08-27 10:59:00-04:00,223.07000732421875,223.0800018310547,222.5500030517578,222.85000610351562,129151
2026-08-27 11:00:00-04:00,223.42990112304688,223.42999267578125,222.80999755859375,222.9199981689453,35423
2026-08-27 11:01:00-04:00,223.52499389648438,223.6697998046875,223.17999267578125,223.30499267578125,45985
2026-08-27 11:02:00-04:00,223.25,223.5498046875,223.14999389648438,223.5498046875,37497
2026-08-27 11:03:00-04:00,222.74009704589844,223.4499969482422,222.72999572753906,223.25999450683594,44488
2026-08-27 11:04:00-04:00,223.35000610351562,223.47000122070312,222.74139404296875,222.77999877929688,26752
2026-08-27 11:05:00-04:00,223.6699981689453,223.74989318847656,223.19009399414062,223.3350067138672,34788
2026-08-27 11:06:00-04:00,222.85499572753906,223.75,222.76010131835938,223.6750030517578,43155
2026-08-27 11:07:00-04:00,222.8249969482422,223.02090454101562,222.8000030517578,222.9199981689453,25764
2026-08-27 11:08:00-04:00,222.8000030517578,222.8699951171875,222.25,222.80999755859375,30660
2026-08-27 11:09:00-04:00,222.67999267578125,222.89999389648438,222.49000549316406,222.89999389648438,24579
2026-08-27 11:10:00-04:00,223.35000610351562,223.35000610351562,222.4199981689453,222.6923065185547,32243
2026-08-27 11:11:00-04:00,223.375,223.5998992919922,223.11000061035156,223.22999572753906,29295
2026-08-27 11:12:00-04:00,223.5399932861328,223.60000610351562,223.17999267578125,223.30999755859375,32818
2026-08-27 11:13:00-04:00,223.1699981689453,223.6300048828125,223.13999938964844,223.6300048828125,16717
2026-08-27 11:14:00-04:00,223.28500366210938,223.55999755859375,223.0399932861328,223.1699981689453,34992
2026-08-27 11:15:00-04:00,223.5,223.5,223.05999755859375,223.2899932861328,32404
2026-08-27 11:16:00-04:00,223.47999572753906,223.66000366210938,223.3800048828125,223.50999450683594,34210
2026-08-27 11:17:00-04:00,223.48500061035156,223.6699981689453,223.39999389648438,223.50999450683594,27239
2026-08-27 11:18:00-04:00,224.11000061035156,224.11000061035156,223.5500030517578,223.5500030517578,54443
2026-08-27 11:19:00-04:00,224.02999877929688,224.13999938964844,223.86000061035156,224.02000427246094,22294
2026-08-27 11:20:00-04:00,224.1300048828125,224.5706024169922,224.0800018310547,224.0800018310547,51985
2026-08-27 11:21:00-04:00,224.4700927734375,224.64999389648438,224.0,224.1999969482422,21783
2026-08-27 11:22:00-04:00,224.61000061035156,224.69000244140625,224.47000122070312,224.5500030517578,25898
2026-08-27 11:23:00-04:00,224.3000030517578,224.82000732421875,224.22999572753906,224.6699981689453,30952
2026-08-27 11:24:00-04:00,224.2449951171875,224.42999267578125,223.7825927734375,224.30499267578125,35652
2026-08-27 11:25:00-04:00,223.90499877929688,224.45989990234375,223.79010009765625,224.25999450683594,26550
2026-08-27 11:26:00-04:00,224.3000030517578,224.3607940673828,223.8347930908203,223.89999389648438,30162
2026-08-27 11:27:00-04:00,224.30999755859375,224.4499969482422,224.16000366210938,224.3000030517578,24997
2026-08-27 11:28:00-04:00,223.92990112304688,224.27499389648438,223.75010681152344,224.27499389648438,29421
2026-08-27 11:29:00-04:00,223.75,223.93899536132812,223.61000061035156,223.84500122070312,25479
2026-08-27 11:30:00-04:00,223.61500549316406,223.8000030517578,223.3000030517578,223.7449951171875,38332
2026-08-27 11:31:00-04:00,223.8300018310547,223.9499053955078,223.5500030517578,223.61500549316406,18352
2026-08-27 11:32:00-04:00,223.38999938964844,223.85000610351562,223.33999633789062,223.8300018310547,19948
2026-08-27 11:33:00-04:00,223.1750030517578,223.47999572753906,222.99000549316406,223.3800048828125,34464
2026-08-27 11:34:00-04:00,223.11500549316406,223.59730529785156,222.83999633789062,223.22999572753906,33313
2026-08-27 11:35:00-04:00,222.86819458007812,223.24000549316406,222.8300018310547,223.0749969482422,20441
2026-08-27 11:36:00-04:00,222.322998046875,222.94009399414062,222.0500946044922,222.94009399414062,36382
2026-08-27 11:37:00-04:00,223.25010681152344,223.7386016845703,222.3699951171875,222.41000366210938,51538
2026-08-27 11:38:00-04:00,223.18499755859375,223.65989685058594,222.88009643554688,223.375,35921
2026-08-27 11:39:00-04:00,222.88999938964844,223.22999572753906,222.75,223.18499755859375,33701
2026-08-27 11:40:00-04:00,223.14999389648438,223.25999450683594,222.82000732421875,222.88999938964844,26796
2026-08-27 11:41:00-04:00,222.1999969482422,223.13999938964844,222.14010620117188,223.13999938964844,31549
2026-08-27 11:42:00-04:00,222.10000610351562,222.27999877929688,221.89999389648438,222.2050018310547,33850
2026-08-27 11:43:00-04:00,221.4499969482422,221.9600067138672,221.25999450683594,221.9600067138672,34252
2026-08-27 11:44:00-04:00,221.4600067138672,221.6649932861328,221.2050018310547,221.3300018310547,33546
2026-08-27 11:45:00-04:00,221.1699981689453,221.63999938964844,221.0500030517578,221.4600067138672,37489
2026-08-27 11:46:00-04:00,220.91009521484375,221.47000122070312,220.8300018310547,221.13999938964844,43483
2026-08-27 11:47:00-04:00,220.9149932861328,221.38999938964844,220.83009338378906,220.90499877929688,23967
2026-08-27 11:48:00-04:00,220.86000061035156,221.17999267578125,220.76010131835938,220.9149932861328,21658
2026-08-27 11:49:00-04:00,220.8699951171875,220.97999572753906,220.69000244140625,220.9499969482422,24030
2026-08-27 11:50:00-04:00,221.52000427246094,221.5449981689453,220.83009338378906,220.8699951171875,35458
2026-08-27 11:51:00-04:00,221.3300018310547,221.70989990234375,221.3072052001953,221.52499389648438,26122
2026-08-27 11:52:00-04:00,222.1699981689453,222.5,221.38009643554688,221.42999267578125,51654
2026-08-27 11:53:00-04:00,222.2799072265625,222.74989318847656,221.8300018310547,222.1199951171875,38974
2026-08-27 11:54:00-04:00,222.81500244140625,223.00999450683594,222.1905975341797,222.19500732421875,36628
2026-08-27 11:55:00-04:00,223.0399932861328,223.25,222.63009643554688,222.74000549316406,29234
2026-08-27 11:56:00-04:00,222.71180725097656,223.17999267578125,222.5364990234375,223.0500030517578,23512
2026-08-27 11:57:00-04:00,222.4600067138672,222.75999450683594,222.34010314941406,222.6699981689453,22526
2026-08-27 11:58:00-04:00,222.18499755859375,222.61000061035156,222.14010620117188,222.52999877929688,29153
2026-08-27 11:59:00-04:00,222.44000244140625,222.47000122070312,222.05999755859375,222.17579650878906,23875
2026-08-27 12:00:00-04:00,222.32000732421875,222.58999633789062,222.27000427246094,222.4499969482422,32009
2026-08-27 12:01:00-04:00,222.44000244140625,222.6699981689453,222.27999877929688,222.3300018310547,19747
2026-08-27 12:02:00-04:00,222.7100067138672,222.74949645996094,222.34010314941406,222.38999938964844,18757
2026-08-27 12:03:00-04:00,222.5,222.78729248046875,222.38999938964844,222.7100067138672,19436
2026-08-27 12:04:00-04:00,222.5050048828125,222.55999755859375,222.3699951171875,222.55999755859375,12752
2026-08-27 12:05:00-04:00,222.6300048828125,222.74000549316406,222.260498046875,222.44000244140625,16834
2026-08-27 12:06:00-04:00,222.49000549316406,222.83999633789062,222.44000244140625,222.61500549316406,36883
2026-08-27 12:07:00-04:00,222.36000061035156,222.8000030517578,222.2899932861328,222.52000427246094,25002
2026-08-27 12:08:00-04:00,222.44500732421875,222.5749969482422,222.26010131835938,222.375,18059
2026-08-27 12:09:00-04:00,222.5500030517578,222.63999938964844,222.44000244140625,222.47000122070312,12794
2026-08-27 12:10:00-04:00,222.3677978515625,222.64999389648438,222.3677978515625,222.5500030517578,14612
2026-08-27 12:11:00-04:00,222.1501007080078,222.5,222.0,222.4199981689453,20996
2026-08-27 12:12:00-04:00,222.31500244140625,222.39999389648438,222.1501007080078,222.19000244140625,14851
2026-08-27 12:13:00-04:00,222.1699981689453,222.36000061035156,222.08999633789062,222.22999572753906,11875
2026-08-27 12:14:00-04:00,222.5157928466797,222.64999389648438,222.05999755859375,222.1999969482422,27992
2026-08-27 12:15:00-04:00,222.2899932861328,222.61500549316406,222.13499450683594,222.4600067138672,15519
2026-08-27 12:16:00-04:00,222.27999877929688,222.50999450683594,222.19000244140625,222.1999969482422,23573
2026-08-27 12:17:00-04:00,222.47000122070312,222.49200439453125,222.21009826660156,222.3000030517578,21586
2026-08-27 12:18:00-04:00,222.35499572753906,222.47950744628906,222.22999572753906,222.4600067138672,33159
2026-08-27 12:19:00-04:00,222.33999633789062,222.4582977294922,222.17999267578125,222.25999450683594,23506
2026-08-27 12:20:00-04:00,222.0850067138672,222.41000366210938,221.9199981689453,222.33999633789062,53502
2026-08-27 12:21:00-04:00,222.22000122070312,222.3000030517578,221.9499969482422,222.02999877929688,49479
2026-08-27 12:22:00-04:00,222.27999877929688,222.49000549316406,222.14999389648438,222.32000732421875,17128
2026-08-27 12:23:00-04:00,221.52999877929688,222.42999267578125,221.36000061035156,222.27499389648438,75830
2026-08-27 12:24:00-04:00,221.07000732421875,221.5399932861328,220.85009765625,221.52499389648438,31734
2026-08-27 12:25:00-04:00,221.5449981689453,221.79989624023438,220.9949951171875,221.0800018310547,30780
2026-08-27 12:26:00-04:00,222.0800018310547,222.0800018310547,221.47999572753906,221.47999572753906,39137
2026-08-27 12:27:00-04:00,221.86500549316406,222.22000122070312,221.75999450683594,221.97000122070312,36212
2026-08-27 12:28:00-04:00,221.3249969482422,222.00509643554688,221.1999969482422,221.86500549316406,42442
2026-08-27 12:29:00-04:00,221.11070251464844,221.41000366210938,221.00999450683594,221.30499267578125,34394
2026-08-27 12:30:00-04:00,221.53500366210938,221.63999938964844,220.9499969482422,221.0500030517578,45833
2026-08-27 12:31:00-04:00,221.4001007080078,221.66000366210938,221.32000732421875,221.4600067138672,18626
2026-08-27 12:32:00-04:00,221.8249969482422,221.8249969482422,221.4199981689453,221.4199981689453,20080
2026-08-27 12:33:00-04:00,221.72999572753906,222.07000732421875,221.6300048828125,221.8300018310547,28939
2026-08-27 12:34:00-04:00,221.6999969482422,221.88999938964844,221.50999450683594,221.77499389648438,19380
2026-08-27 12:35:00-04:00,222.0552978515625,222.07000732421875,221.6999969482422,221.6999969482422,16444
2026-08-27 12:36:00-04:00,221.9600067138672,222.1999969482422,221.9031982421875,222.0070037841797,19900
2026-08-27 12:37:00-04:00,222.22500610351562,222.35000610351562,221.94850158691406,221.97000122070312,30486
2026-08-27 12:38:00-04:00,222.49000549316406,222.54139709472656,222.1300048828125,222.3300018310547,22991
2026-08-27 12:39:00-04:00,222.5500030517578,222.66119384765625,222.44000244140625,222.4499969482422,34025
2026-08-27 12:40:00-04:00,222.16000366210938,222.5699005126953,222.0,222.5699005126953,36541
2026-08-27 12:41:00-04:00,222.6199951171875,222.7299041748047,222.01510620117188,222.07000732421875,25259
2026-08-27 12:42:00-04:00,222.6300048828125,223.05999755859375,222.58999633789062,222.6999969482422,56636
2026-08-27 12:43:00-04:00,222.58999633789062,222.6699981689453,222.3699951171875,222.58999633789062,24345
2026-08-27 12:44:00-04:00,222.52999877929688,222.58999633789062,222.32000732421875,222.4949951171875,19233
2026-08-27 12:45:00-04:00,222.5500030517578,222.5500030517578,222.3300018310547,222.4906005859375,16929
2026-08-27 12:46:00-04:00,222.47500610351562,222.69000244140625,222.38009643554688,222.5399932861328,33497
2026-08-27 12:47:00-04:00,222.4799041748047,222.62989807128906,222.3800048828125,222.51499938964844,16989
2026-08-27 12:48:00-04:00,222.86500549316406,223.07620239257812,222.4149932861328,222.4149932861328,26188
2026-08-27 12:49:00-04:00,222.53500366210938,222.97999572753906,222.44009399414062,222.91000366210938,21771
2026-08-27 12:50:00-04:00,222.43499755859375,222.6199951171875,222.35000610351562,222.53500366210938,17361
2026-08-27 12:51:00-04:00,222.77999877929688,222.8699951171875,222.42999267578125,222.50999450683594,14219
2026-08-27 12:52:00-04:00,222.85000610351562,222.89990234375,222.64999389648438,222.77999877929688,16443
2026-08-27 12:53:00-04:00,222.97500610351562,223.10000610351562,222.80499267578125,222.80499267578125,26750
2026-08-27 12:54:00-04:00,222.76499938964844,223.08990478515625,222.6800994873047,222.97500610351562,12758
2026-08-27 12:55:00-04:00,222.57000732421875,222.8000030517578,222.51010131835938,222.75999450683594,17080
2026-08-27 12:56:00-04:00,222.66000366210938,222.88999938964844,222.52000427246094,222.6199951171875,21981
2026-08-27 12:57:00-04:00,223.0,223.10000610351562,222.66000366210938,222.6699981689453,21966
2026-08-27 12:58:00-04:00,223.1199951171875,223.25,222.93600463867188,222.93600463867188,26578
2026-08-27 12:59:00-04:00,223.39999389648438,223.5,223.0,223.1300048828125,37753
2026-08-27 13:00:00-04:00,223.8000030517578,223.92999267578125,223.35499572753906,223.38999938964844,47979
2026-08-27 13:01:00-04:00,223.61500549316406,223.97999572753906,223.5500030517578,223.8000030517578,34267
2026-08-27 13:02:00-04:00,223.52000427246094,223.81500244140625,223.44000244140625,223.5500030517578,22091
2026-08-27 13:03:00-04:00,224.05999755859375,224.0679931640625,223.63999938964844,223.6697998046875,34618
2026-08-27 13:04:00-04:00,224.67999267578125,224.71499633789062,223.9250030517578,224.01010131835938,59435
2026-08-27 13:05:00-04:00,224.39500427246094,224.85000610351562,224.32000732421875,224.63499450683594,32072
2026-08-27 13:06:00-04:00,224.52059936523438,224.5500030517578,224.14010620117188,224.39500427246094,25054
2026-08-27 13:07:00-04:00,225.44000244140625,225.69000244140625,224.52000427246094,224.5800018310547,165061
2026-08-27 13:08:00-04:00,225.10499572753906,225.64999389648438,225.0,225.52000427246094,29918
2026-08-27 13:09:00-04:00,225.3300018310547,225.41000366210938,225.0399932861328,225.10000610351562,25156
2026-08-27 13:10:00-04:00,225.81500244140625,225.99000549316406,225.27999877929688,225.27999877929688,50110
2026-08-27 13:11:00-04:00,225.56500244140625,225.9799041748047,225.56500244140625,225.81509399414062,47931
2026-08-27 13:12:00-04:00,225.7449951171875,225.8000030517578,225.3000030517578,225.5478057861328,32267
2026-08-27 13:13:00-04:00,225.3300018310547,225.74000549316406,225.20010375976562,225.6999969482422,29429
2026-08-27 13:14:00-04:00,225.08999633789062,225.389892578125,224.85000610351562,225.3300018310547,37641
2026-08-27 13:15:00-04:00,225.0,225.22500610351562,224.86000061035156,225.11500549316406,19327
2026-08-27 13:16:00-04:00,224.83599853515625,225.08999633789062,224.7530059814453,225.0800018310547,19246
2026-08-27 13:17:00-04:00,224.98500061035156,225.00999450683594,224.83999633789062,224.91000366210938,21660
2026-08-27 13:18:00-04:00,224.77000427246094,225.02999877929688,224.66099548339844,225.00999450683594,21199
2026-08-27 13:19:00-04:00,224.80999755859375,224.88999938964844,224.610107421875,224.77000427246094,16893
2026-08-27 13:20:00-04:00,224.6699981689453,224.80999755859375,224.65040588378906,224.80999755859375,12378
2026-08-27 13:21:00-04:00,224.97000122070312,225.00999450683594,224.5,224.67759704589844,35170
2026-08-27 13:22:00-04:00,225.0749969482422,225.1699981689453,224.89500427246094,224.9600067138672,28335
2026-08-27 13:23:00-04:00,225.2100067138672,225.74000549316406,225.11900329589844,225.11900329589844,27571
2026-08-27 13:24:00-04:00,224.77499389648438,225.25,224.6999969482422,225.22000122070312,22587
2026-08-27 13:25:00-04:00,225.25999450683594,225.3000030517578,224.69000244140625,224.69000244140625,27264
2026-08-27 13:26:00-04:00,225.11000061035156,225.41000366210938,224.97000122070312,225.25999450683594,41049
2026-08-27 13:27:00-04:00,225.18499755859375,225.42999267578125,225.00999450683594,225.1199951171875,43248
2026-08-27 13:28:00-04:00,225.4199981689453,225.5,225.10000610351562,225.24000549316406,31869
2026-08-27 13:29:00-04:00,225.47999572753906,225.55999755859375,225.3231964111328,225.4199981689453,28517
2026-08-27 13:30:00-04:00,225.97999572753906,226.11000061035156,225.2200927734375,225.47999572753906,70454
2026-08-27 13:31:00-04:00,226.05999755859375,226.10000610351562,225.8300018310547,225.9499969482422,38103
2026-08-27 13:32:00-04:00,226.3300018310547,226.39999389648438,225.92999267578125,226.05999755859375,57449
2026-08-27 13:33:00-04:00,226.3300018310547,226.5,226.15550231933594,226.3300018310547,42612
2026-08-27 13:34:00-04:00,226.0449981689453,226.35000610351562,226.00999450683594,226.3070068359375,29582
2026-08-27 13:35:00-04:00,225.76499938964844,226.13999938964844,225.7100067138672,226.0399932861328,26084
2026-08-27 13:36:00-04:00,225.72999572753906,226.02999877929688,225.67100524902344,225.71009826660156,32832
2026-08-27 13:37:00-04:00,225.33999633789062,225.8000030517578,225.22999572753906,225.72999572753906,18406
2026-08-27 13:38:00-04:00,225.2899932861328,225.47999572753906,225.26499938964844,225.33999633789062,15425
2026-08-27 13:39:00-04:00,225.63999938964844,225.72059631347656,225.20010375976562,225.3000030517578,20781
2026-08-27 13:40:00-04:00,225.875,226.02999877929688,225.50999450683594,225.74000549316406,47284
2026-08-27 13:41:00-04:00,225.80999755859375,225.9600067138672,225.75999450683594,225.875,19816
2026-08-27 13:42:00-04:00,225.71499633789062,225.97999572753906,225.60000610351562,225.86819458007812,18695
2026-08-27 13:43:00-04:00,225.74009704589844,225.84500122070312,225.60000610351562,225.72000122070312,22366
2026-08-27 13:44:00-04:00,225.89999389648438,226.02490234375,225.72999572753906,225.86000061035156,21755
2026-08-27 13:45:00-04:00,225.85000610351562,225.9499969482422,225.67010498046875,225.9326934814453,19594
2026-08-27 13:46:00-04:00,225.57000732421875,225.8699951171875,225.5,225.83999633789062,22371
2026-08-27 13:47:00-04:00,225.6699981689453,225.75,225.5,225.57000732421875,22391
2026-08-27 13:48:00-04:00,226.00999450683594,226.0800018310547,225.5399932861328,225.74000549316406,22838
2026-08-27 13:49:00-04:00,225.5399932861328,226.14999389648438,225.5399932861328,226.01010131835938,18833
2026-08-27 13:50:00-04:00,225.47000122070312,225.6199951171875,225.25999450683594,225.5399932861328,21584
2026-08-27 13:51:00-04:00,225.7550048828125,225.9199981689453,225.46499633789062,225.46499633789062,16268
2026-08-27 13:52:00-04:00,225.78500366210938,225.8800048828125,225.63999938964844,225.75999450683594,20625
2026-08-27 13:53:00-04:00,225.8800048828125,225.8800048828125,225.67010498046875,225.72999572753906,16303
2026-08-27 13:54:00-04:00,226.14999389648438,226.1999969482422,225.83999633789062,225.87100219726562,27779
2026-08-27 13:55:00-04:00,226.14500427246094,226.27000427246094,225.95050048828125,226.1501007080078,27236
2026-08-27 13:56:00-04:00,226.3300018310547,226.3300018310547,225.92999267578125,226.13999938964844,30578
2026-08-27 13:57:00-04:00,226.22999572753906,226.39999389648438,226.0612030029297,226.39999389648438,25985
2026-08-27 13:58:00-04:00,225.8000030517578,226.24000549316406,225.8000030517578,226.2050018310547,25612
2026-08-27 13:59:00-04:00,225.52999877929688,225.90989685058594,225.47999572753906,225.86000061035156,37178
2026-08-27 14:00:00-04:00,225.7899932861328,226.1999969482422,225.5500030517578,225.58999633789062,29675
2026-08-27 14:01:00-04:00,225.36000061035156,225.8800048828125,225.32000732421875,225.80499267578125,42317
2026-08-27 14:02:00-04:00,225.08999633789062,225.5500030517578,224.92999267578125,225.32000732421875,40843
2026-08-27 14:03:00-04:00,225.1999969482422,225.2899932861328,224.77999877929688,225.08999633789062,25353
2026-08-27 14:04:00-04:00,224.63999938964844,225.1999969482422,224.44000244140625,225.1999969482422,55267
2026-08-27 14:05:00-04:00,224.6822967529297,224.8199005126953,224.47999572753906,224.60499572753906,19980
2026-08-27 14:06:00-04:00,225.2899932861328,225.4499969482422,224.68499755859375,224.68499755859375,23538
2026-08-27 14:07:00-04:00,224.72000122070312,225.27999877929688,224.64999389648438,225.110107421875,23659
2026-08-27 14:08:00-04:00,224.6649932861328,224.8000030517578,224.0,224.71499633789062,35406
2026-08-27 14:09:00-04:00,224.7100067138672,224.7899932861328,224.50010681152344,224.72999572753906,14234
2026-08-27 14:10:00-04:00,224.83949279785156,224.85000610351562,224.58999633789062,224.7050018310547,13726
2026-08-27 14:11:00-04:00,225.05999755859375,225.05999755859375,224.64999389648438,224.8350067138672,27633
2026-08-27 14:12:00-04:00,225.5,225.62950134277344,224.9949951171875,225.0,37497
2026-08-27 14:13:00-04:00,225.61000061035156,225.83999633789062,225.4949951171875,225.5399932861328,36590
2026-08-27 14:14:00-04:00,225.91000366210938,225.97869873046875,225.38999938964844,225.57000732421875,31711
2026-08-27 14:15:00-04:00,225.8800048828125,225.99000549316406,225.7200927734375,225.86000061035156,16984
2026-08-27 14:16:00-04:00,225.9199981689453,225.97999572753906,225.72999572753906,225.81500244140625,23178
2026-08-27 14:17:00-04:00,226.22999572753906,226.38999938964844,225.86000061035156,225.9199981689453,42610
2026-08-27 14:18:00-04:00,225.69500732421875,226.2899932861328,225.57009887695312,226.22999572753906,31610
2026-08-27 14:19:00-04:00,225.47999572753906,225.75999450683594,225.36000061035156,225.69500732421875,39226
2026-08-27 14:20:00-04:00,225.9250030517578,225.92999267578125,225.47999572753906,225.47999572753906,15200
2026-08-27 14:21:00-04:00,225.89999389648438,225.97999572753906,225.7700958251953,225.9600067138672,14854
2026-08-27 14:22:00-04:00,225.90989685058594,225.9600067138672,225.74000549316406,225.85499572753906,19064
2026-08-27 14:23:00-04:00,225.80499267578125,226.08999633789062,225.77999877929688,225.88999938964844,28984
2026-08-27 14:24:00-04:00,225.60000610351562,225.75999450683594,225.4199981689453,225.75999450683594,18703
2026-08-27 14:25:00-04:00,225.8699951171875,225.99000549316406,225.45010375976562,225.58999633789062,24441
2026-08-27 14:26:00-04:00,225.8800048828125,226.25,225.8350067138672,225.9488067626953,49257
2026-08-27 14:27:00-04:00,225.7700958251953,226.1300048828125,225.7700958251953,225.8350067138672,21656
2026-08-27 14:28:00-04:00,225.54080200195312,225.81509399414062,225.44500732421875,225.7700958251953,14550
2026-08-27 14:29:00-04:00,225.22000122070312,225.64999389648438,225.1199951171875,225.57000732421875,28350
2026-08-27 14:30:00-04:00,225.19000244140625,225.33999633789062,225.1199951171875,225.27999877929688,22535
2026-08-27 14:31:00-04:00,225.77000427246094,225.8000030517578,225.18499755859375,225.19500732421875,23781
2026-08-27 14:32:00-04:00,226.0,226.3000030517578,225.70010375976562,225.77000427246094,59518
2026-08-27 14:33:00-04:00,225.92999267578125,226.1999969482422,225.88499450683594,226.02999877929688,20092
2026-08-27 14:34:00-04:00,225.97000122070312,226.27999877929688,225.9199981689453,226.02999877929688,21105
2026-08-27 14:35:00-04:00,226.2550048828125,226.27000427246094,225.9138946533203,225.97500610351562,20614
2026-08-27 14:36:00-04:00,226.15499877929688,226.3000030517578,226.00999450683594,226.3000030517578,17274
2026-08-27 14:37:00-04:00,226.27000427246094,226.44000244140625,226.110107421875,226.15499877929688,32125
2026-08-27 14:38:00-04:00,226.25990295410156,226.33990478515625,226.09010314941406,226.25999450683594,27290
2026-08-27 14:39:00-04:00,226.0500030517578,226.25,225.97000122070312,226.2100067138672,14636
2026-08-27 14:40:00-04:00,226.14999389648438,226.23989868164062,225.9600067138672,226.02999877929688,17146
2026-08-27 14:41:00-04:00,226.1199951171875,226.27000427246094,226.11000061035156,226.19000244140625,23943
2026-08-27 14:42:00-04:00,226.27000427246094,226.44000244140625,226.16000366210938,226.16000366210938,23450
2026-08-27 14:43:00-04:00,226.1999969482422,226.4499053955078,226.0500030517578,226.25,26601
2026-08-27 14:44:00-04:00,225.80999755859375,226.30999755859375,225.67999267578125,226.30999755859375,25117
2026-08-27 14:45:00-04:00,225.625,225.89500427246094,225.55999755859375,225.89500427246094,32522
2026-08-27 14:46:00-04:00,225.92999267578125,225.99000549316406,225.50750732421875,225.6699981689453,23616
2026-08-27 14:47:00-04:00,226.0449981689453,226.1999969482422,225.85000610351562,225.91000366210938,19615
2026-08-27 14:48:00-04:00,226.27999877929688,226.5399932861328,225.95010375976562,226.08999633789062,35684
2026-08-27 14:49:00-04:00,226.52000427246094,226.57000732421875,226.1800994873047,226.26499938964844,22358
2026-08-27 14:50:00-04:00,226.41009521484375,226.64990234375,226.3300018310547,226.47999572753906,38315
2026-08-27 14:51:00-04:00,226.68499755859375,226.75,226.42999267578125,226.4550018310547,24983
2026-08-27 14:52:00-04:00,226.72000122070312,226.72500610351562,226.41000366210938,226.7198944091797,32938
2026-08-27 14:53:00-04:00,226.52000427246094,226.72999572753906,226.44000244140625,226.72999572753906,24168
2026-08-27 14:54:00-04:00,226.42999267578125,226.52000427246094,226.2864990234375,226.52000427246094,37150
2026-08-27 14:55:00-04:00,226.60000610351562,226.6300048828125,226.30999755859375,226.36000061035156,20056
2026-08-27 14:56:00-04:00,226.5850067138672,226.6300048828125,226.4199981689453,226.58999633789062,19089
2026-08-27 14:57:00-04:00,226.8300018310547,226.87249755859375,226.3300018310547,226.5800018310547,42569
2026-08-27 14:58:00-04:00,226.53500366210938,226.87950134277344,226.3800048828125,226.8699951171875,37081
2026-08-27 14:59:00-04:00,226.42999267578125,226.6199951171875,226.38999938964844,226.5399932861328,33358
2026-08-27 15:00:00-04:00,226.60000610351562,226.63999938964844,226.3000030517578,226.38999938964844,26493
2026-08-27 15:01:00-04:00,226.75250244140625,226.85000610351562,226.55999755859375,226.60499572753906,31007
2026-08-27 15:02:00-04:00,225.9149932861328,226.7899932861328,225.8800048828125,226.69000244140625,30321
2026-08-27 15:03:00-04:00,226.0,226.24000549316406,225.84010314941406,225.9149932861328,18233
2026-08-27 15:04:00-04:00,226.38999938964844,226.49989318847656,225.88999938964844,225.97999572753906,26238
2026-08-27 15:05:00-04:00,226.06500244140625,226.4499969482422,225.80999755859375,226.34100341796875,22819
2026-08-27 15:06:00-04:00,226.02749633789062,226.2899932861328,225.97999572753906,226.19000244140625,18614
2026-08-27 15:07:00-04:00,226.18499755859375,226.33999633789062,226.08999633789062,226.11000061035156,29374
2026-08-27 15:08:00-04:00,225.7812042236328,226.1999969482422,225.75,226.1750030517578,25237
2026-08-27 15:09:00-04:00,225.8350067138672,226.07000732421875,225.7100067138672,225.77000427246094,50197
2026-08-27 15:10:00-04:00,226.0749969482422,226.25,225.7100067138672,225.79949951171875,47639
2026-08-27 15:11:00-04:00,226.27000427246094,226.3699951171875,226.00999450683594,226.0800018310547,35622
2026-08-27 15:12:00-04:00,226.55999755859375,226.75,226.2100067138672,226.27499389648438,30603
2026-08-27 15:13:00-04:00,226.64500427246094,226.75999450683594,226.5500946044922,226.61000061035156,23227
2026-08-27 15:14:00-04:00,226.5399932861328,226.80999755859375,226.5399932861328,226.70989990234375,34820
2026-08-27 15:15:00-04:00,226.55499267578125,226.8000030517578,226.52999877929688,226.5738067626953,33744
2026-08-27 15:16:00-04:00,226.75,226.92999267578125,226.50120544433594,226.55999755859375,29587
2026-08-27 15:17:00-04:00,226.55999755859375,226.94000244140625,226.53500366210938,226.7899932861328,24418
2026-08-27 15:18:00-04:00,226.47999572753906,226.66000366210938,226.44000244140625,226.52999877929688,43680
2026-08-27 15:19:00-04:00,226.3699951171875,226.63999938964844,225.97000122070312,226.47999572753906,66950
2026-08-27 15:20:00-04:00,226.8800048828125,226.88999938964844,226.35000610351562,226.35000610351562,25574
2026-08-27 15:21:00-04:00,226.1300048828125,226.8800048828125,226.1300048828125,226.87600708007812,37607
2026-08-27 15:22:00-04:00,226.6300048828125,226.69000244140625,226.0399932861328,226.125,26423
2026-08-27 15:23:00-04:00,226.6649932861328,226.8699951171875,226.42999267578125,226.61500549316406,21493
2026-08-27 15:24:00-04:00,226.83999633789062,227.0800018310547,226.62010192871094,226.62010192871094,77615
2026-08-27 15:25:00-04:00,227.08999633789062,227.08999633789062,226.7899932861328,226.83999633789062,42988
2026-08-27 15:26:00-04:00,226.91000366210938,227.1699981689453,221.0,227.05499267578125,52082
2026-08-27 15:27:00-04:00,226.85000610351562,226.9499969482422,226.71009826660156,226.9250030517578,20795
2026-08-27 15:28:00-04:00,227.42999267578125,227.44000244140625,226.80999755859375,226.80999755859375,48414
2026-08-27 15:29:00-04:00,227.45010375976562,227.67999267578125,227.2301025390625,227.38499450683594,59477
2026-08-27 15:30:00-04:00,227.19329833984375,227.52980041503906,227.09500122070312,227.49000549316406,46656
2026-08-27 15:31:00-04:00,227.03500366210938,227.38999938964844,226.9600067138672,227.1999969482422,37917
2026-08-27 15:32:00-04:00,226.69500732421875,227.00999450683594,226.4199981689453,227.00999450683594,49313
2026-08-27 15:33:00-04:00,226.80999755859375,227.0,226.66000366210938,226.69500732421875,38852
2026-08-27 15:34:00-04:00,226.58999633789062,227.1999969482422,226.58999633789062,226.8350067138672,35419
2026-08-27 15:35:00-04:00,227.03500366210938,227.05999755859375,226.5,226.69000244140625,36799
2026-08-27 15:36:00-04:00,227.05499267578125,227.22500610351562,226.8009033203125,227.03500366210938,22043
2026-08-27 15:37:00-04:00,227.08999633789062,227.3699951171875,226.91749572753906,227.02999877929688,29965
2026-08-27 15:38:00-04:00,227.28500366210938,227.3800048828125,227.02499389648438,227.14999389648438,22963
2026-08-27 15:39:00-04:00,227.5749969482422,227.6199951171875,227.2100067138672,227.32000732421875,41827
2026-08-27 15:40:00-04:00,227.5050048828125,227.92999267578125,227.3699951171875,227.6199951171875,64334
2026-08-27 15:41:00-04:00,227.69500732421875,227.85499572753906,227.4600067138672,227.5050048828125,44279
2026-08-27 15:42:00-04:00,227.82000732421875,227.82000732421875,227.45010375976562,227.72999572753906,33253
2026-08-27 15:43:00-04:00,227.25,227.83999633789062,227.22999572753906,227.80499267578125,55678
2026-08-27 15:44:00-04:00,226.9199981689453,227.2899932861328,226.5500030517578,227.28990173339844,47714
2026-08-27 15:45:00-04:00,227.47999572753906,227.47999572753906,226.82000732421875,226.8800048828125,41125
2026-08-27 15:46:00-04:00,228.2274932861328,228.2996063232422,227.39999389648438,227.49000549316406,115845
2026-08-27 15:47:00-04:00,228.6199951171875,228.83999633789062,228.16000366210938,228.2050018310547,68952
2026-08-27 15:48:00-04:00,228.5500030517578,228.6199951171875,228.32000732421875,228.6199951171875,52160
2026-08-27 15:49:00-04:00,228.75999450683594,228.8300018310547,228.42999267578125,228.5200958251953,67325
2026-08-27 15:50:00-04:00,228.27999877929688,228.72000122070312,228.1999969482422,228.72000122070312,69584
2026-08-27 15:51:00-04:00,228.27000427246094,228.3800048828125,227.99000549316406,228.3000030517578,85503
2026-08-27 15:52:00-04:00,228.67999267578125,228.7899932861328,228.22000122070312,228.26499938964844,76384
2026-08-27 15:53:00-04:00,228.82000732421875,228.94000244140625,228.52659606933594,228.6300048828125,94732
2026-08-27 15:54:00-04:00,228.5749969482422,229.0800018310547,228.4499969482422,228.8699951171875,101498
2026-08-27 15:55:00-04:00,227.67999267578125,228.5399932861328,227.3300018310547,228.5399932861328,158388
2026-08-27 15:56:00-04:00,226.9600067138672,227.7449951171875,226.86000061035156,227.6300048828125,152999
2026-08-27 15:57:00-04:00,227.81500244140625,227.91000366210938,226.32000732421875,226.96499633789062,185716
2026-08-27 15:58:00-04:00,227.82000732421875,228.0850067138672,227.7449951171875,227.7449951171875,189377
2026-08-27 15:59:00-04:00,227.9499969482422,228.10000610351562,227.75,227.8249969482422,314312
2026-08-28 09:30:00-04:00,226.1649932861328,228.4949951171875,225.26229858398438,228.4949951171875,554096
2026-08-28 09:31:00-04:00,221.36000061035156,225.97999572753906,221.072998046875,225.85000610351562,172647
2026-08-28 09:32:00-04:00,219.35989379882812,222.80569458007812,218.61000061035156,221.35499572753906,172462
2026-08-28 09:33:00-04:00,220.35260009765625,221.11000061035156,218.86000061035156,219.1300048828125,124839
2026-08-28 09:34:00-04:00,218.86000061035156,221.3350067138672,218.3000030517578,220.41000366210938,105635
2026-08-28 09:35:00-04:00,217.80499267578125,219.15499877929688,217.1300048828125,218.7899932861328,147134
2026-08-28 09:36:00-04:00,218.375,219.25999450683594,217.84500122070312,217.8699951171875,89347
2026-08-28 09:37:00-04:00,217.5699005126953,218.61000061035156,217.14999389648438,218.3800048828125,100239
2026-08-28 09:38:00-04:00,218.375,218.49989318847656,216.4499969482422,217.56109619140625,95428
2026-08-28 09:39:00-04:00,217.4499969482422,218.7899932861328,217.3000946044922,218.375,74996
2026-08-28 09:40:00-04:00,218.51499938964844,218.86990356445312,217.3000030517578,217.4499969482422,77612
2026-08-28 09:41:00-04:00,217.10000610351562,218.86740112304688,216.97000122070312,218.5,86814
2026-08-28 09:42:00-04:00,217.6199951171875,217.72000122070312,216.6300048828125,217.13999938964844,91790
2026-08-28 09:43:00-04:00,216.82000732421875,217.73500061035156,216.67999267578125,217.59800720214844,101386
2026-08-28 09:44:00-04:00,217.74000549316406,217.88999938964844,216.5800018310547,216.8000030517578,53087
2026-08-28 09:45:00-04:00,217.30990600585938,218.08990478515625,216.75999450683594,217.74000549316406,99614
2026-08-28 09:46:00-04:00,216.95050048828125,217.26109313964844,216.6300048828125,217.13999938964844,68582
2026-08-28 09:47:00-04:00,216.4550018310547,217.22000122070312,216.1999969482422,217.0399932861328,65935
2026-08-28 09:48:00-04:00,215.85000610351562,216.74000549316406,215.63999938964844,216.4600067138672,104832
2026-08-28 09:49:00-04:00,215.3000030517578,215.8585968017578,215.16000366210938,215.72999572753906,82147
2026-08-28 09:50:00-04:00,215.08999633789062,215.8990936279297,215.0500030517578,215.35000610351562,104167
2026-08-28 09:51:00-04:00,214.74000549316406,215.31500244140625,214.50999450683594,215.07000732421875,133256
2026-08-28 09:52:00-04:00,213.83999633789062,214.84449768066406,213.67999267578125,214.70010375976562,98765
2026-08-28 09:53:00-04:00,214.85000610351562,214.97999572753906,213.77999877929688,213.83999633789062,87939
2026-08-28 09:54:00-04:00,215.39999389648438,215.60000610351562,214.1300048828125,214.8800048828125,70556
2026-08-28 09:55:00-04:00,214.57000732421875,215.44000244140625,214.35560607910156,215.375,70570
2026-08-28 09:56:00-04:00,214.67999267578125,214.94000244140625,214.1999969482422,214.6201934814453,59726
2026-08-28 09:57:00-04:00,214.57000732421875,214.9199981689453,214.38999938964844,214.68499755859375,50426
2026-08-28 09:58:00-04:00,213.94000244140625,214.67999267578125,213.5500030517578,214.67999267578125,62629
2026-08-28 09:59:00-04:00,213.65499877929688,214.2899932861328,213.5500030517578,213.85000610351562,55562
2026-08-28 10:00:00-04:00,213.2801055908203,213.8594970703125,213.24000549316406,213.6649932861328,63063
2026-08-28 10:01:00-04:00,212.85009765625,213.5800018310547,212.49000549316406,213.375,79336
2026-08-28 10:02:00-04:00,212.2100067138672,213.0,212.13999938964844,212.8000030517578,79596
2026-08-28 10:03:00-04:00,212.35000610351562,212.99749755859375,212.1199951171875,212.22999572753906,86700
2026-08-28 10:04:00-04:00,212.77999877929688,213.0,212.11000061035156,212.38999938964844,81286
2026-08-28 10:05:00-04:00,211.6199951171875,212.75,211.4199981689453,212.67999267578125,126933
2026-08-28 10:06:00-04:00,210.6750030517578,211.7899932861328,210.52999877929688,211.69000244140625,144770
2026-08-28 10:07:00-04:00,210.84500122070312,211.05999755859375,210.5301055908203,210.67999267578125,105879
2026-08-28 10:08:00-04:00,211.5500030517578,211.5500030517578,210.75,210.83999633789062,60112
2026-08-28 10:09:00-04:00,211.0,211.57000732421875,210.8000946044922,211.41000366210938,62052
2026-08-28 10:10:00-04:00,210.97000122070312,211.0850067138672,210.64010620117188,211.0,74786
2026-08-28 10:11:00-04:00,211.00999450683594,211.1300048828125,210.6999969482422,210.99000549316406,61246
2026-08-28 10:12:00-04:00,210.95140075683594,211.1300048828125,210.66000366210938,210.97500610351562,95000
2026-08-28 10:13:00-04:00,211.3800048828125,211.44000244140625,210.6699981689453,210.8699951171875,92088
2026-08-28 10:14:00-04:00,212.3300018310547,212.4158935546875,211.3800048828125,211.40379333496094,95538
2026-08-28 10:15:00-04:00,211.9199981689453,212.4199981689453,211.60499572753906,212.25,61332
2026-08-28 10:16:00-04:00,211.09500122070312,211.98989868164062,211.01010131835938,211.72000122070312,44678
2026-08-28 10:17:00-04:00,211.97999572753906,211.99000549316406,210.8300018310547,211.04119873046875,72099
2026-08-28 10:18:00-04:00,212.06500244140625,212.2899932861328,211.4199981689453,211.97999572753906,36443
2026-08-28 10:19:00-04:00,212.15939331054688,212.6699981689453,212.05690002441406,212.06500244140625,68159
2026-08-28 10:20:00-04:00,212.17999267578125,212.4499969482422,211.91099548339844,212.2550048828125,39767
2026-08-28 10:21:00-04:00,212.3800048828125,212.639892578125,211.7899932861328,212.0200958251953,41105
2026-08-28 10:22:00-04:00,211.91000366210938,212.5399932861328,211.77999877929688,212.375,50994
2026-08-28 10:23:00-04:00,211.97999572753906,212.0,211.6999969482422,211.91000366210938,47395
2026-08-28 10:24:00-04:00,212.13999938964844,212.1999053955078,211.3000946044922,211.99000549316406,44852
2026-08-28 10:25:00-04:00,211.5,212.19000244140625,211.5,212.07000732421875,42654
2026-08-28 10:26:00-04:00,211.7899932861328,211.91000366210938,211.4499969482422,211.47999572753906,26844
2026-08-28 10:27:00-04:00,211.35000610351562,211.9600067138672,211.11000061035156,211.9600067138672,37537
2026-08-28 10:28:00-04:00,212.00999450683594,212.00999450683594,211.1999969482422,211.31500244140625,45206
2026-08-28 10:29:00-04:00,211.6699981689453,212.00999450683594,211.35000610351562,211.9799041748047,23959
2026-08-28 10:30:00-04:00,211.9600067138672,212.0998992919922,211.67999267578125,211.77999877929688,49167
2026-08-28 10:31:00-04:00,211.39999389648438,211.98989868164062,211.25,211.9600067138672,44589
2026-08-28 10:32:00-04:00,212.3350067138672,212.35000610351562,211.34609985351562,211.34609985351562,42604
2026-08-28 10:33:00-04:00,212.63499450683594,212.89999389648438,212.21499633789062,212.35000610351562,75074
2026-08-28 10:34:00-04:00,212.99319458007812,213.1199951171875,212.30850219726562,212.63499450683594,102921
2026-08-28 10:35:00-04:00,212.4149932861328,213.10989379882812,212.25,213.02499389648438,70415
2026-08-28 10:36:00-04:00,212.64999389648438,212.89999389648438,212.33999633789062,212.35000610351562,30378
2026-08-28 10:37:00-04:00,212.7100067138672,212.7445068359375,212.1304931640625,212.5,27320
2026-08-28 10:38:00-04:00,212.88999938964844,213.2100067138672,212.53500366210938,212.72000122070312,43410
2026-08-28 10:39:00-04:00,212.6501007080078,213.0800018310547,212.6501007080078,212.88499450683594,31890
2026-08-28 10:40:00-04:00,212.82000732421875,212.92999267578125,212.5500030517578,212.6501007080078,31002
2026-08-28 10:41:00-04:00,213.31500244140625,213.42990112304688,212.72999572753906,212.72999572753906,81968
2026-08-28 10:42:00-04:00,213.35499572753906,213.5500030517578,213.06419372558594,213.32760620117188,45777
2026-08-28 10:43:00-04:00,213.9199981689453,214.0,213.25,213.28709411621094,45230
2026-08-28 10:44:00-04:00,213.36000061035156,214.0,213.1999969482422,213.9149932861328,60289
2026-08-28 10:45:00-04:00,213.08999633789062,213.69000244140625,213.00999450683594,213.3699951171875,54472
2026-08-28 10:46:00-04:00,213.2050018310547,213.497802734375,212.85000610351562,213.1999969482422,46352
2026-08-28 10:47:00-04:00,213.41000366210938,213.4698944091797,213.1750030517578,213.2698974609375,27439
2026-08-28 10:48:00-04:00,213.49000549316406,213.8699951171875,213.2899932861328,213.375,31530
2026-08-28 10:49:00-04:00,213.33999633789062,213.54989624023438,213.19009399414062,213.41000366210938,26943
2026-08-28 10:50:00-04:00,213.08999633789062,213.66000366210938,213.08999633789062,213.30999755859375,40892
2026-08-28 10:51:00-04:00,213.10000610351562,213.4499969482422,212.97000122070312,213.19500732421875,43147
2026-08-28 10:52:00-04:00,213.6894073486328,213.72000122070312,213.13499450683594,213.14999389648438,46433
2026-08-28 10:53:00-04:00,213.57989501953125,213.99000549316406,213.25,213.65499877929688,45493
2026-08-28 10:54:00-04:00,213.6999969482422,213.85000610351562,213.26010131835938,213.47999572753906,30084
2026-08-28 10:55:00-04:00,213.91990661621094,214.13999938964844,213.64999389648438,213.6999969482422,59805
2026-08-28 10:56:00-04:00,213.3800048828125,213.89999389648438,213.1905059814453,213.89500427246094,68155
2026-08-28 10:57:00-04:00,213.47500610351562,213.58999633789062,213.3300018310547,213.4499969482422,24247
2026-08-28 10:58:00-04:00,213.46499633789062,213.80250549316406,213.19009399414062,213.52000427246094,25107
2026-08-28 10:59:00-04:00,213.94500732421875,213.94500732421875,213.32000732421875,213.4600067138672,32973
2026-08-28 11:00:00-04:00,213.6300048828125,214.05990600585938,213.6300048828125,213.98989868164062,39902
2026-08-28 11:01:00-04:00,213.25439453125,213.80999755859375,213.2100067138672,213.6652069091797,39857
2026-08-28 11:02:00-04:00,213.63999938964844,213.69000244140625,213.10000610351562,213.3000030517578,41393
2026-08-28 11:03:00-04:00,213.8249969482422,214.05999755859375,213.49000549316406,213.49000549316406,48219
2026-08-28 11:04:00-04:00,213.89999389648438,214.0,213.5,213.80679321289062,27856
2026-08-28 11:05:00-04:00,214.55499267578125,214.60000610351562,213.7899932861328,213.84359741210938,57241
2026-08-28 11:06:00-04:00,214.29469299316406,214.69000244140625,214.2100067138672,214.55499267578125,35465
2026-08-28 11:07:00-04:00,214.8000030517578,214.85000610351562,214.32000732421875,214.34500122070312,43081
2026-08-28 11:08:00-04:00,214.5749969482422,214.87750244140625,214.43499755859375,214.81959533691406,37564
2026-08-28 11:09:00-04:00,214.65499877929688,214.75990295410156,214.47999572753906,214.5749969482422,26484
2026-08-28 11:10:00-04:00,214.91000366210938,215.10000610351562,214.65499877929688,214.65499877929688,67279
2026-08-28 11:11:00-04:00,215.5225067138672,215.58999633789062,214.82000732421875,214.85000610351562,66505
2026-08-28 11:12:00-04:00,216.25,216.28109741210938,215.1999969482422,215.52499389648438,66012
2026-08-28 11:13:00-04:00,216.10960388183594,216.42999267578125,215.72999572753906,216.25,71717
2026-08-28 11:14:00-04:00,216.52499389648438,216.52499389648438,216.0,216.05499267578125,64071
2026-08-28 11:15:00-04:00,216.8300018310547,217.19960021972656,216.52999877929688,216.52999877929688,84521
2026-08-28 11:16:00-04:00,217.10000610351562,217.10000610351562,216.72999572753906,216.9199981689453,51560
2026-08-28 11:17:00-04:00,216.22999572753906,217.16000366210938,216.05999755859375,217.10499572753906,88745
2026-08-28 11:18:00-04:00,217.32949829101562,217.3300018310547,216.27999877929688,216.27999877929688,43613
2026-08-28 11:19:00-04:00,217.17999267578125,217.44000244140625,217.00999450683594,217.28500366210938,45739
2026-08-28 11:20:00-04:00,216.8800048828125,217.41000366210938,216.8800048828125,217.24600219726562,47584
2026-08-28 11:21:00-04:00,217.52999877929688,217.85000610351562,216.8000030517578,216.95989990234375,67594
2026-08-28 11:22:00-04:00,217.74009704589844,217.86000061035156,217.42999267578125,217.53500366210938,37990
2026-08-28 11:23:00-04:00,217.7299041748047,217.97999572753906,217.50999450683594,217.80999755859375,51295
2026-08-28 11:24:00-04:00,218.16000366210938,218.36000061035156,217.48500061035156,217.72000122070312,39763
2026-08-28 11:25:00-04:00,218.39500427246094,218.49989318847656,218.0500030517578,218.1699981689453,42131
2026-08-28 11:26:00-04:00,218.51220703125,218.69000244140625,218.3386993408203,218.39999389648438,38055
2026-08-28 11:27:00-04:00,219.1300048828125,219.24000549316406,218.5500030517578,218.5500030517578,53299
2026-08-28 11:28:00-04:00,219.2100067138672,219.3699951171875,218.9499969482422,219.04989624023438,47217
2026-08-28 11:29:00-04:00,218.89999389648438,219.2949981689453,218.77999877929688,219.27499389648438,57821
2026-08-28 11:30:00-04:00,219.0500030517578,219.08999633789062,218.74000549316406,218.85000610351562,60770
2026-08-28 11:31:00-04:00,218.63169860839844,219.05999755859375,218.3101043701172,219.00999450683594,43220
2026-08-28 11:32:00-04:00,218.45579528808594,218.72999572753906,218.27999877929688,218.6300048828125,47724
2026-08-28 11:33:00-04:00,218.5,218.77000427246094,218.33009338378906,218.47000122070312,35323
2026-08-28 11:34:00-04:00,218.4149932861328,218.5399932861328,218.24000549316406,218.4499969482422,42615
2026-08-28 11:35:00-04:00,218.689697265625,218.69500732421875,218.1999969482422,218.4199981689453,37088
2026-08-28 11:36:00-04:00,218.6699981689453,218.9405975341797,218.63999938964844,218.6699981689453,36311
2026-08-28 11:37:00-04:00,218.7050018310547,218.8699951171875,218.51980590820312,218.6999969482422,22392
2026-08-28 11:38:00-04:00,218.44039916992188,218.82000732421875,218.42999267578125,218.78419494628906,18553
2026-08-28 11:39:00-04:00,218.16000366210938,218.66000366210938,218.00999450683594,218.5050048828125,91343
2026-08-28 11:40:00-04:00,217.8300018310547,218.1999969482422,217.6199951171875,218.11500549316406,63752
2026-08-28 11:41:00-04:00,217.97999572753906,218.10000610351562,217.69000244140625,217.76499938964844,22011
2026-08-28 11:42:00-04:00,217.75010681152344,218.05999755859375,217.6999969482422,218.02999877929688,20183
2026-08-28 11:43:00-04:00,218.00010681152344,218.2100067138672,217.8800048828125,217.8800048828125,16287
2026-08-28 11:44:00-04:00,217.8800048828125,218.08999633789062,217.74000549316406,218.02439880371094,30603
2026-08-28 11:45:00-04:00,217.85000610351562,217.97999572753906,217.75,217.8000030517578,22837
2026-08-28 11:46:00-04:00,217.79379272460938,217.97999572753906,217.75,217.86000061035156,19094
2026-08-28 11:47:00-04:00,217.78500366210938,218.00999450683594,217.75,217.7899932861328,21104
2026-08-28 11:48:00-04:00,217.77000427246094,217.89999389648438,217.61000061035156,217.83999633789062,14495
2026-08-28 11:49:00-04:00,217.72000122070312,217.85000610351562,217.61000061035156,217.72999572753906,15825
2026-08-28 11:50:00-04:00,217.5399932861328,217.89999389648438,217.2899932861328,217.7100067138672,22805
2026-08-28 11:51:00-04:00,217.18060302734375,217.58999633789062,217.0,217.5850067138672,59830
2026-08-28 11:52:00-04:00,216.88499450683594,217.30999755859375,216.6999969482422,217.1699981689453,43243
2026-08-28 11:53:00-04:00,216.83680725097656,217.03990173339844,216.70010375976562,216.8000030517578,21911
2026-08-28 11:54:00-04:00,216.70399475097656,216.89999389648438,216.41000366210938,216.8300018310547,19498
2026-08-28 11:55:00-04:00,216.4499969482422,216.8000030517578,216.4499969482422,216.74000549316406,17149
2026-08-28 11:56:00-04:00,216.6750030517578,216.7799072265625,216.3000030517578,216.5399932861328,16748
2026-08-28 11:57:00-04:00,216.84500122070312,216.85000610351562,216.50320434570312,216.6750030517578,16589
2026-08-28 11:58:00-04:00,217.3300018310547,217.5050048828125,216.72999572753906,216.80999755859375,27914
2026-08-28 11:59:00-04:00,217.25999450683594,217.47000122070312,217.00999450683594,217.46969604492188,27171
2026-08-28 12:00:00-04:00,217.2899932861328,217.75999450683594,217.1199951171875,217.2899932861328,30968
2026-08-28 12:01:00-04:00,216.49000549316406,217.2449951171875,216.13009643554688,217.18499755859375,49356
2026-08-28 12:02:00-04:00,215.67010498046875,216.47000122070312,215.67010498046875,216.47000122070312,38973
2026-08-28 12:03:00-04:00,216.3000030517578,216.58999633789062,215.83250427246094,215.9499969482422,32572
2026-08-28 12:04:00-04:00,216.50999450683594,216.60000610351562,216.19000244140625,216.33999633789062,19697
2026-08-28 12:05:00-04:00,216.68499755859375,216.82989501953125,216.44000244140625,216.50999450683594,18669
2026-08-28 12:06:00-04:00,217.1199951171875,217.36000061035156,216.5800018310547,216.68499755859375,22223
2026-08-28 12:07:00-04:00,217.10000610351562,217.32420349121094,217.10000610351562,217.2449951171875,11369
2026-08-28 12:08:00-04:00,217.15989685058594,217.25259399414062,216.8000030517578,217.16990661621094,18125
2026-08-28 12:09:00-04:00,216.81500244140625,217.16000366210938,216.6300048828125,216.8000946044922,10197
2026-08-28 12:10:00-04:00,216.6999969482422,216.81500244140625,216.35000610351562,216.80999755859375,18577
2026-08-28 12:11:00-04:00,216.56500244140625,216.9199981689453,216.56500244140625,216.78199768066406,10743
2026-08-28 12:12:00-04:00,216.6999969482422,216.7899932861328,216.41000366210938,216.44520568847656,8721
2026-08-28 12:13:00-04:00,216.55999755859375,216.7100067138672,216.48680114746094,216.6999969482422,9111
2026-08-28 12:14:00-04:00,216.55999755859375,216.72999572753906,216.47999572753906,216.5800018310547,11331
2026-08-28 12:15:00-04:00,216.08999633789062,216.72000122070312,216.01010131835938,216.51499938964844,17222
2026-08-28 12:16:00-04:00,215.88499450683594,216.22000122070312,215.55999755859375,216.16949462890625,20651
2026-08-28 12:17:00-04:00,215.60000610351562,215.85000610351562,215.39999389648438,215.80999755859375,19294
2026-08-28 12:18:00-04:00,215.0800018310547,215.6199951171875,214.9199981689453,215.5,47699
2026-08-28 12:19:00-04:00,215.0749969482422,215.16000366210938,214.89999389648438,214.99000549316406,25761
2026-08-28 12:20:00-04:00,215.14500427246094,215.35000610351562,215.02999877929688,215.0308074951172,15014
2026-08-28 12:21:00-04:00,215.656005859375,215.6699981689453,214.8699951171875,215.13499450683594,18225
2026-08-28 12:22:00-04:00,215.84730529785156,215.9499969482422,215.60000610351562,215.66000366210938,22199
2026-08-28 12:23:00-04:00,215.57000732421875,215.91000366210938,215.44000244140625,215.91000366210938,11462
2026-08-28 12:24:00-04:00,216.1699981689453,216.2100067138672,215.57000732421875,215.57000732421875,13513
2026-08-28 12:25:00-04:00,216.17999267578125,216.22000122070312,215.8000030517578,216.1699981689453,17842
2026-08-28 12:26:00-04:00,216.1699981689453,216.25,215.86000061035156,216.0800018310547,12712
2026-08-28 12:27:00-04:00,216.44000244140625,216.5,216.08999633789062,216.1699981689453,14522
2026-08-28 12:28:00-04:00,216.02000427246094,216.55999755859375,215.97999572753906,216.5,12128
2026-08-28 12:29:00-04:00,215.89999389648438,216.0,215.75010681152344,215.91000366210938,5196
2026-08-28 12:30:00-04:00,216.0,216.29449462890625,215.89010620117188,215.92999267578125,14253
2026-08-28 12:31:00-04:00,216.2050018310547,216.22999572753906,216.0301055908203,216.0500030517578,9763
2026-08-28 12:32:00-04:00,216.32000732421875,216.47999572753906,216.0,216.15499877929688,13552
2026-08-28 12:33:00-04:00,216.25,216.4600067138672,216.0800018310547,216.38999938964844,8683
2026-08-28 12:34:00-04:00,216.2550048828125,216.47000122070312,216.2100067138672,216.4199981689453,13490
2026-08-28 12:35:00-04:00,216.5749969482422,216.77999877929688,216.22000122070312,216.25,13907
2026-08-28 12:36:00-04:00,216.61500549316406,216.6999969482422,216.4600067138672,216.5,18294
2026-08-28 12:37:00-04:00,216.7100067138672,216.77999877929688,216.3101043701172,216.60000610351562,19934
2026-08-28 12:38:00-04:00,216.72500610351562,216.99000549316406,216.60000610351562,216.66949462890625,23088
2026-08-28 12:39:00-04:00,216.76499938964844,216.8498992919922,216.61000061035156,216.7545928955078,7170
2026-08-28 12:40:00-04:00,216.8699951171875,216.9499969482422,216.61000061035156,216.83999633789062,11726
2026-08-28 12:41:00-04:00,217.1199951171875,217.1999969482422,216.75,216.82000732421875,10992
2026-08-28 12:42:00-04:00,216.92999267578125,217.22000122070312,216.9199981689453,217.17999267578125,10703
2026-08-28 12:43:00-04:00,216.97500610351562,217.02000427246094,216.76499938964844,216.93499755859375,9854
2026-08-28 12:44:00-04:00,217.07000732421875,217.07000732421875,216.77499389648438,216.97500610351562,10982
2026-08-28 12:45:00-04:00,217.3000030517578,217.3800048828125,216.8699951171875,216.8699951171875,16979
2026-08-28 12:46:00-04:00,217.47999572753906,217.5399932861328,217.19009399414062,217.3000030517578,12980
2026-08-28 12:47:00-04:00,217.62359619140625,217.80990600585938,217.24000549316406,217.44000244140625,24207
2026-08-28 12:48:00-04:00,217.4199981689453,217.64999389648438,217.33160400390625,217.58999633789062,14166
2026-08-28 12:49:00-04:00,217.5500030517578,217.57000732421875,217.32000732421875,217.3408966064453,16870
2026-08-28 12:50:00-04:00,217.47999572753906,217.70989990234375,217.44239807128906,217.58999633789062,12784
2026-08-28 12:51:00-04:00,217.58999633789062,217.72000122070312,217.514404296875,217.51499938964844,8807
2026-08-28 12:52:00-04:00,217.4149932861328,217.58999633789062,217.40750122070312,217.58999633789062,9083
2026-08-28 12:53:00-04:00,217.3800048828125,217.5,217.32249450683594,217.4600067138672,6586
2026-08-28 12:54:00-04:00,217.06500244140625,217.4499969482422,217.0,217.3699951171875,16014
2026-08-28 12:55:00-04:00,217.38999938964844,217.49000549316406,217.0,217.06500244140625,12959
2026-08-28 12:56:00-04:00,217.22999572753906,217.5,217.22999572753906,217.4250030517578,11172
2026-08-28 12:57:00-04:00,217.30999755859375,217.38999938964844,217.22999572753906,217.30999755859375,8493
2026-08-28 12:58:00-04:00,217.23989868164062,217.36000061035156,217.08009338378906,217.32000732421875,17498
2026-08-28 12:59:00-04:00,216.85000610351562,217.22999572753906,216.85000610351562,217.14999389648438,16073
2026-08-28 13:00:00-04:00,216.80999755859375,216.92999267578125,216.64999389648438,216.8000030517578,9535
2026-08-28 13:01:00-04:00,216.8778076171875,216.90570068359375,216.52000427246094,216.72999572753906,8906
2026-08-28 13:02:00-04:00,216.5399932861328,216.89999389648438,216.5399932861328,216.7100067138672,7219
2026-08-28 13:03:00-04:00,216.64999389648438,216.8000030517578,216.5200958251953,216.57960510253906,11985
2026-08-28 13:04:00-04:00,216.62249755859375,216.83999633789062,216.53579711914062,216.72999572753906,8446
2026-08-28 13:05:00-04:00,216.3007049560547,216.73989868164062,216.25010681152344,216.63499450683594,20079
2026-08-28 13:06:00-04:00,216.27999877929688,216.52000427246094,216.1999969482422,216.39999389648438,11231
2026-08-28 13:07:00-04:00,216.57000732421875,216.6199951171875,216.26499938964844,216.2899932861328,8689
2026-08-28 13:08:00-04:00,216.7100067138672,216.78990173339844,216.41000366210938,216.59469604492188,18103
2026-08-28 13:09:00-04:00,216.61000061035156,216.80999755859375,216.50059509277344,216.7100067138672,11983
2026-08-28 13:10:00-04:00,216.55499267578125,216.7100067138672,216.51010131835938,216.61000061035156,12806
2026-08-28 13:11:00-04:00,216.8000030517578,216.8300018310547,216.35000610351562,216.50999450683594,16089
2026-08-28 13:12:00-04:00,216.69000244140625,216.9149932861328,216.625,216.83999633789062,7947
2026-08-28 13:13:00-04:00,216.72999572753906,216.8699951171875,216.6199951171875,216.6699981689453,9005
2026-08-28 13:14:00-04:00,216.75999450683594,216.80999755859375,216.5800018310547,216.80999755859375,7968
2026-08-28 13:15:00-04:00,216.69500732421875,216.7550048828125,216.59010314941406,216.7550048828125,3752
2026-08-28 13:16:00-04:00,216.71499633789062,216.8199005126953,216.61000061035156,216.6999969482422,7933
2026-08-28 13:17:00-04:00,216.6999969482422,216.78990173339844,216.6472930908203,216.71499633789062,6951
2026-08-28 13:18:00-04:00,216.85499572753906,216.8699951171875,216.64999389648438,216.72000122070312,10876
2026-08-28 13:19:00-04:00,216.67999267578125,217.0299072265625,216.67999267578125,216.85499572753906,22665
2026-08-28 13:20:00-04:00,216.6999969482422,216.77000427246094,216.49009704589844,216.6199951171875,11321
2026-08-28 13:21:00-04:00,216.68899536132812,216.72999572753906,216.44000244140625,216.64500427246094,10914
2026-08-28 13:22:00-04:00,216.4864959716797,216.6999969482422,216.4864959716797,216.6199951171875,11377
2026-08-28 13:23:00-04:00,216.88330078125,216.88330078125,216.51499938964844,216.51499938964844,10595
2026-08-28 13:24:00-04:00,216.90499877929688,217.0,216.74400329589844,216.8000030517578,7342
2026-08-28 13:25:00-04:00,216.9199981689453,216.99000549316406,216.8300018310547,216.98989868164062,9651
2026-08-28 13:26:00-04:00,216.9799041748047,216.97999572753906,216.7301025390625,216.97000122070312,9022
2026-08-28 13:27:00-04:00,217.0095977783203,217.12359619140625,216.88009643554688,216.90069580078125,12744
2026-08-28 13:28:00-04:00,217.03500366210938,217.1094970703125,216.89999389648438,217.00999450683594,10925
2026-08-28 13:29:00-04:00,217.1300048828125,217.1300048828125,216.9600067138672,217.07000732421875,18161
2026-08-28 13:30:00-04:00,216.97000122070312,217.20989990234375,216.8300018310547,217.09039306640625,25549
2026-08-28 13:31:00-04:00,217.0749969482422,217.1999969482422,216.83999633789062,216.9199981689453,6152
2026-08-28 13:32:00-04:00,217.30999755859375,217.35000610351562,217.10000610351562,217.1199951171875,8568
2026-08-28 13:33:00-04:00,217.83999633789062,217.8800048828125,217.3000030517578,217.35000610351562,14973
2026-08-28 13:34:00-04:00,218.11000061035156,218.1300048828125,217.81869506835938,217.83999633789062,19234
2026-08-28 13:35:00-04:00,218.05340576171875,218.25999450683594,218.0399932861328,218.08999633789062,12748
2026-08-28 13:36:00-04:00,218.27499389648438,218.3000030517578,218.02000427246094,218.02999877929688,16573
2026-08-28 13:37:00-04:00,217.77789306640625,218.27999877929688,217.625,218.2100067138672,16538
2026-08-28 13:38:00-04:00,218.1999969482422,218.1999969482422,217.75999450683594,217.75999450683594,13555
2026-08-28 13:39:00-04:00,217.98989868164062,218.36000061035156,217.86000061035156,218.19000244140625,23968
2026-08-28 13:40:00-04:00,218.00999450683594,218.0800018310547,217.7301025390625,217.95030212402344,9521
2026-08-28 13:41:00-04:00,218.0500030517578,218.0500030517578,217.87109375,217.97500610351562,5319
2026-08-28 13:42:00-04:00,218.09500122070312,218.1649932861328,217.92999267578125,218.0,19720
2026-08-28 13:43:00-04:00,217.80999755859375,218.1999969482422,217.7086944580078,218.0800018310547,12519
2026-08-28 13:44:00-04:00,217.5050048828125,217.81500244140625,217.34719848632812,217.81500244140625,17013
2026-08-28 13:45:00-04:00,217.6699981689453,217.83999633789062,217.5,217.5,9201
2026-08-28 13:46:00-04:00,217.9698944091797,218.04200744628906,217.69009399414062,217.89999389648438,10465
2026-08-28 13:47:00-04:00,217.6300048828125,218.07000732421875,217.6300048828125,217.92999267578125,8261
2026-08-28 13:48:00-04:00,217.57229614257812,217.63499450683594,217.50999450683594,217.50999450683594,6811
2026-08-28 13:49:00-04:00,217.9600067138672,217.97000122070312,217.52499389648438,217.52499389648438,10246
2026-08-28 13:50:00-04:00,218.08900451660156,218.08999633789062,217.9199981689453,218.0399932861328,9614
2026-08-28 13:51:00-04:00,218.00999450683594,218.1488037109375,217.89999389648438,218.07420349121094,18265
2026-08-28 13:52:00-04:00,217.86500549316406,217.9499969482422,217.8000030517578,217.9499969482422,9546
2026-08-28 13:53:00-04:00,218.2050018310547,218.24989318847656,217.86000061035156,217.86000061035156,8114
2026-08-28 13:54:00-04:00,218.18499755859375,218.28990173339844,218.07009887695312,218.1750030517578,8492
2026-08-28 13:55:00-04:00,218.0500030517578,218.23500061035156,217.93499755859375,218.23500061035156,6631
2026-08-28 13:56:00-04:00,217.83999633789062,217.9550018310547,217.75,217.9550018310547,11030
2026-08-28 13:57:00-04:00,217.89999389648438,217.97500610351562,217.84010314941406,217.91000366210938,8753
2026-08-28 13:58:00-04:00,218.09500122070312,218.1649932861328,217.85009765625,217.89999389648438,12785
2026-08-28 13:59:00-04:00,217.93499755859375,218.1699981689453,217.86000061035156,218.1699981689453,8542
2026-08-28 14:00:00-04:00,217.66909790039062,217.97999572753906,217.66749572753906,217.94000244140625,6780
2026-08-28 14:01:00-04:00,217.0500030517578,217.7100067138672,216.75999450683594,217.7100067138672,46990
2026-08-28 14:02:00-04:00,217.59500122070312,217.63999938964844,217.07000732421875,217.07000732421875,14916
2026-08-28 14:03:00-04:00,217.7949981689453,218.1999969482422,217.5800018310547,217.6060028076172,43245
2026-08-28 14:04:00-04:00,217.5540008544922,218.32000732421875,217.5540008544922,217.85000610351562,24678
2026-08-28 14:05:00-04:00,217.25509643554688,217.66000366210938,217.2449951171875,217.56500244140625,5735
2026-08-28 14:06:00-04:00,217.0399932861328,217.38999938964844,216.93580627441406,217.2220001220703,15927
2026-08-28 14:07:00-04:00,217.24000549316406,217.34500122070312,216.8300018310547,216.97999572753906,20302
2026-08-28 14:08:00-04:00,217.22500610351562,217.47000122070312,217.0561981201172,217.28500366210938,22047
2026-08-28 14:09:00-04:00,217.41000366210938,217.66050720214844,217.0,217.26010131835938,20683
2026-08-28 14:10:00-04:00,217.0,217.4398956298828,217.0,217.31500244140625,6722
2026-08-28 14:11:00-04:00,217.27499389648438,217.3498992919922,217.00999450683594,217.13499450683594,9495
2026-08-28 14:12:00-04:00,217.00999450683594,217.27999877929688,216.8000946044922,217.13999938964844,11753
2026-08-28 14:13:00-04:00,216.84500122070312,217.10000610351562,216.75,216.93499755859375,16871
2026-08-28 14:14:00-04:00,216.86000061035156,216.98500061035156,216.79660034179688,216.89500427246094,7160
2026-08-28 14:15:00-04:00,217.30999755859375,217.30999755859375,216.9250030517578,216.99000549316406,13841
2026-08-28 14:16:00-04:00,217.33999633789062,217.41400146484375,217.08009338378906,217.30999755859375,8113
2026-08-28 14:17:00-04:00,217.5,217.6199951171875,217.27999877929688,217.33999633789062,12329
2026-08-28 14:18:00-04:00,217.4199981689453,217.5399932861328,217.27999877929688,217.5,7235
2026-08-28 14:19:00-04:00,217.7899932861328,217.7899932861328,217.35009765625,217.3863983154297,7078
2026-08-28 14:20:00-04:00,217.72000122070312,217.82000732421875,217.55999755859375,217.7899932861328,13097
2026-08-28 14:21:00-04:00,217.77999877929688,217.9149932861328,217.57879638671875,217.67999267578125,12582
2026-08-28 14:22:00-04:00,217.77000427246094,218.0299072265625,217.7550048828125,217.92999267578125,9507
2026-08-28 14:23:00-04:00,217.47999572753906,217.7100067138672,217.19500732421875,217.6999969482422,11681
2026-08-28 14:24:00-04:00,217.36500549316406,217.50999450683594,217.35000610351562,217.47000122070312,7734
2026-08-28 14:25:00-04:00,217.44000244140625,217.49000549316406,217.25999450683594,217.32000732421875,7175
2026-08-28 14:26:00-04:00,217.6300048828125,217.7100067138672,217.3415985107422,217.3415985107422,5856
2026-08-28 14:27:00-04:00,217.75999450683594,217.8000030517578,217.5800018310547,217.67999267578125,7562
2026-08-28 14:28:00-04:00,217.77999877929688,217.83990478515625,217.63999938964844,217.76499938964844,8134
2026-08-28 14:29:00-04:00,217.875,217.91000366210938,217.68670654296875,217.68670654296875,11051
2026-08-28 14:30:00-04:00,217.99000549316406,218.07000732421875,217.89500427246094,217.89500427246094,11421
2026-08-28 14:31:00-04:00,218.38999938964844,218.38999938964844,217.8800048828125,218.0,14686
2026-08-28 14:32:00-04:00,218.12049865722656,218.4499969482422,218.11000061035156,218.33999633789062,14745
2026-08-28 14:33:00-04:00,218.3350067138672,218.41990661621094,218.14500427246094,218.14500427246094,9415
2026-08-28 14:34:00-04:00,218.2100067138672,218.5,218.10000610351562,218.3350067138672,14462
2026-08-28 14:35:00-04:00,217.97999572753906,218.22000122070312,217.9499969482422,218.1750030517578,9867
2026-08-28 14:36:00-04:00,217.7899932861328,217.97999572753906,217.73500061035156,217.97999572753906,7966
2026-08-28 14:37:00-04:00,217.82000732421875,217.86000061035156,217.69000244140625,217.7899932861328,7444
2026-08-28 14:38:00-04:00,217.74000549316406,218.0,217.69000244140625,217.75999450683594,10545
2026-08-28 14:39:00-04:00,217.73500061035156,217.82000732421875,217.6199951171875,217.7449951171875,7712
2026-08-28 14:40:00-04:00,217.83999633789062,218.0,217.70089721679688,217.7519989013672,9510
2026-08-28 14:41:00-04:00,217.72000122070312,217.9799041748047,217.72000122070312,217.89999389648438,6989
2026-08-28 14:42:00-04:00,217.50999450683594,217.72000122070312,217.50999450683594,217.7100067138672,11784
2026-08-28 14:43:00-04:00,217.63499450683594,217.67999267578125,217.50010681152344,217.55499267578125,11817
2026-08-28 14:44:00-04:00,217.74000549316406,217.79800415039062,217.60000610351562,217.63499450683594,12133
2026-08-28 14:45:00-04:00,217.8699951171875,217.8800048828125,217.6699981689453,217.72000122070312,10981
2026-08-28 14:46:00-04:00,217.89500427246094,217.9499969482422,217.83999633789062,217.8699951171875,7972
2026-08-28 14:47:00-04:00,217.90750122070312,218.0,217.82000732421875,217.94000244140625,21158
2026-08-28 14:48:00-04:00,218.02499389648438,218.0800018310547,217.89999389648438,217.97999572753906,19693
2026-08-28 14:49:00-04:00,218.13009643554688,218.13999938964844,217.9158935546875,217.97000122070312,11963
2026-08-28 14:50:00-04:00,217.60000610351562,218.1999969482422,217.52999877929688,218.1300048828125,20060
2026-08-28 14:51:00-04:00,217.83999633789062,217.83999633789062,217.33790588378906,217.5800018310547,14171
2026-08-28 14:52:00-04:00,217.77000427246094,217.86000061035156,217.6699981689453,217.8000030517578,11848
2026-08-28 14:53:00-04:00,217.80349731445312,217.85499572753906,217.6300048828125,217.7550048828125,13073
2026-08-28 14:54:00-04:00,217.61000061035156,217.8800048828125,217.57000732421875,217.8800048828125,8627
2026-08-28 14:55:00-04:00,217.6300048828125,217.69000244140625,217.5399932861328,217.654296875,14725
2026-08-28 14:56:00-04:00,217.69839477539062,217.7899932861328,217.51010131835938,217.7100067138672,12820
2026-08-28 14:57:00-04:00,217.84620666503906,217.8800048828125,217.6199951171875,217.6199951171875,8097
2026-08-28 14:58:00-04:00,217.89990234375,217.89999389648438,217.72000122070312,217.7884063720703,8638
2026-08-28 14:59:00-04:00,217.7899932861328,217.85000610351562,217.63999938964844,217.85000610351562,11733
2026-08-28 15:00:00-04:00,217.2100067138672,217.86000061035156,217.1300048828125,217.7100067138672,47502
2026-08-28 15:01:00-04:00,217.20880126953125,217.33999633789062,217.02000427246094,217.21600341796875,12260
2026-08-28 15:02:00-04:00,217.1750030517578,217.3000030517578,217.0800018310547,217.17999267578125,11449
2026-08-28 15:03:00-04:00,217.25999450683594,217.27999877929688,217.0800018310547,217.27000427246094,9686
2026-08-28 15:04:00-04:00,217.1864013671875,217.33999633789062,217.14999389648438,217.2899932861328,13044
2026-08-28 15:05:00-04:00,217.32000732421875,217.42999267578125,217.22000122070312,217.22000122070312,6934
2026-08-28 15:06:00-04:00,217.3699951171875,217.47999572753906,217.27000427246094,217.3800048828125,11866
2026-08-28 15:07:00-04:00,217.47000122070312,217.5,217.31500244140625,217.39990234375,9974
2026-08-28 15:08:00-04:00,217.46249389648438,217.5500030517578,217.39010620117188,217.47999572753906,10770
2026-08-28 15:09:00-04:00,217.5594940185547,217.6199951171875,217.1999969482422,217.39999389648438,13234
2026-08-28 15:10:00-04:00,217.80999755859375,217.80999755859375,217.5,217.56610107421875,14095
2026-08-28 15:11:00-04:00,217.7324981689453,217.92999267578125,217.64999389648438,217.8000030517578,16730
2026-08-28 15:12:00-04:00,217.61000061035156,217.7899932861328,217.4199981689453,217.73500061035156,6724
2026-08-28 15:13:00-04:00,217.7299041748047,217.7382049560547,217.5,217.64999389648438,10759
2026-08-28 15:14:00-04:00,217.5749969482422,217.7050018310547,217.52999877929688,217.6300048828125,10967
2026-08-28 15:15:00-04:00,217.7050018310547,217.85989379882812,217.43190002441406,217.5749969482422,19671
2026-08-28 15:16:00-04:00,217.6750030517578,217.8000030517578,217.6199951171875,217.74899291992188,9090
2026-08-28 15:17:00-04:00,217.4936065673828,217.72000122070312,217.44009399414062,217.6750030517578,6332
2026-08-28 15:18:00-04:00,217.3800048828125,217.5399932861328,217.24000549316406,217.4949951171875,13726
2026-08-28 15:19:00-04:00,217.10000610351562,217.45750427246094,217.02999877929688,217.4250030517578,16718
2026-08-28 15:20:00-04:00,217.42999267578125,217.47000122070312,216.9600067138672,217.10000610351562,23038
2026-08-28 15:21:00-04:00,217.6199951171875,217.6999969482422,217.41000366210938,217.47000122070312,14221
2026-08-28 15:22:00-04:00,217.5850067138672,217.7449951171875,217.52000427246094,217.6199951171875,9233
2026-08-28 15:23:00-04:00,217.5749969482422,217.66000366210938,217.55999755859375,217.5850067138672,7926
2026-08-28 15:24:00-04:00,217.5449981689453,217.59500122070312,217.32009887695312,217.5800018310547,27402
2026-08-28 15:25:00-04:00,217.6199951171875,217.74000549316406,217.49000549316406,217.5449981689453,18428
2026-08-28 15:26:00-04:00,217.49000549316406,217.69000244140625,217.44500732421875,217.67979431152344,197140
2026-08-28 15:27:00-04:00,217.52000427246094,217.55999755859375,217.33009338378906,217.33009338378906,9754
2026-08-28 15:28:00-04:00,217.02999877929688,217.60000610351562,216.9185028076172,217.5050048828125,19572
2026-08-28 15:29:00-04:00,216.92599487304688,217.09449768066406,216.5500030517578,217.00999450683594,31014
2026-08-28 15:30:00-04:00,216.80499267578125,217.11990356445312,216.7050018310547,216.94500732421875,17881
2026-08-28 15:31:00-04:00,216.84500122070312,216.91000366210938,216.59010314941406,216.80499267578125,24894
2026-08-28 15:32:00-04:00,216.66000366210938,217.0,216.61000061035156,216.85499572753906,15927
2026-08-28 15:33:00-04:00,216.88999938964844,216.99000549316406,216.58999633789062,216.72000122070312,18054
2026-08-28 15:34:00-04:00,216.77999877929688,217.0,216.5500030517578,216.92999267578125,15552
2026-08-28 15:35:00-04:00,217.00999450683594,217.08009338378906,216.7899932861328,216.85000610351562,20220
2026-08-28 15:36:00-04:00,217.05999755859375,217.13999938964844,216.91000366210938,217.00999450683594,18484
2026-08-28 15:37:00-04:00,216.9600067138672,217.14999389648438,216.91000366210938,217.07000732421875,13842
2026-08-28 15:38:00-04:00,216.89999389648438,217.0449981689453,216.89999389648438,217.00990295410156,13074
2026-08-28 15:39:00-04:00,217.1199951171875,217.16990661621094,216.88999938964844,216.9250030517578,19412
2026-08-28 15:40:00-04:00,217.38999938964844,217.4199981689453,217.11000061035156,217.14999389648438,23355
2026-08-28 15:41:00-04:00,217.2899932861328,217.375,217.13999938964844,217.375,16751
2026-08-28 15:42:00-04:00,217.4698944091797,217.4698944091797,217.22000122070312,217.27499389648438,14171
2026-08-28 15:43:00-04:00,217.47999572753906,217.50999450683594,217.33999633789062,217.47000122070312,20833
2026-08-28 15:44:00-04:00,217.7602996826172,217.8000030517578,217.5,217.5,31247
2026-08-28 15:45:00-04:00,218.11000061035156,218.14999389648438,217.72000122070312,217.75999450683594,61115
2026-08-28 15:46:00-04:00,217.88999938964844,218.14999389648438,217.8000030517578,218.14999389648438,39831
2026-08-28 15:47:00-04:00,217.92999267578125,217.97000122070312,217.76010131835938,217.9199981689453,20450
2026-08-28 15:48:00-04:00,217.74000549316406,218.10000610351562,217.72999572753906,217.92999267578125,26067
2026-08-28 15:49:00-04:00,217.63499450683594,217.78500366210938,217.54010009765625,217.75,34059
2026-08-28 15:50:00-04:00,218.16000366210938,218.19000244140625,217.3000946044922,217.6750030517578,47612
2026-08-28 15:51:00-04:00,218.0500030517578,218.22999572753906,217.81500244140625,218.16000366210938,43703
2026-08-28 15:52:00-04:00,218.1199951171875,218.2429962158203,217.97999572753906,218.0399932861328,52627
2026-08-28 15:53:00-04:00,218.05999755859375,218.2050018310547,217.8699951171875,218.13999938964844,40916
2026-08-28 15:54:00-04:00,217.57000732421875,218.16000366210938,217.5500030517578,218.0749969482422,52108
2026-08-28 15:55:00-04:00,217.6999969482422,217.89999389648438,217.3699951171875,217.63380432128906,92223
2026-08-28 15:56:00-04:00,217.97999572753906,218.11500549316406,217.63999938964844,217.7100067138672,80023
2026-08-28 15:57:00-04:00,218.08999633789062,218.14999389648438,217.97500610351562,217.97500610351562,130429
2026-08-28 15:58:00-04:00,218.3300018310547,218.3300018310547,218.0399932861328,218.10000610351562,150239
2026-08-28 15:59:00-04:00,218.42999267578125,218.55999755859375,218.22000122070312,218.32000732421875,316281
2026-08-31 09:30:00-04:00,228.55999755859375,228.7198944091797,221.0,221.4199981689453,522419
2026-08-31 09:31:00-04:00,230.2100067138672,231.6999969482422,228.610107421875,228.67999267578125,309876
2026-08-31 09:32:00-04:00,230.2698974609375,231.5,227.6750030517578,230.39999389648438,153458
2026-08-31 09:33:00-04:00,233.25999450683594,233.4499969482422,229.97390747070312,229.97390747070312,207391
2026-08-31 09:34:00-04:00,233.27499389648438,233.83999633789062,232.14999389648438,233.35499572753906,211273
2026-08-31 09:35:00-04:00,232.78500366210938,233.8800048828125,232.55039978027344,233.14999389648438,182530
2026-08-31 09:36:00-04:00,232.75,233.75,232.16000366210938,232.61000061035156,109208
2026-08-31 09:37:00-04:00,228.5500030517578,232.84500122070312,228.3000030517578,232.84500122070312,185397
2026-08-31 09:38:00-04:00,226.0,228.9499969482422,225.61849975585938,228.47000122070312,164751
2026-08-31 09:39:00-04:00,226.36500549316406,226.5500030517578,224.64999389648438,225.9600067138672,98943
2026-08-31 09:40:00-04:00,228.3249969482422,228.8800048828125,226.19000244140625,226.3249969482422,105026
2026-08-31 09:41:00-04:00,227.9499969482422,228.99000549316406,227.1199951171875,228.3249969482422,83077
2026-08-31 09:42:00-04:00,229.4499969482422,230.0,227.8000946044922,228.3300018310547,93442
2026-08-31 09:43:00-04:00,229.32000732421875,229.73989868164062,228.4499969482422,229.4499969482422,80121
2026-08-31 09:44:00-04:00,230.0050048828125,230.72999572753906,229.3159942626953,229.32000732421875,104952
2026-08-31 09:45:00-04:00,231.16990661621094,231.3800048828125,228.8800048828125,230.0050048828125,101627
2026-08-31 09:46:00-04:00,230.90499877929688,231.8000030517578,230.6699981689453,231.16000366210938,112265
2026-08-31 09:47:00-04:00,230.55999755859375,231.37989807128906,230.29229736328125,230.91000366210938,65895
2026-08-31 09:48:00-04:00,230.125,230.74000549316406,229.5,230.5749969482422,59267
2026-08-31 09:49:00-04:00,230.22999572753906,231.0500030517578,229.6699981689453,230.125,52743
2026-08-31 09:50:00-04:00,229.75,231.07989501953125,229.1300048828125,230.43499755859375,86433
2026-08-31 09:51:00-04:00,229.11000061035156,230.3300018310547,229.10009765625,229.82000732421875,37631
2026-08-31 09:52:00-04:00,228.39999389648438,229.4499969482422,227.5,229.2100067138672,82447
2026-08-31 09:53:00-04:00,229.34500122070312,229.3679962158203,228.27999877929688,228.39500427246094,37185
2026-08-31 09:54:00-04:00,230.00999450683594,230.3800048828125,229.14500427246094,229.3450927734375,65064
2026-08-31 09:55:00-04:00,228.8800048828125,230.20989990234375,228.8800048828125,230.15859985351562,33518
2026-08-31 09:56:00-04:00,229.18499755859375,229.60499572753906,228.7147979736328,229.00999450683594,26944
2026-08-31 09:57:00-04:00,228.3000030517578,229.4600067138672,228.20010375976562,229.3699951171875,34932
2026-08-31 09:58:00-04:00,227.97999572753906,228.27000427246094,227.19000244140625,228.27000427246094,64259
2026-08-31 09:59:00-04:00,226.69500732421875,227.9799041748047,226.47000122070312,227.82000732421875,62892
2026-08-31 10:00:00-04:00,226.7100067138672,227.6300048828125,226.5399932861328,226.66000366210938,56379
2026-08-31 10:01:00-04:00,226.5,227.0,226.2100067138672,226.6649932861328,38665
2026-08-31 10:02:00-04:00,225.91000366210938,226.69000244140625,225.74000549316406,226.5,46084
2026-08-31 10:03:00-04:00,226.74000549316406,227.0,225.88800048828125,225.97999572753906,34749
2026-08-31 10:04:00-04:00,226.66000366210938,227.0800018310547,226.3762969970703,226.7449951171875,34465
2026-08-31 10:05:00-04:00,226.94000244140625,227.5,226.4300994873047,226.66000366210938,25696
2026-08-31 10:06:00-04:00,227.5,227.88999938964844,226.83999633789062,226.98939514160156,44870
2026-08-31 10:07:00-04:00,227.2100067138672,227.7899932861328,227.1011962890625,227.5399932861328,29438
2026-08-31 10:08:00-04:00,227.4600067138672,227.6300048828125,226.62010192871094,227.30999755859375,34317
2026-08-31 10:09:00-04:00,227.47999572753906,227.50999450683594,227.02999877929688,227.38999938964844,19912
2026-08-31 10:10:00-04:00,226.98500061035156,227.52999877929688,226.7100067138672,227.47999572753906,28203
2026-08-31 10:11:00-04:00,226.0500946044922,227.0,226.0500946044922,226.99000549316406,39529
2026-08-31 10:12:00-04:00,226.65499877929688,226.8800048828125,226.0175018310547,226.1649932861328,31825
2026-08-31 10:13:00-04:00,226.69000244140625,227.0800018310547,226.39999389648438,226.65499877929688,20500
2026-08-31 10:14:00-04:00,226.61000061035156,226.88999938964844,226.5679931640625,226.69000244140625,21706
2026-08-31 10:15:00-04:00,226.83999633789062,226.90060424804688,226.44000244140625,226.57000732421875,24958
2026-08-31 10:16:00-04:00,227.32000732421875,227.32000732421875,226.8000030517578,226.83999633789062,30368
2026-08-31 10:17:00-04:00,227.52999877929688,227.88999938964844,226.80999755859375,227.25,46984
2026-08-31 10:18:00-04:00,227.3000030517578,227.6649932861328,226.94000244140625,227.61000061035156,29405
2026-08-31 10:19:00-04:00,227.55499267578125,227.6999053955078,227.22000122070312,227.34500122070312,17736
2026-08-31 10:20:00-04:00,227.0050048828125,227.64999389648438,226.85009765625,227.55499267578125,18535
2026-08-31 10:21:00-04:00,227.0500030517578,227.17999267578125,226.75,226.94000244140625,19565
2026-08-31 10:22:00-04:00,227.5050048828125,227.64990234375,226.60000610351562,227.07000732421875,27734
2026-08-31 10:23:00-04:00,227.52000427246094,227.66000366210938,227.3699951171875,227.5,22060
2026-08-31 10:24:00-04:00,227.302001953125,227.64999389648438,227.10000610351562,227.52999877929688,23703
2026-08-31 10:25:00-04:00,226.25,227.30999755859375,226.1199951171875,227.25999450683594,27754
2026-08-31 10:26:00-04:00,226.1699981689453,226.5500030517578,225.97000122070312,226.22999572753906,129758
2026-08-31 10:27:00-04:00,226.2899932861328,226.42999267578125,225.53729248046875,226.1719970703125,37546
2026-08-31 10:28:00-04:00,226.30999755859375,226.5,225.92999267578125,226.24000549316406,18003
2026-08-31 10:29:00-04:00,226.1199951171875,226.3000030517578,225.82000732421875,226.1999969482422,22326
2026-08-31 10:30:00-04:00,226.5749969482422,226.6199951171875,226.00999450683594,226.16000366210938,17971
2026-08-31 10:31:00-04:00,227.2100067138672,227.44000244140625,226.1999969482422,226.5800018310547,35244
2026-08-31 10:32:00-04:00,226.6199951171875,227.27000427246094,226.6199951171875,227.1103057861328,19818
2026-08-31 10:33:00-04:00,226.21949768066406,226.77999877929688,226.0800018310547,226.5399932861328,27599
2026-08-31 10:34:00-04:00,226.22999572753906,226.22999572753906,225.74000549316406,226.0,30153
2026-08-31 10:35:00-04:00,226.0850067138672,226.35000610351562,225.8101043701172,226.2100067138672,12745
2026-08-31 10:36:00-04:00,225.9199981689453,226.41000366210938,225.88009643554688,226.13999938964844,17534
2026-08-31 10:37:00-04:00,226.11000061035156,226.1199951171875,225.8800048828125,225.8800048828125,18337
2026-08-31 10:38:00-04:00,226.22000122070312,226.3300018310547,225.69219970703125,226.05999755859375,28489
2026-08-31 10:39:00-04:00,225.74000549316406,226.27499389648438,225.67999267578125,226.25,22784
2026-08-31 10:40:00-04:00,225.51499938964844,225.89999389648438,225.3000030517578,225.69000244140625,24625
2026-08-31 10:41:00-04:00,225.9398956298828,225.94500732421875,225.3800048828125,225.5189971923828,35646
2026-08-31 10:42:00-04:00,226.10000610351562,226.49000549316406,225.94000244140625,225.94000244140625,41280
2026-08-31 10:43:00-04:00,226.22500610351562,226.3842010498047,226.02999877929688,226.14500427246094,17153
2026-08-31 10:44:00-04:00,225.97999572753906,226.2899932861328,225.61900329589844,226.18130493164062,23261
2026-08-31 10:45:00-04:00,225.39999389648438,226.0,225.36000061035156,226.0,23918
2026-08-31 10:46:00-04:00,225.6699981689453,225.89999389648438,225.07159423828125,225.39500427246094,18970
2026-08-31 10:47:00-04:00,225.6649932861328,225.97999572753906,225.2100067138672,225.6699981689453,22463
2026-08-31 10:48:00-04:00,225.5449981689453,225.72999572753906,225.36000061035156,225.72999572753906,17730
2026-08-31 10:49:00-04:00,225.4199981689453,225.70809936523438,225.1999969482422,225.4600067138672,16716
2026-08-31 10:50:00-04:00,225.76499938964844,225.80999755859375,225.33999633789062,225.47999572753906,10919
2026-08-31 10:51:00-04:00,226.4499969482422,226.5,225.64010620117188,225.80999755859375,32470
2026-08-31 10:52:00-04:00,226.30999755859375,226.60000610351562,226.22999572753906,226.4199981689453,23001
2026-08-31 10:53:00-04:00,226.2200927734375,226.35000610351562,226.00230407714844,226.32000732421875,19401
2026-08-31 10:54:00-04:00,226.41000366210938,226.5789031982422,226.2301025390625,226.3000030517578,20882
2026-08-31 10:55:00-04:00,226.46499633789062,226.72999572753906,226.35000610351562,226.41000366210938,24563
2026-08-31 10:56:00-04:00,226.85499572753906,227.0,226.4199981689453,226.46499633789062,27450
2026-08-31 10:57:00-04:00,226.4665985107422,226.99000549316406,226.41000366210938,226.8699951171875,22579
2026-08-31 10:58:00-04:00,226.6992950439453,226.7100067138672,226.32000732421875,226.4499969482422,15110
2026-08-31 10:59:00-04:00,226.55999755859375,226.95269775390625,226.55999755859375,226.68499755859375,15182
2026-08-31 11:00:00-04:00,226.75999450683594,226.8350067138672,226.50999450683594,226.56500244140625,15020
2026-08-31 11:01:00-04:00,227.49029541015625,227.6898956298828,226.6699981689453,226.7100067138672,28583
2026-08-31 11:02:00-04:00,227.19000244140625,227.64999389648438,226.89999389648438,227.57000732421875,25240
2026-08-31 11:03:00-04:00,227.18499755859375,227.5500030517578,227.11000061035156,227.1199951171875,23177
2026-08-31 11:04:00-04:00,227.10000610351562,227.40029907226562,226.9550018310547,227.20750427246094,16010
2026-08-31 11:05:00-04:00,227.1699981689453,227.41000366210938,227.0399932861328,227.1999969482422,14144
2026-08-31 11:06:00-04:00,227.2144012451172,227.27000427246094,226.83999633789062,227.25999450683594,20626
2026-08-31 11:07:00-04:00,226.7949981689453,227.2115936279297,226.60000610351562,227.00999450683594,18417
2026-08-31 11:08:00-04:00,226.8000030517578,226.97999572753906,226.6999969482422,226.7949981689453,12438
2026-08-31 11:09:00-04:00,226.9949951171875,227.0500030517578,226.72999572753906,226.92999267578125,34249
2026-08-31 11:10:00-04:00,226.62399291992188,227.1300048828125,226.55999755859375,226.9949951171875,19566
2026-08-31 11:11:00-04:00,226.41000366210938,226.75999450683594,226.33999633789062,226.69000244140625,21093
2026-08-31 11:12:00-04:00,227.0,227.19850158691406,226.39500427246094,226.4600067138672,16862
2026-08-31 11:13:00-04:00,227.0,227.1999969482422,226.85940551757812,226.98500061035156,15328
2026-08-31 11:14:00-04:00,226.9250030517578,227.14999389648438,226.85000610351562,227.0850067138672,10706
2026-08-31 11:15:00-04:00,226.89999389648438,227.10000610351562,226.80999755859375,226.9250030517578,10633
2026-08-31 11:16:00-04:00,227.3350067138672,227.5,226.57009887695312,226.9199981689453,38686
2026-08-31 11:17:00-04:00,227.35400390625,227.4799041748047,227.19000244140625,227.3300018310547,18396
2026-08-31 11:18:00-04:00,227.25,227.4499053955078,227.14999389648438,227.25,9768
2026-08-31 11:19:00-04:00,227.41000366210938,227.49000549316406,227.1999969482422,227.27999877929688,21934
2026-08-31 11:20:00-04:00,227.34500122070312,227.5500030517578,227.1999969482422,227.41000366210938,19300
2026-08-31 11:21:00-04:00,227.57000732421875,227.77999877929688,227.25999450683594,227.27999877929688,31978
2026-08-31 11:22:00-04:00,227.44000244140625,227.6300048828125,226.96519470214844,227.61500549316406,25645
2026-08-31 11:23:00-04:00,227.2550048828125,227.5399932861328,227.1199951171875,227.5399932861328,13061
2026-08-31 11:24:00-04:00,227.18499755859375,227.31500244140625,227.04010009765625,227.2550048828125,6595
2026-08-31 11:25:00-04:00,226.7718048095703,227.14999389648438,226.6999969482422,227.05999755859375,10004
2026-08-31 11:26:00-04:00,226.17999267578125,226.8800048828125,225.89999389648438,226.8800048828125,26568
2026-08-31 11:27:00-04:00,225.7100067138672,226.34739685058594,225.7100067138672,226.2779998779297,24367
2026-08-31 11:28:00-04:00,225.66000366210938,225.97999572753906,225.35000610351562,225.72999572753906,20439
2026-08-31 11:29:00-04:00,225.86500549316406,225.99000549316406,225.26119995117188,225.4499969482422,19333
2026-08-31 11:30:00-04:00,226.05499267578125,226.05499267578125,225.74000549316406,225.7550048828125,15858
2026-08-31 11:31:00-04:00,226.27499389648438,226.481201171875,225.9499969482422,225.9499969482422,22868
2026-08-31 11:32:00-04:00,226.16270446777344,226.35000610351562,225.94000244140625,226.27499389648438,10974
2026-08-31 11:33:00-04:00,226.1300048828125,226.3300018310547,226.0428009033203,226.07009887695312,18102
2026-08-31 11:34:00-04:00,226.18499755859375,226.2899932861328,226.0,226.1999969482422,10761
2026-08-31 11:35:00-04:00,225.66119384765625,226.32949829101562,225.66119384765625,226.18499755859375,21551
2026-08-31 11:36:00-04:00,226.00999450683594,226.13999938964844,225.60000610351562,225.72999572753906,26044
2026-08-31 11:37:00-04:00,226.00999450683594,226.33999633789062,226.00999450683594,226.05999755859375,15445
2026-08-31 11:38:00-04:00,226.02999877929688,226.22000122070312,225.9499969482422,226.00999450683594,13440
2026-08-31 11:39:00-04:00,226.39999389648438,226.4600067138672,225.9600067138672,226.02999877929688,12261
2026-08-31 11:40:00-04:00,226.42999267578125,226.42999267578125,226.19000244140625,226.39999389648438,8235
2026-08-31 11:41:00-04:00,226.6199951171875,226.6300048828125,226.3800048828125,226.42999267578125,14440
2026-08-31 11:42:00-04:00,226.6905059814453,226.83999633789062,226.55999755859375,226.55999755859375,11936
2026-08-31 11:43:00-04:00,226.83999633789062,226.88499450683594,226.58999633789062,226.7100067138672,33491
2026-08-31 11:44:00-04:00,227.32000732421875,227.4499969482422,226.82479858398438,226.91000366210938,37490
2026-08-31 11:45:00-04:00,227.8300018310547,227.8699951171875,227.25999450683594,227.25999450683594,28429
2026-08-31 11:46:00-04:00,227.97999572753906,228.1999969482422,227.72999572753906,227.8699951171875,41232
2026-08-31 11:47:00-04:00,227.625,228.25,227.55999755859375,227.97999572753906,55300
2026-08-31 11:48:00-04:00,228.15499877929688,228.19000244140625,227.52000427246094,227.5399932861328,19282
2026-08-31 11:49:00-04:00,228.5050048828125,228.61000061035156,228.11000061035156,228.15499877929688,44047
2026-08-31 11:50:00-04:00,227.99000549316406,228.6199951171875,227.80999755859375,228.5050048828125,27076
2026-08-31 11:51:00-04:00,227.84950256347656,228.33990478515625,227.75999450683594,227.90499877929688,20358
2026-08-31 11:52:00-04:00,227.6999969482422,227.8699951171875,227.52000427246094,227.8350067138672,16614
2026-08-31 11:53:00-04:00,227.22500610351562,227.72000122070312,227.19000244140625,227.6999969482422,17694
2026-08-31 11:54:00-04:00,226.77000427246094,227.25999450683594,226.6699981689453,227.1699981689453,24651
2026-08-31 11:55:00-04:00,226.77000427246094,226.89999389648438,226.5800018310547,226.8350067138672,17344
2026-08-31 11:56:00-04:00,226.88999938964844,226.99000549316406,226.74000549316406,226.83949279785156,15835
2026-08-31 11:57:00-04:00,226.7100067138672,227.0395050048828,226.60000610351562,226.74000549316406,11184
2026-08-31 11:58:00-04:00,226.6300048828125,226.72999572753906,226.4499969482422,226.7100067138672,11519
2026-08-31 11:59:00-04:00,226.75,226.75,226.32000732421875,226.63499450683594,10790
2026-08-31 12:00:00-04:00,226.5,226.83999633789062,226.3101043701172,226.75999450683594,26298
2026-08-31 12:01:00-04:00,226.6699981689453,226.9499969482422,226.30999755859375,226.5,30705
2026-08-31 12:02:00-04:00,226.46009826660156,226.77000427246094,226.4600067138672,226.67999267578125,23562
2026-08-31 12:03:00-04:00,226.30999755859375,226.59869384765625,226.25999450683594,226.52999877929688,7649
2026-08-31 12:04:00-04:00,226.08999633789062,226.33999633789062,225.9499969482422,226.33999633789062,25784
2026-08-31 12:05:00-04:00,226.14019775390625,226.3699951171875,225.63999938964844,226.08999633789062,25006
2026-08-31 12:06:00-04:00,226.13999938964844,226.1999969482422,225.9250030517578,226.08999633789062,25750
2026-08-31 12:07:00-04:00,226.1699981689453,226.58999633789062,226.0800018310547,226.13999938964844,21110
2026-08-31 12:08:00-04:00,226.0850067138672,226.19000244140625,226.01010131835938,226.13999938964844,8562
2026-08-31 12:09:00-04:00,226.30499267578125,226.3699951171875,226.02999877929688,226.0850067138672,7869
2026-08-31 12:10:00-04:00,226.42999267578125,226.50999450683594,226.24000549316406,226.24000549316406,11085
2026-08-31 12:11:00-04:00,226.5449981689453,226.5449981689453,226.3000030517578,226.42999267578125,18302
2026-08-31 12:12:00-04:00,226.52999877929688,226.7899932861328,226.47000122070312,226.5449981689453,19659
2026-08-31 12:13:00-04:00,226.47000122070312,226.77000427246094,226.47000122070312,226.4700927734375,8254
2026-08-31 12:14:00-04:00,226.80999755859375,226.85000610351562,226.42999267578125,226.4949951171875,8079
2026-08-31 12:15:00-04:00,226.72500610351562,226.88999938964844,226.64999389648438,226.80999755859375,9541
2026-08-31 12:16:00-04:00,226.51499938964844,226.80999755859375,226.47999572753906,226.72500610351562,10014
2026-08-31 12:17:00-04:00,226.49000549316406,226.49000549316406,226.27000427246094,226.4600067138672,9302
2026-08-31 12:18:00-04:00,226.5749969482422,226.6750030517578,226.4199981689453,226.49000549316406,13116
2026-08-31 12:19:00-04:00,226.73500061035156,226.73500061035156,226.44000244140625,226.5749969482422,7228
2026-08-31 12:20:00-04:00,226.7899932861328,226.889892578125,226.63999938964844,226.77999877929688,10584
2026-08-31 12:21:00-04:00,226.85000610351562,226.88900756835938,226.74000549316406,226.8249969482422,12295
2026-08-31 12:22:00-04:00,227.3350067138672,227.35650634765625,226.80999755859375,226.80999755859375,14898
2026-08-31 12:23:00-04:00,227.1199951171875,227.4499969482422,226.99000549316406,227.3350067138672,15618
2026-08-31 12:24:00-04:00,227.61599731445312,227.6300048828125,227.10400390625,227.10400390625,25225
2026-08-31 12:25:00-04:00,227.5500030517578,227.6898956298828,227.5050048828125,227.60000610351562,14230
2026-08-31 12:26:00-04:00,227.6699981689453,227.6699981689453,227.35000610351562,227.5800018310547,10985
2026-08-31 12:27:00-04:00,227.8000030517578,227.8000030517578,227.60000610351562,227.625,14065
2026-08-31 12:28:00-04:00,227.47999572753906,227.8000030517578,227.39999389648438,227.77499389648438,12381
2026-08-31 12:29:00-04:00,227.55999755859375,227.63499450683594,227.4499969482422,227.49000549316406,11879
2026-08-31 12:30:00-04:00,227.47000122070312,227.7100067138672,227.4600067138672,227.63499450683594,10292
2026-08-31 12:31:00-04:00,227.22999572753906,227.52999877929688,227.1800994873047,227.41000366210938,10045
2026-08-31 12:32:00-04:00,227.41000366210938,227.57989501953125,227.23109436035156,227.27999877929688,14961
2026-08-31 12:33:00-04:00,227.54989624023438,227.5800018310547,227.44000244140625,227.44430541992188,9026
2026-08-31 12:34:00-04:00,227.47000122070312,227.5800018310547,227.4405059814453,227.47999572753906,7012
2026-08-31 12:35:00-04:00,227.45599365234375,227.52000427246094,227.3300018310547,227.46499633789062,12902
2026-08-31 12:36:00-04:00,227.69500732421875,227.6999969482422,227.47999572753906,227.5,10813
2026-08-31 12:37:00-04:00,227.7899932861328,227.80999755859375,227.51010131835938,227.6999969482422,17890
2026-08-31 12:38:00-04:00,227.76499938964844,227.91000366210938,227.74000549316406,227.7899932861328,15591
2026-08-31 12:39:00-04:00,227.75,227.84500122070312,227.61000061035156,227.75999450683594,23090
2026-08-31 12:40:00-04:00,227.50999450683594,227.74000549316406,227.50999450683594,227.6699981689453,19465
2026-08-31 12:41:00-04:00,227.7100067138672,227.72000122070312,227.50999450683594,227.50999450683594,10510
2026-08-31 12:42:00-04:00,227.49000549316406,227.73500061035156,227.39010620117188,227.73500061035156,14994
2026-08-31 12:43:00-04:00,227.61000061035156,227.6699981689453,227.32000732421875,227.4199981689453,6035
2026-08-31 12:44:00-04:00,227.60000610351562,227.72000122070312,227.5,227.66000366210938,10146
2026-08-31 12:45:00-04:00,227.54469299316406,227.65499877929688,227.4777069091797,227.5449981689453,5766
2026-08-31 12:46:00-04:00,227.15499877929688,227.58999633789062,227.07000732421875,227.5500030517578,13916
2026-08-31 12:47:00-04:00,227.18499755859375,227.2449951171875,227.0500030517578,227.15499877929688,10304
2026-08-31 12:48:00-04:00,227.3000030517578,227.39999389648438,227.0399932861328,227.22000122070312,16411
2026-08-31 12:49:00-04:00,227.39999389648438,227.4199981689453,227.22000122070312,227.3000030517578,7398
2026-08-31 12:50:00-04:00,227.35000610351562,227.4149932861328,227.24000549316406,227.41000366210938,7627
2026-08-31 12:51:00-04:00,227.41000366210938,227.4250030517578,227.2100067138672,227.35000610351562,11519
2026-08-31 12:52:00-04:00,227.27000427246094,227.4243927001953,227.14950561523438,227.4243927001953,15703
2026-08-31 12:53:00-04:00,227.18499755859375,227.22000122070312,227.14999389648438,227.2100067138672,4485
2026-08-31 12:54:00-04:00,226.80250549316406,227.2100067138672,226.8000030517578,227.2050018310547,12225
2026-08-31 12:55:00-04:00,226.92999267578125,227.0384979248047,226.76010131835938,226.8800048828125,9391
2026-08-31 12:56:00-04:00,226.9600067138672,227.05999755859375,226.8238983154297,226.92999267578125,9220
2026-08-31 12:57:00-04:00,227.33999633789062,227.33999633789062,226.91099548339844,226.9250030517578,13885
2026-08-31 12:58:00-04:00,227.4199981689453,227.42999267578125,227.25,227.34080505371094,14512
2026-08-31 12:59:00-04:00,227.3800048828125,227.47000122070312,227.35000610351562,227.4199981689453,11038
2026-08-31 13:00:00-04:00,227.1199951171875,227.4499969482422,226.92010498046875,227.38499450683594,10486
2026-08-31 13:01:00-04:00,227.05540466308594,227.22999572753906,227.0500030517578,227.1199951171875,7734
2026-08-31 13:02:00-04:00,227.05999755859375,227.32000732421875,227.01499938964844,227.14999389648438,5238
2026-08-31 13:03:00-04:00,227.0500030517578,227.13999938964844,226.99000549316406,227.03500366210938,6670
2026-08-31 13:04:00-04:00,227.14999389648438,227.14999389648438,227.0399932861328,227.06500244140625,4740
2026-08-31 13:05:00-04:00,227.02499389648438,227.1999969482422,227.00999450683594,227.06790161132812,5996
2026-08-31 13:06:00-04:00,227.17999267578125,227.32000732421875,226.97999572753906,227.07989501953125,9990
2026-08-31 13:07:00-04:00,227.27999877929688,227.27999877929688,227.11000061035156,227.22000122070312,6263
2026-08-31 13:08:00-04:00,227.125,227.33999633789062,227.08999633789062,227.27999877929688,14204
2026-08-31 13:09:00-04:00,227.0,227.14500427246094,226.97999572753906,227.125,10941
2026-08-31 13:10:00-04:00,227.02999877929688,227.07000732421875,226.95010375976562,226.95010375976562,5820
2026-08-31 13:11:00-04:00,227.02999877929688,227.0399932861328,226.75,226.96139526367188,20599
2026-08-31 13:12:00-04:00,227.02999877929688,227.16000366210938,226.99240112304688,227.0399932861328,9233
2026-08-31 13:13:00-04:00,227.00999450683594,227.0800018310547,226.9499969482422,227.02999877929688,12525
2026-08-31 13:14:00-04:00,226.80499267578125,227.00999450683594,226.75010681152344,227.00999450683594,10367
2026-08-31 13:15:00-04:00,227.0800018310547,227.0800018310547,226.75,226.80499267578125,18086
2026-08-31 13:16:00-04:00,227.1300048828125,227.17990112304688,226.92010498046875,227.0500030517578,16202
2026-08-31 13:17:00-04:00,227.05499267578125,227.17999267578125,226.9600067138672,227.1199951171875,12782
2026-08-31 13:18:00-04:00,227.11000061035156,227.14999389648438,226.94009399414062,227.0500030517578,9881
2026-08-31 13:19:00-04:00,227.22000122070312,227.22000122070312,227.08999633789062,227.11000061035156,6082
2026-08-31 13:20:00-04:00,227.1999969482422,227.2949981689453,227.0800018310547,227.2449951171875,9154
2026-08-31 13:21:00-04:00,227.39999389648438,227.44500732421875,227.2008056640625,227.24110412597656,10706
2026-08-31 13:22:00-04:00,227.5,227.7449951171875,227.39500427246094,227.42999267578125,25391
2026-08-31 13:23:00-04:00,227.6649932861328,227.72999572753906,227.5500030517578,227.5800018310547,9523
2026-08-31 13:24:00-04:00,227.75,227.78990173339844,227.64999389648438,227.6649932861328,15856
2026-08-31 13:25:00-04:00,227.8300018310547,227.85000610351562,227.7100067138672,227.76499938964844,13475
2026-08-31 13:26:00-04:00,227.9199981689453,228.10000610351562,227.82009887695312,227.86959838867188,23981
2026-08-31 13:27:00-04:00,228.05999755859375,228.10000610351562,227.88999938964844,227.9199981689453,25096
2026-08-31 13:28:00-04:00,228.10000610351562,228.14500427246094,227.99000549316406,228.05999755859375,8165
2026-08-31 13:29:00-04:00,227.9199981689453,228.17999267578125,227.9199981689453,228.10000610351562,19264
2026-08-31 13:30:00-04:00,227.33999633789062,228.0500030517578,227.33999633789062,227.92999267578125,29073
2026-08-31 13:31:00-04:00,227.28500366210938,227.52999877929688,227.22000122070312,227.38499450683594,10769
2026-08-31 13:32:00-04:00,227.63999938964844,227.66000366210938,227.25,227.25,8168
2026-08-31 13:33:00-04:00,227.75999450683594,227.875,227.66000366210938,227.66000366210938,9084
2026-08-31 13:34:00-04:00,227.25,227.86000061035156,227.24000549316406,227.80999755859375,23428
2026-08-31 13:35:00-04:00,227.4008026123047,227.47999572753906,227.1999969482422,227.25,11702
2026-08-31 13:36:00-04:00,227.65179443359375,227.6699981689453,227.38999938964844,227.4600067138672,12293
2026-08-31 13:37:00-04:00,227.57000732421875,227.63999938964844,227.5,227.58999633789062,6657
2026-08-31 13:38:00-04:00,227.47000122070312,227.60000610351562,227.39999389648438,227.55960083007812,16104
2026-08-31 13:39:00-04:00,227.5,227.52999877929688,227.3800048828125,227.52999877929688,6229
2026-08-31 13:40:00-04:00,227.2949981689453,227.639892578125,227.2949981689453,227.46499633789062,22681
2026-08-31 13:41:00-04:00,227.35000610351562,227.59500122070312,227.24180603027344,227.2949981689453,22116
2026-08-31 13:42:00-04:00,227.07000732421875,227.49000549316406,227.00999450683594,227.3699951171875,23410
2026-08-31 13:43:00-04:00,227.46499633789062,227.50450134277344,227.0,227.05999755859375,10811
2026-08-31 13:44:00-04:00,227.4949951171875,227.60000610351562,227.4600067138672,227.5,9723
2026-08-31 13:45:00-04:00,227.61000061035156,227.72999572753906,227.4635009765625,227.52499389648438,21164
2026-08-31 13:46:00-04:00,227.47000122070312,227.58299255371094,227.3300018310547,227.5449981689453,11590
2026-08-31 13:47:00-04:00,227.66000366210938,227.66000366210938,227.3865966796875,227.4600067138672,5786
2026-08-31 13:48:00-04:00,227.31500244140625,227.66000366210938,227.25,227.66000366210938,11418
2026-08-31 13:49:00-04:00,227.41490173339844,227.44000244140625,227.19000244140625,227.30999755859375,12742
2026-08-31 13:50:00-04:00,227.3000030517578,227.42999267578125,227.17010498046875,227.39500427246094,18990
2026-08-31 13:51:00-04:00,227.14999389648438,227.36000061035156,227.07000732421875,227.36000061035156,8747
2026-08-31 13:52:00-04:00,227.21499633789062,227.32000732421875,227.13999938964844,227.13999938964844,6869
2026-08-31 13:53:00-04:00,227.1750030517578,227.28990173339844,227.11000061035156,227.21499633789062,5822
2026-08-31 13:54:00-04:00,227.02999877929688,227.21600341796875,226.99000549316406,227.11000061035156,16972
2026-08-31 13:55:00-04:00,226.97000122070312,227.139892578125,226.9199981689453,227.02999877929688,8153
2026-08-31 13:56:00-04:00,227.0800018310547,227.0800018310547,226.82000732421875,227.02000427246094,11828
2026-08-31 13:57:00-04:00,226.85000610351562,227.02000427246094,226.74009704589844,226.9600067138672,13506
2026-08-31 13:58:00-04:00,226.5749969482422,227.10000610351562,226.3699951171875,226.9199981689453,52648
2026-08-31 13:59:00-04:00,226.48500061035156,226.7949981689453,226.4346923828125,226.66990661621094,16955
2026-08-31 14:00:00-04:00,227.0500030517578,227.10000610351562,226.42999267578125,226.47999572753906,31522
2026-08-31 14:01:00-04:00,227.53500366210938,227.57000732421875,227.00999450683594,227.05499267578125,28531
2026-08-31 14:02:00-04:00,228.13999938964844,228.17999267578125,227.47000122070312,227.53500366210938,39153
2026-08-31 14:03:00-04:00,227.8699951171875,228.13999938964844,227.82000732421875,228.1280975341797,20494
2026-08-31 14:04:00-04:00,227.88999938964844,227.99000549316406,227.7301025390625,227.8350067138672,9519
2026-08-31 14:05:00-04:00,227.97000122070312,228.0500030517578,227.84500122070312,227.86000061035156,20081
2026-08-31 14:06:00-04:00,228.01449584960938,228.08999633789062,227.72500610351562,227.8699951171875,30934
2026-08-31 14:07:00-04:00,227.9250030517578,228.00999450683594,227.82009887695312,227.97999572753906,10837
2026-08-31 14:08:00-04:00,228.3979949951172,228.6199951171875,227.8800048828125,228.00999450683594,37458
2026-08-31 14:09:00-04:00,228.52499389648438,228.7407989501953,228.40040588378906,228.4199981689453,25644
2026-08-31 14:10:00-04:00,228.76499938964844,228.8800048828125,228.51010131835938,228.5500030517578,15081
2026-08-31 14:11:00-04:00,228.52499389648438,228.7899932861328,228.3800048828125,228.7899932861328,19518
2026-08-31 14:12:00-04:00,228.2801055908203,228.72999572753906,228.2801055908203,228.52999877929688,26305
2026-08-31 14:13:00-04:00,227.810302734375,228.3699951171875,227.63999938964844,228.3699951171875,37112
2026-08-31 14:14:00-04:00,228.19500732421875,228.1999969482422,227.72000122070312,227.7790985107422,19670
2026-08-31 14:15:00-04:00,228.08999633789062,228.33999633789062,227.99000549316406,228.19000244140625,13901
2026-08-31 14:16:00-04:00,228.22999572753906,228.24000549316406,227.9801025390625,228.1300048828125,13068
2026-08-31 14:17:00-04:00,228.27000427246094,228.30999755859375,228.0399932861328,228.22999572753906,18486
2026-08-31 14:18:00-04:00,228.14999389648438,228.39999389648438,228.02000427246094,228.2899932861328,21425
2026-08-31 14:19:00-04:00,228.2899932861328,228.302001953125,228.0399932861328,228.13999938964844,14680
2026-08-31 14:20:00-04:00,228.8000030517578,228.82000732421875,228.25250244140625,228.2899932861328,29478
2026-08-31 14:21:00-04:00,228.6999969482422,228.87989807128906,228.625,228.8000030517578,18648
2026-08-31 14:22:00-04:00,228.2100067138672,228.718994140625,228.00999450683594,228.67999267578125,27590
2026-08-31 14:23:00-04:00,228.39500427246094,228.5592041015625,228.2100067138672,228.2100067138672,10893
2026-08-31 14:24:00-04:00,228.51499938964844,228.77000427246094,228.39500427246094,228.39500427246094,14923
2026-08-31 14:25:00-04:00,228.7050018310547,228.8000030517578,228.52000427246094,228.52000427246094,25050
2026-08-31 14:26:00-04:00,228.76499938964844,228.87730407714844,228.60000610351562,228.77999877929688,12393
2026-08-31 14:27:00-04:00,229.26499938964844,229.35000610351562,228.72500610351562,228.76499938964844,34871
2026-08-31 14:28:00-04:00,229.34500122070312,229.5,229.20010375976562,229.32000732421875,29456
2026-08-31 14:29:00-04:00,228.94000244140625,229.27999877929688,228.88900756835938,229.25999450683594,20872
2026-08-31 14:30:00-04:00,228.63499450683594,228.88999938964844,228.5800018310547,228.86000061035156,11842
2026-08-31 14:31:00-04:00,228.64999389648438,228.64999389648438,228.47999572753906,228.60499572753906,13244
2026-08-31 14:32:00-04:00,228.56239318847656,228.73500061035156,228.56190490722656,228.66000366210938,11838
2026-08-31 14:33:00-04:00,228.62510681152344,228.7310028076172,228.4499969482422,228.61000061035156,15066
2026-08-31 14:34:00-04:00,228.4499969482422,228.74000549316406,228.38999938964844,228.6300048828125,19451
2026-08-31 14:35:00-04:00,228.60000610351562,228.7899932861328,228.45010375976562,228.4600067138672,11494
2026-08-31 14:36:00-04:00,228.5800018310547,228.77999877929688,228.47000122070312,228.53219604492188,16987
2026-08-31 14:37:00-04:00,228.50999450683594,228.6300048828125,228.50999450683594,228.5800018310547,24047
2026-08-31 14:38:00-04:00,228.44000244140625,228.5399932861328,228.38999938964844,228.47999572753906,11213
2026-08-31 14:39:00-04:00,228.3000030517578,228.4949951171875,228.3000030517578,228.4600067138672,12627
2026-08-31 14:40:00-04:00,228.3300018310547,228.4199981689453,228.27999877929688,228.36000061035156,9428
2026-08-31 14:41:00-04:00,228.35000610351562,228.44000244140625,228.27000427246094,228.35499572753906,10080
2026-08-31 14:42:00-04:00,228.0500030517578,228.3520050048828,228.0500030517578,228.3300018310547,16731
2026-08-31 14:43:00-04:00,228.1699981689453,228.3054962158203,228.0,228.08999633789062,22150
2026-08-31 14:44:00-04:00,228.53500366210938,228.5399932861328,228.17999267578125,228.18499755859375,26414
2026-08-31 14:45:00-04:00,228.610107421875,228.7097930908203,228.38999938964844,228.52000427246094,10118
2026-08-31 14:46:00-04:00,228.82000732421875,228.8300018310547,228.61000061035156,228.66000366210938,9775
2026-08-31 14:47:00-04:00,228.88999938964844,228.88999938964844,228.77999877929688,228.8300018310547,15419
2026-08-31 14:48:00-04:00,229.0601043701172,229.07000732421875,228.8699951171875,228.93499755859375,12933
2026-08-31 14:49:00-04:00,228.875,229.04150390625,228.77000427246094,229.04150390625,11328
2026-08-31 14:50:00-04:00,228.9149932861328,228.97999572753906,228.82000732421875,228.875,8110
2026-08-31 14:51:00-04:00,228.7899932861328,228.98959350585938,228.7303924560547,228.9149932861328,12188
2026-08-31 14:52:00-04:00,228.96609497070312,228.99000549316406,228.6300048828125,228.85000610351562,15501
2026-08-31 14:53:00-04:00,228.94000244140625,229.0500030517578,228.85000610351562,228.9600067138672,13037
2026-08-31 14:54:00-04:00,229.11000061035156,229.12950134277344,228.88999938964844,228.9698944091797,10848
2026-08-31 14:55:00-04:00,229.09010314941406,229.24000549316406,229.0,229.11000061035156,31566
2026-08-31 14:56:00-04:00,229.33999633789062,229.3480987548828,229.0001983642578,229.13999938964844,17873
2026-08-31 14:57:00-04:00,229.18499755859375,229.33999633789062,229.1300048828125,229.33999633789062,12166
2026-08-31 14:58:00-04:00,229.11000061035156,229.19540405273438,228.91000366210938,229.18499755859375,22751
2026-08-31 14:59:00-04:00,228.9949951171875,229.1195068359375,228.91000366210938,229.0749969482422,15494
2026-08-31 15:00:00-04:00,229.1999969482422,229.22500610351562,228.9949951171875,228.9949951171875,20272
2026-08-31 15:01:00-04:00,229.02999877929688,229.4499053955078,228.9600067138672,229.1999969482422,29725
2026-08-31 15:02:00-04:00,229.1779022216797,229.3699951171875,229.0,229.0,14212
2026-08-31 15:03:00-04:00,229.25999450683594,229.38999938964844,229.16009521484375,229.22000122070312,20619
2026-08-31 15:04:00-04:00,229.38999938964844,229.47999572753906,229.25999450683594,229.25999450683594,13993
2026-08-31 15:05:00-04:00,229.4152069091797,229.47999572753906,229.23260498046875,229.30999755859375,22464
2026-08-31 15:06:00-04:00,229.1699981689453,229.47999572753906,229.16000366210938,229.37350463867188,27101
2026-08-31 15:07:00-04:00,229.30499267578125,229.31500244140625,229.1300048828125,229.13999938964844,13168
2026-08-31 15:08:00-04:00,229.38999938964844,229.4199981689453,229.28770446777344,229.31500244140625,13873
2026-08-31 15:09:00-04:00,229.72999572753906,229.72999572753906,229.3105010986328,229.4199981689453,22019
2026-08-31 15:10:00-04:00,229.51499938964844,229.77999877929688,229.47999572753906,229.72000122070312,21534
2026-08-31 15:11:00-04:00,229.60000610351562,229.61000061035156,229.4199981689453,229.4600067138672,13664
2026-08-31 15:12:00-04:00,229.7050018310547,229.75,229.6179962158203,229.6179962158203,13814
2026-08-31 15:13:00-04:00,229.64999389648438,229.75,229.55999755859375,229.7100067138672,14089
2026-08-31 15:14:00-04:00,229.6649932861328,229.72999572753906,229.58999633789062,229.64500427246094,19576
2026-08-31 15:15:00-04:00,229.8800048828125,229.91000366210938,229.5500030517578,229.6300048828125,32937
2026-08-31 15:16:00-04:00,229.92999267578125,230.25,229.81930541992188,229.8800048828125,75713
2026-08-31 15:17:00-04:00,230.2449951171875,230.3300018310547,229.89999389648438,229.9499053955078,22271
2026-08-31 15:18:00-04:00,230.36000061035156,230.389892578125,230.20010375976562,230.2449951171875,15170
2026-08-31 15:19:00-04:00,230.3699951171875,230.55999755859375,230.30999755859375,230.35000610351562,34220
2026-08-31 15:20:00-04:00,230.55999755859375,230.55999755859375,230.36000061035156,230.3800048828125,23611
2026-08-31 15:21:00-04:00,230.66000366210938,230.72000122070312,230.48500061035156,230.5399932861328,23420
2026-08-31 15:22:00-04:00,230.49000549316406,230.88999938964844,230.36000061035156,230.6999969482422,52642
2026-08-31 15:23:00-04:00,230.02000427246094,230.7198944091797,230.00999450683594,230.52999877929688,38852
2026-08-31 15:24:00-04:00,230.48379516601562,230.64500427246094,230.0500030517578,230.05499267578125,57512
2026-08-31 15:25:00-04:00,230.13499450683594,230.5500030517578,230.13499450683594,230.44000244140625,25211
2026-08-31 15:26:00-04:00,230.47000122070312,230.49679565429688,230.10000610351562,230.13499450683594,16195
2026-08-31 15:27:00-04:00,230.86000061035156,230.92990112304688,230.25,230.4250030517578,20288
2026-08-31 15:28:00-04:00,230.89999389648438,230.9694061279297,230.77999877929688,230.875,29761
2026-08-31 15:29:00-04:00,231.02499389648438,231.1300048828125,230.79010009765625,230.8800048828125,52412
2026-08-31 15:30:00-04:00,230.6999969482422,231.11000061035156,230.63400268554688,231.02499389648438,44995
2026-08-31 15:31:00-04:00,230.60000610351562,230.82000732421875,230.35130310058594,230.6999969482422,30363
2026-08-31 15:32:00-04:00,230.4600067138672,230.64999389648438,230.42999267578125,230.59500122070312,25949
2026-08-31 15:33:00-04:00,230.64999389648438,230.67990112304688,230.42999267578125,230.47999572753906,26822
2026-08-31 15:34:00-04:00,230.77999877929688,230.8699951171875,230.57009887695312,230.64999389648438,24251
2026-08-31 15:35:00-04:00,230.5800018310547,230.77999877929688,230.14999389648438,230.77499389648438,61447
2026-08-31 15:36:00-04:00,230.22999572753906,230.6699981689453,230.22999572753906,230.5500030517578,34666
2026-08-31 15:37:00-04:00,230.27000427246094,230.39999389648438,230.17999267578125,230.2449951171875,43232
2026-08-31 15:38:00-04:00,230.66000366210938,230.7050018310547,230.27000427246094,230.27000427246094,22922
2026-08-31 15:39:00-04:00,230.5449981689453,230.86000061035156,230.41000366210938,230.66000366210938,31584
2026-08-31 15:40:00-04:00,229.88999938964844,230.5449981689453,229.83009338378906,230.5449981689453,50294
2026-08-31 15:41:00-04:00,229.50999450683594,230.02999877929688,229.42999267578125,229.92999267578125,46626
2026-08-31 15:42:00-04:00,229.77499389648438,229.889892578125,229.47000122070312,229.5050048828125,44920
2026-08-31 15:43:00-04:00,229.77999877929688,229.85000610351562,229.55999755859375,229.7100067138672,33431
2026-08-31 15:44:00-04:00,230.41000366210938,230.4799041748047,229.76499938964844,229.76499938964844,44702
2026-08-31 15:45:00-04:00,230.5500030517578,230.8249969482422,230.42999267578125,230.47999572753906,39312
2026-08-31 15:46:00-04:00,230.5449981689453,230.60000610351562,230.30999755859375,230.50999450683594,41755
2026-08-31 15:47:00-04:00,230.4949951171875,230.5500030517578,230.3800048828125,230.5449981689453,30337
2026-08-31 15:48:00-04:00,230.77999877929688,230.77999877929688,230.44000244140625,230.50999450683594,35553
2026-08-31 15:49:00-04:00,230.89500427246094,230.96119689941406,230.69000244140625,230.77000427246094,49920
2026-08-31 15:50:00-04:00,232.28509521484375,232.9199981689453,230.91250610351562,230.92999267578125,214512
2026-08-31 15:51:00-04:00,232.00999450683594,232.44000244140625,231.82049560546875,232.30999755859375,100523
2026-08-31 15:52:00-04:00,231.88999938964844,232.11000061035156,231.7100067138672,232.0500030517578,86288
2026-08-31 15:53:00-04:00,231.4499969482422,231.97000122070312,231.35000610351562,231.968994140625,77184
2026-08-31 15:54:00-04:00,232.19000244140625,232.55999755859375,231.2200927734375,231.42999267578125,172651
2026-08-31 15:55:00-04:00,231.67999267578125,232.3524932861328,230.83999633789062,232.22999572753906,139560
2026-08-31 15:56:00-04:00,230.72000122070312,231.64999389648438,230.72000122070312,231.63999938964844,143794
2026-08-31 15:57:00-04:00,230.90899658203125,231.08999633789062,230.69000244140625,230.72999572753906,140580
2026-08-31 15:58:00-04:00,230.9600067138672,230.97000122070312,230.77999877929688,230.86000061035156,125269
2026-08-31 15:59:00-04:00,231.0399932861328,231.19000244140625,230.86000061035156,230.968994140625,348193
2026-09-01 09:30:00-04:00,229.89999389648438,231.29859924316406,228.0500030517578,228.1875,487878
2026-09-01 09:31:00-04:00,226.55999755859375,230.99989318847656,226.3300018310547,229.62429809570312,137733
2026-09-01 09:32:00-04:00,229.02499389648438,229.17999267578125,226.52000427246094,226.5592041015625,66108
2026-09-01 09:33:00-04:00,227.7899932861328,229.33140563964844,227.14999389648438,229.33140563964844,47884
2026-09-01 09:34:00-04:00,226.86500549316406,227.5500946044922,225.82000732421875,227.5500946044922,74638
2026-09-01 09:35:00-04:00,225.75010681152344,227.64500427246094,225.67999267578125,226.99989318847656,61558
2026-09-01 09:36:00-04:00,226.27000427246094,226.80380249023438,225.75999450683594,225.77999877929688,71002
2026-09-01 09:37:00-04:00,227.19000244140625,227.49000549316406,226.24000549316406,226.41380310058594,55415
2026-09-01 09:38:00-04:00,225.15499877929688,227.34500122070312,224.2899932861328,227.08009338378906,83206
2026-09-01 09:39:00-04:00,224.07000732421875,225.0,224.00999450683594,224.94000244140625,64464
2026-09-01 09:40:00-04:00,224.08999633789062,225.1699981689453,223.5800018310547,224.10000610351562,70963
2026-09-01 09:41:00-04:00,223.51499938964844,224.1468963623047,222.82000732421875,224.1468963623047,64655
2026-09-01 09:42:00-04:00,223.9199981689453,224.75,223.39999389648438,223.48800659179688,62648
2026-09-01 09:43:00-04:00,224.5500030517578,224.95989990234375,223.97500610351562,223.98500061035156,54899
2026-09-01 09:44:00-04:00,225.2375030517578,225.84689331054688,224.5,224.63999938964844,88556
2026-09-01 09:45:00-04:00,224.49000549316406,225.42999267578125,224.17999267578125,225.19000244140625,84308
2026-09-01 09:46:00-04:00,223.75999450683594,224.7115936279297,223.52000427246094,224.58999633789062,57218
2026-09-01 09:47:00-04:00,222.77999877929688,223.75999450683594,222.73599243164062,223.69000244140625,40646
2026-09-01 09:48:00-04:00,222.97999572753906,223.16000366210938,222.6199951171875,222.77999877929688,33831
2026-09-01 09:49:00-04:00,222.8300018310547,223.05990600585938,222.4510040283203,222.97999572753906,41568
2026-09-01 09:50:00-04:00,221.66000366210938,222.69000244140625,221.5,222.5399932861328,60294
2026-09-01 09:51:00-04:00,221.10499572753906,222.02999877929688,221.00999450683594,221.67999267578125,51232
2026-09-01 09:52:00-04:00,219.87989807128906,221.1999969482422,219.6199951171875,221.10499572753906,96032
2026-09-01 09:53:00-04:00,218.75999450683594,220.0,218.6199951171875,219.77999877929688,83207
2026-09-01 09:54:00-04:00,219.13499450683594,219.27000427246094,218.5500030517578,218.6199951171875,63869
2026-09-01 09:55:00-04:00,219.06500244140625,219.35000610351562,218.84010314941406,219.2100067138672,64951
2026-09-01 09:56:00-04:00,219.27999877929688,219.5,218.82000732421875,219.06500244140625,37016
2026-09-01 09:57:00-04:00,219.2550048828125,219.69000244140625,219.0,219.22500610351562,48370
2026-09-01 09:58:00-04:00,220.42649841308594,220.5,219.19850158691406,219.33999633789062,45889
2026-09-01 09:59:00-04:00,219.80499267578125,221.1898956298828,219.60130310058594,220.49000549316406,65012
2026-09-01 10:00:00-04:00,220.2949981689453,220.3009033203125,219.4199981689453,219.69009399414062,33185
2026-09-01 10:01:00-04:00,220.26690673828125,220.4676055908203,219.9499969482422,220.1999969482422,50092
2026-09-01 10:02:00-04:00,219.77000427246094,220.66000366210938,219.50999450683594,220.1199951171875,40020
2026-09-01 10:03:00-04:00,220.13999938964844,220.13999938964844,219.4199981689453,219.66000366210938,72040
2026-09-01 10:04:00-04:00,219.8350067138672,220.47999572753906,219.80999755859375,220.1741943359375,33681
2026-09-01 10:05:00-04:00,219.63999938964844,220.1750030517578,219.63999938964844,219.8300018310547,31536
2026-09-01 10:06:00-04:00,219.72500610351562,219.80999755859375,219.25010681152344,219.63999938964844,30441
2026-09-01 10:07:00-04:00,219.86000061035156,219.86000061035156,219.1999969482422,219.72000122070312,27091
2026-09-01 10:08:00-04:00,219.1750030517578,219.8249969482422,219.1750030517578,219.8249969482422,19368
2026-09-01 10:09:00-04:00,219.66990661621094,219.72000122070312,218.82000732421875,219.16000366210938,81895
2026-09-01 10:10:00-04:00,219.39999389648438,219.63600158691406,219.2165069580078,219.6199951171875,24559
2026-09-01 10:11:00-04:00,219.0800018310547,219.5,218.8000030517578,219.41000366210938,40050
2026-09-01 10:12:00-04:00,218.48500061035156,219.18499755859375,218.39999389648438,219.13999938964844,46146
2026-09-01 10:13:00-04:00,218.5749969482422,218.86000061035156,218.27999877929688,218.48500061035156,37072
2026-09-01 10:14:00-04:00,218.48989868164062,218.6699981689453,218.13999938964844,218.5399932861328,40938
2026-09-01 10:15:00-04:00,218.6199951171875,218.72999572753906,218.1199951171875,218.49000549316406,34596
2026-09-01 10:16:00-04:00,218.32000732421875,218.75950622558594,218.32000732421875,218.64500427246094,28922
2026-09-01 10:17:00-04:00,218.3000030517578,218.47000122070312,218.10000610351562,218.44000244140625,25865
2026-09-01 10:18:00-04:00,217.89999389648438,218.4600067138672,217.80999755859375,218.30999755859375,52951
2026-09-01 10:19:00-04:00,217.72000122070312,217.97999572753906,217.60000610351562,217.89999389648438,32910
2026-09-01 10:20:00-04:00,217.8699951171875,218.22999572753906,217.69000244140625,217.77000427246094,33870
2026-09-01 10:21:00-04:00,217.99000549316406,218.02000427246094,217.7100067138672,217.9499969482422,26123
2026-09-01 10:22:00-04:00,218.15829467773438,218.1999969482422,217.75999450683594,217.99000549316406,45310
2026-09-01 10:23:00-04:00,217.74000549316406,218.11000061035156,217.6999969482422,218.0399932861328,28743
2026-09-01 10:24:00-04:00,217.14500427246094,217.7100067138672,216.85000610351562,217.7100067138672,78957
2026-09-01 10:25:00-04:00,217.60000610351562,217.6999969482422,217.14500427246094,217.25,30363
2026-09-01 10:26:00-04:00,218.00010681152344,218.2510986328125,217.59500122070312,217.60000610351562,46164
2026-09-01 10:27:00-04:00,217.65499877929688,218.08999633789062,217.4199981689453,218.0,39202
2026-09-01 10:28:00-04:00,216.88499450683594,217.67999267578125,216.57000732421875,217.64999389648438,45995
2026-09-01 10:29:00-04:00,216.49839782714844,216.88499450683594,216.1199951171875,216.88499450683594,63117
2026-09-01 10:30:00-04:00,216.39999389648438,216.55999755859375,216.1999969482422,216.42999267578125,49324
2026-09-01 10:31:00-04:00,216.94000244140625,217.25999450683594,216.19000244140625,216.30999755859375,61021
2026-09-01 10:32:00-04:00,217.3300018310547,217.65199279785156,216.97000122070312,216.97000122070312,37342
2026-09-01 10:33:00-04:00,217.0500030517578,217.32000732421875,217.00999450683594,217.30999755859375,31213
2026-09-01 10:34:00-04:00,216.3300018310547,217.19000244140625,216.25,217.0305938720703,53545
2026-09-01 10:35:00-04:00,216.3699951171875,216.61000061035156,216.14999389648438,216.3105010986328,44930
2026-09-01 10:36:00-04:00,216.42750549316406,216.55999755859375,216.25999450683594,216.3699951171875,15908
2026-09-01 10:37:00-04:00,216.6999969482422,216.6999969482422,216.41000366210938,216.42999267578125,27883
2026-09-01 10:38:00-04:00,216.72500610351562,216.77000427246094,216.4499969482422,216.67999267578125,21617
2026-09-01 10:39:00-04:00,216.9149932861328,217.00999450683594,216.73500061035156,216.75999450683594,27557
2026-09-01 10:40:00-04:00,216.67050170898438,217.10000610351562,216.67050170898438,216.9149932861328,24713
2026-09-01 10:41:00-04:00,216.51499938964844,216.75999450683594,216.42999267578125,216.69000244140625,50887
2026-09-01 10:42:00-04:00,216.64999389648438,216.66000366210938,216.32000732421875,216.57879638671875,45557
2026-09-01 10:43:00-04:00,216.3199005126953,216.61000061035156,216.14999389648438,216.61000061035156,21781
2026-09-01 10:44:00-04:00,215.88999938964844,216.2100067138672,215.8000030517578,216.2100067138672,54162
2026-09-01 10:45:00-04:00,215.80810546875,215.95989990234375,215.5800018310547,215.82009887695312,33956
2026-09-01 10:46:00-04:00,215.52000427246094,215.77999877929688,215.3000030517578,215.67120361328125,40154
2026-09-01 10:47:00-04:00,216.10000610351562,216.1970977783203,214.9499969482422,215.60000610351562,100165
2026-09-01 10:48:00-04:00,216.05999755859375,216.38999938964844,216.00999450683594,216.18980407714844,37194
2026-09-01 10:49:00-04:00,216.0,216.35000610351562,215.94500732421875,216.01499938964844,20439
2026-09-01 10:50:00-04:00,215.55999755859375,216.02000427246094,215.47000122070312,216.01499938964844,20169
2026-09-01 10:51:00-04:00,215.41000366210938,215.60000610351562,215.22000122070312,215.5500030517578,43753
2026-09-01 10:52:00-04:00,215.15499877929688,215.42999267578125,214.9499969482422,215.39500427246094,19539
2026-09-01 10:53:00-04:00,215.17999267578125,215.27999877929688,214.9604949951172,215.17999267578125,25087
2026-09-01 10:54:00-04:00,215.1300048828125,215.2050018310547,214.9199981689453,215.18429565429688,22758
2026-09-01 10:55:00-04:00,215.39999389648438,215.41949462890625,215.16000366210938,215.19000244140625,24539
2026-09-01 10:56:00-04:00,215.38499450683594,215.52999877929688,215.36000061035156,215.39999389648438,21914
2026-09-01 10:57:00-04:00,214.9600067138672,215.44000244140625,214.9600067138672,215.38499450683594,20666
2026-09-01 10:58:00-04:00,214.9499969482422,215.0500030517578,214.61000061035156,214.9199981689453,85741
2026-09-01 10:59:00-04:00,214.84500122070312,215.1999053955078,214.8249969482422,214.93370056152344,22603
2026-09-01 11:00:00-04:00,214.63999938964844,214.94000244140625,214.50999450683594,214.94000244140625,24291
2026-09-01 11:01:00-04:00,214.9499969482422,215.08999633789062,214.61000061035156,214.64999389648438,23858
2026-09-01 11:02:00-04:00,214.85000610351562,214.99000549316406,214.75,214.92999267578125,15843
2026-09-01 11:03:00-04:00,214.88499450683594,215.24000549316406,214.8000030517578,214.8000030517578,18495
2026-09-01 11:04:00-04:00,214.47500610351562,214.89999389648438,214.41000366210938,214.80999755859375,38883
2026-09-01 11:05:00-04:00,214.5050048828125,214.64999389648438,214.4149932861328,214.47999572753906,24674
2026-09-01 11:06:00-04:00,214.21499633789062,214.5,214.1199951171875,214.44000244140625,29242
2026-09-01 11:07:00-04:00,214.47999572753906,214.5800018310547,214.17999267578125,214.21499633789062,60486
2026-09-01 11:08:00-04:00,214.77000427246094,214.77000427246094,214.4600067138672,214.49989318847656,32877
2026-09-01 11:09:00-04:00,214.50369262695312,214.81500244140625,214.4001007080078,214.69000244140625,39974
2026-09-01 11:10:00-04:00,214.47999572753906,214.60000610351562,214.38870239257812,214.47999572753906,16396
2026-09-01 11:11:00-04:00,214.39999389648438,214.7899932861328,214.39999389648438,214.44000244140625,25595
2026-09-01 11:12:00-04:00,214.3300018310547,214.47999572753906,214.27749633789062,214.4499969482422,13639
2026-09-01 11:13:00-04:00,214.48500061035156,214.63999938964844,214.28199768066406,214.3350067138672,17097
2026-09-01 11:14:00-04:00,214.64999389648438,214.75,214.25,214.48500061035156,34403
2026-09-01 11:15:00-04:00,214.41000366210938,214.6999969482422,214.2899932861328,214.6199951171875,24789
2026-09-01 11:16:00-04:00,214.49000549316406,214.6199951171875,214.30999755859375,214.44000244140625,23392
2026-09-01 11:17:00-04:00,214.35000610351562,214.48899841308594,214.2899932861328,214.43960571289062,19416
2026-09-01 11:18:00-04:00,214.3148956298828,214.5800018310547,214.2899932861328,214.3800048828125,20370
2026-09-01 11:19:00-04:00,214.08399963378906,214.32000732421875,214.0605010986328,214.2899932861328,17289
2026-09-01 11:20:00-04:00,213.96499633789062,214.28550720214844,213.8800048828125,214.09500122070312,37042
2026-09-01 11:21:00-04:00,213.9300994873047,214.1699981689453,213.8000030517578,213.9250030517578,22285
2026-09-01 11:22:00-04:00,214.0800018310547,214.125,213.92999267578125,213.98500061035156,18633
2026-09-01 11:23:00-04:00,214.11500549316406,214.17990112304688,213.9821014404297,214.02000427246094,14514
2026-09-01 11:24:00-04:00,214.39500427246094,214.39500427246094,214.02999877929688,214.14999389648438,28710
2026-09-01 11:25:00-04:00,214.3000030517578,214.4499969482422,214.1999969482422,214.41000366210938,20629
2026-09-01 11:26:00-04:00,214.6699981689453,214.67999267578125,214.13999938964844,214.30499267578125,24305
2026-09-01 11:27:00-04:00,214.4600067138672,214.8000030517578,214.35000610351562,214.7100067138672,32428
2026-09-01 11:28:00-04:00,214.30499267578125,214.52000427246094,214.26499938964844,214.4541015625,16266
2026-09-01 11:29:00-04:00,214.25,214.3800048828125,214.1199951171875,214.36000061035156,14714
2026-09-01 11:30:00-04:00,214.49000549316406,214.49000549316406,214.17999267578125,214.27000427246094,14744
2026-09-01 11:31:00-04:00,214.23500061035156,214.4600067138672,214.22000122070312,214.39999389648438,13164
2026-09-01 11:32:00-04:00,214.44000244140625,214.52999877929688,214.24000549316406,214.25999450683594,22347
2026-09-01 11:33:00-04:00,214.5,214.55999755859375,214.3800048828125,214.47000122070312,19718
2026-09-01 11:34:00-04:00,214.5800018310547,214.63999938964844,214.5,214.5155029296875,13603
2026-09-01 11:35:00-04:00,214.47999572753906,214.7899932861328,214.3800048828125,214.5500030517578,37334
2026-09-01 11:36:00-04:00,214.24000549316406,214.49099731445312,214.17999267578125,214.49099731445312,19213
2026-09-01 11:37:00-04:00,214.6280975341797,214.63999938964844,214.1510009765625,214.17999267578125,21893
2026-09-01 11:38:00-04:00,214.67999267578125,214.69000244140625,214.50999450683594,214.55999755859375,21482
2026-09-01 11:39:00-04:00,214.50999450683594,214.69000244140625,214.42999267578125,214.66000366210938,21550
2026-09-01 11:40:00-04:00,214.42999267578125,214.60000610351562,214.33999633789062,214.4600067138672,25606
2026-09-01 11:41:00-04:00,215.11500549316406,215.32000732421875,214.4550018310547,214.4550018310547,58091
2026-09-01 11:42:00-04:00,215.17999267578125,215.22999572753906,214.99000549316406,215.0500030517578,236015
2026-09-01 11:43:00-04:00,215.41990661621094,215.4499053955078,214.9600067138672,215.19810485839844,56091
2026-09-01 11:44:00-04:00,215.14500427246094,215.41990661621094,215.14500427246094,215.41990661621094,25047
2026-09-01 11:45:00-04:00,215.11500549316406,215.31500244140625,215.10000610351562,215.19000244140625,26219
2026-09-01 11:46:00-04:00,214.78500366210938,215.16990661621094,214.78500366210938,215.11000061035156,45043
2026-09-01 11:47:00-04:00,214.86500549316406,214.97999572753906,214.7602996826172,214.78500366210938,14429
2026-09-01 11:48:00-04:00,214.96499633789062,214.99989318847656,214.85000610351562,214.91990661621094,19555
2026-09-01 11:49:00-04:00,214.8350067138672,215.0,214.7801055908203,214.97000122070312,19743
2026-09-01 11:50:00-04:00,214.8699951171875,214.94000244140625,214.62049865722656,214.77999877929688,27862
2026-09-01 11:51:00-04:00,214.52499389648438,215.0,214.50999450683594,214.8699951171875,22445
2026-09-01 11:52:00-04:00,214.36000061035156,214.56320190429688,214.0500030517578,214.5,40491
2026-09-01 11:53:00-04:00,214.5399932861328,214.55999755859375,214.1999969482422,214.3800048828125,26534
2026-09-01 11:54:00-04:00,214.42999267578125,214.5800018310547,214.360107421875,214.5800018310547,13139
2026-09-01 11:55:00-04:00,214.55999755859375,214.6898956298828,214.39999389648438,214.45989990234375,12088
2026-09-01 11:56:00-04:00,214.74000549316406,215.19000244140625,214.55999755859375,214.55999755859375,27132
2026-09-01 11:57:00-04:00,214.80999755859375,214.97999572753906,214.6199951171875,214.7100067138672,12057
2026-09-01 11:58:00-04:00,215.0850067138672,215.11000061035156,214.63999938964844,214.75999450683594,13032
2026-09-01 11:59:00-04:00,215.13999938964844,215.2899932861328,214.97999572753906,215.02999877929688,20484
2026-09-01 12:00:00-04:00,214.61000061035156,215.19000244140625,214.5601043701172,215.10000610351562,18472
2026-09-01 12:01:00-04:00,214.25,214.74989318847656,214.25,214.55999755859375,20926
2026-09-01 12:02:00-04:00,214.53500366210938,214.63999938964844,214.14999389648438,214.25,30372
2026-09-01 12:03:00-04:00,215.08999633789062,215.27000427246094,214.4499969482422,214.53500366210938,32563
2026-09-01 12:04:00-04:00,215.07000732421875,215.1864013671875,215.0399932861328,215.1649932861328,22374
2026-09-01 12:05:00-04:00,214.74000549316406,215.25,214.52000427246094,215.10000610351562,51434
2026-09-01 12:06:00-04:00,214.652099609375,214.83999633789062,214.652099609375,214.74000549316406,11059
2026-09-01 12:07:00-04:00,215.16000366210938,215.20899963378906,214.64999389648438,214.68499755859375,17749
2026-09-01 12:08:00-04:00,214.86000061035156,215.29989624023438,214.82000732421875,215.09500122070312,32041
2026-09-01 12:09:00-04:00,214.8800048828125,215.08999633789062,214.80999755859375,214.80999755859375,11858
2026-09-01 12:10:00-04:00,215.0050048828125,215.05999755859375,214.72999572753906,214.90499877929688,14281
2026-09-01 12:11:00-04:00,215.05999755859375,215.0688018798828,214.85000610351562,214.91000366210938,11302
2026-09-01 12:12:00-04:00,215.03500366210938,215.15499877929688,214.9600067138672,215.02999877929688,14663
2026-09-01 12:13:00-04:00,214.83999633789062,215.03500366210938,214.75010681152344,215.03500366210938,18318
2026-09-01 12:14:00-04:00,214.85499572753906,215.02999877929688,214.72999572753906,214.7949981689453,12605
2026-09-01 12:15:00-04:00,215.01499938964844,215.0998992919922,214.77999877929688,214.91000366210938,15195
2026-09-01 12:16:00-04:00,214.9949951171875,215.13999938964844,214.89010620117188,215.01499938964844,21624
2026-09-01 12:17:00-04:00,215.17999267578125,215.27999877929688,214.88999938964844,214.9739990234375,23544
2026-09-01 12:18:00-04:00,215.22000122070312,215.33999633789062,215.11129760742188,215.17999267578125,24965
2026-09-01 12:19:00-04:00,214.97999572753906,215.4394989013672,214.85000610351562,215.22000122070312,38536
2026-09-01 12:20:00-04:00,214.63999938964844,215.05999755859375,214.59010314941406,214.90499877929688,48945
2026-09-01 12:21:00-04:00,214.71499633789062,214.85000610351562,214.47999572753906,214.63999938964844,27775
2026-09-01 12:22:00-04:00,214.49000549316406,214.74000549316406,214.49000549316406,214.6199951171875,11015
2026-09-01 12:23:00-04:00,214.64500427246094,214.7220001220703,214.47999572753906,214.56979370117188,15197
2026-09-01 12:24:00-04:00,214.76100158691406,214.97000122070312,214.57000732421875,214.63999938964844,15904
2026-09-01 12:25:00-04:00,214.86109924316406,214.99000549316406,214.82000732421875,214.85989379882812,13856
2026-09-01 12:26:00-04:00,214.80999755859375,215.18910217285156,214.8000030517578,214.9149932861328,28907
2026-09-01 12:27:00-04:00,214.6750030517578,214.9199981689453,214.61000061035156,214.80999755859375,14165
2026-09-01 12:28:00-04:00,214.86000061035156,214.92999267578125,214.62010192871094,214.62010192871094,8227
2026-09-01 12:29:00-04:00,214.5500030517578,214.8300018310547,214.5500030517578,214.8300018310547,9761
2026-09-01 12:30:00-04:00,214.22999572753906,214.82000732421875,214.16000366210938,214.61000061035156,31641
2026-09-01 12:31:00-04:00,213.9600067138672,214.27999877929688,213.8800048828125,214.25,45237
2026-09-01 12:32:00-04:00,214.3625030517578,214.4499969482422,213.90499877929688,213.97500610351562,24312
2026-09-01 12:33:00-04:00,214.4499969482422,214.4550018310547,214.24000549316406,214.3000030517578,16000
2026-09-01 12:34:00-04:00,214.32000732421875,214.4499053955078,214.1999969482422,214.44500732421875,12002
2026-09-01 12:35:00-04:00,214.27999877929688,214.5399932861328,214.25,214.30999755859375,24248
2026-09-01 12:36:00-04:00,215.0399932861328,215.49000549316406,214.30499267578125,214.30499267578125,80615
2026-09-01 12:37:00-04:00,214.60499572753906,215.11000061035156,214.27000427246094,215.10000610351562,23167
2026-09-01 12:38:00-04:00,214.4250030517578,215.49000549316406,214.35000610351562,214.52999877929688,54405
2026-09-01 12:39:00-04:00,214.4250030517578,214.5500030517578,214.34010314941406,214.4250030517578,14263
2026-09-01 12:40:00-04:00,214.15499877929688,214.47390747070312,213.86000061035156,214.3800048828125,38113
2026-09-01 12:41:00-04:00,213.9949951171875,214.3199005126953,213.9199981689453,214.0,16146
2026-09-01 12:42:00-04:00,213.9499969482422,214.1300048828125,213.85000610351562,213.9499969482422,22734
2026-09-01 12:43:00-04:00,213.72000122070312,213.97000122070312,213.64999389648438,213.85000610351562,48972
2026-09-01 12:44:00-04:00,213.86000061035156,214.14500427246094,213.66000366210938,213.77000427246094,22464
2026-09-01 12:45:00-04:00,213.6175994873047,214.08999633789062,213.5,213.85000610351562,23049
2026-09-01 12:46:00-04:00,213.5050048828125,213.74000549316406,213.44009399414062,213.63999938964844,17765
2026-09-01 12:47:00-04:00,213.44000244140625,213.75,213.39010620117188,213.57000732421875,21862
2026-09-01 12:48:00-04:00,213.56500244140625,213.7698974609375,213.47999572753906,213.48989868164062,10665
2026-09-01 12:49:00-04:00,213.8300018310547,214.06170654296875,213.49000549316406,213.56500244140625,34115
2026-09-01 12:50:00-04:00,214.02000427246094,214.03140258789062,213.72999572753906,213.86500549316406,17547
2026-09-01 12:51:00-04:00,214.27000427246094,214.28500366210938,214.02999877929688,214.05999755859375,24124
2026-09-01 12:52:00-04:00,214.53500366210938,214.6999969482422,214.1999969482422,214.22169494628906,42970
2026-09-01 12:53:00-04:00,214.80999755859375,214.83999633789062,214.44000244140625,214.52999877929688,27158
2026-09-01 12:54:00-04:00,214.86000061035156,214.90249633789062,214.66000366210938,214.7449951171875,20452
2026-09-01 12:55:00-04:00,215.03500366210938,215.05999755859375,214.72000122070312,214.8000030517578,15490
2026-09-01 12:56:00-04:00,215.44000244140625,215.50999450683594,215.05999755859375,215.05999755859375,46384
2026-09-01 12:57:00-04:00,215.8800048828125,215.92999267578125,215.41000366210938,215.4499969482422,40069
2026-09-01 12:58:00-04:00,215.94000244140625,216.25999450683594,215.83999633789062,215.83999633789062,41633
2026-09-01 12:59:00-04:00,215.9949951171875,216.08999633789062,215.9199981689453,215.94009399414062,24987
2026-09-01 13:00:00-04:00,215.77999877929688,216.0,215.5800018310547,215.97000122070312,19126
2026-09-01 13:01:00-04:00,215.1999969482422,215.82000732421875,215.14999389648438,215.77999877929688,35481
2026-09-01 13:02:00-04:00,215.2100067138672,215.33999633789062,214.8800048828125,215.1759033203125,35660
2026-09-01 13:03:00-04:00,215.35000610351562,215.35000610351562,215.1510009765625,215.2100067138672,15581
2026-09-01 13:04:00-04:00,215.42999267578125,215.5399932861328,215.24000549316406,215.35000610351562,12760
2026-09-01 13:05:00-04:00,215.4199981689453,215.58999633789062,215.38099670410156,215.42999267578125,12177
2026-09-01 13:06:00-04:00,215.3350067138672,215.58999633789062,215.3300018310547,215.3800048828125,14141
2026-09-01 13:07:00-04:00,214.94500732421875,215.3300018310547,214.90679931640625,215.3300018310547,17583
2026-09-01 13:08:00-04:00,214.97999572753906,215.1300048828125,214.76060485839844,214.94500732421875,10756
2026-09-01 13:09:00-04:00,215.13999938964844,215.16270446777344,214.82640075683594,214.88999938964844,10530
2026-09-01 13:10:00-04:00,215.14500427246094,215.23109436035156,215.05999755859375,215.11000061035156,15739
2026-09-01 13:11:00-04:00,215.47000122070312,215.49000549316406,215.11000061035156,215.1699981689453,15996
2026-09-01 13:12:00-04:00,215.56500244140625,215.66749572753906,215.4774932861328,215.49000549316406,21583
2026-09-01 13:13:00-04:00,215.56500244140625,215.91000366210938,215.49349975585938,215.56500244140625,26393
2026-09-01 13:14:00-04:00,215.32000732421875,215.5998992919922,215.25450134277344,215.56500244140625,11823
2026-09-01 13:15:00-04:00,215.2449951171875,215.44000244140625,215.0800018310547,215.32000732421875,22620
2026-09-01 13:16:00-04:00,215.10000610351562,215.33990478515625,214.90499877929688,215.27999877929688,16985
2026-09-01 13:17:00-04:00,215.02999877929688,215.1855926513672,215.00999450683594,215.10000610351562,11211
2026-09-01 13:18:00-04:00,214.83999633789062,215.14999389648438,214.82000732421875,215.0399932861328,22705
2026-09-01 13:19:00-04:00,214.77000427246094,214.89999389648438,214.62350463867188,214.82000732421875,13067
2026-09-01 13:20:00-04:00,214.8300018310547,215.02999877929688,214.80499267578125,214.80499267578125,12316
2026-09-01 13:21:00-04:00,214.74000549316406,214.8800048828125,214.5,214.75100708007812,26661
2026-09-01 13:22:00-04:00,214.6999969482422,214.9698944091797,214.61000061035156,214.8000030517578,11088
2026-09-01 13:23:00-04:00,214.67999267578125,214.85000610351562,214.60000610351562,214.6649932861328,9699
2026-09-01 13:24:00-04:00,214.5800018310547,214.74000549316406,214.35000610351562,214.6699981689453,14930
2026-09-01 13:25:00-04:00,214.55499267578125,214.64999389648438,214.22999572753906,214.5800018310547,14485
2026-09-01 13:26:00-04:00,214.4499969482422,214.5800018310547,214.41000366210938,214.55499267578125,6948
2026-09-01 13:27:00-04:00,214.41250610351562,214.49989318847656,214.3800048828125,214.4149932861328,11683
2026-09-01 13:28:00-04:00,214.38009643554688,214.47999572753906,214.30999755859375,214.47999572753906,9144
2026-09-01 13:29:00-04:00,214.8000030517578,214.92999267578125,214.35000610351562,214.38499450683594,19828
2026-09-01 13:30:00-04:00,215.03500366210938,215.10000610351562,214.8000030517578,214.85000610351562,25444
2026-09-01 13:31:00-04:00,215.22999572753906,215.22999572753906,214.91000366210938,215.06500244140625,18346
2026-09-01 13:32:00-04:00,215.24180603027344,215.3000030517578,215.02049255371094,215.2100067138672,24233
2026-09-01 13:33:00-04:00,215.0850067138672,215.2899932861328,214.91000366210938,215.24000549316406,10719
2026-09-01 13:34:00-04:00,215.11000061035156,215.1999969482422,215.02000427246094,215.10000610351562,6370
2026-09-01 13:35:00-04:00,215.1199951171875,215.16000366210938,215.02000427246094,215.14999389648438,9280
2026-09-01 13:36:00-04:00,215.11000061035156,215.27999877929688,215.0,215.11000061035156,9956
2026-09-01 13:37:00-04:00,215.05999755859375,215.17999267578125,215.0500030517578,215.0800018310547,5656
2026-09-01 13:38:00-04:00,215.44000244140625,215.44000244140625,215.05999755859375,215.125,11980
2026-09-01 13:39:00-04:00,215.05999755859375,215.47999572753906,215.0500030517578,215.47999572753906,11623
2026-09-01 13:40:00-04:00,214.9149932861328,215.02999877929688,214.8699951171875,215.0,11157
2026-09-01 13:41:00-04:00,215.02999877929688,215.14999389648438,214.85000610351562,214.9149932861328,9543
2026-09-01 13:42:00-04:00,215.0399932861328,215.07000732421875,214.92999267578125,215.00999450683594,11119
2026-09-01 13:43:00-04:00,215.02000427246094,215.11000061035156,214.91000366210938,214.9499969482422,10568
2026-09-01 13:44:00-04:00,214.85000610351562,215.02999877929688,214.85000610351562,214.97500610351562,5912
2026-09-01 13:45:00-04:00,214.80499267578125,214.9438018798828,214.7100067138672,214.85000610351562,13825
2026-09-01 13:46:00-04:00,214.60000610351562,214.8699951171875,214.57000732421875,214.8249969482422,9212
2026-09-01 13:47:00-04:00,214.58999633789062,214.6199951171875,214.4199981689453,214.57000732421875,10066
2026-09-01 13:48:00-04:00,214.44000244140625,214.5800018310547,214.44000244140625,214.57000732421875,6250
2026-09-01 13:49:00-04:00,214.42999267578125,214.57000732421875,214.4199981689453,214.4499969482422,3404
2026-09-01 13:50:00-04:00,214.42999267578125,214.47500610351562,214.36000061035156,214.47500610351562,7906
2026-09-01 13:51:00-04:00,214.11000061035156,214.3800048828125,214.00999450683594,214.3800048828125,17238
2026-09-01 13:52:00-04:00,213.7469024658203,214.10499572753906,213.7100067138672,214.10499572753906,34284
2026-09-01 13:53:00-04:00,213.78509521484375,213.8699951171875,213.7100067138672,213.7449951171875,13419
2026-09-01 13:54:00-04:00,213.8350067138672,213.8699951171875,213.7100067138672,213.7100067138672,13506
2026-09-01 13:55:00-04:00,213.8300018310547,213.94000244140625,213.71009826660156,213.8350067138672,13728
2026-09-01 13:56:00-04:00,213.61000061035156,213.9199981689453,213.35000610351562,213.8699951171875,37090
2026-09-01 13:57:00-04:00,213.8000030517578,213.89999389648438,213.61000061035156,213.61000061035156,8378
2026-09-01 13:58:00-04:00,214.02000427246094,214.02000427246094,213.76499938964844,213.77499389648438,12493
2026-09-01 13:59:00-04:00,214.05999755859375,214.27999877929688,214.0301055908203,214.07000732421875,20010
2026-09-01 14:00:00-04:00,214.16000366210938,214.16000366210938,214.02000427246094,214.05999755859375,10368
2026-09-01 14:01:00-04:00,214.0399932861328,214.18980407714844,214.02000427246094,214.1179962158203,10301
2026-09-01 14:02:00-04:00,214.1999969482422,214.24000549316406,214.05999755859375,214.05999755859375,10832
2026-09-01 14:03:00-04:00,214.13009643554688,214.22999572753906,214.11500549316406,214.21499633789062,9068
2026-09-01 14:04:00-04:00,213.9199981689453,214.1199951171875,213.91009521484375,214.1199951171875,10382
2026-09-01 14:05:00-04:00,213.7100067138672,213.99000549316406,213.6699981689453,213.9799041748047,11349
2026-09-01 14:06:00-04:00,213.8000030517578,213.80499267578125,213.66000366210938,213.7100067138672,13164
2026-09-01 14:07:00-04:00,214.1199951171875,214.1199951171875,213.77499389648438,213.77499389648438,12865
2026-09-01 14:08:00-04:00,214.0500030517578,214.17999267578125,214.0301055908203,214.08999633789062,10553
2026-09-01 14:09:00-04:00,213.77000427246094,214.16000366210938,213.7001953125,214.16000366210938,10222
2026-09-01 14:10:00-04:00,214.11000061035156,214.14999389648438,213.6999969482422,213.73500061035156,12119
2026-09-01 14:11:00-04:00,214.3000030517578,214.3000030517578,213.97860717773438,214.07000732421875,13599
2026-09-01 14:12:00-04:00,214.57000732421875,214.64999389648438,214.27499389648438,214.3040008544922,27133
2026-09-01 14:13:00-04:00,214.36500549316406,214.64999389648438,214.36500549316406,214.5500030517578,23788
2026-09-01 14:14:00-04:00,214.35499572753906,214.42999267578125,214.3000030517578,214.33180236816406,7538
2026-09-01 14:15:00-04:00,214.22500610351562,214.36000061035156,214.13999938964844,214.35499572753906,14538
2026-09-01 14:16:00-04:00,213.8699951171875,214.3000030517578,213.80050659179688,214.2100067138672,38758
2026-09-01 14:17:00-04:00,214.00509643554688,214.08999633789062,213.90499877929688,213.92999267578125,19053
2026-09-01 14:18:00-04:00,214.0500030517578,214.05999755859375,213.88999938964844,214.0050048828125,22897
2026-09-01 14:19:00-04:00,214.3300018310547,214.5,214.0500030517578,214.0500030517578,40294
2026-09-01 14:20:00-04:00,214.28500366210938,214.45950317382812,214.1199951171875,214.3300018310547,17970
2026-09-01 14:21:00-04:00,214.4499969482422,214.4698028564453,214.25,214.28500366210938,6464
2026-09-01 14:22:00-04:00,214.6649932861328,214.6999969482422,214.41000366210938,214.44000244140625,17084
2026-09-01 14:23:00-04:00,214.44000244140625,214.75999450683594,214.3699951171875,214.6999969482422,27581
2026-09-01 14:24:00-04:00,214.41000366210938,214.5135040283203,214.3699951171875,214.44500732421875,8762
2026-09-01 14:25:00-04:00,214.44000244140625,214.52999877929688,214.35000610351562,214.41000366210938,9195
2026-09-01 14:26:00-04:00,214.3300018310547,214.4698944091797,214.0850067138672,214.44000244140625,33949
2026-09-01 14:27:00-04:00,214.0850067138672,214.33999633789062,214.02000427246094,214.25,20636
2026-09-01 14:28:00-04:00,213.94000244140625,214.25999450683594,213.85000610351562,214.1199951171875,15927
2026-09-01 14:29:00-04:00,214.00999450683594,214.08999633789062,213.82000732421875,213.94000244140625,14762
2026-09-01 14:30:00-04:00,213.89999389648438,214.0,213.8000030517578,213.93499755859375,9387
2026-09-01 14:31:00-04:00,213.69009399414062,213.89999389648438,213.60000610351562,213.89999389648438,27063
2026-09-01 14:32:00-04:00,213.60499572753906,213.8800048828125,213.58999633789062,213.68499755859375,17783
2026-09-01 14:33:00-04:00,213.3000030517578,213.63999938964844,213.10000610351562,213.63999938964844,44983
2026-09-01 14:34:00-04:00,212.83999633789062,213.27499389648438,212.7899932861328,213.22999572753906,46883
2026-09-01 14:35:00-04:00,212.8300018310547,212.89999389648438,212.64999389648438,212.80999755859375,28511
2026-09-01 14:36:00-04:00,212.89500427246094,212.9499969482422,212.77999877929688,212.80999755859375,16647
2026-09-01 14:37:00-04:00,212.99000549316406,212.99000549316406,212.85000610351562,212.8699951171875,17082
2026-09-01 14:38:00-04:00,213.22000122070312,213.22000122070312,212.8000030517578,212.9600067138672,40807
2026-09-01 14:39:00-04:00,212.92999267578125,213.2100067138672,212.89999389648438,213.20950317382812,13579
2026-09-01 14:40:00-04:00,213.38999938964844,213.38999938964844,212.91000366210938,212.91200256347656,22560
2026-09-01 14:41:00-04:00,213.3300018310547,213.53500366210938,213.29510498046875,213.38499450683594,16782
2026-09-01 14:42:00-04:00,213.26499938964844,213.39999389648438,213.25,213.29049682617188,11866
2026-09-01 14:43:00-04:00,213.1199951171875,213.30999755859375,213.11000061035156,213.2899932861328,23718
2026-09-01 14:44:00-04:00,213.18499755859375,213.22999572753906,213.00999450683594,213.19000244140625,27314
2026-09-01 14:45:00-04:00,212.99000549316406,213.19410705566406,212.89999389648438,213.1300048828125,16373
2026-09-01 14:46:00-04:00,213.06350708007812,213.27999877929688,212.97000122070312,212.97500610351562,39463
2026-09-01 14:47:00-04:00,213.27000427246094,213.39999389648438,213.1300048828125,213.1699981689453,18713
2026-09-01 14:48:00-04:00,213.1699981689453,213.33999633789062,213.10000610351562,213.33999633789062,18812
2026-09-01 14:49:00-04:00,213.27000427246094,213.27000427246094,213.1300048828125,213.1999969482422,18063
2026-09-01 14:50:00-04:00,213.17999267578125,213.30999755859375,213.1699981689453,213.3000030517578,22689
2026-09-01 14:51:00-04:00,213.10000610351562,213.25990295410156,213.06019592285156,213.1750030517578,24264
2026-09-01 14:52:00-04:00,213.0321044921875,213.22999572753906,213.00559997558594,213.09500122070312,16376
2026-09-01 14:53:00-04:00,212.9550018310547,213.0780029296875,212.80999755859375,213.0399932861328,20155
2026-09-01 14:54:00-04:00,212.9550018310547,213.02999877929688,212.91000366210938,212.9550018310547,11674
2026-09-01 14:55:00-04:00,213.3800048828125,213.3800048828125,212.88999938964844,212.9250030517578,35132
2026-09-01 14:56:00-04:00,213.83999633789062,213.85000610351562,213.375,213.38999938964844,30057
2026-09-01 14:57:00-04:00,213.75,213.88999938964844,213.72000122070312,213.85000610351562,21221
2026-09-01 14:58:00-04:00,213.71499633789062,213.88999938964844,213.54010009765625,213.69000244140625,19941
2026-09-01 14:59:00-04:00,213.9698944091797,213.9698944091797,213.6199951171875,213.69500732421875,13053
2026-09-01 15:00:00-04:00,214.07000732421875,214.2050018310547,213.88729858398438,213.97000122070312,18962
2026-09-01 15:01:00-04:00,214.18499755859375,214.33900451660156,214.05999755859375,214.09500122070312,26614
2026-09-01 15:02:00-04:00,214.01499938964844,214.25999450683594,213.9600067138672,214.24000549316406,14509
2026-09-01 15:03:00-04:00,213.77999877929688,214.02000427246094,213.74000549316406,214.00999450683594,12458
2026-09-01 15:04:00-04:00,213.65499877929688,213.7899932861328,213.6324005126953,213.67999267578125,12135
2026-09-01 15:05:00-04:00,213.47999572753906,213.6999969482422,213.4600067138672,213.63999938964844,14244
2026-09-01 15:06:00-04:00,213.44500732421875,213.75,213.44000244140625,213.5,27678
2026-09-01 15:07:00-04:00,213.42100524902344,213.5500030517578,213.41180419921875,213.47999572753906,8561
2026-09-01 15:08:00-04:00,213.489501953125,213.49000549316406,213.30999755859375,213.47000122070312,17944
2026-09-01 15:09:00-04:00,213.49000549316406,213.6199951171875,213.4499969482422,213.4550018310547,16511
2026-09-01 15:10:00-04:00,213.6782989501953,213.74000549316406,213.35000610351562,213.4600067138672,22357
2026-09-01 15:11:00-04:00,213.77999877929688,213.85000610351562,213.5800018310547,213.72000122070312,13915
2026-09-01 15:12:00-04:00,213.6649932861328,213.826904296875,213.64999389648438,213.8000030517578,14440
2026-09-01 15:13:00-04:00,213.83999633789062,213.8699951171875,213.5500946044922,213.6699981689453,19981
2026-09-01 15:14:00-04:00,214.27999877929688,214.32000732421875,213.8300018310547,213.83999633789062,25071
2026-09-01 15:15:00-04:00,214.2100067138672,214.30999755859375,214.0800018310547,214.27000427246094,28486
2026-09-01 15:16:00-04:00,214.22000122070312,214.30999755859375,214.0200958251953,214.21499633789062,21306
2026-09-01 15:17:00-04:00,214.1999969482422,214.3000030517578,214.1199951171875,214.2100067138672,19545
2026-09-01 15:18:00-04:00,214.22900390625,214.42999267578125,214.13999938964844,214.2100067138672,26011
2026-09-01 15:19:00-04:00,214.35499572753906,214.38999938964844,214.19000244140625,214.2050018310547,17839
2026-09-01 15:20:00-04:00,213.9550018310547,214.389892578125,213.9499969482422,214.3300018310547,17309
2026-09-01 15:21:00-04:00,214.10499572753906,214.19000244140625,213.9600067138672,213.9600067138672,18889
2026-09-01 15:22:00-04:00,214.11000061035156,214.17999267578125,214.00999450683594,214.10499572753906,10673
2026-09-01 15:23:00-04:00,214.14999389648438,214.22000122070312,214.02000427246094,214.09500122070312,16253
2026-09-01 15:24:00-04:00,214.14999389648438,214.25,213.9949951171875,214.1699981689453,15257
2026-09-01 15:25:00-04:00,213.9949951171875,214.1999969482422,213.9600067138672,214.10000610351562,21533
2026-09-01 15:26:00-04:00,213.85000610351562,213.97999572753906,213.77000427246094,213.9600067138672,24296
2026-09-01 15:27:00-04:00,213.91000366210938,213.91000366210938,213.6699981689453,213.82000732421875,24774
2026-09-01 15:28:00-04:00,213.8300018310547,213.9499969482422,213.64999389648438,213.91000366210938,15315
2026-09-01 15:29:00-04:00,213.7949981689453,213.94000244140625,213.75999450683594,213.86000061035156,17575
2026-09-01 15:30:00-04:00,213.83999633789062,214.00999450683594,213.77999877929688,213.82000732421875,28245
2026-09-01 15:31:00-04:00,213.91000366210938,213.97999572753906,213.6750030517578,213.75999450683594,21893
2026-09-01 15:32:00-04:00,214.0399932861328,214.19000244140625,213.94000244140625,213.94000244140625,25173
2026-09-01 15:33:00-04:00,213.8699951171875,214.10000610351562,213.85000610351562,214.0876007080078,18809
2026-09-01 15:34:00-04:00,214.19000244140625,214.19000244140625,213.83999633789062,213.8699951171875,19582
2026-09-01 15:35:00-04:00,214.3350067138672,214.35000610351562,213.91029357910156,214.1699981689453,44954
2026-09-01 15:36:00-04:00,214.44500732421875,214.50999450683594,214.12100219726562,214.27999877929688,27784
2026-09-01 15:37:00-04:00,214.5800018310547,214.72999572753906,214.3699951171875,214.4600067138672,27819
2026-09-01 15:38:00-04:00,214.6300048828125,214.78990173339844,214.54010009765625,214.57000732421875,24797
2026-09-01 15:39:00-04:00,214.85000610351562,214.85000610351562,214.60000610351562,214.61000061035156,21229
2026-09-01 15:40:00-04:00,214.8000030517578,214.8300018310547,214.58999633789062,214.8300018310547,25576
2026-09-01 15:41:00-04:00,215.0500030517578,215.11000061035156,214.5500030517578,214.8000030517578,46796
2026-09-01 15:42:00-04:00,214.73500061035156,215.1199951171875,214.72000122070312,215.0850067138672,29172
2026-09-01 15:43:00-04:00,215.24000549316406,215.2449951171875,214.68499755859375,214.72000122070312,25998
2026-09-01 15:44:00-04:00,214.97030639648438,215.21249389648438,214.97000122070312,215.2050018310547,32813
2026-09-01 15:45:00-04:00,215.14999389648438,215.3000030517578,214.99000549316406,215.01499938964844,27987
2026-09-01 15:46:00-04:00,215.08990478515625,215.22000122070312,215.0500030517578,215.1199951171875,27760
2026-09-01 15:47:00-04:00,215.216796875,215.26499938964844,215.05999755859375,215.05999755859375,21704
2026-09-01 15:48:00-04:00,215.35000610351562,215.39999389648438,215.21499633789062,215.21499633789062,26247
2026-09-01 15:49:00-04:00,215.43499755859375,215.5,215.1300048828125,215.3300018310547,37149
2026-09-01 15:50:00-04:00,215.3800048828125,215.42999267578125,215.2698974609375,215.42999267578125,30356
2026-09-01 15:51:00-04:00,215.1999969482422,215.48500061035156,215.1999969482422,215.39999389648438,37671
2026-09-01 15:52:00-04:00,215.375,215.4199981689453,215.1999969482422,215.22999572753906,32639
2026-09-01 15:53:00-04:00,214.8000030517578,215.4398956298828,214.77000427246094,215.3699951171875,74824
2026-09-01 15:54:00-04:00,214.50999450683594,214.99989318847656,214.4813995361328,214.81500244140625,88256
2026-09-01 15:55:00-04:00,214.9199981689453,215.17999267578125,214.50999450683594,214.50999450683594,107738
2026-09-01 15:56:00-04:00,214.8000030517578,214.93499755859375,214.72999572753906,214.9199981689453,67916
2026-09-01 15:57:00-04:00,214.91000366210938,215.0,214.6999969482422,214.80499267578125,79952
2026-09-01 15:58:00-04:00,214.97999572753906,214.97999572753906,214.77999877929688,214.91000366210938,109164
2026-09-01 15:59:00-04:00,215.07000732421875,215.1199951171875,214.9199981689453,214.9600067138672,210145
2026-09-02 09:30:00-04:00,210.41990661621094,214.85000610351562,210.0,214.34500122070312,486235
2026-09-02 09:31:00-04:00,209.8000030517578,212.4199981689453,209.08999633789062,210.35000610351562,108365
2026-09-02 09:32:00-04:00,208.9199981689453,210.22999572753906,208.50999450683594,209.73500061035156,82216
2026-09-02 09:33:00-04:00,208.05999755859375,209.02000427246094,207.38999938964844,208.72999572753906,100005
2026-09-02 09:34:00-04:00,206.87649536132812,208.86000061035156,206.32730102539062,208.05999755859375,109429
2026-09-02 09:35:00-04:00,208.0800018310547,208.47000122070312,206.75999450683594,206.7899932861328,78675
2026-09-02 09:36:00-04:00,207.36000061035156,208.47000122070312,207.08180236816406,207.9199981689453,64526
2026-09-02 09:37:00-04:00,208.0800018310547,208.17999267578125,207.0,207.33200073242188,49790
2026-09-02 09:38:00-04:00,208.7949981689453,208.86000061035156,207.61000061035156,207.97000122070312,47568
2026-09-02 09:39:00-04:00,207.6649932861328,208.8300018310547,207.3105926513672,208.74000549316406,41083
2026-09-02 09:40:00-04:00,208.6699981689453,208.7100067138672,207.54110717773438,207.67999267578125,40714
2026-09-02 09:41:00-04:00,207.3300018310547,208.60499572753906,207.22999572753906,208.60499572753906,54690
2026-09-02 09:42:00-04:00,207.8300018310547,208.36000061035156,207.14999389648438,207.3300018310547,58311
2026-09-02 09:43:00-04:00,207.85499572753906,208.30999755859375,207.2899932861328,207.77000427246094,36258
2026-09-02 09:44:00-04:00,207.39999389648438,208.25,207.3000030517578,207.8800048828125,42850
2026-09-02 09:45:00-04:00,207.11000061035156,207.94000244140625,206.610107421875,207.3800048828125,64945
2026-09-02 09:46:00-04:00,207.14500427246094,207.38999938964844,206.6199951171875,207.27000427246094,49168
2026-09-02 09:47:00-04:00,207.4550018310547,207.70989990234375,207.08999633789062,207.14999389648438,59849
2026-09-02 09:48:00-04:00,208.3625030517578,208.49000549316406,207.2899932861328,207.32000732421875,37660
2026-09-02 09:49:00-04:00,207.9293975830078,208.58999633789062,207.5800018310547,208.47999572753906,40002
2026-09-02 09:50:00-04:00,207.75999450683594,208.05999755859375,207.52000427246094,207.96499633789062,32015
2026-09-02 09:51:00-04:00,206.9499969482422,207.82000732421875,206.75,207.66000366210938,37478
2026-09-02 09:52:00-04:00,206.40330505371094,207.0,206.35000610351562,207.0,59457
2026-09-02 09:53:00-04:00,206.61000061035156,206.94000244140625,206.3300018310547,206.36000061035156,44811
2026-09-02 09:54:00-04:00,207.3000030517578,207.49949645996094,206.3000030517578,206.5,40686
2026-09-02 09:55:00-04:00,207.08999633789062,207.27999877929688,206.72999572753906,207.13999938964844,31531
2026-09-02 09:56:00-04:00,207.05999755859375,207.3509063720703,206.6999969482422,207.08999633789062,55555
2026-09-02 09:57:00-04:00,206.27999877929688,207.24000549316406,206.22000122070312,207.05499267578125,46219
2026-09-02 09:58:00-04:00,205.7550048828125,206.4394989013672,205.5500030517578,206.25,97753
2026-09-02 09:59:00-04:00,205.71499633789062,205.864501953125,205.38999938964844,205.6999969482422,61662
2026-09-02 10:00:00-04:00,205.5,205.80999755859375,205.05050659179688,205.7200927734375,50095
2026-09-02 10:01:00-04:00,205.42999267578125,205.49000549316406,205.0500030517578,205.41000366210938,29483
2026-09-02 10:02:00-04:00,204.58999633789062,205.3699951171875,204.40029907226562,205.32000732421875,58860
2026-09-02 10:03:00-04:00,204.57000732421875,204.80999755859375,204.5,204.6999969482422,31242
2026-09-02 10:04:00-04:00,205.52999877929688,205.7100067138672,204.4600067138672,204.62989807128906,53543
2026-09-02 10:05:00-04:00,205.72000122070312,206.4600067138672,205.47000122070312,205.58999633789062,76185
2026-09-02 10:06:00-04:00,205.69000244140625,205.80999755859375,205.10000610351562,205.6199951171875,206583
2026-09-02 10:07:00-04:00,205.27000427246094,205.77999877929688,205.17999267578125,205.6199951171875,38992
2026-09-02 10:08:00-04:00,205.16510009765625,205.67999267578125,205.08999633789062,205.22999572753906,31827
2026-09-02 10:09:00-04:00,205.3800048828125,205.6300048828125,205.1999969482422,205.24000549316406,25789
2026-09-02 10:10:00-04:00,206.28500366210938,206.41990661621094,205.25379943847656,205.2949981689453,37247
2026-09-02 10:11:00-04:00,206.22500610351562,206.30999755859375,205.72000122070312,206.28500366210938,37918
2026-09-02 10:12:00-04:00,205.8300018310547,206.1199951171875,205.52999877929688,206.1199951171875,29234
2026-09-02 10:13:00-04:00,205.5,205.96929931640625,205.0800018310547,205.81500244140625,27597
2026-09-02 10:14:00-04:00,205.27569580078125,205.85989379882812,204.88999938964844,205.50619506835938,38455
2026-09-02 10:15:00-04:00,205.3699951171875,205.75999450683594,205.05999755859375,205.13999938964844,43713
2026-09-02 10:16:00-04:00,205.3800048828125,205.68389892578125,205.36500549316406,205.38499450683594,16653
2026-09-02 10:17:00-04:00,205.35000610351562,205.63999938964844,205.19000244140625,205.35000610351562,20241
2026-09-02 10:18:00-04:00,205.50999450683594,205.59500122070312,205.1300048828125,205.22000122070312,24504
2026-09-02 10:19:00-04:00,205.6923065185547,205.80999755859375,205.1300048828125,205.5050048828125,20604
2026-09-02 10:20:00-04:00,205.9199981689453,205.97630310058594,205.5749969482422,205.6300048828125,25848
2026-09-02 10:21:00-04:00,206.15499877929688,206.16000366210938,205.5500030517578,205.9199981689453,27481
2026-09-02 10:22:00-04:00,206.52000427246094,206.77999877929688,206.04400634765625,206.07000732421875,40178
2026-09-02 10:23:00-04:00,206.21499633789062,206.6199951171875,206.1999969482422,206.5050048828125,37496
2026-09-02 10:24:00-04:00,206.5,206.52000427246094,206.2200927734375,206.27000427246094,23058
2026-09-02 10:25:00-04:00,206.55499267578125,206.6300048828125,206.30999755859375,206.57000732421875,19418
2026-09-02 10:26:00-04:00,206.92999267578125,206.94000244140625,206.52000427246094,206.55499267578125,27645
2026-09-02 10:27:00-04:00,207.0500030517578,207.13999938964844,206.6999969482422,206.88009643554688,35994
2026-09-02 10:28:00-04:00,207.42129516601562,207.4600067138672,206.89999389648438,207.09500122070312,39362
2026-09-02 10:29:00-04:00,207.72000122070312,207.8800048828125,207.3000030517578,207.3800048828125,54650
2026-09-02 10:30:00-04:00,207.64999389648438,207.8800048828125,207.41000366210938,207.7100067138672,34862
2026-09-02 10:31:00-04:00,206.97000122070312,207.8000030517578,206.66000366210938,207.59500122070312,45444
2026-09-02 10:32:00-04:00,206.8699951171875,207.0998992919922,206.8000030517578,207.0500030517578,19495
2026-09-02 10:33:00-04:00,206.9781036376953,207.02000427246094,206.8000030517578,206.85000610351562,19618
2026-09-02 10:34:00-04:00,207.47000122070312,207.47000122070312,206.8000030517578,206.93499755859375,83717
2026-09-02 10:35:00-04:00,207.22000122070312,207.47000122070312,207.1605987548828,207.4550018310547,10560
2026-09-02 10:36:00-04:00,207.15499877929688,207.3699951171875,207.0399932861328,207.27999877929688,15118
2026-09-02 10:37:00-04:00,206.88999938964844,207.3000030517578,206.88999938964844,207.22999572753906,13202
2026-09-02 10:38:00-04:00,207.0,207.1094970703125,206.7899932861328,206.90499877929688,17387
2026-09-02 10:39:00-04:00,207.1999969482422,207.2899932861328,206.9499969482422,206.9499969482422,14551
2026-09-02 10:40:00-04:00,207.2449951171875,207.30999755859375,207.0850067138672,207.24490356445312,21189
2026-09-02 10:41:00-04:00,207.01499938964844,207.3300018310547,207.01499938964844,207.26499938964844,16506
2026-09-02 10:42:00-04:00,206.9600067138672,207.1051025390625,206.72999572753906,207.07000732421875,24338
2026-09-02 10:43:00-04:00,206.34500122070312,207.08999633789062,206.3300018310547,206.96499633789062,40163
2026-09-02 10:44:00-04:00,206.89999389648438,207.1699981689453,206.35000610351562,206.35000610351562,28920
2026-09-02 10:45:00-04:00,207.0,207.1199951171875,206.67999267578125,206.9185028076172,32670
2026-09-02 10:46:00-04:00,206.64500427246094,207.03179931640625,206.4600067138672,207.03179931640625,14671
2026-09-02 10:47:00-04:00,206.85000610351562,207.05999755859375,206.6699981689453,206.6699981689453,15197
2026-09-02 10:48:00-04:00,206.3800048828125,206.89999389648438,206.3000030517578,206.88999938964844,11733
2026-09-02 10:49:00-04:00,206.30999755859375,206.4600067138672,206.22999572753906,206.3800048828125,11563
2026-09-02 10:50:00-04:00,205.84039306640625,206.3300018310547,205.78480529785156,206.27000427246094,42323
2026-09-02 10:51:00-04:00,206.11000061035156,206.13949584960938,205.75999450683594,205.85000610351562,18453
2026-09-02 10:52:00-04:00,205.91000366210938,205.99000549316406,205.60000610351562,205.99000549316406,16749
2026-09-02 10:53:00-04:00,205.71499633789062,206.1999969482422,205.69000244140625,205.8699951171875,21405
2026-09-02 10:54:00-04:00,205.3000030517578,205.968505859375,205.19000244140625,205.67999267578125,44322
2026-09-02 10:55:00-04:00,204.8699951171875,205.27000427246094,204.69000244140625,205.22509765625,42819
2026-09-02 10:56:00-04:00,204.7449951171875,204.89999389648438,204.6199951171875,204.8699951171875,20248
2026-09-02 10:57:00-04:00,204.70249938964844,204.8000030517578,204.13999938964844,204.75999450683594,47569
2026-09-02 10:58:00-04:00,204.4499969482422,204.6999969482422,204.1999969482422,204.60000610351562,33170
2026-09-02 10:59:00-04:00,204.43499755859375,204.80999755859375,204.22000122070312,204.4600067138672,18479
2026-09-02 11:00:00-04:00,204.8699951171875,204.8699951171875,204.38999938964844,204.38999938964844,20051
2026-09-02 11:01:00-04:00,205.4705047607422,205.72000122070312,204.86000061035156,204.86000061035156,45692
2026-09-02 11:02:00-04:00,205.5500030517578,205.5500030517578,205.07000732421875,205.42999267578125,25422
2026-09-02 11:03:00-04:00,205.55499267578125,205.67999267578125,205.27000427246094,205.5399932861328,25861
2026-09-02 11:04:00-04:00,205.2675018310547,205.57000732421875,205.17999267578125,205.57000732421875,17557
2026-09-02 11:05:00-04:00,205.22999572753906,205.49000549316406,205.15679931640625,205.29359436035156,9770
2026-09-02 11:06:00-04:00,205.41000366210938,205.41000366210938,205.110107421875,205.1699981689453,17515
2026-09-02 11:07:00-04:00,205.47000122070312,205.50999450683594,205.22149658203125,205.4199981689453,8137
2026-09-02 11:08:00-04:00,205.6696014404297,205.78819274902344,205.3000946044922,205.47000122070312,17350
2026-09-02 11:09:00-04:00,205.7449951171875,205.89999389648438,205.61000061035156,205.61000061035156,18596
2026-09-02 11:10:00-04:00,205.44500732421875,205.86000061035156,205.36000061035156,205.77999877929688,10441
2026-09-02 11:11:00-04:00,204.97000122070312,205.53990173339844,204.88999938964844,205.36000061035156,37629
2026-09-02 11:12:00-04:00,205.22000122070312,205.49949645996094,204.75,205.0,22810
2026-09-02 11:13:00-04:00,204.8350067138672,205.28720092773438,204.8000030517578,205.1699981689453,10466
2026-09-02 11:14:00-04:00,204.67999267578125,204.97999572753906,204.67999267578125,204.88999938964844,22099
2026-09-02 11:15:00-04:00,204.88999938964844,204.9698944091797,204.60000610351562,204.69000244140625,18506
2026-09-02 11:16:00-04:00,204.85000610351562,205.02000427246094,204.72000122070312,204.89999389648438,16424
2026-09-02 11:17:00-04:00,205.14999389648438,205.25950622558594,204.72000122070312,204.8350067138672,24144
2026-09-02 11:18:00-04:00,205.13499450683594,205.2039031982422,204.9510040283203,205.17999267578125,17640
2026-09-02 11:19:00-04:00,205.1300048828125,205.14999389648438,204.83999633789062,205.1199951171875,16594
2026-09-02 11:20:00-04:00,205.125,205.39950561523438,204.83999633789062,205.11000061035156,23436
2026-09-02 11:21:00-04:00,204.94000244140625,205.15870666503906,204.94000244140625,205.0399932861328,9988
2026-09-02 11:22:00-04:00,204.72000122070312,205.0800018310547,204.72000122070312,205.0,31678
2026-09-02 11:23:00-04:00,204.6103973388672,204.97999572753906,204.560302734375,204.6999969482422,22365
2026-09-02 11:24:00-04:00,204.47000122070312,204.63999938964844,204.3699951171875,204.60000610351562,28632
2026-09-02 11:25:00-04:00,204.5800018310547,204.66000366210938,204.39999389648438,204.42999267578125,13991
2026-09-02 11:26:00-04:00,204.3300018310547,204.5500030517578,204.1999969482422,204.5500030517578,29600
2026-09-02 11:27:00-04:00,204.10000610351562,204.3350067138672,203.72000122070312,204.3300018310547,56528
2026-09-02 11:28:00-04:00,204.10000610351562,204.14999389648438,203.97999572753906,204.03500366210938,14082
2026-09-02 11:29:00-04:00,203.6699981689453,204.0449981689453,203.5800018310547,204.0,24793
2026-09-02 11:30:00-04:00,203.92999267578125,204.1239013671875,203.625,203.6999969482422,24961
2026-09-02 11:31:00-04:00,204.375,204.4600067138672,203.8699951171875,203.95179748535156,31600
2026-09-02 11:32:00-04:00,204.27499389648438,204.40499877929688,204.10000610351562,204.40499877929688,14459
2026-09-02 11:33:00-04:00,204.15499877929688,204.27499389648438,204.0500030517578,204.27499389648438,9718
2026-09-02 11:34:00-04:00,204.16250610351562,204.22999572753906,204.02000427246094,204.2198944091797,16158
2026-09-02 11:35:00-04:00,204.4199981689453,204.47000122070312,204.0500030517578,204.14999389648438,26178
2026-09-02 11:36:00-04:00,204.51499938964844,204.61000061035156,204.4199981689453,204.47000122070312,12859
2026-09-02 11:37:00-04:00,204.5,204.56410217285156,204.3800048828125,204.50999450683594,10406
2026-09-02 11:38:00-04:00,204.67999267578125,204.67999267578125,204.42999267578125,204.5,10262
2026-09-02 11:39:00-04:00,204.4918975830078,204.85000610351562,204.4918975830078,204.67999267578125,20525
2026-09-02 11:40:00-04:00,204.64500427246094,204.77999877929688,204.55999755859375,204.57000732421875,10853
2026-09-02 11:41:00-04:00,204.44500732421875,204.7386016845703,204.22000122070312,204.63499450683594,21239
2026-09-02 11:42:00-04:00,204.27999877929688,204.5406036376953,204.22999572753906,204.42449951171875,21049
2026-09-02 11:43:00-04:00,204.09500122070312,204.4499969482422,204.0500030517578,204.27999877929688,16979
2026-09-02 11:44:00-04:00,204.3300018310547,204.41000366210938,204.0399932861328,204.0399932861328,13952
2026-09-02 11:45:00-04:00,204.19500732421875,204.4499969482422,204.19500732421875,204.3699951171875,17509
2026-09-02 11:46:00-04:00,204.45260620117188,204.45260620117188,204.19000244140625,204.19000244140625,15949
2026-09-02 11:47:00-04:00,204.46029663085938,204.6999969482422,204.41000366210938,204.4600067138672,19249
2026-09-02 11:48:00-04:00,204.42999267578125,204.6699981689453,204.42999267578125,204.6199951171875,11579
2026-09-02 11:49:00-04:00,204.4499969482422,204.4600067138672,204.28280639648438,204.4199981689453,12295
2026-09-02 11:50:00-04:00,204.2050018310547,204.5399932861328,204.2050018310547,204.44000244140625,25692
2026-09-02 11:51:00-04:00,204.06500244140625,204.33999633789062,204.0399932861328,204.1699981689453,15261
2026-09-02 11:52:00-04:00,204.22000122070312,204.22000122070312,203.92999267578125,204.05999755859375,31682
2026-09-02 11:53:00-04:00,204.22000122070312,204.36239624023438,204.1699981689453,204.22999572753906,7273
2026-09-02 11:54:00-04:00,204.16000366210938,204.32000732421875,204.0399932861328,204.22000122070312,17443
2026-09-02 11:55:00-04:00,204.03500366210938,204.24000549316406,203.9600067138672,204.1199951171875,12204
2026-09-02 11:56:00-04:00,204.08999633789062,204.19000244140625,203.99609375,203.99609375,10153
2026-09-02 11:57:00-04:00,204.22999572753906,204.27000427246094,204.08999633789062,204.08999633789062,16310
2026-09-02 11:58:00-04:00,204.4949951171875,204.5,204.16000366210938,204.20419311523438,12920
2026-09-02 11:59:00-04:00,204.47999572753906,204.52000427246094,204.33360290527344,204.4949951171875,13047
2026-09-02 12:00:00-04:00,204.38999938964844,204.73500061035156,204.3300018310547,204.47999572753906,27358
2026-09-02 12:01:00-04:00,204.1405029296875,204.6999969482422,204.1405029296875,204.40499877929688,28754
2026-09-02 12:02:00-04:00,204.11500549316406,204.19500732421875,203.92999267578125,204.17990112304688,16761
2026-09-02 12:03:00-04:00,204.05999755859375,204.1898956298828,204.0200958251953,204.10000610351562,7179
2026-09-02 12:04:00-04:00,204.3350067138672,204.35000610351562,204.0200958251953,204.05999755859375,8443
2026-09-02 12:05:00-04:00,204.41990661621094,204.50999450683594,204.25999450683594,204.28500366210938,13464
2026-09-02 12:06:00-04:00,203.80160522460938,204.4550018310547,203.72000122070312,204.4550018310547,26108
2026-09-02 12:07:00-04:00,203.75,203.9199981689453,203.6999969482422,203.83999633789062,14562
2026-09-02 12:08:00-04:00,203.8249969482422,203.91000366210938,203.69000244140625,203.71499633789062,21456
2026-09-02 12:09:00-04:00,203.75999450683594,203.8800048828125,203.6999969482422,203.80999755859375,15689
2026-09-02 12:10:00-04:00,203.92999267578125,204.00950622558594,203.6999969482422,203.77999877929688,24837
2026-09-02 12:11:00-04:00,203.7449951171875,204.00999450683594,203.6699981689453,203.90499877929688,15859
2026-09-02 12:12:00-04:00,203.66000366210938,203.80999755859375,203.6199951171875,203.7449951171875,16545
2026-09-02 12:13:00-04:00,203.9199981689453,203.9199981689453,203.64500427246094,203.64500427246094,10944
2026-09-02 12:14:00-04:00,203.60000610351562,203.97999572753906,203.5,203.8928985595703,22982
2026-09-02 12:15:00-04:00,203.6750030517578,203.72999572753906,203.50010681152344,203.6300048828125,18317
2026-09-02 12:16:00-04:00,203.2899932861328,203.6999969482422,203.19000244140625,203.6999969482422,50660
2026-09-02 12:17:00-04:00,203.64999389648438,203.7100067138672,203.22500610351562,203.2899932861328,25797
2026-09-02 12:18:00-04:00,203.67999267578125,203.74000549316406,203.55999755859375,203.6699981689453,17237
2026-09-02 12:19:00-04:00,203.9290008544922,203.97999572753906,203.5800018310547,203.67979431152344,17959
2026-09-02 12:20:00-04:00,203.95989990234375,203.95989990234375,203.74989318847656,203.89999389648438,15962
2026-09-02 12:21:00-04:00,203.8800048828125,203.94000244140625,203.75,203.94000244140625,15011
2026-09-02 12:22:00-04:00,203.9302978515625,204.00999450683594,203.82000732421875,203.8800048828125,17716
2026-09-02 12:23:00-04:00,204.27499389648438,204.33999633789062,203.94500732421875,203.94500732421875,32547
2026-09-02 12:24:00-04:00,204.0500030517578,204.27499389648438,204.02999877929688,204.27499389648438,12884
2026-09-02 12:25:00-04:00,204.00999450683594,204.13999938964844,204.00999450683594,204.08999633789062,11287
2026-09-02 12:26:00-04:00,204.1199951171875,204.22999572753906,204.0,204.0,16395
2026-09-02 12:27:00-04:00,204.20460510253906,204.2550048828125,204.0,204.0850067138672,10404
2026-09-02 12:28:00-04:00,203.9875030517578,204.19500732421875,203.9084014892578,204.18499755859375,14573
2026-09-02 12:29:00-04:00,203.7899932861328,203.99989318847656,203.75,203.97000122070312,11569
2026-09-02 12:30:00-04:00,203.47999572753906,203.77999877929688,203.47999572753906,203.77999877929688,24590
2026-09-02 12:31:00-04:00,203.67999267578125,203.697998046875,203.4044952392578,203.4600067138672,17463
2026-09-02 12:32:00-04:00,203.39500427246094,203.75,203.39500427246094,203.67999267578125,16764
2026-09-02 12:33:00-04:00,203.27999877929688,203.7100067138672,203.1999969482422,203.39500427246094,57232
2026-09-02 12:34:00-04:00,203.5399932861328,203.55999755859375,203.1999969482422,203.22000122070312,23017
2026-09-02 12:35:00-04:00,203.5,203.5749969482422,203.4250030517578,203.5749969482422,7792
2026-09-02 12:36:00-04:00,203.5050048828125,203.60000610351562,203.5,203.5399932861328,7314
2026-09-02 12:37:00-04:00,203.5800018310547,203.58999633789062,203.46499633789062,203.52110290527344,16034
2026-09-02 12:38:00-04:00,203.375,203.6300048828125,203.375,203.5,18213
2026-09-02 12:39:00-04:00,203.66000366210938,203.6699981689453,203.3800048828125,203.42999267578125,23716
2026-09-02 12:40:00-04:00,203.677001953125,203.75,203.55999755859375,203.66000366210938,10954
2026-09-02 12:41:00-04:00,203.65499877929688,203.84500122070312,203.58999633789062,203.6649932861328,12576
2026-09-02 12:42:00-04:00,203.37010192871094,203.69500732421875,203.30999755859375,203.69500732421875,14110
2026-09-02 12:43:00-04:00,203.2449951171875,203.47000122070312,203.2449951171875,203.3800048828125,9549
2026-09-02 12:44:00-04:00,203.06500244140625,203.2449951171875,203.0500030517578,203.2449951171875,12762
2026-09-02 12:45:00-04:00,203.19000244140625,203.24000549316406,202.9199981689453,203.06500244140625,46536
2026-09-02 12:46:00-04:00,203.3800048828125,203.3800048828125,203.18499755859375,203.18499755859375,20514
2026-09-02 12:47:00-04:00,203.32000732421875,203.4199981689453,203.22500610351562,203.38999938964844,23327
2026-09-02 12:48:00-04:00,203.1999969482422,203.36590576171875,203.15499877929688,203.35499572753906,19445
2026-09-02 12:49:00-04:00,203.14999389648438,203.3000030517578,203.14999389648438,203.1699981689453,13932
2026-09-02 12:50:00-04:00,202.72999572753906,203.17999267578125,202.6999969482422,203.1699981689453,36212
2026-09-02 12:51:00-04:00,202.65499877929688,202.789794921875,202.52000427246094,202.72999572753906,19195
2026-09-02 12:52:00-04:00,202.60499572753906,202.6999969482422,202.5,202.67999267578125,16713
2026-09-02 12:53:00-04:00,202.67999267578125,202.7100067138672,202.5601043701172,202.5800018310547,14275
2026-09-02 12:54:00-04:00,202.43499755859375,202.69000244140625,202.41000366210938,202.64999389648438,16370
2026-09-02 12:55:00-04:00,202.83999633789062,202.85000610351562,202.42999267578125,202.42999267578125,32751
2026-09-02 12:56:00-04:00,202.77999877929688,202.94000244140625,202.75999450683594,202.88499450683594,16878
2026-09-02 12:57:00-04:00,202.8300018310547,202.91000366210938,202.77000427246094,202.79769897460938,7162
2026-09-02 12:58:00-04:00,202.6699981689453,202.8199005126953,202.610107421875,202.77999877929688,8225
2026-09-02 12:59:00-04:00,202.8000030517578,202.8000030517578,202.66000366210938,202.7299041748047,31055
2026-09-02 13:00:00-04:00,202.69500732421875,202.83990478515625,202.5500030517578,202.7899932861328,23888
2026-09-02 13:01:00-04:00,202.8699951171875,202.91000366210938,202.66000366210938,202.74000549316406,9879
2026-09-02 13:02:00-04:00,202.8000030517578,202.91000366210938,202.75,202.91000366210938,6412
2026-09-02 13:03:00-04:00,202.52000427246094,202.84500122070312,202.5,202.77000427246094,16715
2026-09-02 13:04:00-04:00,202.49989318847656,202.51499938964844,202.30999755859375,202.49000549316406,32622
2026-09-02 13:05:00-04:00,202.41000366210938,202.4499969482422,202.27000427246094,202.34010314941406,17030
2026-09-02 13:06:00-04:00,202.19500732421875,202.39999389648438,202.19000244140625,202.38499450683594,31742
2026-09-02 13:07:00-04:00,202.3000030517578,202.3249969482422,202.10000610351562,202.13999938964844,12309
2026-09-02 13:08:00-04:00,202.47000122070312,202.6300048828125,202.22000122070312,202.28500366210938,28200
2026-09-02 13:09:00-04:00,202.66000366210938,202.6999969482422,202.47999572753906,202.49000549316406,13211
2026-09-02 13:10:00-04:00,202.5590057373047,202.75999450683594,202.5399932861328,202.6649932861328,15843
2026-09-02 13:11:00-04:00,202.5749969482422,202.72999572753906,202.5417022705078,202.60000610351562,13491
2026-09-02 13:12:00-04:00,202.61929321289062,202.6199951171875,202.43499755859375,202.55999755859375,14662
2026-09-02 13:13:00-04:00,202.6300048828125,202.68499755859375,202.5749969482422,202.60499572753906,12748
2026-09-02 13:14:00-04:00,202.58999633789062,202.69000244140625,202.5500030517578,202.6300048828125,12020
2026-09-02 13:15:00-04:00,202.5301055908203,202.60000610351562,202.47000122070312,202.5850067138672,17690
2026-09-02 13:16:00-04:00,202.42999267578125,202.6699981689453,202.42999267578125,202.5800018310547,16299
2026-09-02 13:17:00-04:00,202.5399932861328,202.5399932861328,202.3300018310547,202.42379760742188,16458
2026-09-02 13:18:00-04:00,202.39999389648438,202.5500030517578,202.3699951171875,202.5500030517578,7400
2026-09-02 13:19:00-04:00,202.4149932861328,202.42999267578125,202.3000030517578,202.34500122070312,13151
2026-09-02 13:20:00-04:00,202.4550018310547,202.52999877929688,202.39999389648438,202.41409301757812,8514
2026-09-02 13:21:00-04:00,202.60000610351562,202.6199951171875,202.35000610351562,202.4499969482422,16113
2026-09-02 13:22:00-04:00,202.7899932861328,202.83999633789062,202.5800018310547,202.5800018310547,17156
2026-09-02 13:23:00-04:00,203.0299072265625,203.0449981689453,202.7899932861328,202.7899932861328,18563
2026-09-02 13:24:00-04:00,203.02499389648438,203.1199951171875,202.99000549316406,203.0050048828125,24903
2026-09-02 13:25:00-04:00,203.06500244140625,203.09500122070312,203.0,203.0,14387
2026-09-02 13:26:00-04:00,203.10000610351562,203.17999267578125,202.99000549316406,203.0399932861328,23456
2026-09-02 13:27:00-04:00,203.1649932861328,203.1699981689453,203.043701171875,203.10000610351562,8467
2026-09-02 13:28:00-04:00,203.33999633789062,203.49000549316406,203.17999267578125,203.17999267578125,22303
2026-09-02 13:29:00-04:00,203.23500061035156,203.38999938964844,203.14999389648438,203.34500122070312,19419
2026-09-02 13:30:00-04:00,203.5050048828125,203.5800018310547,203.2050018310547,203.2050018310547,23262
2026-09-02 13:31:00-04:00,203.49000549316406,204.0,203.36000061035156,203.4700927734375,35843
2026-09-02 13:32:00-04:00,203.502197265625,203.52999877929688,203.23049926757812,203.44000244140625,15811
2026-09-02 13:33:00-04:00,203.38999938964844,203.50990295410156,203.3300018310547,203.48500061035156,5521
2026-09-02 13:34:00-04:00,203.39999389648438,203.49000549316406,203.30999755859375,203.32000732421875,37894
2026-09-02 13:35:00-04:00,203.3000030517578,203.52999877929688,203.12010192871094,203.36000061035156,15334
2026-09-02 13:36:00-04:00,202.8800048828125,203.1999969482422,202.83999633789062,203.1750030517578,32008
2026-09-02 13:37:00-04:00,202.81979370117188,202.91000366210938,202.7100067138672,202.8300018310547,23557
2026-09-02 13:38:00-04:00,202.64849853515625,202.77999877929688,202.6199951171875,202.75999450683594,19886
2026-09-02 13:39:00-04:00,202.9550018310547,203.0399932861328,202.63999938964844,202.63999938964844,46377
2026-09-02 13:40:00-04:00,203.11000061035156,203.22999572753906,202.94000244140625,202.94000244140625,33821
2026-09-02 13:41:00-04:00,203.06500244140625,203.13999938964844,203.06500244140625,203.11000061035156,9289
2026-09-02 13:42:00-04:00,203.1649932861328,203.25,202.97999572753906,203.0500030517578,18346
2026-09-02 13:43:00-04:00,203.19000244140625,203.44949340820312,203.13999938964844,203.1649932861328,14959
2026-09-02 13:44:00-04:00,203.13999938964844,203.25669860839844,203.07000732421875,203.1199951171875,12049
2026-09-02 13:45:00-04:00,203.2899932861328,203.3699951171875,203.15499877929688,203.19000244140625,10878
2026-09-02 13:46:00-04:00,203.05499267578125,203.3000030517578,203.02999877929688,203.27999877929688,12679
2026-09-02 13:47:00-04:00,203.0399932861328,203.2100067138672,202.8000946044922,203.0500030517578,19591
2026-09-02 13:48:00-04:00,203.00999450683594,203.02999877929688,202.8101043701172,202.9499969482422,7897
2026-09-02 13:49:00-04:00,202.9199981689453,203.0500030517578,202.9199981689453,202.99000549316406,8380
2026-09-02 13:50:00-04:00,203.05999755859375,203.11000061035156,202.8699951171875,202.92999267578125,8495
2026-09-02 13:51:00-04:00,203.22500610351562,203.25999450683594,203.022705078125,203.022705078125,12637
2026-09-02 13:52:00-04:00,202.97999572753906,203.27310180664062,202.92999267578125,203.22500610351562,48045
2026-09-02 13:53:00-04:00,202.7183074951172,203.02000427246094,202.67999267578125,202.96499633789062,9619
2026-09-02 13:54:00-04:00,202.6300048828125,202.72999572753906,202.58999633789062,202.69500732421875,17834
2026-09-02 13:55:00-04:00,202.84849548339844,202.99000549316406,202.47999572753906,202.60000610351562,26693
2026-09-02 13:56:00-04:00,202.44000244140625,202.7899932861328,202.33999633789062,202.7899932861328,17332
2026-09-02 13:57:00-04:00,202.52999877929688,202.60000610351562,202.39999389648438,202.39999389648438,14425
2026-09-02 13:58:00-04:00,202.4499969482422,202.52999877929688,202.3800048828125,202.52999877929688,13135
2026-09-02 13:59:00-04:00,202.34500122070312,202.5,202.3000030517578,202.5,21976
2026-09-02 14:00:00-04:00,202.1300048828125,202.4600067138672,202.11500549316406,202.34500122070312,20969
2026-09-02 14:01:00-04:00,201.875,202.16000366210938,201.8000030517578,202.13999938964844,53764
2026-09-02 14:02:00-04:00,202.0399932861328,202.13999938964844,201.8699951171875,201.89999389648438,50602
2026-09-02 14:03:00-04:00,202.24000549316406,202.24000549316406,202.02749633789062,202.0395050048828,18835
2026-09-02 14:04:00-04:00,202.35499572753906,202.4499969482422,202.13499450683594,202.24000549316406,13190
2026-09-02 14:05:00-04:00,202.52999877929688,202.5399932861328,202.35049438476562,202.35049438476562,12018
2026-09-02 14:06:00-04:00,202.3300018310547,202.50999450683594,202.30999755859375,202.48500061035156,13812
2026-09-02 14:07:00-04:00,202.4550018310547,202.67999267578125,202.41000366210938,202.41000366210938,18412
2026-09-02 14:08:00-04:00,202.3249969482422,202.60000610351562,202.22000122070312,202.39999389648438,13981
2026-09-02 14:09:00-04:00,202.24000549316406,202.35000610351562,202.1699981689453,202.3249969482422,6658
2026-09-02 14:10:00-04:00,202.27499389648438,202.38499450683594,202.1699981689453,202.2100067138672,14629
2026-09-02 14:11:00-04:00,202.18499755859375,202.3699951171875,202.16000366210938,202.2899932861328,9572
2026-09-02 14:12:00-04:00,202.24000549316406,202.25,202.17999267578125,202.18499755859375,9329
2026-09-02 14:13:00-04:00,202.32000732421875,202.38999938964844,202.2100067138672,202.23500061035156,10840
2026-09-02 14:14:00-04:00,202.28500366210938,202.3699951171875,202.2801971435547,202.30999755859375,18301
2026-09-02 14:15:00-04:00,202.47000122070312,202.47999572753906,202.27000427246094,202.27999877929688,35442
2026-09-02 14:16:00-04:00,202.5399932861328,202.63999938964844,202.4550018310547,202.4550018310547,17700
2026-09-02 14:17:00-04:00,202.52000427246094,202.55999755859375,202.33999633789062,202.52000427246094,15068
2026-09-02 14:18:00-04:00,202.32000732421875,202.5850067138672,202.23500061035156,202.51499938964844,28816
2026-09-02 14:19:00-04:00,202.51429748535156,202.52499389648438,202.25,202.36000061035156,20775
2026-09-02 14:20:00-04:00,202.5601043701172,202.67999267578125,202.49000549316406,202.52499389648438,18930
2026-09-02 14:21:00-04:00,202.76109313964844,202.77499389648438,202.5500946044922,202.55999755859375,15895
2026-09-02 14:22:00-04:00,202.80999755859375,202.85000610351562,202.66000366210938,202.77000427246094,23245
2026-09-02 14:23:00-04:00,202.77999877929688,202.82000732421875,202.67999267578125,202.7899932861328,13022
2026-09-02 14:24:00-04:00,202.9199981689453,203.0800018310547,202.7899932861328,202.8300018310547,55233
2026-09-02 14:25:00-04:00,202.86500549316406,203.0198974609375,202.86000061035156,202.9199981689453,52431
2026-09-02 14:26:00-04:00,202.63999938964844,202.89999389648438,202.60009765625,202.86500549316406,13738
2026-09-02 14:27:00-04:00,202.6199951171875,202.7100067138672,202.49000549316406,202.63999938964844,13613
2026-09-02 14:28:00-04:00,202.4600067138672,202.72999572753906,202.4600067138672,202.63499450683594,8191
2026-09-02 14:29:00-04:00,202.27999877929688,202.49000549316406,202.23370361328125,202.46499633789062,13111
2026-09-02 14:30:00-04:00,202.30999755859375,202.30999755859375,202.19000244140625,202.3000030517578,15110
2026-09-02 14:31:00-04:00,202.1300048828125,202.3300018310547,202.1199951171875,202.32000732421875,13756
2026-09-02 14:32:00-04:00,202.11500549316406,202.17990112304688,202.0500030517578,202.14999389648438,9902
2026-09-02 14:33:00-04:00,202.1750030517578,202.2100067138672,202.1300048828125,202.13999938964844,13668
2026-09-02 14:34:00-04:00,202.05999755859375,202.1999969482422,202.05999755859375,202.1999969482422,11495
2026-09-02 14:35:00-04:00,201.7949981689453,202.04989624023438,201.7700958251953,202.0449981689453,28013
2026-09-02 14:36:00-04:00,201.6649932861328,201.80999755859375,201.57000732421875,201.77000427246094,23103
2026-09-02 14:37:00-04:00,201.47000122070312,201.72000122070312,201.47000122070312,201.6999969482422,18966
2026-09-02 14:38:00-04:00,201.30999755859375,201.5399932861328,201.30999755859375,201.49000549316406,25355
2026-09-02 14:39:00-04:00,200.92999267578125,201.39999389648438,200.8800048828125,201.3000030517578,54621
2026-09-02 14:40:00-04:00,200.7550048828125,200.94000244140625,200.64999389648438,200.91000366210938,27063
2026-09-02 14:41:00-04:00,200.8800048828125,200.91000366210938,200.60000610351562,200.7100067138672,31415
2026-09-02 14:42:00-04:00,201.17999267578125,201.25999450683594,200.86000061035156,200.87600708007812,45803
2026-09-02 14:43:00-04:00,201.52499389648438,201.55999755859375,201.1199951171875,201.21249389648438,30675
2026-09-02 14:44:00-04:00,200.95799255371094,201.61000061035156,200.95799255371094,201.52499389648438,23195
2026-09-02 14:45:00-04:00,201.19000244140625,201.27999877929688,201.02000427246094,201.02499389648438,9975
2026-09-02 14:46:00-04:00,201.18499755859375,201.25,201.1009979248047,201.172607421875,11725
2026-09-02 14:47:00-04:00,201.1649932861328,201.24000549316406,201.10049438476562,201.18499755859375,14266
2026-09-02 14:48:00-04:00,201.2050018310547,201.22999572753906,200.99000549316406,201.1649932861328,11988
2026-09-02 14:49:00-04:00,201.29989624023438,201.36000061035156,201.17999267578125,201.2050018310547,14938
2026-09-02 14:50:00-04:00,201.10000610351562,201.28990173339844,201.0500030517578,201.2100067138672,17881
2026-09-02 14:51:00-04:00,201.17999267578125,201.22000122070312,201.0850067138672,201.09500122070312,8062
2026-09-02 14:52:00-04:00,201.11000061035156,201.2100067138672,201.0,201.13999938964844,23511
2026-09-02 14:53:00-04:00,201.01499938964844,201.2050018310547,200.97000122070312,201.11000061035156,33061
2026-09-02 14:54:00-04:00,201.0,201.0399932861328,200.92999267578125,201.01499938964844,13143
2026-09-02 14:55:00-04:00,201.03500366210938,201.0399932861328,200.9600067138672,201.0399932861328,10044
2026-09-02 14:56:00-04:00,200.92999267578125,201.03500366210938,200.85000610351562,201.03500366210938,14730
2026-09-02 14:57:00-04:00,200.86000061035156,201.02000427246094,200.84500122070312,200.9199981689453,13256
2026-09-02 14:58:00-04:00,200.8800048828125,200.97999572753906,200.77999877929688,200.83999633789062,37115
2026-09-02 14:59:00-04:00,200.90499877929688,200.9600067138672,200.77000427246094,200.91000366210938,18858
2026-09-02 15:00:00-04:00,201.60499572753906,201.8699951171875,200.8300018310547,200.8699951171875,57346
2026-09-02 15:01:00-04:00,201.72999572753906,201.72999572753906,201.72999572753906,201.72999572753906,0
