Price,Close,High,Low,Open,Volume
Ticker,DDOG,DDOG,DDOG,DDOG,DDOG
Datetime,,,,,
2026-08-27 09:30:00-04:00,241.22000122070312,241.4250030517578,236.0,239.0,190874
2026-08-27 09:31:00-04:00,240.63999938964844,241.0449981689453,238.82000732421875,238.82000732421875,20247
2026-08-27 09:32:00-04:00,239.88499450683594,241.30999755859375,239.0,240.1699981689453,17009
2026-08-27 09:33:00-04:00,240.55499267578125,240.99200439453125,239.82000732421875,239.88999938964844,10624
2026-08-27 09:34:00-04:00,241.84219360351562,242.15809631347656,240.32000732421875,240.5,55610
2026-08-27 09:35:00-04:00,241.77789306640625,242.35000610351562,241.38999938964844,241.97999572753906,25392
2026-08-27 09:36:00-04:00,242.92739868164062,243.85989379882812,241.78500366210938,241.97999572753906,27071
2026-08-27 09:37:00-04:00,243.4499969482422,243.6649932861328,241.97000122070312,243.14779663085938,12715
2026-08-27 09:38:00-04:00,243.91290283203125,244.13499450683594,243.57000732421875,243.77000427246094,9261
2026-08-27 09:39:00-04:00,243.74000549316406,244.47999572753906,243.32000732421875,244.47999572753906,53846
2026-08-27 09:40:00-04:00,245.13999938964844,245.6300048828125,243.77499389648438,243.86000061035156,20793
2026-08-27 09:41:00-04:00,245.00999450683594,246.02000427246094,244.72999572753906,245.11000061035156,16698
2026-08-27 09:42:00-04:00,244.84500122070312,245.0050048828125,243.8000030517578,244.9250030517578,32183
2026-08-27 09:43:00-04:00,245.92599487304688,245.92599487304688,244.84500122070312,244.99510192871094,5205
2026-08-27 09:44:00-04:00,246.5749969482422,246.99000549316406,245.99000549316406,245.99000549316406,11253
2026-08-27 09:45:00-04:00,245.0800018310547,246.7899932861328,245.0800018310547,246.68539428710938,98940
2026-08-27 09:46:00-04:00,245.0800018310547,245.9600067138672,245.0800018310547,245.9499969482422,44089
2026-08-27 09:47:00-04:00,244.6199951171875,245.1300048828125,244.2449951171875,245.05499267578125,22945
2026-08-27 09:48:00-04:00,244.84500122070312,245.22000122070312,244.6199951171875,244.6199951171875,8084
2026-08-27 09:49:00-04:00,246.5,246.5449981689453,244.8000946044922,244.87249755859375,23761
2026-08-27 09:50:00-04:00,246.65499877929688,247.16000366210938,246.5207061767578,247.0,9265
2026-08-27 09:51:00-04:00,247.77999877929688,248.0,246.92750549316406,246.94500732421875,20400
2026-08-27 09:52:00-04:00,248.30999755859375,248.30999755859375,247.5,247.77999877929688,24917
2026-08-27 09:53:00-04:00,248.2100067138672,248.5,247.64089965820312,248.24000549316406,34092
2026-08-27 09:54:00-04:00,247.82369995117188,248.6999969482422,247.75,248.21499633789062,24812
2026-08-27 09:55:00-04:00,248.4199981689453,248.77000427246094,247.62379455566406,248.27999877929688,16435
2026-08-27 09:56:00-04:00,248.52999877929688,248.85000610351562,247.99000549316406,248.41000366210938,59269
2026-08-27 09:57:00-04:00,248.2512969970703,248.7899932861328,248.16920471191406,248.52999877929688,16264
2026-08-27 09:58:00-04:00,249.4499969482422,249.6999969482422,248.77999877929688,248.77999877929688,32393
2026-08-27 09:59:00-04:00,249.7449951171875,250.4799041748047,249.5449981689453,249.5449981689453,31877
2026-08-27 10:00:00-04:00,249.9550018310547,250.5399932861328,249.7886962890625,249.7949981689453,29257
2026-08-27 10:01:00-04:00,249.99000549316406,251.0,249.76499938964844,250.3300018310547,37465
2026-08-27 10:02:00-04:00,249.54989624023438,250.44500732421875,249.09500122070312,250.0850067138672,40439
2026-08-27 10:03:00-04:00,249.64999389648438,250.2100067138672,248.0,249.33999633789062,26183
2026-08-27 10:04:00-04:00,249.19000244140625,249.8350067138672,248.85000610351562,249.8000030517578,5615
2026-08-27 10:05:00-04:00,249.74000549316406,249.74000549316406,248.88999938964844,249.4499969482422,26938
2026-08-27 10:06:00-04:00,249.69000244140625,250.3000030517578,249.39999389648438,249.47000122070312,9488
2026-08-27 10:07:00-04:00,250.30999755859375,250.30999755859375,249.63499450683594,249.69000244140625,8613
2026-08-27 10:08:00-04:00,248.75,250.41000366210938,248.38999938964844,250.16510009765625,13149
2026-08-27 10:09:00-04:00,248.0500030517578,248.6300048828125,248.02000427246094,248.47999572753906,7590
2026-08-27 10:10:00-04:00,248.99000549316406,248.99000549316406,247.50999450683594,248.52499389648438,20427
2026-08-27 10:11:00-04:00,250.0,250.0,248.69500732421875,248.69500732421875,14018
2026-08-27 10:12:00-04:00,251.8000030517578,251.8000030517578,249.44960021972656,249.99000549316406,57554
2026-08-27 10:13:00-04:00,251.40499877929688,251.99000549316406,251.00999450683594,251.75,46042
2026-08-27 10:14:00-04:00,250.15499877929688,251.75999450683594,249.72999572753906,251.39500427246094,25043
2026-08-27 10:15:00-04:00,249.9700927734375,250.5,249.67999267578125,250.15499877929688,22021
2026-08-27 10:16:00-04:00,249.9949951171875,250.25,249.39500427246094,249.69000244140625,13741
2026-08-27 10:17:00-04:00,249.31500244140625,249.97999572753906,248.84539794921875,249.97999572753906,8703
2026-08-27 10:18:00-04:00,248.78500366210938,249.31500244140625,248.44000244140625,249.31500244140625,14755
2026-08-27 10:19:00-04:00,248.05499267578125,248.80499267578125,247.8000030517578,248.72500610351562,11417
2026-08-27 10:20:00-04:00,247.22999572753906,248.2949981689453,246.82000732421875,248.02999877929688,12269
2026-08-27 10:21:00-04:00,246.94000244140625,247.60000610351562,246.85000610351562,247.22999572753906,13430
2026-08-27 10:22:00-04:00,246.69500732421875,247.4199981689453,246.39999389648438,246.9600067138672,12058
2026-08-27 10:23:00-04:00,246.11000061035156,246.80999755859375,245.92999267578125,246.41000366210938,8800
2026-08-27 10:24:00-04:00,246.00999450683594,246.10499572753906,245.50999450683594,246.10499572753906,10535
2026-08-27 10:25:00-04:00,245.50999450683594,245.72000122070312,245.09500122070312,245.72000122070312,6741
2026-08-27 10:26:00-04:00,245.44000244140625,245.44000244140625,245.05999755859375,245.35000610351562,5049
2026-08-27 10:27:00-04:00,244.36000061035156,245.41000366210938,244.0,245.2550048828125,24123
2026-08-27 10:28:00-04:00,244.40499877929688,244.84500122070312,244.0800018310547,244.31500244140625,9863
2026-08-27 10:29:00-04:00,244.4550018310547,245.02999877929688,244.19000244140625,244.19000244140625,13260
2026-08-27 10:30:00-04:00,244.57749938964844,244.86000061035156,244.0500030517578,244.44000244140625,19652
2026-08-27 10:31:00-04:00,243.47999572753906,244.58999633789062,243.47999572753906,244.58999633789062,5674
2026-08-27 10:32:00-04:00,243.2550048828125,243.71499633789062,242.99000549316406,243.71499633789062,5685
2026-08-27 10:33:00-04:00,243.9199981689453,243.92999267578125,243.41000366210938,243.6300048828125,8507
2026-08-27 10:34:00-04:00,242.77000427246094,243.90499877929688,242.77000427246094,243.90499877929688,8559
2026-08-27 10:35:00-04:00,242.60000610351562,242.92999267578125,242.4499969482422,242.5800018310547,6582
2026-08-27 10:36:00-04:00,243.1300048828125,243.1300048828125,242.47999572753906,242.5399932861328,11987
2026-08-27 10:37:00-04:00,242.88999938964844,243.38999938964844,242.6999969482422,243.0,11448
2026-08-27 10:38:00-04:00,242.8699951171875,242.8699951171875,242.67999267578125,242.7949981689453,2716
2026-08-27 10:39:00-04:00,242.19000244140625,242.7303924560547,242.19000244140625,242.7303924560547,10328
2026-08-27 10:40:00-04:00,242.58999633789062,242.60000610351562,242.1999969482422,242.39999389648438,7193
2026-08-27 10:41:00-04:00,242.94500732421875,242.94500732421875,242.3699951171875,242.3699951171875,2188
2026-08-27 10:42:00-04:00,242.52499389648438,242.92999267578125,242.3800048828125,242.92999267578125,5878
2026-08-27 10:43:00-04:00,242.0399932861328,242.52499389648438,241.9149932861328,242.52499389648438,6310
2026-08-27 10:44:00-04:00,243.51499938964844,243.5800018310547,241.8699951171875,241.9600067138672,15235
2026-08-27 10:45:00-04:00,243.16000366210938,243.5,242.9149932861328,243.4600067138672,5977
2026-08-27 10:46:00-04:00,242.10499572753906,243.0,242.10499572753906,242.97999572753906,35103
2026-08-27 10:47:00-04:00,241.5399932861328,241.72999572753906,241.27999877929688,241.5,4258
2026-08-27 10:48:00-04:00,242.08999633789062,242.08999633789062,241.55999755859375,241.889892578125,4698
2026-08-27 10:49:00-04:00,241.97999572753906,242.02999877929688,241.9499969482422,242.02999877929688,1971
2026-08-27 10:50:00-04:00,242.05499267578125,242.1300048828125,241.90499877929688,242.0500030517578,2181
2026-08-27 10:51:00-04:00,242.5363006591797,242.5363006591797,242.05999755859375,242.05999755859375,4409
2026-08-27 10:52:00-04:00,242.39500427246094,242.65499877929688,242.19000244140625,242.27999877929688,4244
2026-08-27 10:53:00-04:00,242.69000244140625,242.69000244140625,242.3800048828125,242.3800048828125,2521
2026-08-27 10:54:00-04:00,242.67999267578125,242.8699951171875,242.67999267578125,242.6999969482422,2795
2026-08-27 10:55:00-04:00,242.77000427246094,242.97000122070312,242.6999969482422,242.6999969482422,2581
2026-08-27 10:56:00-04:00,243.1199951171875,243.1300048828125,242.5,242.74000549316406,2700
2026-08-27 10:57:00-04:00,243.3925018310547,243.77000427246094,242.97999572753906,242.97999572753906,5330
2026-08-27 10:58:00-04:00,243.5500030517578,243.5500030517578,243.19000244140625,243.3300018310547,5559
2026-08-27 10:59:00-04:00,243.1199951171875,243.37989807128906,243.05999755859375,243.2100067138672,4359
2026-08-27 11:00:00-04:00,243.3800048828125,243.55999755859375,242.89999389648438,242.89999389648438,3503
2026-08-27 11:01:00-04:00,243.77000427246094,244.02699279785156,243.3699951171875,243.57000732421875,11127
2026-08-27 11:02:00-04:00,243.13999938964844,243.72500610351562,243.13999938964844,243.72500610351562,2844
2026-08-27 11:03:00-04:00,243.2050018310547,243.36500549316406,243.05999755859375,243.36000061035156,4464
2026-08-27 11:04:00-04:00,243.7550048828125,243.91000366210938,243.13499450683594,243.13499450683594,6581
2026-08-27 11:05:00-04:00,244.10000610351562,244.11000061035156,243.7050018310547,243.84080505371094,3693
2026-08-27 11:06:00-04:00,243.85000610351562,244.10000610351562,243.80999755859375,244.10000610351562,3311
2026-08-27 11:07:00-04:00,243.47500610351562,243.91000366210938,243.38999938964844,243.85000610351562,6793
2026-08-27 11:08:00-04:00,243.46499633789062,243.5,243.4499969482422,243.4499969482422,2069
2026-08-27 11:09:00-04:00,243.59500122070312,243.80999755859375,243.3800048828125,243.63499450683594,8294
2026-08-27 11:10:00-04:00,243.9600067138672,243.9600067138672,243.60499572753906,243.60499572753906,3603
2026-08-27 11:11:00-04:00,244.02000427246094,244.1300048828125,243.9499969482422,243.9499969482422,2594
2026-08-27 11:12:00-04:00,243.38999938964844,243.875,243.36000061035156,243.875,5477
2026-08-27 11:13:00-04:00,244.1649932861328,244.36000061035156,243.33999633789062,243.38999938964844,15183
2026-08-27 11:14:00-04:00,243.97999572753906,244.05999755859375,243.89039611816406,243.99000549316406,7945
2026-08-27 11:15:00-04:00,244.10049438476562,244.4499053955078,244.0850067138672,244.3000030517578,3725
2026-08-27 11:16:00-04:00,244.24000549316406,244.31190490722656,244.10000610351562,244.31190490722656,7067
2026-08-27 11:17:00-04:00,244.35000610351562,244.5,244.2550048828125,244.41000366210938,4988
2026-08-27 11:18:00-04:00,244.8321990966797,244.97999572753906,244.49000549316406,244.66000366210938,6885
2026-08-27 11:19:00-04:00,244.5850067138672,244.6199951171875,244.3300018310547,244.6199951171875,3101
2026-08-27 11:20:00-04:00,244.68499755859375,244.8300018310547,244.57000732421875,244.57000732421875,1808
2026-08-27 11:21:00-04:00,244.99000549316406,244.99000549316406,244.625,244.625,5064
2026-08-27 11:22:00-04:00,244.97000122070312,244.97500610351562,244.83680725097656,244.83680725097656,1534
2026-08-27 11:23:00-04:00,244.9499969482422,245.22999572753906,244.9499969482422,244.9550018310547,4089
2026-08-27 11:24:00-04:00,244.6300048828125,244.74000549316406,244.57000732421875,244.74000549316406,4575
2026-08-27 11:25:00-04:00,244.5500030517578,244.85000610351562,244.49000549316406,244.6199951171875,5547
2026-08-27 11:26:00-04:00,244.95849609375,244.95849609375,244.5399932861328,244.5800018310547,3244
2026-08-27 11:27:00-04:00,244.85000610351562,245.05999755859375,244.5399932861328,244.91000366210938,7801
2026-08-27 11:28:00-04:00,244.76499938964844,244.9949951171875,244.76499938964844,244.9949951171875,4370
2026-08-27 11:29:00-04:00,244.875,245.10400390625,244.61000061035156,244.9600067138672,12448
2026-08-27 11:30:00-04:00,244.64999389648438,244.86000061035156,244.41749572753906,244.8300018310547,29967
2026-08-27 11:31:00-04:00,244.97000122070312,245.02000427246094,244.6699981689453,244.6699981689453,5574
2026-08-27 11:32:00-04:00,244.97000122070312,245.1699981689453,244.82000732421875,244.97000122070312,14788
2026-08-27 11:33:00-04:00,245.30999755859375,245.4600067138672,244.7899932861328,244.97000122070312,15375
2026-08-27 11:34:00-04:00,244.97500610351562,245.50999450683594,244.9250030517578,245.4600067138672,11269
2026-08-27 11:35:00-04:00,244.64500427246094,244.8699951171875,244.58999633789062,244.8699951171875,8870
2026-08-27 11:36:00-04:00,244.69000244140625,244.7899932861328,244.4550018310547,244.50999450683594,6685
2026-08-27 11:37:00-04:00,244.86000061035156,244.9199981689453,244.61500549316406,244.61500549316406,5477
2026-08-27 11:38:00-04:00,244.6649932861328,244.97000122070312,244.6649932861328,244.86000061035156,4444
2026-08-27 11:39:00-04:00,244.1699981689453,244.65499877929688,244.05999755859375,244.65499877929688,8835
2026-08-27 11:40:00-04:00,244.41000366210938,244.41000366210938,244.05999755859375,244.25999450683594,6055
2026-08-27 11:41:00-04:00,244.2449951171875,244.2449951171875,244.11000061035156,244.11000061035156,1204
2026-08-27 11:42:00-04:00,244.3000030517578,244.39500427246094,244.1699981689453,244.2449951171875,5334
2026-08-27 11:43:00-04:00,243.80999755859375,244.19000244140625,243.7801055908203,244.13999938964844,5704
2026-08-27 11:44:00-04:00,243.9499969482422,244.17999267578125,243.77749633789062,243.84500122070312,7014
2026-08-27 11:45:00-04:00,243.66510009765625,243.97999572753906,243.66510009765625,243.97999572753906,3577
2026-08-27 11:46:00-04:00,243.77499389648438,243.82000732421875,243.6699981689453,243.82000732421875,2711
2026-08-27 11:47:00-04:00,243.63999938964844,243.9499969482422,243.5050048828125,243.75999450683594,7362
2026-08-27 11:48:00-04:00,243.69500732421875,243.77000427246094,243.63499450683594,243.63499450683594,5181
2026-08-27 11:49:00-04:00,243.64999389648438,243.64999389648438,243.57000732421875,243.57000732421875,1470
2026-08-27 11:50:00-04:00,243.63999938964844,243.74000549316406,243.50999450683594,243.50999450683594,3145
2026-08-27 11:51:00-04:00,243.49000549316406,243.64500427246094,243.39999389648438,243.51100158691406,10058
2026-08-27 11:52:00-04:00,243.9149932861328,243.9149932861328,243.49000549316406,243.49000549316406,5336
2026-08-27 11:53:00-04:00,244.0449981689453,244.1199951171875,243.98500061035156,243.98500061035156,3226
2026-08-27 11:54:00-04:00,244.52999877929688,244.52999877929688,243.9949951171875,244.1999969482422,3183
2026-08-27 11:55:00-04:00,244.78500366210938,244.99000549316406,244.41000366210938,244.4149932861328,7765
2026-08-27 11:56:00-04:00,244.72000122070312,244.99000549316406,244.63229370117188,244.6824951171875,4375
2026-08-27 11:57:00-04:00,244.2899932861328,244.61000061035156,244.2899932861328,244.61000061035156,5126
2026-08-27 11:58:00-04:00,244.27499389648438,244.4199981689453,244.27499389648438,244.4199981689453,1968
2026-08-27 11:59:00-04:00,244.10000610351562,244.4600067138672,243.97999572753906,244.1199951171875,4860
2026-08-27 12:00:00-04:00,244.22500610351562,244.22999572753906,244.11000061035156,244.22999572753906,4591
2026-08-27 12:01:00-04:00,243.9199981689453,244.36000061035156,243.9199981689453,244.36000061035156,14443
2026-08-27 12:02:00-04:00,243.875,243.9250030517578,243.74000549316406,243.9250030517578,2891
2026-08-27 12:03:00-04:00,243.9550018310547,244.13499450683594,243.9550018310547,244.06500244140625,2411
2026-08-27 12:04:00-04:00,243.64500427246094,243.7899932861328,243.5,243.60499572753906,4087
2026-08-27 12:05:00-04:00,243.5,243.62249755859375,243.30499267578125,243.5500030517578,8681
2026-08-27 12:06:00-04:00,243.4499969482422,243.6999969482422,243.4499969482422,243.6999969482422,1143
2026-08-27 12:07:00-04:00,243.36000061035156,243.5749969482422,243.33999633789062,243.44000244140625,4992
2026-08-27 12:08:00-04:00,243.14999389648438,243.14999389648438,243.14999389648438,243.14999389648438,1079
2026-08-27 12:09:00-04:00,243.10000610351562,243.41000366210938,243.10000610351562,243.25999450683594,4622
2026-08-27 12:10:00-04:00,243.0800018310547,243.24000549316406,243.07000732421875,243.2050018310547,8188
2026-08-27 12:11:00-04:00,242.99000549316406,243.32000732421875,242.9600067138672,243.1649932861328,3491
2026-08-27 12:12:00-04:00,243.0399932861328,243.17999267578125,242.83999633789062,242.9705047607422,6613
2026-08-27 12:13:00-04:00,243.25,243.25,242.92999267578125,242.92999267578125,851
2026-08-27 12:14:00-04:00,243.22000122070312,243.2449951171875,242.9199981689453,242.92999267578125,7382
2026-08-27 12:15:00-04:00,242.72999572753906,243.32000732421875,242.61500549316406,243.22000122070312,12043
2026-08-27 12:16:00-04:00,243.27749633789062,243.30499267578125,242.8800048828125,242.8800048828125,4383
2026-08-27 12:17:00-04:00,243.1999969482422,243.30349731445312,243.1999969482422,243.30349731445312,4691
2026-08-27 12:18:00-04:00,243.2050018310547,243.2050018310547,243.2050018310547,243.2050018310547,601
2026-08-27 12:19:00-04:00,243.19000244140625,243.33999633789062,243.17999267578125,243.17999267578125,1551
2026-08-27 12:20:00-04:00,242.8800048828125,243.3350067138672,242.8800048828125,243.17999267578125,3056
2026-08-27 12:21:00-04:00,242.80999755859375,242.97999572753906,242.80999755859375,242.97999572753906,1749
2026-08-27 12:22:00-04:00,242.82009887695312,242.96499633789062,242.82009887695312,242.96499633789062,3078
2026-08-27 12:23:00-04:00,243.02000427246094,243.13999938964844,242.8300018310547,242.8699951171875,4941
2026-08-27 12:24:00-04:00,242.8574981689453,242.875,242.82000732421875,242.86000061035156,2284
2026-08-27 12:25:00-04:00,242.86000061035156,242.86000061035156,242.69000244140625,242.69000244140625,1160
2026-08-27 12:26:00-04:00,243.0,243.1199951171875,242.8699951171875,242.8699951171875,3526
2026-08-27 12:27:00-04:00,242.85000610351562,243.05499267578125,242.85000610351562,243.0399932861328,1536
2026-08-27 12:28:00-04:00,242.85000610351562,243.25990295410156,242.85000610351562,243.25990295410156,6110
2026-08-27 12:29:00-04:00,242.80999755859375,242.82000732421875,242.72000122070312,242.72000122070312,1722
2026-08-27 12:30:00-04:00,242.8350067138672,242.84500122070312,242.72000122070312,242.72000122070312,1905
2026-08-27 12:31:00-04:00,243.3699951171875,243.38999938964844,243.0,243.0,4921
2026-08-27 12:32:00-04:00,243.4949951171875,243.58999633789062,243.30499267578125,243.3699951171875,5964
2026-08-27 12:33:00-04:00,243.49000549316406,243.64999389648438,243.4600067138672,243.5,4538
2026-08-27 12:34:00-04:00,243.0800018310547,243.32000732421875,243.0800018310547,243.3000030517578,5145
2026-08-27 12:35:00-04:00,243.30999755859375,243.30999755859375,243.30999755859375,243.30999755859375,2520
2026-08-27 12:36:00-04:00,243.52999877929688,243.52999877929688,243.52999877929688,243.52999877929688,1250
2026-08-27 12:37:00-04:00,243.4149932861328,243.44000244140625,243.4149932861328,243.4250030517578,2327
2026-08-27 12:38:00-04:00,243.6300048828125,244.35000610351562,243.1999969482422,243.33999633789062,10659
2026-08-27 12:39:00-04:00,243.72999572753906,243.72999572753906,243.55999755859375,243.72000122070312,3070
2026-08-27 12:40:00-04:00,243.4947967529297,243.67999267578125,243.4947967529297,243.5399932861328,1837
2026-08-27 12:41:00-04:00,243.5596923828125,243.5596923828125,243.51499938964844,243.51499938964844,2478
2026-08-27 12:42:00-04:00,243.60000610351562,243.7899932861328,243.53500366210938,243.53500366210938,3500
2026-08-27 12:43:00-04:00,243.63999938964844,243.63999938964844,243.58999633789062,243.58999633789062,1148
2026-08-27 12:44:00-04:00,243.38999938964844,243.63499450683594,243.2100067138672,243.6074981689453,6916
2026-08-27 12:45:00-04:00,243.3699951171875,243.38999938964844,243.24000549316406,243.38999938964844,2043
2026-08-27 12:46:00-04:00,243.22999572753906,243.35000610351562,243.1999969482422,243.1999969482422,1371
2026-08-27 12:47:00-04:00,243.4550018310547,243.6199951171875,243.36000061035156,243.36000061035156,3085
2026-08-27 12:48:00-04:00,243.4499969482422,243.6199951171875,243.3300018310547,243.36000061035156,5194
2026-08-27 12:49:00-04:00,243.36000061035156,243.46749877929688,243.36000061035156,243.46749877929688,315
2026-08-27 12:50:00-04:00,243.24000549316406,243.3699951171875,243.24000549316406,243.3699951171875,2608
2026-08-27 12:51:00-04:00,243.1999969482422,243.3699951171875,243.17999267578125,243.35499572753906,4231
2026-08-27 12:52:00-04:00,243.2100067138672,243.22000122070312,243.08999633789062,243.17999267578125,1952
2026-08-27 12:53:00-04:00,243.26499938964844,243.39999389648438,243.2449951171875,243.2550048828125,6398
2026-08-27 12:54:00-04:00,243.11000061035156,243.28500366210938,243.0,243.28500366210938,4757
2026-08-27 12:55:00-04:00,243.02999877929688,243.13499450683594,243.02999877929688,243.08999633789062,1969
2026-08-27 12:56:00-04:00,243.1199951171875,243.2100067138672,243.02999877929688,243.02999877929688,2714
2026-08-27 12:57:00-04:00,243.1699981689453,243.22999572753906,243.14999389648438,243.2100067138672,5104
2026-08-27 12:58:00-04:00,243.22999572753906,243.22999572753906,243.1199951171875,243.1199951171875,3907
2026-08-27 12:59:00-04:00,243.15499877929688,243.17750549316406,243.0800018310547,243.0800018310547,3456
2026-08-27 13:00:00-04:00,243.27999877929688,243.30499267578125,243.15499877929688,243.15499877929688,3576
2026-08-27 13:01:00-04:00,243.46499633789062,243.50999450683594,243.36500549316406,243.4499969482422,3335
2026-08-27 13:02:00-04:00,243.30499267578125,243.30499267578125,243.30499267578125,243.30499267578125,1071
2026-08-27 13:03:00-04:00,243.2100067138672,243.2100067138672,243.1699981689453,243.1699981689453,994
2026-08-27 13:04:00-04:00,243.34500122070312,243.35000610351562,243.22000122070312,243.32000732421875,5576
2026-08-27 13:05:00-04:00,242.86000061035156,243.27999877929688,242.86000061035156,243.27999877929688,4196
2026-08-27 13:07:00-04:00,242.9199981689453,242.96859741210938,242.6999969482422,242.6999969482422,3885
2026-08-27 13:08:00-04:00,242.75999450683594,242.875,242.75999450683594,242.77000427246094,3358
2026-08-27 13:09:00-04:00,242.8800048828125,242.94000244140625,242.86500549316406,242.8699951171875,4646
2026-08-27 13:10:00-04:00,242.83999633789062,242.83999633789062,242.64999389648438,242.75999450683594,4837
2026-08-27 13:11:00-04:00,242.55999755859375,242.85499572753906,242.5399932861328,242.85499572753906,2340
2026-08-27 13:12:00-04:00,242.47500610351562,242.55999755859375,242.41000366210938,242.41000366210938,1053
2026-08-27 13:13:00-04:00,242.32000732421875,242.50999450683594,242.32000732421875,242.50999450683594,1454
2026-08-27 13:14:00-04:00,242.22000122070312,242.3300018310547,242.0,242.30999755859375,12477
2026-08-27 13:15:00-04:00,242.21499633789062,242.21499633789062,242.2100067138672,242.2100067138672,1521
2026-08-27 13:16:00-04:00,242.2200927734375,242.2200927734375,242.0500030517578,242.05999755859375,1215
2026-08-27 13:17:00-04:00,241.8325958251953,242.0500030517578,241.5800018310547,242.0500030517578,9646
2026-08-27 13:18:00-04:00,241.64999389648438,241.64999389648438,241.64999389648438,241.64999389648438,200
2026-08-27 13:19:00-04:00,241.67999267578125,241.80499267578125,241.60499572753906,241.75,9062
2026-08-27 13:20:00-04:00,241.52999877929688,241.8300018310547,241.52999877929688,241.8300018310547,5935
2026-08-27 13:21:00-04:00,241.5500030517578,241.6649932861328,241.5500030517578,241.65499877929688,1783
2026-08-27 13:22:00-04:00,241.91000366210938,242.0,241.66000366210938,241.66000366210938,5136
2026-08-27 13:23:00-04:00,241.6699981689453,242.0500030517578,241.6699981689453,242.0500030517578,4426
2026-08-27 13:24:00-04:00,241.36500549316406,241.58999633789062,241.24000549316406,241.58999633789062,2042
2026-08-27 13:25:00-04:00,241.36000061035156,241.36000061035156,241.22000122070312,241.22999572753906,3994
2026-08-27 13:26:00-04:00,241.2100067138672,241.2200927734375,241.2100067138672,241.2200927734375,1938
2026-08-27 13:28:00-04:00,241.22000122070312,241.22000122070312,241.09500122070312,241.11000061035156,4662
2026-08-27 13:29:00-04:00,241.38999938964844,241.38999938964844,241.13999938964844,241.22000122070312,9703
2026-08-27 13:30:00-04:00,241.60000610351562,241.60000610351562,241.33999633789062,241.41250610351562,6107
2026-08-27 13:31:00-04:00,241.8800048828125,241.8800048828125,241.6699981689453,241.6699981689453,2350
2026-08-27 13:32:00-04:00,241.94000244140625,242.18499755859375,241.8800048828125,241.8800048828125,10490
2026-08-27 13:33:00-04:00,242.01499938964844,242.10000610351562,242.01499938964844,242.10000610351562,1674
2026-08-27 13:34:00-04:00,241.61000061035156,241.85000610351562,241.61000061035156,241.85000610351562,2244
2026-08-27 13:35:00-04:00,241.35000610351562,241.7100067138672,241.27999877929688,241.66009521484375,5623
2026-08-27 13:36:00-04:00,241.35499572753906,241.35499572753906,241.25999450683594,241.25999450683594,2125
2026-08-27 13:37:00-04:00,241.30499267578125,241.35000610351562,241.22000122070312,241.35000610351562,3503
2026-08-27 13:38:00-04:00,241.22999572753906,241.39999389648438,241.22000122070312,241.22000122070312,4007
2026-08-27 13:39:00-04:00,241.22000122070312,241.27999877929688,241.0500030517578,241.1300048828125,9332
2026-08-27 13:40:00-04:00,241.07000732421875,241.21499633789062,241.07000732421875,241.21499633789062,3684
2026-08-27 13:41:00-04:00,241.44000244140625,241.4499969482422,241.23500061035156,241.23500061035156,8352
2026-08-27 13:42:00-04:00,240.97000122070312,241.32000732421875,240.83999633789062,241.32000732421875,6216
2026-08-27 13:43:00-04:00,241.4149932861328,241.4149932861328,240.97000122070312,240.97000122070312,4357
2026-08-27 13:44:00-04:00,241.5800018310547,241.72999572753906,241.4149932861328,241.4149932861328,4520
2026-08-27 13:46:00-04:00,240.8800048828125,241.57000732421875,240.8800048828125,241.57000732421875,4058
2026-08-27 13:47:00-04:00,240.86000061035156,240.93809509277344,240.61000061035156,240.8415985107422,7263
2026-08-27 13:48:00-04:00,240.52000427246094,240.69500732421875,240.30999755859375,240.69500732421875,3774
2026-08-27 13:49:00-04:00,239.66000366210938,240.3000030517578,239.6300048828125,240.11000061035156,9775
2026-08-27 13:50:00-04:00,239.52999877929688,239.77999877929688,239.52999877929688,239.74000549316406,1653
2026-08-27 13:51:00-04:00,240.0800018310547,240.0800018310547,239.50999450683594,239.52999877929688,7998
2026-08-27 13:52:00-04:00,239.6199951171875,240.05999755859375,239.60499572753906,240.05999755859375,16361
2026-08-27 13:53:00-04:00,239.72999572753906,239.72999572753906,239.57000732421875,239.64999389648438,4720
2026-08-27 13:54:00-04:00,240.4199981689453,240.74000549316406,239.97000122070312,239.97000122070312,19578
2026-08-27 13:55:00-04:00,240.7100067138672,240.7100067138672,240.7100067138672,240.7100067138672,2142
2026-08-27 13:56:00-04:00,240.1999969482422,240.1999969482422,240.1999969482422,240.1999969482422,420
2026-08-27 13:57:00-04:00,240.11000061035156,240.50990295410156,240.03500366210938,240.32000732421875,6302
2026-08-27 13:58:00-04:00,239.7899932861328,240.02000427246094,239.7899932861328,240.02000427246094,2285
2026-08-27 13:59:00-04:00,240.14500427246094,240.14500427246094,239.8000030517578,239.8350067138672,7159
2026-08-27 14:00:00-04:00,240.47000122070312,240.61959838867188,240.0800018310547,240.0800018310547,3655
2026-08-27 14:01:00-04:00,240.1999969482422,240.3699951171875,240.1999969482422,240.27000427246094,2852
2026-08-27 14:02:00-04:00,240.27000427246094,240.2899932861328,240.22500610351562,240.2899932861328,3824
2026-08-27 14:03:00-04:00,240.125,240.27000427246094,239.89999389648438,240.27000427246094,10771
2026-08-27 14:04:00-04:00,239.77000427246094,239.85000610351562,239.77000427246094,239.85000610351562,1718
2026-08-27 14:05:00-04:00,239.44000244140625,239.74000549316406,239.44000244140625,239.74000549316406,3383
2026-08-27 14:06:00-04:00,240.23500061035156,240.23500061035156,239.69000244140625,239.69000244140625,10309
2026-08-27 14:07:00-04:00,239.97999572753906,240.23500061035156,239.97999572753906,240.23500061035156,3700
2026-08-27 14:08:00-04:00,239.72500610351562,239.72500610351562,239.6699981689453,239.6699981689453,306795
2026-08-27 14:09:00-04:00,239.875,239.92999267578125,239.72000122070312,239.72000122070312,8137
2026-08-27 14:10:00-04:00,239.875,239.91000366210938,239.67999267578125,239.80999755859375,7139
2026-08-27 14:11:00-04:00,239.97999572753906,239.97999572753906,239.77000427246094,239.77000427246094,4573
2026-08-27 14:12:00-04:00,240.05999755859375,240.08999633789062,239.8699951171875,239.89999389648438,6335
2026-08-27 14:13:00-04:00,240.2449951171875,240.3300018310547,240.00999450683594,240.00999450683594,6358
2026-08-27 14:14:00-04:00,240.14999389648438,240.14999389648438,240.1199951171875,240.1199951171875,1948
2026-08-27 14:15:00-04:00,240.39999389648438,240.39999389648438,240.14500427246094,240.14500427246094,4618
2026-08-27 14:16:00-04:00,239.89999389648438,240.2100067138672,239.89999389648438,240.2100067138672,3933
2026-08-27 14:17:00-04:00,239.9499969482422,240.0500030517578,239.89999389648438,240.02499389648438,2730
2026-08-27 14:18:00-04:00,240.0,240.18499755859375,239.8699951171875,240.14999389648438,10733
2026-08-27 14:19:00-04:00,239.77000427246094,239.77000427246094,239.67999267578125,239.67999267578125,976
2026-08-27 14:20:00-04:00,239.66000366210938,239.9499969482422,239.57000732421875,239.82000732421875,15175
2026-08-27 14:21:00-04:00,240.10000610351562,240.22000122070312,239.8699951171875,239.99000549316406,4483
2026-08-27 14:22:00-04:00,239.96499633789062,240.0399932861328,239.8553924560547,240.02999877929688,3196
2026-08-27 14:23:00-04:00,240.13499450683594,240.13499450683594,240.05999755859375,240.10000610351562,4287
2026-08-27 14:24:00-04:00,240.0449981689453,240.0449981689453,239.97000122070312,239.97000122070312,1553
2026-08-27 14:25:00-04:00,240.1300048828125,240.1699981689453,240.02499389648438,240.02499389648438,6796
2026-08-27 14:26:00-04:00,239.9199981689453,240.0800018310547,239.88999938964844,239.98089599609375,4137
2026-08-27 14:27:00-04:00,239.9199981689453,239.97999572753906,239.8699951171875,239.97999572753906,2731
2026-08-27 14:28:00-04:00,239.75,239.86000061035156,239.63999938964844,239.7899932861328,4436
2026-08-27 14:29:00-04:00,239.63999938964844,239.7550048828125,239.63999938964844,239.7550048828125,1553
2026-08-27 14:30:00-04:00,239.80499267578125,239.94000244140625,239.67999267578125,239.74000549316406,2733
2026-08-27 14:31:00-04:00,240.1199951171875,240.1199951171875,239.82000732421875,239.82000732421875,4517
2026-08-27 14:32:00-04:00,240.52999877929688,240.52999877929688,240.42999267578125,240.42999267578125,2744
2026-08-27 14:33:00-04:00,240.7050018310547,240.75999450683594,240.55999755859375,240.55999755859375,4426
2026-08-27 14:34:00-04:00,240.52499389648438,240.60499572753906,240.41000366210938,240.58999633789062,7200
2026-08-27 14:35:00-04:00,240.77000427246094,240.77000427246094,240.4199981689453,240.51499938964844,4405
2026-08-27 14:36:00-04:00,240.78500366210938,240.78500366210938,240.75,240.75,971
2026-08-27 14:37:00-04:00,240.97000122070312,240.97000122070312,240.77000427246094,240.78750610351562,4258
2026-08-27 14:38:00-04:00,241.1999969482422,241.2050018310547,240.93499755859375,240.97000122070312,6528
2026-08-27 14:39:00-04:00,240.84500122070312,241.0399932861328,240.75,241.02000427246094,4700
2026-08-27 14:40:00-04:00,240.97999572753906,240.97999572753906,240.66000366210938,240.66000366210938,1763
2026-08-27 14:41:00-04:00,240.79100036621094,240.8300018310547,240.75,240.75,2777
2026-08-27 14:42:00-04:00,240.86000061035156,241.02999877929688,240.86000061035156,240.9199981689453,3172
2026-08-27 14:43:00-04:00,240.8300018310547,240.94000244140625,240.8300018310547,240.94000244140625,1491
2026-08-27 14:44:00-04:00,240.75999450683594,240.85000610351562,240.66000366210938,240.85000610351562,6437
2026-08-27 14:45:00-04:00,241.02499389648438,241.02499389648438,240.64500427246094,240.68499755859375,2862
2026-08-27 14:46:00-04:00,241.13999938964844,241.36000061035156,240.97520446777344,241.10000610351562,2934
2026-08-27 14:47:00-04:00,241.57000732421875,241.57000732421875,241.11000061035156,241.13999938964844,2694
2026-08-27 14:48:00-04:00,241.59500122070312,241.6199951171875,241.47999572753906,241.48500061035156,3303
2026-08-27 14:49:00-04:00,241.6999969482422,241.83999633789062,241.47999572753906,241.58999633789062,11672
2026-08-27 14:50:00-04:00,241.77000427246094,241.8300018310547,241.6699981689453,241.72500610351562,5060
2026-08-27 14:51:00-04:00,241.8300018310547,241.9199981689453,241.8249969482422,241.8300018310547,1651
2026-08-27 14:52:00-04:00,241.60000610351562,241.7100067138672,241.59500122070312,241.7100067138672,4093
2026-08-27 14:53:00-04:00,241.61500549316406,241.61500549316406,241.58999633789062,241.58999633789062,1398
2026-08-27 14:54:00-04:00,241.4199981689453,241.5800018310547,241.4199981689453,241.5800018310547,999
2026-08-27 14:55:00-04:00,241.55499267578125,241.55499267578125,241.39999389648438,241.4199981689453,3410
2026-08-27 14:56:00-04:00,241.77000427246094,241.77000427246094,241.55499267578125,241.55499267578125,2887
2026-08-27 14:57:00-04:00,241.80499267578125,241.80499267578125,241.69000244140625,241.69000244140625,3442
2026-08-27 14:58:00-04:00,241.89999389648438,241.89999389648438,241.67999267578125,241.78500366210938,2260
2026-08-27 14:59:00-04:00,241.7899932861328,242.0800018310547,241.7899932861328,241.97999572753906,3000
2026-08-27 15:00:00-04:00,241.7899932861328,241.8000030517578,241.7899932861328,241.8000030517578,689
2026-08-27 15:01:00-04:00,241.52999877929688,241.99000549316406,241.5,241.92999267578125,8444
2026-08-27 15:02:00-04:00,241.25,241.58999633789062,241.25,241.5749969482422,2895
2026-08-27 15:03:00-04:00,241.67999267578125,241.67999267578125,241.32000732421875,241.32000732421875,3441
2026-08-27 15:04:00-04:00,241.68499755859375,241.72000122070312,241.5500030517578,241.5500030517578,7035
2026-08-27 15:05:00-04:00,241.75,241.7899932861328,241.5800018310547,241.68499755859375,5921
2026-08-27 15:06:00-04:00,241.80499267578125,241.9199981689453,241.80499267578125,241.86000061035156,1926
2026-08-27 15:07:00-04:00,242.08999633789062,242.38999938964844,241.76499938964844,241.8249969482422,6109
2026-08-27 15:08:00-04:00,242.05499267578125,242.14239501953125,242.05499267578125,242.14239501953125,1037
2026-08-27 15:09:00-04:00,242.22000122070312,242.36500549316406,241.99630737304688,241.99630737304688,3363
2026-08-27 15:10:00-04:00,242.72000122070312,242.7635040283203,242.35000610351562,242.35000610351562,3410
2026-08-27 15:11:00-04:00,242.6999969482422,242.77999877929688,242.6300048828125,242.63999938964844,6593
2026-08-27 15:12:00-04:00,243.02499389648438,243.07000732421875,242.75,242.75,5317
2026-08-27 15:13:00-04:00,243.1300048828125,243.1300048828125,242.92999267578125,243.00999450683594,7229
2026-08-27 15:14:00-04:00,243.0850067138672,243.0850067138672,242.96499633789062,243.00999450683594,2256
2026-08-27 15:15:00-04:00,242.97999572753906,243.11599731445312,242.82000732421875,243.11599731445312,4639
2026-08-27 15:16:00-04:00,243.19500732421875,243.21499633789062,242.86500549316406,242.86500549316406,4274
2026-08-27 15:17:00-04:00,243.11000061035156,243.21499633789062,243.11000061035156,243.21499633789062,2454
2026-08-27 15:18:00-04:00,242.72000122070312,243.05499267578125,242.72000122070312,243.05499267578125,5857
2026-08-27 15:19:00-04:00,243.2550048828125,243.3800048828125,242.722900390625,242.86000061035156,8775
2026-08-27 15:20:00-04:00,243.69000244140625,243.75,243.18649291992188,243.18649291992188,6901
2026-08-27 15:21:00-04:00,243.63999938964844,243.75999450683594,243.4499969482422,243.60000610351562,6593
2026-08-27 15:22:00-04:00,243.63250732421875,243.69500732421875,243.4801025390625,243.69500732421875,4425
2026-08-27 15:23:00-04:00,243.94500732421875,244.07000732421875,243.8699951171875,243.97000122070312,5386
2026-08-27 15:24:00-04:00,244.19000244140625,244.3300018310547,243.94000244140625,244.08999633789062,7851
2026-08-27 15:25:00-04:00,244.1699981689453,244.52000427246094,244.1699981689453,244.33999633789062,4517
2026-08-27 15:26:00-04:00,244.1782989501953,244.40989685058594,244.14999389648438,244.22500610351562,6928
2026-08-27 15:27:00-04:00,244.13999938964844,244.36000061035156,243.99049377441406,244.36000061035156,6552
2026-08-27 15:28:00-04:00,243.84500122070312,244.1199951171875,243.7449951171875,244.0251007080078,11283
2026-08-27 15:29:00-04:00,243.8000030517578,243.99000549316406,243.6750030517578,243.8000030517578,4242
2026-08-27 15:30:00-04:00,243.75,243.8800048828125,243.66000366210938,243.85499572753906,7866
2026-08-27 15:31:00-04:00,243.86000061035156,243.9199981689453,243.80999755859375,243.80999755859375,5788
2026-08-27 15:32:00-04:00,243.9600067138672,243.9600067138672,243.75,243.85699462890625,7618
2026-08-27 15:33:00-04:00,244.3800048828125,244.3800048828125,243.80499267578125,243.88999938964844,7414
2026-08-27 15:34:00-04:00,244.00999450683594,244.4949951171875,244.00999450683594,244.44000244140625,8429
2026-08-27 15:35:00-04:00,243.75999450683594,244.1300048828125,243.75999450683594,243.97000122070312,12055
2026-08-27 15:36:00-04:00,243.57000732421875,243.76499938964844,243.57000732421875,243.76499938964844,4603
2026-08-27 15:37:00-04:00,243.6649932861328,243.85000610351562,243.4600067138672,243.4600067138672,6625
2026-08-27 15:38:00-04:00,243.6750030517578,243.75,243.5800018310547,243.7100067138672,8479
2026-08-27 15:39:00-04:00,243.72000122070312,243.72000122070312,243.60000610351562,243.67999267578125,4108
2026-08-27 15:40:00-04:00,243.4499969482422,243.66250610351562,243.36000061035156,243.65499877929688,12265
2026-08-27 15:41:00-04:00,243.52000427246094,243.6300048828125,243.35000610351562,243.4499969482422,6315
2026-08-27 15:42:00-04:00,243.61000061035156,243.61000061035156,243.3800048828125,243.4949951171875,4914
2026-08-27 15:43:00-04:00,243.13499450683594,243.56500244140625,243.0399932861328,243.56500244140625,7781
2026-08-27 15:44:00-04:00,243.10000610351562,243.25,242.97999572753906,243.13499450683594,18675
2026-08-27 15:45:00-04:00,243.625,243.80999755859375,243.10000610351562,243.10000610351562,12341
2026-08-27 15:46:00-04:00,244.2100067138672,244.36000061035156,243.63499450683594,243.63499450683594,28153
2026-08-27 15:47:00-04:00,244.0509033203125,244.1999969482422,243.99000549316406,244.1999969482422,10732
2026-08-27 15:48:00-04:00,243.75999450683594,244.16000366210938,243.75999450683594,244.08999633789062,7397
2026-08-27 15:49:00-04:00,243.3000030517578,243.6699981689453,243.3000030517578,243.6699981689453,5284
2026-08-27 15:50:00-04:00,242.35000610351562,243.19000244140625,242.24000549316406,243.19000244140625,15341
2026-08-27 15:51:00-04:00,242.36000061035156,242.57000732421875,242.1999969482422,242.32000732421875,17662
2026-08-27 15:52:00-04:00,242.09500122070312,242.47500610351562,242.0800018310547,242.1999969482422,13573
2026-08-27 15:53:00-04:00,242.3300018310547,242.4199981689453,241.83999633789062,242.13999938964844,20239
2026-08-27 15:54:00-04:00,242.24000549316406,242.55999755859375,242.24000549316406,242.25999450683594,13706
2026-08-27 15:55:00-04:00,242.33999633789062,242.69000244140625,242.11000061035156,242.22000122070312,39516
2026-08-27 15:56:00-04:00,241.77499389648438,242.35000610351562,241.6999969482422,242.35000610351562,21721
2026-08-27 15:57:00-04:00,242.0050048828125,242.25999450683594,241.6699981689453,241.77000427246094,36508
2026-08-27 15:58:00-04:00,242.4199981689453,242.4600067138672,242.0,242.00999450683594,70172
2026-08-27 15:59:00-04:00,242.92999267578125,243.5500030517578,242.3000030517578,242.4550018310547,184560
2026-08-28 09:30:00-04:00,244.47500610351562,244.80999755859375,240.22000122070312,240.22000122070312,95588
2026-08-28 09:31:00-04:00,242.00999450683594,244.47500610351562,242.00999450683594,243.89999389648438,30911
2026-08-28 09:32:00-04:00,241.49000549316406,243.23500061035156,241.4199981689453,242.78500366210938,11021
2026-08-28 09:33:00-04:00,242.0,242.82000732421875,240.3000030517578,241.39999389648438,5154
2026-08-28 09:34:00-04:00,244.5,244.5,243.25,243.25,1899
2026-08-28 09:35:00-04:00,243.44500732421875,243.89999389648438,243.38499450683594,243.89999389648438,983
2026-08-28 09:36:00-04:00,246.16000366210938,246.16000366210938,243.92999267578125,243.92999267578125,9996
2026-08-28 09:37:00-04:00,246.15499877929688,247.10989379882812,245.41000366210938,246.2100067138672,41258
2026-08-28 09:38:00-04:00,247.49000549316406,247.49000549316406,245.89999389648438,245.89999389648438,24839
2026-08-28 09:39:00-04:00,245.81500244140625,247.875,245.81500244140625,247.39999389648438,26280
2026-08-28 09:40:00-04:00,245.64999389648438,246.55999755859375,245.3300018310547,246.08999633789062,10359
2026-08-28 09:41:00-04:00,244.9799041748047,245.65499877929688,244.1999969482422,245.52999877929688,8964
2026-08-28 09:42:00-04:00,244.8249969482422,244.8350067138672,244.1999969482422,244.58999633789062,5033
2026-08-28 09:43:00-04:00,244.77000427246094,245.32249450683594,244.32000732421875,245.2449951171875,7428
2026-08-28 09:44:00-04:00,245.3800048828125,245.6699981689453,244.75999450683594,244.77000427246094,2835
2026-08-28 09:45:00-04:00,245.19500732421875,245.2899932861328,244.25999450683594,245.0500030517578,8943
2026-08-28 09:46:00-04:00,243.6699981689453,245.19500732421875,243.6699981689453,245.19500732421875,6969
2026-08-28 09:47:00-04:00,243.41749572753906,243.8000030517578,243.27999877929688,243.5449981689453,2822
2026-08-28 09:48:00-04:00,242.64999389648438,244.0,242.64999389648438,243.43499755859375,4652
2026-08-28 09:49:00-04:00,242.14500427246094,242.94500732421875,241.8000030517578,242.15750122070312,10353
2026-08-28 09:50:00-04:00,242.3699951171875,242.3699951171875,241.94009399414062,242.30999755859375,1589
2026-08-28 09:51:00-04:00,241.0500030517578,242.25,241.0500030517578,242.25,5428
2026-08-28 09:52:00-04:00,240.83999633789062,241.47000122070312,240.8000030517578,241.39500427246094,3806
2026-08-28 09:53:00-04:00,241.34500122070312,241.63999938964844,240.6300048828125,240.8300018310547,6542
2026-08-28 09:54:00-04:00,241.97999572753906,241.99000549316406,241.2550048828125,241.34500122070312,8061
2026-08-28 09:55:00-04:00,241.30999755859375,241.78500366210938,241.27999877929688,241.78500366210938,4720
2026-08-28 09:56:00-04:00,242.19500732421875,242.30499267578125,241.31500244140625,241.31500244140625,12747
2026-08-28 09:57:00-04:00,241.74000549316406,242.3300018310547,241.74000549316406,242.25999450683594,5147
2026-08-28 09:58:00-04:00,241.3800048828125,241.69000244140625,241.3800048828125,241.69000244140625,2109
2026-08-28 09:59:00-04:00,240.7100067138672,241.11500549316406,240.64999389648438,241.10000610351562,5725
2026-08-28 10:00:00-04:00,241.4199981689453,241.5,240.80499267578125,240.80499267578125,2756
2026-08-28 10:01:00-04:00,240.42999267578125,241.375,240.19500732421875,240.96890258789062,5424
2026-08-28 10:02:00-04:00,240.1699981689453,240.65499877929688,240.1699981689453,240.42999267578125,7352
2026-08-28 10:03:00-04:00,240.11749267578125,240.3699951171875,240.0,240.23500061035156,3699
2026-08-28 10:04:00-04:00,240.01499938964844,240.15499877929688,239.6999969482422,240.09500122070312,3185
2026-08-28 10:05:00-04:00,239.74000549316406,239.97000122070312,239.59500122070312,239.8094024658203,6438
2026-08-28 10:06:00-04:00,239.10499572753906,239.6199951171875,238.66009521484375,239.6199951171875,9491
2026-08-28 10:07:00-04:00,238.4947052001953,238.9178009033203,238.2899932861328,238.8300018310547,8817
2026-08-28 10:08:00-04:00,239.3249969482422,239.3249969482422,238.44000244140625,238.75,13873
2026-08-28 10:09:00-04:00,239.17999267578125,239.17999267578125,238.92999267578125,238.92999267578125,2393
2026-08-28 10:10:00-04:00,238.93499755859375,238.99000549316406,238.74000549316406,238.83999633789062,6567
2026-08-28 10:11:00-04:00,239.07000732421875,239.07000732421875,238.6800994873047,238.9149932861328,2925
2026-08-28 10:12:00-04:00,238.5749969482422,239.05999755859375,238.5749969482422,238.97999572753906,5166
2026-08-28 10:13:00-04:00,238.65499877929688,238.77999877929688,238.4149932861328,238.55999755859375,2771
2026-08-28 10:14:00-04:00,239.0050048828125,239.1199951171875,238.7949981689453,238.7949981689453,1861
2026-08-28 10:15:00-04:00,238.8300018310547,239.41000366210938,238.82000732421875,239.11000061035156,5847
2026-08-28 10:16:00-04:00,238.47500610351562,238.8800048828125,238.47500610351562,238.8000030517578,19427
2026-08-28 10:17:00-04:00,238.85499572753906,238.85499572753906,238.47500610351562,238.5850067138672,3101
2026-08-28 10:18:00-04:00,239.05999755859375,239.40499877929688,239.05999755859375,239.40499877929688,2614
2026-08-28 10:19:00-04:00,239.22999572753906,239.22999572753906,239.2050018310547,239.2050018310547,818
2026-08-28 10:20:00-04:00,239.21499633789062,239.5399932861328,238.9499969482422,239.2449951171875,6479
2026-08-28 10:21:00-04:00,239.07000732421875,239.2100067138672,239.07000732421875,239.2100067138672,2872
2026-08-28 10:22:00-04:00,239.2899932861328,239.2949981689453,239.27999877929688,239.27999877929688,1959
2026-08-28 10:23:00-04:00,239.02999877929688,239.32000732421875,239.02999877929688,239.32000732421875,3838
2026-08-28 10:24:00-04:00,239.08999633789062,239.1199951171875,238.80499267578125,238.97500610351562,5417
2026-08-28 10:25:00-04:00,239.23500061035156,239.3350067138672,239.2324981689453,239.3350067138672,3596
2026-08-28 10:26:00-04:00,239.2100067138672,239.2100067138672,238.9199981689453,239.1699981689453,4103
2026-08-28 10:27:00-04:00,239.0800018310547,239.7449951171875,239.0800018310547,239.52999877929688,3153
2026-08-28 10:28:00-04:00,239.0399932861328,239.11500549316406,238.97999572753906,238.9949951171875,2819
2026-08-28 10:29:00-04:00,239.22000122070312,239.22000122070312,238.7100067138672,238.7100067138672,1921
2026-08-28 10:30:00-04:00,239.31500244140625,239.3300018310547,238.9550018310547,239.1248016357422,1980
2026-08-28 10:31:00-04:00,239.00999450683594,239.30999755859375,239.00999450683594,239.30999755859375,4444
2026-08-28 10:32:00-04:00,239.65499877929688,239.65499877929688,238.97999572753906,238.97999572753906,3317
2026-08-28 10:33:00-04:00,239.97500610351562,240.08990478515625,239.65499877929688,239.72000122070312,4848
2026-08-28 10:34:00-04:00,240.5,240.5,239.8699951171875,239.98500061035156,3953
2026-08-28 10:35:00-04:00,240.27810668945312,240.44000244140625,240.02999877929688,240.4199981689453,2763
2026-08-28 10:36:00-04:00,240.2100067138672,240.2100067138672,239.8699951171875,240.07000732421875,10031
2026-08-28 10:37:00-04:00,239.9250030517578,240.17999267578125,239.7602996826172,240.17999267578125,1957
2026-08-28 10:38:00-04:00,240.3300018310547,240.3300018310547,239.89999389648438,239.90499877929688,2653
2026-08-28 10:39:00-04:00,240.3300018310547,240.3800048828125,240.2100067138672,240.3800048828125,2181
2026-08-28 10:40:00-04:00,240.22999572753906,240.25,239.97999572753906,240.0500030517578,2405
2026-08-28 10:41:00-04:00,240.5500030517578,240.5500030517578,240.27000427246094,240.39720153808594,3128
2026-08-28 10:42:00-04:00,240.33999633789062,240.58999633789062,240.22999572753906,240.47999572753906,3303
2026-08-28 10:43:00-04:00,241.02000427246094,241.05999755859375,240.10000610351562,240.10000610351562,5884
2026-08-28 10:44:00-04:00,240.5800018310547,240.92999267578125,240.5800018310547,240.92999267578125,4057
2026-08-28 10:45:00-04:00,240.60499572753906,240.6300048828125,240.47000122070312,240.6300048828125,1267
2026-08-28 10:46:00-04:00,240.58999633789062,240.74000549316406,240.58999633789062,240.59500122070312,2713
2026-08-28 10:47:00-04:00,240.94500732421875,241.0449981689453,240.72500610351562,240.72500610351562,2875
2026-08-28 10:48:00-04:00,241.33999633789062,241.59500122070312,240.9600067138672,240.9600067138672,3442
2026-08-28 10:49:00-04:00,241.51499938964844,241.51499938964844,241.51499938964844,241.51499938964844,520
2026-08-28 10:50:00-04:00,241.9635009765625,241.9635009765625,241.50999450683594,241.50999450683594,6061
2026-08-28 10:51:00-04:00,241.88999938964844,242.4398956298828,241.8000030517578,242.4398956298828,4502
2026-08-28 10:52:00-04:00,241.9499969482422,242.07049560546875,241.75,241.75,2995
2026-08-28 10:53:00-04:00,242.07000732421875,242.0771026611328,241.88499450683594,241.88499450683594,1817
2026-08-28 10:54:00-04:00,241.75,241.75,241.0500030517578,241.39999389648438,4331
2026-08-28 10:55:00-04:00,241.7050018310547,241.75,241.52999877929688,241.5800018310547,2243
2026-08-28 10:56:00-04:00,241.0749969482422,241.64999389648438,241.0749969482422,241.64999389648438,3601
2026-08-28 10:57:00-04:00,241.11500549316406,241.11500549316406,241.11000061035156,241.11000061035156,1236
2026-08-28 10:58:00-04:00,241.27000427246094,241.39999389648438,241.05999755859375,241.05999755859375,2798
2026-08-28 10:59:00-04:00,241.52499389648438,241.52499389648438,241.07749938964844,241.13999938964844,37101
2026-08-28 11:00:00-04:00,241.5399932861328,241.5399932861328,241.5399932861328,241.5399932861328,1248
2026-08-28 11:01:00-04:00,241.5749969482422,241.5749969482422,241.5749969482422,241.5749969482422,996
2026-08-28 11:02:00-04:00,240.94000244140625,241.35000610351562,240.94000244140625,241.27999877929688,3743
2026-08-28 11:03:00-04:00,241.4250030517578,241.4250030517578,241.06500244140625,241.06500244140625,2637
2026-08-28 11:04:00-04:00,241.44000244140625,241.44000244140625,241.41250610351562,241.4250030517578,3401
2026-08-28 11:05:00-04:00,241.60000610351562,241.60000610351562,241.24099731445312,241.4149932861328,2875
2026-08-28 11:06:00-04:00,241.2899932861328,241.63999938964844,241.2899932861328,241.63999938964844,1708
2026-08-28 11:07:00-04:00,241.31500244140625,241.47000122070312,241.27000427246094,241.27000427246094,2419
2026-08-28 11:08:00-04:00,241.25,241.55499267578125,241.13999938964844,241.55499267578125,3674
2026-08-28 11:09:00-04:00,241.39999389648438,241.41000366210938,241.22999572753906,241.25,3000
2026-08-28 11:10:00-04:00,241.6999053955078,241.6999053955078,241.4149932861328,241.57000732421875,1656
2026-08-28 11:11:00-04:00,241.7100067138672,241.7100067138672,241.35000610351562,241.3699951171875,2083
2026-08-28 11:12:00-04:00,241.97000122070312,241.97000122070312,241.49000549316406,241.7100067138672,4144
2026-08-28 11:13:00-04:00,242.4199981689453,242.4199981689453,242.25,242.25,2970
2026-08-28 11:14:00-04:00,242.3000030517578,242.35000610351562,242.25,242.25,3741
2026-08-28 11:15:00-04:00,242.49000549316406,242.6074981689453,242.48500061035156,242.48500061035156,5064
2026-08-28 11:16:00-04:00,242.60000610351562,242.60000610351562,242.50999450683594,242.52999877929688,2846
2026-08-28 11:17:00-04:00,242.07000732421875,242.60499572753906,242.07000732421875,242.60000610351562,2781
2026-08-28 11:18:00-04:00,242.0,242.3000030517578,242.0,242.3000030517578,2884
2026-08-28 11:20:00-04:00,242.17999267578125,242.17999267578125,242.10000610351562,242.10000610351562,1727
2026-08-28 11:21:00-04:00,242.25750732421875,242.375,242.17999267578125,242.17999267578125,2015
2026-08-28 11:22:00-04:00,242.25999450683594,242.3000030517578,242.0,242.2449951171875,4503
2026-08-28 11:23:00-04:00,242.43499755859375,242.55999755859375,242.36000061035156,242.4199981689453,4394
2026-08-28 11:24:00-04:00,242.97999572753906,243.0449981689453,242.44000244140625,242.44000244140625,13042
2026-08-28 11:25:00-04:00,243.22999572753906,243.27499389648438,243.0500030517578,243.0500030517578,10159
2026-08-28 11:26:00-04:00,243.26499938964844,243.27000427246094,243.22999572753906,243.22999572753906,2159
2026-08-28 11:27:00-04:00,243.25750732421875,243.25750732421875,243.0800018310547,243.23500061035156,5129
2026-08-28 11:28:00-04:00,243.14500427246094,243.17080688476562,243.14500427246094,243.17080688476562,1418
2026-08-28 11:29:00-04:00,242.9199981689453,243.0800018310547,242.9199981689453,243.0800018310547,3984
2026-08-28 11:30:00-04:00,243.125,243.125,242.85499572753906,242.85499572753906,1838
2026-08-28 11:31:00-04:00,243.05999755859375,243.14999389648438,242.89999389648438,242.89999389648438,7420
2026-08-28 11:32:00-04:00,243.14999389648438,243.2899932861328,242.8699951171875,243.07000732421875,3976
2026-08-28 11:33:00-04:00,243.14500427246094,243.14500427246094,243.00999450683594,243.08999633789062,1061
2026-08-28 11:34:00-04:00,242.9001007080078,243.19000244140625,242.9001007080078,243.11000061035156,7698
2026-08-28 11:35:00-04:00,242.8800048828125,243.00999450683594,242.8800048828125,243.00999450683594,2379
2026-08-28 11:36:00-04:00,243.0749969482422,243.10000610351562,242.67999267578125,242.86000061035156,7269
2026-08-28 11:37:00-04:00,243.14999389648438,243.14999389648438,243.02000427246094,243.07000732421875,2470
2026-08-28 11:38:00-04:00,242.52000427246094,243.0,242.52000427246094,243.0,5689
2026-08-28 11:39:00-04:00,242.16000366210938,242.51499938964844,242.16000366210938,242.51499938964844,2515
2026-08-28 11:40:00-04:00,241.9499969482422,242.22999572753906,241.8699951171875,242.07000732421875,3638
2026-08-28 11:41:00-04:00,242.2100067138672,242.2100067138672,241.94500732421875,241.94500732421875,3413
2026-08-28 11:42:00-04:00,241.9199981689453,242.0399932861328,241.9199981689453,242.0399932861328,4224
2026-08-28 11:44:00-04:00,241.50999450683594,241.8800048828125,241.4149932861328,241.8800048828125,4118
2026-08-28 11:45:00-04:00,241.3000030517578,241.5399932861328,241.3000030517578,241.5399932861328,2467
2026-08-28 11:46:00-04:00,241.0050048828125,241.0050048828125,241.0,241.0,1806
2026-08-28 11:47:00-04:00,240.80999755859375,241.2100067138672,240.80999755859375,241.0399932861328,3660
2026-08-28 11:48:00-04:00,240.82000732421875,240.9550018310547,240.58999633789062,240.9550018310547,3375
2026-08-28 11:49:00-04:00,240.41000366210938,240.63999938964844,240.41000366210938,240.63999938964844,1405
2026-08-28 11:50:00-04:00,240.19000244140625,240.4967041015625,240.19000244140625,240.39999389648438,3259
2026-08-28 11:51:00-04:00,240.05499267578125,240.05499267578125,240.0,240.0,2564
2026-08-28 11:52:00-04:00,239.75999450683594,239.9499969482422,239.75999450683594,239.83999633789062,2152
2026-08-28 11:53:00-04:00,239.5800018310547,239.7899932861328,239.5800018310547,239.6750030517578,4142
2026-08-28 11:54:00-04:00,239.52000427246094,239.52000427246094,239.25010681152344,239.25010681152344,990
2026-08-28 11:55:00-04:00,239.30999755859375,239.56500244140625,239.30999755859375,239.52000427246094,2038
2026-08-28 11:56:00-04:00,239.26499938964844,239.44500732421875,239.12010192871094,239.25010681152344,8777
2026-08-28 11:57:00-04:00,239.22000122070312,239.26499938964844,239.01339721679688,239.26499938964844,24202
2026-08-28 11:58:00-04:00,239.64999389648438,239.64999389648438,239.22500610351562,239.22500610351562,5477
2026-08-28 11:59:00-04:00,239.39500427246094,239.4550018310547,239.2449951171875,239.4550018310547,2437
2026-08-28 12:00:00-04:00,239.49000549316406,239.7100067138672,239.22000122070312,239.22999572753906,6918
2026-08-28 12:01:00-04:00,238.91000366210938,239.19000244140625,238.80999755859375,239.1199951171875,6035
2026-08-28 12:02:00-04:00,239.0050048828125,239.2100067138672,238.88999938964844,239.15499877929688,2675
2026-08-28 12:03:00-04:00,239.38999938964844,239.38999938964844,238.89999389648438,238.89999389648438,3050
2026-08-28 12:04:00-04:00,239.4199981689453,239.58999633789062,239.2899932861328,239.35000610351562,2293
2026-08-28 12:05:00-04:00,239.5800018310547,239.58999633789062,239.4199981689453,239.58999633789062,1639
2026-08-28 12:06:00-04:00,239.5399932861328,239.60000610351562,239.32000732421875,239.32000732421875,3623
2026-08-28 12:07:00-04:00,239.66000366210938,239.91000366210938,239.57000732421875,239.57000732421875,2580
2026-08-28 12:08:00-04:00,239.57000732421875,239.8800048828125,239.57000732421875,239.72999572753906,3828
2026-08-28 12:09:00-04:00,239.77000427246094,239.9600067138672,239.5800018310547,239.7100067138672,6967
2026-08-28 12:10:00-04:00,239.61000061035156,239.9499969482422,239.3800048828125,239.77000427246094,6410
2026-08-28 12:11:00-04:00,239.49000549316406,239.8300018310547,239.45469665527344,239.4949951171875,7474
2026-08-28 12:12:00-04:00,239.55499267578125,239.8000030517578,239.3800048828125,239.3800048828125,3617
2026-08-28 12:13:00-04:00,239.7899932861328,239.7899932861328,239.6999969482422,239.6999969482422,678
2026-08-28 12:14:00-04:00,239.1999969482422,239.7899932861328,239.1999969482422,239.4199981689453,3859
2026-08-28 12:15:00-04:00,238.60000610351562,239.3000030517578,238.57000732421875,239.24000549316406,4889
2026-08-28 12:16:00-04:00,238.1999969482422,238.4499969482422,238.13499450683594,238.44500732421875,11571
2026-08-28 12:17:00-04:00,237.88999938964844,238.19500732421875,237.86000061035156,238.08999633789062,5312
2026-08-28 12:18:00-04:00,237.47500610351562,237.7899932861328,237.42999267578125,237.7899932861328,2818
2026-08-28 12:19:00-04:00,237.43499755859375,237.5500030517578,237.3000030517578,237.47500610351562,3926
2026-08-28 12:20:00-04:00,237.72000122070312,237.72000122070312,237.43499755859375,237.43499755859375,5107
2026-08-28 12:21:00-04:00,237.82000732421875,237.8300018310547,237.35000610351562,237.61000061035156,4997
2026-08-28 12:22:00-04:00,237.94000244140625,238.1699981689453,237.94000244140625,238.0749969482422,3319
2026-08-28 12:23:00-04:00,237.97999572753906,238.03500366210938,237.75,238.03500366210938,3188
2026-08-28 12:24:00-04:00,238.19500732421875,238.3300018310547,237.80999755859375,237.80999755859375,3802
2026-08-28 12:26:00-04:00,238.40499877929688,238.40499877929688,238.40499877929688,238.40499877929688,781
2026-08-28 12:27:00-04:00,238.5500030517578,238.5500030517578,238.33999633789062,238.5,3036
2026-08-28 12:28:00-04:00,238.1199951171875,238.6699981689453,238.1199951171875,238.58999633789062,3878
2026-08-28 12:29:00-04:00,237.91000366210938,238.07000732421875,237.91000366210938,238.07000732421875,2534
2026-08-28 12:30:00-04:00,238.28500366210938,238.28500366210938,237.99000549316406,237.99000549316406,2761
2026-08-28 12:31:00-04:00,238.0449981689453,238.26499938964844,238.0449981689453,238.0800018310547,3324
2026-08-28 12:32:00-04:00,238.55999755859375,238.55999755859375,238.25,238.2550048828125,4978
2026-08-28 12:33:00-04:00,238.64999389648438,238.64999389648438,238.57000732421875,238.57000732421875,1145
2026-08-28 12:34:00-04:00,238.22000122070312,238.5399932861328,238.22000122070312,238.5399932861328,3483
2026-08-28 12:35:00-04:00,238.83999633789062,238.83999633789062,238.31500244140625,238.32000732421875,2816
2026-08-28 12:36:00-04:00,238.80499267578125,238.8350067138672,238.5449981689453,238.8350067138672,2777
2026-08-28 12:37:00-04:00,238.92999267578125,238.92999267578125,238.52499389648438,238.80499267578125,1960
2026-08-28 12:38:00-04:00,238.7449951171875,238.7449951171875,238.7449951171875,238.7449951171875,1373
2026-08-28 12:39:00-04:00,239.02000427246094,239.1999969482422,238.9550018310547,238.9550018310547,974
2026-08-28 12:40:00-04:00,238.6750030517578,238.9199981689453,238.6199951171875,238.9199981689453,4998
2026-08-28 12:41:00-04:00,238.75,238.8800048828125,238.43499755859375,238.4499969482422,6216
2026-08-28 12:42:00-04:00,238.55999755859375,238.75,238.42999267578125,238.5800018310547,5125
2026-08-28 12:43:00-04:00,238.6199951171875,238.6199951171875,238.35049438476562,238.55999755859375,5720
2026-08-28 12:44:00-04:00,238.53500366210938,238.63499450683594,238.3800048828125,238.4149932861328,4368
2026-08-28 12:45:00-04:00,238.7100067138672,238.83999633789062,238.39999389648438,238.5399932861328,6898
2026-08-28 12:46:00-04:00,238.97999572753906,239.0399932861328,238.7100067138672,238.7100067138672,4175
2026-08-28 12:47:00-04:00,238.97999572753906,238.98500061035156,238.83999633789062,238.97999572753906,3314
2026-08-28 12:48:00-04:00,239.0,239.21499633789062,238.98500061035156,238.98500061035156,7060
2026-08-28 12:49:00-04:00,239.2100067138672,239.2100067138672,238.9199981689453,239.14500427246094,6856
2026-08-28 12:50:00-04:00,239.19500732421875,239.22000122070312,238.97999572753906,239.22000122070312,2629
2026-08-28 12:51:00-04:00,239.05999755859375,239.3800048828125,239.00999450683594,239.0399932861328,5017
2026-08-28 12:52:00-04:00,238.98500061035156,239.16000366210938,238.91000366210938,239.02999877929688,5477
2026-08-28 12:53:00-04:00,238.7899932861328,239.24000549316406,238.7899932861328,238.98500061035156,5958
2026-08-28 12:54:00-04:00,238.39500427246094,238.75,238.39500427246094,238.75,4379
2026-08-28 12:55:00-04:00,238.4600067138672,238.5800018310547,238.4600067138672,238.5800018310547,1246
2026-08-28 12:56:00-04:00,238.85000610351562,238.8699951171875,238.7100067138672,238.77000427246094,2038
2026-08-28 12:57:00-04:00,238.69000244140625,238.80999755859375,238.69000244140625,238.75,2065
2026-08-28 12:58:00-04:00,238.3000030517578,238.75,238.2270050048828,238.75,4128
2026-08-28 12:59:00-04:00,238.22000122070312,238.3300018310547,238.1999969482422,238.2949981689453,1508
2026-08-28 13:00:00-04:00,238.19500732421875,238.4600067138672,238.19500732421875,238.2550048828125,33107
2026-08-28 13:01:00-04:00,237.83999633789062,238.19500732421875,237.8300018310547,238.19500732421875,3729
2026-08-28 13:02:00-04:00,237.60499572753906,237.75999450683594,237.60499572753906,237.75999450683594,2716
2026-08-28 13:03:00-04:00,237.63999938964844,237.63999938964844,237.5399932861328,237.60499572753906,1949
2026-08-28 13:04:00-04:00,237.50999450683594,237.63999938964844,237.50999450683594,237.63999938964844,3247
2026-08-28 13:05:00-04:00,237.3699951171875,237.5,237.3699951171875,237.5,1287
2026-08-28 13:06:00-04:00,237.38999938964844,237.4149932861328,237.3300018310547,237.35499572753906,4485
2026-08-28 13:07:00-04:00,237.42999267578125,237.42999267578125,237.42999267578125,237.42999267578125,551
2026-08-28 13:08:00-04:00,237.60000610351562,237.60000610351562,237.42999267578125,237.42999267578125,1044
2026-08-28 13:09:00-04:00,237.50999450683594,237.60000610351562,237.50999450683594,237.60000610351562,2274
2026-08-28 13:10:00-04:00,237.5399932861328,237.5399932861328,237.5399932861328,237.5399932861328,1472
2026-08-28 13:11:00-04:00,237.6750030517578,237.6750030517578,237.6750030517578,237.6750030517578,929
2026-08-28 13:12:00-04:00,237.82000732421875,238.0,237.7449951171875,237.7449951171875,2699
2026-08-28 13:13:00-04:00,237.89999389648438,237.89999389648438,237.89999389648438,237.89999389648438,767
2026-08-28 13:14:00-04:00,237.75,237.7550048828125,237.64999389648438,237.64999389648438,2376
2026-08-28 13:15:00-04:00,237.55999755859375,237.5800018310547,237.55999755859375,237.5800018310547,1367
2026-08-28 13:16:00-04:00,237.61500549316406,237.6199951171875,237.52999877929688,237.52999877929688,2590
2026-08-28 13:17:00-04:00,237.625,237.625,237.5500030517578,237.5800018310547,613
2026-08-28 13:18:00-04:00,237.6300048828125,237.6300048828125,237.6300048828125,237.6300048828125,1120
2026-08-28 13:19:00-04:00,237.38999938964844,237.52000427246094,237.38999938964844,237.38999938964844,3161
2026-08-28 13:20:00-04:00,237.47999572753906,237.47999572753906,237.3800048828125,237.3800048828125,1768
2026-08-28 13:21:00-04:00,237.28250122070312,237.45030212402344,237.28250122070312,237.45030212402344,2101
2026-08-28 13:22:00-04:00,237.1300048828125,237.1300048828125,237.02000427246094,237.07000732421875,2373
2026-08-28 13:23:00-04:00,237.13499450683594,237.13499450683594,237.125,237.125,629
2026-08-28 13:24:00-04:00,237.25999450683594,237.32510375976562,237.13499450683594,237.13499450683594,2795
2026-08-28 13:25:00-04:00,237.2899932861328,237.5,237.25,237.25,1178
2026-08-28 13:26:00-04:00,237.3350067138672,237.375,237.10000610351562,237.3300018310547,3655
2026-08-28 13:27:00-04:00,237.47500610351562,237.5,237.47500610351562,237.49000549316406,2518
2026-08-28 13:28:00-04:00,237.4550018310547,237.49000549316406,237.38999938964844,237.47500610351562,2035
2026-08-28 13:29:00-04:00,237.38499450683594,237.55999755859375,237.38499450683594,237.55999755859375,2268
2026-08-28 13:30:00-04:00,237.31500244140625,237.32000732421875,237.31500244140625,237.32000732421875,837
2026-08-28 13:31:00-04:00,237.32000732421875,237.32000732421875,237.1199951171875,237.31500244140625,5564
2026-08-28 13:32:00-04:00,237.42999267578125,237.6199951171875,237.38999938964844,237.38999938964844,1935
2026-08-28 13:33:00-04:00,238.0,238.0,237.56500244140625,237.56500244140625,2480
2026-08-28 13:34:00-04:00,238.32000732421875,238.44000244140625,237.86500549316406,238.0,6508
2026-08-28 13:35:00-04:00,238.4149932861328,238.49000549316406,238.4149932861328,238.49000549316406,779
2026-08-28 13:36:00-04:00,238.19500732421875,238.35000610351562,238.19500732421875,238.35000610351562,2512
2026-08-28 13:37:00-04:00,238.0,238.2949981689453,237.9199981689453,238.2949981689453,3640
2026-08-28 13:38:00-04:00,238.07000732421875,238.07000732421875,237.90499877929688,238.02999877929688,1543
2026-08-28 13:39:00-04:00,237.98500061035156,238.15499877929688,237.98500061035156,238.02499389648438,3764
2026-08-28 13:40:00-04:00,237.9199981689453,237.9250030517578,237.9199981689453,237.9250030517578,1228
2026-08-28 13:41:00-04:00,237.9499969482422,238.08999633789062,237.9199981689453,237.9199981689453,1714
2026-08-28 13:42:00-04:00,238.25,238.25,237.97999572753906,238.10000610351562,2553
2026-08-28 13:43:00-04:00,237.8300018310547,238.27999877929688,237.8300018310547,238.1199951171875,3646
2026-08-28 13:44:00-04:00,237.46499633789062,237.75999450683594,237.46499633789062,237.75999450683594,2376
2026-08-28 13:45:00-04:00,237.49249267578125,237.49749755859375,237.39500427246094,237.4499969482422,1827
2026-08-28 13:46:00-04:00,237.67999267578125,237.67999267578125,237.57000732421875,237.57000732421875,1437
2026-08-28 13:47:00-04:00,237.68499755859375,237.68499755859375,237.68499755859375,237.68499755859375,835
2026-08-28 13:48:00-04:00,237.52000427246094,237.6649932861328,237.52000427246094,237.6649932861328,1169
2026-08-28 13:49:00-04:00,237.74000549316406,237.74000549316406,237.67999267578125,237.67999267578125,1131
2026-08-28 13:50:00-04:00,237.57009887695312,237.8350067138672,237.57009887695312,237.74000549316406,3867
2026-08-28 13:52:00-04:00,237.5800018310547,237.7200927734375,237.55999755859375,237.72000122070312,2092
2026-08-28 13:53:00-04:00,237.97000122070312,237.97000122070312,237.5749969482422,237.5749969482422,19979
2026-08-28 13:54:00-04:00,238.03500366210938,238.1300048828125,237.94500732421875,238.1300048828125,1328
2026-08-28 13:55:00-04:00,237.7949981689453,238.02499389648438,237.75,238.02499389648438,2633
2026-08-28 13:57:00-04:00,237.72500610351562,237.80999755859375,237.6649932861328,237.75,3782
2026-08-28 13:58:00-04:00,237.8000030517578,237.82000732421875,237.75999450683594,237.75999450683594,2137
2026-08-28 13:59:00-04:00,237.66000366210938,237.66000366210938,237.66000366210938,237.66000366210938,1697
2026-08-28 14:00:00-04:00,237.4949951171875,237.66000366210938,237.4949951171875,237.66000366210938,1994
2026-08-28 14:01:00-04:00,237.18499755859375,237.52499389648438,237.18499755859375,237.4949951171875,9761
2026-08-28 14:02:00-04:00,237.36000061035156,237.36000061035156,237.1750030517578,237.1750030517578,2558
2026-08-28 14:03:00-04:00,237.67999267578125,237.8699951171875,237.52000427246094,237.52000427246094,5161
2026-08-28 14:04:00-04:00,237.80999755859375,238.0449981689453,237.80999755859375,237.80999755859375,3158
2026-08-28 14:05:00-04:00,237.46290588378906,237.66000366210938,237.46290588378906,237.66000366210938,1543
2026-08-28 14:06:00-04:00,237.4199981689453,237.6999969482422,237.4199981689453,237.6999969482422,2773
2026-08-28 14:07:00-04:00,237.2100067138672,237.2100067138672,237.2100067138672,237.2100067138672,2310
2026-08-28 14:08:00-04:00,237.25,237.25,237.25,237.25,533
2026-08-28 14:09:00-04:00,237.39999389648438,237.39999389648438,237.2949981689453,237.2949981689453,2427
2026-08-28 14:10:00-04:00,237.4149932861328,237.4149932861328,237.40499877929688,237.40499877929688,370
2026-08-28 14:11:00-04:00,237.4149932861328,237.5,237.38999938964844,237.47999572753906,22061
2026-08-28 14:12:00-04:00,237.39500427246094,237.5399932861328,237.39500427246094,237.5399932861328,1029
2026-08-28 14:13:00-04:00,237.27000427246094,237.27000427246094,237.24000549316406,237.24000549316406,1595
2026-08-28 14:14:00-04:00,236.94000244140625,237.02000427246094,236.94000244140625,237.02000427246094,5118
2026-08-28 14:15:00-04:00,237.1649932861328,237.1649932861328,236.88999938964844,236.88999938964844,4790
2026-08-28 14:16:00-04:00,236.9600067138672,237.0,236.9600067138672,237.0,1054
2026-08-28 14:17:00-04:00,236.9250030517578,236.9499969482422,236.82000732421875,236.9499969482422,1770
2026-08-28 14:18:00-04:00,236.8800048828125,236.8800048828125,236.86500549316406,236.8699951171875,1252
2026-08-28 14:19:00-04:00,237.47000122070312,237.53500366210938,237.02000427246094,237.02000427246094,5456
2026-08-28 14:20:00-04:00,237.3350067138672,237.3350067138672,237.3350067138672,237.3350067138672,914
2026-08-28 14:21:00-04:00,237.49000549316406,237.52999877929688,237.47000122070312,237.47000122070312,2205
2026-08-28 14:22:00-04:00,237.33999633789062,237.4499969482422,237.33999633789062,237.3699951171875,2514
2026-08-28 14:23:00-04:00,236.77999877929688,237.1300048828125,236.63999938964844,237.1300048828125,5414
2026-08-28 14:24:00-04:00,236.80499267578125,236.80499267578125,236.72000122070312,236.8000030517578,1875
2026-08-28 14:26:00-04:00,236.75,236.9600067138672,236.75,236.81500244140625,2956
2026-08-28 14:27:00-04:00,237.0500030517578,237.0500030517578,236.8249969482422,236.8249969482422,1997
2026-08-28 14:28:00-04:00,236.85060119628906,237.0399932861328,236.85060119628906,236.90499877929688,1346
2026-08-28 14:29:00-04:00,236.91000366210938,237.02999877929688,236.91000366210938,237.02999877929688,1133
2026-08-28 14:30:00-04:00,237.05999755859375,237.05999755859375,237.00999450683594,237.00999450683594,3208
2026-08-28 14:31:00-04:00,237.2100067138672,237.2100067138672,237.0,237.00999450683594,2458
2026-08-28 14:32:00-04:00,237.10000610351562,237.1199951171875,237.05999755859375,237.05999755859375,2068
2026-08-28 14:33:00-04:00,237.01499938964844,237.19000244140625,237.01499938964844,237.19000244140625,956
2026-08-28 14:34:00-04:00,236.94000244140625,237.2100067138672,236.94000244140625,237.02499389648438,4195
2026-08-28 14:35:00-04:00,236.74000549316406,236.8699951171875,236.69000244140625,236.8699951171875,2898
2026-08-28 14:36:00-04:00,236.71499633789062,236.74000549316406,236.71499633789062,236.74000549316406,1627
2026-08-28 14:37:00-04:00,236.88499450683594,237.00999450683594,236.72000122070312,236.82000732421875,4020
2026-08-28 14:38:00-04:00,236.86000061035156,236.8699951171875,236.86000061035156,236.8699951171875,705
2026-08-28 14:39:00-04:00,236.6999969482422,236.81500244140625,236.6999969482422,236.81500244140625,3260
2026-08-28 14:40:00-04:00,237.0800018310547,237.0800018310547,236.8350067138672,236.8350067138672,3623
2026-08-28 14:41:00-04:00,237.08999633789062,237.2050018310547,237.0800018310547,237.0800018310547,2522
2026-08-28 14:42:00-04:00,237.05999755859375,237.08250427246094,237.02000427246094,237.0399932861328,2819
2026-08-28 14:43:00-04:00,237.02999877929688,237.07000732421875,236.99000549316406,236.99000549316406,2855
2026-08-28 14:44:00-04:00,237.17999267578125,237.25999450683594,237.14999389648438,237.14999389648438,2714
2026-08-28 14:45:00-04:00,237.10330200195312,237.22999572753906,237.10330200195312,237.22999572753906,1500
2026-08-28 14:46:00-04:00,237.24000549316406,237.35000610351562,237.1300048828125,237.1999969482422,2009
2026-08-28 14:47:00-04:00,237.2899932861328,237.39999389648438,237.27000427246094,237.27000427246094,3327
2026-08-28 14:48:00-04:00,237.2899932861328,237.2899932861328,237.2899932861328,237.2899932861328,646
2026-08-28 14:49:00-04:00,237.14999389648438,237.27000427246094,237.14999389648438,237.27000427246094,1235
2026-08-28 14:50:00-04:00,236.94000244140625,237.30999755859375,236.91000366210938,237.30999755859375,8043
2026-08-28 14:51:00-04:00,237.07000732421875,237.07000732421875,236.88499450683594,236.94000244140625,3083
2026-08-28 14:52:00-04:00,237.15499877929688,237.2100067138672,237.0850067138672,237.0850067138672,1564
2026-08-28 14:53:00-04:00,237.3300018310547,237.3300018310547,237.2050018310547,237.2050018310547,2772
2026-08-28 14:54:00-04:00,237.35499572753906,237.41000366210938,237.35499572753906,237.41000366210938,2180
2026-08-28 14:55:00-04:00,237.41000366210938,237.41000366210938,237.17999267578125,237.17999267578125,1173
2026-08-28 14:56:00-04:00,237.26499938964844,237.2949981689453,237.26499938964844,237.2949981689453,2886
2026-08-28 14:57:00-04:00,237.5449981689453,237.58999633789062,237.33999633789062,237.33999633789062,8546
2026-08-28 14:58:00-04:00,237.5800018310547,237.6199951171875,237.46499633789062,237.5,3177
2026-08-28 14:59:00-04:00,237.6199951171875,237.6199951171875,237.3300018310547,237.55999755859375,3115
2026-08-28 15:00:00-04:00,237.38999938964844,237.6300048828125,237.27499389648438,237.47000122070312,7242
2026-08-28 15:01:00-04:00,237.36500549316406,237.36500549316406,237.36500549316406,237.36500549316406,1047
2026-08-28 15:02:00-04:00,237.11000061035156,237.33999633789062,237.0399932861328,237.33999633789062,4869
2026-08-28 15:03:00-04:00,237.07000732421875,237.07000732421875,236.8300018310547,237.03500366210938,4588
2026-08-28 15:04:00-04:00,236.89999389648438,236.99249267578125,236.72999572753906,236.99249267578125,5035
2026-08-28 15:05:00-04:00,236.88499450683594,236.89500427246094,236.88499450683594,236.89500427246094,2476
2026-08-28 15:06:00-04:00,236.8699951171875,236.8800048828125,236.86500549316406,236.8800048828125,3863
2026-08-28 15:07:00-04:00,237.0800018310547,237.17999267578125,236.8699951171875,236.8699951171875,12165
2026-08-28 15:08:00-04:00,237.07000732421875,237.19000244140625,237.02000427246094,237.0800018310547,4757
2026-08-28 15:09:00-04:00,237.36000061035156,237.36000061035156,236.94000244140625,236.9600067138672,18431
2026-08-28 15:10:00-04:00,236.99000549316406,237.36000061035156,236.81500244140625,237.26499938964844,7340
2026-08-28 15:11:00-04:00,237.0124969482422,237.07200622558594,236.97999572753906,236.99000549316406,3421
2026-08-28 15:12:00-04:00,236.90499877929688,237.00999450683594,236.90499877929688,237.00999450683594,2251
2026-08-28 15:13:00-04:00,236.72999572753906,236.80999755859375,236.72999572753906,236.80999755859375,12853
2026-08-28 15:14:00-04:00,236.55499267578125,236.72000122070312,236.4499969482422,236.72000122070312,5961
2026-08-28 15:15:00-04:00,236.61500549316406,236.61500549316406,236.5,236.5,2956
2026-08-28 15:16:00-04:00,236.44000244140625,236.66209411621094,236.44000244140625,236.66209411621094,3709
2026-08-28 15:17:00-04:00,236.19500732421875,236.3800048828125,236.19500732421875,236.3800048828125,5038
2026-08-28 15:18:00-04:00,236.44000244140625,236.44000244140625,236.19500732421875,236.19500732421875,7048
2026-08-28 15:19:00-04:00,236.35000610351562,236.5124969482422,236.35000610351562,236.41000366210938,30306
2026-08-28 15:20:00-04:00,236.50999450683594,236.50999450683594,236.49000549316406,236.49000549316406,613
2026-08-28 15:21:00-04:00,236.58999633789062,236.6199951171875,236.49000549316406,236.49000549316406,3008
2026-08-28 15:22:00-04:00,236.66000366210938,236.7449951171875,236.57000732421875,236.57000732421875,4865
2026-08-28 15:23:00-04:00,236.61000061035156,236.72000122070312,236.61000061035156,236.72000122070312,1341
2026-08-28 15:24:00-04:00,236.5800018310547,236.7100067138672,236.50999450683594,236.7100067138672,6505
2026-08-28 15:25:00-04:00,236.7100067138672,236.85000610351562,236.7100067138672,236.74000549316406,13420
2026-08-28 15:26:00-04:00,236.50999450683594,236.6750030517578,236.50999450683594,236.6750030517578,17185
2026-08-28 15:27:00-04:00,236.56500244140625,236.60000610351562,236.56500244140625,236.60000610351562,1582
2026-08-28 15:28:00-04:00,236.35000610351562,236.8000030517578,236.31500244140625,236.66000366210938,7760
2026-08-28 15:29:00-04:00,236.39999389648438,236.39999389648438,236.22999572753906,236.38499450683594,7463
2026-08-28 15:30:00-04:00,236.7899932861328,236.7899932861328,236.4499969482422,236.4499969482422,14352
2026-08-28 15:31:00-04:00,236.86000061035156,236.89999389648438,236.6199951171875,236.75999450683594,4110
2026-08-28 15:32:00-04:00,236.82000732421875,236.88999938964844,236.75999450683594,236.75999450683594,6130
2026-08-28 15:33:00-04:00,236.77000427246094,236.94000244140625,236.77000427246094,236.86500549316406,2192
2026-08-28 15:34:00-04:00,236.9600067138672,236.9600067138672,236.72000122070312,236.8350067138672,8261
2026-08-28 15:35:00-04:00,237.16000366210938,237.30999755859375,237.0601043701172,237.25999450683594,6596
2026-08-28 15:36:00-04:00,237.19000244140625,237.25,237.19000244140625,237.25,1859
2026-08-28 15:37:00-04:00,237.11000061035156,237.27999877929688,237.11000061035156,237.27999877929688,2917
2026-08-28 15:38:00-04:00,237.0800018310547,237.27000427246094,237.0800018310547,237.10000610351562,5954
2026-08-28 15:39:00-04:00,237.39999389648438,237.47000122070312,237.07000732421875,237.16000366210938,13802
2026-08-28 15:40:00-04:00,237.3800048828125,237.38499450683594,237.27000427246094,237.38499450683594,3303
2026-08-28 15:41:00-04:00,236.97999572753906,237.24000549316406,236.9499969482422,237.24000549316406,4820
2026-08-28 15:42:00-04:00,237.05499267578125,237.05499267578125,236.9499969482422,237.00999450683594,2431
2026-08-28 15:43:00-04:00,237.10499572753906,237.1999969482422,237.0,237.11000061035156,5165
2026-08-28 15:44:00-04:00,237.02000427246094,237.1199951171875,237.02000427246094,237.0500030517578,5156
2026-08-28 15:45:00-04:00,236.92999267578125,237.1199951171875,236.88999938964844,237.1199951171875,9910
2026-08-28 15:46:00-04:00,236.63999938964844,236.81500244140625,236.55999755859375,236.77999877929688,4914
2026-08-28 15:47:00-04:00,236.14999389648438,236.60000610351562,236.13999938964844,236.60000610351562,7532
2026-08-28 15:48:00-04:00,236.22000122070312,236.2550048828125,236.08999633789062,236.2550048828125,5189
2026-08-28 15:49:00-04:00,236.0,236.11000061035156,235.72500610351562,236.10000610351562,12934
2026-08-28 15:50:00-04:00,236.3800048828125,236.3800048828125,235.94500732421875,236.0399932861328,9906
2026-08-28 15:51:00-04:00,236.0800018310547,236.35499572753906,236.0800018310547,236.21499633789062,13024
2026-08-28 15:52:00-04:00,236.0500030517578,236.19569396972656,235.77000427246094,236.0800018310547,12902
2026-08-28 15:53:00-04:00,235.88999938964844,236.05499267578125,235.77000427246094,236.05499267578125,13723
2026-08-28 15:54:00-04:00,236.4600067138672,236.72999572753906,235.91000366210938,235.99000549316406,23241
2026-08-28 15:55:00-04:00,236.66000366210938,236.72999572753906,236.38999938964844,236.55499267578125,15514
2026-08-28 15:56:00-04:00,236.94000244140625,237.07000732421875,236.76499938964844,236.76499938964844,20065
2026-08-28 15:57:00-04:00,236.85499572753906,237.25,236.80999755859375,236.94000244140625,30892
2026-08-28 15:58:00-04:00,236.99000549316406,237.14999389648438,236.88999938964844,237.02999877929688,68147
2026-08-28 15:59:00-04:00,236.97999572753906,237.0500030517578,236.80999755859375,237.02000427246094,85588
2026-08-31 09:30:00-04:00,237.21499633789062,238.1199951171875,233.00999450683594,233.32000732421875,47541
2026-08-31 09:31:00-04:00,238.2899932861328,238.2899932861328,236.35000610351562,236.35000610351562,4925
2026-08-31 09:32:00-04:00,235.875,237.88499450683594,235.875,237.8800048828125,5702
2026-08-31 09:33:00-04:00,235.22000122070312,237.35499572753906,235.22000122070312,235.8350067138672,10090
2026-08-31 09:34:00-04:00,238.4250030517578,238.5,237.99000549316406,238.0449981689453,3930
2026-08-31 09:35:00-04:00,237.76499938964844,238.07000732421875,237.75999450683594,237.77499389648438,2845
2026-08-31 09:36:00-04:00,238.05999755859375,238.4600067138672,237.55999755859375,237.96499633789062,2878
2026-08-31 09:37:00-04:00,236.97500610351562,237.97000122070312,236.1199951171875,237.97000122070312,9178
2026-08-31 09:38:00-04:00,234.99000549316406,236.375,234.99000549316406,236.10000610351562,3698
2026-08-31 09:39:00-04:00,234.7899932861328,234.9949951171875,234.60000610351562,234.60000610351562,1911
2026-08-31 09:40:00-04:00,235.42010498046875,235.85499572753906,234.8800048828125,235.19000244140625,6055
2026-08-31 09:41:00-04:00,235.05499267578125,235.25,234.5399932861328,235.25,2879
2026-08-31 09:42:00-04:00,235.875,235.875,234.50999450683594,234.50999450683594,2768
2026-08-31 09:43:00-04:00,236.27499389648438,236.55999755859375,235.8699951171875,235.8699951171875,12399
2026-08-31 09:44:00-04:00,236.44500732421875,237.36000061035156,236.14999389648438,236.2899932861328,9203
2026-08-31 09:45:00-04:00,237.2100067138672,237.24000549316406,236.5749969482422,236.5800018310547,3102
2026-08-31 09:46:00-04:00,236.0399932861328,237.07000732421875,236.0399932861328,237.07000732421875,5575
2026-08-31 09:47:00-04:00,235.81500244140625,236.22000122070312,235.63999938964844,236.22000122070312,2393
2026-08-31 09:48:00-04:00,235.09500122070312,235.6199951171875,234.94000244140625,235.6199951171875,2374
2026-08-31 09:49:00-04:00,236.0500030517578,236.0500030517578,234.9600067138672,234.9600067138672,6223
2026-08-31 09:50:00-04:00,235.22999572753906,235.5399932861328,235.0399932861328,235.39999389648438,2103
2026-08-31 09:51:00-04:00,235.40499877929688,235.4199981689453,235.27999877929688,235.4199981689453,2876
2026-08-31 09:52:00-04:00,234.49000549316406,234.5500030517578,234.49000549316406,234.5500030517578,2541
2026-08-31 09:53:00-04:00,234.84500122070312,234.85000610351562,234.69000244140625,234.69000244140625,2852
2026-08-31 09:54:00-04:00,235.46499633789062,235.46499633789062,234.83999633789062,234.83999633789062,3163
2026-08-31 09:55:00-04:00,235.02499389648438,235.39999389648438,235.00750732421875,235.3350067138672,2903
2026-08-31 09:56:00-04:00,235.0449981689453,235.0449981689453,234.68499755859375,234.72999572753906,2612
2026-08-31 09:57:00-04:00,234.44000244140625,235.2050018310547,234.39999389648438,235.13999938964844,4909
2026-08-31 09:58:00-04:00,234.25,234.44500732421875,233.82000732421875,234.41000366210938,3797
2026-08-31 09:59:00-04:00,233.94000244140625,234.25010681152344,233.77000427246094,233.8260955810547,4838
2026-08-31 10:00:00-04:00,233.63999938964844,234.11000061035156,233.5489959716797,233.8800048828125,3158
2026-08-31 10:01:00-04:00,233.7949981689453,233.9149932861328,233.6199951171875,233.6199951171875,4408
2026-08-31 10:02:00-04:00,233.10000610351562,233.80999755859375,233.10000610351562,233.61000061035156,2915
2026-08-31 10:03:00-04:00,233.32000732421875,233.66000366210938,233.10000610351562,233.17999267578125,4900
2026-08-31 10:04:00-04:00,233.8249969482422,234.05999755859375,233.6300048828125,233.6300048828125,1819
2026-08-31 10:05:00-04:00,233.99000549316406,234.10499572753906,233.7550048828125,233.8249969482422,4298
2026-08-31 10:06:00-04:00,234.24949645996094,234.24949645996094,233.82080078125,233.89999389648438,2313
2026-08-31 10:07:00-04:00,233.9499969482422,233.9499969482422,233.64999389648438,233.8300018310547,2327
2026-08-31 10:08:00-04:00,234.16000366210938,234.39999389648438,233.76499938964844,233.76499938964844,922
2026-08-31 10:09:00-04:00,233.89999389648438,234.125,233.71499633789062,234.125,2605
2026-08-31 10:10:00-04:00,233.36500549316406,233.77999877929688,233.36500549316406,233.77999877929688,2096
2026-08-31 10:11:00-04:00,233.0,233.65750122070312,233.0,233.2100067138672,5824
2026-08-31 10:12:00-04:00,233.02000427246094,233.1300048828125,232.88999938964844,233.1300048828125,8386
2026-08-31 10:13:00-04:00,232.9199981689453,233.16000366210938,232.9199981689453,233.00999450683594,3506
2026-08-31 10:14:00-04:00,233.00010681152344,233.0399932861328,233.0,233.0399932861328,1483
2026-08-31 10:15:00-04:00,232.50999450683594,233.0800018310547,232.50999450683594,233.0,9077
2026-08-31 10:16:00-04:00,232.55999755859375,232.7100067138672,232.35000610351562,232.41000366210938,18234
2026-08-31 10:17:00-04:00,232.56500244140625,232.85499572753906,232.40499877929688,232.85499572753906,5568
2026-08-31 10:18:00-04:00,232.97500610351562,233.0500030517578,232.7100067138672,232.7100067138672,12680
2026-08-31 10:19:00-04:00,232.8137969970703,232.8249969482422,232.6649932861328,232.8249969482422,3249
2026-08-31 10:20:00-04:00,233.05999755859375,233.05999755859375,232.85389709472656,232.9250030517578,3987
2026-08-31 10:21:00-04:00,233.5,233.5,233.02499389648438,233.02499389648438,5237
2026-08-31 10:22:00-04:00,233.47999572753906,233.50999450683594,233.13999938964844,233.38499450683594,2974
2026-08-31 10:23:00-04:00,233.60499572753906,233.60499572753906,233.36000061035156,233.36000061035156,6053
2026-08-31 10:24:00-04:00,233.25,233.57000732421875,233.25,233.5500030517578,2740
2026-08-31 10:25:00-04:00,232.8000030517578,233.14500427246094,232.8000030517578,233.07000732421875,4420
2026-08-31 10:26:00-04:00,232.89500427246094,233.0,232.89500427246094,232.98500061035156,2080
2026-08-31 10:27:00-04:00,233.14999389648438,233.31500244140625,232.89500427246094,232.89500427246094,3823
2026-08-31 10:28:00-04:00,233.30999755859375,233.34500122070312,233.30999755859375,233.33999633789062,1777
2026-08-31 10:29:00-04:00,233.0850067138672,233.2899932861328,232.94009399414062,233.19749450683594,2394
2026-08-31 10:30:00-04:00,233.44000244140625,233.5,233.0850067138672,233.09500122070312,4728
2026-08-31 10:31:00-04:00,233.52000427246094,233.58999633789062,233.4250030517578,233.58999633789062,3408
2026-08-31 10:32:00-04:00,233.5749969482422,233.5850067138672,233.57000732421875,233.57000732421875,1440
2026-08-31 10:33:00-04:00,233.61000061035156,233.61000061035156,233.4600067138672,233.4600067138672,1982
2026-08-31 10:34:00-04:00,233.5399932861328,233.5399932861328,233.2700958251953,233.33999633789062,3001
2026-08-31 10:35:00-04:00,233.6300048828125,233.88999938964844,233.44500732421875,233.47500610351562,3271
2026-08-31 10:36:00-04:00,233.41000366210938,233.85000610351562,233.41000366210938,233.85000610351562,1766
2026-08-31 10:37:00-04:00,233.4949951171875,233.4949951171875,233.2899932861328,233.3699951171875,3135
2026-08-31 10:38:00-04:00,233.61000061035156,233.69000244140625,233.4199981689453,233.4199981689453,2391
2026-08-31 10:39:00-04:00,233.38999938964844,233.91000366210938,233.30499267578125,233.7100067138672,2916
2026-08-31 10:40:00-04:00,233.39500427246094,233.39500427246094,233.22000122070312,233.22000122070312,2767
2026-08-31 10:41:00-04:00,233.4199981689453,233.61000061035156,233.2949981689453,233.2949981689453,5431
2026-08-31 10:42:00-04:00,233.625,233.6300048828125,233.4499969482422,233.5749969482422,2387
2026-08-31 10:43:00-04:00,233.42750549316406,233.57749938964844,233.4250030517578,233.57749938964844,2364
2026-08-31 10:44:00-04:00,233.17999267578125,233.38499450683594,233.0800018310547,233.38499450683594,3521
2026-08-31 10:45:00-04:00,233.27999877929688,233.4499969482422,233.1750030517578,233.4499969482422,1568
2026-08-31 10:46:00-04:00,233.1750030517578,233.22999572753906,233.0749969482422,233.22999572753906,1841
2026-08-31 10:47:00-04:00,233.3300018310547,233.5,233.22999572753906,233.22999572753906,2807
2026-08-31 10:48:00-04:00,233.24000549316406,233.36000061035156,233.24000549316406,233.35000610351562,2138
2026-08-31 10:49:00-04:00,232.60499572753906,233.02000427246094,232.60499572753906,232.94000244140625,4335
2026-08-31 10:50:00-04:00,232.8699951171875,232.8800048828125,232.80999755859375,232.80999755859375,1345
2026-08-31 10:51:00-04:00,233.14999389648438,233.17239379882812,232.62969970703125,232.8699951171875,5989
2026-08-31 10:52:00-04:00,233.22999572753906,233.41000366210938,233.1699981689453,233.1699981689453,1536
2026-08-31 10:53:00-04:00,233.07000732421875,233.35000610351562,233.07000732421875,233.27499389648438,1427
2026-08-31 10:54:00-04:00,233.19000244140625,233.19000244140625,233.15499877929688,233.15499877929688,1288
2026-08-31 10:55:00-04:00,233.19000244140625,233.4499969482422,233.19000244140625,233.19000244140625,3238
2026-08-31 10:56:00-04:00,233.57000732421875,233.69529724121094,233.33999633789062,233.33999633789062,5664
2026-08-31 10:57:00-04:00,233.57000732421875,233.57000732421875,233.4300994873047,233.5500030517578,2631
2026-08-31 10:58:00-04:00,233.5574951171875,233.5749969482422,233.4199981689453,233.42999267578125,1870
2026-08-31 10:59:00-04:00,233.5800018310547,233.5800018310547,233.52999877929688,233.55999755859375,1709
2026-08-31 11:00:00-04:00,233.6199951171875,233.6199951171875,233.51499938964844,233.51499938964844,1430
2026-08-31 11:01:00-04:00,233.4550018310547,233.6199951171875,233.4550018310547,233.57000732421875,6203
2026-08-31 11:02:00-04:00,233.4250030517578,233.56500244140625,233.4250030517578,233.56500244140625,2694
2026-08-31 11:03:00-04:00,233.44000244140625,233.49000549316406,233.42999267578125,233.4499969482422,2479
2026-08-31 11:04:00-04:00,233.02000427246094,233.3000030517578,233.0,233.3000030517578,2427
2026-08-31 11:05:00-04:00,233.32000732421875,233.32000732421875,233.0,233.0,3510
2026-08-31 11:06:00-04:00,233.44000244140625,233.44000244140625,233.27000427246094,233.38499450683594,1691
2026-08-31 11:07:00-04:00,233.3800048828125,233.4499969482422,233.22999572753906,233.4499969482422,2331
2026-08-31 11:08:00-04:00,233.1750030517578,233.3699951171875,233.08999633789062,233.2949981689453,2453
2026-08-31 11:09:00-04:00,233.10000610351562,233.18499755859375,233.04010009765625,233.1649932861328,2871
2026-08-31 11:10:00-04:00,233.3699951171875,233.3800048828125,233.1999969482422,233.1999969482422,1886
2026-08-31 11:11:00-04:00,233.05999755859375,233.32749938964844,233.05999755859375,233.13999938964844,2705
2026-08-31 11:12:00-04:00,233.52499389648438,233.6999053955078,233.19500732421875,233.19500732421875,2394
2026-08-31 11:13:00-04:00,233.5800018310547,233.67250061035156,233.52499389648438,233.57000732421875,2329
2026-08-31 11:14:00-04:00,233.64500427246094,233.64500427246094,233.5050048828125,233.5052032470703,5246
2026-08-31 11:15:00-04:00,233.49000549316406,233.57989501953125,233.49000549316406,233.49000549316406,685
2026-08-31 11:16:00-04:00,233.67999267578125,233.7100067138672,233.49000549316406,233.49000549316406,7451
2026-08-31 11:17:00-04:00,233.7949981689453,233.7949981689453,233.64500427246094,233.64500427246094,2619
2026-08-31 11:18:00-04:00,233.86000061035156,233.86000061035156,233.69000244140625,233.7949981689453,1405
2026-08-31 11:19:00-04:00,233.84500122070312,233.9199981689453,233.8300018310547,233.86000061035156,4395
2026-08-31 11:20:00-04:00,233.84500122070312,233.84500122070312,233.75,233.78500366210938,1415
2026-08-31 11:21:00-04:00,234.1300048828125,234.1300048828125,233.84500122070312,233.84500122070312,3228
2026-08-31 11:22:00-04:00,233.82000732421875,234.125,233.69650268554688,234.125,4572
2026-08-31 11:23:00-04:00,234.09500122070312,234.09500122070312,233.85000610351562,233.86500549316406,2532
2026-08-31 11:24:00-04:00,234.0749969482422,234.1199951171875,233.9499969482422,233.9499969482422,1893
2026-08-31 11:25:00-04:00,234.07000732421875,234.16000366210938,234.07000732421875,234.0800018310547,3380
2026-08-31 11:26:00-04:00,234.06500244140625,234.06500244140625,233.97999572753906,234.05999755859375,7138
2026-08-31 11:27:00-04:00,233.9199981689453,234.09500122070312,233.9199981689453,234.0749969482422,2291
2026-08-31 11:28:00-04:00,233.74000549316406,233.85000610351562,233.6999969482422,233.84500122070312,9581
2026-08-31 11:29:00-04:00,233.57000732421875,233.72999572753906,233.48500061035156,233.6300048828125,2258
2026-08-31 11:30:00-04:00,233.6999969482422,233.6999969482422,233.57000732421875,233.57000732421875,3056
2026-08-31 11:31:00-04:00,233.63999938964844,233.81280517578125,233.63999938964844,233.6999969482422,2452
2026-08-31 11:32:00-04:00,233.7899932861328,233.91000366210938,233.7449951171875,233.90499877929688,4543
2026-08-31 11:33:00-04:00,233.77999877929688,233.77999877929688,233.71499633789062,233.71499633789062,556
2026-08-31 11:34:00-04:00,233.80499267578125,233.83999633789062,233.69000244140625,233.69000244140625,5373
2026-08-31 11:35:00-04:00,233.84750366210938,234.07000732421875,233.80999755859375,233.97000122070312,2853
2026-08-31 11:36:00-04:00,233.89500427246094,233.91250610351562,233.7100067138672,233.82000732421875,5583
2026-08-31 11:37:00-04:00,233.76710510253906,233.89500427246094,233.76710510253906,233.8249969482422,1292
2026-08-31 11:38:00-04:00,233.61000061035156,233.89999389648438,233.52000427246094,233.89999389648438,6573
2026-08-31 11:39:00-04:00,233.9199981689453,233.9199981689453,233.39010620117188,233.47999572753906,2988
2026-08-31 11:40:00-04:00,233.97500610351562,233.97500610351562,233.92250061035156,233.9600067138672,2748
2026-08-31 11:41:00-04:00,233.9949951171875,234.08999633789062,233.9949951171875,234.08999633789062,1465
2026-08-31 11:42:00-04:00,234.55499267578125,234.7100067138672,234.1199951171875,234.22000122070312,2833
2026-08-31 11:43:00-04:00,234.41969299316406,234.41969299316406,234.35499572753906,234.39999389648438,1783
2026-08-31 11:44:00-04:00,234.36000061035156,234.36000061035156,233.97999572753906,233.97999572753906,1653
2026-08-31 11:45:00-04:00,234.36000061035156,234.36000061035156,234.35499572753906,234.35499572753906,1343
2026-08-31 11:46:00-04:00,234.4824981689453,234.4824981689453,234.36000061035156,234.36000061035156,1795
2026-08-31 11:47:00-04:00,234.3699951171875,234.51499938964844,234.3699951171875,234.4949951171875,5220
2026-08-31 11:48:00-04:00,234.30999755859375,234.30999755859375,234.19500732421875,234.27499389648438,1813
2026-08-31 11:49:00-04:00,234.38999938964844,234.38999938964844,234.1999969482422,234.27999877929688,1333
2026-08-31 11:50:00-04:00,234.47000122070312,234.7550048828125,234.4600067138672,234.4600067138672,3323
2026-08-31 11:51:00-04:00,234.22000122070312,234.41000366210938,234.22000122070312,234.41000366210938,1881
2026-08-31 11:52:00-04:00,234.10000610351562,234.1300048828125,234.10000610351562,234.1300048828125,3188
2026-08-31 11:54:00-04:00,233.83999633789062,233.86500549316406,233.83999633789062,233.86500549316406,941
2026-08-31 11:55:00-04:00,233.6699981689453,233.6699981689453,233.5500946044922,233.5500946044922,1193
2026-08-31 11:56:00-04:00,233.7899932861328,233.79750061035156,233.6699981689453,233.6699981689453,3541
2026-08-31 11:57:00-04:00,233.8000030517578,233.8000030517578,233.8000030517578,233.8000030517578,1298
2026-08-31 11:58:00-04:00,233.74000549316406,233.7449951171875,233.62010192871094,233.62010192871094,2586
2026-08-31 11:59:00-04:00,233.63499450683594,233.6750030517578,233.6199951171875,233.62339782714844,2976
2026-08-31 12:00:00-04:00,233.64999389648438,233.64999389648438,233.5,233.52999877929688,3105
2026-08-31 12:01:00-04:00,233.74000549316406,233.74000549316406,233.49000549316406,233.50999450683594,4005
2026-08-31 12:02:00-04:00,233.52999877929688,233.7100067138672,233.52999877929688,233.66110229492188,1907
2026-08-31 12:03:00-04:00,233.6999969482422,233.6999969482422,233.61500549316406,233.6199951171875,4240
2026-08-31 12:04:00-04:00,233.5800018310547,233.72500610351562,233.5800018310547,233.72500610351562,855
2026-08-31 12:05:00-04:00,233.6199951171875,233.83999633789062,233.4600067138672,233.5800018310547,1473
2026-08-31 12:06:00-04:00,233.47999572753906,233.5749969482422,233.47000122070312,233.5500030517578,1085
2026-08-31 12:07:00-04:00,233.47000122070312,233.64500427246094,233.47000122070312,233.64500427246094,663
2026-08-31 12:08:00-04:00,233.58999633789062,233.64500427246094,233.49000549316406,233.49000549316406,2304
2026-08-31 12:09:00-04:00,233.85000610351562,233.9199981689453,233.7100067138672,233.7100067138672,2572
2026-08-31 12:10:00-04:00,233.8000030517578,233.85000610351562,233.6699981689453,233.6699981689453,1661
2026-08-31 12:11:00-04:00,233.8699951171875,233.8699951171875,233.8350067138672,233.8350067138672,1942
2026-08-31 12:12:00-04:00,233.97999572753906,233.97999572753906,233.9199981689453,233.9199981689453,1981
2026-08-31 12:13:00-04:00,233.90499877929688,233.90499877929688,233.875,233.875,891
2026-08-31 12:14:00-04:00,233.97999572753906,233.97999572753906,233.7899932861328,233.89999389648438,3023
2026-08-31 12:15:00-04:00,234.0,234.07949829101562,234.0,234.07949829101562,1330
2026-08-31 12:16:00-04:00,233.80999755859375,233.94000244140625,233.80999755859375,233.83999633789062,1489
2026-08-31 12:17:00-04:00,233.6699981689453,233.74000549316406,233.6699981689453,233.74000549316406,1524
2026-08-31 12:18:00-04:00,233.76499938964844,233.76499938964844,233.75,233.76499938964844,917
2026-08-31 12:19:00-04:00,233.98500061035156,233.9949951171875,233.75,233.76499938964844,4742
2026-08-31 12:20:00-04:00,234.089599609375,234.1300048828125,233.98500061035156,233.98500061035156,2095
2026-08-31 12:21:00-04:00,234.33999633789062,234.33999633789062,234.3000030517578,234.30499267578125,2296
2026-08-31 12:22:00-04:00,234.25999450683594,234.26499938964844,234.25999450683594,234.26499938964844,1494
2026-08-31 12:23:00-04:00,234.2899932861328,234.36500549316406,234.2899932861328,234.3625030517578,675
2026-08-31 12:24:00-04:00,234.36500549316406,234.4499969482422,234.36500549316406,234.4499969482422,1282
2026-08-31 12:25:00-04:00,234.5500030517578,234.5500030517578,234.47999572753906,234.47999572753906,1726
2026-08-31 12:26:00-04:00,234.61000061035156,234.61000061035156,234.61000061035156,234.61000061035156,773
2026-08-31 12:27:00-04:00,234.7449951171875,234.7449951171875,234.7050018310547,234.7050018310547,1243
2026-08-31 12:28:00-04:00,235.02000427246094,235.07000732421875,234.80499267578125,234.80499267578125,5676
2026-08-31 12:29:00-04:00,235.0749969482422,235.0749969482422,235.02000427246094,235.02000427246094,1168
2026-08-31 12:30:00-04:00,235.0399932861328,235.13499450683594,234.89999389648438,234.91000366210938,3106
2026-08-31 12:31:00-04:00,234.85000610351562,235.08999633789062,234.84010314941406,235.08999633789062,2023
2026-08-31 12:32:00-04:00,234.77999877929688,234.77999877929688,234.75999450683594,234.75999450683594,2174
2026-08-31 12:33:00-04:00,234.9550018310547,234.9550018310547,234.9550018310547,234.9550018310547,540
2026-08-31 12:34:00-04:00,235.18499755859375,235.19000244140625,234.97500610351562,234.97500610351562,1840
2026-08-31 12:35:00-04:00,235.3300018310547,235.4600067138672,235.3300018310547,235.33999633789062,1437
2026-08-31 12:36:00-04:00,235.31500244140625,235.3300018310547,235.2458953857422,235.3300018310547,1989
2026-08-31 12:37:00-04:00,235.31509399414062,235.3300018310547,235.25999450683594,235.25999450683594,960
2026-08-31 12:38:00-04:00,235.25,235.5449981689453,235.25,235.36000061035156,3861
2026-08-31 12:39:00-04:00,235.0500030517578,235.1750030517578,235.0500030517578,235.1750030517578,4463
2026-08-31 12:40:00-04:00,234.8300018310547,234.9949951171875,234.8300018310547,234.91000366210938,3631
2026-08-31 12:41:00-04:00,234.8249969482422,234.8300018310547,234.8249969482422,234.8300018310547,830
2026-08-31 12:42:00-04:00,234.91000366210938,235.0850067138672,234.7550048828125,234.81210327148438,2252
2026-08-31 12:43:00-04:00,234.93499755859375,234.93499755859375,234.86000061035156,234.91000366210938,1864
2026-08-31 12:44:00-04:00,234.41000366210938,234.58999633789062,234.41000366210938,234.58999633789062,691
2026-08-31 12:45:00-04:00,234.53500366210938,234.53500366210938,234.3350067138672,234.43499755859375,6777
2026-08-31 12:46:00-04:00,234.6699981689453,234.77999877929688,234.53500366210938,234.5399932861328,5393
2026-08-31 12:47:00-04:00,234.52999877929688,234.69810485839844,234.52999877929688,234.60499572753906,1197
2026-08-31 12:48:00-04:00,234.59500122070312,234.59500122070312,234.50999450683594,234.52999877929688,3001
2026-08-31 12:49:00-04:00,234.63499450683594,234.7050018310547,234.63499450683594,234.7050018310547,1831
2026-08-31 12:50:00-04:00,234.61000061035156,234.69500732421875,234.60000610351562,234.6501007080078,2916
2026-08-31 12:51:00-04:00,234.5749969482422,234.61000061035156,234.5,234.60499572753906,4861
2026-08-31 12:52:00-04:00,234.5500030517578,234.5500030517578,234.5500030517578,234.5500030517578,1665
2026-08-31 12:53:00-04:00,234.5850067138672,234.61000061035156,234.5850067138672,234.61000061035156,738
2026-08-31 12:54:00-04:00,234.39999389648438,234.5050048828125,234.39999389648438,234.5,2152
2026-08-31 12:55:00-04:00,234.27000427246094,234.28799438476562,234.24000549316406,234.24000549316406,2158
2026-08-31 12:56:00-04:00,234.27000427246094,234.27000427246094,234.27000427246094,234.27000427246094,2608
2026-08-31 12:57:00-04:00,234.47000122070312,234.47000122070312,234.22500610351562,234.2899932861328,2502
2026-08-31 12:58:00-04:00,234.48500061035156,234.52000427246094,234.39500427246094,234.51499938964844,1575
2026-08-31 12:59:00-04:00,234.38999938964844,234.52999877929688,234.38999938964844,234.51499938964844,1471
2026-08-31 13:00:00-04:00,234.4199981689453,234.50999450683594,234.30999755859375,234.50999450683594,2371
2026-08-31 13:01:00-04:00,234.42999267578125,234.42999267578125,234.42999267578125,234.42999267578125,415
2026-08-31 13:02:00-04:00,234.52000427246094,234.55999755859375,234.51499938964844,234.5399932861328,1280
2026-08-31 13:03:00-04:00,234.46499633789062,234.53500366210938,234.4499969482422,234.53500366210938,1973
2026-08-31 13:04:00-04:00,234.375,234.375,234.375,234.375,865
2026-08-31 13:05:00-04:00,234.36500549316406,234.38999938964844,234.36500549316406,234.38999938964844,1861
2026-08-31 13:06:00-04:00,234.4250030517578,234.4250030517578,234.34500122070312,234.41000366210938,1409
2026-08-31 13:07:00-04:00,234.39990234375,234.4593963623047,234.27999877929688,234.3300018310547,6034
2026-08-31 13:08:00-04:00,234.39999389648438,234.52000427246094,234.35499572753906,234.35499572753906,2456
2026-08-31 13:09:00-04:00,234.30999755859375,234.4199981689453,234.27999877929688,234.4199981689453,1249
2026-08-31 13:10:00-04:00,234.34500122070312,234.40499877929688,234.34500122070312,234.40499877929688,1058
2026-08-31 13:11:00-04:00,234.25,234.375,234.25,234.375,2030
2026-08-31 13:12:00-04:00,234.36500549316406,234.3800048828125,234.3000030517578,234.30499267578125,1497
2026-08-31 13:13:00-04:00,234.27000427246094,234.36500549316406,234.22999572753906,234.36500549316406,1865
2026-08-31 13:14:00-04:00,234.1300048828125,234.2449951171875,234.02999877929688,234.2449951171875,5143
2026-08-31 13:15:00-04:00,234.2899932861328,234.2899932861328,234.125,234.125,2350
2026-08-31 13:16:00-04:00,234.11000061035156,234.34500122070312,234.11000061035156,234.3300018310547,6886
2026-08-31 13:17:00-04:00,233.83999633789062,234.07000732421875,233.80999755859375,234.07000732421875,2161
2026-08-31 13:18:00-04:00,233.8699951171875,233.91000366210938,233.8699951171875,233.8800048828125,1213
2026-08-31 13:19:00-04:00,233.875,233.875,233.84500122070312,233.875,1788
2026-08-31 13:20:00-04:00,234.03500366210938,234.10000610351562,233.91000366210938,233.9250030517578,2120
2026-08-31 13:21:00-04:00,234.07000732421875,234.1199951171875,234.02999877929688,234.02999877929688,2793
2026-08-31 13:22:00-04:00,234.1699981689453,234.1699981689453,234.1699981689453,234.1699981689453,562
2026-08-31 13:23:00-04:00,234.22000122070312,234.32000732421875,234.14500427246094,234.17999267578125,2132
2026-08-31 13:24:00-04:00,234.41990661621094,234.41990661621094,234.32000732421875,234.32000732421875,1195
2026-08-31 13:25:00-04:00,234.25999450683594,234.375,234.25999450683594,234.375,845
2026-08-31 13:26:00-04:00,234.4600067138672,234.4600067138672,234.31500244140625,234.31500244140625,2048
2026-08-31 13:27:00-04:00,234.4499969482422,234.4499969482422,234.4499969482422,234.4499969482422,430
2026-08-31 13:28:00-04:00,234.3300018310547,234.3300018310547,234.32000732421875,234.32000732421875,768
2026-08-31 13:29:00-04:00,234.30999755859375,234.30999755859375,234.30999755859375,234.30999755859375,1141
2026-08-31 13:30:00-04:00,234.38999938964844,234.38999938964844,234.3249969482422,234.3350067138672,1920
2026-08-31 13:31:00-04:00,234.1999969482422,234.4199981689453,234.1999969482422,234.4199981689453,2267
2026-08-31 13:32:00-04:00,234.3000030517578,234.30999755859375,234.13499450683594,234.13999938964844,3148
2026-08-31 13:33:00-04:00,234.3300018310547,234.39990234375,234.3249969482422,234.3249969482422,1001
2026-08-31 13:34:00-04:00,234.2899932861328,234.2899932861328,234.24000549316406,234.25999450683594,1290
2026-08-31 13:35:00-04:00,234.24000549316406,234.28500366210938,234.11000061035156,234.14500427246094,5993
2026-08-31 13:37:00-04:00,234.1300048828125,234.1300048828125,234.1300048828125,234.1300048828125,492
2026-08-31 13:38:00-04:00,234.1999969482422,234.27499389648438,234.1300048828125,234.19500732421875,2080
2026-08-31 13:39:00-04:00,234.0800018310547,234.0800018310547,234.0800018310547,234.0800018310547,951
2026-08-31 13:40:00-04:00,234.14500427246094,234.14500427246094,234.14500427246094,234.14500427246094,776
2026-08-31 13:41:00-04:00,234.1699981689453,234.1699981689453,234.0800018310547,234.0800018310547,1204
2026-08-31 13:42:00-04:00,234.2050018310547,234.2050018310547,234.09500122070312,234.09500122070312,1245
2026-08-31 13:43:00-04:00,234.19000244140625,234.19000244140625,234.18499755859375,234.18499755859375,2534
2026-08-31 13:44:00-04:00,234.2100067138672,234.2100067138672,234.14999389648438,234.19000244140625,2202
2026-08-31 13:45:00-04:00,234.25,234.36000061035156,234.25,234.25,4147
2026-08-31 13:46:00-04:00,234.24000549316406,234.24000549316406,234.24000549316406,234.24000549316406,448
2026-08-31 13:47:00-04:00,234.32000732421875,234.44500732421875,234.30999755859375,234.30999755859375,1582
2026-08-31 13:48:00-04:00,234.1699981689453,234.3699951171875,234.1699981689453,234.3300018310547,3732
2026-08-31 13:49:00-04:00,234.07000732421875,234.08999633789062,234.02999877929688,234.08999633789062,1291
2026-08-31 13:50:00-04:00,234.2100067138672,234.2100067138672,234.0800018310547,234.0800018310547,3000
2026-08-31 13:51:00-04:00,234.0500030517578,234.13499450683594,234.0500030517578,234.13499450683594,1128
2026-08-31 13:52:00-04:00,234.14999389648438,234.14999389648438,234.0,234.05999755859375,2384
2026-08-31 13:53:00-04:00,234.19000244140625,234.19000244140625,234.19000244140625,234.19000244140625,821
2026-08-31 13:54:00-04:00,234.19000244140625,234.2100067138672,234.17999267578125,234.2100067138672,3778
2026-08-31 13:55:00-04:00,234.47999572753906,234.47999572753906,234.14500427246094,234.16000366210938,4984
2026-08-31 13:56:00-04:00,235.63999938964844,235.63999938964844,234.47999572753906,234.47999572753906,9706
2026-08-31 13:57:00-04:00,235.53500366210938,235.82000732421875,235.3800048828125,235.63999938964844,3690
2026-08-31 13:58:00-04:00,235.5500030517578,235.5500030517578,235.4499969482422,235.48919677734375,1880
2026-08-31 13:59:00-04:00,235.5500030517578,235.72000122070312,235.5500030517578,235.72000122070312,1527
2026-08-31 14:00:00-04:00,235.44000244140625,235.5,235.25,235.5,5489
2026-08-31 14:01:00-04:00,235.83999633789062,235.83999633789062,235.78509521484375,235.83999633789062,1002
2026-08-31 14:02:00-04:00,236.38999938964844,236.50999450683594,236.0,236.0,8687
2026-08-31 14:03:00-04:00,236.3699951171875,236.66419982910156,236.31500244140625,236.66419982910156,5816
2026-08-31 14:04:00-04:00,236.26499938964844,236.47999572753906,236.26499938964844,236.47999572753906,2167
2026-08-31 14:05:00-04:00,236.22000122070312,236.2449951171875,236.22000122070312,236.2449951171875,1426
2026-08-31 14:06:00-04:00,236.27000427246094,236.4600067138672,236.22999572753906,236.22999572753906,9998
2026-08-31 14:07:00-04:00,236.24000549316406,236.27000427246094,236.22999572753906,236.27000427246094,2828
2026-08-31 14:08:00-04:00,236.2899932861328,236.4199981689453,236.22999572753906,236.23500061035156,2651
2026-08-31 14:09:00-04:00,236.53500366210938,236.53500366210938,236.2899932861328,236.2899932861328,2915
2026-08-31 14:10:00-04:00,236.65499877929688,236.65499877929688,236.51800537109375,236.53500366210938,1376
2026-08-31 14:11:00-04:00,236.6199951171875,236.8000030517578,236.57000732421875,236.8000030517578,2984
2026-08-31 14:12:00-04:00,236.60000610351562,236.60000610351562,236.60000610351562,236.60000610351562,1527
2026-08-31 14:13:00-04:00,236.38499450683594,236.57000732421875,236.38499450683594,236.57000732421875,1708
2026-08-31 14:14:00-04:00,236.21499633789062,236.22000122070312,236.05999755859375,236.05999755859375,2255
2026-08-31 14:15:00-04:00,236.41000366210938,236.47999572753906,236.41000366210938,236.47999572753906,1132
2026-08-31 14:16:00-04:00,236.4550018310547,236.7198944091797,236.38999938964844,236.39999389648438,1323
2026-08-31 14:17:00-04:00,236.6699981689453,236.6699981689453,236.4550018310547,236.49000549316406,896
2026-08-31 14:18:00-04:00,236.4550018310547,236.6300048828125,236.4550018310547,236.4550018310547,2253
2026-08-31 14:19:00-04:00,236.47999572753906,236.5,236.34500122070312,236.34500122070312,1370
2026-08-31 14:20:00-04:00,236.39500427246094,236.39500427246094,236.3699951171875,236.3699951171875,2411
2026-08-31 14:21:00-04:00,236.64999389648438,236.72500610351562,236.64999389648438,236.701904296875,2561
2026-08-31 14:22:00-04:00,236.42999267578125,236.47999572753906,236.3800048828125,236.47999572753906,3630
2026-08-31 14:23:00-04:00,236.4199981689453,236.4199981689453,236.27499389648438,236.36000061035156,1572
2026-08-31 14:24:00-04:00,236.4600067138672,236.4600067138672,236.4600067138672,236.4600067138672,346
2026-08-31 14:25:00-04:00,236.42999267578125,236.63999938964844,236.42999267578125,236.63999938964844,1587
2026-08-31 14:26:00-04:00,236.25,236.25999450683594,236.25,236.25999450683594,1380
2026-08-31 14:27:00-04:00,236.25,236.39999389648438,236.25,236.3000030517578,1977
2026-08-31 14:28:00-04:00,236.3300018310547,236.3300018310547,236.1699981689453,236.24000549316406,3482
2026-08-31 14:30:00-04:00,236.0,236.13999938964844,236.0,236.0500030517578,1339
2026-08-31 14:31:00-04:00,235.88499450683594,235.9600067138672,235.88499450683594,235.9600067138672,995
2026-08-31 14:32:00-04:00,235.94500732421875,235.94500732421875,235.77499389648438,235.88499450683594,1241
2026-08-31 14:33:00-04:00,235.9499969482422,235.9499969482422,235.9149932861328,235.9149932861328,994
2026-08-31 14:34:00-04:00,235.94500732421875,235.9499969482422,235.7449951171875,235.9499969482422,1963
2026-08-31 14:35:00-04:00,236.0449981689453,236.0449981689453,235.94000244140625,235.94000244140625,2068
2026-08-31 14:36:00-04:00,236.02499389648438,236.02499389648438,235.9600067138672,235.9600067138672,1156
2026-08-31 14:37:00-04:00,235.99000549316406,236.0500030517578,235.99000549316406,236.0,1383
2026-08-31 14:38:00-04:00,235.97000122070312,235.97000122070312,235.94500732421875,235.97000122070312,2171
2026-08-31 14:39:00-04:00,236.39999389648438,236.39999389648438,236.05499267578125,236.05499267578125,2469
2026-08-31 14:40:00-04:00,236.3249969482422,236.3249969482422,236.22999572753906,236.22999572753906,1616
2026-08-31 14:41:00-04:00,236.3800048828125,236.4949951171875,236.3800048828125,236.4949951171875,1203
2026-08-31 14:42:00-04:00,236.7449951171875,236.7449951171875,236.2899932861328,236.2949981689453,5648
2026-08-31 14:43:00-04:00,236.6649932861328,236.6649932861328,236.6649932861328,236.6649932861328,1152
2026-08-31 14:45:00-04:00,236.47999572753906,236.72000122070312,236.47999572753906,236.5800018310547,3372
2026-08-31 14:46:00-04:00,236.6199951171875,236.6199951171875,236.48500061035156,236.48500061035156,1445
2026-08-31 14:47:00-04:00,236.7449951171875,236.7449951171875,236.59500122070312,236.69000244140625,2836
2026-08-31 14:48:00-04:00,236.9199981689453,236.9199981689453,236.9199981689453,236.9199981689453,1948
2026-08-31 14:50:00-04:00,236.6649932861328,236.67999267578125,236.6649932861328,236.67999267578125,1598
2026-08-31 14:51:00-04:00,236.6750030517578,236.69000244140625,236.60000610351562,236.6300048828125,1540
2026-08-31 14:52:00-04:00,236.80990600585938,236.80990600585938,236.65499877929688,236.6750030517578,1408
2026-08-31 14:53:00-04:00,236.77999877929688,236.77999877929688,236.61500549316406,236.63999938964844,2728
2026-08-31 14:54:00-04:00,236.94000244140625,236.94000244140625,236.57000732421875,236.6999969482422,4509
2026-08-31 14:55:00-04:00,236.96499633789062,237.0050048828125,236.94000244140625,236.9499969482422,7376
2026-08-31 14:56:00-04:00,236.8800048828125,236.9149932861328,236.67999267578125,236.7100067138672,1755
2026-08-31 14:57:00-04:00,236.6999969482422,236.72000122070312,236.63999938964844,236.72000122070312,3746
2026-08-31 14:59:00-04:00,236.5399932861328,236.69000244140625,236.42999267578125,236.6199951171875,2790
2026-08-31 15:00:00-04:00,236.41000366210938,236.4949951171875,236.41000366210938,236.4949951171875,1331
2026-08-31 15:01:00-04:00,236.27999877929688,236.55999755859375,236.27999877929688,236.44000244140625,1385
2026-08-31 15:02:00-04:00,236.53500366210938,236.53500366210938,236.2949981689453,236.2949981689453,4863
2026-08-31 15:03:00-04:00,237.0749969482422,237.0749969482422,236.5399932861328,236.5399932861328,3926
2026-08-31 15:04:00-04:00,237.08999633789062,237.22000122070312,237.02999877929688,237.08999633789062,3890
2026-08-31 15:05:00-04:00,237.0399932861328,237.08999633789062,236.89999389648438,236.91000366210938,2011
2026-08-31 15:06:00-04:00,236.86000061035156,237.17999267578125,236.86000061035156,237.17999267578125,4608
2026-08-31 15:07:00-04:00,236.67999267578125,236.67999267578125,236.6750030517578,236.6750030517578,761
2026-08-31 15:08:00-04:00,236.91000366210938,236.91000366210938,236.82000732421875,236.82000732421875,1648
2026-08-31 15:09:00-04:00,237.19000244140625,237.33999633789062,236.96499633789062,237.05999755859375,11256
2026-08-31 15:10:00-04:00,237.41000366210938,237.52000427246094,237.41000366210938,237.42999267578125,2916
2026-08-31 15:11:00-04:00,237.47999572753906,237.47999572753906,237.36000061035156,237.47000122070312,3243
2026-08-31 15:12:00-04:00,237.74000549316406,237.77000427246094,237.37010192871094,237.5800018310547,6098
2026-08-31 15:13:00-04:00,237.5500030517578,237.89999389648438,237.5500030517578,237.89999389648438,2909
2026-08-31 15:14:00-04:00,237.55999755859375,237.6199951171875,237.50999450683594,237.5500030517578,6980
2026-08-31 15:15:00-04:00,237.5800018310547,237.58999633789062,237.5,237.58999633789062,4814
2026-08-31 15:16:00-04:00,237.75,237.8350067138672,237.57000732421875,237.57000732421875,7364
2026-08-31 15:17:00-04:00,238.0,238.10499572753906,237.82000732421875,237.85499572753906,3396
2026-08-31 15:18:00-04:00,237.97000122070312,238.11500549316406,237.97000122070312,238.11500549316406,3369
2026-08-31 15:19:00-04:00,238.0850067138672,238.13999938964844,237.9499969482422,238.1199951171875,2640
2026-08-31 15:20:00-04:00,238.10000610351562,238.1300048828125,238.0399932861328,238.1300048828125,2304
2026-08-31 15:21:00-04:00,238.02000427246094,238.1300048828125,238.02000427246094,238.0850067138672,3671
2026-08-31 15:22:00-04:00,238.11000061035156,238.17999267578125,238.11000061035156,238.1699981689453,2159
2026-08-31 15:23:00-04:00,238.02000427246094,238.25,238.02000427246094,238.02000427246094,3302
2026-08-31 15:24:00-04:00,237.9600067138672,237.99000549316406,237.8699951171875,237.98049926757812,8147
2026-08-31 15:25:00-04:00,237.97999572753906,238.0800018310547,237.97999572753906,238.00999450683594,2849
2026-08-31 15:26:00-04:00,238.22500610351562,238.22500610351562,238.00999450683594,238.00999450683594,2816
2026-08-31 15:27:00-04:00,238.7050018310547,238.72610473632812,238.1199951171875,238.1199951171875,8333
2026-08-31 15:28:00-04:00,238.75,238.85000610351562,238.72000122070312,238.72500610351562,3282
2026-08-31 15:29:00-04:00,239.09500122070312,239.1074981689453,238.8249969482422,238.86000061035156,4341
2026-08-31 15:30:00-04:00,238.97999572753906,239.02000427246094,238.6699981689453,238.9499969482422,6784
2026-08-31 15:31:00-04:00,238.8800048828125,239.10000610351562,238.8800048828125,239.07000732421875,2857
2026-08-31 15:32:00-04:00,238.89999389648438,239.02999877929688,238.89999389648438,239.02999877929688,4417
2026-08-31 15:33:00-04:00,239.22999572753906,239.2899932861328,238.97000122070312,239.05999755859375,6939
2026-08-31 15:34:00-04:00,239.18499755859375,239.3000030517578,239.0850067138672,239.17999267578125,5082
2026-08-31 15:35:00-04:00,238.9149932861328,239.13999938964844,238.9149932861328,239.1199951171875,3905
2026-08-31 15:36:00-04:00,238.8800048828125,239.08999633789062,238.8000030517578,238.83999633789062,6750
2026-08-31 15:37:00-04:00,238.875,238.875,238.77999877929688,238.7899932861328,2529
2026-08-31 15:38:00-04:00,239.05999755859375,239.05999755859375,238.88999938964844,238.88999938964844,3099
2026-08-31 15:39:00-04:00,238.875,239.0500030517578,238.875,239.0500030517578,6182
2026-08-31 15:40:00-04:00,238.92999267578125,239.4199981689453,238.92999267578125,238.97000122070312,15171
2026-08-31 15:41:00-04:00,238.79249572753906,239.02999877929688,238.79249572753906,239.02999877929688,3553
2026-08-31 15:42:00-04:00,239.19000244140625,239.19000244140625,238.67999267578125,238.7100067138672,14676
2026-08-31 15:43:00-04:00,239.18739318847656,239.30999755859375,239.1699981689453,239.19000244140625,6297
2026-08-31 15:44:00-04:00,239.63999938964844,239.63999938964844,239.125,239.1699981689453,16920
2026-08-31 15:45:00-04:00,239.49000549316406,239.6999969482422,239.4199981689453,239.6199951171875,14816
2026-08-31 15:46:00-04:00,239.3000030517578,239.39999389648438,239.1999969482422,239.36000061035156,5532
2026-08-31 15:47:00-04:00,239.00999450683594,239.16000366210938,239.00999450683594,239.11000061035156,7418
2026-08-31 15:48:00-04:00,238.9550018310547,239.0399932861328,238.8800048828125,239.03500366210938,11778
2026-08-31 15:49:00-04:00,239.11000061035156,239.22500610351562,238.8699951171875,238.9550018310547,10148
2026-08-31 15:50:00-04:00,238.89999389648438,239.1300048828125,238.72000122070312,239.1300048828125,22816
2026-08-31 15:51:00-04:00,238.36000061035156,238.89999389648438,238.36000061035156,238.89999389648438,20443
2026-08-31 15:52:00-04:00,238.63499450683594,238.63499450683594,238.44500732421875,238.44500732421875,13515
2026-08-31 15:53:00-04:00,238.34500122070312,238.56219482421875,238.1999969482422,238.52999877929688,18868
2026-08-31 15:54:00-04:00,237.72000122070312,238.35000610351562,237.72000122070312,238.27000427246094,30161
2026-08-31 15:55:00-04:00,236.85000610351562,237.6999969482422,236.42999267578125,237.6999969482422,67403
2026-08-31 15:56:00-04:00,237.05999755859375,237.23500061035156,236.84500122070312,236.84500122070312,44624
2026-08-31 15:57:00-04:00,237.17999267578125,237.33999633789062,236.8300018310547,237.05999755859375,67026
2026-08-31 15:58:00-04:00,237.13999938964844,237.27999877929688,236.97999572753906,237.19000244140625,71818
2026-08-31 15:59:00-04:00,237.02999877929688,237.25,236.91000366210938,237.05999755859375,144911
2026-09-01 09:30:00-04:00,234.66000366210938,236.2100067138672,231.58999633789062,232.6199951171875,70632
2026-09-01 09:31:00-04:00,232.9149932861328,235.47000122070312,232.9149932861328,235.4600067138672,24514
2026-09-01 09:32:00-04:00,235.7899932861328,235.7899932861328,233.8300018310547,233.8300018310547,5004
2026-09-01 09:33:00-04:00,236.43499755859375,237.0800018310547,235.32000732421875,235.3300018310547,13791
2026-09-01 09:34:00-04:00,234.41000366210938,237.3800048828125,234.0800018310547,237.3800048828125,13643
2026-09-01 09:35:00-04:00,235.77000427246094,236.1300048828125,234.7899932861328,234.7899932861328,5334
2026-09-01 09:36:00-04:00,233.97500610351562,234.90499877929688,233.58999633789062,234.80999755859375,8111
2026-09-01 09:37:00-04:00,235.0,235.0,233.76499938964844,234.0,7763
2026-09-01 09:38:00-04:00,233.88499450683594,235.5500030517578,233.80999755859375,235.0050048828125,13014
2026-09-01 09:39:00-04:00,234.2550048828125,234.42999267578125,233.610107421875,234.14500427246094,8583
2026-09-01 09:40:00-04:00,233.61000061035156,234.02999877929688,233.61000061035156,233.875,3841
2026-09-01 09:41:00-04:00,232.90499877929688,233.51499938964844,232.63999938964844,233.32000732421875,5542
2026-09-01 09:42:00-04:00,232.86000061035156,233.99000549316406,232.50999450683594,232.90499877929688,10000
2026-09-01 09:43:00-04:00,232.52999877929688,232.8125,232.5,232.5,4131
2026-09-01 09:44:00-04:00,232.52499389648438,233.05999755859375,232.0,232.8000030517578,13143
2026-09-01 09:45:00-04:00,233.88999938964844,233.88999938964844,232.60000610351562,232.60000610351562,4677
2026-09-01 09:46:00-04:00,233.7550048828125,234.41000366210938,233.29010009765625,233.70899963378906,16503
2026-09-01 09:47:00-04:00,233.49000549316406,233.5,233.49000549316406,233.49000549316406,6286
2026-09-01 09:48:00-04:00,232.75900268554688,233.61000061035156,232.75900268554688,233.61000061035156,2123
2026-09-01 09:49:00-04:00,232.66000366210938,233.1009063720703,232.66000366210938,233.02499389648438,3814
2026-09-01 09:50:00-04:00,231.9199981689453,232.74000549316406,231.70309448242188,232.6750030517578,25797
2026-09-01 09:51:00-04:00,230.72500610351562,231.77999877929688,230.72500610351562,231.77000427246094,11130
2026-09-01 09:52:00-04:00,229.91000366210938,230.80999755859375,229.6699981689453,230.63099670410156,19294
2026-09-01 09:53:00-04:00,229.5749969482422,230.01499938964844,229.2342987060547,229.77999877929688,6372
2026-09-01 09:54:00-04:00,229.6999969482422,229.74000549316406,229.1300048828125,229.3000030517578,8009
2026-09-01 09:55:00-04:00,229.85000610351562,230.22999572753906,229.41009521484375,229.9199981689453,7568
2026-09-01 09:56:00-04:00,230.38999938964844,230.38999938964844,229.63999938964844,230.13999938964844,2998
2026-09-01 09:57:00-04:00,230.2100067138672,230.22000122070312,229.78500366210938,230.22000122070312,8772
2026-09-01 09:58:00-04:00,230.47999572753906,230.47999572753906,229.86500549316406,229.86500549316406,4875
2026-09-01 09:59:00-04:00,230.0800018310547,230.4600067138672,230.0800018310547,230.27000427246094,4078
2026-09-01 10:00:00-04:00,230.89999389648438,230.89999389648438,229.9600067138672,229.9600067138672,7362
2026-09-01 10:01:00-04:00,231.47000122070312,231.5500030517578,230.77499389648438,230.97000122070312,20989
2026-09-01 10:02:00-04:00,230.2899932861328,231.9199981689453,230.2899932861328,231.52999877929688,21180
2026-09-01 10:03:00-04:00,230.07000732421875,230.69000244140625,229.72500610351562,230.44500732421875,12801
2026-09-01 10:04:00-04:00,229.49000549316406,230.30499267578125,229.49000549316406,230.2100067138672,3671
2026-09-01 10:05:00-04:00,229.39500427246094,229.69000244140625,229.35000610351562,229.46499633789062,4769
2026-09-01 10:06:00-04:00,229.8000030517578,230.0399932861328,229.5399932861328,229.5399932861328,3678
2026-09-01 10:07:00-04:00,230.0,230.0,229.75999450683594,229.88999938964844,4948
2026-09-01 10:08:00-04:00,230.22000122070312,230.47000122070312,229.9250030517578,230.10000610351562,23426
2026-09-01 10:09:00-04:00,230.41000366210938,230.6300048828125,230.00999450683594,230.21499633789062,7945
2026-09-01 10:10:00-04:00,230.0449981689453,230.64999389648438,229.85000610351562,230.63999938964844,12206
2026-09-01 10:11:00-04:00,229.7899932861328,230.0,229.72000122070312,230.0,3397
2026-09-01 10:12:00-04:00,229.55499267578125,229.9199981689453,229.44500732421875,229.7899932861328,5311
2026-09-01 10:13:00-04:00,229.64999389648438,229.7899932861328,229.50999450683594,229.55999755859375,6435
2026-09-01 10:14:00-04:00,229.44500732421875,229.7899932861328,229.1999969482422,229.69000244140625,40934
2026-09-01 10:15:00-04:00,229.81500244140625,230.00999450683594,229.44500732421875,229.44500732421875,7016
2026-09-01 10:16:00-04:00,229.9499969482422,230.16000366210938,229.85000610351562,229.97999572753906,3408
2026-09-01 10:17:00-04:00,229.7550048828125,229.8800048828125,229.6768035888672,229.8800048828125,2103
2026-09-01 10:18:00-04:00,229.2100067138672,229.8000030517578,229.0500030517578,229.8000030517578,15610
2026-09-01 10:19:00-04:00,229.08999633789062,229.2100067138672,228.88499450683594,229.2100067138672,5070
2026-09-01 10:20:00-04:00,228.72999572753906,229.19500732421875,228.65499877929688,229.19500732421875,8979
2026-09-01 10:21:00-04:00,228.78500366210938,228.8800048828125,228.75,228.75,3399
2026-09-01 10:22:00-04:00,228.92999267578125,228.92999267578125,228.6199951171875,228.78500366210938,3081
2026-09-01 10:23:00-04:00,228.375,228.83949279785156,228.25999450683594,228.75,33878
2026-09-01 10:24:00-04:00,228.0800018310547,228.3350067138672,227.88999938964844,228.10000610351562,8129
2026-09-01 10:25:00-04:00,228.14500427246094,228.14500427246094,227.9499969482422,227.9499969482422,3755
2026-09-01 10:26:00-04:00,228.1750030517578,228.41000366210938,228.1300048828125,228.1300048828125,2213
2026-09-01 10:27:00-04:00,228.0800018310547,228.17999267578125,228.00999450683594,228.17999267578125,2425
2026-09-01 10:28:00-04:00,227.5399932861328,228.27000427246094,227.4600067138672,228.0749969482422,17881
2026-09-01 10:29:00-04:00,227.39500427246094,227.61000061035156,227.2899932861328,227.60000610351562,9684
2026-09-01 10:30:00-04:00,227.9499969482422,227.98500061035156,227.4600067138672,227.4600067138672,8551
2026-09-01 10:31:00-04:00,228.75999450683594,228.75999450683594,227.9499969482422,227.9499969482422,5892
2026-09-01 10:32:00-04:00,228.6999969482422,229.0050048828125,228.6999969482422,228.99000549316406,6366
2026-09-01 10:33:00-04:00,228.7550048828125,229.05999755859375,228.58999633789062,228.82000732421875,6765
2026-09-01 10:34:00-04:00,227.8699951171875,228.7100067138672,227.68499755859375,228.7100067138672,10732
2026-09-01 10:35:00-04:00,227.97999572753906,228.0800018310547,227.58999633789062,227.86000061035156,7504
2026-09-01 10:36:00-04:00,227.83250427246094,227.85000610351562,227.4199981689453,227.71499633789062,6650
2026-09-01 10:37:00-04:00,228.22000122070312,228.22000122070312,227.7760009765625,227.7760009765625,3466
2026-09-01 10:38:00-04:00,228.2949981689453,228.3000030517578,228.24000549316406,228.2949981689453,6118
2026-09-01 10:39:00-04:00,228.52630615234375,228.86000061035156,228.47000122070312,228.47000122070312,15625
2026-09-01 10:40:00-04:00,228.96499633789062,229.13999938964844,228.9600067138672,229.02000427246094,3291
2026-09-01 10:41:00-04:00,228.7899932861328,229.0,228.61000061035156,228.96499633789062,5861
2026-09-01 10:42:00-04:00,228.85499572753906,228.86000061035156,228.85499572753906,228.86000061035156,746
2026-09-01 10:43:00-04:00,228.9149932861328,229.11000061035156,228.86000061035156,229.10000610351562,6108
2026-09-01 10:44:00-04:00,229.0,229.0,228.7100067138672,228.80499267578125,2393
2026-09-01 10:45:00-04:00,229.3000030517578,229.3000030517578,228.77999877929688,229.02000427246094,6663
2026-09-01 10:46:00-04:00,228.9550018310547,229.3000030517578,228.75999450683594,229.3000030517578,8502
2026-09-01 10:47:00-04:00,229.80499267578125,229.80499267578125,228.60000610351562,228.75999450683594,9587
2026-09-01 10:48:00-04:00,229.82000732421875,229.94000244140625,229.82000732421875,229.94000244140625,1504
2026-09-01 10:49:00-04:00,229.91000366210938,229.91000366210938,229.78500366210938,229.78500366210938,3967
2026-09-01 10:50:00-04:00,229.64999389648438,229.89999389648438,229.35000610351562,229.89999389648438,8906
2026-09-01 10:51:00-04:00,229.7100067138672,229.7100067138672,229.6999969482422,229.7100067138672,2527
2026-09-01 10:52:00-04:00,229.27000427246094,229.60000610351562,229.1750030517578,229.5850067138672,3406
2026-09-01 10:53:00-04:00,229.4600067138672,229.4600067138672,229.4199981689453,229.42999267578125,857
2026-09-01 10:54:00-04:00,229.6300048828125,229.6999969482422,229.6300048828125,229.67999267578125,1726
2026-09-01 10:55:00-04:00,230.0399932861328,230.0399932861328,229.74000549316406,229.74000549316406,3888
2026-09-01 10:56:00-04:00,230.44000244140625,230.44000244140625,230.08999633789062,230.44000244140625,827
2026-09-01 10:57:00-04:00,230.0,230.22000122070312,230.0,230.10000610351562,2959
2026-09-01 10:58:00-04:00,229.77999877929688,230.2100067138672,229.57000732421875,230.0,31993
2026-09-01 10:59:00-04:00,229.60000610351562,229.7899932861328,229.60000610351562,229.68179321289062,12684
2026-09-01 11:00:00-04:00,229.80999755859375,229.80999755859375,229.69500732421875,229.7050018310547,2931
2026-09-01 11:01:00-04:00,229.7449951171875,229.75999450683594,229.7449951171875,229.75999450683594,2303
2026-09-01 11:02:00-04:00,229.7949981689453,229.97799682617188,229.7949981689453,229.97799682617188,2233
2026-09-01 11:03:00-04:00,229.72000122070312,229.86500549316406,229.7100067138672,229.86500549316406,4954
2026-09-01 11:04:00-04:00,229.17999267578125,229.7550048828125,229.17999267578125,229.7550048828125,4147
2026-09-01 11:05:00-04:00,229.28500366210938,229.6699981689453,229.17999267578125,229.17999267578125,5622
2026-09-01 11:06:00-04:00,229.27999877929688,229.39999389648438,229.1300048828125,229.3800048828125,11485
2026-09-01 11:07:00-04:00,229.19500732421875,229.52000427246094,229.0500030517578,229.2899932861328,14659
2026-09-01 11:08:00-04:00,228.72610473632812,228.97999572753906,228.72610473632812,228.97999572753906,1272
2026-09-01 11:09:00-04:00,228.97999572753906,229.22000122070312,228.97999572753906,228.98500061035156,970
2026-09-01 11:10:00-04:00,229.24000549316406,229.2899932861328,229.1649932861328,229.1999969482422,8840
2026-09-01 11:11:00-04:00,228.97999572753906,229.35000610351562,228.97999572753906,229.23500061035156,2715
2026-09-01 11:12:00-04:00,228.94000244140625,228.97999572753906,228.94000244140625,228.97999572753906,1692
2026-09-01 11:13:00-04:00,228.94000244140625,228.94000244140625,228.6800994873047,228.92999267578125,1821
2026-09-01 11:14:00-04:00,229.4600067138672,229.4600067138672,229.10000610351562,229.10000610351562,2668
2026-09-01 11:15:00-04:00,229.0,229.4600067138672,229.0,229.30999755859375,5988
2026-09-01 11:16:00-04:00,228.5,228.9499969482422,228.5,228.9499969482422,4508
2026-09-01 11:17:00-04:00,228.4600067138672,228.46499633789062,228.31500244140625,228.46499633789062,3814
2026-09-01 11:18:00-04:00,228.41000366210938,228.63999938964844,228.41000366210938,228.4199981689453,1390
2026-09-01 11:19:00-04:00,228.4250030517578,228.4250030517578,228.41000366210938,228.41000366210938,1823
2026-09-01 11:20:00-04:00,228.35000610351562,228.4199981689453,228.17999267578125,228.4199981689453,3597
2026-09-01 11:21:00-04:00,228.4149932861328,228.6300048828125,228.3699951171875,228.4174041748047,2455
2026-09-01 11:22:00-04:00,228.5,228.5,228.5,228.5,1347
2026-09-01 11:23:00-04:00,228.47999572753906,228.5500030517578,228.35499572753906,228.4149932861328,7022
2026-09-01 11:24:00-04:00,228.67999267578125,228.67999267578125,228.35000610351562,228.5050048828125,3768
2026-09-01 11:25:00-04:00,228.55999755859375,228.8300018310547,228.55999755859375,228.8300018310547,14293
2026-09-01 11:26:00-04:00,228.47999572753906,228.58999633789062,228.44500732421875,228.4550018310547,5174
2026-09-01 11:27:00-04:00,228.44500732421875,228.49000549316406,228.44500732421875,228.49000549316406,3694
2026-09-01 11:28:00-04:00,228.375,228.50999450683594,228.3300018310547,228.46749877929688,4373
2026-09-01 11:29:00-04:00,228.4600067138672,228.47500610351562,228.39999389648438,228.4250030517578,1638
2026-09-01 11:30:00-04:00,227.77000427246094,228.50999450683594,227.77000427246094,228.5050048828125,11596
2026-09-01 11:31:00-04:00,228.0500030517578,228.0500030517578,228.0500030517578,228.0500030517578,826
2026-09-01 11:32:00-04:00,227.9250030517578,227.9250030517578,227.89999389648438,227.89999389648438,1034
2026-09-01 11:33:00-04:00,227.9250030517578,227.9250030517578,227.9250030517578,227.9250030517578,2068
2026-09-01 11:34:00-04:00,227.9250030517578,228.0,227.8699951171875,227.88499450683594,3160
2026-09-01 11:35:00-04:00,227.53500366210938,227.9199981689453,227.53500366210938,227.82000732421875,5066
2026-09-01 11:36:00-04:00,227.7550048828125,227.85000610351562,227.50999450683594,227.50999450683594,4373
2026-09-01 11:37:00-04:00,227.85000610351562,227.92999267578125,227.6649932861328,227.6999969482422,9914
2026-09-01 11:38:00-04:00,227.9243927001953,228.15750122070312,227.9243927001953,228.0500030517578,1459
2026-09-01 11:39:00-04:00,227.93499755859375,227.93499755859375,227.8000030517578,227.82000732421875,1775
2026-09-01 11:40:00-04:00,227.77000427246094,227.9149932861328,227.76499938964844,227.77999877929688,2189
2026-09-01 11:41:00-04:00,228.2100067138672,228.25999450683594,228.08999633789062,228.08999633789062,3123
2026-09-01 11:42:00-04:00,228.5500030517578,228.5500030517578,228.2899932861328,228.2899932861328,606
2026-09-01 11:43:00-04:00,228.04200744628906,228.52000427246094,228.02000427246094,228.49000549316406,7562
2026-09-01 11:44:00-04:00,228.0800018310547,228.27999877929688,227.9600067138672,228.24000549316406,2941
2026-09-01 11:45:00-04:00,227.86000061035156,227.86000061035156,227.86000061035156,227.86000061035156,394
2026-09-01 11:46:00-04:00,227.69000244140625,227.9199981689453,227.69000244140625,227.86000061035156,2793
2026-09-01 11:47:00-04:00,227.83749389648438,227.97000122070312,227.72999572753906,227.72999572753906,1054
2026-09-01 11:48:00-04:00,227.58999633789062,227.77000427246094,227.5500030517578,227.76499938964844,2134
2026-09-01 11:49:00-04:00,227.6649932861328,227.6699981689453,227.55999755859375,227.6699981689453,3257
2026-09-01 11:50:00-04:00,227.47000122070312,227.59500122070312,227.39999389648438,227.50999450683594,3990
2026-09-01 11:51:00-04:00,227.22999572753906,227.47999572753906,227.1999969482422,227.4600067138672,9325
2026-09-01 11:52:00-04:00,226.77999877929688,227.13999938964844,226.63499450683594,227.13999938964844,10713
2026-09-01 11:53:00-04:00,226.7899932861328,226.89999389648438,226.7899932861328,226.89999389648438,2740
2026-09-01 11:54:00-04:00,226.8000030517578,226.82000732421875,226.6999969482422,226.6999969482422,1755
2026-09-01 11:55:00-04:00,226.8300018310547,226.8800048828125,226.8300018310547,226.8800048828125,687
2026-09-01 11:56:00-04:00,227.49249267578125,227.7100067138672,226.82000732421875,226.82000732421875,7888
2026-09-01 11:57:00-04:00,227.44000244140625,227.44500732421875,227.44000244140625,227.44500732421875,901
2026-09-01 11:58:00-04:00,227.4600067138672,227.4600067138672,227.36749267578125,227.3699951171875,1785
2026-09-01 11:59:00-04:00,227.1750030517578,227.7449951171875,227.1750030517578,227.43499755859375,21412
2026-09-01 12:00:00-04:00,226.92999267578125,227.1999969482422,226.92999267578125,227.1999969482422,2097
2026-09-01 12:01:00-04:00,226.63999938964844,226.63999938964844,226.60000610351562,226.60000610351562,622
2026-09-01 12:02:00-04:00,226.52999877929688,226.52999877929688,226.52999877929688,226.52999877929688,4731
2026-09-01 12:03:00-04:00,226.93380737304688,227.0800018310547,226.85000610351562,226.85000610351562,2663
2026-09-01 12:04:00-04:00,227.4600067138672,227.4600067138672,227.08999633789062,227.10499572753906,12246
2026-09-01 12:05:00-04:00,226.9499969482422,227.4600067138672,226.9499969482422,227.4600067138672,12845
2026-09-01 12:06:00-04:00,227.0050048828125,227.0050048828125,227.0050048828125,227.0050048828125,1921
2026-09-01 12:07:00-04:00,226.9199981689453,226.9199981689453,226.85159301757812,226.85159301757812,2022
2026-09-01 12:08:00-04:00,226.72999572753906,226.9149932861328,226.72999572753906,226.91000366210938,1338
2026-09-01 12:09:00-04:00,226.6999969482422,226.83999633789062,226.69000244140625,226.77999877929688,3225
2026-09-01 12:10:00-04:00,226.41000366210938,226.50999450683594,226.36500549316406,226.5,2907
2026-09-01 12:11:00-04:00,226.55999755859375,226.61000061035156,226.32000732421875,226.61000061035156,3745
2026-09-01 12:12:00-04:00,226.63499450683594,226.83999633789062,226.55499267578125,226.55499267578125,7818
2026-09-01 12:13:00-04:00,226.61500549316406,226.7899932861328,226.59500122070312,226.7899932861328,2507
2026-09-01 12:14:00-04:00,226.60499572753906,226.60499572753906,226.50999450683594,226.50999450683594,708
2026-09-01 12:15:00-04:00,226.68499755859375,226.68499755859375,226.60499572753906,226.60499572753906,2940
2026-09-01 12:16:00-04:00,226.65060424804688,226.65499877929688,226.65060424804688,226.65499877929688,1326
2026-09-01 12:17:00-04:00,226.77999877929688,226.8249969482422,226.6300048828125,226.6999969482422,14755
2026-09-01 12:18:00-04:00,226.3874969482422,226.63999938964844,226.3874969482422,226.63999938964844,4841
2026-09-01 12:19:00-04:00,226.19000244140625,226.46499633789062,226.19000244140625,226.46499633789062,1163
2026-09-01 12:20:00-04:00,226.22500610351562,226.33999633789062,226.19500732421875,226.2899932861328,3569
2026-09-01 12:21:00-04:00,225.97000122070312,225.97000122070312,225.94500732421875,225.9600067138672,1192
2026-09-01 12:22:00-04:00,225.85000610351562,225.9149932861328,225.7100067138672,225.77999877929688,4268
2026-09-01 12:23:00-04:00,225.58999633789062,225.58999633789062,225.58999633789062,225.58999633789062,1711
2026-09-01 12:24:00-04:00,225.9199981689453,225.9199981689453,225.60000610351562,225.7550048828125,1884
2026-09-01 12:25:00-04:00,225.70509338378906,225.97000122070312,225.70509338378906,225.82000732421875,2102
2026-09-01 12:26:00-04:00,225.85000610351562,226.1699981689453,225.85000610351562,226.15499877929688,5407
2026-09-01 12:27:00-04:00,225.58999633789062,226.05999755859375,225.58999633789062,225.91000366210938,2830
2026-09-01 12:28:00-04:00,225.72999572753906,225.7550048828125,225.72999572753906,225.7550048828125,1861
2026-09-01 12:29:00-04:00,225.64500427246094,225.64500427246094,225.64500427246094,225.64500427246094,2190
2026-09-01 12:30:00-04:00,225.27999877929688,225.27999877929688,225.2449951171875,225.2550048828125,1413
2026-09-01 12:31:00-04:00,225.5,225.5,225.110107421875,225.27000427246094,12237
2026-09-01 12:32:00-04:00,225.40499877929688,225.5,225.1999969482422,225.5,4385
2026-09-01 12:33:00-04:00,225.4949951171875,225.5,225.4875030517578,225.49000549316406,7366
2026-09-01 12:34:00-04:00,225.23500061035156,225.5290069580078,225.1999969482422,225.5290069580078,5865
2026-09-01 12:35:00-04:00,224.98989868164062,225.24000549316406,224.89999389648438,225.1999969482422,11857
2026-09-01 12:36:00-04:00,225.0749969482422,225.25,224.91009521484375,224.99000549316406,5677
2026-09-01 12:37:00-04:00,225.11500549316406,225.1300048828125,225.11500549316406,225.1300048828125,2537
2026-09-01 12:38:00-04:00,225.30999755859375,225.6300048828125,225.30999755859375,225.44000244140625,3130
2026-09-01 12:39:00-04:00,225.19000244140625,225.2899932861328,225.13999938964844,225.19000244140625,4911
2026-09-01 12:40:00-04:00,225.36500549316406,225.4199981689453,225.36500549316406,225.41990661621094,2693
2026-09-01 12:41:00-04:00,225.0500030517578,225.40499877929688,225.0500030517578,225.39999389648438,31612
2026-09-01 12:42:00-04:00,224.63499450683594,224.85000610351562,224.63499450683594,224.85000610351562,2796
2026-09-01 12:43:00-04:00,224.61000061035156,224.63499450683594,224.53500366210938,224.63499450683594,2763
2026-09-01 12:44:00-04:00,224.44500732421875,224.61000061035156,224.3249969482422,224.39999389648438,5422
2026-09-01 12:45:00-04:00,224.16000366210938,224.55999755859375,224.16000366210938,224.55999755859375,3693
2026-09-01 12:46:00-04:00,223.91360473632812,224.1595001220703,223.8800048828125,224.1595001220703,4711
2026-09-01 12:47:00-04:00,224.375,224.61000061035156,223.98500061035156,223.98500061035156,21856
2026-09-01 12:48:00-04:00,224.38499450683594,224.38499450683594,224.30999755859375,224.375,2280
2026-09-01 12:49:00-04:00,224.77499389648438,224.88999938964844,224.46499633789062,224.57000732421875,10723
2026-09-01 12:50:00-04:00,224.8000030517578,224.8699951171875,224.77499389648438,224.77499389648438,5080
2026-09-01 12:51:00-04:00,224.83999633789062,224.9499969482422,224.78500366210938,224.8000030517578,2319
2026-09-01 12:52:00-04:00,224.64999389648438,224.97999572753906,224.64999389648438,224.82000732421875,5344
2026-09-01 12:53:00-04:00,225.05999755859375,225.05999755859375,224.8800048828125,224.8800048828125,999
2026-09-01 12:54:00-04:00,225.1699981689453,225.1999969482422,224.83009338378906,224.86929321289062,4911
2026-09-01 12:55:00-04:00,225.50999450683594,225.50999450683594,224.9810028076172,224.9810028076172,2953
2026-09-01 12:56:00-04:00,225.66000366210938,225.85989379882812,225.50999450683594,225.58999633789062,11091
2026-09-01 12:57:00-04:00,225.97000122070312,226.17999267578125,225.75,225.8300018310547,4084
2026-09-01 12:58:00-04:00,226.18499755859375,226.39999389648438,226.17999267578125,226.39999389648438,1564
2026-09-01 12:59:00-04:00,226.1750030517578,226.32000732421875,225.9801025390625,226.0800018310547,5423
2026-09-01 13:00:00-04:00,225.92999267578125,226.06500244140625,225.875,225.99000549316406,5370
2026-09-01 13:01:00-04:00,225.97000122070312,226.25999450683594,225.97000122070312,226.25999450683594,656
2026-09-01 13:02:00-04:00,225.9199981689453,226.05999755859375,225.9149932861328,226.05999755859375,2876
2026-09-01 13:03:00-04:00,226.08999633789062,226.08999633789062,225.8000030517578,225.8000030517578,5973
2026-09-01 13:04:00-04:00,226.2050018310547,226.2050018310547,226.07000732421875,226.07000732421875,1991
2026-09-01 13:05:00-04:00,226.22000122070312,226.3000030517578,226.1925048828125,226.3000030517578,1022
2026-09-01 13:06:00-04:00,226.22999572753906,226.3699951171875,226.22999572753906,226.3699951171875,1312
2026-09-01 13:07:00-04:00,225.72999572753906,226.36000061035156,225.72999572753906,226.2100067138672,7015
2026-09-01 13:09:00-04:00,225.96499633789062,226.06500244140625,225.96499633789062,226.06500244140625,1621
2026-09-01 13:10:00-04:00,225.99000549316406,226.1999969482422,225.99000549316406,226.1699981689453,1750
2026-09-01 13:11:00-04:00,226.30999755859375,226.30999755859375,226.10000610351562,226.17999267578125,3197
2026-09-01 13:12:00-04:00,226.5500030517578,226.5500030517578,226.27999877929688,226.44000244140625,4727
2026-09-01 13:13:00-04:00,226.3300018310547,226.39999389648438,226.3300018310547,226.39999389648438,1319
2026-09-01 13:14:00-04:00,226.05499267578125,226.4499053955078,226.05499267578125,226.4499053955078,4834
2026-09-01 13:15:00-04:00,226.22999572753906,226.22999572753906,226.00999450683594,226.05499267578125,4301
2026-09-01 13:16:00-04:00,226.27000427246094,226.27000427246094,226.09500122070312,226.09500122070312,780
2026-09-01 13:17:00-04:00,225.9748992919922,225.9748992919922,225.9748992919922,225.9748992919922,2317
2026-09-01 13:18:00-04:00,226.02499389648438,226.02499389648438,226.02499389648438,226.02499389648438,1103
2026-09-01 13:19:00-04:00,226.1300048828125,226.1300048828125,225.86000061035156,226.0500030517578,4753
2026-09-01 13:20:00-04:00,226.32000732421875,226.32000732421875,226.32000732421875,226.32000732421875,778
2026-09-01 13:21:00-04:00,225.77999877929688,226.25250244140625,225.77999877929688,226.2449951171875,6335
2026-09-01 13:22:00-04:00,225.80499267578125,225.80499267578125,225.80499267578125,225.80499267578125,466
2026-09-01 13:23:00-04:00,225.36000061035156,225.5,225.3300018310547,225.5,2349
2026-09-01 13:24:00-04:00,225.4499969482422,225.4499969482422,225.2550048828125,225.3300018310547,3304
2026-09-01 13:25:00-04:00,225.18499755859375,225.38499450683594,225.00999450683594,225.38499450683594,4293
2026-09-01 13:26:00-04:00,225.22500610351562,225.32000732421875,225.22500610351562,225.32000732421875,1091
2026-09-01 13:27:00-04:00,225.22500610351562,225.22999572753906,225.22500610351562,225.22999572753906,1771
2026-09-01 13:28:00-04:00,225.22500610351562,225.2550048828125,225.22500610351562,225.22500610351562,2704
2026-09-01 13:29:00-04:00,225.6750030517578,225.91000366210938,225.27999877929688,225.4199981689453,7211
2026-09-01 13:30:00-04:00,225.6999969482422,225.89500427246094,225.67999267578125,225.77999877929688,2442
2026-09-01 13:31:00-04:00,226.11000061035156,226.11500549316406,225.91000366210938,225.91000366210938,5153
2026-09-01 13:32:00-04:00,225.66000366210938,226.11000061035156,225.66000366210938,226.11000061035156,3482
2026-09-01 13:33:00-04:00,226.0500030517578,226.0500030517578,225.875,225.8800048828125,21662
2026-09-01 13:34:00-04:00,225.8350067138672,225.8800048828125,225.8350067138672,225.8800048828125,2466
2026-09-01 13:35:00-04:00,226.0,226.1300048828125,225.8800048828125,225.8800048828125,39839
2026-09-01 13:36:00-04:00,225.89500427246094,225.89500427246094,225.8800048828125,225.8800048828125,1836
2026-09-01 13:37:00-04:00,225.89500427246094,225.91000366210938,225.85499572753906,225.86000061035156,2295
2026-09-01 13:38:00-04:00,225.88999938964844,225.88999938964844,225.8800048828125,225.88999938964844,2459
2026-09-01 13:39:00-04:00,225.9250030517578,226.11000061035156,225.87440490722656,225.87440490722656,2643
2026-09-01 13:41:00-04:00,225.9600067138672,226.0399932861328,225.72999572753906,225.9149932861328,5873
2026-09-01 13:42:00-04:00,225.85499572753906,225.85499572753906,225.84500122070312,225.84500122070312,1167
2026-09-01 13:43:00-04:00,225.80999755859375,225.8800048828125,225.8000030517578,225.8000030517578,4402
2026-09-01 13:44:00-04:00,225.80999755859375,225.80999755859375,225.80999755859375,225.80999755859375,4111
2026-09-01 13:45:00-04:00,225.81500244140625,225.9199981689453,225.8000030517578,225.8000030517578,2723
2026-09-01 13:46:00-04:00,225.5050048828125,225.8300018310547,225.5050048828125,225.8300018310547,7734
2026-09-01 13:47:00-04:00,225.5800018310547,225.58999633789062,225.39999389648438,225.5500030517578,3688
2026-09-01 13:48:00-04:00,225.61000061035156,225.64999389648438,225.5500946044922,225.55999755859375,2953
2026-09-01 13:49:00-04:00,225.65499877929688,225.67999267578125,225.61000061035156,225.61000061035156,2283
2026-09-01 13:50:00-04:00,225.6699981689453,225.69000244140625,225.6699981689453,225.68499755859375,3390
2026-09-01 13:51:00-04:00,225.22030639648438,225.57000732421875,225.22030639648438,225.57000732421875,5482
2026-09-01 13:52:00-04:00,225.22250366210938,225.34500122070312,225.19000244140625,225.3000030517578,3764
2026-09-01 13:53:00-04:00,225.2050018310547,225.2050018310547,225.1300048828125,225.1300048828125,1482
2026-09-01 13:54:00-04:00,225.17999267578125,225.25,225.17999267578125,225.19500732421875,2803
2026-09-01 13:55:00-04:00,225.1750030517578,225.17999267578125,225.1750030517578,225.17999267578125,1041
2026-09-01 13:56:00-04:00,224.69000244140625,225.1750030517578,224.67999267578125,225.1750030517578,8826
2026-09-01 13:57:00-04:00,224.8000030517578,224.8300018310547,224.5800018310547,224.5800018310547,2926
2026-09-01 13:58:00-04:00,224.5500030517578,224.5500030517578,224.5500030517578,224.5500030517578,1279
2026-09-01 13:59:00-04:00,224.8699951171875,225.0,224.8699951171875,224.8800048828125,4009
2026-09-01 14:00:00-04:00,225.1300048828125,225.2100067138672,225.1300048828125,225.2100067138672,1941
2026-09-01 14:01:00-04:00,225.1300048828125,225.1300048828125,225.1300048828125,225.1300048828125,382
2026-09-01 14:02:00-04:00,225.50999450683594,225.50999450683594,225.32000732421875,225.32000732421875,2345
2026-09-01 14:03:00-04:00,225.52999877929688,225.60989379882812,225.52999877929688,225.60989379882812,1347
2026-09-01 14:04:00-04:00,225.2899932861328,225.52999877929688,225.25,225.52999877929688,6856
2026-09-01 14:05:00-04:00,225.26499938964844,225.26499938964844,225.26499938964844,225.26499938964844,802
2026-09-01 14:06:00-04:00,225.13099670410156,225.23500061035156,225.13099670410156,225.23500061035156,1619
2026-09-01 14:07:00-04:00,225.02099609375,225.3300018310547,225.02099609375,225.19000244140625,3143
2026-09-01 14:08:00-04:00,225.61000061035156,225.61000061035156,225.5800018310547,225.5800018310547,981
2026-09-01 14:09:00-04:00,225.5800018310547,225.5800018310547,225.5800018310547,225.5800018310547,1395
2026-09-01 14:10:00-04:00,225.72999572753906,225.72999572753906,225.4149932861328,225.4149932861328,9254
2026-09-01 14:11:00-04:00,225.8000030517578,225.89999389648438,225.7449951171875,225.89999389648438,4209
2026-09-01 14:13:00-04:00,226.02000427246094,226.02000427246094,225.85009765625,225.99000549316406,1635
2026-09-01 14:14:00-04:00,225.97000122070312,225.97000122070312,225.97000122070312,225.97000122070312,526
2026-09-01 14:15:00-04:00,225.92999267578125,225.9700927734375,225.85000610351562,225.9700927734375,2732
2026-09-01 14:16:00-04:00,225.8300018310547,226.02999877929688,225.8300018310547,226.02999877929688,2703
2026-09-01 14:17:00-04:00,225.97999572753906,226.0,225.9600067138672,225.9600067138672,1255
2026-09-01 14:18:00-04:00,226.0500030517578,226.0500030517578,225.86000061035156,225.86000061035156,2051
2026-09-01 14:20:00-04:00,226.02999877929688,226.16000366210938,226.02999877929688,226.12710571289062,2828
2026-09-01 14:21:00-04:00,225.51499938964844,225.88499450683594,225.51499938964844,225.88499450683594,3678
2026-09-01 14:23:00-04:00,225.07000732421875,225.74000549316406,225.07000732421875,225.72999572753906,11660
2026-09-01 14:24:00-04:00,225.09500122070312,225.14500427246094,225.0500030517578,225.1425018310547,4313
2026-09-01 14:25:00-04:00,225.11500549316406,225.1999969482422,225.0220947265625,225.0749969482422,5927
2026-09-01 14:26:00-04:00,225.11000061035156,225.11500549316406,225.11000061035156,225.11500549316406,2168
2026-09-01 14:27:00-04:00,225.0800018310547,225.09500122070312,224.9600067138672,225.09500122070312,2807
2026-09-01 14:28:00-04:00,224.9600067138672,225.2100067138672,224.8300018310547,225.2100067138672,4969
2026-09-01 14:29:00-04:00,224.72500610351562,224.83999633789062,224.5500030517578,224.7899932861328,4376
2026-09-01 14:30:00-04:00,224.27999877929688,224.72000122070312,224.27499389648438,224.72000122070312,7503
2026-09-01 14:31:00-04:00,224.7899932861328,224.83999633789062,224.1199951171875,224.1199951171875,14716
2026-09-01 14:32:00-04:00,224.8300018310547,224.9250030517578,224.7949981689453,224.7949981689453,3271
2026-09-01 14:33:00-04:00,224.75,224.85000610351562,224.75,224.8249969482422,5803
2026-09-01 14:34:00-04:00,224.4199981689453,224.77000427246094,224.35499572753906,224.77000427246094,12188
2026-09-01 14:35:00-04:00,224.32009887695312,224.5800018310547,224.3101043701172,224.43499755859375,3302
2026-09-01 14:36:00-04:00,224.52000427246094,224.72000122070312,224.46119689941406,224.48500061035156,4302
2026-09-01 14:37:00-04:00,224.52999877929688,224.56500244140625,224.48500061035156,224.50999450683594,4043
2026-09-01 14:38:00-04:00,224.6300048828125,224.6300048828125,224.48500061035156,224.5800018310547,8499
2026-09-01 14:39:00-04:00,224.50999450683594,224.66000366210938,224.5,224.66000366210938,6916
2026-09-01 14:40:00-04:00,224.4499969482422,224.54319763183594,224.44000244140625,224.54319763183594,11012
2026-09-01 14:41:00-04:00,224.38999938964844,224.47999572753906,224.38999938964844,224.47500610351562,1959
2026-09-01 14:42:00-04:00,224.38999938964844,224.47999572753906,224.38499450683594,224.38499450683594,8045
2026-09-01 14:43:00-04:00,224.3699951171875,224.44000244140625,224.36000061035156,224.44000244140625,3493
2026-09-01 14:44:00-04:00,224.35000610351562,224.4149932861328,224.2301025390625,224.4149932861328,11113
2026-09-01 14:45:00-04:00,224.42050170898438,224.42999267578125,224.35000610351562,224.4199981689453,6353
2026-09-01 14:46:00-04:00,224.53500366210938,224.63999938964844,224.3800048828125,224.50999450683594,21395
2026-09-01 14:47:00-04:00,224.5749969482422,224.58999633789062,224.49000549316406,224.5399932861328,6135
2026-09-01 14:48:00-04:00,224.5500030517578,224.77000427246094,224.5,224.50999450683594,19595
2026-09-01 14:49:00-04:00,224.91000366210938,224.91000366210938,224.6300048828125,224.6300048828125,8059
2026-09-01 14:50:00-04:00,224.58680725097656,224.8000030517578,224.58680725097656,224.8000030517578,2826
2026-09-01 14:51:00-04:00,224.27000427246094,224.69830322265625,224.27000427246094,224.68499755859375,7565
2026-09-01 14:52:00-04:00,224.44000244140625,224.5399932861328,224.33999633789062,224.38999938964844,9539
2026-09-01 14:53:00-04:00,224.1999969482422,224.44000244140625,224.11000061035156,224.27999877929688,4406
2026-09-01 14:54:00-04:00,224.1199951171875,224.17999267578125,224.02999877929688,224.13499450683594,7047
2026-09-01 14:55:00-04:00,224.55999755859375,224.57000732421875,224.13999938964844,224.22000122070312,8251
2026-09-01 14:56:00-04:00,224.67999267578125,224.67999267578125,224.39999389648438,224.63999938964844,6657
2026-09-01 14:57:00-04:00,224.61000061035156,224.6699981689453,224.3800048828125,224.52499389648438,6096
2026-09-01 14:58:00-04:00,224.5399932861328,224.57000732421875,224.3699951171875,224.57000732421875,4111
2026-09-01 14:59:00-04:00,224.4199981689453,224.49000549316406,224.3000030517578,224.38999938964844,15977
2026-09-01 15:00:00-04:00,224.55999755859375,224.55999755859375,224.3800048828125,224.3800048828125,6888
2026-09-01 15:01:00-04:00,224.92999267578125,224.92999267578125,224.47000122070312,224.47000122070312,9856
2026-09-01 15:02:00-04:00,224.8699951171875,225.2100067138672,224.75999450683594,225.19000244140625,9008
2026-09-01 15:03:00-04:00,224.55999755859375,224.72999572753906,224.55999755859375,224.72999572753906,7193
2026-09-01 15:04:00-04:00,224.52499389648438,224.52499389648438,224.44000244140625,224.4550018310547,2224
2026-09-01 15:05:00-04:00,224.32000732421875,224.52000427246094,224.32000732421875,224.52000427246094,7946
2026-09-01 15:06:00-04:00,224.35000610351562,224.52000427246094,224.30999755859375,224.35000610351562,7713
2026-09-01 15:07:00-04:00,224.13499450683594,224.3300018310547,224.13499450683594,224.18319702148438,8599
2026-09-01 15:08:00-04:00,223.94000244140625,224.02000427246094,223.89500427246094,224.02000427246094,7538
2026-09-01 15:09:00-04:00,223.94000244140625,224.00999450683594,223.89999389648438,224.00999450683594,3914
2026-09-01 15:10:00-04:00,224.75,224.75,223.86000061035156,223.97000122070312,12892
2026-09-01 15:11:00-04:00,224.5749969482422,224.66250610351562,224.4199981689453,224.66250610351562,9085
2026-09-01 15:12:00-04:00,224.58999633789062,224.67999267578125,224.52499389648438,224.63499450683594,4301
2026-09-01 15:13:00-04:00,224.67999267578125,224.77999877929688,224.55999755859375,224.55999755859375,7157
2026-09-01 15:14:00-04:00,224.88999938964844,224.88999938964844,224.74000549316406,224.7449951171875,6695
2026-09-01 15:15:00-04:00,224.92990112304688,224.92990112304688,224.84500122070312,224.84500122070312,2262
2026-09-01 15:16:00-04:00,224.74000549316406,224.92999267578125,224.61000061035156,224.92999267578125,12567
2026-09-01 15:17:00-04:00,224.85000610351562,224.85000610351562,224.72000122070312,224.75,4528
2026-09-01 15:18:00-04:00,224.77499389648438,224.8699951171875,224.77000427246094,224.8300018310547,6164
2026-09-01 15:19:00-04:00,224.75,224.82000732421875,224.72999572753906,224.75,4328
2026-09-01 15:20:00-04:00,224.50830078125,224.7899932861328,224.47000122070312,224.75,9441
2026-09-01 15:21:00-04:00,224.47999572753906,224.58999633789062,224.4503936767578,224.48500061035156,6662
2026-09-01 15:22:00-04:00,224.17999267578125,224.4600067138672,224.17999267578125,224.4499969482422,10563
2026-09-01 15:23:00-04:00,223.97999572753906,224.25,223.97999572753906,224.22000122070312,7050
2026-09-01 15:24:00-04:00,223.83999633789062,224.1300048828125,223.8300018310547,223.9499969482422,6584
2026-09-01 15:25:00-04:00,223.82000732421875,223.92999267578125,223.80499267578125,223.80499267578125,6037
2026-09-01 15:26:00-04:00,223.8699951171875,223.9499969482422,223.86399841308594,223.86399841308594,6485
2026-09-01 15:27:00-04:00,223.89999389648438,223.91000366210938,223.77000427246094,223.8000030517578,16403
2026-09-01 15:28:00-04:00,223.9499969482422,224.00999450683594,223.8300018310547,223.92999267578125,8196
2026-09-01 15:29:00-04:00,223.70799255371094,223.9499969482422,223.67999267578125,223.9499969482422,5746
2026-09-01 15:30:00-04:00,223.1649932861328,223.57000732421875,223.1649932861328,223.57000732421875,8815
2026-09-01 15:31:00-04:00,223.17999267578125,223.24000549316406,223.05999755859375,223.10000610351562,17379
2026-09-01 15:32:00-04:00,223.4199981689453,223.47999572753906,223.17999267578125,223.17999267578125,7150
2026-09-01 15:33:00-04:00,223.54750061035156,223.65499877929688,223.3000030517578,223.3699951171875,9667
2026-09-01 15:34:00-04:00,223.77999877929688,223.77999877929688,223.55999755859375,223.55999755859375,5854
2026-09-01 15:35:00-04:00,223.77499389648438,223.7899932861328,223.57000732421875,223.7899932861328,10489
2026-09-01 15:36:00-04:00,223.80999755859375,224.0,223.67999267578125,223.77499389648438,11915
2026-09-01 15:37:00-04:00,223.92999267578125,223.92999267578125,223.7100067138672,223.7100067138672,7205
2026-09-01 15:38:00-04:00,223.88999938964844,224.00999450683594,223.88999938964844,223.9499969482422,8989
2026-09-01 15:39:00-04:00,223.89500427246094,224.0,223.8800048828125,223.94000244140625,6917
2026-09-01 15:40:00-04:00,223.57000732421875,223.8300018310547,223.5050048828125,223.8300018310547,18421
2026-09-01 15:41:00-04:00,223.52749633789062,223.6999969482422,223.41009521484375,223.53500366210938,29037
2026-09-01 15:42:00-04:00,223.1999969482422,223.52999877929688,223.17999267578125,223.52999877929688,9349
2026-09-01 15:43:00-04:00,223.49000549316406,223.52000427246094,223.24000549316406,223.24000549316406,12682
2026-09-01 15:44:00-04:00,223.2624969482422,223.49000549316406,223.2624969482422,223.4499969482422,9413
2026-09-01 15:45:00-04:00,223.27000427246094,223.66000366210938,223.13999938964844,223.2050018310547,20920
2026-09-01 15:46:00-04:00,223.1750030517578,223.3000030517578,223.1699981689453,223.3000030517578,12196
2026-09-01 15:47:00-04:00,223.42999267578125,223.64999389648438,223.22999572753906,223.24000549316406,16658
2026-09-01 15:48:00-04:00,223.44500732421875,223.5,223.33999633789062,223.33999633789062,9439
2026-09-01 15:49:00-04:00,223.3300018310547,223.44500732421875,223.24000549316406,223.39999389648438,13479
2026-09-01 15:50:00-04:00,223.58999633789062,223.8300018310547,223.22000122070312,223.22000122070312,22085
2026-09-01 15:51:00-04:00,223.64999389648438,223.77999877929688,223.58999633789062,223.63499450683594,22601
2026-09-01 15:52:00-04:00,223.52999877929688,223.8000030517578,223.52999877929688,223.6699981689453,22520
2026-09-01 15:53:00-04:00,223.13999938964844,223.51499938964844,223.02000427246094,223.50999450683594,24463
2026-09-01 15:54:00-04:00,223.60000610351562,223.60000610351562,223.05999755859375,223.07000732421875,25760
2026-09-01 15:55:00-04:00,223.7949981689453,223.96499633789062,223.57000732421875,223.60000610351562,41611
2026-09-01 15:56:00-04:00,223.33999633789062,223.7949981689453,223.25999450683594,223.7949981689453,42751
2026-09-01 15:57:00-04:00,223.42999267578125,223.69000244140625,223.27499389648438,223.33999633789062,46118
2026-09-01 15:58:00-04:00,223.7050018310547,223.72999572753906,223.3800048828125,223.4600067138672,64659
2026-09-01 15:59:00-04:00,223.8300018310547,224.11000061035156,223.63279724121094,223.72999572753906,140066
2026-09-02 09:30:00-04:00,213.6300048828125,219.7899932861328,213.6300048828125,219.4600067138672,301185
2026-09-02 09:31:00-04:00,215.3800048828125,215.49000549316406,213.0500030517578,213.6300048828125,57265
2026-09-02 09:32:00-04:00,215.2050018310547,215.72500610351562,214.4199981689453,214.49000549316406,15964
2026-09-02 09:33:00-04:00,215.2050018310547,215.27499389648438,213.8699951171875,214.4550018310547,48895
2026-09-02 09:34:00-04:00,214.08999633789062,215.2050018310547,213.5,215.2050018310547,46846
2026-09-02 09:35:00-04:00,215.02749633789062,215.75999450683594,213.83009338378906,214.1999969482422,24948
2026-09-02 09:36:00-04:00,214.24000549316406,215.21499633789062,213.39999389648438,214.9499969482422,22474
2026-09-02 09:37:00-04:00,213.77000427246094,214.80990600585938,213.39999389648438,214.125,9258
2026-09-02 09:38:00-04:00,213.85000610351562,214.47999572753906,212.8800048828125,214.1699981689453,23190
2026-09-02 09:39:00-04:00,214.06500244140625,214.40499877929688,213.64999389648438,214.06500244140625,16782
2026-09-02 09:40:00-04:00,214.6699981689453,215.35000610351562,213.82000732421875,214.06500244140625,20308
2026-09-02 09:41:00-04:00,213.52999877929688,214.9250030517578,213.47999572753906,214.9149932861328,20633
2026-09-02 09:42:00-04:00,214.74000549316406,214.80999755859375,213.1199951171875,213.1199951171875,24381
2026-09-02 09:43:00-04:00,214.4199981689453,214.9499969482422,214.0500030517578,214.7449951171875,17656
2026-09-02 09:44:00-04:00,213.80999755859375,214.77999877929688,213.80999755859375,214.38999938964844,14861
2026-09-02 09:45:00-04:00,214.2324981689453,215.0605010986328,213.92999267578125,214.00999450683594,23657
2026-09-02 09:46:00-04:00,214.6750030517578,214.74000549316406,213.99000549316406,213.99000549316406,10455
2026-09-02 09:47:00-04:00,215.2100067138672,215.72000122070312,214.85000610351562,215.14999389648438,9534
2026-09-02 09:48:00-04:00,215.38999938964844,215.6999969482422,214.91000366210938,214.9199981689453,22065
2026-09-02 09:49:00-04:00,215.02000427246094,215.61000061035156,214.5800018310547,215.33999633789062,14721
2026-09-02 09:50:00-04:00,215.69500732421875,215.83909606933594,214.86000061035156,214.86000061035156,8363
2026-09-02 09:51:00-04:00,214.83999633789062,216.19000244140625,214.7899932861328,215.69500732421875,20188
2026-09-02 09:52:00-04:00,214.5399932861328,215.32000732421875,214.5399932861328,214.97500610351562,14978
2026-09-02 09:53:00-04:00,215.1699981689453,215.30499267578125,214.6999969482422,214.8800048828125,10544
2026-09-02 09:54:00-04:00,216.36000061035156,216.4949951171875,214.6999969482422,214.8800048828125,17070
2026-09-02 09:55:00-04:00,216.25,216.34500122070312,216.02999877929688,216.02999877929688,6516
2026-09-02 09:56:00-04:00,215.94000244140625,216.25,215.44500732421875,216.25,12784
2026-09-02 09:57:00-04:00,216.0800018310547,216.625,216.0399932861328,216.05499267578125,16942
2026-09-02 09:58:00-04:00,215.38499450683594,216.22999572753906,215.38499450683594,216.22999572753906,10454
2026-09-02 09:59:00-04:00,216.1300048828125,216.1300048828125,215.30999755859375,215.4199981689453,14012
2026-09-02 10:00:00-04:00,215.13999938964844,216.30499267578125,215.10000610351562,216.14999389648438,14332
2026-09-02 10:01:00-04:00,214.81500244140625,215.4499969482422,214.55999755859375,215.4499969482422,11054
2026-09-02 10:02:00-04:00,214.0749969482422,214.92999267578125,213.72000122070312,214.81500244140625,9017
2026-09-02 10:03:00-04:00,214.03500366210938,214.3300018310547,213.6999969482422,214.0749969482422,8698
2026-09-02 10:04:00-04:00,214.4499969482422,214.4499969482422,213.6999969482422,213.7100067138672,28117
2026-09-02 10:05:00-04:00,215.0500030517578,215.6999969482422,214.77000427246094,214.77000427246094,16720
2026-09-02 10:06:00-04:00,214.4600067138672,215.10000610351562,214.38999938964844,214.77000427246094,25745
2026-09-02 10:07:00-04:00,214.12049865722656,214.77000427246094,214.0,214.77000427246094,24832
2026-09-02 10:08:00-04:00,214.0,215.00999450683594,213.88009643554688,214.33999633789062,29418
2026-09-02 10:09:00-04:00,214.27749633789062,214.47999572753906,214.0,214.19500732421875,12777
2026-09-02 10:10:00-04:00,214.47999572753906,214.63499450683594,213.88999938964844,214.0850067138672,10320
2026-09-02 10:11:00-04:00,214.61500549316406,214.6300048828125,214.02000427246094,214.23500061035156,12833
2026-09-02 10:12:00-04:00,213.83999633789062,214.61500549316406,213.83999633789062,214.4199981689453,15268
2026-09-02 10:13:00-04:00,213.34500122070312,214.0,213.27000427246094,214.0,9490
2026-09-02 10:14:00-04:00,212.9550018310547,213.40499877929688,212.6699981689453,213.34500122070312,22998
2026-09-02 10:15:00-04:00,212.9001007080078,213.3699951171875,212.67999267578125,212.9550018310547,15358
2026-09-02 10:16:00-04:00,212.67999267578125,213.19000244140625,212.64999389648438,212.83999633789062,17985
2026-09-02 10:17:00-04:00,212.7899932861328,213.0800018310547,212.64999389648438,212.67999267578125,8484
2026-09-02 10:18:00-04:00,213.1750030517578,213.18499755859375,212.63499450683594,212.91000366210938,21804
2026-09-02 10:19:00-04:00,213.5,213.5399932861328,213.02000427246094,213.17999267578125,13270
2026-09-02 10:20:00-04:00,214.14999389648438,214.14999389648438,213.27999877929688,213.3300018310547,16015
2026-09-02 10:21:00-04:00,214.00999450683594,214.25999450683594,213.7216033935547,214.2550048828125,17504
2026-09-02 10:22:00-04:00,214.23500061035156,214.3300018310547,213.75999450683594,214.10000610351562,6040
2026-09-02 10:23:00-04:00,214.52000427246094,214.8000030517578,214.24000549316406,214.24000549316406,12033
2026-09-02 10:24:00-04:00,214.42999267578125,214.72999572753906,214.10000610351562,214.72999572753906,27358
2026-09-02 10:25:00-04:00,214.78500366210938,214.7899932861328,214.42999267578125,214.42999267578125,5565
2026-09-02 10:26:00-04:00,214.64999389648438,215.10499572753906,214.39999389648438,214.78500366210938,14233
2026-09-02 10:27:00-04:00,214.7100067138672,214.7100067138672,214.4499969482422,214.53050231933594,5502
2026-09-02 10:28:00-04:00,215.10000610351562,215.10000610351562,214.60000610351562,214.72000122070312,6665
2026-09-02 10:29:00-04:00,215.3699951171875,215.55999755859375,215.02999877929688,215.10000610351562,12496
2026-09-02 10:30:00-04:00,215.00999450683594,215.3699951171875,215.0,215.3699951171875,7496
2026-09-02 10:31:00-04:00,214.63499450683594,215.1199951171875,214.05999755859375,215.11000061035156,18877
2026-09-02 10:32:00-04:00,214.69000244140625,214.82000732421875,214.4600067138672,214.63499450683594,9959
2026-09-02 10:33:00-04:00,214.61000061035156,214.6300048828125,214.30999755859375,214.58999633789062,11351
2026-09-02 10:34:00-04:00,215.0399932861328,215.10000610351562,214.61000061035156,214.61000061035156,11251
2026-09-02 10:35:00-04:00,215.44000244140625,215.6533966064453,215.19000244140625,215.24000549316406,8382
2026-09-02 10:36:00-04:00,215.52999877929688,215.63999938964844,215.3300018310547,215.4600067138672,6332
2026-09-02 10:37:00-04:00,215.67999267578125,215.85000610351562,215.3699951171875,215.56500244140625,15038
2026-09-02 10:38:00-04:00,215.8000030517578,215.8300018310547,215.4199981689453,215.67999267578125,9360
2026-09-02 10:39:00-04:00,215.77499389648438,215.9499969482422,215.49000549316406,215.64500427246094,12037
2026-09-02 10:40:00-04:00,216.11000061035156,216.15499877929688,215.62010192871094,215.88999938964844,13336
2026-09-02 10:41:00-04:00,215.8000030517578,216.35000610351562,215.8000030517578,216.11000061035156,15930
2026-09-02 10:42:00-04:00,215.59500122070312,215.82000732421875,215.16000366210938,215.82000732421875,12473
2026-09-02 10:43:00-04:00,215.77499389648438,216.0,215.47000122070312,215.5800018310547,14522
2026-09-02 10:44:00-04:00,215.52999877929688,216.27999877929688,215.52999877929688,215.7550048828125,10165
2026-09-02 10:45:00-04:00,215.97000122070312,215.97000122070312,215.57000732421875,215.81500244140625,14135
2026-09-02 10:46:00-04:00,215.7100067138672,215.89500427246094,215.52999877929688,215.88499450683594,13008
2026-09-02 10:47:00-04:00,215.94500732421875,215.997802734375,215.63999938964844,215.63999938964844,11586
2026-09-02 10:48:00-04:00,215.77000427246094,215.94500732421875,215.5800018310547,215.94500732421875,10444
2026-09-02 10:49:00-04:00,215.4600067138672,215.98919677734375,215.4600067138672,215.76499938964844,6583
2026-09-02 10:50:00-04:00,214.72000122070312,215.53500366210938,214.72000122070312,215.4600067138672,20532
2026-09-02 10:51:00-04:00,215.05499267578125,215.05499267578125,214.67999267578125,214.80999755859375,14573
2026-09-02 10:52:00-04:00,214.9199981689453,215.125,214.83999633789062,215.05499267578125,8699
2026-09-02 10:53:00-04:00,215.3699951171875,215.51499938964844,214.92999267578125,214.92999267578125,10387
2026-09-02 10:54:00-04:00,215.27000427246094,215.44500732421875,215.14999389648438,215.3699951171875,9047
2026-09-02 10:55:00-04:00,214.83999633789062,215.60000610351562,214.83999633789062,215.27000427246094,15918
2026-09-02 10:56:00-04:00,214.07000732421875,214.92999267578125,214.02000427246094,214.92999267578125,17855
2026-09-02 10:57:00-04:00,213.75,214.32000732421875,213.66000366210938,214.07000732421875,15522
2026-09-02 10:58:00-04:00,213.3800048828125,213.89210510253906,213.3800048828125,213.89210510253906,11116
2026-09-02 10:59:00-04:00,213.5,213.58999633789062,213.27999877929688,213.58999633789062,23856
2026-09-02 11:00:00-04:00,213.72000122070312,213.83999633789062,213.3300018310547,213.3300018310547,19970
2026-09-02 11:01:00-04:00,214.25,214.4199981689453,213.55999755859375,213.55999755859375,10074
2026-09-02 11:02:00-04:00,213.8800048828125,214.39500427246094,213.8800048828125,214.39500427246094,10411
2026-09-02 11:03:00-04:00,213.69500732421875,214.02000427246094,213.4600067138672,214.02000427246094,12136
2026-09-02 11:04:00-04:00,213.6750030517578,213.6750030517578,213.36000061035156,213.55999755859375,7910
2026-09-02 11:05:00-04:00,213.6699981689453,213.85000610351562,213.5,213.6750030517578,10268
2026-09-02 11:06:00-04:00,213.60000610351562,213.74000549316406,213.5200958251953,213.67999267578125,7819
2026-09-02 11:07:00-04:00,213.69000244140625,213.77499389648438,213.5399932861328,213.5399932861328,8586
2026-09-02 11:08:00-04:00,213.35000610351562,213.9199981689453,213.35000610351562,213.61000061035156,10832
2026-09-02 11:09:00-04:00,213.6300048828125,213.6699981689453,213.3800048828125,213.38999938964844,9207
2026-09-02 11:10:00-04:00,213.42999267578125,213.56500244140625,213.2899932861328,213.4499969482422,3925
2026-09-02 11:11:00-04:00,213.00999450683594,213.39500427246094,212.88999938964844,213.2899932861328,16358
2026-09-02 11:12:00-04:00,213.3300018310547,213.44500732421875,212.91000366210938,212.9949951171875,15849
2026-09-02 11:13:00-04:00,212.97000122070312,213.34500122070312,212.92999267578125,213.2100067138672,4965
2026-09-02 11:14:00-04:00,212.7899932861328,213.0800018310547,212.7899932861328,212.92999267578125,17657
2026-09-02 11:15:00-04:00,212.8249969482422,212.86000061035156,212.67999267578125,212.7949981689453,9876
2026-09-02 11:16:00-04:00,212.88609313964844,213.00999450683594,212.6199951171875,212.6199951171875,16644
2026-09-02 11:17:00-04:00,213.14999389648438,213.25999450683594,212.75,213.0399932861328,15265
2026-09-02 11:18:00-04:00,213.66000366210938,213.6649932861328,213.0,213.2949981689453,17371
2026-09-02 11:19:00-04:00,213.6300048828125,213.88999938964844,213.625,213.82000732421875,7035
2026-09-02 11:20:00-04:00,213.4499969482422,213.6300048828125,213.3000030517578,213.4499969482422,10756
2026-09-02 11:21:00-04:00,213.2899932861328,213.36000061035156,213.27999877929688,213.3000030517578,5263
2026-09-02 11:22:00-04:00,212.8300018310547,213.43890380859375,212.8300018310547,213.43890380859375,12194
2026-09-02 11:23:00-04:00,212.9550018310547,213.11500549316406,212.60000610351562,212.75,17001
2026-09-02 11:24:00-04:00,213.2550048828125,213.25999450683594,212.9199981689453,212.9199981689453,6996
2026-09-02 11:25:00-04:00,213.125,213.47000122070312,213.00010681152344,213.2550048828125,8713
2026-09-02 11:26:00-04:00,212.80050659179688,213.125,212.8000030517578,213.125,12588
2026-09-02 11:27:00-04:00,212.8699951171875,212.94500732421875,212.6300048828125,212.94000244140625,9924
2026-09-02 11:28:00-04:00,212.75999450683594,213.0399932861328,212.7050018310547,212.9499969482422,6769
2026-09-02 11:29:00-04:00,212.38499450683594,212.7550048828125,212.24000549316406,212.7550048828125,16814
2026-09-02 11:30:00-04:00,212.3000030517578,212.33999633789062,212.22999572753906,212.27000427246094,6766
2026-09-02 11:31:00-04:00,212.21499633789062,212.31500244140625,212.1300048828125,212.27000427246094,7544
2026-09-02 11:32:00-04:00,212.3699951171875,212.49000549316406,212.21499633789062,212.21499633789062,12259
2026-09-02 11:33:00-04:00,212.25,212.49000549316406,212.0800018310547,212.3699951171875,9523
2026-09-02 11:34:00-04:00,212.02000427246094,212.27000427246094,211.80999755859375,212.27000427246094,9504
2026-09-02 11:35:00-04:00,212.13999938964844,212.13999938964844,211.7949981689453,211.91000366210938,11445
2026-09-02 11:36:00-04:00,212.46499633789062,212.58999633789062,212.1300048828125,212.1300048828125,9235
2026-09-02 11:37:00-04:00,212.30499267578125,212.4239959716797,212.14999389648438,212.4199981689453,7170
2026-09-02 11:38:00-04:00,212.25,212.36000061035156,212.25,212.2949981689453,2640
2026-09-02 11:39:00-04:00,212.27000427246094,212.41000366210938,212.14999389648438,212.27499389648438,7467
2026-09-02 11:40:00-04:00,212.4199981689453,212.47999572753906,212.14999389648438,212.30999755859375,4365
2026-09-02 11:41:00-04:00,212.2100067138672,212.47000122070312,212.0800018310547,212.41000366210938,5888
2026-09-02 11:42:00-04:00,212.05999755859375,212.34030151367188,212.0,212.34030151367188,5998
2026-09-02 11:43:00-04:00,211.91000366210938,212.10769653320312,211.91000366210938,212.00999450683594,5946
2026-09-02 11:44:00-04:00,212.11500549316406,212.17999267578125,211.7899932861328,211.7899932861328,10058
2026-09-02 11:45:00-04:00,212.14500427246094,212.15499877929688,211.9700927734375,212.11500549316406,3130
2026-09-02 11:46:00-04:00,212.13999938964844,212.32000732421875,212.1300048828125,212.14500427246094,9243
2026-09-02 11:47:00-04:00,212.58999633789062,212.58999633789062,212.26499938964844,212.26499938964844,9811
2026-09-02 11:48:00-04:00,212.50999450683594,212.94000244140625,212.50999450683594,212.5850067138672,12657
2026-09-02 11:49:00-04:00,212.3699951171875,212.50999450683594,212.2100067138672,212.3699951171875,6113
2026-09-02 11:50:00-04:00,211.9499969482422,212.375,211.77999877929688,212.22999572753906,8299
2026-09-02 11:51:00-04:00,212.18499755859375,212.18499755859375,211.8000030517578,211.8000030517578,13929
2026-09-02 11:52:00-04:00,212.00999450683594,212.26260375976562,211.91000366210938,212.14999389648438,6687
2026-09-02 11:53:00-04:00,212.0800018310547,212.1649932861328,211.91000366210938,212.02000427246094,5183
2026-09-02 11:54:00-04:00,211.6199951171875,212.22999572753906,211.6199951171875,212.0749969482422,12496
2026-09-02 11:55:00-04:00,211.57000732421875,211.6457977294922,211.52389526367188,211.57000732421875,8654
2026-09-02 11:56:00-04:00,211.5449981689453,211.6699981689453,211.3699951171875,211.60499572753906,8166
2026-09-02 11:57:00-04:00,211.68499755859375,211.80999755859375,211.52999877929688,211.52999877929688,6210
2026-09-02 11:58:00-04:00,211.6649932861328,211.7899932861328,211.55999755859375,211.67999267578125,9980
2026-09-02 11:59:00-04:00,211.55999755859375,211.80999755859375,211.52999877929688,211.6699981689453,9754
2026-09-02 12:00:00-04:00,211.22000122070312,211.60989379882812,211.22000122070312,211.4949951171875,8786
2026-09-02 12:01:00-04:00,211.2899932861328,211.42999267578125,211.22999572753906,211.24000549316406,7257
2026-09-02 12:02:00-04:00,211.10000610351562,211.22999572753906,210.82000732421875,211.10000610351562,36006
2026-09-02 12:03:00-04:00,211.1999969482422,211.1999969482422,210.9499969482422,211.1999969482422,7611
2026-09-02 12:04:00-04:00,211.39999389648438,211.4499969482422,211.15499877929688,211.15499877929688,10173
2026-09-02 12:05:00-04:00,211.8300018310547,211.8300018310547,211.25010681152344,211.3699951171875,10938
2026-09-02 12:06:00-04:00,211.38499450683594,211.8800048828125,211.38499450683594,211.82000732421875,6893
2026-09-02 12:07:00-04:00,211.22999572753906,211.5417938232422,211.22999572753906,211.38499450683594,4125
2026-09-02 12:08:00-04:00,211.2899932861328,211.33999633789062,211.0500030517578,211.33999633789062,9200
2026-09-02 12:09:00-04:00,211.2899932861328,211.35479736328125,211.1300048828125,211.27499389648438,5934
2026-09-02 12:10:00-04:00,211.21009826660156,211.50999450683594,211.1699981689453,211.27999877929688,20222
2026-09-02 12:11:00-04:00,211.53500366210938,211.6999969482422,211.375,211.40499877929688,9826
2026-09-02 12:12:00-04:00,211.52499389648438,211.53500366210938,211.51499938964844,211.53500366210938,4225
2026-09-02 12:13:00-04:00,211.6999969482422,211.86000061035156,211.52499389648438,211.52499389648438,10179
2026-09-02 12:14:00-04:00,211.35000610351562,211.8800048828125,211.35000610351562,211.6999969482422,6891
2026-09-02 12:15:00-04:00,211.5,211.6300048828125,211.4550018310547,211.4600067138672,7141
2026-09-02 12:16:00-04:00,211.4550018310547,211.5399932861328,211.35000610351562,211.50999450683594,10470
2026-09-02 12:17:00-04:00,211.47999572753906,211.65499877929688,211.32000732421875,211.4600067138672,7255
2026-09-02 12:18:00-04:00,211.0052032470703,211.4600067138672,210.8800048828125,211.4499969482422,9070
2026-09-02 12:19:00-04:00,211.1750030517578,211.27000427246094,210.88999938964844,211.08999633789062,9149
2026-09-02 12:20:00-04:00,211.36500549316406,211.36500549316406,211.02999877929688,211.1750030517578,7598
2026-09-02 12:21:00-04:00,211.1999969482422,211.50990295410156,211.0800018310547,211.50990295410156,9915
2026-09-02 12:22:00-04:00,211.6199951171875,211.82000732421875,211.2050018310547,211.2050018310547,10629
2026-09-02 12:23:00-04:00,211.77000427246094,211.9499969482422,211.5800018310547,211.60000610351562,8439
2026-09-02 12:24:00-04:00,211.6999969482422,211.85000610351562,211.6999969482422,211.72500610351562,3436
2026-09-02 12:25:00-04:00,212.0399932861328,212.0800018310547,211.72500610351562,211.88999938964844,7655
2026-09-02 12:26:00-04:00,211.89999389648438,212.0800018310547,211.8249969482422,212.0800018310547,8191
2026-09-02 12:27:00-04:00,211.8699951171875,212.13999938964844,211.8699951171875,211.89999389648438,6637
2026-09-02 12:28:00-04:00,211.88999938964844,211.99000549316406,211.83999633789062,211.9499969482422,5381
2026-09-02 12:29:00-04:00,211.35000610351562,211.7415008544922,211.2899932861328,211.74000549316406,19044
2026-09-02 12:30:00-04:00,211.31500244140625,211.60670471191406,211.31500244140625,211.60670471191406,3725
2026-09-02 12:31:00-04:00,211.3699951171875,211.50999450683594,211.0800018310547,211.1300048828125,14283
2026-09-02 12:32:00-04:00,211.11000061035156,211.4199981689453,211.11000061035156,211.39999389648438,7792
2026-09-02 12:33:00-04:00,211.14999389648438,211.3000030517578,211.08180236816406,211.22999572753906,5846
2026-09-02 12:34:00-04:00,211.13499450683594,211.14999389648438,211.10000610351562,211.14999389648438,3116
2026-09-02 12:35:00-04:00,211.1300048828125,211.22999572753906,211.0,211.13499450683594,11368
2026-09-02 12:36:00-04:00,211.10499572753906,211.25,211.0500030517578,211.14999389648438,6912
2026-09-02 12:37:00-04:00,211.40499877929688,211.50999450683594,211.10000610351562,211.10000610351562,20251
2026-09-02 12:38:00-04:00,211.4949951171875,211.5800018310547,211.2899932861328,211.47500610351562,6800
2026-09-02 12:39:00-04:00,211.5500030517578,211.77999877929688,211.44500732421875,211.49000549316406,11529
2026-09-02 12:40:00-04:00,211.5800018310547,211.7100067138672,211.5500030517578,211.7100067138672,5783
2026-09-02 12:41:00-04:00,211.47999572753906,211.63999938964844,211.47999572753906,211.63999938964844,7298
2026-09-02 12:42:00-04:00,211.35000610351562,211.5500030517578,211.35000610351562,211.5500030517578,5755
2026-09-02 12:43:00-04:00,211.3800048828125,211.39999389648438,211.22999572753906,211.35499572753906,8114
2026-09-02 12:44:00-04:00,210.8800048828125,211.41000366210938,210.8800048828125,211.38999938964844,9784
2026-09-02 12:45:00-04:00,210.8800048828125,211.05999755859375,210.69000244140625,211.05999755859375,18119
2026-09-02 12:46:00-04:00,210.9199981689453,211.02999877929688,210.7758026123047,210.83999633789062,6266
2026-09-02 12:47:00-04:00,211.22000122070312,211.22000122070312,210.8800048828125,210.9199981689453,12235
2026-09-02 12:48:00-04:00,210.61000061035156,211.22000122070312,210.61000061035156,211.22000122070312,7520
2026-09-02 12:49:00-04:00,210.80999755859375,210.96499633789062,210.5,210.61000061035156,11244
2026-09-02 12:50:00-04:00,210.75999450683594,210.90499877929688,210.63999938964844,210.8699951171875,6201
2026-09-02 12:51:00-04:00,210.72999572753906,210.84500122070312,210.52999877929688,210.7550048828125,7693
2026-09-02 12:52:00-04:00,210.55999755859375,210.7760009765625,210.55999755859375,210.73500061035156,7114
2026-09-02 12:53:00-04:00,210.69000244140625,210.89999389648438,210.64999389648438,210.64999389648438,5762
2026-09-02 12:54:00-04:00,210.5500030517578,210.88800048828125,210.5500030517578,210.7449951171875,6196
2026-09-02 12:55:00-04:00,210.42999267578125,210.7449951171875,210.39999389648438,210.72000122070312,24021
2026-09-02 12:56:00-04:00,210.5749969482422,210.5749969482422,210.39999389648438,210.5,6294
2026-09-02 12:57:00-04:00,210.3699951171875,210.61500549316406,210.3699951171875,210.56500244140625,7809
2026-09-02 12:58:00-04:00,210.35499572753906,210.52000427246094,210.11000061035156,210.49000549316406,10430
2026-09-02 12:59:00-04:00,210.34500122070312,210.47000122070312,210.2100067138672,210.47000122070312,2735
2026-09-02 13:00:00-04:00,210.19500732421875,210.36000061035156,210.16000366210938,210.34500122070312,10037
2026-09-02 13:01:00-04:00,210.3350067138672,210.52000427246094,210.1300048828125,210.1300048828125,14429
2026-09-02 13:02:00-04:00,210.7050018310547,210.7050018310547,210.25,210.3350067138672,18656
2026-09-02 13:03:00-04:00,210.60000610351562,210.74000549316406,210.46609497070312,210.5800018310547,7985
2026-09-02 13:04:00-04:00,210.72999572753906,210.82000732421875,210.52999877929688,210.52999877929688,9293
2026-09-02 13:05:00-04:00,210.75,210.8000030517578,210.6300048828125,210.6699981689453,9641
2026-09-02 13:06:00-04:00,210.5449981689453,210.74000549316406,210.42999267578125,210.6300048828125,9344
2026-09-02 13:07:00-04:00,210.49000549316406,210.7570037841797,210.49000549316406,210.5399932861328,5335
2026-09-02 13:08:00-04:00,210.72000122070312,210.85000610351562,210.60499572753906,210.61500549316406,4753
2026-09-02 13:09:00-04:00,210.9149932861328,211.0,210.75,210.8300018310547,9561
2026-09-02 13:10:00-04:00,210.9550018310547,211.0399932861328,210.82000732421875,210.89999389648438,4472
2026-09-02 13:11:00-04:00,210.67999267578125,210.94500732421875,210.6300048828125,210.94500732421875,9499
2026-09-02 13:12:00-04:00,210.7949981689453,210.94500732421875,210.6300048828125,210.81500244140625,6126
2026-09-02 13:13:00-04:00,210.97500610351562,211.09500122070312,210.8000030517578,210.80499267578125,9388
2026-09-02 13:14:00-04:00,210.8300018310547,211.0,210.8000030517578,210.91000366210938,5421
2026-09-02 13:15:00-04:00,210.89999389648438,210.9149932861328,210.75999450683594,210.9149932861328,3247
2026-09-02 13:16:00-04:00,210.69000244140625,210.8800048828125,210.69000244140625,210.8800048828125,6305
2026-09-02 13:17:00-04:00,210.89999389648438,210.89999389648438,210.54010009765625,210.59500122070312,7982
2026-09-02 13:18:00-04:00,210.44000244140625,210.9600067138672,210.36000061035156,210.75,7038
2026-09-02 13:19:00-04:00,210.97000122070312,210.97000122070312,210.42999267578125,210.42999267578125,10790
2026-09-02 13:20:00-04:00,210.7899932861328,211.02000427246094,210.62010192871094,210.86000061035156,30322
2026-09-02 13:21:00-04:00,210.93499755859375,211.10000610351562,210.75,210.75999450683594,10130
2026-09-02 13:22:00-04:00,211.1999969482422,211.32000732421875,210.94000244140625,211.0500030517578,12570
2026-09-02 13:23:00-04:00,211.1750030517578,211.2949981689453,211.05999755859375,211.25999450683594,5825
2026-09-02 13:24:00-04:00,211.0500030517578,211.31500244140625,211.02000427246094,211.17999267578125,9761
2026-09-02 13:25:00-04:00,211.00999450683594,211.14500427246094,211.00999450683594,211.14500427246094,5641
2026-09-02 13:26:00-04:00,210.89500427246094,211.00999450683594,210.7899932861328,210.8699951171875,6646
2026-09-02 13:27:00-04:00,210.89999389648438,211.02000427246094,210.75999450683594,210.89500427246094,6465
2026-09-02 13:28:00-04:00,210.9199981689453,211.125,210.82000732421875,210.89999389648438,10980
2026-09-02 13:29:00-04:00,210.8000030517578,211.0532989501953,210.8000030517578,210.92999267578125,6120
2026-09-02 13:30:00-04:00,210.9199981689453,211.02999877929688,210.72000122070312,210.85000610351562,16428
2026-09-02 13:31:00-04:00,210.9550018310547,211.11000061035156,210.8300018310547,211.0471954345703,7182
2026-09-02 13:32:00-04:00,210.82000732421875,211.0124969482422,210.78500366210938,210.89999389648438,12015
2026-09-02 13:33:00-04:00,210.75,210.9600067138672,210.6999969482422,210.72000122070312,5937
2026-09-02 13:34:00-04:00,210.61000061035156,210.9250030517578,210.61000061035156,210.8249969482422,3704
2026-09-02 13:35:00-04:00,210.3300018310547,210.6300048828125,210.3300018310547,210.6300048828125,4404
2026-09-02 13:36:00-04:00,210.0800018310547,210.32000732421875,210.0800018310547,210.30999755859375,6215
2026-09-02 13:37:00-04:00,209.625,210.0800018310547,209.60000610351562,210.0800018310547,25212
2026-09-02 13:38:00-04:00,209.69000244140625,209.85000610351562,209.39999389648438,209.52000427246094,15937
2026-09-02 13:39:00-04:00,209.77999877929688,209.77999877929688,209.60000610351562,209.71499633789062,7247
2026-09-02 13:40:00-04:00,209.83999633789062,209.8699951171875,209.69000244140625,209.77999877929688,6623
2026-09-02 13:41:00-04:00,209.57000732421875,209.83999633789062,209.55999755859375,209.74000549316406,6628
2026-09-02 13:42:00-04:00,209.5,209.74000549316406,209.4550018310547,209.69000244140625,10437
2026-09-02 13:43:00-04:00,209.47999572753906,209.6999969482422,209.47999572753906,209.60499572753906,10590
2026-09-02 13:44:00-04:00,209.66000366210938,209.8000030517578,209.42999267578125,209.61000061035156,9743
2026-09-02 13:45:00-04:00,209.7100067138672,209.91259765625,209.5749969482422,209.5749969482422,9372
2026-09-02 13:46:00-04:00,209.7899932861328,209.84500122070312,209.5800018310547,209.77499389648438,6857
2026-09-02 13:47:00-04:00,209.83999633789062,209.94000244140625,209.52999877929688,209.61000061035156,8562
2026-09-02 13:48:00-04:00,209.7949981689453,209.94000244140625,209.55999755859375,209.80999755859375,3273
2026-09-02 13:49:00-04:00,209.6300048828125,209.91000366210938,209.60000610351562,209.91000366210938,4360
2026-09-02 13:50:00-04:00,209.77000427246094,209.78509521484375,209.56500244140625,209.5800018310547,10784
2026-09-02 13:51:00-04:00,209.94500732421875,209.9499969482422,209.74000549316406,209.74000549316406,4347
2026-09-02 13:52:00-04:00,209.8000030517578,210.0,209.8000030517578,209.91000366210938,4913
2026-09-02 13:53:00-04:00,209.8350067138672,209.9116973876953,209.74000549316406,209.7899932861328,4032
2026-09-02 13:54:00-04:00,209.88499450683594,209.92999267578125,209.69000244140625,209.7100067138672,5349
2026-09-02 13:55:00-04:00,209.8800048828125,209.9499969482422,209.77000427246094,209.82000732421875,7875
2026-09-02 13:56:00-04:00,209.52999877929688,209.8800048828125,209.52000427246094,209.8800048828125,16810
2026-09-02 13:57:00-04:00,210.05999755859375,210.22000122070312,209.52000427246094,209.69000244140625,56155
2026-09-02 13:58:00-04:00,210.19000244140625,210.2624969482422,209.9600067138672,210.22000122070312,4434
2026-09-02 13:59:00-04:00,209.97000122070312,210.16000366210938,209.86000061035156,210.0,7987
2026-09-02 14:00:00-04:00,210.01710510253906,210.0449981689453,209.9250030517578,210.0225067138672,4033
2026-09-02 14:01:00-04:00,209.98500061035156,210.0800018310547,209.9199981689453,209.9199981689453,9768
2026-09-02 14:02:00-04:00,209.8699951171875,210.27000427246094,209.8699951171875,209.98500061035156,19629
2026-09-02 14:03:00-04:00,210.22000122070312,210.27999877929688,209.8699951171875,209.8800048828125,7875
2026-09-02 14:04:00-04:00,210.19000244140625,210.2899932861328,210.1199951171875,210.2899932861328,4415
2026-09-02 14:05:00-04:00,210.19000244140625,210.3300018310547,210.15499877929688,210.19000244140625,3364
2026-09-02 14:06:00-04:00,210.5,210.5,210.19000244140625,210.19000244140625,8208
2026-09-02 14:07:00-04:00,210.375,210.58999633789062,210.22999572753906,210.5,11867
2026-09-02 14:08:00-04:00,210.41000366210938,210.4600067138672,210.2899932861328,210.34500122070312,7136
2026-09-02 14:09:00-04:00,210.4149932861328,210.50999450683594,210.27999877929688,210.41000366210938,27791
2026-09-02 14:10:00-04:00,210.38499450683594,210.47000122070312,210.38499450683594,210.4149932861328,5199
2026-09-02 14:11:00-04:00,210.52999877929688,210.5850067138672,210.32009887695312,210.38499450683594,13149
2026-09-02 14:12:00-04:00,210.22999572753906,210.5800018310547,210.22999572753906,210.52999877929688,5887
2026-09-02 14:13:00-04:00,210.58999633789062,210.67999267578125,210.25999450683594,210.36500549316406,7158
2026-09-02 14:14:00-04:00,210.4199981689453,210.6199951171875,210.36000061035156,210.6199951171875,5233
2026-09-02 14:15:00-04:00,210.2449951171875,210.49000549316406,210.1699981689453,210.39500427246094,9231
2026-09-02 14:16:00-04:00,210.3699951171875,210.42999267578125,210.16000366210938,210.27499389648438,7725
2026-09-02 14:17:00-04:00,210.49000549316406,210.52999877929688,210.22059631347656,210.3699951171875,6476
2026-09-02 14:18:00-04:00,210.5489044189453,210.82000732421875,210.39999389648438,210.46499633789062,16580
2026-09-02 14:19:00-04:00,210.73500061035156,210.73500061035156,210.4958953857422,210.5399932861328,5826
2026-09-02 14:20:00-04:00,210.78500366210938,210.97000122070312,210.74000549316406,210.74000549316406,4717
2026-09-02 14:21:00-04:00,210.65060424804688,210.8699951171875,210.63070678710938,210.77999877929688,8409
2026-09-02 14:22:00-04:00,210.75869750976562,210.75869750976562,210.63999938964844,210.64999389648438,3417
2026-09-02 14:23:00-04:00,210.7550048828125,210.7899932861328,210.6199951171875,210.75999450683594,8977
2026-09-02 14:24:00-04:00,210.91000366210938,210.92120361328125,210.660400390625,210.7550048828125,9573
2026-09-02 14:25:00-04:00,210.8800048828125,210.9149932861328,210.8800048828125,210.9149932861328,4371
2026-09-02 14:26:00-04:00,210.36500549316406,210.83999633789062,210.22500610351562,210.83999633789062,14133
2026-09-02 14:27:00-04:00,210.1999969482422,210.5399932861328,210.0500030517578,210.36000061035156,9907
2026-09-02 14:28:00-04:00,210.0,210.2449951171875,210.0,210.2449951171875,3496
2026-09-02 14:29:00-04:00,209.86000061035156,210.13999938964844,209.82000732421875,210.13999938964844,15455
2026-09-02 14:30:00-04:00,209.99000549316406,209.99000549316406,209.7899932861328,209.7899932861328,5995
2026-09-02 14:31:00-04:00,209.8300018310547,210.02000427246094,209.81500244140625,209.92999267578125,14721
2026-09-02 14:32:00-04:00,210.0,210.0175018310547,209.8300018310547,209.96499633789062,3912
2026-09-02 14:33:00-04:00,209.6300048828125,209.85000610351562,209.6300048828125,209.85000610351562,7485
2026-09-02 14:34:00-04:00,209.58999633789062,209.7375030517578,209.58999633789062,209.73500061035156,5776
2026-09-02 14:35:00-04:00,209.30499267578125,209.61000061035156,209.25999450683594,209.6051025390625,10299
2026-09-02 14:36:00-04:00,209.22500610351562,209.35000610351562,209.08999633789062,209.1699981689453,16255
2026-09-02 14:37:00-04:00,209.1699981689453,209.2550048828125,209.0,209.11000061035156,10489
2026-09-02 14:38:00-04:00,209.02999877929688,209.27999877929688,209.02000427246094,209.05999755859375,10607
2026-09-02 14:39:00-04:00,209.00999450683594,209.10499572753906,209.00999450683594,209.05999755859375,8288
2026-09-02 14:40:00-04:00,209.1125030517578,209.19000244140625,209.02999877929688,209.16000366210938,9332
2026-09-02 14:41:00-04:00,209.08999633789062,209.19000244140625,209.0,209.09500122070312,9023
2026-09-02 14:42:00-04:00,209.08999633789062,209.16000366210938,209.08999633789062,209.08999633789062,3611
2026-09-02 14:43:00-04:00,209.15499877929688,209.25,209.0500030517578,209.08999633789062,9549
2026-09-02 14:44:00-04:00,208.85000610351562,209.15499877929688,208.85000610351562,209.05999755859375,10523
2026-09-02 14:45:00-04:00,208.8800048828125,209.0399932861328,208.82000732421875,208.94500732421875,13344
2026-09-02 14:46:00-04:00,208.77000427246094,208.84500122070312,208.77000427246094,208.84500122070312,4607
2026-09-02 14:47:00-04:00,208.75999450683594,208.9199981689453,208.75999450683594,208.8350067138672,7842
2026-09-02 14:48:00-04:00,208.86000061035156,208.92999267578125,208.75999450683594,208.86500549316406,11901
2026-09-02 14:49:00-04:00,208.8350067138672,208.92999267578125,208.75999450683594,208.86000061035156,12459
2026-09-02 14:50:00-04:00,208.81500244140625,208.97000122070312,208.75999450683594,208.85000610351562,9657
2026-09-02 14:51:00-04:00,208.75,208.76499938964844,208.61000061035156,208.72000122070312,7631
2026-09-02 14:52:00-04:00,209.0399932861328,209.0399932861328,208.60000610351562,208.7100067138672,12354
2026-09-02 14:53:00-04:00,209.1699981689453,209.1699981689453,209.0,209.0,5858
2026-09-02 14:54:00-04:00,209.24000549316406,209.24000549316406,209.13999938964844,209.1699981689453,9271
2026-09-02 14:55:00-04:00,209.3000030517578,209.3699951171875,209.25999450683594,209.27999877929688,4892
2026-09-02 14:56:00-04:00,209.33999633789062,209.50999450683594,209.2100067138672,209.3000030517578,8995
2026-09-02 14:57:00-04:00,209.35000610351562,209.4499969482422,209.2899932861328,209.35000610351562,5233
2026-09-02 14:58:00-04:00,209.19000244140625,209.2449951171875,209.0800018310547,209.22999572753906,4173
2026-09-02 14:59:00-04:00,209.0399932861328,209.2821044921875,208.88999938964844,209.2821044921875,15721
2026-09-02 15:00:00-04:00,210.14999389648438,210.5399932861328,209.03500366210938,209.03500366210938,28305
2026-09-02 15:01:00-04:00,210.1199951171875,210.1199951171875,210.1199951171875,210.1199951171875,0
