Price,Close,High,Low,Open,Volume
Ticker,F,F,F,F,F
Datetime,,,,,
2026-08-27 09:30:00-04:00,13.859999656677246,13.869999885559082,13.850000381469727,13.859999656677246,100594
2026-08-27 09:31:00-04:00,13.960000038146973,13.970000267028809,13.850000381469727,13.854999542236328,527994
2026-08-27 09:32:00-04:00,13.944999694824219,13.989999771118164,13.9399995803833,13.949999809265137,171984
2026-08-27 09:33:00-04:00,13.949999809265137,13.956000328063965,13.9350004196167,13.944999694824219,61669
2026-08-27 09:34:00-04:00,13.953200340270996,13.979999542236328,13.949999809265137,13.954999923706055,83955
2026-08-27 09:35:00-04:00,13.958999633789062,13.979999542236328,13.949999809265137,13.954999923706055,73628
2026-08-27 09:36:00-04:00,13.96500015258789,13.989999771118164,13.949999809265137,13.954999923706055,134012
2026-08-27 09:37:00-04:00,13.984999656677246,14.0,13.960000038146973,13.963299751281738,312015
2026-08-27 09:38:00-04:00,13.989999771118164,13.989999771118164,13.970100402832031,13.984999656677246,56942
2026-08-27 09:39:00-04:00,13.975000381469727,13.989999771118164,13.970000267028809,13.989999771118164,115995
2026-08-27 09:40:00-04:00,13.942099571228027,13.984999656677246,13.9399995803833,13.975000381469727,163931
2026-08-27 09:41:00-04:00,13.970000267028809,13.975000381469727,13.9399995803833,13.940099716186523,31508
2026-08-27 09:42:00-04:00,13.949999809265137,13.979999542236328,13.949999809265137,13.975000381469727,23029
2026-08-27 09:43:00-04:00,13.960000038146973,13.96500015258789,13.949999809265137,13.960000038146973,24659
2026-08-27 09:44:00-04:00,13.958000183105469,13.960000038146973,13.9399995803833,13.954999923706055,103055
2026-08-27 09:45:00-04:00,13.9350004196167,13.979999542236328,13.9350004196167,13.95989990234375,68631
2026-08-27 09:46:00-04:00,13.90999984741211,13.949999809265137,13.90999984741211,13.9350004196167,58322
2026-08-27 09:47:00-04:00,13.920000076293945,13.920000076293945,13.904999732971191,13.914999961853027,47995
2026-08-27 09:48:00-04:00,13.930000305175781,13.9399995803833,13.899999618530273,13.917200088500977,70559
2026-08-27 09:49:00-04:00,13.910200119018555,13.930000305175781,13.90999984741211,13.925000190734863,64725
2026-08-27 09:50:00-04:00,13.920000076293945,13.930000305175781,13.90999984741211,13.90999984741211,29821
2026-08-27 09:51:00-04:00,13.949999809265137,13.960000038146973,13.920000076293945,13.925000190734863,82902
2026-08-27 09:52:00-04:00,13.960000038146973,13.970000267028809,13.949999809265137,13.949999809265137,33306
2026-08-27 09:53:00-04:00,13.965100288391113,13.970000267028809,13.960000038146973,13.960000038146973,43984
2026-08-27 09:54:00-04:00,13.954999923706055,13.970000267028809,13.949999809265137,13.970000267028809,24368
2026-08-27 09:55:00-04:00,13.96500015258789,13.970000267028809,13.949999809265137,13.960000038146973,62366
2026-08-27 09:56:00-04:00,13.970000267028809,13.989999771118164,13.960000038146973,13.970000267028809,96944
2026-08-27 09:57:00-04:00,13.989999771118164,13.989999771118164,13.960000038146973,13.960000038146973,65381
2026-08-27 09:58:00-04:00,13.989999771118164,13.989999771118164,13.973799705505371,13.984999656677246,36763
2026-08-27 09:59:00-04:00,13.979999542236328,13.989999771118164,13.979999542236328,13.980500221252441,34369
2026-08-27 10:00:00-04:00,13.970000267028809,14.0,13.970000267028809,13.989999771118164,136442
2026-08-27 10:01:00-04:00,13.984999656677246,13.984999656677246,13.96500015258789,13.975000381469727,89967
2026-08-27 10:02:00-04:00,13.960000038146973,13.989999771118164,13.960000038146973,13.98009967803955,70114
2026-08-27 10:03:00-04:00,13.944999694824219,13.960000038146973,13.9399995803833,13.954999923706055,39991
2026-08-27 10:04:00-04:00,13.920000076293945,13.949999809265137,13.920000076293945,13.9399995803833,67379
2026-08-27 10:05:00-04:00,13.930000305175781,13.930000305175781,13.90999984741211,13.925000190734863,72236
2026-08-27 10:06:00-04:00,13.899999618530273,13.930000305175781,13.895000457763672,13.930000305175781,103618
2026-08-27 10:07:00-04:00,13.920000076293945,13.920000076293945,13.899999618530273,13.90999984741211,33574
2026-08-27 10:08:00-04:00,13.920000076293945,13.925000190734863,13.90999984741211,13.90999984741211,43137
2026-08-27 10:09:00-04:00,13.90999984741211,13.920000076293945,13.90999984741211,13.914999961853027,29413
2026-08-27 10:10:00-04:00,13.90999984741211,13.920000076293945,13.899999618530273,13.914999961853027,47926
2026-08-27 10:11:00-04:00,13.897199630737305,13.90999984741211,13.890000343322754,13.90999984741211,28931
2026-08-27 10:12:00-04:00,13.875,13.899999618530273,13.869999885559082,13.895000457763672,70455
2026-08-27 10:13:00-04:00,13.880000114440918,13.880000114440918,13.869999885559082,13.880000114440918,103195
2026-08-27 10:14:00-04:00,13.854999542236328,13.880000114440918,13.850000381469727,13.875,95393
2026-08-27 10:15:00-04:00,13.859999656677246,13.869999885559082,13.845000267028809,13.854999542236328,215379
2026-08-27 10:16:00-04:00,13.869999885559082,13.880000114440918,13.859999656677246,13.859999656677246,57989
2026-08-27 10:17:00-04:00,13.890000343322754,13.890000343322754,13.869999885559082,13.880000114440918,48460
2026-08-27 10:18:00-04:00,13.880000114440918,13.899999618530273,13.880000114440918,13.890000343322754,126375
2026-08-27 10:19:00-04:00,13.880000114440918,13.880000114440918,13.869999885559082,13.880000114440918,142413
2026-08-27 10:20:00-04:00,13.895000457763672,13.899999618530273,13.880000114440918,13.880000114440918,139203
2026-08-27 10:21:00-04:00,13.875,13.899999618530273,13.869999885559082,13.890000343322754,147640
2026-08-27 10:22:00-04:00,13.869999885559082,13.880000114440918,13.869999885559082,13.869999885559082,252319
2026-08-27 10:23:00-04:00,13.890000343322754,13.890000343322754,13.869999885559082,13.880000114440918,207288
2026-08-27 10:24:00-04:00,13.890000343322754,13.890000343322754,13.880000114440918,13.880000114440918,64156
2026-08-27 10:25:00-04:00,13.895000457763672,13.899999618530273,13.880000114440918,13.890000343322754,72664
2026-08-27 10:26:00-04:00,13.890000343322754,13.899999618530273,13.890000343322754,13.890000343322754,45910
2026-08-27 10:27:00-04:00,13.895000457763672,13.899999618530273,13.890000343322754,13.899999618530273,44185
2026-08-27 10:28:00-04:00,13.904999732971191,13.90999984741211,13.890000343322754,13.899999618530273,447992
2026-08-27 10:29:00-04:00,13.90999984741211,13.90999984741211,13.899999618530273,13.90999984741211,97350
2026-08-27 10:30:00-04:00,13.9350004196167,13.9399995803833,13.899999618530273,13.90999984741211,165980
2026-08-27 10:31:00-04:00,13.940400123596191,13.949999809265137,13.930000305175781,13.939900398254395,377237
2026-08-27 10:32:00-04:00,13.96500015258789,13.970000267028809,13.9399995803833,13.944999694824219,233685
2026-08-27 10:33:00-04:00,13.96500015258789,13.970000267028809,13.960000038146973,13.963000297546387,94821
2026-08-27 10:34:00-04:00,13.973999977111816,13.979999542236328,13.949999809265137,13.96500015258789,194671
2026-08-27 10:35:00-04:00,14.010000228881836,14.010000228881836,13.970000267028809,13.975000381469727,367256
2026-08-27 10:36:00-04:00,14.045000076293945,14.050000190734863,14.0,14.005000114440918,267356
2026-08-27 10:37:00-04:00,14.039999961853027,14.050000190734863,14.029999732971191,14.050000190734863,308837
2026-08-27 10:38:00-04:00,14.039999961853027,14.050000190734863,14.03499984741211,14.050000190734863,76821
2026-08-27 10:39:00-04:00,14.074999809265137,14.100000381469727,14.03499984741211,14.03499984741211,600741
2026-08-27 10:40:00-04:00,14.069999694824219,14.079999923706055,14.0600004196167,14.074999809265137,85119
2026-08-27 10:41:00-04:00,14.050000190734863,14.069999694824219,14.045000076293945,14.0649995803833,105897
2026-08-27 10:42:00-04:00,14.045000076293945,14.050000190734863,14.039999961853027,14.045000076293945,109538
2026-08-27 10:43:00-04:00,14.050000190734863,14.050000190734863,14.039999961853027,14.041399955749512,50590
2026-08-27 10:44:00-04:00,14.0600004196167,14.0600004196167,14.029999732971191,14.050000190734863,294126
2026-08-27 10:45:00-04:00,14.069999694824219,14.069999694824219,14.039999961853027,14.050000190734863,177086
2026-08-27 10:46:00-04:00,14.09000015258789,14.100000381469727,14.069999694824219,14.069999694824219,319932
2026-08-27 10:47:00-04:00,14.0649995803833,14.085000038146973,14.0600004196167,14.085000038146973,80462
2026-08-27 10:48:00-04:00,14.0649995803833,14.069999694824219,14.0600004196167,14.069999694824219,35143
2026-08-27 10:49:00-04:00,14.024999618530273,14.069999694824219,14.020000457763672,14.069999694824219,159907
2026-08-27 10:50:00-04:00,14.039999961853027,14.039999961853027,14.020000457763672,14.024999618530273,60906
2026-08-27 10:51:00-04:00,14.03499984741211,14.039999961853027,14.029999732971191,14.03499984741211,58847
2026-08-27 10:52:00-04:00,14.029999732971191,14.039999961853027,14.029999732971191,14.039999961853027,69960
2026-08-27 10:53:00-04:00,14.027700424194336,14.039999961853027,14.020000457763672,14.03499984741211,39826
2026-08-27 10:54:00-04:00,14.02400016784668,14.029999732971191,14.020000457763672,14.029999732971191,70207
2026-08-27 10:55:00-04:00,14.020000457763672,14.024999618530273,14.010000228881836,14.024999618530273,93839
2026-08-27 10:56:00-04:00,14.020000457763672,14.029999732971191,14.010000228881836,14.020000457763672,131602
2026-08-27 10:57:00-04:00,14.010000228881836,14.020000457763672,14.0,14.010000228881836,50815
2026-08-27 10:58:00-04:00,14.020000457763672,14.020000457763672,14.0,14.005000114440918,62723
2026-08-27 10:59:00-04:00,14.020000457763672,14.020000457763672,14.010000228881836,14.012200355529785,70303
2026-08-27 11:00:00-04:00,14.020000457763672,14.029999732971191,14.010000228881836,14.020000457763672,116424
2026-08-27 11:01:00-04:00,14.029999732971191,14.039999961853027,14.020000457763672,14.024999618530273,91653
2026-08-27 11:02:00-04:00,14.024999618530273,14.039999961853027,14.020000457763672,14.031000137329102,38740
2026-08-27 11:03:00-04:00,14.024999618530273,14.029999732971191,14.020000457763672,14.029999732971191,84728
2026-08-27 11:04:00-04:00,14.024999618530273,14.029999732971191,14.020000457763672,14.024999618530273,86974
2026-08-27 11:05:00-04:00,14.029199600219727,14.029999732971191,14.020000457763672,14.024999618530273,47544
2026-08-27 11:06:00-04:00,14.024999618530273,14.029999732971191,14.020000457763672,14.024999618530273,55212
2026-08-27 11:07:00-04:00,14.005000114440918,14.029999732971191,14.0,14.02280044555664,96839
2026-08-27 11:08:00-04:00,14.005000114440918,14.010000228881836,14.0,14.005000114440918,30276
2026-08-27 11:09:00-04:00,14.0,14.010000228881836,14.0,14.0,57833
2026-08-27 11:10:00-04:00,14.020000457763672,14.020000457763672,14.0,14.005000114440918,85107
2026-08-27 11:11:00-04:00,14.010000228881836,14.020000457763672,14.010000228881836,14.020000457763672,35741
2026-08-27 11:12:00-04:00,14.010000228881836,14.020000457763672,14.010000228881836,14.020000457763672,29254
2026-08-27 11:13:00-04:00,14.02400016784668,14.029999732971191,14.010000228881836,14.015000343322754,45688
2026-08-27 11:14:00-04:00,14.024999618530273,14.029999732971191,14.020000457763672,14.029999732971191,64224
2026-08-27 11:15:00-04:00,14.024999618530273,14.029999732971191,14.020000457763672,14.02299976348877,22323
2026-08-27 11:16:00-04:00,14.020000457763672,14.029999732971191,14.020000457763672,14.020000457763672,49880
2026-08-27 11:17:00-04:00,14.020000457763672,14.029999732971191,14.020000457763672,14.029999732971191,49543
2026-08-27 11:18:00-04:00,14.036399841308594,14.039999961853027,14.020000457763672,14.029999732971191,70384
2026-08-27 11:19:00-04:00,14.039999961853027,14.039999961853027,14.029999732971191,14.029999732971191,35050
2026-08-27 11:20:00-04:00,14.039999961853027,14.050000190734863,14.029999732971191,14.039999961853027,80321
2026-08-27 11:21:00-04:00,14.0600004196167,14.069999694824219,14.050000190734863,14.050000190734863,373666
2026-08-27 11:22:00-04:00,14.0600004196167,14.069999694824219,14.050000190734863,14.055000305175781,88535
2026-08-27 11:23:00-04:00,14.079999923706055,14.079999923706055,14.0600004196167,14.068599700927734,101408
2026-08-27 11:24:00-04:00,14.080100059509277,14.09000015258789,14.069999694824219,14.079999923706055,190738
2026-08-27 11:25:00-04:00,14.069999694824219,14.09000015258789,14.0600004196167,14.085000038146973,113628
2026-08-27 11:26:00-04:00,14.055000305175781,14.069999694824219,14.050000190734863,14.069999694824219,54091
2026-08-27 11:27:00-04:00,14.050000190734863,14.0600004196167,14.039999961853027,14.055000305175781,30267
2026-08-27 11:28:00-04:00,14.045000076293945,14.050000190734863,14.039999961853027,14.050000190734863,114321
2026-08-27 11:29:00-04:00,14.03499984741211,14.050000190734863,14.029999732971191,14.039999961853027,96329
2026-08-27 11:30:00-04:00,14.045000076293945,14.050000190734863,14.029999732971191,14.039999961853027,114929
2026-08-27 11:31:00-04:00,14.050000190734863,14.050000190734863,14.039999961853027,14.045000076293945,76485
2026-08-27 11:32:00-04:00,14.039999961853027,14.050000190734863,14.039999961853027,14.040300369262695,70907
2026-08-27 11:33:00-04:00,14.055000305175781,14.0600004196167,14.050000190734863,14.050000190734863,146335
2026-08-27 11:34:00-04:00,14.042499542236328,14.0600004196167,14.039999961853027,14.053899765014648,62784
2026-08-27 11:35:00-04:00,14.045000076293945,14.050000190734863,14.039999961853027,14.041500091552734,58143
2026-08-27 11:36:00-04:00,14.029999732971191,14.050000190734863,14.020000457763672,14.039999961853027,119904
2026-08-27 11:37:00-04:00,14.045000076293945,14.050000190734863,14.029999732971191,14.039999961853027,120086
2026-08-27 11:38:00-04:00,14.039999961853027,14.050000190734863,14.039999961853027,14.045000076293945,55737
2026-08-27 11:39:00-04:00,14.050000190734863,14.050000190734863,14.039999961853027,14.045000076293945,44876
2026-08-27 11:40:00-04:00,14.03499984741211,14.050000190734863,14.029999732971191,14.04010009765625,85329
2026-08-27 11:41:00-04:00,14.045000076293945,14.050000190734863,14.029999732971191,14.03499984741211,50922
2026-08-27 11:42:00-04:00,14.03499984741211,14.050000190734863,14.029999732971191,14.050000190734863,101484
2026-08-27 11:43:00-04:00,14.045000076293945,14.050000190734863,14.03499984741211,14.03499984741211,40235
2026-08-27 11:44:00-04:00,14.045000076293945,14.050000190734863,14.039999961853027,14.050000190734863,58381
2026-08-27 11:45:00-04:00,14.039999961853027,14.050000190734863,14.039999961853027,14.045000076293945,38981
2026-08-27 11:46:00-04:00,14.0600004196167,14.0600004196167,14.050000190734863,14.050000190734863,139979
2026-08-27 11:47:00-04:00,14.050000190734863,14.0600004196167,14.039999961853027,14.055000305175781,100929
2026-08-27 11:48:00-04:00,14.050000190734863,14.050000190734863,14.039999961853027,14.039999961853027,15477
2026-08-27 11:49:00-04:00,14.050000190734863,14.050000190734863,14.039999961853027,14.039999961853027,19110
2026-08-27 11:50:00-04:00,14.050000190734863,14.050000190734863,14.039999961853027,14.050000190734863,23433
2026-08-27 11:51:00-04:00,14.039999961853027,14.050000190734863,14.039999961853027,14.045000076293945,76340
2026-08-27 11:52:00-04:00,14.03499984741211,14.050000190734863,14.029999732971191,14.045000076293945,87264
2026-08-27 11:53:00-04:00,14.03499984741211,14.039999961853027,14.029999732971191,14.029999732971191,22163
2026-08-27 11:54:00-04:00,14.039999961853027,14.039999961853027,14.029999732971191,14.039999961853027,91701
2026-08-27 11:55:00-04:00,14.024999618530273,14.039999961853027,14.020000457763672,14.03499984741211,41186
2026-08-27 11:56:00-04:00,14.015000343322754,14.029999732971191,14.010000228881836,14.024999618530273,91254
2026-08-27 11:57:00-04:00,14.022500038146973,14.029999732971191,14.010000228881836,14.010000228881836,65660
2026-08-27 11:58:00-04:00,14.03499984741211,14.039999961853027,14.020000457763672,14.029999732971191,134430
2026-08-27 11:59:00-04:00,14.059399604797363,14.0600004196167,14.039999961853027,14.039999961853027,153771
2026-08-27 12:00:00-04:00,14.079999923706055,14.079999923706055,14.050000190734863,14.0600004196167,237311
2026-08-27 12:01:00-04:00,14.069999694824219,14.079999923706055,14.069999694824219,14.069999694824219,33323
2026-08-27 12:02:00-04:00,14.039999961853027,14.079999923706055,14.039999961853027,14.069999694824219,131632
2026-08-27 12:03:00-04:00,14.050000190734863,14.050000190734863,14.029999732971191,14.039999961853027,192020
2026-08-27 12:04:00-04:00,14.055000305175781,14.0600004196167,14.039999961853027,14.039999961853027,91742
2026-08-27 12:05:00-04:00,14.055000305175781,14.0600004196167,14.050000190734863,14.055000305175781,80474
2026-08-27 12:06:00-04:00,14.0600004196167,14.0600004196167,14.050000190734863,14.0600004196167,39141
2026-08-27 12:07:00-04:00,14.055000305175781,14.0600004196167,14.050000190734863,14.055000305175781,131898
2026-08-27 12:08:00-04:00,14.055100440979004,14.0600004196167,14.050000190734863,14.052000045776367,31947
2026-08-27 12:09:00-04:00,14.03499984741211,14.0600004196167,14.029999732971191,14.055000305175781,126076
2026-08-27 12:10:00-04:00,14.039999961853027,14.039999961853027,14.029999732971191,14.03499984741211,76524
2026-08-27 12:11:00-04:00,14.03499984741211,14.039999961853027,14.029999732971191,14.029999732971191,60720
2026-08-27 12:12:00-04:00,14.029999732971191,14.039999961853027,14.020000457763672,14.030400276184082,99061
2026-08-27 12:13:00-04:00,14.020000457763672,14.029999732971191,14.013099670410156,14.024999618530273,92366
2026-08-27 12:14:00-04:00,14.010000228881836,14.020000457763672,14.010000228881836,14.020000457763672,74613
2026-08-27 12:15:00-04:00,14.029999732971191,14.029999732971191,14.020000457763672,14.020000457763672,75620
2026-08-27 12:16:00-04:00,14.020000457763672,14.029999732971191,14.020000457763672,14.029999732971191,79278
2026-08-27 12:17:00-04:00,14.020000457763672,14.029999732971191,14.020000457763672,14.029999732971191,53540
2026-08-27 12:18:00-04:00,14.020000457763672,14.029999732971191,14.020000457763672,14.029899597167969,39801
2026-08-27 12:19:00-04:00,14.020000457763672,14.029999732971191,14.010000228881836,14.024999618530273,72580
2026-08-27 12:20:00-04:00,14.005000114440918,14.020000457763672,14.0,14.015000343322754,56060
2026-08-27 12:21:00-04:00,14.0,14.010000228881836,14.0,14.010000228881836,35370
2026-08-27 12:22:00-04:00,14.010000228881836,14.020000457763672,14.010000228881836,14.010000228881836,56850
2026-08-27 12:23:00-04:00,14.010000228881836,14.020000457763672,14.0,14.010000228881836,33214
2026-08-27 12:24:00-04:00,14.0,14.010000228881836,14.0,14.010000228881836,48204
2026-08-27 12:25:00-04:00,14.010000228881836,14.020000457763672,14.0,14.010000228881836,85692
2026-08-27 12:26:00-04:00,14.010000228881836,14.010000228881836,14.0,14.0,43373
2026-08-27 12:27:00-04:00,14.005000114440918,14.010000228881836,14.0,14.0,19691
2026-08-27 12:28:00-04:00,14.010000228881836,14.010000228881836,13.989999771118164,14.005000114440918,135411
2026-08-27 12:29:00-04:00,14.010000228881836,14.010000228881836,14.0,14.010000228881836,28468
2026-08-27 12:30:00-04:00,14.005000114440918,14.010000228881836,14.0,14.0,42115
2026-08-27 12:31:00-04:00,14.009900093078613,14.010000228881836,14.0,14.0,59518
2026-08-27 12:32:00-04:00,14.010000228881836,14.010000228881836,14.0,14.005000114440918,55793
2026-08-27 12:33:00-04:00,14.005000114440918,14.010000228881836,14.0,14.010000228881836,37663
2026-08-27 12:34:00-04:00,14.010000228881836,14.010000228881836,14.0,14.0,61439
2026-08-27 12:35:00-04:00,14.005000114440918,14.010000228881836,14.0,14.005000114440918,32749
2026-08-27 12:36:00-04:00,14.0,14.010000228881836,14.0,14.0,24900
2026-08-27 12:37:00-04:00,14.010000228881836,14.010000228881836,14.0,14.010000228881836,20046
2026-08-27 12:38:00-04:00,14.020000457763672,14.020000457763672,14.010000228881836,14.010000228881836,47111
2026-08-27 12:39:00-04:00,14.015000343322754,14.020000457763672,14.010000228881836,14.020000457763672,35197
2026-08-27 12:40:00-04:00,14.015000343322754,14.020000457763672,14.010000228881836,14.010000228881836,35126
2026-08-27 12:41:00-04:00,14.015000343322754,14.020000457763672,14.010000228881836,14.010000228881836,38498
2026-08-27 12:42:00-04:00,14.013299942016602,14.020000457763672,14.010000228881836,14.020000457763672,46613
2026-08-27 12:43:00-04:00,14.010000228881836,14.020000457763672,14.010000228881836,14.020000457763672,24739
2026-08-27 12:44:00-04:00,14.029999732971191,14.039999961853027,14.010000228881836,14.020000457763672,92980
2026-08-27 12:45:00-04:00,14.039999961853027,14.039999961853027,14.029999732971191,14.03499984741211,58058
2026-08-27 12:46:00-04:00,14.045000076293945,14.050000190734863,14.029999732971191,14.029999732971191,89179
2026-08-27 12:47:00-04:00,14.050000190734863,14.050000190734863,14.039999961853027,14.039999961853027,29607
2026-08-27 12:48:00-04:00,14.045000076293945,14.050000190734863,14.039999961853027,14.044300079345703,25795
2026-08-27 12:49:00-04:00,14.039999961853027,14.050000190734863,14.039999961853027,14.045000076293945,15348
2026-08-27 12:50:00-04:00,14.045000076293945,14.050000190734863,14.039999961853027,14.045000076293945,26887
2026-08-27 12:51:00-04:00,14.055000305175781,14.055000305175781,14.039999961853027,14.045000076293945,115885
2026-08-27 12:52:00-04:00,14.0600004196167,14.069999694824219,14.050000190734863,14.050000190734863,127449
2026-08-27 12:53:00-04:00,14.079999923706055,14.079999923706055,14.0600004196167,14.069999694824219,129875
2026-08-27 12:54:00-04:00,14.085000038146973,14.09000015258789,14.079999923706055,14.079999923706055,164433
2026-08-27 12:55:00-04:00,14.079999923706055,14.09000015258789,14.079999923706055,14.085000038146973,69010
2026-08-27 12:56:00-04:00,14.079999923706055,14.09000015258789,14.079999923706055,14.085000038146973,72397
2026-08-27 12:57:00-04:00,14.09000015258789,14.100000381469727,14.079999923706055,14.09000015258789,126286
2026-08-27 12:58:00-04:00,14.079999923706055,14.09000015258789,14.079999923706055,14.081500053405762,48818
2026-08-27 12:59:00-04:00,14.062299728393555,14.09000015258789,14.0600004196167,14.09000015258789,81217
2026-08-27 13:00:00-04:00,14.0600004196167,14.069999694824219,14.050000190734863,14.0649995803833,96713
2026-08-27 13:01:00-04:00,14.055000305175781,14.0600004196167,14.050000190734863,14.055000305175781,100750
2026-08-27 13:02:00-04:00,14.055000305175781,14.0600004196167,14.050000190734863,14.055000305175781,27545
2026-08-27 13:03:00-04:00,14.055000305175781,14.0600004196167,14.050000190734863,14.055000305175781,67752
2026-08-27 13:04:00-04:00,14.045000076293945,14.0600004196167,14.039999961853027,14.055100440979004,94977
2026-08-27 13:05:00-04:00,14.039999961853027,14.050000190734863,14.039999961853027,14.039999961853027,54308
2026-08-27 13:06:00-04:00,14.039999961853027,14.050000190734863,14.039999961853027,14.045000076293945,40518
2026-08-27 13:07:00-04:00,14.030099868774414,14.045000076293945,14.029999732971191,14.045000076293945,65097
2026-08-27 13:08:00-04:00,14.039999961853027,14.039999961853027,14.029999732971191,14.029999732971191,81553
2026-08-27 13:09:00-04:00,14.03499984741211,14.039999961853027,14.029999732971191,14.029999732971191,48082
2026-08-27 13:10:00-04:00,14.03499984741211,14.039999961853027,14.029999732971191,14.029999732971191,25455
2026-08-27 13:11:00-04:00,14.03499984741211,14.039999961853027,14.029999732971191,14.039999961853027,26571
2026-08-27 13:12:00-04:00,14.024999618530273,14.039999961853027,14.020000457763672,14.039999961853027,92838
2026-08-27 13:13:00-04:00,14.020000457763672,14.029999732971191,14.020000457763672,14.024999618530273,91091
2026-08-27 13:14:00-04:00,14.015000343322754,14.029999732971191,14.010000228881836,14.029999732971191,119753
2026-08-27 13:15:00-04:00,14.016400337219238,14.020000457763672,14.010000228881836,14.015000343322754,34829
2026-08-27 13:16:00-04:00,14.020000457763672,14.020000457763672,14.010000228881836,14.015000343322754,27103
2026-08-27 13:17:00-04:00,14.010000228881836,14.020000457763672,14.010000228881836,14.020000457763672,32627
2026-08-27 13:18:00-04:00,14.015000343322754,14.020000457763672,14.010000228881836,14.015000343322754,16509
2026-08-27 13:19:00-04:00,14.020000457763672,14.020000457763672,14.010000228881836,14.010000228881836,29064
2026-08-27 13:20:00-04:00,14.020000457763672,14.020000457763672,14.010000228881836,14.015000343322754,28329
2026-08-27 13:21:00-04:00,14.015000343322754,14.020000457763672,14.010000228881836,14.015000343322754,25147
2026-08-27 13:22:00-04:00,14.015000343322754,14.020000457763672,14.010000228881836,14.020000457763672,62505
2026-08-27 13:23:00-04:00,14.0,14.020000457763672,14.0,14.015000343322754,89049
2026-08-27 13:24:00-04:00,14.0,14.010000228881836,14.0,14.010000228881836,22551
2026-08-27 13:25:00-04:00,13.994999885559082,14.010000228881836,13.989999771118164,14.005000114440918,47971
2026-08-27 13:26:00-04:00,13.994999885559082,14.0,13.989999771118164,13.993000030517578,40161
2026-08-27 13:27:00-04:00,14.0,14.0,13.989999771118164,13.989999771118164,68030
2026-08-27 13:28:00-04:00,14.010000228881836,14.010000228881836,13.989999771118164,13.989999771118164,110805
2026-08-27 13:29:00-04:00,14.005000114440918,14.010000228881836,14.0,14.005000114440918,29931
2026-08-27 13:30:00-04:00,14.015000343322754,14.020000457763672,14.0,14.0,94944
2026-08-27 13:31:00-04:00,14.0068998336792,14.020000457763672,14.0,14.020000457763672,67971
2026-08-27 13:32:00-04:00,14.0,14.010000228881836,14.0,14.005000114440918,12240
2026-08-27 13:33:00-04:00,14.0,14.010000228881836,14.0,14.005000114440918,13800
2026-08-27 13:34:00-04:00,14.0,14.010000228881836,14.0,14.005000114440918,20999
2026-08-27 13:35:00-04:00,14.0,14.010000228881836,14.0,14.005000114440918,24440
2026-08-27 13:36:00-04:00,13.994999885559082,14.010000228881836,13.989999771118164,14.0,89908
2026-08-27 13:37:00-04:00,13.994999885559082,14.0,13.989999771118164,14.0,18572
2026-08-27 13:38:00-04:00,13.994999885559082,14.0,13.989999771118164,13.991999626159668,25594
2026-08-27 13:39:00-04:00,13.994999885559082,14.0,13.989999771118164,14.0,10726
2026-08-27 13:40:00-04:00,13.994999885559082,14.0,13.989999771118164,13.994999885559082,62912
2026-08-27 13:41:00-04:00,13.989999771118164,14.0,13.989999771118164,14.0,15493
2026-08-27 13:42:00-04:00,14.0,14.0,13.989999771118164,13.994999885559082,20975
2026-08-27 13:43:00-04:00,13.994999885559082,14.0,13.989999771118164,13.994999885559082,22338
2026-08-27 13:44:00-04:00,13.989999771118164,14.0,13.989999771118164,14.0,37351
2026-08-27 13:45:00-04:00,13.989999771118164,14.0,13.989999771118164,13.994999885559082,24639
2026-08-27 13:46:00-04:00,13.984999656677246,13.989999771118164,13.979999542236328,13.989999771118164,67701
2026-08-27 13:47:00-04:00,13.982999801635742,13.989999771118164,13.970000267028809,13.980999946594238,102027
2026-08-27 13:48:00-04:00,13.981599807739258,13.989999771118164,13.979999542236328,13.979999542236328,36719
2026-08-27 13:49:00-04:00,13.984999656677246,13.989999771118164,13.979999542236328,13.984999656677246,56539
2026-08-27 13:50:00-04:00,13.989999771118164,13.989999771118164,13.979999542236328,13.984999656677246,49179
2026-08-27 13:51:00-04:00,13.989999771118164,13.989999771118164,13.979999542236328,13.989999771118164,21529
2026-08-27 13:52:00-04:00,13.984999656677246,13.989999771118164,13.979999542236328,13.984999656677246,20081
2026-08-27 13:53:00-04:00,13.970000267028809,13.989999771118164,13.960000038146973,13.979999542236328,110628
2026-08-27 13:54:00-04:00,13.96500015258789,13.970000267028809,13.960000038146973,13.960000038146973,43880
2026-08-27 13:55:00-04:00,13.960000038146973,13.970000267028809,13.960000038146973,13.970000267028809,30076
2026-08-27 13:56:00-04:00,13.958000183105469,13.970000267028809,13.949999809265137,13.960000038146973,40316
2026-08-27 13:57:00-04:00,13.949999809265137,13.960000038146973,13.949999809265137,13.95829963684082,81476
2026-08-27 13:58:00-04:00,13.96500015258789,13.970000267028809,13.949999809265137,13.960000038146973,102390
2026-08-27 13:59:00-04:00,13.970000267028809,13.970000267028809,13.960000038146973,13.96500015258789,54772
2026-08-27 14:00:00-04:00,13.944999694824219,13.970000267028809,13.9399995803833,13.960000038146973,101631
2026-08-27 14:01:00-04:00,13.9350004196167,13.949999809265137,13.930000305175781,13.944999694824219,156705
2026-08-27 14:02:00-04:00,13.9350004196167,13.9399995803833,13.930000305175781,13.9350004196167,22534
2026-08-27 14:03:00-04:00,13.930000305175781,13.9399995803833,13.930000305175781,13.9399995803833,59779
2026-08-27 14:04:00-04:00,13.937000274658203,13.949999809265137,13.930000305175781,13.9399995803833,143415
2026-08-27 14:05:00-04:00,13.954999923706055,13.960000038146973,13.930000305175781,13.9399995803833,117594
2026-08-27 14:06:00-04:00,13.960000038146973,13.960000038146973,13.949999809265137,13.954999923706055,29640
2026-08-27 14:07:00-04:00,13.949999809265137,13.960000038146973,13.9399995803833,13.954999923706055,48884
2026-08-27 14:08:00-04:00,13.9399995803833,13.949999809265137,13.9399995803833,13.944999694824219,36699
2026-08-27 14:09:00-04:00,13.944999694824219,13.949999809265137,13.9399995803833,13.944999694824219,66547
2026-08-27 14:10:00-04:00,13.954999923706055,13.960000038146973,13.9399995803833,13.949999809265137,64138
2026-08-27 14:11:00-04:00,13.954999923706055,13.960000038146973,13.949999809265137,13.949999809265137,100464
2026-08-27 14:12:00-04:00,13.949999809265137,13.960000038146973,13.949999809265137,13.960000038146973,23022
2026-08-27 14:13:00-04:00,13.949999809265137,13.960000038146973,13.949999809265137,13.960000038146973,20944
2026-08-27 14:14:00-04:00,13.960000038146973,13.960000038146973,13.949999809265137,13.954999923706055,30850
2026-08-27 14:15:00-04:00,13.975000381469727,13.979999542236328,13.960000038146973,13.960000038146973,140412
2026-08-27 14:16:00-04:00,13.970000267028809,13.979999542236328,13.970000267028809,13.973699569702148,24481
2026-08-27 14:17:00-04:00,13.984999656677246,13.989999771118164,13.975000381469727,13.979999542236328,92333
2026-08-27 14:18:00-04:00,13.994999885559082,14.0,13.979999542236328,13.984999656677246,104877
2026-08-27 14:19:00-04:00,14.015000343322754,14.020000457763672,14.0,14.0,116112
2026-08-27 14:20:00-04:00,14.020000457763672,14.020000457763672,14.010000228881836,14.020000457763672,106224
2026-08-27 14:21:00-04:00,14.010000228881836,14.020000457763672,14.010000228881836,14.020000457763672,83935
2026-08-27 14:22:00-04:00,14.011300086975098,14.020000457763672,14.010000228881836,14.020000457763672,34905
2026-08-27 14:23:00-04:00,14.005000114440918,14.020000457763672,14.0,14.015000343322754,50802
2026-08-27 14:24:00-04:00,13.994999885559082,14.010000228881836,13.989999771118164,14.0,47074
2026-08-27 14:25:00-04:00,13.989999771118164,14.0,13.989999771118164,13.994999885559082,65001
2026-08-27 14:26:00-04:00,13.990099906921387,14.0,13.989999771118164,13.994999885559082,41459
2026-08-27 14:27:00-04:00,13.994999885559082,14.0,13.989999771118164,13.994999885559082,19511
2026-08-27 14:28:00-04:00,14.0,14.0,13.989999771118164,13.994999885559082,37918
2026-08-27 14:29:00-04:00,13.989999771118164,14.0,13.984999656677246,13.991399765014648,78507
2026-08-27 14:30:00-04:00,14.0,14.0,13.989999771118164,14.0,50165
2026-08-27 14:31:00-04:00,14.005000114440918,14.010000228881836,13.989999771118164,13.994999885559082,53711
2026-08-27 14:32:00-04:00,14.020000457763672,14.020000457763672,14.0,14.010000228881836,106740
2026-08-27 14:33:00-04:00,14.015000343322754,14.020000457763672,14.010000228881836,14.015000343322754,54057
2026-08-27 14:34:00-04:00,14.020000457763672,14.020000457763672,14.010000228881836,14.015000343322754,71943
2026-08-27 14:35:00-04:00,14.020000457763672,14.020000457763672,14.010000228881836,14.010000228881836,36640
2026-08-27 14:36:00-04:00,14.010000228881836,14.020000457763672,14.010000228881836,14.020000457763672,24432
2026-08-27 14:37:00-04:00,14.020000457763672,14.020000457763672,14.010000228881836,14.010000228881836,36321
2026-08-27 14:38:00-04:00,14.0,14.020000457763672,14.0,14.015000343322754,45658
2026-08-27 14:39:00-04:00,14.010000228881836,14.015000343322754,14.0,14.010000228881836,35138
2026-08-27 14:40:00-04:00,14.029999732971191,14.029999732971191,14.010000228881836,14.020000457763672,79433
2026-08-27 14:41:00-04:00,14.024999618530273,14.029999732971191,14.020000457763672,14.029999732971191,35548
2026-08-27 14:42:00-04:00,14.031999588012695,14.039999961853027,14.020000457763672,14.021300315856934,76628
2026-08-27 14:43:00-04:00,14.020000457763672,14.039999961853027,14.020000457763672,14.029999732971191,53434
2026-08-27 14:44:00-04:00,14.024999618530273,14.029999732971191,14.020000457763672,14.029999732971191,36186
2026-08-27 14:45:00-04:00,14.024999618530273,14.029999732971191,14.020000457763672,14.024999618530273,35048
2026-08-27 14:46:00-04:00,14.029999732971191,14.039999961853027,14.024999618530273,14.024999618530273,64364
2026-08-27 14:47:00-04:00,14.029999732971191,14.039999961853027,14.029999732971191,14.039999961853027,67274
2026-08-27 14:48:00-04:00,14.029999732971191,14.039999961853027,14.029999732971191,14.03499984741211,55861
2026-08-27 14:49:00-04:00,14.03499984741211,14.039999961853027,14.029999732971191,14.039999961853027,53475
2026-08-27 14:50:00-04:00,14.020000457763672,14.039999961853027,14.020000457763672,14.031000137329102,72487
2026-08-27 14:51:00-04:00,14.039999961853027,14.039999961853027,14.029999732971191,14.029999732971191,45292
2026-08-27 14:52:00-04:00,14.039999961853027,14.039999961853027,14.029999732971191,14.03499984741211,19185
2026-08-27 14:53:00-04:00,14.031000137329102,14.039999961853027,14.029999732971191,14.029999732971191,56475
2026-08-27 14:54:00-04:00,14.020000457763672,14.039999961853027,14.020000457763672,14.03499984741211,27211
2026-08-27 14:55:00-04:00,14.015000343322754,14.020000457763672,14.010000228881836,14.020000457763672,127760
2026-08-27 14:56:00-04:00,14.015000343322754,14.020000457763672,14.010000228881836,14.015000343322754,40436
2026-08-27 14:57:00-04:00,14.013099670410156,14.020000457763672,14.010000228881836,14.015000343322754,22978
2026-08-27 14:58:00-04:00,14.010000228881836,14.020000457763672,14.010000228881836,14.020000457763672,23862
2026-08-27 14:59:00-04:00,14.013999938964844,14.020000457763672,14.010000228881836,14.015000343322754,16879
2026-08-27 15:00:00-04:00,14.024999618530273,14.029999732971191,14.010000228881836,14.020000457763672,106706
2026-08-27 15:01:00-04:00,14.03499984741211,14.039999961853027,14.020000457763672,14.020000457763672,74115
2026-08-27 15:02:00-04:00,14.020999908447266,14.039999961853027,14.020000457763672,14.029999732971191,96062
2026-08-27 15:03:00-04:00,14.020000457763672,14.029999732971191,14.020000457763672,14.029999732971191,43600
2026-08-27 15:04:00-04:00,14.024999618530273,14.029999732971191,14.020000457763672,14.020000457763672,25342
2026-08-27 15:05:00-04:00,14.024999618530273,14.029999732971191,14.020000457763672,14.024999618530273,41234
2026-08-27 15:06:00-04:00,14.020000457763672,14.029999732971191,14.010000228881836,14.024999618530273,52452
2026-08-27 15:07:00-04:00,14.020000457763672,14.020000457763672,14.010000228881836,14.015000343322754,39639
2026-08-27 15:08:00-04:00,14.020000457763672,14.020000457763672,14.010000228881836,14.020000457763672,54285
2026-08-27 15:09:00-04:00,14.024999618530273,14.029999732971191,14.020000457763672,14.020000457763672,50673
2026-08-27 15:10:00-04:00,14.024999618530273,14.029999732971191,14.020000457763672,14.020000457763672,32489
2026-08-27 15:11:00-04:00,14.021400451660156,14.029999732971191,14.020000457763672,14.024999618530273,48520
2026-08-27 15:12:00-04:00,14.029999732971191,14.029999732971191,14.020000457763672,14.029999732971191,26777
2026-08-27 15:13:00-04:00,14.020000457763672,14.029999732971191,14.020000457763672,14.024999618530273,33263
2026-08-27 15:14:00-04:00,14.015000343322754,14.029999732971191,14.010000228881836,14.020000457763672,93162
2026-08-27 15:15:00-04:00,14.0,14.020000457763672,14.0,14.010000228881836,55739
2026-08-27 15:16:00-04:00,14.005000114440918,14.010000228881836,14.0,14.010000228881836,66413
2026-08-27 15:17:00-04:00,14.005000114440918,14.010000228881836,14.0,14.010000228881836,54980
2026-08-27 15:18:00-04:00,14.009900093078613,14.010000228881836,14.0,14.010000228881836,33176
2026-08-27 15:19:00-04:00,14.015000343322754,14.020000457763672,14.0,14.010000228881836,102235
2026-08-27 15:20:00-04:00,14.010000228881836,14.020000457763672,14.010000228881836,14.020000457763672,86228
2026-08-27 15:21:00-04:00,14.010000228881836,14.020000457763672,14.010000228881836,14.015000343322754,49643
2026-08-27 15:22:00-04:00,14.00629997253418,14.020000457763672,14.0,14.020000457763672,40881
2026-08-27 15:23:00-04:00,14.005000114440918,14.010000228881836,14.0,14.010000228881836,49670
2026-08-27 15:24:00-04:00,14.005000114440918,14.010000228881836,14.0,14.005000114440918,37048
2026-08-27 15:25:00-04:00,14.010000228881836,14.010000228881836,14.0,14.005000114440918,27858
2026-08-27 15:26:00-04:00,14.015000343322754,14.020000457763672,14.0,14.005000114440918,75692
2026-08-27 15:27:00-04:00,14.010000228881836,14.020000457763672,14.010000228881836,14.012499809265137,39778
2026-08-27 15:28:00-04:00,14.015000343322754,14.020000457763672,14.0,14.015000343322754,95299
2026-08-27 15:29:00-04:00,14.005000114440918,14.020000457763672,14.0,14.01099967956543,146666
2026-08-27 15:30:00-04:00,14.0,14.010000228881836,14.0,14.010000228881836,47275
2026-08-27 15:31:00-04:00,14.024999618530273,14.029500007629395,14.0,14.010000228881836,99570
2026-08-27 15:32:00-04:00,14.020000457763672,14.029999732971191,14.010000228881836,14.024999618530273,92536
2026-08-27 15:33:00-04:00,14.015000343322754,14.020000457763672,14.010000228881836,14.015000343322754,34589
2026-08-27 15:34:00-04:00,13.984999656677246,14.020000457763672,13.979999542236328,14.020000457763672,178379
2026-08-27 15:35:00-04:00,13.984999656677246,13.989999771118164,13.979999542236328,13.984999656677246,52272
2026-08-27 15:36:00-04:00,13.980999946594238,13.989999771118164,13.979999542236328,13.979999542236328,23929
2026-08-27 15:37:00-04:00,13.983699798583984,13.989999771118164,13.979999542236328,13.984999656677246,23004
2026-08-27 15:38:00-04:00,13.989999771118164,13.989999771118164,13.979999542236328,13.984999656677246,50956
2026-08-27 15:39:00-04:00,13.984999656677246,13.989999771118164,13.979999542236328,13.98009967803955,28611
2026-08-27 15:40:00-04:00,13.979999542236328,13.989999771118164,13.979999542236328,13.989999771118164,43719
2026-08-27 15:41:00-04:00,13.989999771118164,13.989999771118164,13.979999542236328,13.989999771118164,77478
2026-08-27 15:42:00-04:00,13.979999542236328,13.989999771118164,13.979999542236328,13.989999771118164,39441
2026-08-27 15:43:00-04:00,13.984999656677246,13.989999771118164,13.979999542236328,13.984999656677246,38302
2026-08-27 15:44:00-04:00,13.989999771118164,13.989999771118164,13.979999542236328,13.984999656677246,95411
2026-08-27 15:45:00-04:00,13.989999771118164,13.989999771118164,13.979999542236328,13.979999542236328,53226
2026-08-27 15:46:00-04:00,13.994999885559082,14.0,13.979999542236328,13.98390007019043,109683
2026-08-27 15:47:00-04:00,13.980799674987793,14.0,13.979999542236328,14.0,129663
2026-08-27 15:48:00-04:00,13.989999771118164,13.989999771118164,13.979999542236328,13.989700317382812,55411
2026-08-27 15:49:00-04:00,13.979999542236328,13.989999771118164,13.979999542236328,13.989999771118164,57108
2026-08-27 15:50:00-04:00,13.984999656677246,13.989999771118164,13.979999542236328,13.979999542236328,117813
2026-08-27 15:51:00-04:00,13.970000267028809,13.989999771118164,13.970000267028809,13.984999656677246,100735
2026-08-27 15:52:00-04:00,13.970000267028809,13.979999542236328,13.970000267028809,13.975000381469727,51472
2026-08-27 15:53:00-04:00,13.979999542236328,13.979999542236328,13.970000267028809,13.979999542236328,73495
2026-08-27 15:54:00-04:00,13.989999771118164,14.0,13.970000267028809,13.979999542236328,204546
2026-08-27 15:55:00-04:00,13.975000381469727,14.0,13.970000267028809,13.994999885559082,185374
2026-08-27 15:56:00-04:00,13.960000038146973,13.975000381469727,13.960000038146973,13.970000267028809,104390
2026-08-27 15:57:00-04:00,13.96500015258789,13.979999542236328,13.960000038146973,13.960000038146973,191618
2026-08-27 15:58:00-04:00,13.949999809265137,13.970000267028809,13.949999809265137,13.96500015258789,361805
2026-08-27 15:59:00-04:00,13.970000267028809,13.979999542236328,13.949999809265137,13.954999923706055,699676
2026-08-28 09:30:00-04:00,14.130000114440918,14.180000305175781,14.119999885559082,14.119999885559082,446720
2026-08-28 09:31:00-04:00,14.180000305175781,14.1899995803833,14.170000076293945,14.180000305175781,45656
2026-08-28 09:32:00-04:00,14.180000305175781,14.180000305175781,14.15999984741211,14.170100212097168,9475
2026-08-28 09:33:00-04:00,14.255000114440918,14.260000228881836,14.15999984741211,14.180000305175781,1580342
2026-08-28 09:34:00-04:00,14.25,14.259900093078613,14.199999809265137,14.255000114440918,158713
2026-08-28 09:35:00-04:00,14.229999542236328,14.240099906921387,14.204999923706055,14.239999771118164,810808
2026-08-28 09:36:00-04:00,14.149999618530273,14.239999771118164,14.149999618530273,14.230199813842773,58455
2026-08-28 09:37:00-04:00,14.095399856567383,14.149999618530273,14.085000038146973,14.145000457763672,81057
2026-08-28 09:38:00-04:00,14.059900283813477,14.100000381469727,14.050000190734863,14.099900245666504,93242
2026-08-28 09:39:00-04:00,14.045000076293945,14.0600004196167,14.039999961853027,14.055000305175781,62804
2026-08-28 09:40:00-04:00,14.020000457763672,14.061200141906738,14.010000228881836,14.045000076293945,64476
2026-08-28 09:41:00-04:00,14.010000228881836,14.020000457763672,13.989999771118164,14.01099967956543,120373
2026-08-28 09:42:00-04:00,13.994999885559082,14.020000457763672,13.989999771118164,14.010000228881836,130370
2026-08-28 09:43:00-04:00,14.010000228881836,14.020000457763672,13.989999771118164,13.994999885559082,37561
2026-08-28 09:44:00-04:00,13.975000381469727,14.010000228881836,13.970000267028809,14.0,111786
2026-08-28 09:45:00-04:00,13.970100402832031,13.989999771118164,13.960000038146973,13.975000381469727,80264
2026-08-28 09:46:00-04:00,13.960000038146973,13.979999542236328,13.9399995803833,13.979999542236328,245505
2026-08-28 09:47:00-04:00,13.970000267028809,13.975000381469727,13.944999694824219,13.954999923706055,212180
2026-08-28 09:48:00-04:00,13.96500015258789,13.970000267028809,13.949999809265137,13.960000038146973,68619
2026-08-28 09:49:00-04:00,13.96500015258789,13.989899635314941,13.960000038146973,13.96500015258789,62077
2026-08-28 09:50:00-04:00,13.90999984741211,13.960000038146973,13.899999618530273,13.960000038146973,425463
2026-08-28 09:51:00-04:00,13.899999618530273,13.930000305175781,13.899999618530273,13.904999732971191,124882
2026-08-28 09:52:00-04:00,13.909899711608887,13.920000076293945,13.899999618530273,13.904999732971191,152585
2026-08-28 09:53:00-04:00,13.90999984741211,13.920000076293945,13.899999618530273,13.904999732971191,67295
2026-08-28 09:54:00-04:00,13.90999984741211,13.930000305175781,13.899999618530273,13.904999732971191,138775
2026-08-28 09:55:00-04:00,13.9399995803833,13.9399995803833,13.899999618530273,13.90999984741211,103272
2026-08-28 09:56:00-04:00,13.920000076293945,13.930000305175781,13.920000076293945,13.930000305175781,28441
2026-08-28 09:57:00-04:00,13.930000305175781,13.930000305175781,13.90999984741211,13.930000305175781,64214
2026-08-28 09:58:00-04:00,13.90999984741211,13.930000305175781,13.90999984741211,13.920000076293945,70655
2026-08-28 09:59:00-04:00,13.930000305175781,13.9399995803833,13.899999618530273,13.90999984741211,96370
2026-08-28 10:00:00-04:00,13.9399995803833,13.960000038146973,13.920000076293945,13.930000305175781,80461
2026-08-28 10:01:00-04:00,13.9350004196167,13.949999809265137,13.921099662780762,13.9399995803833,61445
2026-08-28 10:02:00-04:00,13.930000305175781,13.9399995803833,13.90999984741211,13.930000305175781,140755
2026-08-28 10:03:00-04:00,13.930000305175781,13.9399995803833,13.930000305175781,13.9399995803833,10829
2026-08-28 10:04:00-04:00,13.930000305175781,13.9399995803833,13.914999961853027,13.920000076293945,135121
2026-08-28 10:05:00-04:00,13.899999618530273,13.930000305175781,13.899999618530273,13.930000305175781,138177
2026-08-28 10:06:00-04:00,13.914999961853027,13.920000076293945,13.899999618530273,13.904999732971191,81010
2026-08-28 10:07:00-04:00,13.914999961853027,13.920000076293945,13.90999984741211,13.914999961853027,62863
2026-08-28 10:08:00-04:00,13.920000076293945,13.920000076293945,13.90999984741211,13.90999984741211,38257
2026-08-28 10:09:00-04:00,13.90999984741211,13.930000305175781,13.90999984741211,13.914999961853027,128225
2026-08-28 10:10:00-04:00,13.890000343322754,13.90999984741211,13.890000343322754,13.899999618530273,413595
2026-08-28 10:11:00-04:00,13.890000343322754,13.899999618530273,13.890000343322754,13.890000343322754,79224
2026-08-28 10:12:00-04:00,13.899999618530273,13.899999618530273,13.880000114440918,13.890000343322754,47920
2026-08-28 10:13:00-04:00,13.864999771118164,13.899999618530273,13.859999656677246,13.895000457763672,105547
2026-08-28 10:14:00-04:00,13.859999656677246,13.890000343322754,13.859999656677246,13.869799613952637,74522
2026-08-28 10:15:00-04:00,13.854999542236328,13.866900444030762,13.829999923706055,13.859999656677246,523737
2026-08-28 10:16:00-04:00,13.854999542236328,13.859999656677246,13.850000381469727,13.85990047454834,43934
2026-08-28 10:17:00-04:00,13.875,13.880000114440918,13.850000381469727,13.859999656677246,307648
2026-08-28 10:18:00-04:00,13.877599716186523,13.890000343322754,13.869999885559082,13.869999885559082,99735
2026-08-28 10:19:00-04:00,13.87720012664795,13.880000114440918,13.859999656677246,13.869999885559082,54194
2026-08-28 10:20:00-04:00,13.890000343322754,13.890000343322754,13.859999656677246,13.869999885559082,71098
2026-08-28 10:21:00-04:00,13.880000114440918,13.890000343322754,13.869999885559082,13.880000114440918,134616
2026-08-28 10:22:00-04:00,13.890000343322754,13.899999618530273,13.880000114440918,13.880000114440918,214961
2026-08-28 10:23:00-04:00,13.875,13.899999618530273,13.875,13.899999618530273,89873
2026-08-28 10:24:00-04:00,13.872900009155273,13.880000114440918,13.859999656677246,13.880000114440918,172444
2026-08-28 10:25:00-04:00,13.869999885559082,13.880000114440918,13.859999656677246,13.880000114440918,19564
2026-08-28 10:26:00-04:00,13.869199752807617,13.869999885559082,13.850000381469727,13.859999656677246,69321
2026-08-28 10:27:00-04:00,13.850000381469727,13.869999885559082,13.850000381469727,13.86400032043457,83994
2026-08-28 10:28:00-04:00,13.890000343322754,13.890000343322754,13.850000381469727,13.850000381469727,475039
2026-08-28 10:29:00-04:00,13.880000114440918,13.880000114440918,13.859999656677246,13.880000114440918,70158
2026-08-28 10:30:00-04:00,13.869999885559082,13.880000114440918,13.859999656677246,13.869999885559082,39253
2026-08-28 10:31:00-04:00,13.869999885559082,13.869999885559082,13.859999656677246,13.859999656677246,17216
2026-08-28 10:32:00-04:00,13.859999656677246,13.869999885559082,13.859999656677246,13.864999771118164,42867
2026-08-28 10:33:00-04:00,13.875,13.880000114440918,13.859999656677246,13.864999771118164,25358
2026-08-28 10:34:00-04:00,13.895000457763672,13.899999618530273,13.869999885559082,13.869999885559082,403029
2026-08-28 10:35:00-04:00,13.904999732971191,13.930000305175781,13.890000343322754,13.899999618530273,254027
2026-08-28 10:36:00-04:00,13.890000343322754,13.90999984741211,13.890000343322754,13.899999618530273,144127
2026-08-28 10:37:00-04:00,13.890000343322754,13.899999618530273,13.890000343322754,13.89009952545166,20940
2026-08-28 10:38:00-04:00,13.900099754333496,13.90999984741211,13.880000114440918,13.890000343322754,107979
2026-08-28 10:39:00-04:00,13.90999984741211,13.90999984741211,13.899999618530273,13.90999984741211,40890
2026-08-28 10:40:00-04:00,13.90999984741211,13.90999984741211,13.890000343322754,13.899999618530273,43628
2026-08-28 10:41:00-04:00,13.90999984741211,13.90999984741211,13.899999618530273,13.909899711608887,25529
2026-08-28 10:42:00-04:00,13.902299880981445,13.90999984741211,13.890000343322754,13.904999732971191,145370
2026-08-28 10:43:00-04:00,13.898099899291992,13.90999984741211,13.890000343322754,13.899999618530273,33777
2026-08-28 10:44:00-04:00,13.88659954071045,13.899999618530273,13.885000228881836,13.899999618530273,56781
2026-08-28 10:45:00-04:00,13.871299743652344,13.890000343322754,13.869999885559082,13.880000114440918,96844
2026-08-28 10:46:00-04:00,13.889900207519531,13.890000343322754,13.869999885559082,13.87660026550293,57622
2026-08-28 10:47:00-04:00,13.870100021362305,13.890000343322754,13.869999885559082,13.880000114440918,69299
2026-08-28 10:48:00-04:00,13.864999771118164,13.880000114440918,13.859999656677246,13.875,55566
2026-08-28 10:49:00-04:00,13.864999771118164,13.869999885559082,13.859999656677246,13.859999656677246,41032
2026-08-28 10:50:00-04:00,13.869999885559082,13.869999885559082,13.859999656677246,13.859999656677246,50728
2026-08-28 10:51:00-04:00,13.885100364685059,13.890000343322754,13.859999656677246,13.859999656677246,104616
2026-08-28 10:52:00-04:00,13.880000114440918,13.880000114440918,13.869999885559082,13.880000114440918,55883
2026-08-28 10:53:00-04:00,13.870100021362305,13.880000114440918,13.869999885559082,13.870200157165527,39538
2026-08-28 10:54:00-04:00,13.880000114440918,13.890000343322754,13.869999885559082,13.869999885559082,47952
2026-08-28 10:55:00-04:00,13.895000457763672,13.899900436401367,13.880000114440918,13.889800071716309,57691
2026-08-28 10:56:00-04:00,13.890000343322754,13.899999618530273,13.880000114440918,13.895000457763672,154341
2026-08-28 10:57:00-04:00,13.900099754333496,13.90999984741211,13.890000343322754,13.895000457763672,112673
2026-08-28 10:58:00-04:00,13.900300025939941,13.90999984741211,13.899999618530273,13.899999618530273,43475
2026-08-28 10:59:00-04:00,13.914999961853027,13.914999961853027,13.899999618530273,13.90999984741211,101060
2026-08-28 11:00:00-04:00,13.913613319396973,13.920000076293945,13.90999984741211,13.90999984741211,110199
2026-08-28 11:01:00-04:00,13.895000457763672,13.920000076293945,13.890000343322754,13.914999961853027,92992
2026-08-28 11:02:00-04:00,13.885000228881836,13.899999618530273,13.880000114440918,13.89009952545166,62281
2026-08-28 11:03:00-04:00,13.882399559020996,13.890000343322754,13.880000114440918,13.885000228881836,68018
2026-08-28 11:04:00-04:00,13.890000343322754,13.890000343322754,13.880000114440918,13.885000228881836,30751
2026-08-28 11:05:00-04:00,13.885000228881836,13.890000343322754,13.869999885559082,13.885000228881836,117195
2026-08-28 11:06:00-04:00,13.889900207519531,13.890000343322754,13.880000114440918,13.890000343322754,31873
2026-08-28 11:07:00-04:00,13.895000457763672,13.899999618530273,13.880000114440918,13.885000228881836,107112
2026-08-28 11:08:00-04:00,13.904999732971191,13.90999984741211,13.890000343322754,13.890000343322754,69294
2026-08-28 11:09:00-04:00,13.914999961853027,13.920000076293945,13.899999618530273,13.90999984741211,113929
2026-08-28 11:10:00-04:00,13.930000305175781,13.9399995803833,13.90999984741211,13.913000106811523,169166
2026-08-28 11:11:00-04:00,13.923999786376953,13.9399995803833,13.923999786376953,13.934000015258789,93362
2026-08-28 11:12:00-04:00,13.9350004196167,13.9399995803833,13.920000076293945,13.925000190734863,141443
2026-08-28 11:13:00-04:00,13.925000190734863,13.9399995803833,13.920000076293945,13.930000305175781,40728
2026-08-28 11:14:00-04:00,13.930000305175781,13.9399995803833,13.920000076293945,13.920000076293945,71608
2026-08-28 11:15:00-04:00,13.925000190734863,13.930000305175781,13.920000076293945,13.924500465393066,38812
2026-08-28 11:16:00-04:00,13.920000076293945,13.930000305175781,13.920000076293945,13.925000190734863,93518
2026-08-28 11:17:00-04:00,13.920000076293945,13.930000305175781,13.920000076293945,13.925000190734863,18292
2026-08-28 11:18:00-04:00,13.930000305175781,13.930000305175781,13.920000076293945,13.925000190734863,35656
2026-08-28 11:19:00-04:00,13.920000076293945,13.930000305175781,13.920000076293945,13.930000305175781,74057
2026-08-28 11:20:00-04:00,13.9350004196167,13.9399995803833,13.920000076293945,13.930000305175781,113024
2026-08-28 11:21:00-04:00,13.92609977722168,13.9399995803833,13.914999961853027,13.930000305175781,149271
2026-08-28 11:22:00-04:00,13.932600021362305,13.9399995803833,13.920000076293945,13.928000450134277,90839
2026-08-28 11:23:00-04:00,13.9399995803833,13.9399995803833,13.930000305175781,13.9399995803833,48588
2026-08-28 11:24:00-04:00,13.9350004196167,13.9399995803833,13.930000305175781,13.9350004196167,26688
2026-08-28 11:25:00-04:00,13.930000305175781,13.9399995803833,13.930000305175781,13.9399995803833,34733
2026-08-28 11:26:00-04:00,13.9350004196167,13.9399995803833,13.930000305175781,13.930000305175781,36392
2026-08-28 11:27:00-04:00,13.921500205993652,13.9399995803833,13.920000076293945,13.9350004196167,75124
2026-08-28 11:28:00-04:00,13.9350004196167,13.9399995803833,13.920000076293945,13.920000076293945,100121
2026-08-28 11:29:00-04:00,13.930000305175781,13.9399995803833,13.920000076293945,13.9399995803833,156375
2026-08-28 11:30:00-04:00,13.90999984741211,13.9399995803833,13.90999984741211,13.9399995803833,67737
2026-08-28 11:31:00-04:00,13.90999984741211,13.920000076293945,13.90999984741211,13.916000366210938,34493
2026-08-28 11:32:00-04:00,13.90999984741211,13.920000076293945,13.90999984741211,13.90999984741211,55880
2026-08-28 11:33:00-04:00,13.914999961853027,13.920000076293945,13.90999984741211,13.914199829101562,52953
2026-08-28 11:34:00-04:00,13.90999984741211,13.920000076293945,13.899999618530273,13.920000076293945,69305
2026-08-28 11:35:00-04:00,13.908499717712402,13.90999984741211,13.899999618530273,13.899999618530273,116717
2026-08-28 11:36:00-04:00,13.920000076293945,13.920000076293945,13.899999618530273,13.899999618530273,152634
2026-08-28 11:37:00-04:00,13.920000076293945,13.920000076293945,13.90999984741211,13.90999984741211,36427
2026-08-28 11:38:00-04:00,13.900099754333496,13.920000076293945,13.900099754333496,13.914999961853027,55970
2026-08-28 11:39:00-04:00,13.904999732971191,13.90999984741211,13.899999618530273,13.904999732971191,107592
2026-08-28 11:40:00-04:00,13.899999618530273,13.90999984741211,13.899999618530273,13.909899711608887,67490
2026-08-28 11:41:00-04:00,13.890000343322754,13.90999984741211,13.890000343322754,13.899999618530273,143037
2026-08-28 11:42:00-04:00,13.90999984741211,13.90999984741211,13.890000343322754,13.895000457763672,90164
2026-08-28 11:43:00-04:00,13.90999984741211,13.90999984741211,13.899999618530273,13.90999984741211,86587
2026-08-28 11:44:00-04:00,13.909899711608887,13.920000076293945,13.899999618530273,13.90999984741211,121819
2026-08-28 11:45:00-04:00,13.90999984741211,13.90999984741211,13.899999618530273,13.899999618530273,24846
2026-08-28 11:46:00-04:00,13.90999984741211,13.90999984741211,13.899999618530273,13.909899711608887,52730
2026-08-28 11:47:00-04:00,13.90999984741211,13.920000076293945,13.899999618530273,13.899999618530273,121886
2026-08-28 11:48:00-04:00,13.899999618530273,13.90999984741211,13.899999618530273,13.899999618530273,43901
2026-08-28 11:49:00-04:00,13.90999984741211,13.90999984741211,13.899999618530273,13.899999618530273,19503
2026-08-28 11:50:00-04:00,13.899999618530273,13.90999984741211,13.890000343322754,13.899999618530273,36270
2026-08-28 11:51:00-04:00,13.895000457763672,13.899999618530273,13.890000343322754,13.899900436401367,42831
2026-08-28 11:52:00-04:00,13.885000228881836,13.899999618530273,13.880000114440918,13.899999618530273,194690
2026-08-28 11:53:00-04:00,13.890000343322754,13.899999618530273,13.880000114440918,13.889900207519531,116666
2026-08-28 11:54:00-04:00,13.895000457763672,13.899999618530273,13.890000343322754,13.890000343322754,59081
2026-08-28 11:55:00-04:00,13.904999732971191,13.90999984741211,13.890000343322754,13.898300170898438,120108
2026-08-28 11:56:00-04:00,13.895000457763672,13.90999984741211,13.890000343322754,13.904999732971191,39131
2026-08-28 11:57:00-04:00,13.890000343322754,13.899999618530273,13.890000343322754,13.890000343322754,45517
2026-08-28 11:58:00-04:00,13.899999618530273,13.899999618530273,13.890000343322754,13.899999618530273,41289
2026-08-28 11:59:00-04:00,13.89109992980957,13.899999618530273,13.890000343322754,13.895000457763672,51089
2026-08-28 12:00:00-04:00,13.88010025024414,13.890000343322754,13.880000114440918,13.890000343322754,151612
2026-08-28 12:01:00-04:00,13.880000114440918,13.890000343322754,13.880000114440918,13.885000228881836,30190
2026-08-28 12:02:00-04:00,13.890000343322754,13.890000343322754,13.880000114440918,13.880000114440918,119989
2026-08-28 12:03:00-04:00,13.899999618530273,13.90999984741211,13.880000114440918,13.880000114440918,278850
2026-08-28 12:04:00-04:00,13.886500358581543,13.899999618530273,13.880000114440918,13.899999618530273,159728
2026-08-28 12:05:00-04:00,13.890000343322754,13.899999618530273,13.880000114440918,13.880000114440918,195594
2026-08-28 12:06:00-04:00,13.899999618530273,13.899999618530273,13.890000343322754,13.895000457763672,90365
2026-08-28 12:07:00-04:00,13.909899711608887,13.90999984741211,13.890000343322754,13.899900436401367,141452
2026-08-28 12:08:00-04:00,13.90999984741211,13.90999984741211,13.899999618530273,13.899999618530273,48967
2026-08-28 12:09:00-04:00,13.899999618530273,13.90999984741211,13.899999618530273,13.904999732971191,30335
2026-08-28 12:10:00-04:00,13.904999732971191,13.90999984741211,13.899999618530273,13.90820026397705,29705
2026-08-28 12:11:00-04:00,13.900099754333496,13.90999984741211,13.899999618530273,13.904999732971191,25688
2026-08-28 12:12:00-04:00,13.890000343322754,13.90999984741211,13.890000343322754,13.90999984741211,135836
2026-08-28 12:13:00-04:00,13.899999618530273,13.899999618530273,13.890000343322754,13.890000343322754,94277
2026-08-28 12:14:00-04:00,13.894200325012207,13.899999618530273,13.890000343322754,13.895000457763672,32165
2026-08-28 12:15:00-04:00,13.890000343322754,13.899999618530273,13.890000343322754,13.890000343322754,21652
2026-08-28 12:16:00-04:00,13.885000228881836,13.899999618530273,13.880000114440918,13.890000343322754,118335
2026-08-28 12:17:00-04:00,13.890000343322754,13.890000343322754,13.880000114440918,13.880000114440918,83403
2026-08-28 12:18:00-04:00,13.872900009155273,13.88010025024414,13.869999885559082,13.88010025024414,38015
2026-08-28 12:19:00-04:00,13.86989974975586,13.869999885559082,13.859999656677246,13.869999885559082,119376
2026-08-28 12:20:00-04:00,13.859999656677246,13.880000114440918,13.859999656677246,13.869999885559082,102844
2026-08-28 12:21:00-04:00,13.869999885559082,13.869999885559082,13.859999656677246,13.859999656677246,80116
2026-08-28 12:22:00-04:00,13.850000381469727,13.869999885559082,13.850000381469727,13.869999885559082,94799
2026-08-28 12:23:00-04:00,13.859999656677246,13.859999656677246,13.850000381469727,13.85990047454834,63015
2026-08-28 12:24:00-04:00,13.84000015258789,13.859999656677246,13.84000015258789,13.850000381469727,285979
2026-08-28 12:25:00-04:00,13.839900016784668,13.850000381469727,13.829999923706055,13.845000267028809,225044
2026-08-28 12:26:00-04:00,13.84000015258789,13.850000381469727,13.835000038146973,13.839900016784668,83331
2026-08-28 12:27:00-04:00,13.835000038146973,13.84000015258789,13.829999923706055,13.84000015258789,129876
2026-08-28 12:28:00-04:00,13.839900016784668,13.84000015258789,13.829999923706055,13.829999923706055,59166
2026-08-28 12:29:00-04:00,13.819999694824219,13.84000015258789,13.819999694824219,13.829999923706055,197095
2026-08-28 12:30:00-04:00,13.845000267028809,13.850000381469727,13.829899787902832,13.829999923706055,111177
2026-08-28 12:31:00-04:00,13.835000038146973,13.850000381469727,13.829999923706055,13.845000267028809,89200
2026-08-28 12:32:00-04:00,13.84000015258789,13.850000381469727,13.84000015258789,13.84000015258789,60294
2026-08-28 12:33:00-04:00,13.842700004577637,13.850000381469727,13.84000015258789,13.842499732971191,77339
2026-08-28 12:34:00-04:00,13.835000038146973,13.850000381469727,13.829999923706055,13.845000267028809,133330
2026-08-28 12:35:00-04:00,13.845000267028809,13.850000381469727,13.829999923706055,13.835000038146973,146321
2026-08-28 12:36:00-04:00,13.856261253356934,13.859999656677246,13.84000015258789,13.850000381469727,57462
2026-08-28 12:37:00-04:00,13.859999656677246,13.859999656677246,13.850000381469727,13.850000381469727,118460
2026-08-28 12:38:00-04:00,13.864999771118164,13.869999885559082,13.850000381469727,13.859999656677246,64853
2026-08-28 12:39:00-04:00,13.850000381469727,13.869999885559082,13.850000381469727,13.864999771118164,33241
2026-08-28 12:40:00-04:00,13.845000267028809,13.859999656677246,13.84000015258789,13.850000381469727,28845
2026-08-28 12:41:00-04:00,13.84000015258789,13.850000381469727,13.84000015258789,13.84000015258789,47025
2026-08-28 12:42:00-04:00,13.84000015258789,13.850000381469727,13.84000015258789,13.84000015258789,44158
2026-08-28 12:43:00-04:00,13.850000381469727,13.850000381469727,13.84000015258789,13.845000267028809,57172
2026-08-28 12:44:00-04:00,13.845000267028809,13.850000381469727,13.84000015258789,13.84000015258789,12683
2026-08-28 12:45:00-04:00,13.850000381469727,13.859999656677246,13.84000015258789,13.845000267028809,88969
2026-08-28 12:46:00-04:00,13.859999656677246,13.859999656677246,13.850000381469727,13.850000381469727,85487
2026-08-28 12:47:00-04:00,13.859999656677246,13.859999656677246,13.84000015258789,13.850000381469727,121814
2026-08-28 12:48:00-04:00,13.850000381469727,13.859999656677246,13.850000381469727,13.850000381469727,58711
2026-08-28 12:49:00-04:00,13.859999656677246,13.869999885559082,13.850000381469727,13.859999656677246,146209
2026-08-28 12:50:00-04:00,13.859999656677246,13.859999656677246,13.850000381469727,13.859999656677246,33377
2026-08-28 12:51:00-04:00,13.869999885559082,13.869999885559082,13.852100372314453,13.857099533081055,86621
2026-08-28 12:52:00-04:00,13.875,13.875,13.859999656677246,13.869999885559082,49319
2026-08-28 12:53:00-04:00,13.869999885559082,13.880000114440918,13.864999771118164,13.875,85450
2026-08-28 12:54:00-04:00,13.854999542236328,13.869999885559082,13.850000381469727,13.868000030517578,49368
2026-08-28 12:55:00-04:00,13.854999542236328,13.859999656677246,13.850000381469727,13.859999656677246,47576
2026-08-28 12:56:00-04:00,13.84000015258789,13.859999656677246,13.84000015258789,13.854999542236328,116321
2026-08-28 12:57:00-04:00,13.845000267028809,13.850000381469727,13.84000015258789,13.840100288391113,82157
2026-08-28 12:58:00-04:00,13.84000015258789,13.850000381469727,13.84000015258789,13.84000015258789,70706
2026-08-28 12:59:00-04:00,13.840999603271484,13.850000381469727,13.84000015258789,13.843199729919434,75532
2026-08-28 13:00:00-04:00,13.824999809265137,13.850000381469727,13.824999809265137,13.840800285339355,152893
2026-08-28 13:01:00-04:00,13.829999923706055,13.829999923706055,13.819999694824219,13.819999694824219,104666
2026-08-28 13:02:00-04:00,13.829899787902832,13.829999923706055,13.819999694824219,13.819999694824219,106553
2026-08-28 13:03:00-04:00,13.829999923706055,13.829999923706055,13.819999694824219,13.824999809265137,33666
2026-08-28 13:04:00-04:00,13.829999923706055,13.84000015258789,13.819999694824219,13.819999694824219,118195
2026-08-28 13:05:00-04:00,13.829999923706055,13.829999923706055,13.819999694824219,13.829999923706055,125267
2026-08-28 13:06:00-04:00,13.824999809265137,13.829999923706055,13.819999694824219,13.829999923706055,49164
2026-08-28 13:07:00-04:00,13.8100004196167,13.829999923706055,13.8100004196167,13.824999809265137,174865
2026-08-28 13:08:00-04:00,13.818099975585938,13.819999694824219,13.8100004196167,13.819899559020996,112384
2026-08-28 13:09:00-04:00,13.819999694824219,13.829999923706055,13.8100004196167,13.8149995803833,196135
2026-08-28 13:10:00-04:00,13.81779956817627,13.819999694824219,13.8100004196167,13.819999694824219,53494
2026-08-28 13:11:00-04:00,13.810799598693848,13.829999923706055,13.8100004196167,13.819999694824219,128279
2026-08-28 13:12:00-04:00,13.8100004196167,13.819999694824219,13.8100004196167,13.8100004196167,51927
2026-08-28 13:13:00-04:00,13.8100004196167,13.819999694824219,13.8100004196167,13.8149995803833,79569
2026-08-28 13:14:00-04:00,13.829899787902832,13.829999923706055,13.8100004196167,13.8149995803833,127856
2026-08-28 13:15:00-04:00,13.819999694824219,13.829999923706055,13.819999694824219,13.819999694824219,34528
2026-08-28 13:16:00-04:00,13.829500198364258,13.829999923706055,13.819999694824219,13.824999809265137,51404
2026-08-28 13:17:00-04:00,13.819999694824219,13.829999923706055,13.819999694824219,13.824999809265137,42782
2026-08-28 13:18:00-04:00,13.819999694824219,13.829999923706055,13.819999694824219,13.819999694824219,68068
2026-08-28 13:19:00-04:00,13.819999694824219,13.829999923706055,13.819999694824219,13.819999694824219,40839
2026-08-28 13:20:00-04:00,13.819999694824219,13.829999923706055,13.819999694824219,13.824999809265137,26713
2026-08-28 13:21:00-04:00,13.819999694824219,13.829999923706055,13.8100004196167,13.829999923706055,147770
2026-08-28 13:22:00-04:00,13.8149995803833,13.819999694824219,13.8100004196167,13.8100004196167,36951
2026-08-28 13:23:00-04:00,13.816200256347656,13.819999694824219,13.8100004196167,13.8100004196167,30231
2026-08-28 13:24:00-04:00,13.8149995803833,13.819999694824219,13.8100004196167,13.8149995803833,12385
2026-08-28 13:25:00-04:00,13.819999694824219,13.819999694824219,13.8100004196167,13.81980037689209,55287
2026-08-28 13:26:00-04:00,13.8100004196167,13.819999694824219,13.800000190734863,13.8100004196167,169105
2026-08-28 13:27:00-04:00,13.824999809265137,13.829999923706055,13.8100004196167,13.8149995803833,119508
2026-08-28 13:28:00-04:00,13.819999694824219,13.829999923706055,13.819999694824219,13.819999694824219,56174
2026-08-28 13:29:00-04:00,13.820099830627441,13.829999923706055,13.819999694824219,13.829899787902832,101324
2026-08-28 13:30:00-04:00,13.820099830627441,13.829999923706055,13.819999694824219,13.819999694824219,77329
2026-08-28 13:31:00-04:00,13.829999923706055,13.829999923706055,13.819999694824219,13.819999694824219,55901
2026-08-28 13:32:00-04:00,13.819999694824219,13.829999923706055,13.819999694824219,13.824999809265137,30115
2026-08-28 13:33:00-04:00,13.819999694824219,13.829999923706055,13.819999694824219,13.819999694824219,115346
2026-08-28 13:34:00-04:00,13.829500198364258,13.829999923706055,13.819999694824219,13.829899787902832,42071
2026-08-28 13:35:00-04:00,13.829999923706055,13.829999923706055,13.819999694824219,13.829999923706055,56584
2026-08-28 13:36:00-04:00,13.829999923706055,13.829999923706055,13.819999694824219,13.824999809265137,30430
2026-08-28 13:37:00-04:00,13.829999923706055,13.829999923706055,13.819999694824219,13.824999809265137,27996
2026-08-28 13:38:00-04:00,13.827500343322754,13.829999923706055,13.819999694824219,13.819999694824219,40355
2026-08-28 13:39:00-04:00,13.8100004196167,13.82610034942627,13.8100004196167,13.819999694824219,76547
2026-08-28 13:40:00-04:00,13.8100004196167,13.819999694824219,13.8100004196167,13.8149995803833,47703
2026-08-28 13:41:00-04:00,13.819999694824219,13.819999694824219,13.8100004196167,13.810099601745605,45703
2026-08-28 13:42:00-04:00,13.815400123596191,13.819999694824219,13.8100004196167,13.819999694824219,26779
2026-08-28 13:43:00-04:00,13.819899559020996,13.819999694824219,13.8100004196167,13.8100004196167,21669
2026-08-28 13:44:00-04:00,13.8149995803833,13.819999694824219,13.8100004196167,13.8149995803833,13893
2026-08-28 13:45:00-04:00,13.819999694824219,13.819999694824219,13.8100004196167,13.8100004196167,19715
2026-08-28 13:46:00-04:00,13.824999809265137,13.829999923706055,13.8100004196167,13.8100004196167,116368
2026-08-28 13:47:00-04:00,13.8149995803833,13.824999809265137,13.8100004196167,13.819999694824219,99069
2026-08-28 13:48:00-04:00,13.8149995803833,13.819999694824219,13.8100004196167,13.8149995803833,21198
2026-08-28 13:49:00-04:00,13.829999923706055,13.829999923706055,13.8100004196167,13.8149995803833,60789
2026-08-28 13:50:00-04:00,13.829999923706055,13.829999923706055,13.819999694824219,13.829999923706055,77838
2026-08-28 13:51:00-04:00,13.824999809265137,13.829999923706055,13.819999694824219,13.829999923706055,58130
2026-08-28 13:52:00-04:00,13.823800086975098,13.829999923706055,13.819999694824219,13.824999809265137,17810
2026-08-28 13:53:00-04:00,13.819999694824219,13.829999923706055,13.819999694824219,13.824999809265137,48439
2026-08-28 13:54:00-04:00,13.819999694824219,13.829999923706055,13.819999694824219,13.829999923706055,31124
2026-08-28 13:55:00-04:00,13.819999694824219,13.829999923706055,13.819999694824219,13.824999809265137,74069
2026-08-28 13:56:00-04:00,13.8100004196167,13.819999694824219,13.8100004196167,13.819999694824219,109181
2026-08-28 13:57:00-04:00,13.819899559020996,13.819999694824219,13.8100004196167,13.819899559020996,54478
2026-08-28 13:58:00-04:00,13.8149995803833,13.819999694824219,13.8100004196167,13.8149995803833,76961
2026-08-28 13:59:00-04:00,13.815107345581055,13.819999694824219,13.8100004196167,13.8149995803833,12641
2026-08-28 14:00:00-04:00,13.8149995803833,13.819999694824219,13.8100004196167,13.8149995803833,17116
2026-08-28 14:01:00-04:00,13.812999725341797,13.819999694824219,13.805000305175781,13.8149995803833,164780
2026-08-28 14:02:00-04:00,13.8149995803833,13.819999694824219,13.8100004196167,13.814800262451172,16269
2026-08-28 14:03:00-04:00,13.819899559020996,13.829999923706055,13.8100004196167,13.81820011138916,144987
2026-08-28 14:04:00-04:00,13.810199737548828,13.819999694824219,13.8100004196167,13.8149995803833,154021
2026-08-28 14:05:00-04:00,13.8100004196167,13.819999694824219,13.8100004196167,13.810099601745605,43736
2026-08-28 14:06:00-04:00,13.819999694824219,13.819999694824219,13.8100004196167,13.8100004196167,49258
2026-08-28 14:07:00-04:00,13.819999694824219,13.819999694824219,13.8100004196167,13.816900253295898,22855
2026-08-28 14:08:00-04:00,13.838500022888184,13.84000015258789,13.810099601745605,13.819999694824219,106541
2026-08-28 14:09:00-04:00,13.839900016784668,13.84000015258789,13.829999923706055,13.84000015258789,30308
2026-08-28 14:10:00-04:00,13.830100059509277,13.84000015258789,13.829999923706055,13.84000015258789,96121
2026-08-28 14:11:00-04:00,13.832799911499023,13.84000015258789,13.829999923706055,13.829999923706055,43475
2026-08-28 14:12:00-04:00,13.830100059509277,13.84000015258789,13.829999923706055,13.835000038146973,41032
2026-08-28 14:13:00-04:00,13.835000038146973,13.84000015258789,13.829999923706055,13.84000015258789,28964
2026-08-28 14:14:00-04:00,13.835000038146973,13.84000015258789,13.829999923706055,13.835000038146973,18779
2026-08-28 14:15:00-04:00,13.824999809265137,13.84000015258789,13.819999694824219,13.832900047302246,80209
2026-08-28 14:16:00-04:00,13.829999923706055,13.829999923706055,13.819999694824219,13.829700469970703,59240
2026-08-28 14:17:00-04:00,13.812399864196777,13.829999923706055,13.8100004196167,13.824999809265137,158166
2026-08-28 14:18:00-04:00,13.854599952697754,13.859999656677246,13.8100004196167,13.8100004196167,272831
2026-08-28 14:19:00-04:00,13.850000381469727,13.859999656677246,13.850000381469727,13.859999656677246,20961
2026-08-28 14:20:00-04:00,13.845000267028809,13.859999656677246,13.840100288391113,13.859999656677246,40079
2026-08-28 14:21:00-04:00,13.84000015258789,13.850000381469727,13.84000015258789,13.845000267028809,19400
2026-08-28 14:22:00-04:00,13.84000015258789,13.850000381469727,13.84000015258789,13.850000381469727,53220
2026-08-28 14:23:00-04:00,13.835000038146973,13.850000381469727,13.829999923706055,13.850000381469727,118336
2026-08-28 14:24:00-04:00,13.850099563598633,13.854999542236328,13.829999923706055,13.829999923706055,122922
2026-08-28 14:25:00-04:00,13.847000122070312,13.859999656677246,13.84000015258789,13.850000381469727,98473
2026-08-28 14:26:00-04:00,13.854999542236328,13.859999656677246,13.84000015258789,13.845000267028809,162066
2026-08-28 14:27:00-04:00,13.850099563598633,13.859999656677246,13.850000381469727,13.850000381469727,25891
2026-08-28 14:28:00-04:00,13.850099563598633,13.859999656677246,13.829999923706055,13.850000381469727,213033
2026-08-28 14:29:00-04:00,13.85260009765625,13.859999656677246,13.850000381469727,13.859999656677246,26466
2026-08-28 14:30:00-04:00,13.859999656677246,13.859999656677246,13.850000381469727,13.856900215148926,14060
2026-08-28 14:31:00-04:00,13.854999542236328,13.859999656677246,13.850000381469727,13.854999542236328,23542
2026-08-28 14:32:00-04:00,13.860099792480469,13.869999885559082,13.854999542236328,13.859999656677246,169123
2026-08-28 14:33:00-04:00,13.868499755859375,13.869999885559082,13.859999656677246,13.860300064086914,22339
2026-08-28 14:34:00-04:00,13.86989974975586,13.869999885559082,13.859999656677246,13.869999885559082,51618
2026-08-28 14:35:00-04:00,13.871000289916992,13.880000114440918,13.860099792480469,13.869999885559082,101654
2026-08-28 14:36:00-04:00,13.864999771118164,13.880000114440918,13.864999771118164,13.880000114440918,75067
2026-08-28 14:37:00-04:00,13.864999771118164,13.869999885559082,13.859999656677246,13.86989974975586,75858
2026-08-28 14:38:00-04:00,13.869999885559082,13.869999885559082,13.859999656677246,13.859999656677246,43156
2026-08-28 14:39:00-04:00,13.864999771118164,13.869999885559082,13.859999656677246,13.864999771118164,33111
2026-08-28 14:40:00-04:00,13.863800048828125,13.869999885559082,13.859999656677246,13.869999885559082,22635
2026-08-28 14:41:00-04:00,13.869999885559082,13.869999885559082,13.859999656677246,13.869999885559082,10057
2026-08-28 14:42:00-04:00,13.850000381469727,13.869999885559082,13.850000381469727,13.869999885559082,109802
2026-08-28 14:43:00-04:00,13.854999542236328,13.859999656677246,13.850000381469727,13.854999542236328,56292
2026-08-28 14:44:00-04:00,13.859999656677246,13.859999656677246,13.850000381469727,13.850000381469727,46514
2026-08-28 14:45:00-04:00,13.854999542236328,13.859999656677246,13.850000381469727,13.854999542236328,128940
2026-08-28 14:46:00-04:00,13.850000381469727,13.859999656677246,13.850000381469727,13.854999542236328,26719
2026-08-28 14:47:00-04:00,13.859999656677246,13.859999656677246,13.850000381469727,13.859999656677246,33640
2026-08-28 14:48:00-04:00,13.85319995880127,13.859999656677246,13.850000381469727,13.854000091552734,34647
2026-08-28 14:49:00-04:00,13.854999542236328,13.859999656677246,13.850000381469727,13.850199699401855,10916
2026-08-28 14:50:00-04:00,13.850000381469727,13.859999656677246,13.850000381469727,13.854999542236328,19286
2026-08-28 14:51:00-04:00,13.849900245666504,13.859999656677246,13.84000015258789,13.850099563598633,75699
2026-08-28 14:52:00-04:00,13.845000267028809,13.850000381469727,13.84000015258789,13.848199844360352,102879
2026-08-28 14:53:00-04:00,13.84589958190918,13.850000381469727,13.84000015258789,13.841400146484375,26186
2026-08-28 14:54:00-04:00,13.84000015258789,13.850000381469727,13.84000015258789,13.84000015258789,52522
2026-08-28 14:55:00-04:00,13.84000015258789,13.850000381469727,13.829999923706055,13.850000381469727,56556
2026-08-28 14:56:00-04:00,13.84000015258789,13.849900245666504,13.829999923706055,13.829999923706055,84925
2026-08-28 14:57:00-04:00,13.850000381469727,13.850000381469727,13.84000015258789,13.84000015258789,29067
2026-08-28 14:58:00-04:00,13.850000381469727,13.850000381469727,13.84000015258789,13.850000381469727,17777
2026-08-28 14:59:00-04:00,13.857500076293945,13.859999656677246,13.850000381469727,13.850000381469727,95966
2026-08-28 15:00:00-04:00,13.850000381469727,13.859999656677246,13.850000381469727,13.854999542236328,109450
2026-08-28 15:01:00-04:00,13.870100021362305,13.880000114440918,13.850000381469727,13.854999542236328,83551
2026-08-28 15:02:00-04:00,13.869999885559082,13.880000114440918,13.869999885559082,13.869999885559082,50481
2026-08-28 15:03:00-04:00,13.869999885559082,13.880000114440918,13.869999885559082,13.876399993896484,39546
2026-08-28 15:04:00-04:00,13.862899780273438,13.880000114440918,13.859999656677246,13.880000114440918,53724
2026-08-28 15:05:00-04:00,13.864999771118164,13.869999885559082,13.859999656677246,13.859999656677246,19883
2026-08-28 15:06:00-04:00,13.859999656677246,13.869999885559082,13.859999656677246,13.864999771118164,18327
2026-08-28 15:07:00-04:00,13.869999885559082,13.869999885559082,13.859999656677246,13.864999771118164,28378
2026-08-28 15:08:00-04:00,13.869999885559082,13.869999885559082,13.859999656677246,13.864999771118164,97265
2026-08-28 15:09:00-04:00,13.875,13.880000114440918,13.859999656677246,13.864999771118164,70858
2026-08-28 15:10:00-04:00,13.881999969482422,13.890000343322754,13.880000114440918,13.880000114440918,116340
2026-08-28 15:11:00-04:00,13.880000114440918,13.890000343322754,13.880000114440918,13.88230037689209,44890
2026-08-28 15:12:00-04:00,13.885000228881836,13.890000343322754,13.880000114440918,13.890000343322754,36781
2026-08-28 15:13:00-04:00,13.890000343322754,13.890000343322754,13.880000114440918,13.890000343322754,14885
2026-08-28 15:14:00-04:00,13.895000457763672,13.899999618530273,13.880000114440918,13.889900207519531,104156
2026-08-28 15:15:00-04:00,13.899999618530273,13.899999618530273,13.890000343322754,13.893500328063965,35110
2026-08-28 15:16:00-04:00,13.899999618530273,13.90999984741211,13.890000343322754,13.895000457763672,124877
2026-08-28 15:17:00-04:00,13.899999618530273,13.906000137329102,13.890000343322754,13.899999618530273,60930
2026-08-28 15:18:00-04:00,13.895000457763672,13.899999618530273,13.890000343322754,13.895000457763672,34908
2026-08-28 15:19:00-04:00,13.899999618530273,13.899999618530273,13.890000343322754,13.895000457763672,36217
2026-08-28 15:20:00-04:00,13.904999732971191,13.90999984741211,13.890000343322754,13.895000457763672,73824
2026-08-28 15:21:00-04:00,13.901300430297852,13.90999984741211,13.899999618530273,13.904999732971191,33554
2026-08-28 15:22:00-04:00,13.900099754333496,13.90999984741211,13.899999618530273,13.900199890136719,18776
2026-08-28 15:23:00-04:00,13.899999618530273,13.90999984741211,13.890000343322754,13.899999618530273,69484
2026-08-28 15:24:00-04:00,13.899999618530273,13.90999984741211,13.890000343322754,13.899999618530273,166498
2026-08-28 15:25:00-04:00,13.90999984741211,13.90999984741211,13.899999618530273,13.904999732971191,44368
2026-08-28 15:26:00-04:00,13.899999618530273,13.90999984741211,13.899999618530273,13.904999732971191,18465
2026-08-28 15:27:00-04:00,13.899999618530273,13.90999984741211,13.899999618530273,13.899999618530273,17344
2026-08-28 15:28:00-04:00,13.899999618530273,13.90999984741211,13.899999618530273,13.904999732971191,68276
2026-08-28 15:29:00-04:00,13.895000457763672,13.900099754333496,13.890000343322754,13.900099754333496,59073
2026-08-28 15:30:00-04:00,13.886799812316895,13.899999618530273,13.880000114440918,13.890000343322754,267299
2026-08-28 15:31:00-04:00,13.88010025024414,13.890000343322754,13.880000114440918,13.888999938964844,60921
2026-08-28 15:32:00-04:00,13.890000343322754,13.890000343322754,13.880000114440918,13.885000228881836,145159
2026-08-28 15:33:00-04:00,13.885000228881836,13.890000343322754,13.880000114440918,13.890000343322754,32248
2026-08-28 15:34:00-04:00,13.880000114440918,13.890000343322754,13.880000114440918,13.880000114440918,14678
2026-08-28 15:35:00-04:00,13.880000114440918,13.890000343322754,13.8725004196167,13.880999565124512,130688
2026-08-28 15:36:00-04:00,13.879300117492676,13.890000343322754,13.869999885559082,13.880000114440918,132742
2026-08-28 15:37:00-04:00,13.875,13.880000114440918,13.869999885559082,13.875,58773
2026-08-28 15:38:00-04:00,13.895000457763672,13.899999618530273,13.869999885559082,13.880000114440918,159608
2026-08-28 15:39:00-04:00,13.900199890136719,13.90999984741211,13.890000343322754,13.899999618530273,131667
2026-08-28 15:40:00-04:00,13.914999961853027,13.920000076293945,13.899999618530273,13.901000022888184,144028
2026-08-28 15:41:00-04:00,13.914999961853027,13.920000076293945,13.90999984741211,13.920000076293945,38998
2026-08-28 15:42:00-04:00,13.920000076293945,13.920000076293945,13.90999984741211,13.914999961853027,38354
2026-08-28 15:43:00-04:00,13.910499572753906,13.920000076293945,13.90999984741211,13.920000076293945,58612
2026-08-28 15:44:00-04:00,13.914999961853027,13.920000076293945,13.90999984741211,13.913800239562988,72291
2026-08-28 15:45:00-04:00,13.899499893188477,13.920000076293945,13.890000343322754,13.914999961853027,119286
2026-08-28 15:46:00-04:00,13.904999732971191,13.90999984741211,13.897500038146973,13.897500038146973,74963
2026-08-28 15:47:00-04:00,13.893699645996094,13.90999984741211,13.890000343322754,13.90999984741211,125606
2026-08-28 15:48:00-04:00,13.895000457763672,13.899999618530273,13.890000343322754,13.895000457763672,68246
2026-08-28 15:49:00-04:00,13.890000343322754,13.899999618530273,13.890000343322754,13.899999618530273,34751
2026-08-28 15:50:00-04:00,13.890000343322754,13.899999618530273,13.890000343322754,13.895000457763672,105743
2026-08-28 15:51:00-04:00,13.880200386047363,13.899999618530273,13.880000114440918,13.899999618530273,106680
2026-08-28 15:52:00-04:00,13.880000114440918,13.890000343322754,13.880000114440918,13.880000114440918,98276
2026-08-28 15:53:00-04:00,13.877400398254395,13.890000343322754,13.869999885559082,13.890000343322754,110231
2026-08-28 15:54:00-04:00,13.879500389099121,13.880000114440918,13.869999885559082,13.880000114440918,70944
2026-08-28 15:55:00-04:00,13.899499893188477,13.899999618530273,13.875,13.880000114440918,252071
2026-08-28 15:56:00-04:00,13.890000343322754,13.899999618530273,13.880000114440918,13.895000457763672,171793
2026-08-28 15:57:00-04:00,13.895000457763672,13.899999618530273,13.880000114440918,13.890000343322754,215631
2026-08-28 15:58:00-04:00,13.899999618530273,13.899999618530273,13.890000343322754,13.895000457763672,195792
2026-08-28 15:59:00-04:00,13.875,13.904999732971191,13.869999885559082,13.899999618530273,667348
2026-08-31 09:30:00-04:00,13.890000343322754,13.90999984741211,13.890000343322754,13.899999618530273,871561
2026-08-31 09:31:00-04:00,13.899900436401367,13.925000190734863,13.867199897766113,13.899999618530273,415555
2026-08-31 09:32:00-04:00,13.920000076293945,13.925000190734863,13.890700340270996,13.899999618530273,59396
2026-08-31 09:33:00-04:00,13.9350004196167,13.944999694824219,13.90999984741211,13.925000190734863,68487
2026-08-31 09:34:00-04:00,13.925000190734863,13.949999809265137,13.920000076293945,13.9399995803833,113799
2026-08-31 09:35:00-04:00,13.960100173950195,13.970000267028809,13.92020034790039,13.92590045928955,164413
2026-08-31 09:36:00-04:00,13.954999923706055,13.970000267028809,13.949999809265137,13.96500015258789,49174
2026-08-31 09:37:00-04:00,13.970000267028809,13.979900360107422,13.960000038146973,13.960000038146973,134981
2026-08-31 09:38:00-04:00,14.003000259399414,14.015000343322754,13.960000038146973,13.960000038146973,449349
2026-08-31 09:39:00-04:00,13.999899864196777,14.010000228881836,13.979999542236328,14.0,124529
2026-08-31 09:40:00-04:00,13.990099906921387,14.015000343322754,13.989999771118164,13.989999771118164,143558
2026-08-31 09:41:00-04:00,13.960100173950195,13.990900039672852,13.960100173950195,13.990900039672852,81481
2026-08-31 09:42:00-04:00,13.960000038146973,13.975000381469727,13.950200080871582,13.960000038146973,63587
2026-08-31 09:43:00-04:00,13.989999771118164,13.989999771118164,13.960000038146973,13.96500015258789,76297
2026-08-31 09:44:00-04:00,13.984999656677246,13.989999771118164,13.979999542236328,13.984999656677246,44340
2026-08-31 09:45:00-04:00,14.0,14.015000343322754,13.979999542236328,13.989999771118164,126863
2026-08-31 09:46:00-04:00,14.001099586486816,14.010000228881836,13.989999771118164,14.002900123596191,48054
2026-08-31 09:47:00-04:00,14.010000228881836,14.029999732971191,14.0,14.005000114440918,207474
2026-08-31 09:48:00-04:00,14.024999618530273,14.050000190734863,14.010100364685059,14.017499923706055,134871
2026-08-31 09:49:00-04:00,14.013799667358398,14.039999961853027,14.010000228881836,14.024999618530273,45183
2026-08-31 09:50:00-04:00,14.010000228881836,14.015600204467773,14.0,14.015600204467773,55875
2026-08-31 09:51:00-04:00,14.020000457763672,14.029999732971191,14.0,14.010000228881836,160042
2026-08-31 09:52:00-04:00,14.03499984741211,14.050000190734863,14.015000343322754,14.015000343322754,185382
2026-08-31 09:53:00-04:00,14.029999732971191,14.04010009765625,14.020000457763672,14.03499984741211,93151
2026-08-31 09:54:00-04:00,14.022299766540527,14.029999732971191,14.020000457763672,14.024999618530273,41262
2026-08-31 09:55:00-04:00,14.020000457763672,14.029999732971191,14.020000457763672,14.022199630737305,24608
2026-08-31 09:56:00-04:00,14.030099868774414,14.039999961853027,14.029999732971191,14.029999732971191,33679
2026-08-31 09:57:00-04:00,14.015000343322754,14.03499984741211,14.0,14.03499984741211,65193
2026-08-31 09:58:00-04:00,14.0,14.020000457763672,14.0,14.010000228881836,36245
2026-08-31 09:59:00-04:00,13.989999771118164,14.010000228881836,13.989999771118164,14.005000114440918,33876
2026-08-31 10:00:00-04:00,14.005000114440918,14.007499694824219,13.989999771118164,14.0,93755
2026-08-31 10:01:00-04:00,14.010000228881836,14.020000457763672,14.003399848937988,14.005000114440918,49778
2026-08-31 10:02:00-04:00,14.005000114440918,14.020000457763672,14.0,14.005000114440918,25547
2026-08-31 10:03:00-04:00,14.0,14.010000228881836,13.994999885559082,14.007200241088867,51637
2026-08-31 10:04:00-04:00,14.005000114440918,14.010000228881836,14.0,14.0,49383
2026-08-31 10:05:00-04:00,13.984999656677246,14.010000228881836,13.984999656677246,14.005000114440918,39244
2026-08-31 10:06:00-04:00,13.980299949645996,13.993000030517578,13.979999542236328,13.984999656677246,39669
2026-08-31 10:07:00-04:00,13.956600189208984,13.98009967803955,13.949999809265137,13.98009967803955,46387
2026-08-31 10:08:00-04:00,13.949999809265137,13.960000038146973,13.949999809265137,13.954999923706055,28611
2026-08-31 10:09:00-04:00,13.9350004196167,13.954999923706055,13.930000305175781,13.95009994506836,75836
2026-08-31 10:10:00-04:00,13.930000305175781,13.949999809265137,13.930000305175781,13.9399995803833,61613
2026-08-31 10:11:00-04:00,13.96500015258789,13.969499588012695,13.9399995803833,13.9399995803833,71419
2026-08-31 10:12:00-04:00,13.957099914550781,13.979900360107422,13.9399995803833,13.970000267028809,170700
2026-08-31 10:13:00-04:00,13.959500312805176,13.96500015258789,13.949999809265137,13.95989990234375,47656
2026-08-31 10:14:00-04:00,13.954999923706055,13.970000267028809,13.949999809265137,13.960000038146973,66296
2026-08-31 10:15:00-04:00,13.954999923706055,13.967700004577637,13.944999694824219,13.960000038146973,119594
2026-08-31 10:16:00-04:00,13.970000267028809,13.970000267028809,13.95009994506836,13.953800201416016,29644
2026-08-31 10:17:00-04:00,13.96500015258789,13.970000267028809,13.960000038146973,13.96500015258789,38563
2026-08-31 10:18:00-04:00,13.975000381469727,14.0,13.96500015258789,13.96500015258789,111386
2026-08-31 10:19:00-04:00,13.979900360107422,13.984999656677246,13.960000038146973,13.979999542236328,46782
2026-08-31 10:20:00-04:00,13.979900360107422,13.979999542236328,13.961000442504883,13.975000381469727,81747
2026-08-31 10:21:00-04:00,13.994999885559082,14.0,13.979999542236328,13.979999542236328,78640
2026-08-31 10:22:00-04:00,13.991499900817871,14.0,13.989999771118164,13.991000175476074,11945
2026-08-31 10:23:00-04:00,13.993300437927246,14.0,13.989999771118164,14.0,59747
2026-08-31 10:24:00-04:00,14.009900093078613,14.015700340270996,13.989999771118164,14.0,130295
2026-08-31 10:25:00-04:00,14.020000457763672,14.029999732971191,14.0,14.005000114440918,67129
2026-08-31 10:26:00-04:00,14.010000228881836,14.029999732971191,14.010000228881836,14.029999732971191,98918
2026-08-31 10:27:00-04:00,14.015000343322754,14.020000457763672,14.010000228881836,14.010000228881836,29902
2026-08-31 10:28:00-04:00,14.001999855041504,14.024999618530273,14.000100135803223,14.020000457763672,74459
2026-08-31 10:29:00-04:00,13.979999542236328,14.010000228881836,13.979999542236328,14.0,95785
2026-08-31 10:30:00-04:00,14.015000343322754,14.020000457763672,13.984999656677246,13.989999771118164,100115
2026-08-31 10:31:00-04:00,14.009900093078613,14.029999732971191,14.0,14.020000457763672,122421
2026-08-31 10:32:00-04:00,13.984999656677246,14.009900093078613,13.979999542236328,14.00979995727539,112307
2026-08-31 10:33:00-04:00,13.989999771118164,13.989999771118164,13.979999542236328,13.984999656677246,32477
2026-08-31 10:34:00-04:00,13.960000038146973,13.989999771118164,13.960000038146973,13.979999542236328,138179
2026-08-31 10:35:00-04:00,13.979999542236328,13.979999542236328,13.960000038146973,13.96500015258789,88028
2026-08-31 10:36:00-04:00,14.010000228881836,14.010000228881836,13.979999542236328,13.979999542236328,75792
2026-08-31 10:37:00-04:00,14.0,14.020000457763672,14.0,14.010000228881836,96905
2026-08-31 10:38:00-04:00,14.010000228881836,14.020000457763672,14.0,14.005000114440918,42441
2026-08-31 10:39:00-04:00,14.029999732971191,14.029999732971191,14.010000228881836,14.01099967956543,349693
2026-08-31 10:40:00-04:00,14.03499984741211,14.039999961853027,14.029999732971191,14.029999732971191,144731
2026-08-31 10:41:00-04:00,14.039999961853027,14.039999961853027,14.029999732971191,14.032299995422363,55733
2026-08-31 10:42:00-04:00,14.015000343322754,14.03499984741211,14.010000228881836,14.03499984741211,312379
2026-08-31 10:43:00-04:00,14.005000114440918,14.020000457763672,14.005000114440918,14.010000228881836,70582
2026-08-31 10:44:00-04:00,14.01990032196045,14.020000457763672,14.005000114440918,14.005000114440918,19056
2026-08-31 10:45:00-04:00,14.01200008392334,14.020000457763672,14.010000228881836,14.01729965209961,25198
2026-08-31 10:46:00-04:00,14.015000343322754,14.020000457763672,14.001099586486816,14.015000343322754,71503
2026-08-31 10:47:00-04:00,14.015000343322754,14.020000457763672,14.010000228881836,14.015000343322754,25299
2026-08-31 10:48:00-04:00,14.020299911499023,14.024999618530273,14.015000343322754,14.01990032196045,37295
2026-08-31 10:49:00-04:00,14.005000114440918,14.020000457763672,14.0,14.020000457763672,73491
2026-08-31 10:50:00-04:00,14.015000343322754,14.020000457763672,14.0,14.010000228881836,67223
2026-08-31 10:51:00-04:00,14.010100364685059,14.020000457763672,14.010000228881836,14.020000457763672,135549
2026-08-31 10:52:00-04:00,14.005000114440918,14.020000457763672,14.0,14.020000457763672,49226
2026-08-31 10:53:00-04:00,14.015000343322754,14.020000457763672,14.010000228881836,14.010000228881836,38744
2026-08-31 10:54:00-04:00,13.994999885559082,14.020000457763672,13.994999885559082,14.013199806213379,127982
2026-08-31 10:55:00-04:00,13.979999542236328,14.0,13.975000381469727,13.994999885559082,157693
2026-08-31 10:56:00-04:00,13.984999656677246,13.989899635314941,13.970000267028809,13.975000381469727,58605
2026-08-31 10:57:00-04:00,13.984999656677246,14.005000114440918,13.970000267028809,13.984999656677246,346267
2026-08-31 10:58:00-04:00,13.969900131225586,13.984999656677246,13.95009994506836,13.984999656677246,104641
2026-08-31 10:59:00-04:00,13.979999542236328,13.989999771118164,13.960100173950195,13.968500137329102,196535
2026-08-31 11:00:00-04:00,13.9399995803833,13.984999656677246,13.930000305175781,13.970000267028809,933552
2026-08-31 11:01:00-04:00,13.939900398254395,13.949899673461914,13.9350004196167,13.939499855041504,99415
2026-08-31 11:02:00-04:00,13.925000190734863,13.944999694824219,13.90999984741211,13.930000305175781,143965
2026-08-31 11:03:00-04:00,13.9399995803833,13.944999694824219,13.920100212097168,13.920100212097168,81827
2026-08-31 11:04:00-04:00,13.944999694824219,13.949999809265137,13.9399995803833,13.944999694824219,91138
2026-08-31 11:05:00-04:00,13.9350004196167,13.944999694824219,13.930000305175781,13.9399995803833,101173
2026-08-31 11:06:00-04:00,13.93280029296875,13.9399995803833,13.912500381469727,13.930000305175781,106198
2026-08-31 11:07:00-04:00,13.935999870300293,13.9399995803833,13.930000305175781,13.930000305175781,48218
2026-08-31 11:08:00-04:00,13.9350004196167,13.9399995803833,13.930000305175781,13.9350004196167,48523
2026-08-31 11:09:00-04:00,13.930000305175781,13.9399995803833,13.930000305175781,13.9399995803833,44417
2026-08-31 11:10:00-04:00,13.944999694824219,13.949999809265137,13.930000305175781,13.9399995803833,45490
2026-08-31 11:11:00-04:00,13.949899673461914,13.949999809265137,13.9399995803833,13.949999809265137,47832
2026-08-31 11:12:00-04:00,13.90999984741211,13.96500015258789,13.90999984741211,13.944999694824219,293309
2026-08-31 11:13:00-04:00,13.925000190734863,13.930000305175781,13.90999984741211,13.914999961853027,49163
2026-08-31 11:14:00-04:00,13.937000274658203,13.9399995803833,13.920000076293945,13.920599937438965,36582
2026-08-31 11:15:00-04:00,13.915399551391602,13.9399995803833,13.904999732971191,13.937199592590332,127660
2026-08-31 11:16:00-04:00,13.900099754333496,13.918499946594238,13.899999618530273,13.912799835205078,46299
2026-08-31 11:17:00-04:00,13.899999618530273,13.90999984741211,13.899999618530273,13.904999732971191,61224
2026-08-31 11:18:00-04:00,13.899999618530273,13.90999984741211,13.890000343322754,13.899999618530273,103074
2026-08-31 11:19:00-04:00,13.895000457763672,13.899999618530273,13.890000343322754,13.899999618530273,58346
2026-08-31 11:20:00-04:00,13.895000457763672,13.899999618530273,13.890000343322754,13.895000457763672,25545
2026-08-31 11:21:00-04:00,13.919899940490723,13.920000076293945,13.895000457763672,13.899999618530273,71777
2026-08-31 11:22:00-04:00,13.914999961853027,13.920000076293945,13.90999984741211,13.914999961853027,51593
2026-08-31 11:23:00-04:00,13.914999961853027,13.920000076293945,13.90999984741211,13.914999961853027,27825
2026-08-31 11:24:00-04:00,13.920000076293945,13.920000076293945,13.90999984741211,13.90999984741211,36290
2026-08-31 11:25:00-04:00,13.916000366210938,13.930000305175781,13.912500381469727,13.920000076293945,92844
2026-08-31 11:26:00-04:00,13.914999961853027,13.920000076293945,13.90999984741211,13.914999961853027,38471
2026-08-31 11:27:00-04:00,13.929900169372559,13.930000305175781,13.914999961853027,13.920000076293945,83696
2026-08-31 11:28:00-04:00,13.9350004196167,13.9399995803833,13.925000190734863,13.925000190734863,127518
2026-08-31 11:29:00-04:00,13.9399995803833,13.949999809265137,13.9350004196167,13.9399995803833,57987
2026-08-31 11:30:00-04:00,13.944999694824219,13.960000038146973,13.9399995803833,13.944999694824219,117651
2026-08-31 11:31:00-04:00,13.930100440979004,13.954999923706055,13.930000305175781,13.944999694824219,96952
2026-08-31 11:32:00-04:00,13.9350004196167,13.9399995803833,13.930000305175781,13.933199882507324,59208
2026-08-31 11:33:00-04:00,13.9350004196167,13.949999809265137,13.930000305175781,13.9399995803833,97504
2026-08-31 11:34:00-04:00,13.930000305175781,13.9399995803833,13.920000076293945,13.9399995803833,86076
2026-08-31 11:35:00-04:00,13.90999984741211,13.925000190734863,13.90999984741211,13.920000076293945,96868
2026-08-31 11:36:00-04:00,13.914999961853027,13.920000076293945,13.90999984741211,13.910099983215332,53318
2026-08-31 11:37:00-04:00,13.914999961853027,13.920000076293945,13.90999984741211,13.914999961853027,79755
2026-08-31 11:38:00-04:00,13.920000076293945,13.920000076293945,13.90999984741211,13.914999961853027,34513
2026-08-31 11:39:00-04:00,13.90999984741211,13.920000076293945,13.90999984741211,13.914999961853027,42385
2026-08-31 11:40:00-04:00,13.914999961853027,13.920000076293945,13.90999984741211,13.920000076293945,24190
2026-08-31 11:41:00-04:00,13.925000190734863,13.925000190734863,13.90999984741211,13.914999961853027,67771
2026-08-31 11:42:00-04:00,13.930000305175781,13.930000305175781,13.920000076293945,13.925000190734863,48739
2026-08-31 11:43:00-04:00,13.895000457763672,13.937399864196777,13.890000343322754,13.926199913024902,181810
2026-08-31 11:44:00-04:00,13.895000457763672,13.899999618530273,13.890000343322754,13.895000457763672,54343
2026-08-31 11:45:00-04:00,13.904999732971191,13.90999984741211,13.899900436401367,13.899999618530273,64997
2026-08-31 11:46:00-04:00,13.904999732971191,13.90999984741211,13.899999618530273,13.90839958190918,45899
2026-08-31 11:47:00-04:00,13.904999732971191,13.914999961853027,13.899999618530273,13.90999984741211,43271
2026-08-31 11:48:00-04:00,13.899999618530273,13.90999984741211,13.899999618530273,13.90999984741211,15488
2026-08-31 11:49:00-04:00,13.904999732971191,13.90999984741211,13.899999618530273,13.904999732971191,23467
2026-08-31 11:50:00-04:00,13.904999732971191,13.904999732971191,13.899999618530273,13.899999618530273,42414
2026-08-31 11:51:00-04:00,13.920000076293945,13.920000076293945,13.899999618530273,13.909899711608887,51005
2026-08-31 11:52:00-04:00,13.925000190734863,13.930000305175781,13.920000076293945,13.920000076293945,65182
2026-08-31 11:53:00-04:00,13.9350004196167,13.9399995803833,13.925000190734863,13.925000190734863,55581
2026-08-31 11:54:00-04:00,13.96500015258789,13.970000267028809,13.930000305175781,13.9350004196167,280945
2026-08-31 11:55:00-04:00,13.9399995803833,13.970000267028809,13.930000305175781,13.960000038146973,481063
2026-08-31 11:56:00-04:00,13.96399974822998,13.979999542236328,13.944999694824219,13.949999809265137,98643
2026-08-31 11:57:00-04:00,13.96500015258789,14.0,13.961199760437012,13.970000267028809,228213
2026-08-31 11:58:00-04:00,13.970000267028809,13.979999542236328,13.960000038146973,13.970000267028809,182324
2026-08-31 11:59:00-04:00,13.9798002243042,13.979999542236328,13.970100402832031,13.970399856567383,17502
2026-08-31 12:00:00-04:00,13.991999626159668,14.0,13.970000267028809,13.979900360107422,134797
2026-08-31 12:01:00-04:00,13.96500015258789,13.989999771118164,13.949999809265137,13.989999771118164,126067
2026-08-31 12:02:00-04:00,13.954999923706055,13.970000267028809,13.949999809265137,13.96500015258789,109390
2026-08-31 12:03:00-04:00,13.965299606323242,13.970000267028809,13.944999694824219,13.960000038146973,139125
2026-08-31 12:04:00-04:00,13.954999923706055,13.96500015258789,13.949999809265137,13.960000038146973,54820
2026-08-31 12:05:00-04:00,13.95009994506836,13.960000038146973,13.949999809265137,13.960000038146973,55528
2026-08-31 12:06:00-04:00,13.95009994506836,13.95989990234375,13.9399995803833,13.949999809265137,70162
2026-08-31 12:07:00-04:00,13.96500015258789,13.970000267028809,13.960000038146973,13.960000038146973,53659
2026-08-31 12:08:00-04:00,13.96500015258789,13.970000267028809,13.960000038146973,13.960000038146973,15394
2026-08-31 12:09:00-04:00,13.96500015258789,13.970000267028809,13.960000038146973,13.968299865722656,25652
2026-08-31 12:10:00-04:00,13.972999572753906,13.975000381469727,13.960000038146973,13.970000267028809,51748
2026-08-31 12:11:00-04:00,13.975000381469727,13.979999542236328,13.970000267028809,13.979999542236328,65425
2026-08-31 12:12:00-04:00,13.979999542236328,13.988499641418457,13.979999542236328,13.979999542236328,129690
2026-08-31 12:13:00-04:00,13.984999656677246,13.989999771118164,13.979999542236328,13.984999656677246,20526
2026-08-31 12:14:00-04:00,13.979999542236328,13.985400199890137,13.979999542236328,13.98009967803955,34380
2026-08-31 12:15:00-04:00,13.979999542236328,13.984999656677246,13.970000267028809,13.979999542236328,63639
2026-08-31 12:16:00-04:00,13.975000381469727,13.984999656677246,13.970000267028809,13.979999542236328,68461
2026-08-31 12:17:00-04:00,13.975000381469727,13.978699684143066,13.970000267028809,13.975622177124023,12440
2026-08-31 12:18:00-04:00,13.984999656677246,13.984999656677246,13.970000267028809,13.970100402832031,44148
2026-08-31 12:19:00-04:00,13.975000381469727,13.984999656677246,13.975000381469727,13.984999656677246,26004
2026-08-31 12:20:00-04:00,13.975000381469727,13.979999542236328,13.970000267028809,13.9798002243042,16271
2026-08-31 12:21:00-04:00,13.970000267028809,13.989999771118164,13.970000267028809,13.970000267028809,122867
2026-08-31 12:22:00-04:00,13.96500015258789,13.977299690246582,13.960000038146973,13.970000267028809,75061
2026-08-31 12:23:00-04:00,13.972100257873535,13.975000381469727,13.96500015258789,13.96500015258789,40205
2026-08-31 12:24:00-04:00,13.954999923706055,13.975000381469727,13.954999923706055,13.975000381469727,73498
2026-08-31 12:25:00-04:00,13.949999809265137,13.960000038146973,13.949999809265137,13.954999923706055,33488
2026-08-31 12:26:00-04:00,13.954999923706055,13.960000038146973,13.949999809265137,13.960000038146973,82605
2026-08-31 12:27:00-04:00,13.949999809265137,13.960000038146973,13.940099716186523,13.960000038146973,97093
2026-08-31 12:28:00-04:00,13.9399995803833,13.960000038146973,13.9399995803833,13.953900337219238,65971
2026-08-31 12:29:00-04:00,13.954999923706055,13.960000038146973,13.9399995803833,13.949999809265137,87509
2026-08-31 12:30:00-04:00,13.954999923706055,13.960000038146973,13.944999694824219,13.949999809265137,39104
2026-08-31 12:31:00-04:00,13.954999923706055,13.960000038146973,13.949999809265137,13.960000038146973,24016
2026-08-31 12:32:00-04:00,13.961600303649902,13.965100288391113,13.949999809265137,13.960000038146973,89187
2026-08-31 12:33:00-04:00,13.96500015258789,13.967499732971191,13.960000038146973,13.96500015258789,19361
2026-08-31 12:34:00-04:00,13.949999809265137,13.970000267028809,13.949999809265137,13.963000297546387,33862
2026-08-31 12:35:00-04:00,13.96150016784668,13.965100288391113,13.949999809265137,13.960000038146973,110082
2026-08-31 12:36:00-04:00,13.950799942016602,13.962499618530273,13.949999809265137,13.960100173950195,54862
2026-08-31 12:37:00-04:00,13.954999923706055,13.960000038146973,13.949999809265137,13.960000038146973,41919
2026-08-31 12:38:00-04:00,13.944999694824219,13.955599784851074,13.9399995803833,13.95009994506836,87438
2026-08-31 12:39:00-04:00,13.949999809265137,13.949999809265137,13.9399995803833,13.944999694824219,69552
2026-08-31 12:40:00-04:00,13.949700355529785,13.949999809265137,13.9399995803833,13.940999984741211,23536
2026-08-31 12:41:00-04:00,13.94950008392334,13.954999923706055,13.9399995803833,13.949999809265137,39212
2026-08-31 12:42:00-04:00,13.954999923706055,13.960000038146973,13.9399995803833,13.944999694824219,133273
2026-08-31 12:43:00-04:00,13.954999923706055,13.95989990234375,13.949999809265137,13.954999923706055,28713
2026-08-31 12:44:00-04:00,13.954999923706055,13.960000038146973,13.949999809265137,13.954999923706055,101869
2026-08-31 12:45:00-04:00,13.95989990234375,13.96500015258789,13.949999809265137,13.954999923706055,113385
2026-08-31 12:46:00-04:00,13.960000038146973,13.960000038146973,13.949999809265137,13.954500198364258,21911
2026-08-31 12:47:00-04:00,13.954999923706055,13.960000038146973,13.949999809265137,13.952899932861328,58829
2026-08-31 12:48:00-04:00,13.956000328063965,13.970000267028809,13.953100204467773,13.960000038146973,174352
2026-08-31 12:49:00-04:00,13.954999923706055,13.960000038146973,13.953700065612793,13.959600448608398,36173
2026-08-31 12:50:00-04:00,13.954999923706055,13.960000038146973,13.949999809265137,13.949999809265137,85303
2026-08-31 12:51:00-04:00,13.961000442504883,13.965100288391113,13.95009994506836,13.95009994506836,37815
2026-08-31 12:52:00-04:00,13.96500015258789,13.970000267028809,13.960000038146973,13.970000267028809,61250
2026-08-31 12:53:00-04:00,13.960000038146973,13.96500015258789,13.960000038146973,13.96500015258789,26118
2026-08-31 12:54:00-04:00,13.960000038146973,13.970000267028809,13.960000038146973,13.970000267028809,11215
2026-08-31 12:55:00-04:00,13.96500015258789,13.970000267028809,13.960000038146973,13.96500015258789,27196
2026-08-31 12:56:00-04:00,13.96500015258789,13.970000267028809,13.960000038146973,13.96500015258789,26414
2026-08-31 12:57:00-04:00,13.975000381469727,13.979999542236328,13.970000267028809,13.970000267028809,72562
2026-08-31 12:58:00-04:00,13.960000038146973,13.97659969329834,13.960000038146973,13.975000381469727,43923
2026-08-31 12:59:00-04:00,13.96500015258789,13.970000267028809,13.960000038146973,13.960000038146973,44646
2026-08-31 13:00:00-04:00,13.96500015258789,13.970000267028809,13.960000038146973,13.969900131225586,32894
2026-08-31 13:01:00-04:00,13.96500015258789,13.970000267028809,13.960000038146973,13.96500015258789,32614
2026-08-31 13:02:00-04:00,13.96500015258789,13.970000267028809,13.960000038146973,13.96500015258789,37727
2026-08-31 13:03:00-04:00,13.960000038146973,13.970000267028809,13.960000038146973,13.960000038146973,22477
2026-08-31 13:04:00-04:00,13.95009994506836,13.96500015258789,13.949999809265137,13.960000038146973,42547
2026-08-31 13:05:00-04:00,13.949999809265137,13.960000038146973,13.949999809265137,13.954999923706055,36302
2026-08-31 13:06:00-04:00,13.954999923706055,13.960000038146973,13.949999809265137,13.95989990234375,77082
2026-08-31 13:07:00-04:00,13.960000038146973,13.960000038146973,13.949999809265137,13.959799766540527,29667
2026-08-31 13:08:00-04:00,13.954999923706055,13.960000038146973,13.949999809265137,13.95009994506836,27639
2026-08-31 13:09:00-04:00,13.954999923706055,13.960000038146973,13.949999809265137,13.949999809265137,20192
2026-08-31 13:10:00-04:00,13.960000038146973,13.965100288391113,13.949999809265137,13.960000038146973,109916
2026-08-31 13:11:00-04:00,13.96030044555664,13.968700408935547,13.949999809265137,13.959799766540527,83371
2026-08-31 13:12:00-04:00,13.970000267028809,13.970000267028809,13.960000038146973,13.96399974822998,25068
2026-08-31 13:13:00-04:00,13.975000381469727,13.975000381469727,13.960000038146973,13.970000267028809,139647
2026-08-31 13:14:00-04:00,13.96500015258789,13.975000381469727,13.960000038146973,13.975000381469727,55565
2026-08-31 13:15:00-04:00,13.970000267028809,13.970000267028809,13.960000038146973,13.96500015258789,23551
2026-08-31 13:16:00-04:00,13.979999542236328,13.979999542236328,13.960000038146973,13.970000267028809,107644
2026-08-31 13:17:00-04:00,13.975000381469727,13.979999542236328,13.970000267028809,13.979100227355957,101444
2026-08-31 13:18:00-04:00,13.96560001373291,13.970000267028809,13.960000038146973,13.970000267028809,40091
2026-08-31 13:19:00-04:00,13.969900131225586,13.975000381469727,13.963800430297852,13.970000267028809,71730
2026-08-31 13:20:00-04:00,13.972299575805664,13.97659969329834,13.960000038146973,13.970000267028809,92451
2026-08-31 13:21:00-04:00,13.969400405883789,13.975000381469727,13.960000038146973,13.970100402832031,106880
2026-08-31 13:22:00-04:00,13.96500015258789,13.970000267028809,13.960100173950195,13.960100173950195,44741
2026-08-31 13:23:00-04:00,13.970000267028809,13.975000381469727,13.96500015258789,13.970000267028809,53893
2026-08-31 13:24:00-04:00,13.960000038146973,13.975000381469727,13.960000038146973,13.970000267028809,15451
2026-08-31 13:25:00-04:00,13.96500015258789,13.970000267028809,13.960000038146973,13.96500015258789,64497
2026-08-31 13:26:00-04:00,13.954999923706055,13.965100288391113,13.954999923706055,13.960000038146973,45884
2026-08-31 13:27:00-04:00,13.954999923706055,13.960000038146973,13.949999809265137,13.954999923706055,57296
2026-08-31 13:28:00-04:00,13.954999923706055,13.960000038146973,13.949999809265137,13.954999923706055,41969
2026-08-31 13:29:00-04:00,13.95009994506836,13.960000038146973,13.949999809265137,13.954999923706055,55338
2026-08-31 13:30:00-04:00,13.9399995803833,13.954999923706055,13.9399995803833,13.949999809265137,70293
2026-08-31 13:31:00-04:00,13.944999694824219,13.949999809265137,13.9399995803833,13.949999809265137,11953
2026-08-31 13:32:00-04:00,13.952400207519531,13.960000038146973,13.9399995803833,13.9399995803833,56970
2026-08-31 13:33:00-04:00,13.954999923706055,13.960000038146973,13.949999809265137,13.960000038146973,34444
2026-08-31 13:34:00-04:00,13.954999923706055,13.960000038146973,13.949999809265137,13.958600044250488,17694
2026-08-31 13:35:00-04:00,13.949999809265137,13.960000038146973,13.949999809265137,13.960000038146973,27332
2026-08-31 13:36:00-04:00,13.95580005645752,13.965100288391113,13.949999809265137,13.960000038146973,77108
2026-08-31 13:37:00-04:00,13.954999923706055,13.960000038146973,13.949999809265137,13.960000038146973,42743
2026-08-31 13:38:00-04:00,13.944999694824219,13.954999923706055,13.9399995803833,13.949999809265137,83418
2026-08-31 13:39:00-04:00,13.954999923706055,13.960000038146973,13.944999694824219,13.944999694824219,76133
2026-08-31 13:40:00-04:00,13.960000038146973,13.960000038146973,13.949999809265137,13.954999923706055,33370
2026-08-31 13:41:00-04:00,13.96500015258789,13.970000267028809,13.960000038146973,13.960000038146973,28876
2026-08-31 13:42:00-04:00,13.96500015258789,13.970000267028809,13.960000038146973,13.970000267028809,28972
2026-08-31 13:43:00-04:00,13.965100288391113,13.970000267028809,13.960000038146973,13.960000038146973,33726
2026-08-31 13:44:00-04:00,13.970000267028809,13.975500106811523,13.970000267028809,13.970000267028809,54092
2026-08-31 13:45:00-04:00,13.97249984741211,13.975000381469727,13.970000267028809,13.970000267028809,7103
2026-08-31 13:46:00-04:00,13.975000381469727,13.979999542236328,13.970000267028809,13.970000267028809,22271
2026-08-31 13:47:00-04:00,13.989999771118164,13.989999771118164,13.970000267028809,13.979999542236328,38469
2026-08-31 13:48:00-04:00,13.989999771118164,13.989999771118164,13.983400344848633,13.983400344848633,21012
2026-08-31 13:49:00-04:00,13.984999656677246,13.994999885559082,13.979999542236328,13.989999771118164,92587
2026-08-31 13:50:00-04:00,13.984999656677246,13.989999771118164,13.979999542236328,13.979999542236328,40679
2026-08-31 13:51:00-04:00,13.994999885559082,14.0,13.989999771118164,13.989999771118164,80836
2026-08-31 13:52:00-04:00,13.990099906921387,13.994999885559082,13.989999771118164,13.990099906921387,16943
2026-08-31 13:53:00-04:00,13.994999885559082,13.994999885559082,13.984999656677246,13.989999771118164,68406
2026-08-31 13:54:00-04:00,13.989800453186035,14.0,13.984999656677246,13.989999771118164,96959
2026-08-31 13:55:00-04:00,13.994999885559082,14.0,13.989899635314941,13.989899635314941,75366
2026-08-31 13:56:00-04:00,13.990099906921387,14.0,13.989999771118164,14.0,66322
2026-08-31 13:57:00-04:00,13.97700023651123,13.994999885559082,13.970999717712402,13.990099906921387,134901
2026-08-31 13:58:00-04:00,13.984999656677246,13.989899635314941,13.970000267028809,13.979999542236328,93138
2026-08-31 13:59:00-04:00,13.984999656677246,13.987700462341309,13.979999542236328,13.984999656677246,61634
2026-08-31 14:00:00-04:00,13.983499526977539,13.989999771118164,13.979999542236328,13.979999542236328,71960
2026-08-31 14:01:00-04:00,13.989999771118164,13.994999885559082,13.979999542236328,13.989999771118164,130400
2026-08-31 14:02:00-04:00,13.98009967803955,13.988800048828125,13.979999542236328,13.988800048828125,32202
2026-08-31 14:03:00-04:00,13.98490047454834,13.989999771118164,13.979999542236328,13.984999656677246,16396
2026-08-31 14:04:00-04:00,13.979900360107422,13.984999656677246,13.970000267028809,13.980899810791016,59388
2026-08-31 14:05:00-04:00,13.975000381469727,13.979999542236328,13.970000267028809,13.975000381469727,52270
2026-08-31 14:06:00-04:00,13.979999542236328,13.984999656677246,13.975000381469727,13.975000381469727,99705
2026-08-31 14:07:00-04:00,13.979999542236328,13.989999771118164,13.979999542236328,13.979999542236328,56316
2026-08-31 14:08:00-04:00,13.979999542236328,13.984999656677246,13.973199844360352,13.984999656677246,76756
2026-08-31 14:09:00-04:00,13.975000381469727,13.975000381469727,13.970000267028809,13.970000267028809,29826
2026-08-31 14:10:00-04:00,13.975000381469727,13.979700088500977,13.970000267028809,13.972700119018555,36002
2026-08-31 14:11:00-04:00,13.975000381469727,13.979999542236328,13.970000267028809,13.970100402832031,17346
2026-08-31 14:12:00-04:00,13.970100402832031,13.979999542236328,13.970000267028809,13.979999542236328,35130
2026-08-31 14:13:00-04:00,14.020000457763672,14.020000457763672,13.970000267028809,13.970000267028809,337541
2026-08-31 14:14:00-04:00,14.037699699401855,14.04990005493164,14.0,14.010100364685059,376270
2026-08-31 14:15:00-04:00,14.024999618530273,14.039999961853027,14.020000457763672,14.038299560546875,87750
2026-08-31 14:16:00-04:00,14.020000457763672,14.029999732971191,14.015000343322754,14.020000457763672,57038
2026-08-31 14:17:00-04:00,14.015000343322754,14.029899597167969,14.01140022277832,14.020000457763672,43621
2026-08-31 14:18:00-04:00,14.015000343322754,14.020000457763672,14.010000228881836,14.015000343322754,47925
2026-08-31 14:19:00-04:00,14.0024995803833,14.015000343322754,14.0,14.015000343322754,81920
2026-08-31 14:20:00-04:00,13.994999885559082,14.005000114440918,13.994999885559082,14.0,25292
2026-08-31 14:21:00-04:00,14.0,14.007699966430664,13.989999771118164,14.0,55907
2026-08-31 14:22:00-04:00,13.988699913024902,13.996000289916992,13.983099937438965,13.989999771118164,47796
2026-08-31 14:23:00-04:00,13.984999656677246,13.989999771118164,13.979999542236328,13.989999771118164,46429
2026-08-31 14:24:00-04:00,13.984999656677246,13.997699737548828,13.979999542236328,13.987899780273438,147637
2026-08-31 14:25:00-04:00,13.984999656677246,13.989999771118164,13.979999542236328,13.984999656677246,39264
2026-08-31 14:26:00-04:00,13.984999656677246,13.996399879455566,13.979999542236328,13.989999771118164,35743
2026-08-31 14:27:00-04:00,13.984999656677246,13.989999771118164,13.979999542236328,13.989999771118164,19192
2026-08-31 14:28:00-04:00,14.000200271606445,14.005000114440918,13.984999656677246,13.984999656677246,76263
2026-08-31 14:29:00-04:00,13.996899604797363,14.005000114440918,13.990099906921387,14.001199722290039,30028
2026-08-31 14:30:00-04:00,13.990099906921387,14.0,13.989999771118164,13.993000030517578,17624
2026-08-31 14:31:00-04:00,13.975000381469727,13.996500015258789,13.970000267028809,13.990099906921387,62084
2026-08-31 14:32:00-04:00,13.98009967803955,13.985699653625488,13.970000267028809,13.979999542236328,66575
2026-08-31 14:33:00-04:00,13.975000381469727,13.989999771118164,13.970499992370605,13.981499671936035,103151
2026-08-31 14:34:00-04:00,13.975000381469727,13.979999542236328,13.970000267028809,13.975000381469727,18859
2026-08-31 14:35:00-04:00,13.975000381469727,13.979999542236328,13.970000267028809,13.979999542236328,34475
2026-08-31 14:36:00-04:00,13.96500015258789,13.976499557495117,13.960100173950195,13.975000381469727,51334
2026-08-31 14:37:00-04:00,13.96500015258789,13.975000381469727,13.960000038146973,13.970000267028809,62922
2026-08-31 14:38:00-04:00,13.958000183105469,13.970000267028809,13.949999809265137,13.970000267028809,97981
2026-08-31 14:39:00-04:00,13.963800430297852,13.965100288391113,13.954999923706055,13.95989990234375,102310
2026-08-31 14:40:00-04:00,13.95989990234375,13.970000267028809,13.95300006866455,13.970000267028809,84875
2026-08-31 14:41:00-04:00,13.941499710083008,13.960000038146973,13.9399995803833,13.954999923706055,156778
2026-08-31 14:42:00-04:00,13.949899673461914,13.949999809265137,13.9399995803833,13.944999694824219,78104
2026-08-31 14:43:00-04:00,13.941800117492676,13.949999809265137,13.9350004196167,13.944999694824219,136526
2026-08-31 14:44:00-04:00,13.9350004196167,13.949999809265137,13.930000305175781,13.940799713134766,75271
2026-08-31 14:45:00-04:00,13.930000305175781,13.9399995803833,13.930000305175781,13.9350004196167,17199
2026-08-31 14:46:00-04:00,13.941300392150879,13.944999694824219,13.930000305175781,13.9399995803833,88785
2026-08-31 14:47:00-04:00,13.944999694824219,13.949999809265137,13.9399995803833,13.941300392150879,53830
2026-08-31 14:48:00-04:00,13.948200225830078,13.949999809265137,13.9399995803833,13.949899673461914,74366
2026-08-31 14:49:00-04:00,13.944999694824219,13.949999809265137,13.9399995803833,13.949999809265137,32873
2026-08-31 14:50:00-04:00,13.940099716186523,13.960000038146973,13.9399995803833,13.949999809265137,134162
2026-08-31 14:51:00-04:00,13.949899673461914,13.949899673461914,13.930000305175781,13.940099716186523,96196
2026-08-31 14:52:00-04:00,13.940099716186523,13.949999809265137,13.9399995803833,13.940099716186523,24079
2026-08-31 14:53:00-04:00,13.944999694824219,13.949999809265137,13.9399995803833,13.949999809265137,12737
2026-08-31 14:54:00-04:00,13.9350004196167,13.949999809265137,13.930000305175781,13.949999809265137,49487
2026-08-31 14:55:00-04:00,13.933199882507324,13.9399995803833,13.930000305175781,13.9399995803833,58801
2026-08-31 14:56:00-04:00,13.9350004196167,13.9399995803833,13.930000305175781,13.9399995803833,35710
2026-08-31 14:57:00-04:00,13.9399995803833,13.9399995803833,13.930000305175781,13.9399995803833,85297
2026-08-31 14:58:00-04:00,13.9350004196167,13.944999694824219,13.930000305175781,13.9399995803833,68226
2026-08-31 14:59:00-04:00,13.9350004196167,13.9399995803833,13.930000305175781,13.930000305175781,19954
2026-08-31 15:00:00-04:00,13.9350004196167,13.9399995803833,13.930000305175781,13.9350004196167,21593
2026-08-31 15:01:00-04:00,13.944999694824219,13.949899673461914,13.930000305175781,13.930000305175781,77910
2026-08-31 15:02:00-04:00,13.949899673461914,13.949999809265137,13.9399995803833,13.944999694824219,74218
2026-08-31 15:03:00-04:00,13.95009994506836,13.960000038146973,13.949999809265137,13.949999809265137,99965
2026-08-31 15:04:00-04:00,13.951499938964844,13.960000038146973,13.949999809265137,13.960000038146973,67547
2026-08-31 15:05:00-04:00,13.954999923706055,13.954999923706055,13.949999809265137,13.954999923706055,19618
2026-08-31 15:06:00-04:00,13.954999923706055,13.960000038146973,13.949999809265137,13.954999923706055,27145
2026-08-31 15:07:00-04:00,13.960000038146973,13.960000038146973,13.949999809265137,13.954999923706055,57528
2026-08-31 15:08:00-04:00,13.954999923706055,13.960000038146973,13.949999809265137,13.954999923706055,20426
2026-08-31 15:09:00-04:00,13.949999809265137,13.954999923706055,13.9399995803833,13.954999923706055,33915
2026-08-31 15:10:00-04:00,13.949999809265137,13.949999809265137,13.9399995803833,13.944999694824219,15905
2026-08-31 15:11:00-04:00,13.949999809265137,13.95989990234375,13.944999694824219,13.949999809265137,109461
2026-08-31 15:12:00-04:00,13.944999694824219,13.960000038146973,13.944999694824219,13.960000038146973,52152
2026-08-31 15:13:00-04:00,13.954999923706055,13.960000038146973,13.944999694824219,13.947699546813965,38043
2026-08-31 15:14:00-04:00,13.96500015258789,13.970000267028809,13.960000038146973,13.960000038146973,51839
2026-08-31 15:15:00-04:00,13.96500015258789,13.970000267028809,13.960000038146973,13.96500015258789,54417
2026-08-31 15:16:00-04:00,13.96500015258789,13.970000267028809,13.960000038146973,13.96500015258789,54421
2026-08-31 15:17:00-04:00,13.949999809265137,13.970000267028809,13.949999809265137,13.966500282287598,70202
2026-08-31 15:18:00-04:00,13.954999923706055,13.960000038146973,13.944999694824219,13.954999923706055,61333
2026-08-31 15:19:00-04:00,13.954999923706055,13.954999923706055,13.949999809265137,13.954999923706055,31827
2026-08-31 15:20:00-04:00,13.95009994506836,13.960000038146973,13.949999809265137,13.960000038146973,23676
2026-08-31 15:21:00-04:00,13.954999923706055,13.954999923706055,13.949999809265137,13.954999923706055,19435
2026-08-31 15:22:00-04:00,13.958800315856934,13.960000038146973,13.949999809265137,13.954999923706055,119840
2026-08-31 15:23:00-04:00,13.96500015258789,13.970000267028809,13.949999809265137,13.958700180053711,75909
2026-08-31 15:24:00-04:00,13.96500015258789,13.970000267028809,13.960000038146973,13.96500015258789,80469
2026-08-31 15:25:00-04:00,13.975000381469727,13.979999542236328,13.96500015258789,13.96500015258789,83373
2026-08-31 15:26:00-04:00,13.975000381469727,13.989999771118164,13.970000267028809,13.975000381469727,150094
2026-08-31 15:27:00-04:00,13.970000267028809,13.979999542236328,13.970000267028809,13.975000381469727,31294
2026-08-31 15:28:00-04:00,13.970000267028809,13.979999542236328,13.970000267028809,13.970000267028809,61445
2026-08-31 15:29:00-04:00,13.975000381469727,13.979999542236328,13.970000267028809,13.970000267028809,15950
2026-08-31 15:30:00-04:00,13.960000038146973,13.975000381469727,13.960000038146973,13.975000381469727,143530
2026-08-31 15:31:00-04:00,13.975000381469727,13.979999542236328,13.960000038146973,13.969300270080566,88083
2026-08-31 15:32:00-04:00,13.96030044555664,13.970000267028809,13.960000038146973,13.970000267028809,47791
2026-08-31 15:33:00-04:00,13.96500015258789,13.96500015258789,13.949999809265137,13.960100173950195,115816
2026-08-31 15:34:00-04:00,13.975000381469727,13.979999542236328,13.960000038146973,13.960100173950195,81153
2026-08-31 15:35:00-04:00,13.975000381469727,13.979999542236328,13.970000267028809,13.979999542236328,53685
2026-08-31 15:36:00-04:00,13.970000267028809,13.979999542236328,13.970000267028809,13.975000381469727,56597
2026-08-31 15:37:00-04:00,13.975000381469727,13.979999542236328,13.970000267028809,13.979999542236328,47241
2026-08-31 15:38:00-04:00,13.970199584960938,13.979999542236328,13.970000267028809,13.979999542236328,43073
2026-08-31 15:39:00-04:00,13.960000038146973,13.979999542236328,13.960000038146973,13.970000267028809,145328
2026-08-31 15:40:00-04:00,13.963899612426758,13.970000267028809,13.960000038146973,13.967900276184082,21559
2026-08-31 15:41:00-04:00,13.96500015258789,13.970000267028809,13.960000038146973,13.970000267028809,84053
2026-08-31 15:42:00-04:00,13.954999923706055,13.970000267028809,13.949999809265137,13.96500015258789,86421
2026-08-31 15:43:00-04:00,13.96500015258789,13.965100288391113,13.949999809265137,13.95009994506836,68566
2026-08-31 15:44:00-04:00,13.949999809265137,13.970000267028809,13.949999809265137,13.96500015258789,46215
2026-08-31 15:45:00-04:00,13.944999694824219,13.949999809265137,13.9399995803833,13.949999809265137,112515
2026-08-31 15:46:00-04:00,13.949999809265137,13.95680046081543,13.949999809265137,13.949999809265137,80019
2026-08-31 15:47:00-04:00,13.920000076293945,13.954999923706055,13.920000076293945,13.954999923706055,162487
2026-08-31 15:48:00-04:00,13.925000190734863,13.930000305175781,13.920000076293945,13.925000190734863,84796
2026-08-31 15:49:00-04:00,13.920299530029297,13.930000305175781,13.914999961853027,13.925000190734863,188127
2026-08-31 15:50:00-04:00,13.9350004196167,13.9350004196167,13.920000076293945,13.930000305175781,353010
2026-08-31 15:51:00-04:00,13.9350004196167,13.9399995803833,13.930000305175781,13.930000305175781,51856
2026-08-31 15:52:00-04:00,13.944999694824219,13.949999809265137,13.930000305175781,13.9350004196167,74312
2026-08-31 15:53:00-04:00,13.954999923706055,13.960000038146973,13.940099716186523,13.944999694824219,134030
2026-08-31 15:54:00-04:00,13.96500015258789,13.975000381469727,13.949999809265137,13.954999923706055,256600
2026-08-31 15:55:00-04:00,13.96500015258789,13.975000381469727,13.960000038146973,13.970000267028809,165555
2026-08-31 15:56:00-04:00,13.949999809265137,13.96500015258789,13.949999809265137,13.960100173950195,164212
2026-08-31 15:57:00-04:00,13.9350004196167,13.960000038146973,13.930000305175781,13.949999809265137,404849
2026-08-31 15:58:00-04:00,13.944999694824219,13.960000038146973,13.930000305175781,13.9350004196167,574617
2026-08-31 15:59:00-04:00,13.9350004196167,13.970000267028809,13.9350004196167,13.944999694824219,567713
2026-09-01 09:30:00-04:00,13.9350004196167,13.949999809265137,13.925000190734863,13.949999809265137,522642
2026-09-01 09:31:00-04:00,14.005000114440918,14.039999961853027,13.90369987487793,13.920000076293945,1115198
2026-09-01 09:32:00-04:00,14.020000457763672,14.039999961853027,13.960000038146973,14.010000228881836,156181
2026-09-01 09:33:00-04:00,13.984999656677246,14.029999732971191,13.9399995803833,14.024999618530273,365288
2026-09-01 09:34:00-04:00,14.005000114440918,14.024999618530273,13.984999656677246,13.989899635314941,117130
2026-09-01 09:35:00-04:00,14.005000114440918,14.020000457763672,13.960000038146973,14.005000114440918,162613
2026-09-01 09:36:00-04:00,13.984999656677246,14.005000114440918,13.984999656677246,14.005000114440918,95608
2026-09-01 09:37:00-04:00,13.984999656677246,14.0,13.979999542236328,13.984999656677246,64327
2026-09-01 09:38:00-04:00,13.96500015258789,14.0,13.954999923706055,13.98009967803955,128952
2026-09-01 09:39:00-04:00,13.975000381469727,13.975000381469727,13.954999923706055,13.96500015258789,63069
2026-09-01 09:40:00-04:00,13.952199935913086,13.979999542236328,13.949999809265137,13.970000267028809,50926
2026-09-01 09:41:00-04:00,13.954999923706055,13.960000038146973,13.920000076293945,13.949999809265137,527437
2026-09-01 09:42:00-04:00,13.954999923706055,13.960000038146973,13.9399995803833,13.954999923706055,37150
2026-09-01 09:43:00-04:00,13.9399995803833,13.960000038146973,13.9399995803833,13.949999809265137,37069
2026-09-01 09:44:00-04:00,13.956199645996094,13.960000038146973,13.9399995803833,13.944999694824219,29320
2026-09-01 09:45:00-04:00,13.960000038146973,13.975000381469727,13.9399995803833,13.960000038146973,89013
2026-09-01 09:46:00-04:00,13.94219970703125,13.970000267028809,13.9399995803833,13.960000038146973,111069
2026-09-01 09:47:00-04:00,13.970000267028809,13.970000267028809,13.9399995803833,13.9399995803833,28805
2026-09-01 09:48:00-04:00,13.979999542236328,13.989999771118164,13.960000038146973,13.970000267028809,49130
2026-09-01 09:49:00-04:00,13.96500015258789,13.989999771118164,13.960000038146973,13.989999771118164,55093
2026-09-01 09:50:00-04:00,13.989999771118164,13.989999771118164,13.962200164794922,13.96500015258789,37711
2026-09-01 09:51:00-04:00,13.979999542236328,14.0,13.979999542236328,13.989999771118164,58008
2026-09-01 09:52:00-04:00,13.989999771118164,13.989999771118164,13.970000267028809,13.989999771118164,40005
2026-09-01 09:53:00-04:00,13.982199668884277,14.0,13.979999542236328,13.989999771118164,41832
2026-09-01 09:54:00-04:00,13.944999694824219,13.979999542236328,13.9399995803833,13.979999542236328,80413
2026-09-01 09:55:00-04:00,13.954999923706055,13.954999923706055,13.9399995803833,13.944999694824219,33626
2026-09-01 09:56:00-04:00,13.949999809265137,13.960000038146973,13.949999809265137,13.9576997756958,23803
2026-09-01 09:57:00-04:00,13.9399995803833,13.970000267028809,13.9350004196167,13.954999923706055,109417
2026-09-01 09:58:00-04:00,13.9350004196167,13.9399995803833,13.930000305175781,13.9350004196167,24847
2026-09-01 09:59:00-04:00,13.9399995803833,13.949999809265137,13.930000305175781,13.9399995803833,128897
2026-09-01 10:00:00-04:00,13.949999809265137,13.949999809265137,13.930000305175781,13.9399995803833,268731
2026-09-01 10:01:00-04:00,13.954999923706055,13.960000038146973,13.949999809265137,13.949999809265137,32120
2026-09-01 10:02:00-04:00,13.9399995803833,13.960000038146973,13.930000305175781,13.960000038146973,62807
2026-09-01 10:03:00-04:00,13.949999809265137,13.960000038146973,13.9399995803833,13.944999694824219,34181
2026-09-01 10:04:00-04:00,13.9399995803833,13.949999809265137,13.9399995803833,13.9399995803833,25599
2026-09-01 10:05:00-04:00,13.954999923706055,13.954999923706055,13.9399995803833,13.944999694824219,43134
2026-09-01 10:06:00-04:00,13.949999809265137,13.960000038146973,13.9399995803833,13.954999923706055,41181
2026-09-01 10:07:00-04:00,13.949999809265137,13.960000038146973,13.9399995803833,13.949999809265137,25293
2026-09-01 10:08:00-04:00,13.96500015258789,13.970000267028809,13.949999809265137,13.960000038146973,50784
2026-09-01 10:09:00-04:00,13.96500015258789,13.975000381469727,13.960000038146973,13.966387748718262,88728
2026-09-01 10:10:00-04:00,13.984999656677246,13.984999656677246,13.949999809265137,13.960000038146973,92687
2026-09-01 10:11:00-04:00,13.96500015258789,13.994999885559082,13.960000038146973,13.979999542236328,89779
2026-09-01 10:12:00-04:00,13.984999656677246,13.984999656677246,13.960000038146973,13.970000267028809,33562
2026-09-01 10:13:00-04:00,13.979999542236328,13.984999656677246,13.970000267028809,13.979999542236328,36903
2026-09-01 10:14:00-04:00,14.015000343322754,14.020000457763672,13.984999656677246,13.989999771118164,183533
2026-09-01 10:15:00-04:00,14.024999618530273,14.050000190734863,14.010000228881836,14.010000228881836,419817
2026-09-01 10:16:00-04:00,14.03499984741211,14.036389350891113,14.020000457763672,14.02400016784668,111535
2026-09-01 10:17:00-04:00,14.029999732971191,14.039999961853027,14.029999732971191,14.039999961853027,37768
2026-09-01 10:18:00-04:00,14.020000457763672,14.03499984741211,14.010000228881836,14.03499984741211,108903
2026-09-01 10:19:00-04:00,14.020000457763672,14.029999732971191,14.010000228881836,14.015000343322754,295307
2026-09-01 10:20:00-04:00,14.015000343322754,14.029999732971191,14.010000228881836,14.020099639892578,99866
2026-09-01 10:21:00-04:00,13.979999542236328,14.010000228881836,13.979999542236328,14.010000228881836,113340
2026-09-01 10:22:00-04:00,13.994999885559082,14.0,13.979999542236328,13.989999771118164,146691
2026-09-01 10:23:00-04:00,14.0,14.0,13.979999542236328,13.991999626159668,98334
2026-09-01 10:24:00-04:00,13.979999542236328,14.0,13.979999542236328,13.994999885559082,57473
2026-09-01 10:25:00-04:00,13.96500015258789,13.989999771118164,13.960000038146973,13.979999542236328,111422
2026-09-01 10:26:00-04:00,13.925000190734863,13.970000267028809,13.925000190734863,13.96500015258789,525346
2026-09-01 10:27:00-04:00,13.9350004196167,13.944999694824219,13.920000076293945,13.920000076293945,137981
2026-09-01 10:28:00-04:00,13.914999961853027,13.9399995803833,13.91469955444336,13.9350004196167,64869
2026-09-01 10:29:00-04:00,13.9399995803833,13.949999809265137,13.90999984741211,13.914999961853027,90749
2026-09-01 10:30:00-04:00,13.994999885559082,14.0,13.949899673461914,13.949899673461914,178967
2026-09-01 10:31:00-04:00,13.992400169372559,14.005000114440918,13.989999771118164,13.990099906921387,74657
2026-09-01 10:32:00-04:00,14.005000114440918,14.010000228881836,13.989999771118164,13.994099617004395,56553
2026-09-01 10:33:00-04:00,13.984999656677246,14.005000114440918,13.98009967803955,14.005000114440918,54736
2026-09-01 10:34:00-04:00,13.989999771118164,13.994999885559082,13.979999542236328,13.984999656677246,57653
2026-09-01 10:35:00-04:00,13.979999542236328,13.989999771118164,13.979999542236328,13.984999656677246,37720
2026-09-01 10:36:00-04:00,13.960000038146973,13.984999656677246,13.960000038146973,13.984999656677246,48495
2026-09-01 10:37:00-04:00,13.944999694824219,13.96500015258789,13.944999694824219,13.96500015258789,68226
2026-09-01 10:38:00-04:00,13.954999923706055,13.960000038146973,13.944999694824219,13.944999694824219,52837
2026-09-01 10:39:00-04:00,13.949899673461914,13.96500015258789,13.9399995803833,13.954999923706055,74291
2026-09-01 10:40:00-04:00,13.944999694824219,13.949999809265137,13.9399995803833,13.949999809265137,66788
2026-09-01 10:41:00-04:00,13.956199645996094,13.960000038146973,13.9399995803833,13.9399995803833,76097
2026-09-01 10:42:00-04:00,13.949999809265137,13.960000038146973,13.9399995803833,13.954999923706055,132906
2026-09-01 10:43:00-04:00,13.944999694824219,13.949999809265137,13.9399995803833,13.9399995803833,44355
2026-09-01 10:44:00-04:00,13.954999923706055,13.966387748718262,13.949999809265137,13.949999809265137,77210
2026-09-01 10:45:00-04:00,13.960000038146973,13.960000038146973,13.949999809265137,13.954999923706055,37547
2026-09-01 10:46:00-04:00,13.970000267028809,13.970000267028809,13.954999923706055,13.958900451660156,67365
2026-09-01 10:47:00-04:00,13.970000267028809,13.970000267028809,13.960000038146973,13.960000038146973,35239
2026-09-01 10:48:00-04:00,13.954999923706055,13.96500015258789,13.9399995803833,13.960000038146973,123199
2026-09-01 10:49:00-04:00,13.960000038146973,13.970000267028809,13.954999923706055,13.954999923706055,135298
2026-09-01 10:50:00-04:00,13.95009994506836,13.965100288391113,13.949999809265137,13.96500015258789,71152
2026-09-01 10:51:00-04:00,13.920000076293945,13.95989990234375,13.920000076293945,13.95989990234375,243565
2026-09-01 10:52:00-04:00,13.90999984741211,13.930000305175781,13.899999618530273,13.925000190734863,184548
2026-09-01 10:53:00-04:00,13.916199684143066,13.930000305175781,13.90999984741211,13.920000076293945,142507
2026-09-01 10:54:00-04:00,13.90999984741211,13.929900169372559,13.90999984741211,13.90999984741211,92460
2026-09-01 10:55:00-04:00,13.914199829101562,13.920000076293945,13.899999618530273,13.90999984741211,142867
2026-09-01 10:56:00-04:00,13.904999732971191,13.920000076293945,13.899999618530273,13.914999961853027,145099
2026-09-01 10:57:00-04:00,13.90999984741211,13.920000076293945,13.899999618530273,13.899999618530273,99844
2026-09-01 10:58:00-04:00,13.887900352478027,13.916000366210938,13.880000114440918,13.913100242614746,327233
2026-09-01 10:59:00-04:00,13.885000228881836,13.890000343322754,13.880000114440918,13.885000228881836,77869
2026-09-01 11:00:00-04:00,13.895000457763672,13.899999618530273,13.880000114440918,13.888699531555176,177884
2026-09-01 11:01:00-04:00,13.899999618530273,13.90999984741211,13.890000343322754,13.895000457763672,99790
2026-09-01 11:02:00-04:00,13.890000343322754,13.899999618530273,13.890000343322754,13.895000457763672,83290
2026-09-01 11:03:00-04:00,13.89009952545166,13.899999618530273,13.890000343322754,13.890000343322754,61433
2026-09-01 11:04:00-04:00,13.884499549865723,13.895000457763672,13.880000114440918,13.890000343322754,65072
2026-09-01 11:05:00-04:00,13.880000114440918,13.890000343322754,13.880000114440918,13.885000228881836,44160
2026-09-01 11:06:00-04:00,13.869999885559082,13.890000343322754,13.869999885559082,13.880000114440918,132002
2026-09-01 11:07:00-04:00,13.875,13.879899978637695,13.859999656677246,13.869999885559082,94247
2026-09-01 11:08:00-04:00,13.885000228881836,13.890000343322754,13.869999885559082,13.873299598693848,54832
2026-09-01 11:09:00-04:00,13.899900436401367,13.899999618530273,13.880000114440918,13.888500213623047,96269
2026-09-01 11:10:00-04:00,13.904999732971191,13.90999984741211,13.890000343322754,13.895000457763672,93959
2026-09-01 11:11:00-04:00,13.914999961853027,13.920000076293945,13.904999732971191,13.909899711608887,92589
2026-09-01 11:12:00-04:00,13.914999961853027,13.920000076293945,13.90999984741211,13.914999961853027,98397
2026-09-01 11:13:00-04:00,13.925000190734863,13.930000305175781,13.899999618530273,13.90999984741211,129991
2026-09-01 11:14:00-04:00,13.930000305175781,13.930000305175781,13.920000076293945,13.925000190734863,90703
2026-09-01 11:15:00-04:00,13.930000305175781,13.930000305175781,13.920000076293945,13.925000190734863,60468
2026-09-01 11:16:00-04:00,13.925000190734863,13.9399995803833,13.920000076293945,13.925000190734863,145319
2026-09-01 11:17:00-04:00,13.918899536132812,13.926218032836914,13.90999984741211,13.925000190734863,114100
2026-09-01 11:18:00-04:00,13.914999961853027,13.920000076293945,13.90999984741211,13.920000076293945,70405
2026-09-01 11:19:00-04:00,13.886199951171875,13.920000076293945,13.875,13.920000076293945,319188
2026-09-01 11:20:00-04:00,13.871399879455566,13.889900207519531,13.869999885559082,13.885000228881836,89548
2026-09-01 11:21:00-04:00,13.86709976196289,13.879899978637695,13.859999656677246,13.875,87649
2026-09-01 11:22:00-04:00,13.876999855041504,13.880000114440918,13.859999656677246,13.86989974975586,66214
2026-09-01 11:23:00-04:00,13.885000228881836,13.887100219726562,13.869999885559082,13.879899978637695,87864
2026-09-01 11:24:00-04:00,13.885000228881836,13.890000343322754,13.880000114440918,13.885000228881836,31375
2026-09-01 11:25:00-04:00,13.880000114440918,13.890000343322754,13.880000114440918,13.88010025024414,62705
2026-09-01 11:26:00-04:00,13.895000457763672,13.899999618530273,13.880000114440918,13.88010025024414,155173
2026-09-01 11:27:00-04:00,13.885000228881836,13.896599769592285,13.88010025024414,13.895000457763672,44534
2026-09-01 11:28:00-04:00,13.864999771118164,13.890000343322754,13.864999771118164,13.889900207519531,99707
2026-09-01 11:29:00-04:00,13.864999771118164,13.880000114440918,13.850099563598633,13.866999626159668,180877
2026-09-01 11:30:00-04:00,13.864999771118164,13.869999885559082,13.850099563598633,13.864999771118164,151548
2026-09-01 11:31:00-04:00,13.875,13.890000343322754,13.859999656677246,13.866286277770996,94517
2026-09-01 11:32:00-04:00,13.870100021362305,13.880000114440918,13.869999885559082,13.870400428771973,85153
2026-09-01 11:33:00-04:00,13.875,13.875,13.869999885559082,13.875,80770
2026-09-01 11:34:00-04:00,13.875,13.880000114440918,13.869999885559082,13.869999885559082,51002
2026-09-01 11:35:00-04:00,13.878800392150879,13.880000114440918,13.869999885559082,13.875,59570
2026-09-01 11:36:00-04:00,13.875,13.880000114440918,13.869999885559082,13.878100395202637,63333
2026-09-01 11:37:00-04:00,13.869999885559082,13.880000114440918,13.869999885559082,13.875,29127
2026-09-01 11:38:00-04:00,13.866299629211426,13.875,13.854999542236328,13.870100021362305,148915
2026-09-01 11:39:00-04:00,13.869999885559082,13.869999885559082,13.859999656677246,13.864999771118164,59954
2026-09-01 11:40:00-04:00,13.859999656677246,13.869999885559082,13.859999656677246,13.860099792480469,84365
2026-09-01 11:41:00-04:00,13.854999542236328,13.864999771118164,13.850000381469727,13.859999656677246,151791
2026-09-01 11:42:00-04:00,13.85990047454834,13.869999885559082,13.850000381469727,13.854999542236328,177075
2026-09-01 11:43:00-04:00,13.864999771118164,13.869999885559082,13.854999542236328,13.85990047454834,116681
2026-09-01 11:44:00-04:00,13.854999542236328,13.859999656677246,13.850000381469727,13.859999656677246,120066
2026-09-01 11:45:00-04:00,13.864999771118164,13.869999885559082,13.859999656677246,13.859999656677246,176122
2026-09-01 11:46:00-04:00,13.864999771118164,13.869999885559082,13.859999656677246,13.864999771118164,88161
2026-09-01 11:47:00-04:00,13.859999656677246,13.869999885559082,13.859999656677246,13.864999771118164,39208
2026-09-01 11:48:00-04:00,13.875,13.880000114440918,13.859999656677246,13.865300178527832,73333
2026-09-01 11:49:00-04:00,13.875,13.880000114440918,13.869999885559082,13.875,80279
2026-09-01 11:50:00-04:00,13.864999771118164,13.880000114440918,13.859999656677246,13.875,65371
2026-09-01 11:51:00-04:00,13.869999885559082,13.869999885559082,13.859999656677246,13.869999885559082,33651
2026-09-01 11:52:00-04:00,13.859999656677246,13.869999885559082,13.859999656677246,13.864999771118164,28156
2026-09-01 11:53:00-04:00,13.859999656677246,13.869999885559082,13.859999656677246,13.862000465393066,21878
2026-09-01 11:54:00-04:00,13.854999542236328,13.869799613952637,13.850000381469727,13.859999656677246,157976
2026-09-01 11:55:00-04:00,13.850000381469727,13.859999656677246,13.850000381469727,13.857199668884277,55417
2026-09-01 11:56:00-04:00,13.854999542236328,13.859999656677246,13.850000381469727,13.854999542236328,32370
2026-09-01 11:57:00-04:00,13.854999542236328,13.859999656677246,13.850000381469727,13.859999656677246,49198
2026-09-01 11:58:00-04:00,13.854999542236328,13.859999656677246,13.850000381469727,13.850000381469727,41353
2026-09-01 11:59:00-04:00,13.850000381469727,13.859999656677246,13.850000381469727,13.854999542236328,59423
2026-09-01 12:00:00-04:00,13.845000267028809,13.859999656677246,13.84000015258789,13.850000381469727,290711
2026-09-01 12:01:00-04:00,13.845000267028809,13.850000381469727,13.84000015258789,13.846199989318848,51999
2026-09-01 12:02:00-04:00,13.845000267028809,13.850000381469727,13.84000015258789,13.845000267028809,70260
2026-09-01 12:03:00-04:00,13.850000381469727,13.850000381469727,13.84000015258789,13.84000015258789,42817
2026-09-01 12:04:00-04:00,13.869999885559082,13.869999885559082,13.84000015258789,13.845000267028809,145544
2026-09-01 12:05:00-04:00,13.887200355529785,13.890000343322754,13.864999771118164,13.869999885559082,209060
2026-09-01 12:06:00-04:00,13.885000228881836,13.890000343322754,13.880000114440918,13.890000343322754,162712
2026-09-01 12:07:00-04:00,13.885000228881836,13.890000343322754,13.880000114440918,13.880000114440918,78033
2026-09-01 12:08:00-04:00,13.885000228881836,13.890000343322754,13.880000114440918,13.885000228881836,155547
2026-09-01 12:09:00-04:00,13.885000228881836,13.890000343322754,13.880000114440918,13.885000228881836,61858
2026-09-01 12:10:00-04:00,13.885000228881836,13.890000343322754,13.880000114440918,13.890000343322754,40612
2026-09-01 12:11:00-04:00,13.885000228881836,13.890000343322754,13.880000114440918,13.885000228881836,98599
2026-09-01 12:12:00-04:00,13.885000228881836,13.890000343322754,13.880000114440918,13.881999969482422,19348
2026-09-01 12:13:00-04:00,13.890000343322754,13.899999618530273,13.880000114440918,13.890000343322754,91216
2026-09-01 12:14:00-04:00,13.885000228881836,13.890000343322754,13.880000114440918,13.890000343322754,17779
2026-09-01 12:15:00-04:00,13.895000457763672,13.895000457763672,13.880000114440918,13.885000228881836,52288
2026-09-01 12:16:00-04:00,13.885000228881836,13.899999618530273,13.885000228881836,13.893699645996094,161430
2026-09-01 12:17:00-04:00,13.895000457763672,13.895000457763672,13.880000114440918,13.890000343322754,64241
2026-09-01 12:18:00-04:00,13.880000114440918,13.895000457763672,13.880000114440918,13.890000343322754,80381
2026-09-01 12:19:00-04:00,13.885000228881836,13.890000343322754,13.880000114440918,13.885000228881836,55727
2026-09-01 12:20:00-04:00,13.869999885559082,13.890000343322754,13.869999885559082,13.890000343322754,84915
2026-09-01 12:21:00-04:00,13.864999771118164,13.869999885559082,13.859999656677246,13.864999771118164,87405
2026-09-01 12:22:00-04:00,13.869999885559082,13.869999885559082,13.859999656677246,13.869999885559082,41904
2026-09-01 12:23:00-04:00,13.854999542236328,13.869999885559082,13.850000381469727,13.869999885559082,73771
2026-09-01 12:24:00-04:00,13.850000381469727,13.854999542236328,13.84000015258789,13.854999542236328,83417
2026-09-01 12:25:00-04:00,13.849100112915039,13.850000381469727,13.84000015258789,13.850000381469727,70832
2026-09-01 12:26:00-04:00,13.829999923706055,13.850000381469727,13.829999923706055,13.850000381469727,238933
2026-09-01 12:27:00-04:00,13.824999809265137,13.829999923706055,13.819999694824219,13.823699951171875,59845
2026-09-01 12:28:00-04:00,13.835000038146973,13.84000015258789,13.829999923706055,13.829999923706055,64077
2026-09-01 12:29:00-04:00,13.829999923706055,13.84000015258789,13.819999694824219,13.84000015258789,73743
2026-09-01 12:30:00-04:00,13.8100004196167,13.829999923706055,13.8100004196167,13.824999809265137,262698
2026-09-01 12:31:00-04:00,13.808199882507324,13.816399574279785,13.800000190734863,13.8100004196167,208081
2026-09-01 12:32:00-04:00,13.805000305175781,13.8100004196167,13.800000190734863,13.809900283813477,50706
2026-09-01 12:33:00-04:00,13.8149995803833,13.819999694824219,13.805000305175781,13.805000305175781,71444
2026-09-01 12:34:00-04:00,13.805000305175781,13.819999694824219,13.800000190734863,13.8100004196167,116125
2026-09-01 12:35:00-04:00,13.8149995803833,13.819999694824219,13.805000305175781,13.808600425720215,95676
2026-09-01 12:36:00-04:00,13.819999694824219,13.829999923706055,13.810099601745605,13.8149995803833,61474
2026-09-01 12:37:00-04:00,13.824999809265137,13.829999923706055,13.819999694824219,13.821800231933594,35346
2026-09-01 12:38:00-04:00,13.824999809265137,13.829999923706055,13.819999694824219,13.824999809265137,43363
2026-09-01 12:39:00-04:00,13.84000015258789,13.84000015258789,13.829899787902832,13.829999923706055,200093
2026-09-01 12:40:00-04:00,13.830599784851074,13.84000015258789,13.819999694824219,13.829999923706055,197694
2026-09-01 12:41:00-04:00,13.845000267028809,13.850000381469727,13.829999923706055,13.830599784851074,239833
2026-09-01 12:42:00-04:00,13.829999923706055,13.850000381469727,13.829999923706055,13.84000015258789,110170
2026-09-01 12:43:00-04:00,13.835000038146973,13.84000015258789,13.829999923706055,13.829999923706055,78318
2026-09-01 12:44:00-04:00,13.835000038146973,13.84000015258789,13.829999923706055,13.837499618530273,32098
2026-09-01 12:45:00-04:00,13.835000038146973,13.84000015258789,13.829999923706055,13.829999923706055,39335
2026-09-01 12:46:00-04:00,13.84000015258789,13.84000015258789,13.829999923706055,13.829999923706055,31453
2026-09-01 12:47:00-04:00,13.835000038146973,13.850000381469727,13.830300331115723,13.84000015258789,118718
2026-09-01 12:48:00-04:00,13.819899559020996,13.84000015258789,13.8149995803833,13.829999923706055,68366
2026-09-01 12:49:00-04:00,13.819999694824219,13.819999694824219,13.8100004196167,13.814399719238281,56154
2026-09-01 12:50:00-04:00,13.8149995803833,13.819999694824219,13.8100004196167,13.8100004196167,15361
2026-09-01 12:51:00-04:00,13.819899559020996,13.819999694824219,13.8100004196167,13.819999694824219,102100
2026-09-01 12:52:00-04:00,13.8149995803833,13.819999694824219,13.8100004196167,13.8149995803833,31007
2026-09-01 12:53:00-04:00,13.815999984741211,13.819999694824219,13.8100004196167,13.819999694824219,24174
2026-09-01 12:54:00-04:00,13.819999694824219,13.819999694824219,13.8100004196167,13.8149995803833,48330
2026-09-01 12:55:00-04:00,13.819999694824219,13.829999923706055,13.819899559020996,13.819899559020996,125069
2026-09-01 12:56:00-04:00,13.809900283813477,13.829999923706055,13.800000190734863,13.824999809265137,190121
2026-09-01 12:57:00-04:00,13.8100004196167,13.8100004196167,13.800000190734863,13.805000305175781,41586
2026-09-01 12:58:00-04:00,13.805000305175781,13.8100004196167,13.800000190734863,13.808300018310547,35875
2026-09-01 12:59:00-04:00,13.780099868774414,13.8100004196167,13.779999732971191,13.805000305175781,411349
2026-09-01 13:00:00-04:00,13.770000457763672,13.780500411987305,13.770000457763672,13.779999732971191,84759
2026-09-01 13:01:00-04:00,13.76990032196045,13.779999732971191,13.760000228881836,13.774999618530273,96061
2026-09-01 13:02:00-04:00,13.744999885559082,13.779999732971191,13.740099906921387,13.768199920654297,405166
2026-09-01 13:03:00-04:00,13.765000343322754,13.770000457763672,13.744999885559082,13.74899959564209,131161
2026-09-01 13:04:00-04:00,13.760000228881836,13.770000457763672,13.760000228881836,13.765000343322754,99237
2026-09-01 13:05:00-04:00,13.770099639892578,13.779999732971191,13.765000343322754,13.770000457763672,118660
2026-09-01 13:06:00-04:00,13.774999618530273,13.779999732971191,13.761099815368652,13.774999618530273,151296
2026-09-01 13:07:00-04:00,13.770099639892578,13.779999732971191,13.770000457763672,13.774999618530273,118235
2026-09-01 13:08:00-04:00,13.78499984741211,13.789999961853027,13.770000457763672,13.770000457763672,167656
2026-09-01 13:09:00-04:00,13.789899826049805,13.795000076293945,13.779999732971191,13.780099868774414,449264
2026-09-01 13:10:00-04:00,13.800000190734863,13.800000190734863,13.78499984741211,13.78499984741211,88031
2026-09-01 13:11:00-04:00,13.809599876403809,13.8100004196167,13.789999961853027,13.795000076293945,169353
2026-09-01 13:12:00-04:00,13.8100004196167,13.8100004196167,13.800000190734863,13.800000190734863,28182
2026-09-01 13:13:00-04:00,13.800000190734863,13.8100004196167,13.800000190734863,13.805000305175781,104257
2026-09-01 13:14:00-04:00,13.809900283813477,13.8100004196167,13.800000190734863,13.8100004196167,59360
2026-09-01 13:15:00-04:00,13.8100004196167,13.8100004196167,13.800000190734863,13.804100036621094,74093
2026-09-01 13:16:00-04:00,13.805000305175781,13.8100004196167,13.800000190734863,13.8100004196167,52163
2026-09-01 13:17:00-04:00,13.805000305175781,13.8100004196167,13.800000190734863,13.800000190734863,33925
2026-09-01 13:18:00-04:00,13.805000305175781,13.8100004196167,13.800000190734863,13.805000305175781,26524
2026-09-01 13:19:00-04:00,13.803000450134277,13.8100004196167,13.800000190734863,13.800000190734863,36859
2026-09-01 13:20:00-04:00,13.795000076293945,13.802000045776367,13.790200233459473,13.800000190734863,78153
2026-09-01 13:21:00-04:00,13.795000076293945,13.800000190734863,13.789999961853027,13.795000076293945,45683
2026-09-01 13:22:00-04:00,13.79990005493164,13.800000190734863,13.789999961853027,13.800000190734863,17559
2026-09-01 13:23:00-04:00,13.800000190734863,13.8100004196167,13.795000076293945,13.795000076293945,164025
2026-09-01 13:24:00-04:00,13.795000076293945,13.8100004196167,13.795000076293945,13.800100326538086,59088
2026-09-01 13:25:00-04:00,13.805000305175781,13.8100004196167,13.789999961853027,13.795000076293945,102957
2026-09-01 13:26:00-04:00,13.807700157165527,13.8100004196167,13.800000190734863,13.805000305175781,25248
2026-09-01 13:27:00-04:00,13.8100004196167,13.8100004196167,13.800000190734863,13.809900283813477,57108
2026-09-01 13:28:00-04:00,13.805000305175781,13.8100004196167,13.800000190734863,13.8100004196167,57262
2026-09-01 13:29:00-04:00,13.805000305175781,13.8100004196167,13.800000190734863,13.805000305175781,176806
2026-09-01 13:30:00-04:00,13.805000305175781,13.8100004196167,13.800000190734863,13.805000305175781,62960
2026-09-01 13:31:00-04:00,13.805000305175781,13.8100004196167,13.800000190734863,13.800000190734863,37862
2026-09-01 13:32:00-04:00,13.795000076293945,13.8100004196167,13.789999961853027,13.805000305175781,80596
2026-09-01 13:33:00-04:00,13.795000076293945,13.800000190734863,13.789999961853027,13.795000076293945,35929
2026-09-01 13:34:00-04:00,13.795000076293945,13.800000190734863,13.789999961853027,13.795000076293945,22793
2026-09-01 13:35:00-04:00,13.789899826049805,13.800000190734863,13.78219985961914,13.795000076293945,71084
2026-09-01 13:36:00-04:00,13.779999732971191,13.789999961853027,13.779999732971191,13.789999961853027,30093
2026-09-01 13:37:00-04:00,13.779999732971191,13.789999961853027,13.779999732971191,13.780900001525879,15311
2026-09-01 13:38:00-04:00,13.78499984741211,13.789999961853027,13.779999732971191,13.78499984741211,149404
2026-09-01 13:39:00-04:00,13.78499984741211,13.789899826049805,13.779999732971191,13.779999732971191,32585
2026-09-01 13:40:00-04:00,13.774999618530273,13.789999961853027,13.770000457763672,13.779999732971191,108514
2026-09-01 13:41:00-04:00,13.774999618530273,13.779999732971191,13.770000457763672,13.770000457763672,86346
2026-09-01 13:42:00-04:00,13.78499984741211,13.789999961853027,13.774999618530273,13.774999618530273,104503
2026-09-01 13:43:00-04:00,13.788900375366211,13.789999961853027,13.779999732971191,13.78950023651123,29218
2026-09-01 13:44:00-04:00,13.779899597167969,13.789999961853027,13.774999618530273,13.779999732971191,69613
2026-09-01 13:45:00-04:00,13.78499984741211,13.789999961853027,13.770000457763672,13.779999732971191,109957
2026-09-01 13:46:00-04:00,13.774999618530273,13.789999961853027,13.774999618530273,13.789999961853027,68174
2026-09-01 13:47:00-04:00,13.778300285339355,13.779999732971191,13.770099639892578,13.779999732971191,27009
2026-09-01 13:48:00-04:00,13.774999618530273,13.779999732971191,13.770000457763672,13.774999618530273,28019
2026-09-01 13:49:00-04:00,13.774999618530273,13.779999732971191,13.770000457763672,13.770099639892578,42302
2026-09-01 13:50:00-04:00,13.779999732971191,13.779999732971191,13.770000457763672,13.770000457763672,52264
2026-09-01 13:51:00-04:00,13.779999732971191,13.779999732971191,13.770000457763672,13.770000457763672,22747
2026-09-01 13:52:00-04:00,13.779999732971191,13.779999732971191,13.770000457763672,13.770000457763672,19462
2026-09-01 13:53:00-04:00,13.770000457763672,13.779999732971191,13.770000457763672,13.774999618530273,17944
2026-09-01 13:54:00-04:00,13.770000457763672,13.779999732971191,13.770000457763672,13.779999732971191,19456
2026-09-01 13:55:00-04:00,13.770000457763672,13.779999732971191,13.770000457763672,13.779999732971191,21739
2026-09-01 13:56:00-04:00,13.774999618530273,13.779999732971191,13.770000457763672,13.774999618530273,191500
2026-09-01 13:57:00-04:00,13.77340030670166,13.779999732971191,13.770000457763672,13.774999618530273,29869
2026-09-01 13:58:00-04:00,13.774999618530273,13.779999732971191,13.770000457763672,13.774299621582031,44706
2026-09-01 13:59:00-04:00,13.765000343322754,13.779999732971191,13.760000228881836,13.771699905395508,100324
2026-09-01 14:00:00-04:00,13.765000343322754,13.770000457763672,13.760000228881836,13.76830005645752,46586
2026-09-01 14:01:00-04:00,13.760100364685059,13.770000457763672,13.755000114440918,13.770000457763672,132953
2026-09-01 14:02:00-04:00,13.78499984741211,13.789999961853027,13.760000228881836,13.760000228881836,108409
2026-09-01 14:03:00-04:00,13.779999732971191,13.789999961853027,13.779999732971191,13.78499984741211,59055
2026-09-01 14:04:00-04:00,13.789999961853027,13.789999961853027,13.779999732971191,13.779999732971191,57428
2026-09-01 14:05:00-04:00,13.78499984741211,13.789999961853027,13.779999732971191,13.78499984741211,34225
2026-09-01 14:06:00-04:00,13.789999961853027,13.789999961853027,13.774999618530273,13.78499984741211,188869
2026-09-01 14:07:00-04:00,13.783900260925293,13.789999961853027,13.779999732971191,13.78499984741211,22742
2026-09-01 14:08:00-04:00,13.78499984741211,13.789999961853027,13.779999732971191,13.789999961853027,21212
2026-09-01 14:09:00-04:00,13.770000457763672,13.78499984741211,13.770000457763672,13.78499984741211,138736
2026-09-01 14:10:00-04:00,13.770000457763672,13.779999732971191,13.770000457763672,13.774999618530273,66317
2026-09-01 14:11:00-04:00,13.772000312805176,13.779999732971191,13.770000457763672,13.774999618530273,22022
2026-09-01 14:12:00-04:00,13.765000343322754,13.779999732971191,13.760100364685059,13.779999732971191,87294
2026-09-01 14:13:00-04:00,13.770000457763672,13.770000457763672,13.760000228881836,13.770000457763672,47663
2026-09-01 14:14:00-04:00,13.765000343322754,13.770000457763672,13.760000228881836,13.770000457763672,25651
2026-09-01 14:15:00-04:00,13.770000457763672,13.779999732971191,13.760000228881836,13.765000343322754,175206
2026-09-01 14:16:00-04:00,13.779999732971191,13.779999732971191,13.770000457763672,13.779999732971191,41617
2026-09-01 14:17:00-04:00,13.770000457763672,13.779999732971191,13.770000457763672,13.770000457763672,89258
2026-09-01 14:18:00-04:00,13.774999618530273,13.779999732971191,13.770000457763672,13.774999618530273,37685
2026-09-01 14:19:00-04:00,13.770000457763672,13.779999732971191,13.770000457763672,13.770000457763672,21878
2026-09-01 14:20:00-04:00,13.765000343322754,13.776900291442871,13.765000343322754,13.770999908447266,77074
2026-09-01 14:21:00-04:00,13.76990032196045,13.770000457763672,13.760000228881836,13.770000457763672,52703
2026-09-01 14:22:00-04:00,13.770000457763672,13.770000457763672,13.761899948120117,13.768400192260742,35803
2026-09-01 14:23:00-04:00,13.770000457763672,13.770000457763672,13.760000228881836,13.765000343322754,16166
2026-09-01 14:24:00-04:00,13.760000228881836,13.770000457763672,13.760000228881836,13.765000343322754,47801
2026-09-01 14:25:00-04:00,13.765000343322754,13.770000457763672,13.760000228881836,13.765000343322754,38632
2026-09-01 14:26:00-04:00,13.765000343322754,13.770000457763672,13.760000228881836,13.765000343322754,25925
2026-09-01 14:27:00-04:00,13.765000343322754,13.770000457763672,13.760000228881836,13.765000343322754,24207
2026-09-01 14:28:00-04:00,13.758500099182129,13.770000457763672,13.75,13.765000343322754,84112
2026-09-01 14:29:00-04:00,13.765600204467773,13.770000457763672,13.755000114440918,13.755000114440918,50191
2026-09-01 14:30:00-04:00,13.765000343322754,13.770000457763672,13.760100364685059,13.765000343322754,28614
2026-09-01 14:31:00-04:00,13.76990032196045,13.770000457763672,13.760000228881836,13.765999794006348,66298
2026-09-01 14:32:00-04:00,13.765000343322754,13.770000457763672,13.760100364685059,13.765000343322754,17276
2026-09-01 14:33:00-04:00,13.765000343322754,13.770000457763672,13.760000228881836,13.765000343322754,26178
2026-09-01 14:34:00-04:00,13.765000343322754,13.770000457763672,13.760000228881836,13.765000343322754,57167
2026-09-01 14:35:00-04:00,13.766200065612793,13.770000457763672,13.760000228881836,13.765000343322754,59985
2026-09-01 14:36:00-04:00,13.760000228881836,13.770000457763672,13.75,13.765000343322754,220083
2026-09-01 14:37:00-04:00,13.758700370788574,13.760000228881836,13.75,13.759900093078613,57296
2026-09-01 14:38:00-04:00,13.770000457763672,13.770000457763672,13.75,13.755000114440918,165632
2026-09-01 14:39:00-04:00,13.760000228881836,13.770000457763672,13.760000228881836,13.770000457763672,75745
2026-09-01 14:40:00-04:00,13.765000343322754,13.770000457763672,13.760000228881836,13.76099967956543,27718
2026-09-01 14:41:00-04:00,13.755000114440918,13.770000457763672,13.75,13.765000343322754,85132
2026-09-01 14:42:00-04:00,13.760000228881836,13.760000228881836,13.75,13.755000114440918,53913
2026-09-01 14:43:00-04:00,13.755000114440918,13.760000228881836,13.75,13.755000114440918,46756
2026-09-01 14:44:00-04:00,13.75100040435791,13.760000228881836,13.75,13.755000114440918,155874
2026-09-01 14:45:00-04:00,13.75,13.760000228881836,13.740099906921387,13.755000114440918,254164
2026-09-01 14:46:00-04:00,13.744999885559082,13.75,13.739999771118164,13.746000289916992,46015
2026-09-01 14:47:00-04:00,13.760000228881836,13.760000228881836,13.744999885559082,13.744999885559082,72568
2026-09-01 14:48:00-04:00,13.760000228881836,13.760000228881836,13.75,13.755000114440918,40198
2026-09-01 14:49:00-04:00,13.774999618530273,13.779999732971191,13.755000114440918,13.755000114440918,121446
2026-09-01 14:50:00-04:00,13.774999618530273,13.779999732971191,13.774200439453125,13.774200439453125,37958
2026-09-01 14:51:00-04:00,13.774999618530273,13.779999732971191,13.774999618530273,13.774999618530273,80265
2026-09-01 14:52:00-04:00,13.774999618530273,13.779999732971191,13.770000457763672,13.774999618530273,52144
2026-09-01 14:53:00-04:00,13.8149995803833,13.819999694824219,13.770000457763672,13.770000457763672,492676
2026-09-01 14:54:00-04:00,13.800000190734863,13.819999694824219,13.783499717712402,13.8149995803833,387954
2026-09-01 14:55:00-04:00,13.819999694824219,13.829999923706055,13.789999961853027,13.795000076293945,487496
2026-09-01 14:56:00-04:00,13.835000038146973,13.84000015258789,13.813599586486816,13.824999809265137,340072
2026-09-01 14:57:00-04:00,13.845000267028809,13.845000267028809,13.829999923706055,13.829999923706055,71398
2026-09-01 14:58:00-04:00,13.850000381469727,13.850000381469727,13.840100288391113,13.840100288391113,65729
2026-09-01 14:59:00-04:00,13.859999656677246,13.859999656677246,13.84000015258789,13.850000381469727,148646
2026-09-01 15:00:00-04:00,13.854999542236328,13.859999656677246,13.850099563598633,13.854999542236328,35782
2026-09-01 15:01:00-04:00,13.859999656677246,13.859999656677246,13.850000381469727,13.854999542236328,91946
2026-09-01 15:02:00-04:00,13.845000267028809,13.859999656677246,13.842399597167969,13.854999542236328,115488
2026-09-01 15:03:00-04:00,13.846217155456543,13.850000381469727,13.84000015258789,13.845000267028809,81871
2026-09-01 15:04:00-04:00,13.859999656677246,13.859999656677246,13.84000015258789,13.850000381469727,115783
2026-09-01 15:05:00-04:00,13.859999656677246,13.859999656677246,13.850000381469727,13.859999656677246,101867
2026-09-01 15:06:00-04:00,13.84000015258789,13.859999656677246,13.84000015258789,13.859999656677246,61768
2026-09-01 15:07:00-04:00,13.835000038146973,13.850000381469727,13.829999923706055,13.841899871826172,96870
2026-09-01 15:08:00-04:00,13.8149995803833,13.84000015258789,13.8100004196167,13.835000038146973,336561
2026-09-01 15:09:00-04:00,13.819999694824219,13.819999694824219,13.8100004196167,13.8149995803833,22404
2026-09-01 15:10:00-04:00,13.805000305175781,13.819999694824219,13.800000190734863,13.819999694824219,78366
2026-09-01 15:11:00-04:00,13.818499565124512,13.819999694824219,13.805000305175781,13.805000305175781,288891
2026-09-01 15:12:00-04:00,13.8149995803833,13.819999694824219,13.8100004196167,13.819999694824219,90096
2026-09-01 15:13:00-04:00,13.800000190734863,13.8149995803833,13.800000190734863,13.8100004196167,72353
2026-09-01 15:14:00-04:00,13.800000190734863,13.8100004196167,13.800000190734863,13.805000305175781,49399
2026-09-01 15:15:00-04:00,13.8149995803833,13.819999694824219,13.800000190734863,13.800000190734863,134582
2026-09-01 15:16:00-04:00,13.8100004196167,13.819999694824219,13.800100326538086,13.8149995803833,62105
2026-09-01 15:17:00-04:00,13.789999961853027,13.8100004196167,13.789999961853027,13.8100004196167,74852
2026-09-01 15:18:00-04:00,13.791000366210938,13.800000190734863,13.789999961853027,13.795000076293945,47983
2026-09-01 15:19:00-04:00,13.789999961853027,13.800000190734863,13.789999961853027,13.795000076293945,19894
2026-09-01 15:20:00-04:00,13.789999961853027,13.800000190734863,13.789999961853027,13.789999961853027,28985
2026-09-01 15:21:00-04:00,13.789999961853027,13.800000190734863,13.789999961853027,13.800000190734863,35116
2026-09-01 15:22:00-04:00,13.795000076293945,13.800000190734863,13.78499984741211,13.800000190734863,113560
2026-09-01 15:23:00-04:00,13.800000190734863,13.800000190734863,13.789999961853027,13.800000190734863,114356
2026-09-01 15:24:00-04:00,13.789999961853027,13.800000190734863,13.789999961853027,13.795000076293945,32661
2026-09-01 15:25:00-04:00,13.78499984741211,13.800000190734863,13.78499984741211,13.795000076293945,40241
2026-09-01 15:26:00-04:00,13.78499984741211,13.789999961853027,13.779999732971191,13.789999961853027,20122
2026-09-01 15:27:00-04:00,13.78499984741211,13.789999961853027,13.779999732971191,13.779999732971191,20929
2026-09-01 15:28:00-04:00,13.78499984741211,13.789999961853027,13.779999732971191,13.78499984741211,35465
2026-09-01 15:29:00-04:00,13.78499984741211,13.789999961853027,13.779999732971191,13.779999732971191,27218
2026-09-01 15:30:00-04:00,13.779999732971191,13.800000190734863,13.770000457763672,13.78499984741211,270296
2026-09-01 15:31:00-04:00,13.779999732971191,13.779999732971191,13.770000457763672,13.779999732971191,76385
2026-09-01 15:32:00-04:00,13.770000457763672,13.779999732971191,13.770000457763672,13.770600318908691,20672
2026-09-01 15:33:00-04:00,13.774999618530273,13.779999732971191,13.770000457763672,13.779999732971191,42692
2026-09-01 15:34:00-04:00,13.770000457763672,13.779999732971191,13.770000457763672,13.774999618530273,115564
2026-09-01 15:35:00-04:00,13.760000228881836,13.779999732971191,13.755000114440918,13.774100303649902,277958
2026-09-01 15:36:00-04:00,13.760000228881836,13.760000228881836,13.75,13.760000228881836,113935
2026-09-01 15:37:00-04:00,13.755000114440918,13.760000228881836,13.75,13.755000114440918,56863
2026-09-01 15:38:00-04:00,13.744999885559082,13.760000228881836,13.739999771118164,13.75,94668
2026-09-01 15:39:00-04:00,13.744999885559082,13.75,13.739999771118164,13.75,71703
2026-09-01 15:40:00-04:00,13.744999885559082,13.75,13.729999542236328,13.739999771118164,239175
2026-09-01 15:41:00-04:00,13.755000114440918,13.760000228881836,13.739999771118164,13.744999885559082,120302
2026-09-01 15:42:00-04:00,13.744999885559082,13.760000228881836,13.739999771118164,13.755000114440918,87930
2026-09-01 15:43:00-04:00,13.744999885559082,13.75,13.729999542236328,13.744999885559082,188566
2026-09-01 15:44:00-04:00,13.744999885559082,13.75,13.739999771118164,13.75,71131
2026-09-01 15:45:00-04:00,13.755000114440918,13.760000228881836,13.739999771118164,13.739999771118164,118297
2026-09-01 15:46:00-04:00,13.774999618530273,13.779999732971191,13.75,13.755000114440918,296108
2026-09-01 15:47:00-04:00,13.78499984741211,13.789999961853027,13.770000457763672,13.770000457763672,111959
2026-09-01 15:48:00-04:00,13.78499984741211,13.789999961853027,13.779999732971191,13.78499984741211,61217
2026-09-01 15:49:00-04:00,13.805000305175781,13.8100004196167,13.779999732971191,13.779999732971191,281573
2026-09-01 15:50:00-04:00,13.824999809265137,13.829999923706055,13.800000190734863,13.8100004196167,314137
2026-09-01 15:51:00-04:00,13.829999923706055,13.835000038146973,13.819999694824219,13.824999809265137,167958
2026-09-01 15:52:00-04:00,13.819999694824219,13.829999923706055,13.810099601745605,13.824999809265137,223991
2026-09-01 15:53:00-04:00,13.819999694824219,13.819999694824219,13.8100004196167,13.8100004196167,95886
2026-09-01 15:54:00-04:00,13.819999694824219,13.824999809265137,13.8100004196167,13.817999839782715,146864
2026-09-01 15:55:00-04:00,13.800000190734863,13.819999694824219,13.800000190734863,13.819999694824219,233944
2026-09-01 15:56:00-04:00,13.8100004196167,13.8100004196167,13.800000190734863,13.805000305175781,114969
2026-09-01 15:57:00-04:00,13.805000305175781,13.819999694824219,13.800000190734863,13.800000190734863,376009
2026-09-01 15:58:00-04:00,13.824999809265137,13.829999923706055,13.800000190734863,13.805000305175781,386469
2026-09-01 15:59:00-04:00,13.829999923706055,13.829999923706055,13.819999694824219,13.829999923706055,678081
2026-09-02 09:30:00-04:00,13.890000343322754,13.890000343322754,13.859999656677246,13.880000114440918,446112
2026-09-02 09:31:00-04:00,13.994999885559082,14.0,13.890000343322754,13.890000343322754,903995
2026-09-02 09:32:00-04:00,14.085000038146973,14.09000015258789,13.989999771118164,13.994999885559082,885348
2026-09-02 09:33:00-04:00,14.139900207519531,14.149999618530273,14.074999809265137,14.080100059509277,938136
2026-09-02 09:34:00-04:00,14.182900428771973,14.199999809265137,14.120100021362305,14.130000114440918,761538
2026-09-02 09:35:00-04:00,14.145000457763672,14.1899995803833,14.135000228881836,14.1850004196167,1426646
2026-09-02 09:36:00-04:00,14.135000228881836,14.1899995803833,14.135000228881836,14.145000457763672,360764
2026-09-02 09:37:00-04:00,14.109999656677246,14.149999618530273,14.095000267028809,14.135000228881836,504275
2026-09-02 09:38:00-04:00,14.060099601745605,14.125,14.060099601745605,14.114999771118164,225235
2026-09-02 09:39:00-04:00,14.057999610900879,14.079999923706055,14.045000076293945,14.0649995803833,234963
2026-09-02 09:40:00-04:00,14.015000343322754,14.079999923706055,14.010000228881836,14.057390213012695,192541
2026-09-02 09:41:00-04:00,14.005000114440918,14.024999618530273,13.979999542236328,14.015000343322754,187311
2026-09-02 09:42:00-04:00,13.944999694824219,14.009900093078613,13.9399995803833,14.005000114440918,220733
2026-09-02 09:43:00-04:00,13.920000076293945,13.960000038146973,13.920000076293945,13.9399995803833,241501
2026-09-02 09:44:00-04:00,13.930000305175781,13.930000305175781,13.90999984741211,13.925000190734863,143439
2026-09-02 09:45:00-04:00,13.890000343322754,13.9399995803833,13.880000114440918,13.930000305175781,389218
2026-09-02 09:46:00-04:00,13.895000457763672,13.899900436401367,13.850000381469727,13.880000114440918,387573
2026-09-02 09:47:00-04:00,13.904999732971191,13.90999984741211,13.885000228881836,13.890000343322754,86225
2026-09-02 09:48:00-04:00,13.904999732971191,13.930000305175781,13.904999732971191,13.904999732971191,78001
2026-09-02 09:49:00-04:00,13.899999618530273,13.919899940490723,13.899999618530273,13.904999732971191,52646
2026-09-02 09:50:00-04:00,13.930000305175781,13.930000305175781,13.899999618530273,13.904999732971191,51085
2026-09-02 09:51:00-04:00,13.925000190734863,13.9399995803833,13.90999984741211,13.924099922180176,391423
2026-09-02 09:52:00-04:00,13.9399995803833,13.9399995803833,13.925000190734863,13.929900169372559,33990
2026-09-02 09:53:00-04:00,13.959500312805176,13.960000038146973,13.930000305175781,13.9350004196167,122817
2026-09-02 09:54:00-04:00,13.949899673461914,13.960000038146973,13.9399995803833,13.949999809265137,50252
2026-09-02 09:55:00-04:00,13.960000038146973,13.970000267028809,13.9399995803833,13.9399995803833,72725
2026-09-02 09:56:00-04:00,13.979999542236328,13.979999542236328,13.960000038146973,13.960000038146973,54049
2026-09-02 09:57:00-04:00,14.0,14.0,13.975000381469727,13.975000381469727,73768
2026-09-02 09:58:00-04:00,13.989999771118164,14.0,13.989999771118164,13.994999885559082,63776
2026-09-02 09:59:00-04:00,13.970000267028809,14.0,13.970000267028809,14.0,89619
2026-09-02 10:00:00-04:00,13.96500015258789,13.970000267028809,13.949999809265137,13.970000267028809,64790
2026-09-02 10:01:00-04:00,13.97719955444336,13.994999885559082,13.970000267028809,13.970000267028809,112747
2026-09-02 10:02:00-04:00,13.970000267028809,13.979999542236328,13.960000038146973,13.979999542236328,51046
2026-09-02 10:03:00-04:00,13.96500015258789,13.970000267028809,13.960000038146973,13.960000038146973,27261
2026-09-02 10:04:00-04:00,13.979999542236328,13.984999656677246,13.960000038146973,13.965999603271484,40984
2026-09-02 10:05:00-04:00,13.994999885559082,14.010000228881836,13.984999656677246,13.984999656677246,160334
2026-09-02 10:06:00-04:00,14.029999732971191,14.029999732971191,14.0,14.0,116517
2026-09-02 10:07:00-04:00,14.029999732971191,14.039899826049805,14.020000457763672,14.024999618530273,80921
2026-09-02 10:08:00-04:00,14.039999961853027,14.039999961853027,14.020000457763672,14.029999732971191,98169
2026-09-02 10:09:00-04:00,14.024999618530273,14.039999961853027,14.020000457763672,14.039999961853027,67499
2026-09-02 10:10:00-04:00,14.030099868774414,14.045000076293945,14.020000457763672,14.020000457763672,393049
2026-09-02 10:11:00-04:00,14.024999618530273,14.039999961853027,14.020000457763672,14.03499984741211,104204
2026-09-02 10:12:00-04:00,14.039999961853027,14.039999961853027,14.020000457763672,14.029999732971191,88101
2026-09-02 10:13:00-04:00,14.029999732971191,14.039999961853027,14.029999732971191,14.038900375366211,59036
2026-09-02 10:14:00-04:00,14.020000457763672,14.03499984741211,14.015000343322754,14.03499984741211,112699
2026-09-02 10:15:00-04:00,14.015000343322754,14.024999618530273,14.0,14.020000457763672,75878
2026-09-02 10:16:00-04:00,14.015000343322754,14.015000343322754,14.0,14.010100364685059,42439
2026-09-02 10:17:00-04:00,14.005000114440918,14.015000343322754,14.0,14.015000343322754,49556
2026-09-02 10:18:00-04:00,14.009900093078613,14.020000457763672,14.0,14.008899688720703,136353
2026-09-02 10:19:00-04:00,14.005000114440918,14.03499984741211,14.0,14.005000114440918,177396
2026-09-02 10:20:00-04:00,14.0,14.010000228881836,14.0,14.009900093078613,62874
2026-09-02 10:21:00-04:00,14.015000343322754,14.020000457763672,14.008700370788574,14.008700370788574,65014
2026-09-02 10:22:00-04:00,13.984999656677246,14.020000457763672,13.979999542236328,14.015000343322754,145439
2026-09-02 10:23:00-04:00,13.960100173950195,13.984999656677246,13.960000038146973,13.979999542236328,67730
2026-09-02 10:24:00-04:00,13.944999694824219,13.969900131225586,13.944999694824219,13.96720027923584,161847
2026-09-02 10:25:00-04:00,13.96500015258789,13.96500015258789,13.9399995803833,13.949999809265137,72796
2026-09-02 10:26:00-04:00,13.979999542236328,13.989999771118164,13.960000038146973,13.96500015258789,78696
2026-09-02 10:27:00-04:00,13.960000038146973,13.989399909973145,13.960000038146973,13.989399909973145,52404
2026-09-02 10:28:00-04:00,13.975000381469727,13.979900360107422,13.960000038146973,13.96500015258789,69140
2026-09-02 10:29:00-04:00,13.949999809265137,13.975000381469727,13.949999809265137,13.975000381469727,65696
2026-09-02 10:30:00-04:00,13.969900131225586,13.979999542236328,13.954999923706055,13.960000038146973,86897
2026-09-02 10:31:00-04:00,13.970000267028809,13.970000267028809,13.949999809265137,13.960000038146973,93643
2026-09-02 10:32:00-04:00,13.970000267028809,13.979999542236328,13.949999809265137,13.970000267028809,119025
2026-09-02 10:33:00-04:00,13.96500015258789,13.975000381469727,13.960000038146973,13.970000267028809,72703
2026-09-02 10:34:00-04:00,13.975000381469727,13.979999542236328,13.960000038146973,13.96500015258789,101443
2026-09-02 10:35:00-04:00,13.960000038146973,13.979999542236328,13.960000038146973,13.979499816894531,69857
2026-09-02 10:36:00-04:00,13.968400001525879,13.970000267028809,13.960000038146973,13.96500015258789,40694
2026-09-02 10:37:00-04:00,13.970000267028809,13.970000267028809,13.960000038146973,13.96500015258789,35204
2026-09-02 10:38:00-04:00,13.969900131225586,13.970000267028809,13.960000038146973,13.970000267028809,44856
2026-09-02 10:39:00-04:00,13.975000381469727,13.979999542236328,13.960000038146973,13.969900131225586,90493
2026-09-02 10:40:00-04:00,13.984999656677246,14.0,13.970000267028809,13.979999542236328,154481
2026-09-02 10:41:00-04:00,13.979999542236328,13.989999771118164,13.979999542236328,13.98009967803955,91502
2026-09-02 10:42:00-04:00,14.005000114440918,14.010000228881836,13.979999542236328,13.984999656677246,143801
2026-09-02 10:43:00-04:00,14.039999961853027,14.039999961853027,14.005000114440918,14.010000228881836,78040
2026-09-02 10:44:00-04:00,14.0600004196167,14.0600004196167,14.020000457763672,14.029999732971191,338023
2026-09-02 10:45:00-04:00,14.050000190734863,14.0600004196167,14.039999961853027,14.059800148010254,115090
2026-09-02 10:46:00-04:00,14.055000305175781,14.0600004196167,14.045000076293945,14.050000190734863,125497
2026-09-02 10:47:00-04:00,14.03499984741211,14.050000190734863,14.029999732971191,14.050000190734863,182635
2026-09-02 10:48:00-04:00,14.029999732971191,14.050000190734863,14.029999732971191,14.03499984741211,73683
2026-09-02 10:49:00-04:00,14.03600025177002,14.039999961853027,14.029999732971191,14.03499984741211,54706
2026-09-02 10:50:00-04:00,14.055000305175781,14.0600004196167,14.039999961853027,14.039999961853027,131020
2026-09-02 10:51:00-04:00,14.055000305175781,14.069999694824219,14.050000190734863,14.055000305175781,163811
2026-09-02 10:52:00-04:00,14.03499984741211,14.0600004196167,14.03499984741211,14.051400184631348,85453
2026-09-02 10:53:00-04:00,14.027600288391113,14.039999961853027,14.020000457763672,14.03499984741211,62076
2026-09-02 10:54:00-04:00,14.015000343322754,14.024999618530273,14.005000114440918,14.024999618530273,122532
2026-09-02 10:55:00-04:00,14.010000228881836,14.029999732971191,14.0,14.010000228881836,85171
2026-09-02 10:56:00-04:00,14.0,14.010000228881836,13.989999771118164,14.005000114440918,81715
2026-09-02 10:57:00-04:00,13.994999885559082,14.010000228881836,13.994999885559082,14.0,69860
2026-09-02 10:58:00-04:00,13.994999885559082,14.0,13.979999542236328,13.994999885559082,100078
2026-09-02 10:59:00-04:00,13.979999542236328,13.994999885559082,13.979999542236328,13.994999885559082,94577
2026-09-02 11:00:00-04:00,13.970000267028809,13.984999656677246,13.970000267028809,13.984999656677246,81097
2026-09-02 11:01:00-04:00,13.989999771118164,13.989999771118164,13.970000267028809,13.975000381469727,58800
2026-09-02 11:02:00-04:00,13.960000038146973,13.989999771118164,13.954999923706055,13.984999656677246,164103
2026-09-02 11:03:00-04:00,13.975000381469727,13.976300239562988,13.944999694824219,13.954999923706055,270989
2026-09-02 11:04:00-04:00,13.960000038146973,13.975000381469727,13.949999809265137,13.975000381469727,80049
2026-09-02 11:05:00-04:00,13.960000038146973,13.960000038146973,13.949999809265137,13.960000038146973,53556
2026-09-02 11:06:00-04:00,13.954999923706055,13.960000038146973,13.949999809265137,13.949999809265137,35142
2026-09-02 11:07:00-04:00,13.96500015258789,13.970000267028809,13.954999923706055,13.954999923706055,45199
2026-09-02 11:08:00-04:00,13.954999923706055,13.965100288391113,13.949999809265137,13.960000038146973,54786
2026-09-02 11:09:00-04:00,13.968999862670898,13.968999862670898,13.949999809265137,13.954999923706055,61729
2026-09-02 11:10:00-04:00,13.963800430297852,13.970000267028809,13.960000038146973,13.970000267028809,67752
2026-09-02 11:11:00-04:00,13.96500015258789,13.970000267028809,13.960000038146973,13.96500015258789,96536
2026-09-02 11:12:00-04:00,13.954999923706055,13.965100288391113,13.949999809265137,13.96500015258789,124632
2026-09-02 11:13:00-04:00,13.930000305175781,13.960000038146973,13.930000305175781,13.95989990234375,129578
2026-09-02 11:14:00-04:00,13.9350004196167,13.9399995803833,13.930000305175781,13.930000305175781,55117
2026-09-02 11:15:00-04:00,13.9350004196167,13.944999694824219,13.930000305175781,13.9399995803833,143479
2026-09-02 11:16:00-04:00,13.930000305175781,13.9399995803833,13.930000305175781,13.9350004196167,38502
2026-09-02 11:17:00-04:00,13.930000305175781,13.9399995803833,13.930000305175781,13.9350004196167,27188
2026-09-02 11:18:00-04:00,13.9350004196167,13.9399995803833,13.930000305175781,13.933099746704102,45232
2026-09-02 11:19:00-04:00,13.930000305175781,13.949999809265137,13.930000305175781,13.9399995803833,66166
2026-09-02 11:20:00-04:00,13.920000076293945,13.9350004196167,13.920000076293945,13.9350004196167,53161
2026-09-02 11:21:00-04:00,13.920000076293945,13.930000305175781,13.920000076293945,13.925000190734863,67739
2026-09-02 11:22:00-04:00,13.918000221252441,13.930000305175781,13.904999732971191,13.920000076293945,139229
2026-09-02 11:23:00-04:00,13.90999984741211,13.920000076293945,13.899999618530273,13.914999961853027,43069
2026-09-02 11:24:00-04:00,13.90999984741211,13.920000076293945,13.90999984741211,13.914999961853027,50172
2026-09-02 11:25:00-04:00,13.864999771118164,13.914999961853027,13.859999656677246,13.914999961853027,544088
2026-09-02 11:26:00-04:00,13.850000381469727,13.869999885559082,13.84000015258789,13.859999656677246,712810
2026-09-02 11:27:00-04:00,13.84000015258789,13.850000381469727,13.835000038146973,13.847299575805664,165959
2026-09-02 11:28:00-04:00,13.850000381469727,13.859999656677246,13.84000015258789,13.845000267028809,76274
2026-09-02 11:29:00-04:00,13.850000381469727,13.859999656677246,13.830100059509277,13.850000381469727,228257
2026-09-02 11:30:00-04:00,13.845000267028809,13.850000381469727,13.84000015258789,13.849900245666504,55776
2026-09-02 11:31:00-04:00,13.854999542236328,13.859999656677246,13.845000267028809,13.845000267028809,84842
2026-09-02 11:32:00-04:00,13.866700172424316,13.869999885559082,13.850000381469727,13.854999542236328,132614
2026-09-02 11:33:00-04:00,13.854999542236328,13.864999771118164,13.850000381469727,13.864999771118164,44687
2026-09-02 11:34:00-04:00,13.84000015258789,13.864999771118164,13.84000015258789,13.850000381469727,182262
2026-09-02 11:35:00-04:00,13.850000381469727,13.850000381469727,13.84000015258789,13.850000381469727,35154
2026-09-02 11:36:00-04:00,13.845000267028809,13.850000381469727,13.84000015258789,13.84000015258789,88357
2026-09-02 11:37:00-04:00,13.854999542236328,13.859999656677246,13.84000015258789,13.84000015258789,58354
2026-09-02 11:38:00-04:00,13.850099563598633,13.859999656677246,13.850000381469727,13.850000381469727,39272
2026-09-02 11:39:00-04:00,13.84000015258789,13.859999656677246,13.835000038146973,13.854999542236328,123964
2026-09-02 11:40:00-04:00,13.850000381469727,13.859999656677246,13.829999923706055,13.835000038146973,70592
2026-09-02 11:41:00-04:00,13.84119987487793,13.850000381469727,13.84000015258789,13.850000381469727,72103
2026-09-02 11:42:00-04:00,13.848799705505371,13.850000381469727,13.84000015258789,13.84000015258789,42302
2026-09-02 11:43:00-04:00,13.853799819946289,13.859999656677246,13.84000015258789,13.850000381469727,160280
2026-09-02 11:44:00-04:00,13.845000267028809,13.859999656677246,13.84000015258789,13.850000381469727,98463
2026-09-02 11:45:00-04:00,13.84000015258789,13.850000381469727,13.84000015258789,13.84000015258789,31629
2026-09-02 11:46:00-04:00,13.835000038146973,13.845000267028809,13.829999923706055,13.845000267028809,159456
2026-09-02 11:47:00-04:00,13.829999923706055,13.84000015258789,13.829999923706055,13.84000015258789,33319
2026-09-02 11:48:00-04:00,13.829999923706055,13.84000015258789,13.829999923706055,13.829999923706055,47987
2026-09-02 11:49:00-04:00,13.829999923706055,13.84000015258789,13.829999923706055,13.84000015258789,26457
2026-09-02 11:50:00-04:00,13.850000381469727,13.850000381469727,13.829999923706055,13.829999923706055,46253
2026-09-02 11:51:00-04:00,13.854999542236328,13.859999656677246,13.84000015258789,13.850000381469727,127930
2026-09-02 11:52:00-04:00,13.864999771118164,13.869999885559082,13.850000381469727,13.854999542236328,137453
2026-09-02 11:53:00-04:00,13.854999542236328,13.864999771118164,13.850000381469727,13.864999771118164,222103
2026-09-02 11:54:00-04:00,13.861499786376953,13.869999885559082,13.854999542236328,13.859999656677246,91654
2026-09-02 11:55:00-04:00,13.850000381469727,13.869999885559082,13.850000381469727,13.864999771118164,63074
2026-09-02 11:56:00-04:00,13.854999542236328,13.859999656677246,13.850000381469727,13.850000381469727,27297
2026-09-02 11:57:00-04:00,13.859999656677246,13.859999656677246,13.850000381469727,13.859999656677246,35561
2026-09-02 11:58:00-04:00,13.84000015258789,13.859999656677246,13.84000015258789,13.854999542236328,88512
2026-09-02 11:59:00-04:00,13.835000038146973,13.850000381469727,13.829999923706055,13.850000381469727,80264
2026-09-02 12:00:00-04:00,13.8149995803833,13.84000015258789,13.800000190734863,13.835000038146973,586341
2026-09-02 12:01:00-04:00,13.795000076293945,13.819999694824219,13.789999961853027,13.8149995803833,426198
2026-09-02 12:02:00-04:00,13.789999961853027,13.8100004196167,13.78499984741211,13.799300193786621,188276
2026-09-02 12:03:00-04:00,13.807100296020508,13.8100004196167,13.779999732971191,13.789799690246582,65926
2026-09-02 12:04:00-04:00,13.8100004196167,13.8100004196167,13.800000190734863,13.800000190734863,33935
2026-09-02 12:05:00-04:00,13.800000190734863,13.8100004196167,13.800000190734863,13.805000305175781,59465
2026-09-02 12:06:00-04:00,13.8193998336792,13.8193998336792,13.800000190734863,13.805000305175781,150533
2026-09-02 12:07:00-04:00,13.805000305175781,13.819999694824219,13.800000190734863,13.8100004196167,123487
2026-09-02 12:08:00-04:00,13.795000076293945,13.8100004196167,13.789999961853027,13.80150032043457,71119
2026-09-02 12:09:00-04:00,13.795000076293945,13.800000190734863,13.789999961853027,13.795000076293945,56492
2026-09-02 12:10:00-04:00,13.779999732971191,13.795000076293945,13.770000457763672,13.789999961853027,224987
2026-09-02 12:11:00-04:00,13.78499984741211,13.789999961853027,13.770000457763672,13.779999732971191,132530
2026-09-02 12:12:00-04:00,13.78499984741211,13.789999961853027,13.779999732971191,13.779999732971191,65307
2026-09-02 12:13:00-04:00,13.779999732971191,13.789999961853027,13.779999732971191,13.78499984741211,45246
2026-09-02 12:14:00-04:00,13.800000190734863,13.800000190734863,13.779999732971191,13.78499984741211,78006
2026-09-02 12:15:00-04:00,13.795000076293945,13.800000190734863,13.789999961853027,13.795000076293945,45392
2026-09-02 12:16:00-04:00,13.795000076293945,13.800000190734863,13.789999961853027,13.798800468444824,36165
2026-09-02 12:17:00-04:00,13.805000305175781,13.805000305175781,13.789999961853027,13.795000076293945,71607
2026-09-02 12:18:00-04:00,13.824999809265137,13.829999923706055,13.800000190734863,13.809399604797363,139151
2026-09-02 12:19:00-04:00,13.824999809265137,13.829999923706055,13.819999694824219,13.824999809265137,69379
2026-09-02 12:20:00-04:00,13.829999923706055,13.829999923706055,13.824999809265137,13.824999809265137,52104
2026-09-02 12:21:00-04:00,13.824999809265137,13.829999923706055,13.819999694824219,13.829999923706055,36873
2026-09-02 12:22:00-04:00,13.824999809265137,13.829999923706055,13.819999694824219,13.824999809265137,78642
2026-09-02 12:23:00-04:00,13.824999809265137,13.829999923706055,13.819999694824219,13.819999694824219,112163
2026-09-02 12:24:00-04:00,13.827500343322754,13.829999923706055,13.819999694824219,13.829999923706055,45153
2026-09-02 12:25:00-04:00,13.829999923706055,13.829999923706055,13.819999694824219,13.824999809265137,36826
2026-09-02 12:26:00-04:00,13.829999923706055,13.829999923706055,13.819999694824219,13.824999809265137,20831
2026-09-02 12:27:00-04:00,13.829999923706055,13.829999923706055,13.819999694824219,13.829999923706055,29560
2026-09-02 12:28:00-04:00,13.829999923706055,13.829999923706055,13.821700096130371,13.829999923706055,28246
2026-09-02 12:29:00-04:00,13.826600074768066,13.829999923706055,13.819999694824219,13.829999923706055,46032
2026-09-02 12:30:00-04:00,13.825300216674805,13.829999923706055,13.819999694824219,13.824999809265137,35567
2026-09-02 12:31:00-04:00,13.824999809265137,13.829999923706055,13.819999694824219,13.824999809265137,21649
2026-09-02 12:32:00-04:00,13.829999923706055,13.829999923706055,13.819999694824219,13.824999809265137,21348
2026-09-02 12:33:00-04:00,13.823599815368652,13.829999923706055,13.819999694824219,13.819999694824219,72399
2026-09-02 12:34:00-04:00,13.8100004196167,13.829999923706055,13.8100004196167,13.823599815368652,61596
2026-09-02 12:35:00-04:00,13.8100004196167,13.819999694824219,13.8100004196167,13.8100004196167,21257
2026-09-02 12:36:00-04:00,13.8149995803833,13.819999694824219,13.8100004196167,13.8100004196167,39107
2026-09-02 12:37:00-04:00,13.8100004196167,13.819999694824219,13.8100004196167,13.819999694824219,31105
2026-09-02 12:38:00-04:00,13.8149995803833,13.819999694824219,13.8100004196167,13.8149995803833,15570
2026-09-02 12:39:00-04:00,13.819999694824219,13.819999694824219,13.8100004196167,13.819999694824219,22642
2026-09-02 12:40:00-04:00,13.8149995803833,13.819999694824219,13.8100004196167,13.8100004196167,25087
2026-09-02 12:41:00-04:00,13.8149995803833,13.819999694824219,13.8100004196167,13.8149995803833,19175
2026-09-02 12:42:00-04:00,13.82919979095459,13.829999923706055,13.8100004196167,13.8149995803833,62936
2026-09-02 12:43:00-04:00,13.819999694824219,13.829999923706055,13.819999694824219,13.819999694824219,21798
2026-09-02 12:44:00-04:00,13.84000015258789,13.84000015258789,13.824999809265137,13.824999809265137,56595
2026-09-02 12:45:00-04:00,13.84000015258789,13.84000015258789,13.829999923706055,13.84000015258789,96643
2026-09-02 12:46:00-04:00,13.850000381469727,13.850000381469727,13.84000015258789,13.84000015258789,124644
2026-09-02 12:47:00-04:00,13.845000267028809,13.850000381469727,13.84000015258789,13.845000267028809,57359
2026-09-02 12:48:00-04:00,13.849900245666504,13.850000381469727,13.84000015258789,13.850000381469727,45021
2026-09-02 12:49:00-04:00,13.850000381469727,13.850000381469727,13.84000015258789,13.850000381469727,33510
2026-09-02 12:50:00-04:00,13.869999885559082,13.869999885559082,13.845000267028809,13.847999572753906,148401
2026-09-02 12:51:00-04:00,13.864999771118164,13.869999885559082,13.859999656677246,13.869999885559082,138803
2026-09-02 12:52:00-04:00,13.86460018157959,13.869999885559082,13.859999656677246,13.864999771118164,48282
2026-09-02 12:53:00-04:00,13.869999885559082,13.869999885559082,13.859999656677246,13.864999771118164,65744
2026-09-02 12:54:00-04:00,13.869999885559082,13.875,13.859999656677246,13.864999771118164,96815
2026-09-02 12:55:00-04:00,13.867600440979004,13.869999885559082,13.859999656677246,13.864999771118164,69550
2026-09-02 12:56:00-04:00,13.880000114440918,13.880000114440918,13.859999656677246,13.869999885559082,91241
2026-09-02 12:57:00-04:00,13.881500244140625,13.890000343322754,13.869999885559082,13.880000114440918,103922
2026-09-02 12:58:00-04:00,13.885000228881836,13.890000343322754,13.880000114440918,13.885000228881836,67951
2026-09-02 12:59:00-04:00,13.88010025024414,13.899999618530273,13.880000114440918,13.885000228881836,117824
2026-09-02 13:00:00-04:00,13.890000343322754,13.899999618530273,13.880000114440918,13.885000228881836,52040
2026-09-02 13:01:00-04:00,13.895000457763672,13.899999618530273,13.890000343322754,13.895000457763672,20781
2026-09-02 13:02:00-04:00,13.899999618530273,13.90999984741211,13.890000343322754,13.895000457763672,122349
2026-09-02 13:03:00-04:00,13.918800354003906,13.920000076293945,13.899999618530273,13.901900291442871,127001
2026-09-02 13:04:00-04:00,13.919899940490723,13.920000076293945,13.90999984741211,13.914999961853027,58620
2026-09-02 13:05:00-04:00,13.90999984741211,13.920000076293945,13.90999984741211,13.910099983215332,147590
2026-09-02 13:06:00-04:00,13.899999618530273,13.920000076293945,13.899999618530273,13.914999961853027,132446
2026-09-02 13:07:00-04:00,13.904999732971191,13.90999984741211,13.899999618530273,13.909899711608887,93077
2026-09-02 13:08:00-04:00,13.899999618530273,13.90999984741211,13.899999618530273,13.90999984741211,38668
2026-09-02 13:09:00-04:00,13.899999618530273,13.90999984741211,13.899999618530273,13.90999984741211,27844
2026-09-02 13:10:00-04:00,13.90999984741211,13.920000076293945,13.899999618530273,13.90999984741211,123794
2026-09-02 13:11:00-04:00,13.920000076293945,13.930000305175781,13.90999984741211,13.914999961853027,55674
2026-09-02 13:12:00-04:00,13.930000305175781,13.930000305175781,13.920000076293945,13.92199993133545,126828
2026-09-02 13:13:00-04:00,13.9350004196167,13.9350004196167,13.920000076293945,13.930000305175781,60517
2026-09-02 13:14:00-04:00,13.925000190734863,13.9399995803833,13.920000076293945,13.930100440979004,111400
2026-09-02 13:15:00-04:00,13.920100212097168,13.930000305175781,13.920000076293945,13.920100212097168,13252
2026-09-02 13:16:00-04:00,13.925000190734863,13.930000305175781,13.920000076293945,13.925000190734863,62367
2026-09-02 13:17:00-04:00,13.90999984741211,13.930000305175781,13.90999984741211,13.929900169372559,86009
2026-09-02 13:18:00-04:00,13.89009952545166,13.914999961853027,13.890000343322754,13.90999984741211,151920
2026-09-02 13:19:00-04:00,13.899999618530273,13.90999984741211,13.897700309753418,13.899900436401367,109447
2026-09-02 13:20:00-04:00,13.90999984741211,13.90999984741211,13.899999618530273,13.904999732971191,70092
2026-09-02 13:21:00-04:00,13.925000190734863,13.929200172424316,13.899999618530273,13.904999732971191,98115
2026-09-02 13:22:00-04:00,13.925000190734863,13.930000305175781,13.920000076293945,13.930000305175781,63859
2026-09-02 13:23:00-04:00,13.930000305175781,13.930000305175781,13.920000076293945,13.920000076293945,30120
2026-09-02 13:24:00-04:00,13.925000190734863,13.930000305175781,13.920000076293945,13.930000305175781,74223
2026-09-02 13:25:00-04:00,13.921899795532227,13.930000305175781,13.920000076293945,13.920000076293945,109120
2026-09-02 13:26:00-04:00,13.925000190734863,13.930000305175781,13.920000076293945,13.930000305175781,17747
2026-09-02 13:27:00-04:00,13.920000076293945,13.930000305175781,13.920000076293945,13.930000305175781,12354
2026-09-02 13:28:00-04:00,13.914999961853027,13.920000076293945,13.90999984741211,13.920000076293945,141871
2026-09-02 13:29:00-04:00,13.920000076293945,13.930000305175781,13.90999984741211,13.914999961853027,117972
2026-09-02 13:30:00-04:00,13.925000190734863,13.930000305175781,13.920000076293945,13.929499626159668,72874
2026-09-02 13:31:00-04:00,13.925000190734863,13.930000305175781,13.920000076293945,13.930000305175781,68074
2026-09-02 13:32:00-04:00,13.930000305175781,13.930000305175781,13.920000076293945,13.930000305175781,48617
2026-09-02 13:33:00-04:00,13.930000305175781,13.9399995803833,13.920000076293945,13.925000190734863,172622
2026-09-02 13:34:00-04:00,13.9399995803833,13.9399995803833,13.930000305175781,13.930000305175781,18332
2026-09-02 13:35:00-04:00,13.9350004196167,13.9399995803833,13.930000305175781,13.9350004196167,17409
2026-09-02 13:36:00-04:00,13.930000305175781,13.9399995803833,13.930000305175781,13.9350004196167,36944
2026-09-02 13:37:00-04:00,13.9350004196167,13.9399995803833,13.930000305175781,13.9350004196167,41089
2026-09-02 13:38:00-04:00,13.925000190734863,13.9350004196167,13.920000076293945,13.9350004196167,49384
2026-09-02 13:39:00-04:00,13.920000076293945,13.930000305175781,13.920000076293945,13.925000190734863,84659
2026-09-02 13:40:00-04:00,13.920000076293945,13.930000305175781,13.920000076293945,13.930000305175781,9565
2026-09-02 13:41:00-04:00,13.925000190734863,13.930000305175781,13.920000076293945,13.925000190734863,24422
2026-09-02 13:42:00-04:00,13.928600311279297,13.9399995803833,13.920000076293945,13.925000190734863,120917
2026-09-02 13:43:00-04:00,13.930000305175781,13.930000305175781,13.920000076293945,13.930000305175781,47661
2026-09-02 13:44:00-04:00,13.930000305175781,13.9399995803833,13.920000076293945,13.925000190734863,91127
2026-09-02 13:45:00-04:00,13.941900253295898,13.949999809265137,13.930000305175781,13.9399995803833,155632
2026-09-02 13:46:00-04:00,13.970000267028809,13.970000267028809,13.9399995803833,13.94159984588623,295018
2026-09-02 13:47:00-04:00,13.96500015258789,13.970000267028809,13.960000038146973,13.969900131225586,33726
2026-09-02 13:48:00-04:00,13.979999542236328,13.979999542236328,13.960000038146973,13.96500015258789,93567
2026-09-02 13:49:00-04:00,13.979999542236328,13.979999542236328,13.970000267028809,13.975000381469727,15439
2026-09-02 13:50:00-04:00,13.984999656677246,13.989999771118164,13.970000267028809,13.979999542236328,112566
2026-09-02 13:51:00-04:00,13.986700057983398,13.989999771118164,13.979999542236328,13.984999656677246,51748
2026-09-02 13:52:00-04:00,13.979999542236328,13.989999771118164,13.970000267028809,13.984999656677246,613312
2026-09-02 13:53:00-04:00,13.970000267028809,13.979999542236328,13.970000267028809,13.970499992370605,96643
2026-09-02 13:54:00-04:00,13.96500015258789,13.975000381469727,13.960000038146973,13.975000381469727,78511
2026-09-02 13:55:00-04:00,13.975000381469727,13.979999542236328,13.960000038146973,13.970000267028809,42802
2026-09-02 13:56:00-04:00,13.970000267028809,13.979999542236328,13.970000267028809,13.975000381469727,75056
2026-09-02 13:57:00-04:00,13.989999771118164,13.989999771118164,13.970000267028809,13.975000381469727,48946
2026-09-02 13:58:00-04:00,13.989999771118164,13.989999771118164,13.979999542236328,13.979999542236328,77506
2026-09-02 13:59:00-04:00,13.984999656677246,13.989999771118164,13.979999542236328,13.979999542236328,24592
2026-09-02 14:00:00-04:00,13.975000381469727,13.989999771118164,13.970000267028809,13.980199813842773,144028
2026-09-02 14:01:00-04:00,14.00790023803711,14.010000228881836,13.970000267028809,13.970000267028809,432861
2026-09-02 14:02:00-04:00,14.020000457763672,14.020000457763672,14.0,14.007499694824219,60524
2026-09-02 14:03:00-04:00,14.050000190734863,14.050000190734863,14.010000228881836,14.020000457763672,140522
2026-09-02 14:04:00-04:00,14.045000076293945,14.056500434875488,14.039999961853027,14.039999961853027,299543
2026-09-02 14:05:00-04:00,14.055000305175781,14.055700302124023,14.039999961853027,14.045000076293945,83571
2026-09-02 14:06:00-04:00,14.0600004196167,14.0600004196167,14.050000190734863,14.0600004196167,90105
2026-09-02 14:07:00-04:00,14.061400413513184,14.069999694824219,14.039999961853027,14.055000305175781,131022
2026-09-02 14:08:00-04:00,14.050000190734863,14.069999694824219,14.050000190734863,14.0649995803833,59512
2026-09-02 14:09:00-04:00,14.055000305175781,14.0600004196167,14.050000190734863,14.055000305175781,70642
2026-09-02 14:10:00-04:00,14.0600004196167,14.0600004196167,14.050000190734863,14.055000305175781,18196
2026-09-02 14:11:00-04:00,14.055000305175781,14.0600004196167,14.050000190734863,14.055000305175781,94889
2026-09-02 14:12:00-04:00,14.050000190734863,14.0600004196167,14.050000190734863,14.055000305175781,48372
2026-09-02 14:13:00-04:00,14.0649995803833,14.069999694824219,14.050000190734863,14.055000305175781,188431
2026-09-02 14:14:00-04:00,14.055000305175781,14.0649995803833,14.050000190734863,14.06029987335205,76537
2026-09-02 14:15:00-04:00,14.069999694824219,14.069999694824219,14.050000190734863,14.0600004196167,43918
2026-09-02 14:16:00-04:00,14.0649995803833,14.069999694824219,14.0600004196167,14.0649995803833,59071
2026-09-02 14:17:00-04:00,14.069999694824219,14.069999694824219,14.0600004196167,14.0649995803833,16348
2026-09-02 14:18:00-04:00,14.090100288391113,14.095000267028809,14.0600004196167,14.0649995803833,217669
2026-09-02 14:19:00-04:00,14.079999923706055,14.100000381469727,14.079999923706055,14.090100288391113,109295
2026-09-02 14:20:00-04:00,14.085000038146973,14.09000015258789,14.079999923706055,14.085000038146973,112339
2026-09-02 14:21:00-04:00,14.074999809265137,14.085000038146973,14.069999694824219,14.085000038146973,63672
2026-09-02 14:22:00-04:00,14.079899787902832,14.079999923706055,14.0600004196167,14.074999809265137,89190
2026-09-02 14:23:00-04:00,14.079999923706055,14.09000015258789,14.069999694824219,14.079999923706055,62358
2026-09-02 14:24:00-04:00,14.074999809265137,14.079999923706055,14.069999694824219,14.079999923706055,30058
2026-09-02 14:25:00-04:00,14.064800262451172,14.079999923706055,14.0600004196167,14.079999923706055,74671
2026-09-02 14:26:00-04:00,14.0600004196167,14.069999694824219,14.0600004196167,14.0649995803833,8736
2026-09-02 14:27:00-04:00,14.069000244140625,14.069899559020996,14.050000190734863,14.0600004196167,78048
2026-09-02 14:28:00-04:00,14.055000305175781,14.065099716186523,14.055000305175781,14.0600004196167,73310
2026-09-02 14:29:00-04:00,14.069999694824219,14.069999694824219,14.050000190734863,14.055000305175781,176695
2026-09-02 14:30:00-04:00,14.0649995803833,14.069999694824219,14.0600004196167,14.069999694824219,48895
2026-09-02 14:31:00-04:00,14.0600004196167,14.069999694824219,14.050000190734863,14.0649995803833,151684
2026-09-02 14:32:00-04:00,14.069899559020996,14.069999694824219,14.050000190734863,14.055000305175781,83497
2026-09-02 14:33:00-04:00,14.050100326538086,14.069999694824219,14.050000190734863,14.062999725341797,261869
2026-09-02 14:34:00-04:00,14.045000076293945,14.0600004196167,14.039999961853027,14.055000305175781,223101
2026-09-02 14:35:00-04:00,14.045000076293945,14.050000190734863,14.039999961853027,14.04010009765625,34085
2026-09-02 14:36:00-04:00,14.050000190734863,14.050000190734863,14.039999961853027,14.045000076293945,14003
2026-09-02 14:37:00-04:00,14.03499984741211,14.045100212097168,14.029999732971191,14.045000076293945,79403
2026-09-02 14:38:00-04:00,14.010100364685059,14.039999961853027,14.010000228881836,14.03499984741211,220062
2026-09-02 14:39:00-04:00,14.006999969482422,14.020000457763672,14.0,14.010000228881836,81567
2026-09-02 14:40:00-04:00,14.005000114440918,14.020000457763672,13.989999771118164,14.009900093078613,188825
2026-09-02 14:41:00-04:00,13.994999885559082,14.010000228881836,13.989999771118164,14.000100135803223,120523
2026-09-02 14:42:00-04:00,14.005000114440918,14.010000228881836,13.989999771118164,13.993800163269043,53331
2026-09-02 14:43:00-04:00,14.005000114440918,14.010000228881836,14.0,14.005000114440918,25017
2026-09-02 14:44:00-04:00,14.010000228881836,14.010000228881836,14.0,14.005000114440918,49295
2026-09-02 14:45:00-04:00,14.015000343322754,14.020000457763672,14.0,14.005000114440918,128399
2026-09-02 14:46:00-04:00,14.010000228881836,14.020000457763672,14.010000228881836,14.015000343322754,0
2026-09-02 14:47:00-04:00,14.005000114440918,14.016200065612793,14.0,14.016200065612793,132727
2026-09-02 14:48:00-04:00,14.005000114440918,14.010000228881836,14.0,14.008500099182129,30221
2026-09-02 14:49:00-04:00,14.0,14.010000228881836,14.0,14.005000114440918,26576
2026-09-02 14:50:00-04:00,14.002699851989746,14.010000228881836,14.0,14.005000114440918,89530
2026-09-02 14:51:00-04:00,13.993800163269043,14.010000228881836,13.989999771118164,14.0,153093
2026-09-02 14:52:00-04:00,13.967000007629395,13.994999885559082,13.960000038146973,13.989999771118164,117927
2026-09-02 14:53:00-04:00,13.970000267028809,13.970000267028809,13.960000038146973,13.960100173950195,96173
2026-09-02 14:54:00-04:00,13.96500015258789,13.970000267028809,13.960000038146973,13.960000038146973,49053
2026-09-02 14:55:00-04:00,13.96500015258789,13.970000267028809,13.960000038146973,13.970000267028809,30948
2026-09-02 14:56:00-04:00,13.975000381469727,13.975000381469727,13.960000038146973,13.96500015258789,71256
2026-09-02 14:57:00-04:00,13.975000381469727,13.979999542236328,13.970000267028809,13.979900360107422,75936
2026-09-02 14:58:00-04:00,13.979399681091309,13.979999542236328,13.970000267028809,13.97599983215332,27491
2026-09-02 14:59:00-04:00,13.970000267028809,13.979999542236328,13.970000267028809,13.975000381469727,35175
2026-09-02 15:00:00-04:00,13.96500015258789,13.979999542236328,13.960000038146973,13.979999542236328,64028
2026-09-02 15:01:00-04:00,13.960100173950195,13.960100173950195,13.960100173950195,13.960100173950195,0
