Price,Close,High,Low,Open,Volume
Ticker,INTC,INTC,INTC,INTC,INTC
Datetime,,,,,
2026-08-27 09:30:00-04:00,90.45999908447266,90.45999908447266,89.54000091552734,89.94999694824219,7784632
2026-08-27 09:31:00-04:00,91.26000213623047,91.44999694824219,90.4209976196289,90.4209976196289,1527159
2026-08-27 09:32:00-04:00,90.87000274658203,91.4800033569336,90.73999786376953,91.26000213623047,1241014
2026-08-27 09:33:00-04:00,91.19499969482422,91.33000183105469,90.86000061035156,90.87000274658203,765375
2026-08-27 09:34:00-04:00,90.81199645996094,91.16999816894531,90.69000244140625,91.16999816894531,724166
2026-08-27 09:35:00-04:00,90.76000213623047,90.97000122070312,90.56999969482422,90.83000183105469,556163
2026-08-27 09:36:00-04:00,90.69010162353516,90.88999938964844,90.30000305175781,90.76000213623047,541239
2026-08-27 09:37:00-04:00,90.68000030517578,90.87999725341797,90.51000213623047,90.71540069580078,507430
2026-08-27 09:38:00-04:00,90.7300033569336,90.93000030517578,90.56999969482422,90.66000366210938,571500
2026-08-27 09:39:00-04:00,90.86000061035156,90.86000061035156,90.36009979248047,90.74500274658203,464855
2026-08-27 09:40:00-04:00,91.16500091552734,91.23999786376953,90.80000305175781,90.86000061035156,778517
2026-08-27 09:41:00-04:00,91.06999969482422,91.2073974609375,90.91999816894531,91.18000030517578,514672
2026-08-27 09:42:00-04:00,90.7301025390625,91.08999633789062,90.36000061035156,91.05999755859375,650464
2026-08-27 09:43:00-04:00,90.86499786376953,90.88500213623047,90.58000183105469,90.7300033569336,310895
2026-08-27 09:44:00-04:00,90.87930297851562,91.05500030517578,90.69999694824219,90.8499984741211,476031
2026-08-27 09:45:00-04:00,90.64790344238281,90.97000122070312,90.58999633789062,90.87999725341797,282970
2026-08-27 09:46:00-04:00,90.54000091552734,90.94999694824219,90.43000030517578,90.66999816894531,396622
2026-08-27 09:47:00-04:00,89.7699966430664,90.61990356445312,89.71050262451172,90.55000305175781,634867
2026-08-27 09:48:00-04:00,89.89990234375,90.03500366210938,89.72000122070312,89.76000213623047,472666
2026-08-27 09:49:00-04:00,89.86000061035156,89.91000366210938,89.55999755859375,89.87999725341797,485653
2026-08-27 09:50:00-04:00,90.45500183105469,90.55000305175781,89.87000274658203,89.87000274658203,499994
2026-08-27 09:51:00-04:00,90.38400268554688,90.53060150146484,90.26000213623047,90.4489974975586,295068
2026-08-27 09:52:00-04:00,90.20999908447266,90.37999725341797,90.0999984741211,90.37999725341797,235247
2026-08-27 09:53:00-04:00,90.0199966430664,90.33000183105469,89.88999938964844,90.23999786376953,269433
2026-08-27 09:54:00-04:00,89.89199829101562,90.16500091552734,89.87000274658203,90.05000305175781,288888
2026-08-27 09:55:00-04:00,89.71499633789062,89.9800033569336,89.6500015258789,89.9000015258789,316653
2026-08-27 09:56:00-04:00,89.04000091552734,89.72949981689453,89.04000091552734,89.71499633789062,537797
2026-08-27 09:57:00-04:00,88.55000305175781,89.04000091552734,88.45999908447266,89.04000091552734,720645
2026-08-27 09:58:00-04:00,88.74459838867188,88.77999877929688,88.48999786376953,88.54000091552734,471316
2026-08-27 09:59:00-04:00,88.78500366210938,88.90540313720703,88.70999908447266,88.74079895019531,334173
2026-08-27 10:00:00-04:00,89.12000274658203,89.13999938964844,88.78500366210938,88.78500366210938,594990
2026-08-27 10:01:00-04:00,89.18499755859375,89.23999786376953,89.05999755859375,89.11509704589844,373382
2026-08-27 10:02:00-04:00,89.44999694824219,89.48999786376953,89.08000183105469,89.19000244140625,410432
2026-08-27 10:03:00-04:00,90.08930206298828,90.08930206298828,89.41000366210938,89.44999694824219,477970
2026-08-27 10:04:00-04:00,89.8550033569336,90.1500015258789,89.7301025390625,90.08000183105469,426999
2026-08-27 10:05:00-04:00,89.8550033569336,90.05000305175781,89.83000183105469,89.8550033569336,326767
2026-08-27 10:06:00-04:00,89.66999816894531,89.87000274658203,89.66999816894531,89.8499984741211,300479
2026-08-27 10:07:00-04:00,89.822998046875,89.87999725341797,89.62999725341797,89.69999694824219,220481
2026-08-27 10:08:00-04:00,89.87000274658203,89.91000366210938,89.75,89.83000183105469,223643
2026-08-27 10:09:00-04:00,89.8499984741211,89.9800033569336,89.77999877929688,89.87000274658203,258117
2026-08-27 10:10:00-04:00,90.1500015258789,90.30000305175781,89.8499984741211,89.8550033569336,357479
2026-08-27 10:11:00-04:00,90.25,90.29000091552734,90.0999984741211,90.16000366210938,254733
2026-08-27 10:12:00-04:00,90.47000122070312,90.4999008178711,90.26709747314453,90.2750015258789,293502
2026-08-27 10:13:00-04:00,90.61499786376953,90.6500015258789,90.4000015258789,90.44999694824219,351140
2026-08-27 10:14:00-04:00,90.59500122070312,90.97000122070312,90.56009674072266,90.61260223388672,503385
2026-08-27 10:15:00-04:00,90.83380126953125,90.84940338134766,90.58000183105469,90.5999984741211,251482
2026-08-27 10:16:00-04:00,90.67949676513672,90.8499984741211,90.58000183105469,90.82009887695312,312164
2026-08-27 10:17:00-04:00,90.91000366210938,90.94000244140625,90.6500015258789,90.66999816894531,297839
2026-08-27 10:18:00-04:00,91.04499816894531,91.08499908447266,90.76010131835938,90.91000366210938,463974
2026-08-27 10:19:00-04:00,91.0999984741211,91.12000274658203,90.90019989013672,91.04010009765625,286137
2026-08-27 10:20:00-04:00,91.16000366210938,91.2249984741211,91.04010009765625,91.09010314941406,367374
2026-08-27 10:21:00-04:00,91.47000122070312,91.5,91.12999725341797,91.13999938964844,643572
2026-08-27 10:22:00-04:00,91.50499725341797,91.5250015258789,91.33000183105469,91.4749984741211,636055
2026-08-27 10:23:00-04:00,91.44010162353516,91.5999984741211,91.42009735107422,91.49500274658203,441260
2026-08-27 10:24:00-04:00,91.69999694824219,91.70999908447266,91.3499984741211,91.44619750976562,674569
2026-08-27 10:25:00-04:00,91.84500122070312,91.875,91.55000305175781,91.69499969482422,708765
2026-08-27 10:26:00-04:00,92.0250015258789,92.04000091552734,91.80000305175781,91.8499984741211,836362
2026-08-27 10:27:00-04:00,92.30000305175781,92.42500305175781,92.0199966430664,92.02300262451172,945883
2026-08-27 10:28:00-04:00,92.44950103759766,92.44999694824219,92.25,92.29000091552734,583967
2026-08-27 10:29:00-04:00,92.51000213623047,92.53959655761719,92.29000091552734,92.41999816894531,923462
2026-08-27 10:30:00-04:00,92.30999755859375,92.67639923095703,92.2300033569336,92.50270080566406,974845
2026-08-27 10:31:00-04:00,92.5199966430664,92.68000030517578,92.25,92.30999755859375,1104150
2026-08-27 10:32:00-04:00,92.6449966430664,92.7499008178711,92.33000183105469,92.5199966430664,649338
2026-08-27 10:33:00-04:00,92.93499755859375,92.94999694824219,92.45999908447266,92.66000366210938,744227
2026-08-27 10:34:00-04:00,92.6500015258789,92.93499755859375,92.58999633789062,92.93499755859375,562534
2026-08-27 10:35:00-04:00,92.51080322265625,92.73999786376953,92.46269989013672,92.66000366210938,650739
2026-08-27 10:36:00-04:00,92.19450378417969,92.54000091552734,91.98999786376953,92.5250015258789,770500
2026-08-27 10:37:00-04:00,91.88500213623047,92.28189849853516,91.83999633789062,92.19999694824219,430555
2026-08-27 10:38:00-04:00,91.46600341796875,91.96499633789062,91.41999816894531,91.88469696044922,574884
2026-08-27 10:39:00-04:00,91.0199966430664,91.51000213623047,91.00499725341797,91.47029876708984,612315
2026-08-27 10:40:00-04:00,90.91000366210938,91.34500122070312,90.8499984741211,91.0250015258789,658869
2026-08-27 10:41:00-04:00,91.05999755859375,91.12000274658203,90.89299774169922,90.91000366210938,413552
2026-08-27 10:42:00-04:00,91.16999816894531,91.16999816894531,90.94999694824219,91.05000305175781,307917
2026-08-27 10:43:00-04:00,90.9561996459961,91.18000030517578,90.88999938964844,91.16500091552734,359431
2026-08-27 10:44:00-04:00,91.0199966430664,91.05000305175781,90.87000274658203,90.95500183105469,280298
2026-08-27 10:45:00-04:00,90.94000244140625,91.11000061035156,90.91000366210938,91.00199890136719,257035
2026-08-27 10:46:00-04:00,91.12000274658203,91.16999816894531,90.92150115966797,90.94000244140625,245946
2026-08-27 10:47:00-04:00,91.12999725341797,91.16999816894531,90.95999908447266,91.1500015258789,255440
2026-08-27 10:48:00-04:00,91.33999633789062,91.33999633789062,91.08000183105469,91.12999725341797,281504
2026-08-27 10:49:00-04:00,91.51000213623047,91.54000091552734,91.31999969482422,91.33000183105469,385100
2026-08-27 10:50:00-04:00,91.64990234375,91.76000213623047,91.44499969482422,91.5198974609375,378956
2026-08-27 10:51:00-04:00,91.1500015258789,91.69000244140625,91.1500015258789,91.6500015258789,443280
2026-08-27 10:52:00-04:00,91.28500366210938,91.33999633789062,91.0999984741211,91.14019775390625,326384
2026-08-27 10:53:00-04:00,90.87840270996094,91.26499938964844,90.71050262451172,91.25,375760
2026-08-27 10:54:00-04:00,90.80999755859375,90.87989807128906,90.69000244140625,90.86000061035156,206818
2026-08-27 10:55:00-04:00,90.8949966430664,90.95500183105469,90.69249725341797,90.7959976196289,309150
2026-08-27 10:56:00-04:00,91.19999694824219,91.2699966430664,90.88999938964844,90.8949966430664,324053
2026-08-27 10:57:00-04:00,91.33999633789062,91.54000091552734,91.20999908447266,91.20999908447266,262574
2026-08-27 10:58:00-04:00,91.5,91.55999755859375,91.30000305175781,91.33999633789062,269415
2026-08-27 10:59:00-04:00,91.3499984741211,91.56210327148438,91.27999877929688,91.51499938964844,236130
2026-08-27 11:00:00-04:00,91.27999877929688,91.36000061035156,91.19000244140625,91.36000061035156,169875
2026-08-27 11:01:00-04:00,91.30999755859375,91.34989929199219,91.16000366210938,91.27999877929688,145795
2026-08-27 11:02:00-04:00,91.41999816894531,91.47000122070312,91.29000091552734,91.30999755859375,218594
2026-08-27 11:03:00-04:00,91.26000213623047,91.5,91.23999786376953,91.41000366210938,195157
2026-08-27 11:04:00-04:00,91.36000061035156,91.4259033203125,91.25,91.27999877929688,141363
2026-08-27 11:05:00-04:00,91.44000244140625,91.44999694824219,91.27999877929688,91.37999725341797,150770
2026-08-27 11:06:00-04:00,91.30000305175781,91.5,91.28710174560547,91.44499969482422,177428
2026-08-27 11:07:00-04:00,91.37999725341797,91.43000030517578,91.31999969482422,91.31999969482422,180919
2026-08-27 11:08:00-04:00,91.47899627685547,91.58000183105469,91.37999725341797,91.37999725341797,177532
2026-08-27 11:09:00-04:00,91.51830291748047,91.55999755859375,91.45999908447266,91.47000122070312,138789
2026-08-27 11:10:00-04:00,91.33999633789062,91.54000091552734,91.33000183105469,91.5199966430664,217415
2026-08-27 11:11:00-04:00,91.43000030517578,91.44999694824219,91.3302001953125,91.3499984741211,129537
2026-08-27 11:12:00-04:00,91.3750991821289,91.5199966430664,91.3499984741211,91.43000030517578,121772
2026-08-27 11:13:00-04:00,91.43499755859375,91.43499755859375,91.31500244140625,91.36000061035156,110552
2026-08-27 11:14:00-04:00,91.3499984741211,91.4800033569336,91.31999969482422,91.44000244140625,168844
2026-08-27 11:15:00-04:00,91.34020233154297,91.4000015258789,91.26280212402344,91.33999633789062,129170
2026-08-27 11:16:00-04:00,91.22000122070312,91.37000274658203,91.15010070800781,91.33999633789062,175063
2026-08-27 11:17:00-04:00,91.13999938964844,91.25,91.11009979248047,91.20999908447266,136231
2026-08-27 11:18:00-04:00,91.02999877929688,91.13500213623047,90.94999694824219,91.13500213623047,140160
2026-08-27 11:19:00-04:00,91.07499694824219,91.18990325927734,91.04000091552734,91.04000091552734,119200
2026-08-27 11:20:00-04:00,90.86000061035156,91.0999984741211,90.8541030883789,91.08000183105469,217524
2026-08-27 11:21:00-04:00,91.05590057373047,91.12000274658203,90.8499984741211,90.86000061035156,251192
2026-08-27 11:22:00-04:00,91.05989837646484,91.08999633789062,90.98999786376953,91.04499816894531,106519
2026-08-27 11:23:00-04:00,91.07499694824219,91.08999633789062,90.95269775390625,91.05000305175781,136141
2026-08-27 11:24:00-04:00,90.8499984741211,91.08580017089844,90.83000183105469,91.07029724121094,199856
2026-08-27 11:25:00-04:00,91.0199966430664,91.0199966430664,90.83000183105469,90.84500122070312,129930
2026-08-27 11:26:00-04:00,91.05419921875,91.05999755859375,90.93000030517578,91.0199966430664,96146
2026-08-27 11:27:00-04:00,91.04000091552734,91.0999984741211,91.0,91.05000305175781,88021
2026-08-27 11:28:00-04:00,91.05999755859375,91.12000274658203,91.02059936523438,91.04499816894531,80952
2026-08-27 11:29:00-04:00,90.98280334472656,91.08000183105469,90.95500183105469,91.05999755859375,119534
2026-08-27 11:30:00-04:00,91.08000183105469,91.1050033569336,90.97000122070312,90.9800033569336,105294
2026-08-27 11:31:00-04:00,91.08000183105469,91.13999938964844,91.01000213623047,91.08999633789062,105752
2026-08-27 11:32:00-04:00,91.18499755859375,91.19000244140625,91.05000305175781,91.08499908447266,111801
2026-08-27 11:33:00-04:00,91.03009796142578,91.19509887695312,91.02999877929688,91.18699645996094,96942
2026-08-27 11:34:00-04:00,91.05000305175781,91.12999725341797,90.9000015258789,91.04000091552734,149796
2026-08-27 11:35:00-04:00,91.0,91.27999877929688,90.97000122070312,91.03919982910156,285990
2026-08-27 11:36:00-04:00,90.93000030517578,90.99960327148438,90.9000015258789,90.98999786376953,100643
2026-08-27 11:37:00-04:00,90.7300033569336,90.95549774169922,90.71949768066406,90.92949676513672,202565
2026-08-27 11:38:00-04:00,90.84500122070312,90.87999725341797,90.73500061035156,90.73999786376953,89568
2026-08-27 11:39:00-04:00,90.81999969482422,90.8905029296875,90.80999755859375,90.83999633789062,92548
2026-08-27 11:40:00-04:00,90.875,90.94000244140625,90.77999877929688,90.81999969482422,96549
2026-08-27 11:41:00-04:00,90.9000015258789,91.0,90.85269927978516,90.88500213623047,111238
2026-08-27 11:42:00-04:00,90.85600280761719,90.93000030517578,90.80000305175781,90.9000015258789,88034
2026-08-27 11:43:00-04:00,90.80500030517578,90.8550033569336,90.73799896240234,90.8550033569336,73303
2026-08-27 11:44:00-04:00,90.79000091552734,90.80999755859375,90.74500274658203,90.80500030517578,65023
2026-08-27 11:45:00-04:00,90.58889770507812,90.7699966430664,90.55000305175781,90.7699966430664,203973
2026-08-27 11:46:00-04:00,90.65399932861328,90.67939758300781,90.52999877929688,90.58910369873047,121872
2026-08-27 11:47:00-04:00,90.58999633789062,90.73999786376953,90.56999969482422,90.66999816894531,92641
2026-08-27 11:48:00-04:00,90.51000213623047,90.58000183105469,90.43000030517578,90.58000183105469,228340
2026-08-27 11:49:00-04:00,90.55999755859375,90.55999755859375,90.4801025390625,90.51000213623047,95114
2026-08-27 11:50:00-04:00,90.78500366210938,90.80999755859375,90.54000091552734,90.55740356445312,132715
2026-08-27 11:51:00-04:00,90.9000015258789,90.91000366210938,90.7699966430664,90.79000091552734,127306
2026-08-27 11:52:00-04:00,90.98999786376953,91.0,90.82499694824219,90.9000015258789,137114
2026-08-27 11:53:00-04:00,90.84709930419922,91.0,90.83000183105469,90.98999786376953,114469
2026-08-27 11:54:00-04:00,90.97550201416016,90.98999786376953,90.83000183105469,90.84249877929688,123116
2026-08-27 11:55:00-04:00,90.8010025024414,90.9800033569336,90.8010025024414,90.9800033569336,71340
2026-08-27 11:56:00-04:00,90.8656005859375,90.88999938964844,90.80999755859375,90.81510162353516,63789
2026-08-27 11:57:00-04:00,90.81500244140625,90.91850280761719,90.80000305175781,90.86000061035156,81657
2026-08-27 11:58:00-04:00,90.7300033569336,90.86180114746094,90.72450256347656,90.80999755859375,95809
2026-08-27 11:59:00-04:00,90.7780990600586,90.81009674072266,90.7385025024414,90.7385025024414,88667
2026-08-27 12:00:00-04:00,90.84940338134766,90.9000015258789,90.7699966430664,90.7699966430664,98537
2026-08-27 12:01:00-04:00,90.91000366210938,90.93000030517578,90.83000183105469,90.84500122070312,89770
2026-08-27 12:02:00-04:00,90.93000030517578,91.00499725341797,90.90370178222656,90.91500091552734,118678
2026-08-27 12:03:00-04:00,90.97000122070312,91.01000213623047,90.91000366210938,90.9291000366211,114638
2026-08-27 12:04:00-04:00,90.93000030517578,90.98500061035156,90.91000366210938,90.97989654541016,93754
2026-08-27 12:05:00-04:00,90.91500091552734,91.02989959716797,90.9000015258789,90.93990325927734,86638
2026-08-27 12:06:00-04:00,90.92040252685547,91.0,90.87000274658203,90.9093017578125,93608
2026-08-27 12:07:00-04:00,90.86000061035156,91.01000213623047,90.83999633789062,90.9208984375,80895
2026-08-27 12:08:00-04:00,90.83000183105469,90.9000015258789,90.81999969482422,90.86000061035156,76536
2026-08-27 12:09:00-04:00,90.7699966430664,90.875,90.75,90.83499908447266,133389
2026-08-27 12:10:00-04:00,90.89430236816406,90.8949966430664,90.75399780273438,90.7699966430664,72725
2026-08-27 12:11:00-04:00,90.73999786376953,90.93000030517578,90.71019744873047,90.9000015258789,166868
2026-08-27 12:12:00-04:00,90.76000213623047,90.7699966430664,90.70500183105469,90.7416000366211,97902
2026-08-27 12:13:00-04:00,90.7699966430664,90.80999755859375,90.74629974365234,90.76000213623047,51670
2026-08-27 12:14:00-04:00,90.80999755859375,90.81999969482422,90.73059844970703,90.7699966430664,54435
2026-08-27 12:15:00-04:00,91.0,91.0,90.78009796142578,90.79499816894531,90000
2026-08-27 12:16:00-04:00,90.72419738769531,91.05999755859375,90.71399688720703,90.99600219726562,179502
2026-08-27 12:17:00-04:00,90.65499877929688,90.80729675292969,90.63999938964844,90.7300033569336,167127
2026-08-27 12:18:00-04:00,90.63999938964844,90.66999816894531,90.58999633789062,90.66000366210938,116954
2026-08-27 12:19:00-04:00,90.79000091552734,90.86000061035156,90.61000061035156,90.64939880371094,127806
2026-08-27 12:20:00-04:00,90.65019989013672,90.79940032958984,90.63999938964844,90.78189849853516,71443
2026-08-27 12:21:00-04:00,90.67990112304688,90.69000244140625,90.56999969482422,90.65499877929688,136916
2026-08-27 12:22:00-04:00,90.67949676513672,90.7499008178711,90.66560363769531,90.6885986328125,86773
2026-08-27 12:23:00-04:00,90.55000305175781,90.70999908447266,90.52999877929688,90.67500305175781,125844
2026-08-27 12:24:00-04:00,90.45999908447266,90.55999755859375,90.44999694824219,90.55000305175781,826079
2026-08-27 12:25:00-04:00,90.5553970336914,90.5625991821289,90.45999908447266,90.47000122070312,132062
2026-08-27 12:26:00-04:00,90.5999984741211,90.5999984741211,90.48500061035156,90.55500030517578,74605
2026-08-27 12:27:00-04:00,90.66999816894531,90.67990112304688,90.56009674072266,90.59500122070312,58454
2026-08-27 12:28:00-04:00,90.76499938964844,90.80000305175781,90.66000366210938,90.67500305175781,87668
2026-08-27 12:29:00-04:00,90.68009948730469,90.77880096435547,90.68000030517578,90.76809692382812,81451
2026-08-27 12:30:00-04:00,90.69999694824219,90.70999908447266,90.66500091552734,90.68000030517578,51057
2026-08-27 12:31:00-04:00,90.64299774169922,90.7300033569336,90.64299774169922,90.68009948730469,552961
2026-08-27 12:32:00-04:00,90.65989685058594,90.69000244140625,90.5999984741211,90.65499877929688,76281
2026-08-27 12:33:00-04:00,90.57219696044922,90.67500305175781,90.55000305175781,90.66000366210938,52063
2026-08-27 12:34:00-04:00,90.70069885253906,90.7249984741211,90.56999969482422,90.58000183105469,58917
2026-08-27 12:35:00-04:00,90.69000244140625,90.72949981689453,90.65460205078125,90.70500183105469,61520
2026-08-27 12:36:00-04:00,90.70500183105469,90.71499633789062,90.65499877929688,90.67500305175781,33408
2026-08-27 12:37:00-04:00,90.80000305175781,90.80000305175781,90.65059661865234,90.70030212402344,69149
2026-08-27 12:38:00-04:00,90.78009796142578,90.87000274658203,90.77999877929688,90.79830169677734,150712
2026-08-27 12:39:00-04:00,90.78500366210938,90.80999755859375,90.76010131835938,90.77999877929688,63510
2026-08-27 12:40:00-04:00,90.83999633789062,90.87000274658203,90.76000213623047,90.80000305175781,121225
2026-08-27 12:41:00-04:00,90.8499984741211,90.88999938964844,90.81999969482422,90.84860229492188,84299
2026-08-27 12:42:00-04:00,90.86990356445312,90.87999725341797,90.81500244140625,90.83999633789062,93697
2026-08-27 12:43:00-04:00,90.80500030517578,90.87999725341797,90.76010131835938,90.86000061035156,63700
2026-08-27 12:44:00-04:00,90.79000091552734,90.81999969482422,90.76010131835938,90.80500030517578,59463
2026-08-27 12:45:00-04:00,90.86499786376953,90.87999725341797,90.77030181884766,90.80000305175781,48258
2026-08-27 12:46:00-04:00,90.91000366210938,90.94000244140625,90.84500122070312,90.87999725341797,94029
2026-08-27 12:47:00-04:00,90.87059783935547,90.95999908447266,90.87000274658203,90.9186019897461,75789
2026-08-27 12:48:00-04:00,90.90370178222656,90.91000366210938,90.8499984741211,90.875,54620
2026-08-27 12:49:00-04:00,90.96499633789062,90.98500061035156,90.87999725341797,90.8949966430664,87597
2026-08-27 12:50:00-04:00,90.92009735107422,90.98500061035156,90.8375015258789,90.96499633789062,97241
2026-08-27 12:51:00-04:00,90.83000183105469,90.93499755859375,90.83000183105469,90.93499755859375,57416
2026-08-27 12:52:00-04:00,90.83999633789062,90.9000015258789,90.83000183105469,90.83999633789062,41169
2026-08-27 12:53:00-04:00,90.86499786376953,90.87000274658203,90.83999633789062,90.86000061035156,26884
2026-08-27 12:54:00-04:00,90.8301010131836,90.87000274658203,90.7300033569336,90.86199951171875,116993
2026-08-27 12:55:00-04:00,90.83999633789062,90.87000274658203,90.78500366210938,90.84500122070312,78060
2026-08-27 12:56:00-04:00,90.80000305175781,90.84500122070312,90.80000305175781,90.83000183105469,42793
2026-08-27 12:57:00-04:00,90.79499816894531,90.80500030517578,90.70999908447266,90.79949951171875,89409
2026-08-27 12:58:00-04:00,90.7750015258789,90.80940246582031,90.76000213623047,90.79000091552734,41476
2026-08-27 12:59:00-04:00,90.77020263671875,90.79940032958984,90.75499725341797,90.7750015258789,50206
2026-08-27 13:00:00-04:00,90.73789978027344,90.77999877929688,90.69999694824219,90.7699966430664,62038
2026-08-27 13:01:00-04:00,90.93800354003906,90.94499969482422,90.7405014038086,90.75,84488
2026-08-27 13:02:00-04:00,90.91500091552734,90.98989868164062,90.90070343017578,90.94000244140625,105473
2026-08-27 13:03:00-04:00,90.9000015258789,90.95999908447266,90.875,90.91500091552734,100600
2026-08-27 13:04:00-04:00,91.01499938964844,91.02999877929688,90.88999938964844,90.8949966430664,204449
2026-08-27 13:05:00-04:00,91.08000183105469,91.16999816894531,91.01000213623047,91.01499938964844,155991
2026-08-27 13:06:00-04:00,91.00499725341797,91.06999969482422,91.00499725341797,91.06800079345703,126639
2026-08-27 13:07:00-04:00,90.94999694824219,91.05000305175781,90.94499969482422,91.00499725341797,153511
2026-08-27 13:08:00-04:00,90.93499755859375,91.02999877929688,90.87999725341797,90.94999694824219,202906
2026-08-27 13:09:00-04:00,91.0,91.0,90.92500305175781,90.93009948730469,59643
2026-08-27 13:10:00-04:00,91.06999969482422,91.08000183105469,90.96499633789062,90.99500274658203,106921
2026-08-27 13:11:00-04:00,91.07489776611328,91.1050033569336,90.97000122070312,91.06500244140625,92257
2026-08-27 13:12:00-04:00,91.09500122070312,91.1500015258789,91.04499816894531,91.07279968261719,88995
2026-08-27 13:13:00-04:00,91.06500244140625,91.08999633789062,91.05999755859375,91.08999633789062,69388
2026-08-27 13:14:00-04:00,91.0895004272461,91.08999633789062,91.0199966430664,91.05999755859375,83294
2026-08-27 13:15:00-04:00,91.11000061035156,91.13500213623047,91.05000305175781,91.08000183105469,52731
2026-08-27 13:16:00-04:00,91.08499908447266,91.11000061035156,91.03009796142578,91.11000061035156,68158
2026-08-27 13:17:00-04:00,91.11990356445312,91.19999694824219,91.08000183105469,91.08999633789062,112633
2026-08-27 13:18:00-04:00,91.13500213623047,91.13999938964844,91.08000183105469,91.1050033569336,86061
2026-08-27 13:19:00-04:00,91.1449966430664,91.20500183105469,91.12000274658203,91.13500213623047,101705
2026-08-27 13:20:00-04:00,91.0999984741211,91.17990112304688,91.09010314941406,91.1449966430664,72573
2026-08-27 13:21:00-04:00,91.125,91.1500015258789,91.08999633789062,91.0999984741211,70123
2026-08-27 13:22:00-04:00,91.125,91.15499877929688,91.07319641113281,91.125,60049
2026-08-27 13:23:00-04:00,91.0999984741211,91.1500015258789,91.08999633789062,91.12169647216797,76569
2026-08-27 13:24:00-04:00,91.02970123291016,91.0999984741211,91.01190185546875,91.0999984741211,99762
2026-08-27 13:25:00-04:00,90.91999816894531,91.02200317382812,90.9000015258789,91.02200317382812,123379
2026-08-27 13:26:00-04:00,90.94499969482422,90.94989776611328,90.86009979248047,90.91999816894531,102272
2026-08-27 13:27:00-04:00,90.83999633789062,90.95500183105469,90.83000183105469,90.94999694824219,68492
2026-08-27 13:28:00-04:00,90.94499969482422,90.95950317382812,90.83499908447266,90.83499908447266,62597
2026-08-27 13:29:00-04:00,90.91000366210938,90.95500183105469,90.87000274658203,90.94499969482422,93700
2026-08-27 13:30:00-04:00,90.94159698486328,90.97000122070312,90.90029907226562,90.91999816894531,65558
2026-08-27 13:31:00-04:00,90.88999938964844,91.00509643554688,90.88999938964844,90.95500183105469,74926
2026-08-27 13:32:00-04:00,91.0199966430664,91.02400207519531,90.88249969482422,90.88500213623047,64762
2026-08-27 13:33:00-04:00,91.16000366210938,91.16000366210938,91.0155029296875,91.02999877929688,127298
2026-08-27 13:34:00-04:00,91.03150177001953,91.16000366210938,91.02999877929688,91.16000366210938,79250
2026-08-27 13:35:00-04:00,91.06109619140625,91.10990142822266,91.0,91.04000091552734,79198
2026-08-27 13:36:00-04:00,91.03500366210938,91.12090301513672,90.98999786376953,91.05999755859375,63972
2026-08-27 13:37:00-04:00,90.97019958496094,91.05500030517578,90.95999908447266,91.02999877929688,37502
2026-08-27 13:38:00-04:00,90.9800033569336,90.98989868164062,90.95500183105469,90.9800033569336,51620
2026-08-27 13:39:00-04:00,90.91000366210938,91.00499725341797,90.88999938964844,90.98999786376953,100626
2026-08-27 13:40:00-04:00,90.94000244140625,90.95500183105469,90.86000061035156,90.90149688720703,92180
2026-08-27 13:41:00-04:00,90.91999816894531,90.94999694824219,90.89399719238281,90.92500305175781,48604
2026-08-27 13:42:00-04:00,90.83999633789062,90.94000244140625,90.80999755859375,90.91999816894531,77916
2026-08-27 13:43:00-04:00,90.88140106201172,90.88999938964844,90.80999755859375,90.83000183105469,67067
2026-08-27 13:44:00-04:00,90.79000091552734,90.88999938964844,90.76000213623047,90.87999725341797,112105
2026-08-27 13:45:00-04:00,90.77999877929688,90.87590026855469,90.77010345458984,90.77999877929688,97370
2026-08-27 13:46:00-04:00,90.72989654541016,90.81999969482422,90.72000122070312,90.79000091552734,89922
2026-08-27 13:47:00-04:00,90.74500274658203,90.80999755859375,90.72959899902344,90.72959899902344,55428
2026-08-27 13:48:00-04:00,90.71499633789062,90.78500366210938,90.70999908447266,90.75,66209
2026-08-27 13:49:00-04:00,90.7770004272461,90.79989624023438,90.71749877929688,90.72000122070312,53958
2026-08-27 13:50:00-04:00,90.73500061035156,90.76629638671875,90.70999908447266,90.76000213623047,57752
2026-08-27 13:51:00-04:00,90.74009704589844,90.76000213623047,90.66000366210938,90.73500061035156,127794
2026-08-27 13:52:00-04:00,90.74500274658203,90.80000305175781,90.72000122070312,90.7300033569336,59467
2026-08-27 13:53:00-04:00,90.75499725341797,90.7699966430664,90.70500183105469,90.75499725341797,45428
2026-08-27 13:54:00-04:00,90.72000122070312,90.80000305175781,90.70999908447266,90.76000213623047,58067
2026-08-27 13:55:00-04:00,90.69499969482422,90.73999786376953,90.68499755859375,90.72000122070312,47776
2026-08-27 13:56:00-04:00,90.69519805908203,90.70500183105469,90.6500015258789,90.6968994140625,62216
2026-08-27 13:57:00-04:00,90.65499877929688,90.73629760742188,90.62000274658203,90.69020080566406,75271
2026-08-27 13:58:00-04:00,90.67990112304688,90.68499755859375,90.61000061035156,90.65499877929688,80457
2026-08-27 13:59:00-04:00,90.63999938964844,90.6957015991211,90.61000061035156,90.66999816894531,94374
2026-08-27 14:00:00-04:00,90.66999816894531,90.69999694824219,90.62000274658203,90.625,75314
2026-08-27 14:01:00-04:00,90.48500061035156,90.69249725341797,90.45149993896484,90.68000030517578,184279
2026-08-27 14:02:00-04:00,90.42009735107422,90.51000213623047,90.37999725341797,90.48999786376953,281740
2026-08-27 14:03:00-04:00,90.46499633789062,90.4800033569336,90.4000015258789,90.43000030517578,63078
2026-08-27 14:04:00-04:00,90.32499694824219,90.48999786376953,90.32499694824219,90.4800033569336,162682
2026-08-27 14:05:00-04:00,90.43990325927734,90.44989776611328,90.30149841308594,90.31999969482422,132787
2026-08-27 14:06:00-04:00,90.4800033569336,90.4800033569336,90.43000030517578,90.43009948730469,56910
2026-08-27 14:07:00-04:00,90.55000305175781,90.55599975585938,90.47019958496094,90.48999786376953,89688
2026-08-27 14:08:00-04:00,90.51499938964844,90.55000305175781,90.50499725341797,90.54499816894531,49884
2026-08-27 14:09:00-04:00,90.49500274658203,90.51499938964844,90.42500305175781,90.51499938964844,91990
2026-08-27 14:10:00-04:00,90.45989990234375,90.50499725341797,90.38999938964844,90.502197265625,53071
2026-08-27 14:11:00-04:00,90.47000122070312,90.5199966430664,90.44020080566406,90.45500183105469,54164
2026-08-27 14:12:00-04:00,90.4540023803711,90.48999786376953,90.40499877929688,90.47709655761719,78151
2026-08-27 14:13:00-04:00,90.41999816894531,90.4749984741211,90.37999725341797,90.45999908447266,114681
2026-08-27 14:14:00-04:00,90.46499633789062,90.51000213623047,90.37999725341797,90.41500091552734,73056
2026-08-27 14:15:00-04:00,90.43730163574219,90.5,90.42500305175781,90.46499633789062,55050
2026-08-27 14:16:00-04:00,90.36499786376953,90.43000030517578,90.33999633789062,90.43000030517578,64063
2026-08-27 14:17:00-04:00,90.41999816894531,90.41999816894531,90.36270141601562,90.37000274658203,45674
2026-08-27 14:18:00-04:00,90.55500030517578,90.55500030517578,90.40499877929688,90.41000366210938,91443
2026-08-27 14:19:00-04:00,90.4800033569336,90.57499694824219,90.45999908447266,90.57499694824219,93414
2026-08-27 14:20:00-04:00,90.42400360107422,90.5,90.42009735107422,90.4800033569336,71251
2026-08-27 14:21:00-04:00,90.37000274658203,90.44509887695312,90.34500122070312,90.43499755859375,125479
2026-08-27 14:22:00-04:00,90.3550033569336,90.4000015258789,90.33000183105469,90.375,62000
2026-08-27 14:23:00-04:00,90.33999633789062,90.37999725341797,90.33499908447266,90.3499984741211,81708
2026-08-27 14:24:00-04:00,90.30000305175781,90.33999633789062,90.27999877929688,90.33999633789062,92432
2026-08-27 14:25:00-04:00,90.15589904785156,90.31990051269531,90.13999938964844,90.30500030517578,196512
2026-08-27 14:26:00-04:00,90.18000030517578,90.22000122070312,90.13009643554688,90.1594009399414,79690
2026-08-27 14:27:00-04:00,90.05500030517578,90.16999816894531,90.04499816894531,90.16999816894531,109092
2026-08-27 14:28:00-04:00,90.11499786376953,90.12000274658203,90.0,90.05950164794922,317101
2026-08-27 14:29:00-04:00,90.09500122070312,90.11990356445312,90.04000091552734,90.11990356445312,309812
2026-08-27 14:30:00-04:00,90.17500305175781,90.19999694824219,90.04000091552734,90.09500122070312,92802
2026-08-27 14:31:00-04:00,90.24040222167969,90.27989959716797,90.12999725341797,90.17500305175781,132584
2026-08-27 14:32:00-04:00,90.30999755859375,90.33999633789062,90.23500061035156,90.23970031738281,71697
2026-08-27 14:33:00-04:00,90.16999816894531,90.33000183105469,90.16999816894531,90.30500030517578,67830
2026-08-27 14:34:00-04:00,90.13999938964844,90.18669891357422,90.11000061035156,90.17500305175781,64505
2026-08-27 14:35:00-04:00,90.2300033569336,90.25,90.13739776611328,90.1500015258789,76662
2026-08-27 14:36:00-04:00,90.25499725341797,90.27999877929688,90.22010040283203,90.22509765625,52461
2026-08-27 14:37:00-04:00,90.2300033569336,90.29000091552734,90.2300033569336,90.25990295410156,54674
2026-08-27 14:38:00-04:00,90.35220336914062,90.37000274658203,90.22010040283203,90.22010040283203,69711
2026-08-27 14:39:00-04:00,90.39029693603516,90.39969635009766,90.30999755859375,90.35569763183594,91629
2026-08-27 14:40:00-04:00,90.31729888916016,90.39240264892578,90.27799987792969,90.39240264892578,65434
2026-08-27 14:41:00-04:00,90.36000061035156,90.41000366210938,90.32099914550781,90.33000183105469,99599
2026-08-27 14:42:00-04:00,90.34719848632812,90.375,90.27999877929688,90.36499786376953,84270
2026-08-27 14:43:00-04:00,90.37000274658203,90.375,90.33000183105469,90.34010314941406,70383
2026-08-27 14:44:00-04:00,90.37000274658203,90.41639709472656,90.36000061035156,90.36949920654297,67437
2026-08-27 14:45:00-04:00,90.3499984741211,90.375,90.31179809570312,90.36000061035156,44110
2026-08-27 14:46:00-04:00,90.37999725341797,90.41000366210938,90.34500122070312,90.3501968383789,39398
2026-08-27 14:47:00-04:00,90.38999938964844,90.41999816894531,90.3499984741211,90.37000274658203,52750
2026-08-27 14:48:00-04:00,90.37000274658203,90.4000015258789,90.36499786376953,90.38999938964844,62482
2026-08-27 14:49:00-04:00,90.2750015258789,90.37999725341797,90.2750015258789,90.36499786376953,73613
2026-08-27 14:50:00-04:00,90.25,90.30449676513672,90.24150085449219,90.2699966430664,71168
2026-08-27 14:51:00-04:00,90.27330017089844,90.30999755859375,90.24500274658203,90.24500274658203,51686
2026-08-27 14:52:00-04:00,90.30000305175781,90.33999633789062,90.27010345458984,90.28500366210938,47545
2026-08-27 14:53:00-04:00,90.30999755859375,90.33989715576172,90.27999877929688,90.30259704589844,39382
2026-08-27 14:54:00-04:00,90.28500366210938,90.30999755859375,90.27999877929688,90.29499816894531,35141
2026-08-27 14:55:00-04:00,90.2750015258789,90.31999969482422,90.18000030517578,90.27999877929688,95802
2026-08-27 14:56:00-04:00,90.29499816894531,90.30999755859375,90.26000213623047,90.28500366210938,37532
2026-08-27 14:57:00-04:00,90.30999755859375,90.3279037475586,90.2699966430664,90.29969787597656,39774
2026-08-27 14:58:00-04:00,90.3949966430664,90.4000015258789,90.30020141601562,90.31199645996094,39994
2026-08-27 14:59:00-04:00,90.2699966430664,90.3949966430664,90.26000213623047,90.3949966430664,63571
2026-08-27 15:00:00-04:00,90.34490203857422,90.3906021118164,90.19000244140625,90.26499938964844,115275
2026-08-27 15:01:00-04:00,90.33000183105469,90.40499877929688,90.31060028076172,90.34500122070312,59615
2026-08-27 15:02:00-04:00,90.30500030517578,90.37000274658203,90.30500030517578,90.31999969482422,49492
2026-08-27 15:03:00-04:00,90.37969970703125,90.37969970703125,90.30000305175781,90.30000305175781,44332
2026-08-27 15:04:00-04:00,90.41500091552734,90.4800033569336,90.37010192871094,90.37999725341797,124848
2026-08-27 15:05:00-04:00,90.37000274658203,90.52999877929688,90.33999633789062,90.41500091552734,121302
2026-08-27 15:06:00-04:00,90.38500213623047,90.38999938964844,90.30000305175781,90.36000061035156,54876
2026-08-27 15:07:00-04:00,90.3499984741211,90.43000030517578,90.34500122070312,90.38500213623047,52921
2026-08-27 15:08:00-04:00,90.35099792480469,90.36000061035156,90.2261962890625,90.33999633789062,91001
2026-08-27 15:09:00-04:00,90.41000366210938,90.43000030517578,90.35179901123047,90.35179901123047,67481
2026-08-27 15:10:00-04:00,90.43499755859375,90.48999786376953,90.4000015258789,90.41259765625,74478
2026-08-27 15:11:00-04:00,90.45999908447266,90.45999908447266,90.43000030517578,90.44000244140625,58094
2026-08-27 15:12:00-04:00,90.44999694824219,90.48500061035156,90.4000015258789,90.45999908447266,98993
2026-08-27 15:13:00-04:00,90.53500366210938,90.54499816894531,90.41000366210938,90.45999908447266,154980
2026-08-27 15:14:00-04:00,90.61499786376953,90.66790008544922,90.54000091552734,90.54000091552734,166158
2026-08-27 15:15:00-04:00,90.71499633789062,90.76000213623047,90.61000061035156,90.62930297851562,208050
2026-08-27 15:16:00-04:00,90.81500244140625,90.86000061035156,90.71499633789062,90.71499633789062,212551
2026-08-27 15:17:00-04:00,90.88800048828125,90.93000030517578,90.79000091552734,90.8197021484375,247561
2026-08-27 15:18:00-04:00,90.91500091552734,90.92009735107422,90.83999633789062,90.88999938964844,157903
2026-08-27 15:19:00-04:00,90.95500183105469,90.95999908447266,90.9000015258789,90.91000366210938,122386
2026-08-27 15:20:00-04:00,90.91000366210938,90.9551010131836,90.88500213623047,90.95500183105469,136232
2026-08-27 15:21:00-04:00,90.87989807128906,90.94999694824219,90.87000274658203,90.91000366210938,107451
2026-08-27 15:22:00-04:00,90.95500183105469,91.0,90.87000274658203,90.8949966430664,150567
2026-08-27 15:23:00-04:00,90.91999816894531,90.9800033569336,90.91999816894531,90.95999908447266,92739
2026-08-27 15:24:00-04:00,90.96949768066406,90.96949768066406,90.87000274658203,90.92500305175781,165137
2026-08-27 15:25:00-04:00,91.02950286865234,91.02950286865234,90.91000366210938,90.96499633789062,204652
2026-08-27 15:26:00-04:00,91.0468978881836,91.13700103759766,90.9800033569336,91.01499938964844,190514
2026-08-27 15:27:00-04:00,90.93270111083984,91.08499908447266,90.91999816894531,91.04499816894531,179166
2026-08-27 15:28:00-04:00,91.0,91.01000213623047,90.93000030517578,90.94000244140625,74505
2026-08-27 15:29:00-04:00,91.04989624023438,91.13999938964844,91.0000991821289,91.00499725341797,259088
2026-08-27 15:30:00-04:00,91.1500015258789,91.1500015258789,90.94000244140625,91.04000091552734,178101
2026-08-27 15:31:00-04:00,91.23100280761719,91.25,91.06999969482422,91.14659881591797,227481
2026-08-27 15:32:00-04:00,91.2249984741211,91.26499938964844,91.2125015258789,91.23999786376953,121335
2026-08-27 15:33:00-04:00,91.13999938964844,91.2699966430664,91.06500244140625,91.2300033569336,255496
2026-08-27 15:34:00-04:00,91.25800323486328,91.25800323486328,91.1449966430664,91.1449966430664,109104
2026-08-27 15:35:00-04:00,91.2249984741211,91.29000091552734,91.11000061035156,91.26000213623047,245265
2026-08-27 15:36:00-04:00,91.29499816894531,91.30680084228516,91.20999908447266,91.2300033569336,108080
2026-08-27 15:37:00-04:00,91.33499908447266,91.3499984741211,91.27020263671875,91.29499816894531,167665
2026-08-27 15:38:00-04:00,91.3550033569336,91.37000274658203,91.32499694824219,91.32990264892578,84579
2026-08-27 15:39:00-04:00,91.33399963378906,91.38999938964844,91.33000183105469,91.3550033569336,184379
2026-08-27 15:40:00-04:00,91.30000305175781,91.3550033569336,91.26000213623047,91.33000183105469,200088
2026-08-27 15:41:00-04:00,91.32499694824219,91.33989715576172,91.22000122070312,91.2947998046875,133147
2026-08-27 15:42:00-04:00,91.29499816894531,91.33000183105469,91.25,91.33000183105469,162478
2026-08-27 15:43:00-04:00,91.31999969482422,91.34500122070312,91.2750015258789,91.29000091552734,153375
2026-08-27 15:44:00-04:00,91.37999725341797,91.4000015258789,91.31999969482422,91.31999969482422,194214
2026-08-27 15:45:00-04:00,91.08499908447266,91.37000274658203,91.06500244140625,91.37000274658203,279108
2026-08-27 15:46:00-04:00,91.08999633789062,91.3499984741211,91.05000305175781,91.0895004272461,316848
2026-08-27 15:47:00-04:00,91.11499786376953,91.13999938964844,91.08000183105469,91.08499908447266,110670
2026-08-27 15:48:00-04:00,91.23059844970703,91.25,91.08999633789062,91.11499786376953,130527
2026-08-27 15:49:00-04:00,91.30010223388672,91.31999969482422,91.23999786376953,91.24500274658203,117621
2026-08-27 15:50:00-04:00,91.2750015258789,91.3499984741211,91.20099639892578,91.30000305175781,365416
2026-08-27 15:51:00-04:00,91.28500366210938,91.34500122070312,91.26000213623047,91.27999877929688,192885
2026-08-27 15:52:00-04:00,91.38500213623047,91.4000015258789,91.29000091552734,91.29000091552734,204954
2026-08-27 15:53:00-04:00,91.3949966430664,91.47000122070312,91.36009979248047,91.38999938964844,240850
2026-08-27 15:54:00-04:00,91.44529724121094,91.5999984741211,91.37999725341797,91.4000015258789,403694
2026-08-27 15:55:00-04:00,91.79930114746094,91.79930114746094,91.3499984741211,91.44000244140625,566785
2026-08-27 15:56:00-04:00,91.79000091552734,91.88999938964844,91.70999908447266,91.80000305175781,567245
2026-08-27 15:57:00-04:00,91.95500183105469,91.95500183105469,91.76010131835938,91.79000091552734,579095
2026-08-27 15:58:00-04:00,92.06500244140625,92.0999984741211,91.95500183105469,91.95500183105469,936355
2026-08-27 15:59:00-04:00,92.06999969482422,92.18000030517578,92.01499938964844,92.06500244140625,1839174
2026-08-28 09:30:00-04:00,90.74099731445312,90.79000091552734,89.97000122070312,90.2699966430664,3551061
2026-08-28 09:31:00-04:00,90.4800033569336,90.83000183105469,90.41999816894531,90.72000122070312,420548
2026-08-28 09:32:00-04:00,90.61000061035156,90.73999786376953,90.37000274658203,90.41000366210938,293175
2026-08-28 09:33:00-04:00,90.8499984741211,90.92990112304688,90.53230285644531,90.62000274658203,385494
2026-08-28 09:34:00-04:00,91.18620300292969,91.18620300292969,90.72000122070312,90.83000183105469,412496
2026-08-28 09:35:00-04:00,91.2300033569336,91.30000305175781,90.76000213623047,91.19000244140625,528576
2026-08-28 09:36:00-04:00,91.44999694824219,91.54000091552734,91.0000991821289,91.23999786376953,370979
2026-08-28 09:37:00-04:00,91.4800033569336,91.7300033569336,91.41000366210938,91.44499969482422,418786
2026-08-28 09:38:00-04:00,91.7699966430664,91.77999877929688,91.36009979248047,91.48999786376953,282861
2026-08-28 09:39:00-04:00,92.10050201416016,92.1530990600586,91.5999984741211,91.80000305175781,429404
2026-08-28 09:40:00-04:00,92.55000305175781,92.55950164794922,92.0,92.08999633789062,494984
2026-08-28 09:41:00-04:00,92.27999877929688,92.5999984741211,91.99729919433594,92.55999755859375,648851
2026-08-28 09:42:00-04:00,92.57499694824219,92.68000030517578,92.0199966430664,92.29000091552734,372870
2026-08-28 09:43:00-04:00,92.18000030517578,92.66999816894531,92.11219787597656,92.5999984741211,325505
2026-08-28 09:44:00-04:00,92.46499633789062,92.53990173339844,92.0999984741211,92.20999908447266,297954
2026-08-28 09:45:00-04:00,92.66500091552734,92.69000244140625,92.45999908447266,92.45999908447266,286718
2026-08-28 09:46:00-04:00,92.69999694824219,92.83000183105469,92.54000091552734,92.64859771728516,510440
2026-08-28 09:47:00-04:00,92.81500244140625,92.86000061035156,92.58999633789062,92.70999908447266,328217
2026-08-28 09:48:00-04:00,93.10440063476562,93.12989807128906,92.75,92.81500244140625,508768
2026-08-28 09:49:00-04:00,92.87999725341797,93.16999816894531,92.75,93.11000061035156,773070
2026-08-28 09:50:00-04:00,92.91000366210938,93.05999755859375,92.78009796142578,92.88999938964844,470579
2026-08-28 09:51:00-04:00,92.54000091552734,93.05000305175781,92.44999694824219,92.9000015258789,490083
2026-08-28 09:52:00-04:00,92.5999984741211,92.86000061035156,92.4000015258789,92.54730224609375,360583
2026-08-28 09:53:00-04:00,92.94000244140625,92.96080017089844,92.62000274658203,92.625,386169
2026-08-28 09:54:00-04:00,92.79630279541016,93.16999816894531,92.74410247802734,92.93280029296875,579841
2026-08-28 09:55:00-04:00,92.7699966430664,92.87000274658203,92.6500015258789,92.78500366210938,368875
2026-08-28 09:56:00-04:00,93.03050231933594,93.04000091552734,92.76000213623047,92.7699966430664,306060
2026-08-28 09:57:00-04:00,93.27999877929688,93.31999969482422,92.96099853515625,93.01000213623047,433715
2026-08-28 09:58:00-04:00,93.5199966430664,93.54000091552734,93.26699829101562,93.27999877929688,586542
2026-08-28 09:59:00-04:00,93.11000061035156,93.69999694824219,93.08000183105469,93.51319885253906,512096
2026-08-28 10:00:00-04:00,93.44819641113281,93.5,92.91999816894531,93.12999725341797,440244
2026-08-28 10:01:00-04:00,92.91999816894531,93.51499938964844,92.87999725341797,93.45939636230469,382973
2026-08-28 10:02:00-04:00,92.73500061035156,93.02999877929688,92.55999755859375,92.9104995727539,1024497
2026-08-28 10:03:00-04:00,92.30999755859375,92.76000213623047,92.30999755859375,92.73500061035156,257492
2026-08-28 10:04:00-04:00,92.41940307617188,92.46499633789062,92.16010284423828,92.32050323486328,292591
2026-08-28 10:05:00-04:00,92.10220336914062,92.5,92.08000183105469,92.41500091552734,288885
2026-08-28 10:06:00-04:00,92.04000091552734,92.18000030517578,91.77269744873047,92.0999984741211,423198
2026-08-28 10:07:00-04:00,91.84500122070312,92.05500030517578,91.75,92.0,241131
2026-08-28 10:08:00-04:00,92.20999908447266,92.20999908447266,91.66999816894531,91.83499908447266,368167
2026-08-28 10:09:00-04:00,91.99500274658203,92.27999877929688,91.98059844970703,92.24199676513672,331928
2026-08-28 10:10:00-04:00,91.78500366210938,92.13999938964844,91.77999877929688,92.0,266244
2026-08-28 10:11:00-04:00,91.68820190429688,91.87879943847656,91.55000305175781,91.78500366210938,280501
2026-08-28 10:12:00-04:00,91.52290344238281,91.70999908447266,91.30999755859375,91.69000244140625,437325
2026-08-28 10:13:00-04:00,91.2249984741211,91.52999877929688,91.05000305175781,91.51499938964844,478133
2026-08-28 10:14:00-04:00,91.25,91.3499984741211,91.1500015258789,91.23999786376953,223993
2026-08-28 10:15:00-04:00,91.37000274658203,91.44999694824219,91.22000122070312,91.2761001586914,211633
2026-08-28 10:16:00-04:00,91.5,91.5385971069336,91.30000305175781,91.38999938964844,255356
2026-08-28 10:17:00-04:00,91.62259674072266,91.68499755859375,91.37000274658203,91.50299835205078,284779
2026-08-28 10:18:00-04:00,91.53500366210938,91.75,91.51000213623047,91.6240005493164,242241
2026-08-28 10:19:00-04:00,91.68000030517578,91.83999633789062,91.52999877929688,91.52999877929688,211332
2026-08-28 10:20:00-04:00,91.61000061035156,91.8550033569336,91.61000061035156,91.69999694824219,182663
2026-08-28 10:21:00-04:00,91.98999786376953,92.05999755859375,91.61000061035156,91.61620330810547,229138
2026-08-28 10:22:00-04:00,92.1449966430664,92.19000244140625,91.88999938964844,92.0,274682
2026-08-28 10:23:00-04:00,91.92500305175781,92.14859771728516,91.90499877929688,92.14070129394531,238761
2026-08-28 10:24:00-04:00,91.97000122070312,92.0,91.72000122070312,91.91999816894531,272485
2026-08-28 10:25:00-04:00,92.0,92.16999816894531,91.95999908447266,92.0199966430664,240774
2026-08-28 10:26:00-04:00,91.99250030517578,92.0199966430664,91.70999908447266,91.96990203857422,222736
2026-08-28 10:27:00-04:00,91.94010162353516,92.03780364990234,91.87000274658203,92.00489807128906,144333
2026-08-28 10:28:00-04:00,91.94740295410156,92.05000305175781,91.90280151367188,91.95999908447266,144670
2026-08-28 10:29:00-04:00,92.11000061035156,92.11000061035156,91.89990234375,91.93499755859375,160397
2026-08-28 10:30:00-04:00,92.0250015258789,92.12999725341797,91.94999694824219,92.0999984741211,166587
2026-08-28 10:31:00-04:00,92.05000305175781,92.1500015258789,91.93000030517578,92.0199966430664,215598
2026-08-28 10:32:00-04:00,92.0531005859375,92.20999908447266,91.94000244140625,92.05000305175781,197930
2026-08-28 10:33:00-04:00,92.12999725341797,92.19999694824219,91.95010375976562,92.0199966430664,158317
2026-08-28 10:34:00-04:00,92.26499938964844,92.32839965820312,92.11000061035156,92.12989807128906,288378
2026-08-28 10:35:00-04:00,92.1500015258789,92.31999969482422,92.08000183105469,92.2500991821289,178172
2026-08-28 10:36:00-04:00,92.16639709472656,92.29000091552734,92.0999984741211,92.12999725341797,119798
2026-08-28 10:37:00-04:00,92.33000183105469,92.37999725341797,92.16000366210938,92.16000366210938,180808
2026-08-28 10:38:00-04:00,92.41999816894531,92.52189636230469,92.30999755859375,92.33499908447266,285997
2026-08-28 10:39:00-04:00,92.3510971069336,92.45999908447266,92.2699966430664,92.41999816894531,199135
2026-08-28 10:40:00-04:00,92.385498046875,92.44999694824219,92.30500030517578,92.3499984741211,193687
2026-08-28 10:41:00-04:00,92.2531967163086,92.43000030517578,92.2300033569336,92.4000015258789,147811
2026-08-28 10:42:00-04:00,92.41000366210938,92.44989776611328,92.21199798583984,92.26000213623047,151620
2026-08-28 10:43:00-04:00,92.5,92.55999755859375,92.4000015258789,92.40989685058594,181539
2026-08-28 10:44:00-04:00,92.70999908447266,92.83000183105469,92.48999786376953,92.49500274658203,310409
2026-08-28 10:45:00-04:00,92.73999786376953,92.9000015258789,92.68009948730469,92.7249984741211,250754
2026-08-28 10:46:00-04:00,92.6449966430664,92.74500274658203,92.52439880371094,92.7394027709961,165494
2026-08-28 10:47:00-04:00,92.52310180664062,92.75990295410156,92.44499969482422,92.63999938964844,220066
2026-08-28 10:48:00-04:00,92.33000183105469,92.58999633789062,92.29000091552734,92.5,261831
2026-08-28 10:49:00-04:00,92.17500305175781,92.41570281982422,92.12999725341797,92.32499694824219,489969
2026-08-28 10:50:00-04:00,92.32949829101562,92.37999725341797,92.13999938964844,92.1698989868164,260023
2026-08-28 10:51:00-04:00,92.04499816894531,92.33999633789062,92.04409790039062,92.30000305175781,180722
2026-08-28 10:52:00-04:00,91.84500122070312,92.13569641113281,91.75,92.05500030517578,279298
2026-08-28 10:53:00-04:00,91.7750015258789,91.94000244140625,91.76499938964844,91.84500122070312,286253
2026-08-28 10:54:00-04:00,91.56009674072266,91.79000091552734,91.5,91.7699966430664,468145
2026-08-28 10:55:00-04:00,91.80010223388672,91.81999969482422,91.5,91.54000091552734,224429
2026-08-28 10:56:00-04:00,91.94499969482422,92.05999755859375,91.79000091552734,91.80000305175781,493227
2026-08-28 10:57:00-04:00,91.88999938964844,91.98999786376953,91.875,91.94000244140625,228191
2026-08-28 10:58:00-04:00,91.7959976196289,91.93000030517578,91.7699966430664,91.87000274658203,228520
2026-08-28 10:59:00-04:00,91.91000366210938,91.93499755859375,91.7699966430664,91.79499816894531,164122
2026-08-28 11:00:00-04:00,91.9000015258789,91.92579650878906,91.80000305175781,91.87989807128906,99489
2026-08-28 11:01:00-04:00,91.78990173339844,92.0199966430664,91.78009796142578,91.91950225830078,152216
2026-08-28 11:02:00-04:00,91.83999633789062,91.87000274658203,91.75,91.78500366210938,186575
2026-08-28 11:03:00-04:00,91.62480163574219,91.91000366210938,91.61000061035156,91.81990051269531,153072
2026-08-28 11:04:00-04:00,91.65499877929688,91.73999786376953,91.61000061035156,91.62999725341797,114566
2026-08-28 11:05:00-04:00,91.7300033569336,91.7499008178711,91.6144027709961,91.6449966430664,108474
2026-08-28 11:06:00-04:00,91.76000213623047,91.87149810791016,91.67500305175781,91.73999786376953,122298
2026-08-28 11:07:00-04:00,91.63999938964844,91.75060272216797,91.61000061035156,91.73999786376953,123667
2026-08-28 11:08:00-04:00,91.54000091552734,91.65390014648438,91.5199966430664,91.64450073242188,1135154
2026-08-28 11:09:00-04:00,91.63040161132812,91.7300033569336,91.54010009765625,91.54010009765625,187673
2026-08-28 11:10:00-04:00,91.58999633789062,91.67980194091797,91.55000305175781,91.63020324707031,94692
2026-08-28 11:11:00-04:00,91.58000183105469,91.63990020751953,91.52749633789062,91.56500244140625,101872
2026-08-28 11:12:00-04:00,91.56999969482422,91.61000061035156,91.51000213623047,91.56999969482422,70633
2026-08-28 11:13:00-04:00,91.70999908447266,91.75,91.55000305175781,91.56009674072266,104460
2026-08-28 11:14:00-04:00,91.54000091552734,91.77850341796875,91.5199966430664,91.68499755859375,190007
2026-08-28 11:15:00-04:00,91.73999786376953,91.82209777832031,91.52999877929688,91.54499816894531,174977
2026-08-28 11:16:00-04:00,91.4800033569336,91.95999908447266,91.47000122070312,91.7300033569336,365468
2026-08-28 11:17:00-04:00,91.41010284423828,91.55010223388672,91.41010284423828,91.4800033569336,157916
2026-08-28 11:18:00-04:00,91.48290252685547,91.54000091552734,91.4000015258789,91.4198989868164,123304
2026-08-28 11:19:00-04:00,91.55500030517578,91.63999938964844,91.44999694824219,91.4749984741211,115571
2026-08-28 11:20:00-04:00,91.76000213623047,91.76000213623047,91.55000305175781,91.55500030517578,144825
2026-08-28 11:21:00-04:00,91.58000183105469,91.76000213623047,91.48999786376953,91.76000213623047,140631
2026-08-28 11:22:00-04:00,91.47000122070312,91.63990020751953,91.40010070800781,91.59249877929688,129277
2026-08-28 11:23:00-04:00,91.625,91.63999938964844,91.47000122070312,91.47989654541016,113616
2026-08-28 11:24:00-04:00,91.55000305175781,91.62999725341797,91.54000091552734,91.62999725341797,93179
2026-08-28 11:25:00-04:00,91.68939971923828,91.68990325927734,91.5,91.55000305175781,96825
2026-08-28 11:26:00-04:00,91.65270233154297,91.77999877929688,91.62000274658203,91.69000244140625,128026
2026-08-28 11:27:00-04:00,91.63500213623047,91.68000030517578,91.58999633789062,91.65149688720703,67391
2026-08-28 11:28:00-04:00,91.66999816894531,91.68000030517578,91.59010314941406,91.62999725341797,71886
2026-08-28 11:29:00-04:00,91.67749786376953,91.69499969482422,91.63999938964844,91.6500015258789,62140
2026-08-28 11:30:00-04:00,91.69499969482422,91.76499938964844,91.67060089111328,91.67500305175781,143033
2026-08-28 11:31:00-04:00,91.68000030517578,91.72000122070312,91.62000274658203,91.69999694824219,83560
2026-08-28 11:32:00-04:00,91.63999938964844,91.7249984741211,91.62000274658203,91.66500091552734,70800
2026-08-28 11:33:00-04:00,91.57499694824219,91.6500015258789,91.57499694824219,91.63500213623047,83540
2026-08-28 11:34:00-04:00,91.41500091552734,91.6050033569336,91.41429901123047,91.58000183105469,114629
2026-08-28 11:35:00-04:00,91.45500183105469,91.47000122070312,91.38500213623047,91.41059875488281,119810
2026-08-28 11:36:00-04:00,91.47000122070312,91.54000091552734,91.41999816894531,91.42500305175781,108846
2026-08-28 11:37:00-04:00,91.3301010131836,91.46009826660156,91.33000183105469,91.46009826660156,109964
2026-08-28 11:38:00-04:00,91.3405990600586,91.40010070800781,91.30999755859375,91.33899688720703,100727
2026-08-28 11:39:00-04:00,91.20999908447266,91.33999633789062,91.19010162353516,91.33000183105469,203665
2026-08-28 11:40:00-04:00,90.83999633789062,91.19999694824219,90.81999969482422,91.19999694824219,344963
2026-08-28 11:41:00-04:00,90.9000015258789,90.91999816894531,90.77999877929688,90.83499908447266,240744
2026-08-28 11:42:00-04:00,90.73999786376953,90.92510223388672,90.70010375976562,90.9198989868164,227215
2026-08-28 11:43:00-04:00,90.77999877929688,90.82990264892578,90.65010070800781,90.7300033569336,208303
2026-08-28 11:44:00-04:00,90.625,90.77729797363281,90.5999984741211,90.77729797363281,176799
2026-08-28 11:45:00-04:00,90.58999633789062,90.66500091552734,90.51000213623047,90.62989807128906,189154
2026-08-28 11:46:00-04:00,90.41000366210938,90.5999984741211,90.4094009399414,90.58999633789062,1168680
2026-08-28 11:47:00-04:00,90.33380126953125,90.47850036621094,90.32939910888672,90.4186019897461,228250
2026-08-28 11:48:00-04:00,90.28009796142578,90.33499908447266,90.12000274658203,90.32499694824219,272735
2026-08-28 11:49:00-04:00,90.23999786376953,90.30999755859375,90.19349670410156,90.285400390625,205944
2026-08-28 11:50:00-04:00,90.11499786376953,90.33999633789062,90.0999984741211,90.23500061035156,168735
2026-08-28 11:51:00-04:00,90.00499725341797,90.18000030517578,89.98500061035156,90.11000061035156,363807
2026-08-28 11:52:00-04:00,89.96749877929688,90.0198974609375,89.86000061035156,90.00499725341797,354612
2026-08-28 11:53:00-04:00,90.16000366210938,90.30000305175781,89.93499755859375,89.96499633789062,273808
2026-08-28 11:54:00-04:00,90.29989624023438,90.29989624023438,90.08999633789062,90.16500091552734,158808
2026-08-28 11:55:00-04:00,90.0999984741211,90.30000305175781,90.0999984741211,90.29499816894531,250274
2026-08-28 11:56:00-04:00,89.92990112304688,90.12999725341797,89.9000015258789,90.0968017578125,268581
2026-08-28 11:57:00-04:00,89.88990020751953,89.95999908447266,89.82499694824219,89.92009735107422,190463
2026-08-28 11:58:00-04:00,89.9749984741211,89.9800033569336,89.80999755859375,89.87999725341797,215645
2026-08-28 11:59:00-04:00,89.91500091552734,90.05970001220703,89.87100219726562,89.97000122070312,231261
2026-08-28 12:00:00-04:00,89.73500061035156,89.96990203857422,89.72000122070312,89.91999816894531,242986
2026-08-28 12:01:00-04:00,89.57330322265625,89.75,89.40299987792969,89.73500061035156,368286
2026-08-28 12:02:00-04:00,89.5916976928711,89.66999816894531,89.44000244140625,89.58000183105469,276154
2026-08-28 12:03:00-04:00,89.75,89.75,89.59300231933594,89.60990142822266,201146
2026-08-28 12:04:00-04:00,89.59500122070312,89.85440063476562,89.57990264892578,89.7699966430664,248152
2026-08-28 12:05:00-04:00,89.83200073242188,89.83999633789062,89.58000183105469,89.58999633789062,265076
2026-08-28 12:06:00-04:00,89.91000366210938,89.94999694824219,89.7300033569336,89.84500122070312,234243
2026-08-28 12:07:00-04:00,90.0999984741211,90.10990142822266,89.88999938964844,89.91000366210938,230438
2026-08-28 12:08:00-04:00,90.2249984741211,90.2300033569336,90.05000305175781,90.0999984741211,195893
2026-08-28 12:09:00-04:00,90.30000305175781,90.37000274658203,90.22059631347656,90.222900390625,191905
2026-08-28 12:10:00-04:00,90.2667007446289,90.31999969482422,90.16000366210938,90.31999969482422,168239
2026-08-28 12:11:00-04:00,90.05000305175781,90.2699966430664,90.03140258789062,90.26499938964844,191087
2026-08-28 12:12:00-04:00,90.11499786376953,90.14990234375,89.96099853515625,90.04000091552734,156853
2026-08-28 12:13:00-04:00,89.93049621582031,90.125,89.91000366210938,90.08999633789062,150318
2026-08-28 12:14:00-04:00,89.8949966430664,90.06999969482422,89.8550033569336,89.91999816894531,154771
2026-08-28 12:15:00-04:00,89.77999877929688,89.9800033569336,89.7699966430664,89.88999938964844,129078
2026-08-28 12:16:00-04:00,89.72000122070312,89.80799865722656,89.6719970703125,89.78500366210938,172852
2026-08-28 12:17:00-04:00,89.63999938964844,89.74500274658203,89.5999984741211,89.73100280761719,169306
2026-08-28 12:18:00-04:00,89.47000122070312,89.68000030517578,89.44999694824219,89.6500015258789,200867
2026-08-28 12:19:00-04:00,89.5999984741211,89.63999938964844,89.44000244140625,89.45999908447266,139163
2026-08-28 12:20:00-04:00,89.51499938964844,89.66999816894531,89.4551010131836,89.59239959716797,159348
2026-08-28 12:21:00-04:00,89.55500030517578,89.55999755859375,89.37999725341797,89.5,140523
2026-08-28 12:22:00-04:00,89.5199966430664,89.55000305175781,89.44000244140625,89.54350280761719,82995
2026-08-28 12:23:00-04:00,89.50499725341797,89.5999984741211,89.45999908447266,89.5000991821289,101919
2026-08-28 12:24:00-04:00,89.47000122070312,89.54000091552734,89.3499984741211,89.49500274658203,198635
2026-08-28 12:25:00-04:00,89.41010284423828,89.47979736328125,89.3499984741211,89.45999908447266,201306
2026-08-28 12:26:00-04:00,89.3499984741211,89.45999908447266,89.33000183105469,89.41500091552734,208746
2026-08-28 12:27:00-04:00,89.37750244140625,89.38999938964844,89.31500244140625,89.3550033569336,115564
2026-08-28 12:28:00-04:00,89.31999969482422,89.38990020751953,89.30000305175781,89.375,80602
2026-08-28 12:29:00-04:00,89.31999969482422,89.38200378417969,89.30999755859375,89.31990051269531,98777
2026-08-28 12:30:00-04:00,89.41000366210938,89.51000213623047,89.30999755859375,89.31500244140625,290523
2026-08-28 12:31:00-04:00,89.34940338134766,89.46990203857422,89.33999633789062,89.40989685058594,218809
2026-08-28 12:32:00-04:00,89.3949966430664,89.44999694824219,89.30999755859375,89.34500122070312,222238
2026-08-28 12:33:00-04:00,89.30999755859375,89.41000366210938,89.29000091552734,89.3949966430664,154857
2026-08-28 12:34:00-04:00,89.19999694824219,89.31999969482422,89.19999694824219,89.31999969482422,148054
2026-08-28 12:35:00-04:00,89.4749984741211,89.4800033569336,89.18000030517578,89.20999908447266,246345
2026-08-28 12:36:00-04:00,89.44999694824219,89.53990173339844,89.42009735107422,89.4749984741211,219808
2026-08-28 12:37:00-04:00,89.568603515625,89.62000274658203,89.45500183105469,89.46859741210938,138124
2026-08-28 12:38:00-04:00,89.61039733886719,89.69000244140625,89.55000305175781,89.55999755859375,155246
2026-08-28 12:39:00-04:00,89.58000183105469,89.61000061035156,89.4800033569336,89.6050033569336,109258
2026-08-28 12:40:00-04:00,89.51860046386719,89.61499786376953,89.41999816894531,89.56999969482422,87913
2026-08-28 12:41:00-04:00,89.41000366210938,89.51000213623047,89.31999969482422,89.51000213623047,158521
2026-08-28 12:42:00-04:00,89.39810180664062,89.48999786376953,89.36940002441406,89.40499877929688,394714
2026-08-28 12:43:00-04:00,89.44999694824219,89.44999694824219,89.29000091552734,89.40499877929688,101958
2026-08-28 12:44:00-04:00,89.48500061035156,89.48500061035156,89.40499877929688,89.43000030517578,44044
2026-08-28 12:45:00-04:00,89.69000244140625,89.70999908447266,89.4800033569336,89.48100280761719,205627
2026-08-28 12:46:00-04:00,89.77999877929688,89.82499694824219,89.68000030517578,89.71499633789062,126349
2026-08-28 12:47:00-04:00,89.88500213623047,89.9000015258789,89.7699966430664,89.77799987792969,109605
2026-08-28 12:48:00-04:00,90.0,90.04989624023438,89.86000061035156,89.89620208740234,185231
2026-08-28 12:49:00-04:00,89.95989990234375,90.02999877929688,89.8949966430664,89.98999786376953,117661
2026-08-28 12:50:00-04:00,89.91999816894531,90.02960205078125,89.91000366210938,89.93499755859375,122335
2026-08-28 12:51:00-04:00,90.05500030517578,90.06990051269531,89.91999816894531,89.93499755859375,76327
2026-08-28 12:52:00-04:00,90.09380340576172,90.0999984741211,89.95149993896484,90.06800079345703,161501
2026-08-28 12:53:00-04:00,89.9749984741211,90.09500122070312,89.97000122070312,90.09359741210938,71385
2026-08-28 12:54:00-04:00,89.80500030517578,90.0479965209961,89.76000213623047,89.97640228271484,147908
2026-08-28 12:55:00-04:00,89.80000305175781,89.81999969482422,89.70999908447266,89.80500030517578,142663
2026-08-28 12:56:00-04:00,89.79750061035156,89.83999633789062,89.72010040283203,89.79029846191406,82256
2026-08-28 12:57:00-04:00,89.86699676513672,89.91000366210938,89.77999877929688,89.79499816894531,175969
2026-08-28 12:58:00-04:00,89.87999725341797,89.9800033569336,89.81999969482422,89.86000061035156,96328
2026-08-28 12:59:00-04:00,89.82499694824219,89.88999938964844,89.82499694824219,89.87999725341797,42979
2026-08-28 13:00:00-04:00,89.51000213623047,89.84310150146484,89.51000213623047,89.82440185546875,205977
2026-08-28 13:01:00-04:00,89.41470336914062,89.52989959716797,89.38999938964844,89.52989959716797,149612
2026-08-28 13:02:00-04:00,89.44000244140625,89.58000183105469,89.37000274658203,89.41000366210938,137372
2026-08-28 13:03:00-04:00,89.47000122070312,89.50499725341797,89.40010070800781,89.40139770507812,93113
2026-08-28 13:04:00-04:00,89.4000015258789,89.61930084228516,89.4000015258789,89.47000122070312,189593
2026-08-28 13:05:00-04:00,89.31999969482422,89.41000366210938,89.27999877929688,89.41000366210938,142580
2026-08-28 13:06:00-04:00,89.18000030517578,89.31999969482422,89.12999725341797,89.30999755859375,143080
2026-08-28 13:07:00-04:00,89.26719665527344,89.27989959716797,89.17449951171875,89.17500305175781,111641
2026-08-28 13:08:00-04:00,89.34600067138672,89.35800170898438,89.23999786376953,89.26349639892578,95945
2026-08-28 13:09:00-04:00,89.33000183105469,89.43000030517578,89.31999969482422,89.34940338134766,85221
2026-08-28 13:10:00-04:00,89.2699966430664,89.36000061035156,89.22000122070312,89.33000183105469,158232
2026-08-28 13:11:00-04:00,89.27860260009766,89.2970962524414,89.23999786376953,89.26499938964844,76161
2026-08-28 13:12:00-04:00,89.35009765625,89.45999908447266,89.29000091552734,89.29000091552734,135599
2026-08-28 13:13:00-04:00,89.38200378417969,89.38999938964844,89.33000183105469,89.35749816894531,101140
2026-08-28 13:14:00-04:00,89.29499816894531,89.38990020751953,89.2699966430664,89.38500213623047,72772
2026-08-28 13:15:00-04:00,89.29000091552734,89.32859802246094,89.23210144042969,89.29000091552734,71741
2026-08-28 13:16:00-04:00,89.26000213623047,89.29000091552734,89.2300033569336,89.27760314941406,52124
2026-08-28 13:17:00-04:00,89.3406982421875,89.36799621582031,89.23370361328125,89.26000213623047,71940
2026-08-28 13:18:00-04:00,89.29499816894531,89.37000274658203,89.26010131835938,89.34500122070312,78395
2026-08-28 13:19:00-04:00,89.26360321044922,89.3499984741211,89.26010131835938,89.30999755859375,101686
2026-08-28 13:20:00-04:00,89.2300033569336,89.33999633789062,89.19999694824219,89.26750183105469,201603
2026-08-28 13:21:00-04:00,89.07499694824219,89.2249984741211,89.05999755859375,89.2249984741211,217472
2026-08-28 13:22:00-04:00,89.125,89.13999938964844,89.05000305175781,89.06999969482422,106043
2026-08-28 13:23:00-04:00,89.0999984741211,89.18990325927734,89.07270050048828,89.11150360107422,99383
2026-08-28 13:24:00-04:00,89.18000030517578,89.19000244140625,89.1050033569336,89.1050033569336,138814
2026-08-28 13:25:00-04:00,89.1500015258789,89.22000122070312,89.11000061035156,89.17500305175781,102710
2026-08-28 13:26:00-04:00,89.1449966430664,89.19499969482422,89.06999969482422,89.1500015258789,98497
2026-08-28 13:27:00-04:00,89.2020034790039,89.2300033569336,89.12999725341797,89.1500015258789,66433
2026-08-28 13:28:00-04:00,89.26000213623047,89.29000091552734,89.197998046875,89.20999908447266,77490
2026-08-28 13:29:00-04:00,89.2249984741211,89.2699966430664,89.22010040283203,89.26000213623047,191228
2026-08-28 13:30:00-04:00,89.18499755859375,89.23999786376953,89.14009857177734,89.22989654541016,103795
2026-08-28 13:31:00-04:00,89.17500305175781,89.20999908447266,89.11000061035156,89.19779968261719,115103
2026-08-28 13:32:00-04:00,89.25,89.2699966430664,89.16000366210938,89.18000030517578,103297
2026-08-28 13:33:00-04:00,89.24230194091797,89.30000305175781,89.2249984741211,89.26000213623047,92377
2026-08-28 13:34:00-04:00,89.19999694824219,89.24500274658203,89.18000030517578,89.23999786376953,104133
2026-08-28 13:35:00-04:00,89.25,89.26000213623047,89.19000244140625,89.19499969482422,61551
2026-08-28 13:36:00-04:00,89.26190185546875,89.28500366210938,89.2249984741211,89.25,66912
2026-08-28 13:37:00-04:00,89.2572021484375,89.31950378417969,89.20999908447266,89.26499938964844,72222
2026-08-28 13:38:00-04:00,89.22000122070312,89.2699966430664,89.16999816894531,89.26000213623047,71640
2026-08-28 13:39:00-04:00,89.1449966430664,89.2593994140625,89.12000274658203,89.20999908447266,143175
2026-08-28 13:40:00-04:00,89.23500061035156,89.26000213623047,89.11000061035156,89.12999725341797,128192
2026-08-28 13:41:00-04:00,89.25499725341797,89.29989624023438,89.20320129394531,89.23999786376953,109266
2026-08-28 13:42:00-04:00,89.2698974609375,89.29000091552734,89.22460174560547,89.25499725341797,74726
2026-08-28 13:43:00-04:00,89.2699966430664,89.33149719238281,89.23999786376953,89.26499938964844,72969
2026-08-28 13:44:00-04:00,89.2750015258789,89.27999877929688,89.2300033569336,89.27999877929688,53123
2026-08-28 13:45:00-04:00,89.34500122070312,89.36000061035156,89.25,89.2699966430664,104695
2026-08-28 13:46:00-04:00,89.37999725341797,89.41999816894531,89.32009887695312,89.34500122070312,243543
2026-08-28 13:47:00-04:00,89.29010009765625,89.38999938964844,89.29000091552734,89.37989807128906,135520
2026-08-28 13:48:00-04:00,89.59989929199219,89.59989929199219,89.29499816894531,89.29499816894531,169116
2026-08-28 13:49:00-04:00,89.66999816894531,89.69000244140625,89.57270050048828,89.58999633789062,80966
2026-08-28 13:50:00-04:00,89.56510162353516,89.6989974975586,89.55500030517578,89.66999816894531,125277
2026-08-28 13:51:00-04:00,89.62550354003906,89.64990234375,89.52999877929688,89.56999969482422,78846
2026-08-28 13:52:00-04:00,89.6050033569336,89.70999908447266,89.5999984741211,89.62999725341797,72536
2026-08-28 13:53:00-04:00,89.53990173339844,89.62999725341797,89.51000213623047,89.6050033569336,93318
2026-08-28 13:54:00-04:00,89.52999877929688,89.58999633789062,89.48999786376953,89.53500366210938,78263
2026-08-28 13:55:00-04:00,89.46499633789062,89.5199966430664,89.43000030517578,89.5199966430664,109320
2026-08-28 13:56:00-04:00,89.48999786376953,89.4999008178711,89.43000030517578,89.45010375976562,56267
2026-08-28 13:57:00-04:00,89.52999877929688,89.5469970703125,89.4728012084961,89.4999008178711,65853
2026-08-28 13:58:00-04:00,89.61009979248047,89.6249008178711,89.53469848632812,89.54000091552734,86192
2026-08-28 13:59:00-04:00,89.55999755859375,89.66000366210938,89.51000213623047,89.61000061035156,96195
2026-08-28 14:00:00-04:00,89.44390106201172,89.58000183105469,89.44000244140625,89.56500244140625,99652
2026-08-28 14:01:00-04:00,89.36990356445312,89.44499969482422,89.34049987792969,89.44000244140625,120018
2026-08-28 14:02:00-04:00,89.38500213623047,89.38999938964844,89.27999877929688,89.37999725341797,111110
2026-08-28 14:03:00-04:00,89.37000274658203,89.37999725341797,89.32499694824219,89.37999725341797,40666
2026-08-28 14:04:00-04:00,89.3010025024414,89.39240264892578,89.3010025024414,89.37000274658203,58059
2026-08-28 14:05:00-04:00,89.33999633789062,89.41999816894531,89.27999877929688,89.30000305175781,79895
2026-08-28 14:06:00-04:00,89.30999755859375,89.39990234375,89.27100372314453,89.35179901123047,60042
2026-08-28 14:07:00-04:00,89.375,89.41000366210938,89.29000091552734,89.32499694824219,65982
2026-08-28 14:08:00-04:00,89.37999725341797,89.39009857177734,89.33000183105469,89.37969970703125,40603
2026-08-28 14:09:00-04:00,89.33999633789062,89.41999816894531,89.31999969482422,89.38990020751953,70655
2026-08-28 14:10:00-04:00,89.36000061035156,89.37860107421875,89.33000183105469,89.3499984741211,46610
2026-08-28 14:11:00-04:00,89.40499877929688,89.43000030517578,89.33000183105469,89.3499984741211,57223
2026-08-28 14:12:00-04:00,89.40499877929688,89.44000244140625,89.36029815673828,89.38999938964844,75588
2026-08-28 14:13:00-04:00,89.41850280761719,89.43000030517578,89.31999969482422,89.40499877929688,85447
2026-08-28 14:14:00-04:00,89.3499984741211,89.43000030517578,89.3499984741211,89.42120361328125,45055
2026-08-28 14:15:00-04:00,89.41999816894531,89.43000030517578,89.34400177001953,89.3499984741211,58156
2026-08-28 14:16:00-04:00,89.41000366210938,89.45999908447266,89.4000015258789,89.41500091552734,84091
2026-08-28 14:17:00-04:00,89.44499969482422,89.45500183105469,89.38999938964844,89.40989685058594,69257
2026-08-28 14:18:00-04:00,89.45999908447266,89.51799774169922,89.44000244140625,89.44930267333984,77810
2026-08-28 14:19:00-04:00,89.45500183105469,89.47000122070312,89.43000030517578,89.45500183105469,45087
2026-08-28 14:20:00-04:00,89.50499725341797,89.52999877929688,89.43000030517578,89.44999694824219,86080
2026-08-28 14:21:00-04:00,89.5999984741211,89.5999984741211,89.49400329589844,89.5,57344
2026-08-28 14:22:00-04:00,89.52999877929688,89.59500122070312,89.52999877929688,89.59500122070312,66977
2026-08-28 14:23:00-04:00,89.44000244140625,89.54000091552734,89.43000030517578,89.52989959716797,104048
2026-08-28 14:24:00-04:00,89.45010375976562,89.49849700927734,89.431396484375,89.431396484375,88957
2026-08-28 14:25:00-04:00,89.46990203857422,89.48999786376953,89.43499755859375,89.44999694824219,56464
2026-08-28 14:26:00-04:00,89.53019714355469,89.55999755859375,89.45999908447266,89.46589660644531,78707
2026-08-28 14:27:00-04:00,89.62000274658203,89.63999938964844,89.52999877929688,89.54000091552734,158396
2026-08-28 14:28:00-04:00,89.56999969482422,89.62000274658203,89.54000091552734,89.61499786376953,103044
2026-08-28 14:29:00-04:00,89.56009674072266,89.5999984741211,89.55999755859375,89.5615005493164,93471
2026-08-28 14:30:00-04:00,89.55010223388672,89.5801010131836,89.52999877929688,89.56500244140625,78499
2026-08-28 14:31:00-04:00,89.58989715576172,89.5999984741211,89.54010009765625,89.55500030517578,67250
2026-08-28 14:32:00-04:00,89.54000091552734,89.60250091552734,89.54000091552734,89.58499908447266,51403
2026-08-28 14:33:00-04:00,89.56990051269531,89.57990264892578,89.510498046875,89.53269958496094,56764
2026-08-28 14:34:00-04:00,89.69000244140625,89.69999694824219,89.55500030517578,89.56999969482422,120698
2026-08-28 14:35:00-04:00,89.66500091552734,89.72989654541016,89.66010284423828,89.69000244140625,92823
2026-08-28 14:36:00-04:00,89.65989685058594,89.68000030517578,89.62999725341797,89.66500091552734,65760
2026-08-28 14:37:00-04:00,89.625,89.66950225830078,89.61000061035156,89.65499877929688,42261
2026-08-28 14:38:00-04:00,89.58499908447266,89.625,89.55999755859375,89.625,77268
2026-08-28 14:39:00-04:00,89.55059814453125,89.5999984741211,89.54000091552734,89.58999633789062,38759
2026-08-28 14:40:00-04:00,89.65499877929688,89.66500091552734,89.54000091552734,89.55000305175781,75977
2026-08-28 14:41:00-04:00,89.62999725341797,89.65989685058594,89.61000061035156,89.65989685058594,43060
2026-08-28 14:42:00-04:00,89.52999877929688,89.62999725341797,89.50499725341797,89.62999725341797,108153
2026-08-28 14:43:00-04:00,89.58059692382812,89.59500122070312,89.5199966430664,89.52989959716797,48333
2026-08-28 14:44:00-04:00,89.62000274658203,89.62850189208984,89.56009674072266,89.58000183105469,40524
2026-08-28 14:45:00-04:00,89.58999633789062,89.63999938964844,89.56999969482422,89.61000061035156,61373
2026-08-28 14:46:00-04:00,89.55000305175781,89.5999984741211,89.53500366210938,89.58499908447266,1040420
2026-08-28 14:47:00-04:00,89.55999755859375,89.58000183105469,89.54000091552734,89.55000305175781,104939
2026-08-28 14:48:00-04:00,89.48500061035156,89.58999633789062,89.4800033569336,89.55999755859375,125621
2026-08-28 14:49:00-04:00,89.51000213623047,89.55000305175781,89.4800033569336,89.48999786376953,57705
2026-08-28 14:50:00-04:00,89.41600036621094,89.5094985961914,89.37000274658203,89.50499725341797,163976
2026-08-28 14:51:00-04:00,89.47000122070312,89.51000213623047,89.41000366210938,89.42990112304688,65714
2026-08-28 14:52:00-04:00,89.43000030517578,89.48999786376953,89.41999816894531,89.4657974243164,47102
2026-08-28 14:53:00-04:00,89.52529907226562,89.54000091552734,89.4103012084961,89.42009735107422,84526
2026-08-28 14:54:00-04:00,89.4999008178711,89.55000305175781,89.47000122070312,89.5270004272461,91122
2026-08-28 14:55:00-04:00,89.4738998413086,89.48999786376953,89.41059875488281,89.48999786376953,78357
2026-08-28 14:56:00-04:00,89.529296875,89.52999877929688,89.46499633789062,89.48999786376953,55909
2026-08-28 14:57:00-04:00,89.54000091552734,89.55000305175781,89.51000213623047,89.5250015258789,82471
2026-08-28 14:58:00-04:00,89.5199966430664,89.53990173339844,89.46009826660156,89.53060150146484,40839
2026-08-28 14:59:00-04:00,89.53500366210938,89.55500030517578,89.51010131835938,89.54859924316406,50324
2026-08-28 15:00:00-04:00,89.45999908447266,89.58499908447266,89.45999908447266,89.52999877929688,111230
2026-08-28 15:01:00-04:00,89.71499633789062,89.71990203857422,89.47000122070312,89.4749984741211,99214
2026-08-28 15:02:00-04:00,89.77999877929688,89.80999755859375,89.69999694824219,89.70590209960938,150072
2026-08-28 15:03:00-04:00,89.81999969482422,89.83000183105469,89.72000122070312,89.78939819335938,98790
2026-08-28 15:04:00-04:00,89.66500091552734,89.82990264892578,89.61000061035156,89.80999755859375,99168
2026-08-28 15:05:00-04:00,89.76499938964844,89.81999969482422,89.61000061035156,89.66850280761719,163523
2026-08-28 15:06:00-04:00,89.5,89.80500030517578,89.5,89.7699966430664,160453
2026-08-28 15:07:00-04:00,89.7249984741211,89.73999786376953,89.48999786376953,89.49500274658203,171407
2026-08-28 15:08:00-04:00,89.76000213623047,89.7699966430664,89.69000244140625,89.72000122070312,115795
2026-08-28 15:09:00-04:00,89.79000091552734,89.79660034179688,89.7300033569336,89.7511978149414,70268
2026-08-28 15:10:00-04:00,89.62000274658203,89.79499816894531,89.6050033569336,89.79499816894531,100517
2026-08-28 15:11:00-04:00,89.6698989868164,89.69999694824219,89.62000274658203,89.63849639892578,77868
2026-08-28 15:12:00-04:00,89.63999938964844,89.69499969482422,89.62999725341797,89.6792984008789,61787
2026-08-28 15:13:00-04:00,89.61499786376953,89.66000366210938,89.58999633789062,89.6500015258789,88584
2026-08-28 15:14:00-04:00,89.63269805908203,89.66000366210938,89.55130004882812,89.61990356445312,89268
2026-08-28 15:15:00-04:00,89.63999938964844,89.68499755859375,89.55999755859375,89.63500213623047,72264
2026-08-28 15:16:00-04:00,89.55500030517578,89.63999938964844,89.54000091552734,89.63500213623047,57418
2026-08-28 15:17:00-04:00,89.58000183105469,89.5999984741211,89.54000091552734,89.55500030517578,70186
2026-08-28 15:18:00-04:00,89.55999755859375,89.58999633789062,89.53009796142578,89.56999969482422,56812
2026-08-28 15:19:00-04:00,89.65499877929688,89.66999816894531,89.56500244140625,89.56999969482422,82380
2026-08-28 15:20:00-04:00,89.7300033569336,89.73989868164062,89.63099670410156,89.65499877929688,82693
2026-08-28 15:21:00-04:00,89.68499755859375,89.76000213623047,89.66999816894531,89.72000122070312,77912
2026-08-28 15:22:00-04:00,89.70500183105469,89.72000122070312,89.66999816894531,89.68499755859375,76287
2026-08-28 15:23:00-04:00,89.70500183105469,89.72000122070312,89.66500091552734,89.70020294189453,67156
2026-08-28 15:24:00-04:00,89.71499633789062,89.76000213623047,89.69499969482422,89.70999908447266,55904
2026-08-28 15:25:00-04:00,89.7699966430664,89.7750015258789,89.67150115966797,89.71499633789062,89334
2026-08-28 15:26:00-04:00,89.79499816894531,89.81999969482422,89.73999786376953,89.76499938964844,105771
2026-08-28 15:27:00-04:00,89.81500244140625,89.85990142822266,89.79000091552734,89.79499816894531,94204
2026-08-28 15:28:00-04:00,89.82499694824219,89.86000061035156,89.80000305175781,89.81500244140625,92201
2026-08-28 15:29:00-04:00,89.9197006225586,90.02059936523438,89.81999969482422,89.82499694824219,178395
2026-08-28 15:30:00-04:00,89.87000274658203,89.93379974365234,89.76000213623047,89.91999816894531,279197
2026-08-28 15:31:00-04:00,89.8499984741211,89.88999938964844,89.83000183105469,89.8499984741211,118596
2026-08-28 15:32:00-04:00,89.8550033569336,89.94999694824219,89.83000183105469,89.8499984741211,96347
2026-08-28 15:33:00-04:00,89.77999877929688,89.86000061035156,89.7699966430664,89.8550033569336,195675
2026-08-28 15:34:00-04:00,89.7249984741211,89.79000091552734,89.70999908447266,89.77999877929688,64485
2026-08-28 15:35:00-04:00,89.70500183105469,89.74610137939453,89.62999725341797,89.7249984741211,101604
2026-08-28 15:36:00-04:00,89.62989807128906,89.70500183105469,89.5999984741211,89.70500183105469,145954
2026-08-28 15:37:00-04:00,89.66000366210938,89.66850280761719,89.61000061035156,89.625,104848
2026-08-28 15:38:00-04:00,89.63500213623047,89.68000030517578,89.61000061035156,89.66000366210938,80341
2026-08-28 15:39:00-04:00,89.68000030517578,89.68000030517578,89.62000274658203,89.63500213623047,94996
2026-08-28 15:40:00-04:00,89.79000091552734,89.80000305175781,89.66000366210938,89.67500305175781,156966
2026-08-28 15:41:00-04:00,89.78500366210938,89.80500030517578,89.76000213623047,89.78500366210938,92685
2026-08-28 15:42:00-04:00,89.8499984741211,89.87000274658203,89.7699966430664,89.79000091552734,109281
2026-08-28 15:43:00-04:00,89.86499786376953,89.88999938964844,89.81500244140625,89.84500122070312,122311
2026-08-28 15:44:00-04:00,89.82009887695312,89.8949966430664,89.80000305175781,89.87000274658203,128678
2026-08-28 15:45:00-04:00,89.83999633789062,89.9186019897461,89.81009674072266,89.81999969482422,211481
2026-08-28 15:46:00-04:00,89.78009796142578,89.83999633789062,89.7300033569336,89.83000183105469,138697
2026-08-28 15:47:00-04:00,89.80999755859375,89.80999755859375,89.7500991821289,89.77999877929688,112794
2026-08-28 15:48:00-04:00,89.81500244140625,89.83989715576172,89.77999877929688,89.81500244140625,115852
2026-08-28 15:49:00-04:00,89.875,89.91000366210938,89.8147964477539,89.8147964477539,141120
2026-08-28 15:50:00-04:00,89.91500091552734,90.0,89.77010345458984,89.88999938964844,294000
2026-08-28 15:51:00-04:00,89.70500183105469,89.97989654541016,89.69999694824219,89.91000366210938,275501
2026-08-28 15:52:00-04:00,89.67400360107422,89.75,89.67009735107422,89.70500183105469,211446
2026-08-28 15:53:00-04:00,89.6500015258789,89.68990325927734,89.52999877929688,89.66999816894531,328389
2026-08-28 15:54:00-04:00,89.5199966430664,89.75,89.51000213623047,89.6500015258789,345481
2026-08-28 15:55:00-04:00,89.6449966430664,89.6449966430664,89.3550033569336,89.52999877929688,516247
2026-08-28 15:56:00-04:00,89.48999786376953,89.67849731445312,89.44000244140625,89.63999938964844,312825
2026-08-28 15:57:00-04:00,89.51000213623047,89.54000091552734,89.41999816894531,89.48989868164062,431830
2026-08-28 15:58:00-04:00,89.42500305175781,89.55999755859375,89.41000366210938,89.51000213623047,439960
2026-08-28 15:59:00-04:00,89.47000122070312,89.55000305175781,89.3499984741211,89.43000030517578,1085195
2026-08-31 09:30:00-04:00,91.14240264892578,91.16500091552734,89.9000015258789,90.0,4297016
2026-08-31 09:31:00-04:00,91.26190185546875,91.84310150146484,91.06999969482422,91.18000030517578,1066897
2026-08-31 09:32:00-04:00,91.27799987792969,91.75740051269531,91.16410064697266,91.29450225830078,714907
2026-08-31 09:33:00-04:00,90.63999938964844,91.33999633789062,90.58999633789062,91.27999877929688,648604
2026-08-31 09:34:00-04:00,90.92500305175781,90.93000030517578,90.36199951171875,90.63999938964844,479256
2026-08-31 09:35:00-04:00,90.26000213623047,90.9437026977539,90.24500274658203,90.93000030517578,332547
2026-08-31 09:36:00-04:00,90.10990142822266,90.4645004272461,90.08300018310547,90.25,333799
2026-08-31 09:37:00-04:00,90.31500244140625,90.41999816894531,89.96549987792969,90.09269714355469,320933
2026-08-31 09:38:00-04:00,90.09600067138672,90.55000305175781,90.06500244140625,90.31500244140625,452630
2026-08-31 09:39:00-04:00,89.94010162353516,90.14990234375,89.86100006103516,90.08999633789062,296984
2026-08-31 09:40:00-04:00,89.9749984741211,90.08999633789062,89.80999755859375,89.94000244140625,263445
2026-08-31 09:41:00-04:00,90.47000122070312,90.48999786376953,89.88999938964844,89.97000122070312,449090
2026-08-31 09:42:00-04:00,90.68000030517578,90.75,90.30000305175781,90.47000122070312,389750
2026-08-31 09:43:00-04:00,90.65589904785156,90.88999938964844,90.62000274658203,90.67140197753906,280534
2026-08-31 09:44:00-04:00,90.66010284423828,90.8499984741211,90.61000061035156,90.67500305175781,269846
2026-08-31 09:45:00-04:00,90.63500213623047,90.77999877929688,90.41999816894531,90.65499877929688,379904
2026-08-31 09:46:00-04:00,90.70999908447266,90.79000091552734,90.40499877929688,90.62000274658203,333688
2026-08-31 09:47:00-04:00,91.08000183105469,91.11000061035156,90.45140075683594,90.70999908447266,620261
2026-08-31 09:48:00-04:00,91.04149627685547,91.12000274658203,90.87000274658203,91.04669952392578,262738
2026-08-31 09:49:00-04:00,90.88999938964844,91.08979797363281,90.72000122070312,91.04000091552734,312282
2026-08-31 09:50:00-04:00,90.62960052490234,90.93000030517578,90.58000183105469,90.88999938964844,298801
2026-08-31 09:51:00-04:00,90.86599731445312,90.93000030517578,90.61000061035156,90.62809753417969,263412
2026-08-31 09:52:00-04:00,90.48999786376953,90.91999816894531,90.47000122070312,90.86000061035156,234724
2026-08-31 09:53:00-04:00,90.8550033569336,90.87000274658203,90.43000030517578,90.4749984741211,236923
2026-08-31 09:54:00-04:00,90.55999755859375,90.83499908447266,90.54000091552734,90.83499908447266,187310
2026-08-31 09:55:00-04:00,90.65499877929688,90.68000030517578,90.364501953125,90.56999969482422,365523
2026-08-31 09:56:00-04:00,90.25499725341797,90.65499877929688,90.25,90.65499877929688,237591
2026-08-31 09:57:00-04:00,90.41999816894531,90.47000122070312,90.25,90.25340270996094,217322
2026-08-31 09:58:00-04:00,90.44000244140625,90.50990295410156,90.34200286865234,90.41999816894531,185937
2026-08-31 09:59:00-04:00,90.37000274658203,90.46990203857422,90.3499984741211,90.44000244140625,144957
2026-08-31 10:00:00-04:00,90.37999725341797,90.54000091552734,90.33000183105469,90.375,153961
2026-08-31 10:01:00-04:00,90.31999969482422,90.55000305175781,90.31500244140625,90.37020111083984,209522
2026-08-31 10:02:00-04:00,89.95999908447266,90.34500122070312,89.93000030517578,90.32499694824219,307590
2026-08-31 10:03:00-04:00,89.91000366210938,90.0199966430664,89.9000015258789,89.93000030517578,271836
2026-08-31 10:04:00-04:00,89.91999816894531,90.06099700927734,89.87999725341797,89.91000366210938,192833
2026-08-31 10:05:00-04:00,90.14520263671875,90.20999908447266,89.84339904785156,89.91000366210938,208341
2026-08-31 10:06:00-04:00,89.87000274658203,90.18000030517578,89.8499984741211,90.1500015258789,181644
2026-08-31 10:07:00-04:00,89.91999816894531,90.0999984741211,89.83999633789062,89.84529876708984,200020
2026-08-31 10:08:00-04:00,90.01000213623047,90.08399963378906,89.87999725341797,89.93000030517578,162923
2026-08-31 10:09:00-04:00,89.98999786376953,90.12000274658203,89.96990203857422,90.0,136258
2026-08-31 10:10:00-04:00,90.16000366210938,90.22000122070312,89.96949768066406,89.9800033569336,143576
2026-08-31 10:11:00-04:00,90.01000213623047,90.16000366210938,90.0,90.16000366210938,191564
2026-08-31 10:12:00-04:00,89.9800033569336,90.04000091552734,89.91999816894531,90.02290344238281,145570
2026-08-31 10:13:00-04:00,89.9749984741211,90.01000213623047,89.88500213623047,89.97000122070312,135249
2026-08-31 10:14:00-04:00,90.02010345458984,90.08000183105469,89.91390228271484,89.96499633789062,174728
2026-08-31 10:15:00-04:00,89.97000122070312,90.0199966430664,89.92060089111328,90.0199966430664,118746
2026-08-31 10:16:00-04:00,90.16000366210938,90.19000244140625,89.94000244140625,89.9800033569336,189256
2026-08-31 10:17:00-04:00,90.05999755859375,90.16999816894531,89.98500061035156,90.15499877929688,186700
2026-08-31 10:18:00-04:00,89.92500305175781,90.14990234375,89.9000015258789,90.05999755859375,186054
2026-08-31 10:19:00-04:00,89.92500305175781,90.00990295410156,89.87999725341797,89.91500091552734,154471
2026-08-31 10:20:00-04:00,89.99459838867188,89.99980163574219,89.76000213623047,89.92569732666016,264680
2026-08-31 10:21:00-04:00,90.08499908447266,90.1395034790039,89.92500305175781,89.9999008178711,220197
2026-08-31 10:22:00-04:00,89.92500305175781,90.1050033569336,89.91999816894531,90.08499908447266,123823
2026-08-31 10:23:00-04:00,89.80999755859375,89.91500091552734,89.76000213623047,89.91410064697266,164970
2026-08-31 10:24:00-04:00,89.75,89.87999725341797,89.68000030517578,89.81620025634766,186308
2026-08-31 10:25:00-04:00,89.80999755859375,89.84500122070312,89.71050262451172,89.75990295410156,109464
2026-08-31 10:26:00-04:00,89.83000183105469,89.90989685058594,89.7699966430664,89.81500244140625,121752
2026-08-31 10:27:00-04:00,89.87999725341797,89.90170288085938,89.7699966430664,89.8207015991211,159767
2026-08-31 10:28:00-04:00,89.97000122070312,89.98999786376953,89.83000183105469,89.88500213623047,128425
2026-08-31 10:29:00-04:00,89.87000274658203,89.9800033569336,89.83000183105469,89.9800033569336,91285
2026-08-31 10:30:00-04:00,89.95500183105469,90.04000091552734,89.80999755859375,89.8550033569336,150192
2026-08-31 10:31:00-04:00,89.9093017578125,89.9749984741211,89.82499694824219,89.95989990234375,118007
2026-08-31 10:32:00-04:00,89.88500213623047,89.95500183105469,89.86000061035156,89.88500213623047,82104
2026-08-31 10:33:00-04:00,89.9000015258789,89.94000244140625,89.81439971923828,89.87999725341797,72843
2026-08-31 10:34:00-04:00,89.98999786376953,90.0199966430664,89.90119934082031,89.90450286865234,107199
2026-08-31 10:35:00-04:00,90.08000183105469,90.11000061035156,89.93000030517578,89.98999786376953,146506
2026-08-31 10:36:00-04:00,90.0999984741211,90.1449966430664,90.05000305175781,90.07499694824219,110444
2026-08-31 10:37:00-04:00,89.99500274658203,90.14839935302734,89.9800033569336,90.0999984741211,178789
2026-08-31 10:38:00-04:00,89.94000244140625,90.03849792480469,89.92040252685547,89.99500274658203,90816
2026-08-31 10:39:00-04:00,89.9800033569336,89.98999786376953,89.9000015258789,89.94000244140625,83415
2026-08-31 10:40:00-04:00,90.03170013427734,90.1449966430664,89.94000244140625,89.98090362548828,142874
2026-08-31 10:41:00-04:00,90.04000091552734,90.08999633789062,89.95999908447266,90.02999877929688,75260
2026-08-31 10:42:00-04:00,90.20010375976562,90.2699966430664,90.04499816894531,90.04840087890625,260215
2026-08-31 10:43:00-04:00,90.22129821777344,90.23999786376953,90.16000366210938,90.19999694824219,85094
2026-08-31 10:44:00-04:00,90.19999694824219,90.2699966430664,90.1449966430664,90.21499633789062,121706
2026-08-31 10:45:00-04:00,90.08999633789062,90.22509765625,90.08999633789062,90.19499969482422,94080
2026-08-31 10:46:00-04:00,90.09500122070312,90.13999938964844,90.04499816894531,90.08999633789062,77679
2026-08-31 10:47:00-04:00,89.91500091552734,90.09500122070312,89.87999725341797,90.09500122070312,152089
2026-08-31 10:48:00-04:00,89.8677978515625,89.9800033569336,89.8499984741211,89.91500091552734,157109
2026-08-31 10:49:00-04:00,89.79010009765625,89.87999725341797,89.75,89.87000274658203,143928
2026-08-31 10:50:00-04:00,89.91000366210938,89.93000030517578,89.74500274658203,89.78500366210938,134179
2026-08-31 10:51:00-04:00,89.8302993774414,89.88999938964844,89.76390075683594,89.88999938964844,142870
2026-08-31 10:52:00-04:00,89.76000213623047,89.81999969482422,89.69999694824219,89.81999969482422,127813
2026-08-31 10:53:00-04:00,89.68939971923828,89.76000213623047,89.62999725341797,89.76000213623047,139362
2026-08-31 10:54:00-04:00,89.81500244140625,89.88999938964844,89.68499755859375,89.69000244140625,162217
2026-08-31 10:55:00-04:00,89.78990173339844,89.87999725341797,89.76000213623047,89.81500244140625,79843
2026-08-31 10:56:00-04:00,89.83000183105469,89.89189910888672,89.7750015258789,89.77999877929688,99193
2026-08-31 10:57:00-04:00,89.91999816894531,89.94999694824219,89.80000305175781,89.83000183105469,152268
2026-08-31 10:58:00-04:00,89.7750015258789,89.94000244140625,89.76000213623047,89.91500091552734,111287
2026-08-31 10:59:00-04:00,89.83679962158203,89.86589813232422,89.75019836425781,89.7699966430664,106762
2026-08-31 11:00:00-04:00,89.81500244140625,89.91950225830078,89.7750015258789,89.8499984741211,305918
2026-08-31 11:01:00-04:00,89.75299835205078,89.86000061035156,89.70999908447266,89.81990051269531,88601
2026-08-31 11:02:00-04:00,89.66000366210938,89.80999755859375,89.63500213623047,89.76000213623047,174473
2026-08-31 11:03:00-04:00,89.69000244140625,89.7300033569336,89.55000305175781,89.66729736328125,248115
2026-08-31 11:04:00-04:00,89.69080352783203,89.7699966430664,89.58999633789062,89.68299865722656,124476
2026-08-31 11:05:00-04:00,89.7699966430664,89.77999877929688,89.6500015258789,89.69000244140625,98159
2026-08-31 11:06:00-04:00,89.7406005859375,89.76000213623047,89.68000030517578,89.76000213623047,109733
2026-08-31 11:07:00-04:00,89.66500091552734,89.79070281982422,89.66500091552734,89.74009704589844,96721
2026-08-31 11:08:00-04:00,89.62999725341797,89.66999816894531,89.55500030517578,89.66000366210938,130326
2026-08-31 11:09:00-04:00,89.60600280761719,89.66000366210938,89.59010314941406,89.63500213623047,76862
2026-08-31 11:10:00-04:00,89.6261978149414,89.73999786376953,89.5999984741211,89.5999984741211,106680
2026-08-31 11:11:00-04:00,89.55989837646484,89.625,89.53009796142578,89.62000274658203,94224
2026-08-31 11:12:00-04:00,89.66500091552734,89.66999816894531,89.55000305175781,89.56500244140625,103768
2026-08-31 11:13:00-04:00,89.65499877929688,89.69999694824219,89.61000061035156,89.66419982910156,98781
2026-08-31 11:14:00-04:00,89.72200012207031,89.7300033569336,89.61000061035156,89.63999938964844,75119
2026-08-31 11:15:00-04:00,89.68499755859375,89.77999877929688,89.67420196533203,89.7300033569336,87674
2026-08-31 11:16:00-04:00,89.70999908447266,89.78299713134766,89.68000030517578,89.69000244140625,87692
2026-08-31 11:17:00-04:00,89.67500305175781,89.70999908447266,89.63009643554688,89.70999908447266,72399
2026-08-31 11:18:00-04:00,89.67990112304688,89.70500183105469,89.6449966430664,89.66999816894531,130623
2026-08-31 11:19:00-04:00,89.72000122070312,89.75499725341797,89.66999816894531,89.66999816894531,85526
2026-08-31 11:20:00-04:00,89.7699966430664,89.7699966430664,89.66999816894531,89.72239685058594,58765
2026-08-31 11:21:00-04:00,89.87000274658203,89.87999725341797,89.76000213623047,89.7750015258789,123692
2026-08-31 11:22:00-04:00,89.86009979248047,89.91500091552734,89.86009979248047,89.86009979248047,94503
2026-08-31 11:23:00-04:00,89.7499008178711,89.87999725341797,89.72000122070312,89.87000274658203,82150
2026-08-31 11:24:00-04:00,89.76909637451172,89.80000305175781,89.7125015258789,89.73999786376953,107236
2026-08-31 11:25:00-04:00,89.76499938964844,89.875,89.76010131835938,89.77999877929688,88428
2026-08-31 11:26:00-04:00,89.85279846191406,89.87000274658203,89.7300033569336,89.76000213623047,88472
2026-08-31 11:27:00-04:00,89.8949966430664,89.89969635009766,89.80000305175781,89.8499984741211,70177
2026-08-31 11:28:00-04:00,89.91230010986328,89.95999908447266,89.87110137939453,89.87110137939453,91054
2026-08-31 11:29:00-04:00,89.73999786376953,89.91999816894531,89.7300033569336,89.91999816894531,131095
2026-08-31 11:30:00-04:00,89.73429870605469,89.82240295410156,89.69999694824219,89.73999786376953,103506
2026-08-31 11:31:00-04:00,89.64129638671875,89.73999786376953,89.56999969482422,89.73930358886719,190088
2026-08-31 11:32:00-04:00,89.54499816894531,89.69499969482422,89.52999877929688,89.6449966430664,175411
2026-08-31 11:33:00-04:00,89.48860168457031,89.58999633789062,89.48860168457031,89.53990173339844,149226
2026-08-31 11:34:00-04:00,89.50499725341797,89.55000305175781,89.45500183105469,89.48200225830078,129318
2026-08-31 11:35:00-04:00,89.48999786376953,89.5199966430664,89.36699676513672,89.5,236490
2026-08-31 11:36:00-04:00,89.52999877929688,89.55000305175781,89.47229766845703,89.49500274658203,125285
2026-08-31 11:37:00-04:00,89.44989776611328,89.5250015258789,89.37999725341797,89.5250015258789,140119
2026-08-31 11:38:00-04:00,89.40789794921875,89.48999786376953,89.38500213623047,89.44999694824219,98045
2026-08-31 11:39:00-04:00,89.41999816894531,89.44000244140625,89.36499786376953,89.40010070800781,81739
2026-08-31 11:40:00-04:00,89.35330200195312,89.44999694824219,89.35009765625,89.43499755859375,106511
2026-08-31 11:41:00-04:00,89.3750991821289,89.37999725341797,89.30999755859375,89.3550033569336,121820
2026-08-31 11:42:00-04:00,89.34500122070312,89.38999938964844,89.31639862060547,89.37000274658203,89422
2026-08-31 11:43:00-04:00,89.42500305175781,89.44999694824219,89.34500122070312,89.34819793701172,139848
2026-08-31 11:44:00-04:00,89.48999786376953,89.5093994140625,89.38999938964844,89.42500305175781,88374
2026-08-31 11:45:00-04:00,89.42500305175781,89.52999877929688,89.404296875,89.4800033569336,81221
2026-08-31 11:46:00-04:00,89.55000305175781,89.57990264892578,89.42500305175781,89.42500305175781,93741
2026-08-31 11:47:00-04:00,89.42990112304688,89.54540252685547,89.41010284423828,89.54499816894531,91747
2026-08-31 11:48:00-04:00,89.46499633789062,89.49500274658203,89.41999816894531,89.42500305175781,92866
2026-08-31 11:49:00-04:00,89.37000274658203,89.45999908447266,89.36000061035156,89.45999908447266,80392
2026-08-31 11:50:00-04:00,89.36000061035156,89.44999694824219,89.33149719238281,89.36000061035156,81866
2026-08-31 11:51:00-04:00,89.31999969482422,89.40499877929688,89.30999755859375,89.3550033569336,102611
2026-08-31 11:52:00-04:00,89.32499694824219,89.34500122070312,89.29499816894531,89.31999969482422,92879
2026-08-31 11:53:00-04:00,89.25499725341797,89.36000061035156,89.25,89.32009887695312,92535
2026-08-31 11:54:00-04:00,89.17500305175781,89.2699966430664,89.16000366210938,89.25499725341797,115494
2026-08-31 11:55:00-04:00,89.13999938964844,89.26000213623047,89.11000061035156,89.16999816894531,125022
2026-08-31 11:56:00-04:00,89.17500305175781,89.2300033569336,89.14129638671875,89.14129638671875,80031
2026-08-31 11:57:00-04:00,89.21009826660156,89.2300033569336,89.1500015258789,89.17009735107422,64118
2026-08-31 11:58:00-04:00,89.19989776611328,89.21990203857422,89.15499877929688,89.20500183105469,78273
2026-08-31 11:59:00-04:00,89.25990295410156,89.25990295410156,89.18009948730469,89.18009948730469,88559
2026-08-31 12:00:00-04:00,89.14990234375,89.27999877929688,89.14990234375,89.2699966430664,101983
2026-08-31 12:01:00-04:00,89.125,89.14990234375,89.05000305175781,89.14990234375,123105
2026-08-31 12:02:00-04:00,89.0905990600586,89.13500213623047,89.07499694824219,89.12989807128906,61565
2026-08-31 12:03:00-04:00,89.08709716796875,89.12560272216797,89.05000305175781,89.09529876708984,93721
2026-08-31 12:04:00-04:00,88.98500061035156,89.07499694824219,88.97000122070312,89.07499694824219,209690
2026-08-31 12:05:00-04:00,89.03500366210938,89.05950164794922,88.97000122070312,88.9823989868164,145984
2026-08-31 12:06:00-04:00,89.06500244140625,89.06999969482422,89.0,89.0354995727539,95062
2026-08-31 12:07:00-04:00,89.10009765625,89.13999938964844,89.04319763183594,89.0615005493164,120479
2026-08-31 12:08:00-04:00,89.0999984741211,89.11990356445312,89.06500244140625,89.0999984741211,83095
2026-08-31 12:09:00-04:00,89.20500183105469,89.23999786376953,89.0999984741211,89.11499786376953,105269
2026-08-31 12:10:00-04:00,89.43499755859375,89.43499755859375,89.17060089111328,89.20500183105469,196044
2026-08-31 12:11:00-04:00,89.57949829101562,89.58940124511719,89.41999816894531,89.44000244140625,218847
2026-08-31 12:12:00-04:00,89.57589721679688,89.66000366210938,89.56009674072266,89.57569885253906,194054
2026-08-31 12:13:00-04:00,89.55000305175781,89.6500015258789,89.51000213623047,89.57009887695312,97336
2026-08-31 12:14:00-04:00,89.5250015258789,89.5479965209961,89.41999816894531,89.54000091552734,100067
2026-08-31 12:15:00-04:00,89.55010223388672,89.58999633789062,89.4749984741211,89.52940368652344,111150
2026-08-31 12:16:00-04:00,89.51840209960938,89.58999633789062,89.5,89.55999755859375,66161
2026-08-31 12:17:00-04:00,89.51499938964844,89.52989959716797,89.43000030517578,89.51499938964844,54253
2026-08-31 12:18:00-04:00,89.47370147705078,89.53990173339844,89.47160339355469,89.5199966430664,53297
2026-08-31 12:19:00-04:00,89.54000091552734,89.54850006103516,89.47010040283203,89.47989654541016,67792
2026-08-31 12:20:00-04:00,89.56999969482422,89.62000274658203,89.53179931640625,89.53179931640625,92323
2026-08-31 12:21:00-04:00,89.56999969482422,89.58999633789062,89.51000213623047,89.55999755859375,71799
2026-08-31 12:22:00-04:00,89.57469940185547,89.58499908447266,89.51000213623047,89.57499694824219,75750
2026-08-31 12:23:00-04:00,89.5250015258789,89.59500122070312,89.51499938964844,89.56999969482422,51946
2026-08-31 12:24:00-04:00,89.55590057373047,89.58999633789062,89.52570343017578,89.53500366210938,54971
2026-08-31 12:25:00-04:00,89.5999984741211,89.63999938964844,89.56500244140625,89.56500244140625,81769
2026-08-31 12:26:00-04:00,89.62000274658203,89.62989807128906,89.57420349121094,89.59970092773438,35927
2026-08-31 12:27:00-04:00,89.60009765625,89.66999816894531,89.58999633789062,89.625,64835
2026-08-31 12:28:00-04:00,89.62999725341797,89.63999938964844,89.58100128173828,89.61000061035156,45970
2026-08-31 12:29:00-04:00,89.69960021972656,89.69989776611328,89.63770294189453,89.63999938964844,54829
2026-08-31 12:30:00-04:00,89.63999938964844,89.79499816894531,89.62010192871094,89.69999694824219,188361
2026-08-31 12:31:00-04:00,89.6449966430664,89.69000244140625,89.61009979248047,89.66200256347656,67829
2026-08-31 12:32:00-04:00,89.68830108642578,89.69999694824219,89.625,89.63999938964844,45666
2026-08-31 12:33:00-04:00,89.67500305175781,89.69999694824219,89.66000366210938,89.68499755859375,48419
2026-08-31 12:34:00-04:00,89.69999694824219,89.7249984741211,89.66000366210938,89.66999816894531,48426
2026-08-31 12:35:00-04:00,89.72000122070312,89.73999786376953,89.69380187988281,89.69999694824219,46360
2026-08-31 12:36:00-04:00,89.7500991821289,89.77989959716797,89.70999908447266,89.71060180664062,75162
2026-08-31 12:37:00-04:00,89.74500274658203,89.76000213623047,89.72010040283203,89.76000213623047,62090
2026-08-31 12:38:00-04:00,89.72059631347656,89.7750015258789,89.71499633789062,89.73999786376953,62238
2026-08-31 12:39:00-04:00,89.68499755859375,89.76000213623047,89.68499755859375,89.72000122070312,75689
2026-08-31 12:40:00-04:00,89.74500274658203,89.75,89.66999816894531,89.68499755859375,70175
2026-08-31 12:41:00-04:00,89.93009948730469,89.94000244140625,89.75,89.75,181614
2026-08-31 12:42:00-04:00,89.8499984741211,89.94000244140625,89.83999633789062,89.94000244140625,102217
2026-08-31 12:43:00-04:00,89.8949966430664,89.9000015258789,89.81500244140625,89.8550033569336,47535
2026-08-31 12:44:00-04:00,89.82540130615234,89.89990234375,89.81009674072266,89.89990234375,43181
2026-08-31 12:45:00-04:00,89.80049896240234,89.84500122070312,89.80049896240234,89.82499694824219,39205
2026-08-31 12:46:00-04:00,89.75150299072266,89.81990051269531,89.7300033569336,89.80490112304688,73947
2026-08-31 12:47:00-04:00,89.73999786376953,89.76000213623047,89.72000122070312,89.75499725341797,50527
2026-08-31 12:48:00-04:00,89.77619934082031,89.78040313720703,89.70010375976562,89.74500274658203,64073
2026-08-31 12:49:00-04:00,89.78990173339844,89.86990356445312,89.77010345458984,89.78500366210938,85025
2026-08-31 12:50:00-04:00,89.83499908447266,89.83499908447266,89.76499938964844,89.78500366210938,58734
2026-08-31 12:51:00-04:00,89.875,89.87999725341797,89.83999633789062,89.83999633789062,50127
2026-08-31 12:52:00-04:00,89.81999969482422,89.89009857177734,89.80999755859375,89.88500213623047,63978
2026-08-31 12:53:00-04:00,89.87000274658203,89.9000015258789,89.8499984741211,89.85900115966797,76180
2026-08-31 12:54:00-04:00,89.83999633789062,89.90509796142578,89.80999755859375,89.87999725341797,106495
2026-08-31 12:55:00-04:00,89.84500122070312,89.87999725341797,89.82499694824219,89.84500122070312,46519
2026-08-31 12:56:00-04:00,89.87989807128906,89.88500213623047,89.83000183105469,89.84500122070312,43281
2026-08-31 12:57:00-04:00,89.89990234375,89.9000015258789,89.8499984741211,89.88500213623047,33511
2026-08-31 12:58:00-04:00,89.875,89.91000366210938,89.875,89.8949966430664,36129
2026-08-31 12:59:00-04:00,89.91500091552734,89.92500305175781,89.80760192871094,89.87000274658203,88598
2026-08-31 13:00:00-04:00,89.81500244140625,89.94000244140625,89.80999755859375,89.91500091552734,68683
2026-08-31 13:01:00-04:00,89.87000274658203,89.87999725341797,89.80000305175781,89.80999755859375,56152
2026-08-31 13:02:00-04:00,89.8949966430664,89.8949966430664,89.81990051269531,89.8718032836914,53862
2026-08-31 13:03:00-04:00,89.76290130615234,89.9000015258789,89.76290130615234,89.9000015258789,85627
2026-08-31 13:04:00-04:00,89.77999877929688,89.77999877929688,89.72219848632812,89.77999877929688,77885
2026-08-31 13:05:00-04:00,89.79989624023438,89.83999633789062,89.78500366210938,89.79000091552734,49433
2026-08-31 13:06:00-04:00,89.76010131835938,89.80850219726562,89.74009704589844,89.78009796142578,1087379
2026-08-31 13:07:00-04:00,89.72000122070312,89.78500366210938,89.69999694824219,89.76499938964844,106320
2026-08-31 13:08:00-04:00,89.7300033569336,89.7699966430664,89.6801986694336,89.72570037841797,116739
2026-08-31 13:09:00-04:00,89.7300033569336,89.76000213623047,89.69499969482422,89.7300033569336,48869
2026-08-31 13:10:00-04:00,89.68009948730469,89.73999786376953,89.66999816894531,89.73370361328125,49137
2026-08-31 13:11:00-04:00,89.69499969482422,89.7300033569336,89.66400146484375,89.69000244140625,54575
2026-08-31 13:12:00-04:00,89.59410095214844,89.69999694824219,89.56500244140625,89.69000244140625,98132
2026-08-31 13:13:00-04:00,89.6050033569336,89.6500015258789,89.5728988647461,89.59500122070312,63953
2026-08-31 13:14:00-04:00,89.58999633789062,89.62000274658203,89.55000305175781,89.6050033569336,135219
2026-08-31 13:15:00-04:00,89.58499908447266,89.5999984741211,89.53009796142578,89.58409881591797,65676
2026-08-31 13:16:00-04:00,89.61000061035156,89.61000061035156,89.56500244140625,89.58999633789062,67828
2026-08-31 13:17:00-04:00,89.55999755859375,89.62999725341797,89.55000305175781,89.62000274658203,62158
2026-08-31 13:18:00-04:00,89.52980041503906,89.58000183105469,89.5,89.552001953125,75498
2026-08-31 13:19:00-04:00,89.54499816894531,89.55850219726562,89.51480102539062,89.52010345458984,38433
2026-08-31 13:20:00-04:00,89.49500274658203,89.55500030517578,89.47000122070312,89.54000091552734,59491
2026-08-31 13:21:00-04:00,89.48999786376953,89.5199966430664,89.4802017211914,89.49500274658203,39393
2026-08-31 13:22:00-04:00,89.50499725341797,89.52989959716797,89.45999908447266,89.49500274658203,61729
2026-08-31 13:23:00-04:00,89.51499938964844,89.52999877929688,89.5,89.50499725341797,44391
2026-08-31 13:24:00-04:00,89.46499633789062,89.51499938964844,89.46009826660156,89.51499938964844,46083
2026-08-31 13:25:00-04:00,89.44499969482422,89.4800033569336,89.41999816894531,89.45999908447266,75165
2026-08-31 13:26:00-04:00,89.41999816894531,89.43990325927734,89.4000015258789,89.43990325927734,55679
2026-08-31 13:27:00-04:00,89.46009826660156,89.48999786376953,89.41500091552734,89.41999816894531,76946
2026-08-31 13:28:00-04:00,89.44719696044922,89.47989654541016,89.4446029663086,89.47000122070312,48243
2026-08-31 13:29:00-04:00,89.4749984741211,89.50499725341797,89.43000030517578,89.44989776611328,69842
2026-08-31 13:30:00-04:00,89.51000213623047,89.55000305175781,89.45989990234375,89.4749984741211,61158
2026-08-31 13:31:00-04:00,89.4800033569336,89.51000213623047,89.45800018310547,89.51000213623047,54576
2026-08-31 13:32:00-04:00,89.5199966430664,89.54000091552734,89.4625015258789,89.4749984741211,48689
2026-08-31 13:33:00-04:00,89.54979705810547,89.55000305175781,89.48999786376953,89.52999877929688,44796
2026-08-31 13:34:00-04:00,89.47010040283203,89.54000091552734,89.45999908447266,89.53500366210938,61504
2026-08-31 13:35:00-04:00,89.52999877929688,89.58999633789062,89.4749984741211,89.47989654541016,119981
2026-08-31 13:36:00-04:00,89.56659698486328,89.5999984741211,89.5199966430664,89.52999877929688,62142
2026-08-31 13:37:00-04:00,89.59989929199219,89.61000061035156,89.54049682617188,89.55500030517578,40600
2026-08-31 13:38:00-04:00,89.62000274658203,89.62989807128906,89.58999633789062,89.59500122070312,45429
2026-08-31 13:39:00-04:00,89.64949798583984,89.6500015258789,89.5999984741211,89.61499786376953,35432
2026-08-31 13:40:00-04:00,89.69499969482422,89.7300033569336,89.62000274658203,89.64600372314453,78864
2026-08-31 13:41:00-04:00,89.75499725341797,89.76000213623047,89.67500305175781,89.70899963378906,65466
2026-08-31 13:42:00-04:00,89.68499755859375,89.77999877929688,89.68000030517578,89.7500991821289,68046
2026-08-31 13:43:00-04:00,89.7114028930664,89.75,89.67500305175781,89.68000030517578,60625
2026-08-31 13:44:00-04:00,89.69999694824219,89.73999786376953,89.69999694824219,89.72000122070312,33767
2026-08-31 13:45:00-04:00,89.6449966430664,89.70860290527344,89.62999725341797,89.70500183105469,67404
2026-08-31 13:46:00-04:00,89.5999984741211,89.6449966430664,89.5999984741211,89.6449966430664,39519
2026-08-31 13:47:00-04:00,89.57499694824219,89.61990356445312,89.55999755859375,89.6050033569336,50164
2026-08-31 13:48:00-04:00,89.54499816894531,89.58499908447266,89.5199966430664,89.58000183105469,101645
2026-08-31 13:49:00-04:00,89.55500030517578,89.57499694824219,89.5250015258789,89.55000305175781,532314
2026-08-31 13:50:00-04:00,89.61499786376953,89.62999725341797,89.55500030517578,89.55500030517578,73709
2026-08-31 13:51:00-04:00,89.6449966430664,89.6500015258789,89.58999633789062,89.61940002441406,77857
2026-08-31 13:52:00-04:00,89.61499786376953,89.66000366210938,89.61499786376953,89.64510345458984,45997
2026-08-31 13:53:00-04:00,89.65989685058594,89.69999694824219,89.625,89.625,74428
2026-08-31 13:54:00-04:00,89.6449966430664,89.65989685058594,89.625,89.64990234375,54755
2026-08-31 13:55:00-04:00,89.63500213623047,89.66000366210938,89.63009643554688,89.6449966430664,41198
2026-08-31 13:56:00-04:00,89.6449966430664,89.66819763183594,89.62010192871094,89.62999725341797,34412
2026-08-31 13:57:00-04:00,89.61399841308594,89.66999816894531,89.6050033569336,89.64510345458984,44398
2026-08-31 13:58:00-04:00,89.55999755859375,89.62000274658203,89.55500030517578,89.61499786376953,55163
2026-08-31 13:59:00-04:00,89.6449966430664,89.6449966430664,89.55000305175781,89.55999755859375,49986
2026-08-31 14:00:00-04:00,89.6500015258789,89.66999816894531,89.5999984741211,89.63500213623047,56204
2026-08-31 14:01:00-04:00,89.6449966430664,89.68499755859375,89.64009857177734,89.66000366210938,54867
2026-08-31 14:02:00-04:00,89.62000274658203,89.6500015258789,89.58000183105469,89.6449966430664,78386
2026-08-31 14:03:00-04:00,89.62999725341797,89.6583023071289,89.61260223388672,89.61260223388672,36477
2026-08-31 14:04:00-04:00,89.68009948730469,89.70999908447266,89.625,89.62999725341797,77411
2026-08-31 14:05:00-04:00,89.62999725341797,89.69999694824219,89.62999725341797,89.69499969482422,53868
2026-08-31 14:06:00-04:00,89.80000305175781,89.80000305175781,89.63500213623047,89.63819885253906,75220
2026-08-31 14:07:00-04:00,89.75,89.80989837646484,89.74099731445312,89.78500366210938,54985
2026-08-31 14:08:00-04:00,89.74500274658203,89.75,89.72319793701172,89.73999786376953,26230
2026-08-31 14:09:00-04:00,89.7750015258789,89.79000091552734,89.74500274658203,89.74500274658203,37587
2026-08-31 14:10:00-04:00,89.77999877929688,89.79000091552734,89.75499725341797,89.7750015258789,29175
2026-08-31 14:11:00-04:00,89.74500274658203,89.78620147705078,89.7302017211914,89.77850341796875,36958
2026-08-31 14:12:00-04:00,89.74500274658203,89.75499725341797,89.70030212402344,89.73999786376953,43872
2026-08-31 14:13:00-04:00,89.76850128173828,89.79499816894531,89.73200225830078,89.73999786376953,64213
2026-08-31 14:14:00-04:00,89.72339630126953,89.80000305175781,89.72339630126953,89.76499938964844,43902
2026-08-31 14:15:00-04:00,89.83000183105469,89.83989715576172,89.7249984741211,89.7249984741211,49530
2026-08-31 14:16:00-04:00,89.76499938964844,89.82499694824219,89.73500061035156,89.82499694824219,62529
2026-08-31 14:17:00-04:00,89.74500274658203,89.76000213623047,89.7300033569336,89.75499725341797,35739
2026-08-31 14:18:00-04:00,89.76499938964844,89.7698974609375,89.7300033569336,89.76000213623047,36036
2026-08-31 14:19:00-04:00,89.71289825439453,89.76000213623047,89.67289733886719,89.76000213623047,50456
2026-08-31 14:20:00-04:00,89.71299743652344,89.75,89.70140075683594,89.70999908447266,37908
2026-08-31 14:21:00-04:00,89.69499969482422,89.72000122070312,89.66999816894531,89.71499633789062,44175
2026-08-31 14:22:00-04:00,89.69989776611328,89.7260971069336,89.67500305175781,89.67500305175781,49168
2026-08-31 14:23:00-04:00,89.74500274658203,89.75,89.68990325927734,89.69380187988281,55632
2026-08-31 14:24:00-04:00,89.87310028076172,89.87999725341797,89.73999786376953,89.73999786376953,370411
2026-08-31 14:25:00-04:00,89.80500030517578,89.9000015258789,89.79499816894531,89.875,78399
2026-08-31 14:26:00-04:00,89.78500366210938,89.81999969482422,89.77429962158203,89.80500030517578,71635
2026-08-31 14:27:00-04:00,89.83000183105469,89.83000183105469,89.78500366210938,89.78500366210938,35004
2026-08-31 14:28:00-04:00,89.91000366210938,89.93499755859375,89.82499694824219,89.8301010131836,108865
2026-08-31 14:29:00-04:00,89.79499816894531,89.93499755859375,89.79419708251953,89.90499877929688,107138
2026-08-31 14:30:00-04:00,89.76419830322266,89.83499908447266,89.76000213623047,89.79000091552734,78600
2026-08-31 14:31:00-04:00,89.69010162353516,89.76499938964844,89.66500091552734,89.76499938964844,89177
2026-08-31 14:32:00-04:00,89.69499969482422,89.69619750976562,89.6500015258789,89.69499969482422,47305
2026-08-31 14:33:00-04:00,89.67500305175781,89.70989990234375,89.66000366210938,89.69499969482422,47942
2026-08-31 14:34:00-04:00,89.68000030517578,89.71900177001953,89.66500091552734,89.68499755859375,62388
2026-08-31 14:35:00-04:00,89.62999725341797,89.72789764404297,89.625,89.67009735107422,84460
2026-08-31 14:36:00-04:00,89.58499908447266,89.62999725341797,89.56999969482422,89.625,70845
2026-08-31 14:37:00-04:00,89.57499694824219,89.62000274658203,89.56500244140625,89.59439849853516,46915
2026-08-31 14:38:00-04:00,89.46499633789062,89.56999969482422,89.45999908447266,89.56999969482422,78097
2026-08-31 14:39:00-04:00,89.5250015258789,89.62000274658203,89.45999908447266,89.46499633789062,170441
2026-08-31 14:40:00-04:00,89.5,89.5198974609375,89.45999908447266,89.51000213623047,51768
2026-08-31 14:41:00-04:00,89.50499725341797,89.53980255126953,89.43000030517578,89.50389862060547,124936
2026-08-31 14:42:00-04:00,89.54409790039062,89.55999755859375,89.48500061035156,89.50499725341797,81703
2026-08-31 14:43:00-04:00,89.50060272216797,89.54000091552734,89.45500183105469,89.54000091552734,116821
2026-08-31 14:44:00-04:00,89.54499816894531,89.56999969482422,89.48999786376953,89.50499725341797,35653
2026-08-31 14:45:00-04:00,89.51000213623047,89.55500030517578,89.48500061035156,89.55000305175781,41210
2026-08-31 14:46:00-04:00,89.5250015258789,89.53500366210938,89.48999786376953,89.50489807128906,38581
2026-08-31 14:47:00-04:00,89.46499633789062,89.54000091552734,89.46499633789062,89.5250015258789,36012
2026-08-31 14:48:00-04:00,89.54989624023438,89.54989624023438,89.44000244140625,89.46499633789062,57458
2026-08-31 14:49:00-04:00,89.57499694824219,89.58999633789062,89.55000305175781,89.55000305175781,102597
2026-08-31 14:50:00-04:00,89.5250015258789,89.58000183105469,89.5,89.57499694824219,40527
2026-08-31 14:51:00-04:00,89.48179626464844,89.5199966430664,89.45999908447266,89.51000213623047,44241
2026-08-31 14:52:00-04:00,89.51499938964844,89.51499938964844,89.45330047607422,89.48500061035156,60285
2026-08-31 14:53:00-04:00,89.48500061035156,89.54000091552734,89.48500061035156,89.51000213623047,59751
2026-08-31 14:54:00-04:00,89.5,89.51000213623047,89.47000122070312,89.48500061035156,48942
2026-08-31 14:55:00-04:00,89.48999786376953,89.51000213623047,89.4749984741211,89.48999786376953,51443
2026-08-31 14:56:00-04:00,89.48149871826172,89.49500274658203,89.44999694824219,89.49500274658203,60980
2026-08-31 14:57:00-04:00,89.46499633789062,89.48999786376953,89.44999694824219,89.4800033569336,64773
2026-08-31 14:58:00-04:00,89.44380187988281,89.48400115966797,89.41999816894531,89.46499633789062,73731
2026-08-31 14:59:00-04:00,89.3550033569336,89.45500183105469,89.33999633789062,89.44499969482422,112639
2026-08-31 15:00:00-04:00,89.3949966430664,89.44000244140625,89.36000061035156,89.36000061035156,87221
2026-08-31 15:01:00-04:00,89.375,89.4198989868164,89.36000061035156,89.3949966430664,55754
2026-08-31 15:02:00-04:00,89.32499694824219,89.375,89.30999755859375,89.375,67660
2026-08-31 15:03:00-04:00,89.37989807128906,89.37999725341797,89.32379913330078,89.32990264892578,44159
2026-08-31 15:04:00-04:00,89.34989929199219,89.37000274658203,89.29000091552734,89.37000274658203,70298
2026-08-31 15:05:00-04:00,89.34500122070312,89.38999938964844,89.34500122070312,89.34500122070312,55390
2026-08-31 15:06:00-04:00,89.33499908447266,89.375,89.31999969482422,89.34500122070312,46089
2026-08-31 15:07:00-04:00,89.33380126953125,89.3499984741211,89.31500244140625,89.33000183105469,46314
2026-08-31 15:08:00-04:00,89.36000061035156,89.37809753417969,89.31999969482422,89.33499908447266,65872
2026-08-31 15:09:00-04:00,89.33319854736328,89.37000274658203,89.32499694824219,89.36499786376953,63031
2026-08-31 15:10:00-04:00,89.36499786376953,89.38999938964844,89.31500244140625,89.33000183105469,141478
2026-08-31 15:11:00-04:00,89.34500122070312,89.41000366210938,89.33499908447266,89.36499786376953,62191
2026-08-31 15:12:00-04:00,89.33989715576172,89.37000274658203,89.29499816894531,89.33999633789062,76099
2026-08-31 15:13:00-04:00,89.29499816894531,89.32499694824219,89.26499938964844,89.32499694824219,77448
2026-08-31 15:14:00-04:00,89.30500030517578,89.33999633789062,89.29499816894531,89.30000305175781,55934
2026-08-31 15:15:00-04:00,89.33499908447266,89.3550033569336,89.30439758300781,89.30950164794922,82611
2026-08-31 15:16:00-04:00,89.34500122070312,89.34500122070312,89.31500244140625,89.33999633789062,49175
2026-08-31 15:17:00-04:00,89.36170196533203,89.37999725341797,89.33999633789062,89.34500122070312,50540
2026-08-31 15:18:00-04:00,89.38500213623047,89.4000015258789,89.33999633789062,89.36599731445312,65638
2026-08-31 15:19:00-04:00,89.375,89.4000015258789,89.36009979248047,89.3812026977539,48374
2026-08-31 15:20:00-04:00,89.44499969482422,89.44999694824219,89.37000274658203,89.3718032836914,94017
2026-08-31 15:21:00-04:00,89.4000015258789,89.44989776611328,89.39009857177734,89.44989776611328,51075
2026-08-31 15:22:00-04:00,89.48650360107422,89.48999786376953,89.38999938964844,89.38999938964844,68121
2026-08-31 15:23:00-04:00,89.47989654541016,89.54000091552734,89.47000122070312,89.48570251464844,95505
2026-08-31 15:24:00-04:00,89.48989868164062,89.5,89.46499633789062,89.47940063476562,49780
2026-08-31 15:25:00-04:00,89.4749984741211,89.5199966430664,89.46430206298828,89.48500061035156,75234
2026-08-31 15:26:00-04:00,89.49520111083984,89.5,89.43000030517578,89.4800033569336,58626
2026-08-31 15:27:00-04:00,89.53500366210938,89.53500366210938,89.47000122070312,89.49500274658203,90927
2026-08-31 15:28:00-04:00,89.49500274658203,89.58000183105469,89.49500274658203,89.53500366210938,64546
2026-08-31 15:29:00-04:00,89.4999008178711,89.52999877929688,89.45500183105469,89.5,59559
2026-08-31 15:30:00-04:00,89.51499938964844,89.52999877929688,89.47000122070312,89.5,80646
2026-08-31 15:31:00-04:00,89.43000030517578,89.5250015258789,89.41999816894531,89.5198974609375,81862
2026-08-31 15:32:00-04:00,89.38999938964844,89.47989654541016,89.38999938964844,89.43499755859375,109843
2026-08-31 15:33:00-04:00,89.41000366210938,89.42900085449219,89.37000274658203,89.38999938964844,85139
2026-08-31 15:34:00-04:00,89.57499694824219,89.58999633789062,89.41500091552734,89.41510009765625,174567
2026-08-31 15:35:00-04:00,89.6449966430664,89.68000030517578,89.55999755859375,89.58000183105469,188618
2026-08-31 15:36:00-04:00,89.67610168457031,89.69499969482422,89.64209747314453,89.64710235595703,91519
2026-08-31 15:37:00-04:00,89.63500213623047,89.69999694824219,89.62999725341797,89.67990112304688,101964
2026-08-31 15:38:00-04:00,89.62010192871094,89.66940307617188,89.6050033569336,89.63500213623047,73080
2026-08-31 15:39:00-04:00,89.70379638671875,89.70500183105469,89.59500122070312,89.62000274658203,80453
2026-08-31 15:40:00-04:00,89.72989654541016,89.7300033569336,89.66999816894531,89.69000244140625,102611
2026-08-31 15:41:00-04:00,89.70999908447266,89.7300033569336,89.69000244140625,89.7249984741211,102003
2026-08-31 15:42:00-04:00,89.81999969482422,89.83999633789062,89.70999908447266,89.71009826660156,133197
2026-08-31 15:43:00-04:00,89.82499694824219,89.87000274658203,89.80999755859375,89.80999755859375,121037
2026-08-31 15:44:00-04:00,89.7249984741211,89.84500122070312,89.7249984741211,89.82499694824219,109821
2026-08-31 15:45:00-04:00,89.75499725341797,89.78990173339844,89.71499633789062,89.72000122070312,121732
2026-08-31 15:46:00-04:00,89.69000244140625,89.80000305175781,89.65019989013672,89.76000213623047,113185
2026-08-31 15:47:00-04:00,89.625,89.69000244140625,89.62000274658203,89.69000244140625,103801
2026-08-31 15:48:00-04:00,89.5999984741211,89.6500015258789,89.58999633789062,89.62999725341797,140799
2026-08-31 15:49:00-04:00,89.6449966430664,89.65499877929688,89.55000305175781,89.58999633789062,191295
2026-08-31 15:50:00-04:00,89.61499786376953,89.7699966430664,89.59500122070312,89.6500015258789,348045
2026-08-31 15:51:00-04:00,89.6449966430664,89.68000030517578,89.5999984741211,89.61000061035156,178734
2026-08-31 15:52:00-04:00,89.6050033569336,89.67500305175781,89.57499694824219,89.6449966430664,252020
2026-08-31 15:53:00-04:00,89.49500274658203,89.61000061035156,89.47000122070312,89.6050033569336,218962
2026-08-31 15:54:00-04:00,89.37999725341797,89.5,89.19999694824219,89.48999786376953,416790
2026-08-31 15:55:00-04:00,89.5199966430664,89.5999984741211,89.33999633789062,89.375,515002
2026-08-31 15:56:00-04:00,89.45500183105469,89.53500366210938,89.33000183105469,89.51000213623047,319133
2026-08-31 15:57:00-04:00,89.44000244140625,89.51000213623047,89.36499786376953,89.45999908447266,378035
2026-08-31 15:58:00-04:00,89.44499969482422,89.45999908447266,89.4000015258789,89.44999694824219,511231
2026-08-31 15:59:00-04:00,89.47000122070312,89.58999633789062,89.44000244140625,89.44499969482422,1318659
2026-09-01 09:30:00-04:00,86.48500061035156,86.93000030517578,85.93000030517578,86.89749908447266,5091729
2026-09-01 09:31:00-04:00,86.61499786376953,87.0,86.5,86.5,469269
2026-09-01 09:32:00-04:00,86.93000030517578,86.99500274658203,86.6082992553711,86.64700317382812,371589
2026-09-01 09:33:00-04:00,86.69999694824219,86.99449920654297,86.69999694824219,86.91999816894531,351015
2026-09-01 09:34:00-04:00,86.62809753417969,86.8427963256836,86.51010131835938,86.71710205078125,312938
2026-09-01 09:35:00-04:00,86.79959869384766,87.08000183105469,86.58000183105469,86.63500213623047,425076
2026-09-01 09:36:00-04:00,86.5199966430664,86.87000274658203,86.4800033569336,86.79010009765625,422587
2026-09-01 09:37:00-04:00,86.63999938964844,86.70500183105469,86.44000244140625,86.5,352989
2026-09-01 09:38:00-04:00,86.28500366210938,86.6500015258789,86.27999877929688,86.6500015258789,497095
2026-09-01 09:39:00-04:00,86.31999969482422,86.37999725341797,86.05999755859375,86.29000091552734,420605
2026-09-01 09:40:00-04:00,86.26499938964844,86.41999816894531,86.19999694824219,86.30500030517578,249997
2026-09-01 09:41:00-04:00,85.94010162353516,86.35990142822266,85.90499877929688,86.25499725341797,476702
2026-09-01 09:42:00-04:00,85.83419799804688,85.95989990234375,85.81999969482422,85.93000030517578,436305
2026-09-01 09:43:00-04:00,85.91999816894531,85.95999908447266,85.72000122070312,85.83999633789062,417400
2026-09-01 09:44:00-04:00,86.20999908447266,86.32499694824219,85.87999725341797,85.91999816894531,506469
2026-09-01 09:45:00-04:00,86.5999984741211,86.72000122070312,86.13999938964844,86.19999694824219,516314
2026-09-01 09:46:00-04:00,86.56999969482422,86.70999908447266,86.5000991821289,86.5999984741211,337468
2026-09-01 09:47:00-04:00,86.73500061035156,86.80000305175781,86.55010223388672,86.6050033569336,272871
2026-09-01 09:48:00-04:00,86.69499969482422,86.8499984741211,86.66999816894531,86.7300033569336,306470
2026-09-01 09:49:00-04:00,86.95999908447266,86.96089935302734,86.69000244140625,86.69000244140625,336851
2026-09-01 09:50:00-04:00,87.1050033569336,87.19000244140625,86.89099884033203,86.95999908447266,551854
2026-09-01 09:51:00-04:00,86.88939666748047,87.1405029296875,86.87000274658203,87.10060119628906,302691
2026-09-01 09:52:00-04:00,86.87989807128906,86.95999908447266,86.75,86.91000366210938,289726
2026-09-01 09:53:00-04:00,86.83000183105469,86.94999694824219,86.7249984741211,86.86000061035156,221402
2026-09-01 09:54:00-04:00,86.83000183105469,86.86710357666016,86.69999694824219,86.83999633789062,180900
2026-09-01 09:55:00-04:00,86.86000061035156,86.9000015258789,86.75499725341797,86.8499984741211,324737
2026-09-01 09:56:00-04:00,86.83499908447266,86.94999694824219,86.80999755859375,86.87999725341797,228736
2026-09-01 09:57:00-04:00,86.79499816894531,86.94499969482422,86.77999877929688,86.83999633789062,150892
2026-09-01 09:58:00-04:00,86.7699966430664,86.87319946289062,86.7300033569336,86.80000305175781,174886
2026-09-01 09:59:00-04:00,86.67500305175781,86.82499694824219,86.66999816894531,86.76000213623047,175589
2026-09-01 10:00:00-04:00,86.56999969482422,86.76000213623047,86.4000015258789,86.69000244140625,349187
2026-09-01 10:01:00-04:00,86.66000366210938,86.7573013305664,86.56999969482422,86.56999969482422,198974
2026-09-01 10:02:00-04:00,86.41500091552734,86.69000244140625,86.27860260009766,86.63999938964844,348169
2026-09-01 10:03:00-04:00,86.43000030517578,86.44999694824219,86.31999969482422,86.41000366210938,205797
2026-09-01 10:04:00-04:00,86.44000244140625,86.4749984741211,86.37010192871094,86.43000030517578,129314
2026-09-01 10:05:00-04:00,86.62999725341797,86.66999816894531,86.42500305175781,86.43499755859375,229476
2026-09-01 10:06:00-04:00,86.6500015258789,86.69950103759766,86.55999755859375,86.62999725341797,158951
2026-09-01 10:07:00-04:00,86.56999969482422,86.66000366210938,86.5199966430664,86.63500213623047,202639
2026-09-01 10:08:00-04:00,86.47509765625,86.56999969482422,86.41200256347656,86.56829833984375,229192
2026-09-01 10:09:00-04:00,86.44000244140625,86.52999877929688,86.41940307617188,86.4800033569336,198597
2026-09-01 10:10:00-04:00,86.625,86.6500015258789,86.37999725341797,86.44000244140625,181265
2026-09-01 10:11:00-04:00,86.40879821777344,86.66000366210938,86.40049743652344,86.625,196732
2026-09-01 10:12:00-04:00,86.2699966430664,86.41500091552734,86.2699966430664,86.40850067138672,270643
2026-09-01 10:13:00-04:00,86.24500274658203,86.30999755859375,86.19999694824219,86.2699966430664,217731
2026-09-01 10:14:00-04:00,86.2699966430664,86.37000274658203,86.20999908447266,86.24500274658203,211817
2026-09-01 10:15:00-04:00,86.45500183105469,86.5199966430664,86.26499938964844,86.26499938964844,267273
2026-09-01 10:16:00-04:00,86.48999786376953,86.56999969482422,86.3949966430664,86.44999694824219,179853
2026-09-01 10:17:00-04:00,86.3572998046875,86.5199966430664,86.34850311279297,86.4800033569336,166544
2026-09-01 10:18:00-04:00,86.31500244140625,86.43000030517578,86.29000091552734,86.36499786376953,159567
2026-09-01 10:19:00-04:00,86.31999969482422,86.38500213623047,86.2750015258789,86.30500030517578,247676
2026-09-01 10:20:00-04:00,86.47000122070312,86.52999877929688,86.33999633789062,86.33999633789062,171932
2026-09-01 10:21:00-04:00,86.38500213623047,86.51499938964844,86.36000061035156,86.47000122070312,127113
2026-09-01 10:22:00-04:00,86.41940307617188,86.56999969482422,86.3550033569336,86.38999938964844,239237
2026-09-01 10:23:00-04:00,86.38500213623047,86.47000122070312,86.30999755859375,86.41500091552734,179918
2026-09-01 10:24:00-04:00,86.44499969482422,86.45999908447266,86.33999633789062,86.37999725341797,186447
2026-09-01 10:25:00-04:00,86.58999633789062,86.59020233154297,86.43000030517578,86.44010162353516,205162
2026-09-01 10:26:00-04:00,86.55500030517578,86.58940124511719,86.5250015258789,86.58940124511719,136276
2026-09-01 10:27:00-04:00,86.43000030517578,86.55999755859375,86.38500213623047,86.55760192871094,194696
2026-09-01 10:28:00-04:00,86.38459777832031,86.45989990234375,86.36499786376953,86.43000030517578,130881
2026-09-01 10:29:00-04:00,86.43499755859375,86.44000244140625,86.36000061035156,86.37999725341797,111035
2026-09-01 10:30:00-04:00,86.61959838867188,86.625,86.43000030517578,86.43000030517578,166295
2026-09-01 10:31:00-04:00,86.78199768066406,86.9000015258789,86.58000183105469,86.61399841308594,285823
2026-09-01 10:32:00-04:00,86.79000091552734,86.81800079345703,86.73999786376953,86.78260040283203,151646
2026-09-01 10:33:00-04:00,86.83999633789062,86.83999633789062,86.70500183105469,86.7750015258789,135027
2026-09-01 10:34:00-04:00,86.93499755859375,86.9894027709961,86.84989929199219,86.84989929199219,190983
2026-09-01 10:35:00-04:00,87.13500213623047,87.13999938964844,86.91999816894531,86.93009948730469,258938
2026-09-01 10:36:00-04:00,86.91649627685547,87.1780014038086,86.9000015258789,87.13990020751953,298392
2026-09-01 10:37:00-04:00,86.96739959716797,87.00990295410156,86.87999725341797,86.92009735107422,239198
2026-09-01 10:38:00-04:00,86.90499877929688,86.9625015258789,86.87239837646484,86.9625015258789,185212
2026-09-01 10:39:00-04:00,87.00980377197266,87.00980377197266,86.8499984741211,86.91000366210938,166443
2026-09-01 10:40:00-04:00,87.24500274658203,87.25,86.95989990234375,87.00499725341797,253822
2026-09-01 10:41:00-04:00,87.43499755859375,87.47989654541016,87.22010040283203,87.24009704589844,264995
2026-09-01 10:42:00-04:00,87.44999694824219,87.52999877929688,87.33000183105469,87.44000244140625,292503
2026-09-01 10:43:00-04:00,87.6500015258789,87.66600036621094,87.44000244140625,87.45999908447266,259540
2026-09-01 10:44:00-04:00,87.875,87.87999725341797,87.5802001953125,87.6500015258789,243793
2026-09-01 10:45:00-04:00,88.27860260009766,88.30000305175781,87.875,87.875,599391
2026-09-01 10:46:00-04:00,88.3550033569336,88.41000366210938,88.16999816894531,88.2699966430664,621172
2026-09-01 10:47:00-04:00,88.82499694824219,88.82640075683594,88.34249877929688,88.3499984741211,603554
2026-09-01 10:48:00-04:00,88.94499969482422,89.04000091552734,88.79499816894531,88.82859802246094,666705
2026-09-01 10:49:00-04:00,88.81500244140625,88.97899627685547,88.77999877929688,88.94000244140625,482646
2026-09-01 10:50:00-04:00,88.63500213623047,88.8219985961914,88.4800033569336,88.81050109863281,492477
2026-09-01 10:51:00-04:00,88.29000091552734,88.62999725341797,88.27010345458984,88.62999725341797,387545
2026-09-01 10:52:00-04:00,88.20500183105469,88.3499984741211,88.16999816894531,88.29720306396484,310722
2026-09-01 10:53:00-04:00,88.19000244140625,88.2699966430664,88.12999725341797,88.21990203857422,283828
2026-09-01 10:54:00-04:00,88.0250015258789,88.18990325927734,88.0199966430664,88.18000030517578,184669
2026-09-01 10:55:00-04:00,88.08499908447266,88.09500122070312,88.02999877929688,88.02999877929688,138566
2026-09-01 10:56:00-04:00,88.22000122070312,88.22000122070312,88.06999969482422,88.0801010131836,243632
2026-09-01 10:57:00-04:00,88.24500274658203,88.33999633789062,88.15499877929688,88.2249984741211,723068
2026-09-01 10:58:00-04:00,88.45999908447266,88.4885025024414,88.24500274658203,88.26000213623047,261273
2026-09-01 10:59:00-04:00,88.58999633789062,88.62989807128906,88.44499969482422,88.44999694824219,229476
2026-09-01 11:00:00-04:00,88.84500122070312,88.8949966430664,88.61499786376953,88.61499786376953,410057
2026-09-01 11:01:00-04:00,88.66950225830078,88.84500122070312,88.58000183105469,88.84500122070312,261716
2026-09-01 11:02:00-04:00,88.62000274658203,88.69999694824219,88.56430053710938,88.66999816894531,149578
2026-09-01 11:03:00-04:00,88.58999633789062,88.68000030517578,88.56999969482422,88.62449645996094,104520
2026-09-01 11:04:00-04:00,88.6500015258789,88.66010284423828,88.55059814453125,88.58000183105469,151962
2026-09-01 11:05:00-04:00,88.69999694824219,88.7499008178711,88.6500015258789,88.6500015258789,124009
2026-09-01 11:06:00-04:00,88.72010040283203,88.76499938964844,88.66000366210938,88.68000030517578,168450
2026-09-01 11:07:00-04:00,88.62999725341797,88.7750015258789,88.62999725341797,88.73999786376953,272811
2026-09-01 11:08:00-04:00,88.69509887695312,88.69509887695312,88.61000061035156,88.63009643554688,198275
2026-09-01 11:09:00-04:00,88.81999969482422,88.94000244140625,88.68000030517578,88.68499755859375,335390
2026-09-01 11:10:00-04:00,88.7249984741211,88.95010375976562,88.69999694824219,88.81999969482422,212078
2026-09-01 11:11:00-04:00,88.80000305175781,88.83999633789062,88.71499633789062,88.72000122070312,95924
2026-09-01 11:12:00-04:00,88.86000061035156,88.88999938964844,88.76000213623047,88.80010223388672,113629
2026-09-01 11:13:00-04:00,88.8550033569336,88.98999786376953,88.77999877929688,88.8550033569336,152049
2026-09-01 11:14:00-04:00,88.71499633789062,88.93990325927734,88.7125015258789,88.86000061035156,143698
2026-09-01 11:15:00-04:00,88.67500305175781,88.7300033569336,88.62000274658203,88.71499633789062,125457
2026-09-01 11:16:00-04:00,88.80010223388672,88.85359954833984,88.67990112304688,88.67990112304688,170778
2026-09-01 11:17:00-04:00,88.66500091552734,88.86000061035156,88.65499877929688,88.80000305175781,268989
2026-09-01 11:18:00-04:00,88.6500015258789,88.7698974609375,88.62000274658203,88.6698989868164,113804
2026-09-01 11:19:00-04:00,88.75,88.79000091552734,88.66000366210938,88.66000366210938,65655
2026-09-01 11:20:00-04:00,88.77999877929688,88.87000274658203,88.76000213623047,88.76499938964844,87133
2026-09-01 11:21:00-04:00,88.73999786376953,88.8385009765625,88.66999816894531,88.7699966430664,108284
2026-09-01 11:22:00-04:00,88.92500305175781,88.93000030517578,88.73999786376953,88.75499725341797,109366
2026-09-01 11:23:00-04:00,89.05999755859375,89.05999755859375,88.8499984741211,88.91999816894531,204078
2026-09-01 11:24:00-04:00,88.95999908447266,89.08000183105469,88.91999816894531,89.05970001220703,126155
2026-09-01 11:25:00-04:00,88.91999816894531,88.97679901123047,88.875,88.94999694824219,117843
2026-09-01 11:26:00-04:00,88.87999725341797,88.94000244140625,88.83999633789062,88.91999816894531,109815
2026-09-01 11:27:00-04:00,88.87999725341797,88.9198989868164,88.84010314941406,88.87999725341797,81464
2026-09-01 11:28:00-04:00,88.91500091552734,88.93000030517578,88.86979675292969,88.87999725341797,77538
2026-09-01 11:29:00-04:00,88.93000030517578,88.94999694824219,88.8550033569336,88.8949966430664,65489
2026-09-01 11:30:00-04:00,89.02999877929688,89.07990264892578,88.93000030517578,88.93000030517578,112864
2026-09-01 11:31:00-04:00,88.91619873046875,89.04000091552734,88.90499877929688,89.02999877929688,146629
2026-09-01 11:32:00-04:00,88.91000366210938,88.96499633789062,88.88500213623047,88.91999816894531,111749
2026-09-01 11:33:00-04:00,88.90499877929688,88.93160247802734,88.81999969482422,88.91000366210938,99598
2026-09-01 11:34:00-04:00,88.9000015258789,88.91999816894531,88.80000305175781,88.90499877929688,150497
2026-09-01 11:35:00-04:00,88.79000091552734,88.90499877929688,88.7699966430664,88.8949966430664,90623
2026-09-01 11:36:00-04:00,88.98999786376953,88.98999786376953,88.77999877929688,88.79000091552734,125313
2026-09-01 11:37:00-04:00,89.03500366210938,89.03990173339844,88.90709686279297,88.98500061035156,138530
2026-09-01 11:38:00-04:00,89.05500030517578,89.12000274658203,89.04000091552734,89.05500030517578,134020
2026-09-01 11:39:00-04:00,89.02999877929688,89.05549621582031,88.98999786376953,89.05500030517578,119033
2026-09-01 11:40:00-04:00,89.11000061035156,89.11000061035156,89.02010345458984,89.0250015258789,100672
2026-09-01 11:41:00-04:00,89.10399627685547,89.18000030517578,89.06999969482422,89.11799621582031,131666
2026-09-01 11:42:00-04:00,88.92040252685547,89.11000061035156,88.9000015258789,89.08999633789062,137854
2026-09-01 11:43:00-04:00,88.94999694824219,88.96499633789062,88.81500244140625,88.91999816894531,167717
2026-09-01 11:44:00-04:00,89.16999816894531,89.19499969482422,88.94999694824219,88.96499633789062,129040
2026-09-01 11:45:00-04:00,89.24500274658203,89.2699966430664,89.15499877929688,89.15499877929688,173859
2026-09-01 11:46:00-04:00,89.34989929199219,89.3499984741211,89.2300033569336,89.23999786376953,165005
2026-09-01 11:47:00-04:00,89.32499694824219,89.41000366210938,89.30000305175781,89.34940338134766,133728
2026-09-01 11:48:00-04:00,89.32499694824219,89.33000183105469,89.25,89.32499694824219,101304
2026-09-01 11:49:00-04:00,89.30999755859375,89.38999938964844,89.28500366210938,89.32499694824219,130738
2026-09-01 11:50:00-04:00,89.2300033569336,89.31719970703125,89.1500015258789,89.30999755859375,180710
2026-09-01 11:51:00-04:00,89.1698989868164,89.27999877929688,89.16500091552734,89.22000122070312,69292
2026-09-01 11:52:00-04:00,89.03009796142578,89.18800354003906,89.01000213623047,89.16000366210938,144469
2026-09-01 11:53:00-04:00,89.16100311279297,89.20500183105469,89.0199966430664,89.02999877929688,128929
2026-09-01 11:54:00-04:00,89.13999938964844,89.19499969482422,89.125,89.15779876708984,62340
2026-09-01 11:55:00-04:00,89.1050033569336,89.16999816894531,89.08999633789062,89.12239837646484,70203
2026-09-01 11:56:00-04:00,89.08000183105469,89.16000366210938,89.06500244140625,89.09500122070312,69349
2026-09-01 11:57:00-04:00,89.06500244140625,89.11509704589844,89.05989837646484,89.08000183105469,45832
2026-09-01 11:58:00-04:00,89.1449966430664,89.16000366210938,89.02999877929688,89.05999755859375,84205
2026-09-01 11:59:00-04:00,89.18939971923828,89.23210144042969,89.12010192871094,89.13999938964844,107384
2026-09-01 12:00:00-04:00,89.16000366210938,89.25,89.0801010131836,89.19499969482422,102240
2026-09-01 12:01:00-04:00,89.18000030517578,89.19999694824219,89.08000183105469,89.16999816894531,96619
2026-09-01 12:02:00-04:00,89.1760025024414,89.19499969482422,89.11000061035156,89.18270111083984,77726
2026-09-01 12:03:00-04:00,89.17500305175781,89.19999694824219,89.1541976928711,89.18499755859375,51322
2026-09-01 12:04:00-04:00,89.11019897460938,89.17500305175781,89.08999633789062,89.17500305175781,86987
2026-09-01 12:05:00-04:00,89.1449966430664,89.14990234375,89.05999755859375,89.11000061035156,71982
2026-09-01 12:06:00-04:00,89.05500030517578,89.17739868164062,89.0,89.14029693603516,114447
2026-09-01 12:07:00-04:00,89.19999694824219,89.29989624023438,89.05000305175781,89.06500244140625,194381
2026-09-01 12:08:00-04:00,89.1500015258789,89.19000244140625,89.08000183105469,89.19000244140625,87519
2026-09-01 12:09:00-04:00,89.11990356445312,89.18499755859375,89.11009979248047,89.16000366210938,113875
2026-09-01 12:10:00-04:00,89.01599884033203,89.12999725341797,88.9800033569336,89.12999725341797,108860
2026-09-01 12:11:00-04:00,88.9800033569336,89.0250015258789,88.91999816894531,89.0199966430664,129724
2026-09-01 12:12:00-04:00,89.05000305175781,89.12000274658203,88.9800033569336,88.9800033569336,113986
2026-09-01 12:13:00-04:00,89.12000274658203,89.13990020751953,89.02999877929688,89.0479965209961,77196
2026-09-01 12:14:00-04:00,89.02999877929688,89.17990112304688,89.02200317382812,89.13939666748047,126075
2026-09-01 12:15:00-04:00,89.0199966430664,89.04769897460938,88.97000122070312,89.00990295410156,90636
2026-09-01 12:16:00-04:00,89.0199966430664,89.04000091552734,88.94999694824219,89.02200317382812,68683
2026-09-01 12:17:00-04:00,88.94509887695312,89.06950378417969,88.94499969482422,89.01499938964844,77375
2026-09-01 12:18:00-04:00,88.94010162353516,88.98259735107422,88.93000030517578,88.94499969482422,79979
2026-09-01 12:19:00-04:00,88.84500122070312,88.98999786376953,88.83999633789062,88.94000244140625,87028
2026-09-01 12:20:00-04:00,88.67500305175781,88.8550033569336,88.67500305175781,88.83999633789062,157985
2026-09-01 12:21:00-04:00,88.76000213623047,88.8499984741211,88.69999694824219,88.69999694824219,130393
2026-09-01 12:22:00-04:00,88.77999877929688,88.82550048828125,88.72000122070312,88.7699966430664,72836
2026-09-01 12:23:00-04:00,88.83000183105469,88.88990020751953,88.73999786376953,88.75,143025
2026-09-01 12:24:00-04:00,88.72000122070312,88.83999633789062,88.72000122070312,88.82720184326172,79659
2026-09-01 12:25:00-04:00,88.76000213623047,88.79000091552734,88.69000244140625,88.69999694824219,101256
2026-09-01 12:26:00-04:00,88.5999984741211,88.80850219726562,88.58999633789062,88.76000213623047,236236
2026-09-01 12:27:00-04:00,88.75,88.75499725341797,88.61509704589844,88.61509704589844,184093
2026-09-01 12:28:00-04:00,88.83000183105469,88.83989715576172,88.73999786376953,88.73999786376953,96507
2026-09-01 12:29:00-04:00,88.83429718017578,88.8499984741211,88.77999877929688,88.79499816894531,60424
2026-09-01 12:30:00-04:00,88.53939819335938,88.84500122070312,88.52999877929688,88.81999969482422,147039
2026-09-01 12:31:00-04:00,88.58499908447266,88.58499908447266,88.47000122070312,88.52860260009766,164022
2026-09-01 12:32:00-04:00,88.55500030517578,88.62000274658203,88.5,88.58999633789062,108856
2026-09-01 12:33:00-04:00,88.64810180664062,88.66000366210938,88.5,88.55500030517578,110819
2026-09-01 12:34:00-04:00,88.51360321044922,88.65499877929688,88.48380279541016,88.65499877929688,87484
2026-09-01 12:35:00-04:00,88.55500030517578,88.58499908447266,88.4800033569336,88.51000213623047,82324
2026-09-01 12:36:00-04:00,88.57499694824219,88.6093978881836,88.4800033569336,88.55020141601562,131292
2026-09-01 12:37:00-04:00,88.48999786376953,88.58499908447266,88.45999908447266,88.57499694824219,84870
2026-09-01 12:38:00-04:00,88.56999969482422,88.6449966430664,88.48999786376953,88.48999786376953,115970
2026-09-01 12:39:00-04:00,88.70500183105469,88.70999908447266,88.58999633789062,88.58999633789062,73656
2026-09-01 12:40:00-04:00,88.67829895019531,88.70999908447266,88.57009887695312,88.69999694824219,70483
2026-09-01 12:41:00-04:00,88.7699966430664,88.7699966430664,88.65499877929688,88.69000244140625,79063
2026-09-01 12:42:00-04:00,88.63999938964844,88.7750015258789,88.625,88.7750015258789,120414
2026-09-01 12:43:00-04:00,88.70159912109375,88.75499725341797,88.60050201416016,88.63009643554688,87764
2026-09-01 12:44:00-04:00,88.67500305175781,88.7394027709961,88.66000366210938,88.69999694824219,51758
2026-09-01 12:45:00-04:00,88.70999908447266,88.70999908447266,88.6405029296875,88.68939971923828,66431
2026-09-01 12:46:00-04:00,88.7249984741211,88.7750015258789,88.66999816894531,88.69010162353516,58192
2026-09-01 12:47:00-04:00,88.79499816894531,88.81999969482422,88.70999908447266,88.7300033569336,71342
2026-09-01 12:48:00-04:00,88.93000030517578,88.94989776611328,88.7938003540039,88.80999755859375,126101
2026-09-01 12:49:00-04:00,88.95500183105469,88.98999786376953,88.93170166015625,88.93499755859375,78206
2026-09-01 12:50:00-04:00,89.02010345458984,89.04499816894531,88.93000030517578,88.95999908447266,133134
2026-09-01 12:51:00-04:00,88.95010375976562,89.0479965209961,88.94010162353516,89.02999877929688,77389
2026-09-01 12:52:00-04:00,88.93000030517578,88.9800033569336,88.8949966430664,88.96499633789062,69858
2026-09-01 12:53:00-04:00,88.90989685058594,89.01000213623047,88.90010070800781,88.9260025024414,67339
2026-09-01 12:54:00-04:00,88.91000366210938,88.9800033569336,88.86000061035156,88.90499877929688,72717
2026-09-01 12:55:00-04:00,89.08000183105469,89.12000274658203,88.92009735107422,88.92009735107422,120216
2026-09-01 12:56:00-04:00,89.05500030517578,89.0999984741211,89.0199966430664,89.07499694824219,88211
2026-09-01 12:57:00-04:00,89.05000305175781,89.06529998779297,88.97000122070312,89.06529998779297,104764
2026-09-01 12:58:00-04:00,89.0250015258789,89.06500244140625,89.01499938964844,89.04499816894531,33818
2026-09-01 12:59:00-04:00,88.9749984741211,89.06939697265625,88.97200012207031,89.02279663085938,58831
2026-09-01 13:00:00-04:00,88.83499908447266,88.97000122070312,88.80030059814453,88.97000122070312,167383
2026-09-01 13:01:00-04:00,88.7874984741211,88.87969970703125,88.77999877929688,88.83499908447266,45043
2026-09-01 13:02:00-04:00,88.7301025390625,88.79879760742188,88.71389770507812,88.79499816894531,110073
2026-09-01 13:03:00-04:00,88.7699966430664,88.83999633789062,88.72370147705078,88.7300033569336,67572
2026-09-01 13:04:00-04:00,88.7500991821289,88.84500122070312,88.75,88.7699966430664,37448
2026-09-01 13:05:00-04:00,88.79000091552734,88.82499694824219,88.73999786376953,88.75499725341797,57078
2026-09-01 13:06:00-04:00,88.83149719238281,88.85990142822266,88.7698974609375,88.7750015258789,58946
2026-09-01 13:07:00-04:00,88.78260040283203,88.83000183105469,88.73999786376953,88.83000183105469,55976
2026-09-01 13:08:00-04:00,88.74500274658203,88.77999877929688,88.73500061035156,88.77999877929688,49732
2026-09-01 13:09:00-04:00,88.76499938964844,88.79000091552734,88.72000122070312,88.73049926757812,45194
2026-09-01 13:10:00-04:00,88.69999694824219,88.80999755859375,88.69999694824219,88.7771987915039,59782
2026-09-01 13:11:00-04:00,88.83499908447266,88.84200286865234,88.7020034790039,88.70469665527344,75230
2026-09-01 13:12:00-04:00,88.84500122070312,88.85009765625,88.77999877929688,88.83499908447266,49159
2026-09-01 13:13:00-04:00,88.80999755859375,88.88990020751953,88.80999755859375,88.84500122070312,49749
2026-09-01 13:14:00-04:00,88.86000061035156,88.87000274658203,88.80500030517578,88.8187026977539,44290
2026-09-01 13:15:00-04:00,88.80999755859375,88.8499984741211,88.7699966430664,88.8499984741211,65040
2026-09-01 13:16:00-04:00,88.66500091552734,88.83499908447266,88.6500015258789,88.80999755859375,81270
2026-09-01 13:17:00-04:00,88.67500305175781,88.69730377197266,88.6500015258789,88.66500091552734,56665
2026-09-01 13:18:00-04:00,88.63999938964844,88.69000244140625,88.62030029296875,88.66999816894531,73809
2026-09-01 13:19:00-04:00,88.61000061035156,88.66999816894531,88.61000061035156,88.66000366210938,60961
2026-09-01 13:20:00-04:00,88.70059967041016,88.72000122070312,88.55999755859375,88.61000061035156,76347
2026-09-01 13:21:00-04:00,88.64469909667969,88.75,88.64469909667969,88.72000122070312,73250
2026-09-01 13:22:00-04:00,88.66010284423828,88.68900299072266,88.62049865722656,88.64510345458984,45511
2026-09-01 13:23:00-04:00,88.6050033569336,88.69000244140625,88.59500122070312,88.66999816894531,31603
2026-09-01 13:24:00-04:00,88.6050033569336,88.64990234375,88.58999633789062,88.6093978881836,36695
2026-09-01 13:25:00-04:00,88.5999984741211,88.67500305175781,88.43000030517578,88.6050033569336,293413
2026-09-01 13:26:00-04:00,88.5,88.63999938964844,88.5,88.61000061035156,139521
2026-09-01 13:27:00-04:00,88.59200286865234,88.61499786376953,88.50399780273438,88.50990295410156,70923
2026-09-01 13:28:00-04:00,88.70999908447266,88.72000122070312,88.58999633789062,88.58999633789062,89075
2026-09-01 13:29:00-04:00,88.72319793701172,88.7699966430664,88.70829772949219,88.71009826660156,79640
2026-09-01 13:30:00-04:00,88.79499816894531,88.84200286865234,88.66999816894531,88.72000122070312,137731
2026-09-01 13:31:00-04:00,88.76319885253906,88.83000183105469,88.70999908447266,88.80500030517578,96240
2026-09-01 13:32:00-04:00,88.68499755859375,88.77999877929688,88.68009948730469,88.7750015258789,43964
2026-09-01 13:33:00-04:00,88.6500015258789,88.69989776611328,88.62010192871094,88.68499755859375,68855
2026-09-01 13:34:00-04:00,88.6240005493164,88.67410278320312,88.58000183105469,88.66999816894531,48675
2026-09-01 13:35:00-04:00,88.61499786376953,88.68499755859375,88.58999633789062,88.62000274658203,60672
2026-09-01 13:36:00-04:00,88.56999969482422,88.61000061035156,88.54000091552734,88.61000061035156,72433
2026-09-01 13:37:00-04:00,88.55509948730469,88.61000061035156,88.54000091552734,88.56999969482422,36446
2026-09-01 13:38:00-04:00,88.49500274658203,88.55500030517578,88.48999786376953,88.55500030517578,47091
2026-09-01 13:39:00-04:00,88.46499633789062,88.54000091552734,88.45999908447266,88.49600219726562,51289
2026-09-01 13:40:00-04:00,88.5250015258789,88.54000091552734,88.47000122070312,88.47000122070312,52637
2026-09-01 13:41:00-04:00,88.53500366210938,88.58619689941406,88.5,88.5199966430664,42118
2026-09-01 13:42:00-04:00,88.53500366210938,88.55500030517578,88.5199966430664,88.52999877929688,34188
2026-09-01 13:43:00-04:00,88.5199966430664,88.54730224609375,88.5000991821289,88.53500366210938,27391
2026-09-01 13:44:00-04:00,88.55500030517578,88.55999755859375,88.48999786376953,88.51470184326172,52820
2026-09-01 13:45:00-04:00,88.57499694824219,88.66500091552734,88.53099822998047,88.55580139160156,154533
2026-09-01 13:46:00-04:00,88.4749984741211,88.59500122070312,88.44999694824219,88.57499694824219,54866
2026-09-01 13:47:00-04:00,88.56500244140625,88.58000183105469,88.47709655761719,88.4800033569336,46661
2026-09-01 13:48:00-04:00,88.5199966430664,88.57499694824219,88.5199966430664,88.56500244140625,38911
2026-09-01 13:49:00-04:00,88.43009948730469,88.52989959716797,88.43000030517578,88.51000213623047,53130
2026-09-01 13:50:00-04:00,88.45059967041016,88.45999908447266,88.4104995727539,88.41999816894531,45218
2026-09-01 13:51:00-04:00,88.5647964477539,88.56990051269531,88.45500183105469,88.45500183105469,78547
2026-09-01 13:52:00-04:00,88.58499908447266,88.62000274658203,88.5250015258789,88.56009674072266,53677
2026-09-01 13:53:00-04:00,88.46939849853516,88.58499908447266,88.46009826660156,88.58499908447266,56459
2026-09-01 13:54:00-04:00,88.44989776611328,88.48999786376953,88.4000015258789,88.46990203857422,65223
2026-09-01 13:55:00-04:00,88.42489624023438,88.4749984741211,88.42489624023438,88.45149993896484,54073
2026-09-01 13:56:00-04:00,88.50060272216797,88.51499938964844,88.41000366210938,88.42500305175781,80686
2026-09-01 13:57:00-04:00,88.55999755859375,88.55999755859375,88.4269027709961,88.48999786376953,81329
2026-09-01 13:58:00-04:00,88.625,88.62999725341797,88.52999877929688,88.55599975585938,67120
2026-09-01 13:59:00-04:00,88.69080352783203,88.69499969482422,88.6249008178711,88.62950134277344,105757
2026-09-01 14:00:00-04:00,88.66500091552734,88.75,88.62000274658203,88.70999908447266,88262
2026-09-01 14:01:00-04:00,88.6050033569336,88.68000030517578,88.56999969482422,88.66500091552734,65473
2026-09-01 14:02:00-04:00,88.62999725341797,88.6449966430664,88.6050033569336,88.6050033569336,44757
2026-09-01 14:03:00-04:00,88.59500122070312,88.6500015258789,88.59500122070312,88.62989807128906,41707
2026-09-01 14:04:00-04:00,88.54000091552734,88.59010314941406,88.51000213623047,88.58999633789062,75002
2026-09-01 14:05:00-04:00,88.50499725341797,88.54940032958984,88.45999908447266,88.52999877929688,55174
2026-09-01 14:06:00-04:00,88.51499938964844,88.54000091552734,88.47339630126953,88.5,42311
2026-09-01 14:07:00-04:00,88.6500015258789,88.66899871826172,88.5199966430664,88.5199966430664,63550
2026-09-01 14:08:00-04:00,88.60009765625,88.68000030517578,88.5999984741211,88.66000366210938,61387
2026-09-01 14:09:00-04:00,88.64949798583984,88.6500015258789,88.59500122070312,88.60199737548828,37669
2026-09-01 14:10:00-04:00,88.55999755859375,88.68000030517578,88.55999755859375,88.64600372314453,71486
2026-09-01 14:11:00-04:00,88.55500030517578,88.5999984741211,88.54499816894531,88.5593032836914,54669
2026-09-01 14:12:00-04:00,88.5199966430664,88.58999633789062,88.5199966430664,88.55500030517578,53960
2026-09-01 14:13:00-04:00,88.46499633789062,88.51499938964844,88.45999908447266,88.5,70077
2026-09-01 14:14:00-04:00,88.44499969482422,88.47509765625,88.41999816894531,88.46600341796875,49564
2026-09-01 14:15:00-04:00,88.37989807128906,88.44010162353516,88.36000061035156,88.44010162353516,127908
2026-09-01 14:16:00-04:00,88.3501968383789,88.37000274658203,88.31999969482422,88.37000274658203,52113
2026-09-01 14:17:00-04:00,88.5,88.5,88.3499984741211,88.3550033569336,98176
2026-09-01 14:18:00-04:00,88.46829986572266,88.53500366210938,88.45989990234375,88.50499725341797,75485
2026-09-01 14:19:00-04:00,88.49400329589844,88.5199966430664,88.46019744873047,88.4800033569336,39089
2026-09-01 14:20:00-04:00,88.45500183105469,88.48989868164062,88.44999694824219,88.48989868164062,35081
2026-09-01 14:21:00-04:00,88.4906005859375,88.5,88.43409729003906,88.45999908447266,40725
2026-09-01 14:22:00-04:00,88.5238037109375,88.54000091552734,88.49500274658203,88.49500274658203,71821
2026-09-01 14:23:00-04:00,88.48500061035156,88.54000091552734,88.44000244140625,88.5250015258789,76258
2026-09-01 14:24:00-04:00,88.4999008178711,88.51000213623047,88.47000122070312,88.48500061035156,39888
2026-09-01 14:25:00-04:00,88.55000305175781,88.55010223388672,88.44999694824219,88.48999786376953,49916
2026-09-01 14:26:00-04:00,88.50060272216797,88.56819915771484,88.45999908447266,88.55799865722656,91396
2026-09-01 14:27:00-04:00,88.4000015258789,88.5000991821289,88.4000015258789,88.5000991821289,62993
2026-09-01 14:28:00-04:00,88.42729949951172,88.43900299072266,88.36499786376953,88.38500213623047,60163
2026-09-01 14:29:00-04:00,88.46499633789062,88.4800033569336,88.41000366210938,88.42500305175781,57784
2026-09-01 14:30:00-04:00,88.5,88.52999877929688,88.44000244140625,88.47000122070312,66939
2026-09-01 14:31:00-04:00,88.51740264892578,88.55000305175781,88.48500061035156,88.49500274658203,70319
2026-09-01 14:32:00-04:00,88.5250015258789,88.57499694824219,88.51000213623047,88.5199966430664,70087
2026-09-01 14:33:00-04:00,88.42500305175781,88.55000305175781,88.41999816894531,88.52469635009766,60076
2026-09-01 14:34:00-04:00,88.37999725341797,88.44000244140625,88.34549713134766,88.41999816894531,162038
2026-09-01 14:35:00-04:00,88.44499969482422,88.45999908447266,88.37010192871094,88.37999725341797,86201
2026-09-01 14:36:00-04:00,88.3949966430664,88.47000122070312,88.37999725341797,88.44509887695312,105651
2026-09-01 14:37:00-04:00,88.3949966430664,88.41999816894531,88.3499984741211,88.38999938964844,134760
2026-09-01 14:38:00-04:00,88.3949966430664,88.4000015258789,88.33499908447266,88.38500213623047,62716
2026-09-01 14:39:00-04:00,88.41000366210938,88.43499755859375,88.37000274658203,88.3949966430664,59891
2026-09-01 14:40:00-04:00,88.3499984741211,88.41500091552734,88.33999633789062,88.40499877929688,55099
2026-09-01 14:41:00-04:00,88.16000366210938,88.34500122070312,88.1500015258789,88.34500122070312,88936
2026-09-01 14:42:00-04:00,88.02140045166016,88.16000366210938,88.01830291748047,88.1500015258789,158885
2026-09-01 14:43:00-04:00,88.07499694824219,88.08000183105469,88.0199966430664,88.0250015258789,65288
2026-09-01 14:44:00-04:00,88.01000213623047,88.08999633789062,88.0,88.0728988647461,146108
2026-09-01 14:45:00-04:00,87.94000244140625,88.02989959716797,87.94000244140625,88.01499938964844,162069
2026-09-01 14:46:00-04:00,88.00499725341797,88.02999877929688,87.93000030517578,87.94999694824219,133428
2026-09-01 14:47:00-04:00,88.08599853515625,88.08999633789062,88.01000213623047,88.01000213623047,91509
2026-09-01 14:48:00-04:00,88.00250244140625,88.09500122070312,87.95999908447266,88.09500122070312,80610
2026-09-01 14:49:00-04:00,88.08999633789062,88.13999938964844,88.0,88.0,87609
2026-09-01 14:50:00-04:00,87.97000122070312,88.08000183105469,87.91000366210938,88.08000183105469,125762
2026-09-01 14:51:00-04:00,88.0250015258789,88.02989959716797,87.94000244140625,87.97000122070312,81915
2026-09-01 14:52:00-04:00,88.04499816894531,88.0999984741211,88.0,88.0199966430664,69839
2026-09-01 14:53:00-04:00,87.972900390625,88.05000305175781,87.93499755859375,88.04499816894531,85290
2026-09-01 14:54:00-04:00,88.01010131835938,88.02999877929688,87.97000122070312,87.9800033569336,55805
2026-09-01 14:55:00-04:00,88.08000183105469,88.09410095214844,87.98999786376953,88.01000213623047,61131
2026-09-01 14:56:00-04:00,88.19000244140625,88.20999908447266,88.08000183105469,88.08999633789062,148379
2026-09-01 14:57:00-04:00,88.09500122070312,88.19940185546875,88.08000183105469,88.19000244140625,71616
2026-09-01 14:58:00-04:00,88.125,88.18000030517578,88.09980010986328,88.09980010986328,87938
2026-09-01 14:59:00-04:00,88.177001953125,88.20500183105469,88.125,88.125,83046
2026-09-01 15:00:00-04:00,88.2249984741211,88.29499816894531,88.17500305175781,88.19000244140625,127497
2026-09-01 15:01:00-04:00,88.13629913330078,88.2300033569336,88.08000183105469,88.2300033569336,100013
2026-09-01 15:02:00-04:00,88.19999694824219,88.22989654541016,88.13410186767578,88.13410186767578,55241
2026-09-01 15:03:00-04:00,88.3301010131836,88.33999633789062,88.19010162353516,88.21499633789062,106356
2026-09-01 15:04:00-04:00,88.37339782714844,88.41000366210938,88.29000091552734,88.33999633789062,133335
2026-09-01 15:05:00-04:00,88.31999969482422,88.41200256347656,88.31999969482422,88.38999938964844,84119
2026-09-01 15:06:00-04:00,88.35140228271484,88.4000015258789,88.30000305175781,88.32319641113281,108299
2026-09-01 15:07:00-04:00,88.2699966430664,88.4000015258789,88.26499938964844,88.35990142822266,96208
2026-09-01 15:08:00-04:00,88.33930206298828,88.3550033569336,88.2219009399414,88.26499938964844,123455
2026-09-01 15:09:00-04:00,88.36000061035156,88.38500213623047,88.34390258789062,88.3499984741211,75721
2026-09-01 15:10:00-04:00,88.44270324707031,88.45999908447266,88.36000061035156,88.36000061035156,100646
2026-09-01 15:11:00-04:00,88.44999694824219,88.51969909667969,88.44000244140625,88.44999694824219,88911
2026-09-01 15:12:00-04:00,88.4749984741211,88.5198974609375,88.40499877929688,88.45320129394531,93701
2026-09-01 15:13:00-04:00,88.54499816894531,88.55000305175781,88.44290161132812,88.47989654541016,90735
2026-09-01 15:14:00-04:00,88.63030242919922,88.66000366210938,88.5199966430664,88.55000305175781,154607
2026-09-01 15:15:00-04:00,88.69000244140625,88.69000244140625,88.61009979248047,88.63500213623047,412022
2026-09-01 15:16:00-04:00,88.65499877929688,88.72000122070312,88.5801010131836,88.69999694824219,85803
2026-09-01 15:17:00-04:00,88.62000274658203,88.72000122070312,88.59049987792969,88.65499877929688,122946
2026-09-01 15:18:00-04:00,88.58999633789062,88.6698989868164,88.58000183105469,88.625,84881
2026-09-01 15:19:00-04:00,88.56999969482422,88.63990020751953,88.54000091552734,88.59500122070312,73989
2026-09-01 15:20:00-04:00,88.49210357666016,88.61000061035156,88.48999786376953,88.56500244140625,102373
2026-09-01 15:21:00-04:00,88.52999877929688,88.55999755859375,88.49500274658203,88.49500274658203,53510
2026-09-01 15:22:00-04:00,88.61000061035156,88.67500305175781,88.51000213623047,88.54000091552734,146074
2026-09-01 15:23:00-04:00,88.70999908447266,88.71499633789062,88.61000061035156,88.62999725341797,70546
2026-09-01 15:24:00-04:00,88.73999786376953,88.73999786376953,88.65499877929688,88.70999908447266,108183
2026-09-01 15:25:00-04:00,88.73049926757812,88.77999877929688,88.69999694824219,88.73999786376953,131292
2026-09-01 15:26:00-04:00,88.75,88.77999877929688,88.71499633789062,88.7300033569336,98774
2026-09-01 15:27:00-04:00,88.66999816894531,88.76000213623047,88.65499877929688,88.75,90446
2026-09-01 15:28:00-04:00,88.79100036621094,88.81999969482422,88.68000030517578,88.68939971923828,85289
2026-09-01 15:29:00-04:00,88.79499816894531,88.81999969482422,88.75150299072266,88.79499816894531,99379
2026-09-01 15:30:00-04:00,88.71499633789062,88.83000183105469,88.69999694824219,88.80000305175781,262984
2026-09-01 15:31:00-04:00,88.52369689941406,88.7300033569336,88.52369689941406,88.70989990234375,142067
2026-09-01 15:32:00-04:00,88.55500030517578,88.58000183105469,88.47000122070312,88.5250015258789,194840
2026-09-01 15:33:00-04:00,88.55500030517578,88.61000061035156,88.5,88.56500244140625,148167
2026-09-01 15:34:00-04:00,88.6156997680664,88.62000274658203,88.54000091552734,88.55000305175781,85793
2026-09-01 15:35:00-04:00,88.6500015258789,88.66000366210938,88.54010009765625,88.61499786376953,95973
2026-09-01 15:36:00-04:00,88.61499786376953,88.6698989868164,88.58000183105469,88.6449966430664,83691
2026-09-01 15:37:00-04:00,88.5000991821289,88.625,88.49500274658203,88.61499786376953,140101
2026-09-01 15:38:00-04:00,88.5250015258789,88.53500366210938,88.47000122070312,88.50499725341797,105522
2026-09-01 15:39:00-04:00,88.43499755859375,88.5250015258789,88.42150115966797,88.5199966430664,148046
2026-09-01 15:40:00-04:00,88.51000213623047,88.5199966430664,88.37999725341797,88.43499755859375,172352
2026-09-01 15:41:00-04:00,88.63500213623047,88.63500213623047,88.5,88.5062026977539,120258
2026-09-01 15:42:00-04:00,88.56990051269531,88.65499877929688,88.56500244140625,88.63249969482422,100045
2026-09-01 15:43:00-04:00,88.62999725341797,88.6698989868164,88.55000305175781,88.56500244140625,106989
2026-09-01 15:44:00-04:00,88.7699966430664,88.77149963378906,88.62000274658203,88.62999725341797,158580
2026-09-01 15:45:00-04:00,88.73999786376953,88.86730194091797,88.72000122070312,88.75499725341797,306913
2026-09-01 15:46:00-04:00,88.76499938964844,88.76499938964844,88.61499786376953,88.72989654541016,148370
2026-09-01 15:47:00-04:00,88.86499786376953,88.87000274658203,88.74500274658203,88.76499938964844,107787
2026-09-01 15:48:00-04:00,89.06500244140625,89.07499694824219,88.86000061035156,88.86499786376953,384304
2026-09-01 15:49:00-04:00,88.96499633789062,89.12999725341797,88.93000030517578,89.06999969482422,317294
2026-09-01 15:50:00-04:00,88.88999938964844,88.95999908447266,88.76499938964844,88.95999908447266,414049
2026-09-01 15:51:00-04:00,88.76499938964844,88.92500305175781,88.76499938964844,88.88999938964844,159671
2026-09-01 15:52:00-04:00,88.7300033569336,88.81999969482422,88.69999694824219,88.76499938964844,197759
2026-09-01 15:53:00-04:00,88.69999694824219,88.72000122070312,88.625,88.72000122070312,287106
2026-09-01 15:54:00-04:00,88.8550033569336,88.86000061035156,88.69000244140625,88.70999908447266,359622
2026-09-01 15:55:00-04:00,89.01499938964844,89.05010223388672,88.86000061035156,88.86000061035156,364912
2026-09-01 15:56:00-04:00,88.94000244140625,89.03500366210938,88.86000061035156,89.01499938964844,266241
2026-09-01 15:57:00-04:00,88.91500091552734,88.97000122070312,88.88999938964844,88.93499755859375,276685
2026-09-01 15:58:00-04:00,88.9749984741211,88.9800033569336,88.87030029296875,88.91999816894531,375108
2026-09-01 15:59:00-04:00,88.97000122070312,89.0,88.91000366210938,88.97000122070312,718265
2026-09-02 09:30:00-04:00,88.13500213623047,88.75,87.9000015258789,88.75,3138414
2026-09-02 09:31:00-04:00,89.39309692382812,89.63999938964844,88.04049682617188,88.11000061035156,770614
2026-09-02 09:32:00-04:00,89.3550033569336,89.48999786376953,88.9000015258789,89.40499877929688,372915
2026-09-02 09:33:00-04:00,88.99700164794922,89.62000274658203,88.91000366210938,89.37000274658203,351665
2026-09-02 09:34:00-04:00,89.12000274658203,89.14949798583984,88.96299743652344,89.00499725341797,170200
2026-09-02 09:35:00-04:00,88.93000030517578,89.16649627685547,88.8301010131836,89.16649627685547,344611
2026-09-02 09:36:00-04:00,88.71990203857422,88.94000244140625,88.61000061035156,88.92990112304688,275376
2026-09-02 09:37:00-04:00,88.70010375976562,88.8949966430664,88.56999969482422,88.69999694824219,247516
2026-09-02 09:38:00-04:00,88.8041000366211,88.88999938964844,88.6500015258789,88.75499725341797,175924
2026-09-02 09:39:00-04:00,89.44000244140625,89.4800033569336,88.80000305175781,88.83999633789062,357410
2026-09-02 09:40:00-04:00,89.39550018310547,89.48860168457031,89.26000213623047,89.46990203857422,290448
2026-09-02 09:41:00-04:00,89.26080322265625,89.43000030517578,89.23999786376953,89.41500091552734,243292
2026-09-02 09:42:00-04:00,89.02999877929688,89.36499786376953,89.02999877929688,89.25,218198
2026-09-02 09:43:00-04:00,88.76000213623047,89.06510162353516,88.56999969482422,89.0199966430664,374323
2026-09-02 09:44:00-04:00,88.7300033569336,88.82990264892578,88.63099670410156,88.75499725341797,199702
2026-09-02 09:45:00-04:00,88.62999725341797,88.91500091552734,88.5999984741211,88.72000122070312,422196
2026-09-02 09:46:00-04:00,88.3136978149414,88.6500015258789,88.22000122070312,88.6500015258789,359109
2026-09-02 09:47:00-04:00,88.41999816894531,88.48999786376953,88.2750015258789,88.3292007446289,158003
2026-09-02 09:48:00-04:00,88.12999725341797,88.44999694824219,88.08999633789062,88.41999816894531,240660
2026-09-02 09:49:00-04:00,87.9000015258789,88.16000366210938,87.84010314941406,88.1500015258789,268104
2026-09-02 09:50:00-04:00,87.94000244140625,88.05000305175781,87.875,87.87999725341797,229153
2026-09-02 09:51:00-04:00,87.76000213623047,87.93499755859375,87.7300033569336,87.93499755859375,284955
2026-09-02 09:52:00-04:00,87.82109832763672,87.9000015258789,87.7300033569336,87.75039672851562,184982
2026-09-02 09:53:00-04:00,87.75,87.97000122070312,87.75,87.81999969482422,217225
2026-09-02 09:54:00-04:00,87.55000305175781,87.76000213623047,87.54029846191406,87.74500274658203,333921
2026-09-02 09:55:00-04:00,87.70999908447266,87.72000122070312,87.5,87.54000091552734,365262
2026-09-02 09:56:00-04:00,87.8550033569336,87.89990234375,87.6500015258789,87.70999908447266,267689
2026-09-02 09:57:00-04:00,87.75,87.88999938964844,87.70010375976562,87.85369873046875,229992
2026-09-02 09:58:00-04:00,87.83989715576172,87.91010284423828,87.76000213623047,87.7699966430664,163958
2026-09-02 09:59:00-04:00,88.16000366210938,88.20999908447266,87.82369995117188,87.82929992675781,434709
2026-09-02 10:00:00-04:00,88.27999877929688,88.27999877929688,88.05999755859375,88.1449966430664,226820
2026-09-02 10:01:00-04:00,88.25090026855469,88.37999725341797,88.22000122070312,88.28500366210938,243076
2026-09-02 10:02:00-04:00,88.29010009765625,88.33000183105469,88.0999984741211,88.25749969482422,227474
2026-09-02 10:03:00-04:00,88.08589935302734,88.31500244140625,88.08000183105469,88.29499816894531,157755
2026-09-02 10:04:00-04:00,88.3499984741211,88.35399627685547,88.11000061035156,88.12000274658203,167427
2026-09-02 10:05:00-04:00,88.45500183105469,88.53990173339844,88.31099700927734,88.3499984741211,244125
2026-09-02 10:06:00-04:00,88.48500061035156,88.53949737548828,88.38009643554688,88.4520034790039,165379
2026-09-02 10:07:00-04:00,88.41999816894531,88.48999786376953,88.41000366210938,88.48500061035156,170624
2026-09-02 10:08:00-04:00,88.29499816894531,88.43000030517578,88.14299774169922,88.41999816894531,250647
2026-09-02 10:09:00-04:00,88.50499725341797,88.61609649658203,88.29000091552734,88.29000091552734,296238
2026-09-02 10:10:00-04:00,88.4800033569336,88.75980377197266,88.4800033569336,88.51499938964844,294073
2026-09-02 10:11:00-04:00,88.66000366210938,88.71939849853516,88.4801025390625,88.4801025390625,156592
2026-09-02 10:12:00-04:00,88.57039642333984,88.68000030517578,88.44999694824219,88.64990234375,140885
2026-09-02 10:13:00-04:00,88.77999877929688,88.79000091552734,88.58000183105469,88.58000183105469,178442
2026-09-02 10:14:00-04:00,89.19730377197266,89.19730377197266,88.79000091552734,88.79000091552734,286140
2026-09-02 10:15:00-04:00,89.18070220947266,89.37999725341797,89.09159851074219,89.19059753417969,345796
2026-09-02 10:16:00-04:00,89.15149688720703,89.25,89.11000061035156,89.19999694824219,131850
2026-09-02 10:17:00-04:00,89.23500061035156,89.2750015258789,89.12000274658203,89.15499877929688,270208
2026-09-02 10:18:00-04:00,89.31500244140625,89.41000366210938,89.18000030517578,89.24500274658203,241074
2026-09-02 10:19:00-04:00,89.41999816894531,89.47000122070312,89.30999755859375,89.31210327148438,224511
2026-09-02 10:20:00-04:00,89.181396484375,89.47000122070312,89.18000030517578,89.42500305175781,230064
2026-09-02 10:21:00-04:00,89.34010314941406,89.36000061035156,89.19000244140625,89.19000244140625,133595
2026-09-02 10:22:00-04:00,89.1675033569336,89.36000061035156,89.16000366210938,89.34500122070312,166224
2026-09-02 10:23:00-04:00,89.11000061035156,89.19999694824219,88.9800033569336,89.16999816894531,266377
2026-09-02 10:24:00-04:00,88.8541030883789,89.11000061035156,88.81999969482422,89.0999984741211,189714
2026-09-02 10:25:00-04:00,88.8572006225586,88.98999786376953,88.7300033569336,88.87000274658203,178127
2026-09-02 10:26:00-04:00,89.08000183105469,89.08000183105469,88.8499984741211,88.86000061035156,151930
2026-09-02 10:27:00-04:00,88.83399963378906,89.06999969482422,88.80000305175781,89.06999969482422,180739
2026-09-02 10:28:00-04:00,88.9800033569336,88.9800033569336,88.81999969482422,88.83999633789062,102369
2026-09-02 10:29:00-04:00,89.07499694824219,89.12999725341797,88.96269989013672,88.97329711914062,174022
2026-09-02 10:30:00-04:00,89.13999938964844,89.24970245361328,89.07009887695312,89.07009887695312,164396
2026-09-02 10:31:00-04:00,89.2300033569336,89.27999877929688,89.05010223388672,89.13999938964844,172004
2026-09-02 10:32:00-04:00,89.1500015258789,89.24859619140625,89.13999938964844,89.22000122070312,137069
2026-09-02 10:33:00-04:00,89.31099700927734,89.31999969482422,89.08999633789062,89.1449966430664,178711
2026-09-02 10:34:00-04:00,89.36689758300781,89.39990234375,89.2699966430664,89.30269622802734,164691
2026-09-02 10:35:00-04:00,89.18000030517578,89.38999938964844,89.18000030517578,89.36920166015625,110217
2026-09-02 10:36:00-04:00,89.09929656982422,89.22000122070312,89.06999969482422,89.18000030517578,123312
2026-09-02 10:37:00-04:00,88.97480010986328,89.0999984741211,88.93000030517578,89.08000183105469,126562
2026-09-02 10:38:00-04:00,88.86940002441406,89.05000305175781,88.83999633789062,88.98500061035156,137391
2026-09-02 10:39:00-04:00,88.9800033569336,88.98999786376953,88.83999633789062,88.87999725341797,121530
2026-09-02 10:40:00-04:00,89.11000061035156,89.16999816894531,88.95099639892578,88.9800033569336,181541
2026-09-02 10:41:00-04:00,89.04000091552734,89.18000030517578,89.0,89.13999938964844,123266
2026-09-02 10:42:00-04:00,89.07009887695312,89.19499969482422,89.02999877929688,89.03500366210938,94118
2026-09-02 10:43:00-04:00,89.15499877929688,89.16950225830078,89.06500244140625,89.08000183105469,99488
2026-09-02 10:44:00-04:00,89.18000030517578,89.19000244140625,89.08000183105469,89.16000366210938,76803
2026-09-02 10:45:00-04:00,89.11000061035156,89.18499755859375,89.0999984741211,89.17500305175781,94506
2026-09-02 10:46:00-04:00,89.05500030517578,89.13999938964844,89.05000305175781,89.0999984741211,89522
2026-09-02 10:47:00-04:00,89.02999877929688,89.125,89.02999877929688,89.05999755859375,63033
2026-09-02 10:48:00-04:00,88.92500305175781,89.05000305175781,88.92070007324219,89.03130340576172,67848
2026-09-02 10:49:00-04:00,88.95020294189453,88.95709991455078,88.86000061035156,88.92990112304688,107734
2026-09-02 10:50:00-04:00,88.875,88.99970245361328,88.87000274658203,88.95500183105469,172815
2026-09-02 10:51:00-04:00,88.9749984741211,89.01000213623047,88.875,88.875,96666
2026-09-02 10:52:00-04:00,88.82009887695312,89.00859832763672,88.81999969482422,88.97799682617188,138230
2026-09-02 10:53:00-04:00,88.73999786376953,88.8572998046875,88.70999908447266,88.83499908447266,143736
2026-09-02 10:54:00-04:00,88.84500122070312,88.8499984741211,88.69999694824219,88.73999786376953,107073
2026-09-02 10:55:00-04:00,88.87000274658203,88.94930267333984,88.80999755859375,88.83999633789062,108824
2026-09-02 10:56:00-04:00,88.86000061035156,88.88999938964844,88.79000091552734,88.86000061035156,65578
2026-09-02 10:57:00-04:00,88.87000274658203,88.9000015258789,88.7699966430664,88.86000061035156,107671
2026-09-02 10:58:00-04:00,88.80000305175781,88.87999725341797,88.77999877929688,88.87000274658203,52342
2026-09-02 10:59:00-04:00,88.8550033569336,88.86000061035156,88.7300033569336,88.80000305175781,97911
2026-09-02 11:00:00-04:00,88.79730224609375,88.88990020751953,88.75,88.8572998046875,85618
2026-09-02 11:01:00-04:00,88.75,88.81269836425781,88.70999908447266,88.78500366210938,112025
2026-09-02 11:02:00-04:00,88.83000183105469,88.83000183105469,88.72000122070312,88.73999786376953,126757
2026-09-02 11:03:00-04:00,88.8949966430664,88.9000015258789,88.77999877929688,88.81999969482422,107463
2026-09-02 11:04:00-04:00,88.94999694824219,88.9749984741211,88.8499984741211,88.88999938964844,128254
2026-09-02 11:05:00-04:00,88.93000030517578,88.99500274658203,88.88200378417969,88.95999908447266,108929
2026-09-02 11:06:00-04:00,89.13030242919922,89.13999938964844,88.94499969482422,88.94999694824219,164328
2026-09-02 11:07:00-04:00,89.11620330810547,89.1500015258789,89.09010314941406,89.13990020751953,116019
2026-09-02 11:08:00-04:00,89.2499008178711,89.27999877929688,89.12200164794922,89.12999725341797,119067
2026-09-02 11:09:00-04:00,89.32499694824219,89.32499694824219,89.19999694824219,89.22769927978516,158038
2026-09-02 11:10:00-04:00,89.30000305175781,89.32620239257812,89.26000213623047,89.31999969482422,114097
2026-09-02 11:11:00-04:00,89.25,89.29109954833984,89.18000030517578,89.28500366210938,121049
2026-09-02 11:12:00-04:00,89.11499786376953,89.33000183105469,89.0999984741211,89.25080108642578,152796
2026-09-02 11:13:00-04:00,89.20999908447266,89.25,89.10990142822266,89.12000274658203,86255
2026-09-02 11:14:00-04:00,89.30500030517578,89.33499908447266,89.2300033569336,89.2300033569336,89760
2026-09-02 11:15:00-04:00,89.44000244140625,89.44000244140625,89.2750015258789,89.29000091552734,145802
2026-09-02 11:16:00-04:00,89.52999877929688,89.54000091552734,89.41000366210938,89.44999694824219,207498
2026-09-02 11:17:00-04:00,89.48999786376953,89.55000305175781,89.47000122070312,89.52570343017578,121759
2026-09-02 11:18:00-04:00,89.53949737548828,89.55999755859375,89.47010040283203,89.4999008178711,92905
2026-09-02 11:19:00-04:00,89.54000091552734,89.58000183105469,89.52999877929688,89.53500366210938,102897
2026-09-02 11:20:00-04:00,89.56999969482422,89.5875015258789,89.52999877929688,89.54000091552734,69576
2026-09-02 11:21:00-04:00,89.51000213623047,89.62999725341797,89.5000991821289,89.56999969482422,117230
2026-09-02 11:22:00-04:00,89.54499816894531,89.61000061035156,89.50150299072266,89.51499938964844,103051
2026-09-02 11:23:00-04:00,89.47000122070312,89.58000183105469,89.46009826660156,89.54060363769531,120807
2026-09-02 11:24:00-04:00,89.53500366210938,89.55000305175781,89.45999908447266,89.47000122070312,63646
2026-09-02 11:25:00-04:00,89.75499725341797,89.76000213623047,89.54000091552734,89.54499816894531,176720
2026-09-02 11:26:00-04:00,89.81510162353516,89.84829711914062,89.7249984741211,89.75509643554688,145579
2026-09-02 11:27:00-04:00,89.87999725341797,89.88999938964844,89.80999755859375,89.81500244140625,123564
2026-09-02 11:28:00-04:00,90.06999969482422,90.11940002441406,89.89009857177734,89.8949966430664,398611
2026-09-02 11:29:00-04:00,90.2697982788086,90.33999633789062,90.08000183105469,90.08000183105469,392637
2026-09-02 11:30:00-04:00,90.21209716796875,90.3499984741211,90.1449966430664,90.2699966430664,219623
2026-09-02 11:31:00-04:00,90.30000305175781,90.30999755859375,90.16999816894531,90.22000122070312,168656
2026-09-02 11:32:00-04:00,90.17970275878906,90.29000091552734,90.06999969482422,90.29000091552734,253881
2026-09-02 11:33:00-04:00,90.19010162353516,90.19999694824219,90.12000274658203,90.16010284423828,116848
2026-09-02 11:34:00-04:00,90.13999938964844,90.20999908447266,90.11090087890625,90.18000030517578,82495
2026-09-02 11:35:00-04:00,90.05999755859375,90.13999938964844,90.05000305175781,90.12680053710938,93904
2026-09-02 11:36:00-04:00,90.02950286865234,90.0999984741211,90.01000213623047,90.06999969482422,95728
2026-09-02 11:37:00-04:00,89.93659973144531,90.03150177001953,89.91999816894531,90.02999877929688,107752
2026-09-02 11:38:00-04:00,89.87000274658203,89.97000122070312,89.83000183105469,89.94499969482422,102537
2026-09-02 11:39:00-04:00,89.74009704589844,89.85009765625,89.72010040283203,89.84989929199219,106894
2026-09-02 11:40:00-04:00,89.75,89.86000061035156,89.70429992675781,89.75,118142
2026-09-02 11:41:00-04:00,89.7699966430664,89.80850219726562,89.70500183105469,89.75,61540
2026-09-02 11:42:00-04:00,89.98999786376953,90.06999969482422,89.75910186767578,89.7699966430664,166845
2026-09-02 11:43:00-04:00,90.0197982788086,90.06999969482422,89.94999694824219,89.97059631347656,98952
2026-09-02 11:44:00-04:00,90.04499816894531,90.06990051269531,90.01499938964844,90.0199966430664,78595
2026-09-02 11:45:00-04:00,89.83550262451172,90.05999755859375,89.83499908447266,90.04499816894531,92881
2026-09-02 11:46:00-04:00,89.87000274658203,89.88970184326172,89.75,89.81999969482422,102232
2026-09-02 11:47:00-04:00,89.87999725341797,89.91999816894531,89.83000183105469,89.87010192871094,70458
2026-09-02 11:48:00-04:00,89.8550033569336,89.88999938964844,89.80000305175781,89.86199951171875,44809
2026-09-02 11:49:00-04:00,89.77999877929688,89.9000015258789,89.70999908447266,89.88500213623047,80800
2026-09-02 11:50:00-04:00,89.8550033569336,89.92980194091797,89.79010009765625,89.80000305175781,109556
2026-09-02 11:51:00-04:00,89.96499633789062,89.98989868164062,89.80999755859375,89.8499984741211,107227
2026-09-02 11:52:00-04:00,89.95999908447266,90.0,89.91010284423828,89.95999908447266,78122
2026-09-02 11:53:00-04:00,89.90989685058594,89.97899627685547,89.8499984741211,89.95549774169922,82732
2026-09-02 11:54:00-04:00,89.93379974365234,89.94000244140625,89.87000274658203,89.9000015258789,39099
2026-09-02 11:55:00-04:00,89.87999725341797,89.95999908447266,89.86199951171875,89.9280014038086,128112
2026-09-02 11:56:00-04:00,89.7750015258789,89.91999816894531,89.75050354003906,89.88009643554688,67272
2026-09-02 11:57:00-04:00,89.875,89.9000015258789,89.7699966430664,89.77850341796875,64569
2026-09-02 11:58:00-04:00,90.11000061035156,90.12000274658203,89.87999725341797,89.87999725341797,147222
2026-09-02 11:59:00-04:00,90.16500091552734,90.19629669189453,90.09500122070312,90.10009765625,141319
2026-09-02 12:00:00-04:00,90.12999725341797,90.18499755859375,90.11599731445312,90.16000366210938,83922
2026-09-02 12:01:00-04:00,90.12000274658203,90.25,90.11000061035156,90.12999725341797,173409
2026-09-02 12:02:00-04:00,90.14230346679688,90.18000030517578,90.0999984741211,90.125,79196
2026-09-02 12:03:00-04:00,90.22000122070312,90.23500061035156,90.1449966430664,90.1449966430664,96085
2026-09-02 12:04:00-04:00,90.21070098876953,90.23999786376953,90.12999725341797,90.21499633789062,91012
2026-09-02 12:05:00-04:00,90.19499969482422,90.28569793701172,90.12999725341797,90.22000122070312,91948
2026-09-02 12:06:00-04:00,90.2699966430664,90.27999877929688,90.19000244140625,90.19999694824219,113917
2026-09-02 12:07:00-04:00,90.31759643554688,90.37000274658203,90.26000213623047,90.26499938964844,212138
2026-09-02 12:08:00-04:00,90.3550033569336,90.36499786376953,90.29000091552734,90.33799743652344,83551
2026-09-02 12:09:00-04:00,90.29679870605469,90.4000015258789,90.2699966430664,90.35600280761719,125801
2026-09-02 12:10:00-04:00,90.3949966430664,90.4000015258789,90.2699966430664,90.29499816894531,91073
2026-09-02 12:11:00-04:00,90.33000183105469,90.43000030517578,90.29000091552734,90.39990234375,153706
2026-09-02 12:12:00-04:00,90.23999786376953,90.36000061035156,90.19999694824219,90.3301010131836,116080
2026-09-02 12:13:00-04:00,90.16799926757812,90.2750015258789,90.13009643554688,90.2499008178711,122273
2026-09-02 12:14:00-04:00,90.26499938964844,90.27999877929688,90.17500305175781,90.18000030517578,73821
2026-09-02 12:15:00-04:00,90.1500015258789,90.29000091552734,90.14009857177734,90.26499938964844,84340
2026-09-02 12:16:00-04:00,90.16290283203125,90.23999786376953,90.11000061035156,90.1500015258789,132077
2026-09-02 12:17:00-04:00,90.04000091552734,90.19999694824219,90.01499938964844,90.17500305175781,152805
2026-09-02 12:18:00-04:00,90.06999969482422,90.09500122070312,90.02010345458984,90.04499816894531,77558
2026-09-02 12:19:00-04:00,90.08000183105469,90.12999725341797,90.04000091552734,90.06500244140625,68978
2026-09-02 12:20:00-04:00,90.1947021484375,90.25,90.02269744873047,90.08499908447266,137925
2026-09-02 12:21:00-04:00,90.2249984741211,90.23500061035156,90.16000366210938,90.19010162353516,74510
2026-09-02 12:22:00-04:00,90.19490051269531,90.2699966430664,90.1885986328125,90.22010040283203,67581
2026-09-02 12:23:00-04:00,90.21499633789062,90.2490005493164,90.15029907226562,90.20010375976562,57649
2026-09-02 12:24:00-04:00,90.19000244140625,90.2300033569336,90.1500015258789,90.19999694824219,72190
2026-09-02 12:25:00-04:00,90.10009765625,90.2300033569336,90.08000183105469,90.19999694824219,76613
2026-09-02 12:26:00-04:00,90.05999755859375,90.19000244140625,90.05010223388672,90.10990142822266,81639
2026-09-02 12:27:00-04:00,89.94000244140625,90.08000183105469,89.91000366210938,90.05999755859375,102103
2026-09-02 12:28:00-04:00,90.05999755859375,90.05999755859375,89.92500305175781,89.94999694824219,59061
2026-09-02 12:29:00-04:00,89.9823989868164,90.06999969482422,89.93000030517578,90.06500244140625,51935
2026-09-02 12:30:00-04:00,90.00420379638672,90.05999755859375,89.96240234375,89.98999786376953,75510
2026-09-02 12:31:00-04:00,90.06999969482422,90.0999984741211,89.9800033569336,89.98999786376953,91836
2026-09-02 12:32:00-04:00,90.05000305175781,90.12999725341797,90.04000091552734,90.06999969482422,70906
2026-09-02 12:33:00-04:00,90.02999877929688,90.08000183105469,90.0,90.05010223388672,63474
2026-09-02 12:34:00-04:00,90.06999969482422,90.11389923095703,90.03009796142578,90.03620147705078,42292
2026-09-02 12:35:00-04:00,90.08999633789062,90.12999725341797,90.06340026855469,90.06340026855469,69795
2026-09-02 12:36:00-04:00,90.07969665527344,90.12999725341797,90.05999755859375,90.11000061035156,32674
2026-09-02 12:37:00-04:00,90.10060119628906,90.11940002441406,90.02999877929688,90.08899688720703,51259
2026-09-02 12:38:00-04:00,90.0199966430664,90.11499786376953,90.01000213623047,90.1050033569336,42530
2026-09-02 12:39:00-04:00,90.03099822998047,90.08000183105469,90.0250015258789,90.03089904785156,43352
2026-09-02 12:40:00-04:00,90.11000061035156,90.12999725341797,90.03240203857422,90.04499816894531,85726
2026-09-02 12:41:00-04:00,90.04499816894531,90.11000061035156,89.98380279541016,90.11000061035156,88376
2026-09-02 12:42:00-04:00,90.03269958496094,90.08999633789062,90.0199966430664,90.05999755859375,40849
2026-09-02 12:43:00-04:00,90.09500122070312,90.09500122070312,90.03500366210938,90.03500366210938,40604
2026-09-02 12:44:00-04:00,90.02010345458984,90.09500122070312,90.0,90.08999633789062,73460
2026-09-02 12:45:00-04:00,90.125,90.12989807128906,90.0199966430664,90.0199966430664,68342
2026-09-02 12:46:00-04:00,90.16999816894531,90.19000244140625,90.11869812011719,90.125,107299
2026-09-02 12:47:00-04:00,90.04989624023438,90.18000030517578,90.01000213623047,90.17500305175781,91647
2026-09-02 12:48:00-04:00,89.99500274658203,90.04000091552734,89.9800033569336,90.02999877929688,105909
2026-09-02 12:49:00-04:00,90.05599975585938,90.08000183105469,89.98999786376953,89.99500274658203,49870
2026-09-02 12:50:00-04:00,89.97010040283203,90.08000183105469,89.97000122070312,90.05000305175781,129703
2026-09-02 12:51:00-04:00,90.08999633789062,90.08999633789062,89.95999908447266,89.96929931640625,62250
2026-09-02 12:52:00-04:00,90.00499725341797,90.09500122070312,90.0,90.09500122070312,50137
2026-09-02 12:53:00-04:00,90.0999984741211,90.0999984741211,89.9800033569336,89.98999786376953,43164
2026-09-02 12:54:00-04:00,90.2699966430664,90.28099822998047,90.10990142822266,90.11499786376953,143337
2026-09-02 12:55:00-04:00,90.20500183105469,90.30000305175781,90.20500183105469,90.27999877929688,99325
2026-09-02 12:56:00-04:00,90.24500274658203,90.25990295410156,90.11910247802734,90.20500183105469,73931
2026-09-02 12:57:00-04:00,90.17500305175781,90.25990295410156,90.17500305175781,90.23999786376953,42767
2026-09-02 12:58:00-04:00,90.20999908447266,90.2300033569336,90.15779876708984,90.16000366210938,50657
2026-09-02 12:59:00-04:00,90.19999694824219,90.23500061035156,90.18000030517578,90.20500183105469,39713
2026-09-02 13:00:00-04:00,90.23500061035156,90.27410125732422,90.20030212402344,90.20069885253906,66749
2026-09-02 13:01:00-04:00,90.31009674072266,90.31999969482422,90.23999786376953,90.23999786376953,82509
2026-09-02 13:02:00-04:00,90.33499908447266,90.33499908447266,90.26499938964844,90.31999969482422,67437
2026-09-02 13:03:00-04:00,90.30000305175781,90.375,90.27999877929688,90.33499908447266,65024
2026-09-02 13:04:00-04:00,90.25990295410156,90.30000305175781,90.2300033569336,90.26200103759766,99951
2026-09-02 13:05:00-04:00,90.33000183105469,90.375,90.25,90.25,78340
2026-09-02 13:06:00-04:00,90.39009857177734,90.39990234375,90.23049926757812,90.32990264892578,79887
2026-09-02 13:07:00-04:00,90.14990234375,90.4000015258789,90.13999938964844,90.3949966430664,182123
2026-09-02 13:08:00-04:00,89.98500061035156,90.16500091552734,89.97000122070312,90.14990234375,197796
2026-09-02 13:09:00-04:00,89.93000030517578,90.04000091552734,89.91000366210938,89.97779846191406,91816
2026-09-02 13:10:00-04:00,89.92500305175781,89.94999694824219,89.87999725341797,89.91999816894531,98956
2026-09-02 13:11:00-04:00,89.94920349121094,89.94999694824219,89.875,89.92500305175781,72572
2026-09-02 13:12:00-04:00,90.05010223388672,90.08000183105469,89.93000030517578,89.93009948730469,84723
2026-09-02 13:13:00-04:00,90.09500122070312,90.0999984741211,90.0199966430664,90.05500030517578,69432
2026-09-02 13:14:00-04:00,90.06500244140625,90.12999725341797,90.05999755859375,90.09390258789062,87862
2026-09-02 13:15:00-04:00,90.0999984741211,90.10549926757812,90.04000091552734,90.07499694824219,44540
2026-09-02 13:16:00-04:00,90.07990264892578,90.10990142822266,90.04010009765625,90.1050033569336,59234
2026-09-02 13:17:00-04:00,90.07499694824219,90.0999984741211,90.05999755859375,90.08499908447266,39099
2026-09-02 13:18:00-04:00,90.05000305175781,90.0999984741211,90.04499816894531,90.08000183105469,33383
2026-09-02 13:19:00-04:00,90.09940338134766,90.0999984741211,90.04060363769531,90.04060363769531,57943
2026-09-02 13:20:00-04:00,90.08000183105469,90.12000274658203,90.08000183105469,90.09500122070312,58776
2026-09-02 13:21:00-04:00,90.19999694824219,90.20999908447266,90.03990173339844,90.08000183105469,79153
2026-09-02 13:22:00-04:00,90.10009765625,90.22000122070312,90.08499908447266,90.2042007446289,78640
2026-09-02 13:23:00-04:00,90.13009643554688,90.1500015258789,90.08999633789062,90.1050033569336,25412
2026-09-02 13:24:00-04:00,90.0999984741211,90.13999938964844,90.0999984741211,90.13990020751953,50317
2026-09-02 13:25:00-04:00,90.05500030517578,90.125,90.05000305175781,90.10990142822266,65922
2026-09-02 13:26:00-04:00,90.04000091552734,90.06999969482422,90.01000213623047,90.05999755859375,64856
2026-09-02 13:27:00-04:00,90.04000091552734,90.05000305175781,90.02999877929688,90.03500366210938,37675
2026-09-02 13:28:00-04:00,90.04000091552734,90.08989715576172,90.02999877929688,90.04499816894531,32371
2026-09-02 13:29:00-04:00,89.99500274658203,90.05999755859375,89.97010040283203,90.02999877929688,62931
2026-09-02 13:30:00-04:00,89.9749984741211,90.0198974609375,89.95999908447266,89.9999008178711,49438
2026-09-02 13:31:00-04:00,89.94499969482422,89.98500061035156,89.90499877929688,89.9749984741211,55905
2026-09-02 13:32:00-04:00,89.87999725341797,89.95999908447266,89.875,89.94499969482422,78123
2026-09-02 13:33:00-04:00,89.8949966430664,89.91000366210938,89.875,89.88500213623047,65786
2026-09-02 13:34:00-04:00,89.88500213623047,89.95999908447266,89.87999725341797,89.8949966430664,73212
2026-09-02 13:35:00-04:00,89.94999694824219,89.97989654541016,89.88009643554688,89.88999938964844,51741
2026-09-02 13:36:00-04:00,89.94000244140625,89.9749984741211,89.93000030517578,89.95500183105469,46810
2026-09-02 13:37:00-04:00,89.90499877929688,89.94999694824219,89.9000015258789,89.94000244140625,37553
2026-09-02 13:38:00-04:00,89.84500122070312,89.91000366210938,89.83000183105469,89.90499877929688,68037
2026-09-02 13:39:00-04:00,89.79000091552734,89.87999725341797,89.7699966430664,89.84500122070312,121057
2026-09-02 13:40:00-04:00,89.7699966430664,89.81600189208984,89.76000213623047,89.79560089111328,134022
2026-09-02 13:41:00-04:00,89.72000122070312,89.76580047607422,89.66999816894531,89.76000213623047,72462
2026-09-02 13:42:00-04:00,89.70999908447266,89.81999969482422,89.69999694824219,89.70500183105469,102028
2026-09-02 13:43:00-04:00,89.73999786376953,89.7699966430664,89.68499755859375,89.70379638671875,68712
2026-09-02 13:44:00-04:00,89.8499984741211,89.86000061035156,89.75,89.75499725341797,73328
2026-09-02 13:45:00-04:00,89.87999725341797,89.94999694824219,89.8541030883789,89.8541030883789,122917
2026-09-02 13:46:00-04:00,89.88009643554688,89.8949966430664,89.83999633789062,89.87000274658203,48175
2026-09-02 13:47:00-04:00,89.8550033569336,89.87999725341797,89.79299926757812,89.87999725341797,42529
2026-09-02 13:48:00-04:00,89.80000305175781,89.86499786376953,89.80000305175781,89.8550033569336,30631
2026-09-02 13:49:00-04:00,89.70500183105469,89.81500244140625,89.69010162353516,89.80999755859375,66624
2026-09-02 13:50:00-04:00,89.69000244140625,89.7499008178711,89.66300201416016,89.70999908447266,60637
2026-09-02 13:51:00-04:00,89.6449966430664,89.70500183105469,89.62999725341797,89.68599700927734,66888
2026-09-02 13:52:00-04:00,89.62000274658203,89.6500015258789,89.62000274658203,89.6449966430664,43080
2026-09-02 13:53:00-04:00,89.6436996459961,89.6500015258789,89.6050033569336,89.61000061035156,40580
2026-09-02 13:54:00-04:00,89.67500305175781,89.69000244140625,89.62999725341797,89.6449966430664,52405
2026-09-02 13:55:00-04:00,89.62999725341797,89.66999816894531,89.56500244140625,89.66999816894531,136194
2026-09-02 13:56:00-04:00,89.61859893798828,89.63990020751953,89.60009765625,89.63400268554688,22176
2026-09-02 13:57:00-04:00,89.69400024414062,89.7249984741211,89.58999633789062,89.6134033203125,64335
2026-09-02 13:58:00-04:00,89.62779998779297,89.69989776611328,89.62000274658203,89.69989776611328,55816
2026-09-02 13:59:00-04:00,89.67500305175781,89.69989776611328,89.62999725341797,89.63500213623047,50030
2026-09-02 14:00:00-04:00,89.51229858398438,89.68000030517578,89.5,89.66699981689453,82158
2026-09-02 14:01:00-04:00,89.49500274658203,89.54000091552734,89.4800033569336,89.51499938964844,76048
2026-09-02 14:02:00-04:00,89.56990051269531,89.58499908447266,89.4999008178711,89.4999008178711,63090
2026-09-02 14:03:00-04:00,89.59020233154297,89.61990356445312,89.5199966430664,89.55999755859375,38000
2026-09-02 14:04:00-04:00,89.54519653320312,89.5999984741211,89.5,89.59420013427734,50684
2026-09-02 14:05:00-04:00,89.57499694824219,89.58540344238281,89.53279876708984,89.54000091552734,61694
2026-09-02 14:06:00-04:00,89.56990051269531,89.58989715576172,89.53500366210938,89.58989715576172,33430
2026-09-02 14:07:00-04:00,89.44100189208984,89.58000183105469,89.44000244140625,89.58000183105469,79921
2026-09-02 14:08:00-04:00,89.44499969482422,89.456298828125,89.40499877929688,89.44989776611328,67456
2026-09-02 14:09:00-04:00,89.45500183105469,89.4749984741211,89.42019653320312,89.44499969482422,83626
2026-09-02 14:10:00-04:00,89.39009857177734,89.45999908447266,89.38999938964844,89.44999694824219,66806
2026-09-02 14:11:00-04:00,89.3772964477539,89.42759704589844,89.37010192871094,89.3949966430664,35001
2026-09-02 14:12:00-04:00,89.3949966430664,89.41999816894531,89.37000274658203,89.375,66469
2026-09-02 14:13:00-04:00,89.5,89.52999877929688,89.3949966430664,89.3949966430664,85706
2026-09-02 14:14:00-04:00,89.5199966430664,89.5199966430664,89.48999786376953,89.51499938964844,49199
2026-09-02 14:15:00-04:00,89.45500183105469,89.54000091552734,89.44000244140625,89.51499938964844,69882
2026-09-02 14:16:00-04:00,89.4645004272461,89.4800033569336,89.44290161132812,89.45999908447266,60473
2026-09-02 14:17:00-04:00,89.4832992553711,89.51000213623047,89.45999908447266,89.46499633789062,36881
2026-09-02 14:18:00-04:00,89.66510009765625,89.78820037841797,89.4832992553711,89.48699951171875,250408
2026-09-02 14:19:00-04:00,89.63999938964844,89.69999694824219,89.62999725341797,89.6698989868164,60742
2026-09-02 14:20:00-04:00,89.58999633789062,89.65509796142578,89.5614013671875,89.625,55234
2026-09-02 14:21:00-04:00,89.54869842529297,89.62999725341797,89.52999877929688,89.59149932861328,49368
2026-09-02 14:22:00-04:00,89.53500366210938,89.55000305175781,89.50409698486328,89.54010009765625,53068
2026-09-02 14:23:00-04:00,89.53500366210938,89.54129791259766,89.5,89.53500366210938,35069
2026-09-02 14:24:00-04:00,89.627197265625,89.62899780273438,89.52999877929688,89.53099822998047,69104
2026-09-02 14:25:00-04:00,89.6698989868164,89.72989654541016,89.62370300292969,89.62999725341797,127882
2026-09-02 14:26:00-04:00,89.63999938964844,89.66500091552734,89.62920379638672,89.66500091552734,29334
2026-09-02 14:27:00-04:00,89.55000305175781,89.65570068359375,89.54499816894531,89.6449966430664,48684
2026-09-02 14:28:00-04:00,89.60639953613281,89.62999725341797,89.55000305175781,89.55000305175781,40980
2026-09-02 14:29:00-04:00,89.5250015258789,89.60700225830078,89.51499938964844,89.60700225830078,56110
2026-09-02 14:30:00-04:00,89.69000244140625,89.69000244140625,89.51000213623047,89.5250015258789,65923
2026-09-02 14:31:00-04:00,89.74500274658203,89.76920318603516,89.66010284423828,89.69000244140625,81734
2026-09-02 14:32:00-04:00,89.72000122070312,89.7499008178711,89.70500183105469,89.73999786376953,73471
2026-09-02 14:33:00-04:00,89.76499938964844,89.77999877929688,89.7249984741211,89.7249984741211,69691
2026-09-02 14:34:00-04:00,89.65989685058594,89.80000305175781,89.6500015258789,89.76499938964844,132414
2026-09-02 14:35:00-04:00,89.66000366210938,89.70989990234375,89.65499877929688,89.65499877929688,42754
2026-09-02 14:36:00-04:00,89.6500015258789,89.69000244140625,89.63999938964844,89.65499877929688,32787
2026-09-02 14:37:00-04:00,89.58200073242188,89.66500091552734,89.58000183105469,89.6500015258789,48446
2026-09-02 14:38:00-04:00,89.58000183105469,89.60990142822266,89.57009887695312,89.58509826660156,42774
2026-09-02 14:39:00-04:00,89.59709930419922,89.63999938964844,89.56999969482422,89.5886001586914,39237
2026-09-02 14:40:00-04:00,89.63500213623047,89.66000366210938,89.5999984741211,89.5999984741211,41566
2026-09-02 14:41:00-04:00,89.625,89.63939666748047,89.5999984741211,89.62999725341797,29842
2026-09-02 14:42:00-04:00,89.61509704589844,89.625,89.58999633789062,89.61599731445312,33160
2026-09-02 14:43:00-04:00,89.63500213623047,89.65989685058594,89.62000274658203,89.62999725341797,30970
2026-09-02 14:44:00-04:00,89.62000274658203,89.6449966430664,89.61000061035156,89.6449966430664,27138
2026-09-02 14:45:00-04:00,89.64510345458984,89.64600372314453,89.61499786376953,89.62999725341797,32553
2026-09-02 14:46:00-04:00,89.66000366210938,89.66000366210938,89.5999984741211,89.63369750976562,33743
2026-09-02 14:47:00-04:00,89.68499755859375,89.70999908447266,89.65010070800781,89.65010070800781,46640
2026-09-02 14:48:00-04:00,89.82499694824219,89.83000183105469,89.68060302734375,89.68060302734375,91050
2026-09-02 14:49:00-04:00,89.83779907226562,89.87000274658203,89.80989837646484,89.83000183105469,86490
2026-09-02 14:50:00-04:00,89.83499908447266,89.8499984741211,89.78009796142578,89.83999633789062,53001
2026-09-02 14:51:00-04:00,89.75,89.83499908447266,89.7437973022461,89.83000183105469,46160
2026-09-02 14:52:00-04:00,89.69000244140625,89.74500274658203,89.66000366210938,89.74500274658203,58613
2026-09-02 14:53:00-04:00,89.7260971069336,89.72989654541016,89.66000366210938,89.68000030517578,66448
2026-09-02 14:54:00-04:00,89.71499633789062,89.7300033569336,89.69999694824219,89.7300033569336,39422
2026-09-02 14:55:00-04:00,89.7249984741211,89.75,89.70999908447266,89.71499633789062,37836
2026-09-02 14:56:00-04:00,89.75499725341797,89.75990295410156,89.71499633789062,89.7238998413086,63004
2026-09-02 14:57:00-04:00,89.77999877929688,89.80000305175781,89.7500991821289,89.76000213623047,52280
2026-09-02 14:58:00-04:00,89.7761001586914,89.79499816894531,89.75,89.78500366210938,32774
2026-09-02 14:59:00-04:00,89.76599884033203,89.80000305175781,89.76000213623047,89.7750015258789,23709
2026-09-02 15:00:00-04:00,89.67500305175781,89.7699966430664,89.66999816894531,89.76000213623047,61942
2026-09-02 15:01:00-04:00,89.6404037475586,89.6404037475586,89.6404037475586,89.6404037475586,0
