Price,Close,High,Low,Open,Volume
Ticker,IREN,IREN,IREN,IREN,IREN
Datetime,,,,,
2026-08-27 09:30:00-04:00,40.7400016784668,40.810001373291016,40.310001373291016,40.61199951171875,2354526
2026-08-27 09:31:00-04:00,40.41019821166992,41.029998779296875,40.41019821166992,40.71099853515625,323893
2026-08-27 09:32:00-04:00,40.810001373291016,40.83000183105469,40.40999984741211,40.40999984741211,131452
2026-08-27 09:33:00-04:00,40.82500076293945,41.02000045776367,40.79999923706055,40.83000183105469,185669
2026-08-27 09:34:00-04:00,40.55540084838867,40.83000183105469,40.43000030517578,40.82500076293945,213205
2026-08-27 09:35:00-04:00,40.7400016784668,40.880001068115234,40.58000183105469,40.595001220703125,169649
2026-08-27 09:36:00-04:00,40.8223991394043,40.900001525878906,40.689998626708984,40.790000915527344,144105
2026-08-27 09:37:00-04:00,40.869998931884766,40.90999984741211,40.7598991394043,40.83000183105469,147904
2026-08-27 09:38:00-04:00,40.869998931884766,40.9567985534668,40.77000045776367,40.880001068115234,246622
2026-08-27 09:39:00-04:00,41.08000183105469,41.08000183105469,40.81999969482422,40.870399475097656,328262
2026-08-27 09:40:00-04:00,41.15449905395508,41.279701232910156,41.05350112915039,41.08219909667969,248257
2026-08-27 09:41:00-04:00,40.95280075073242,41.20000076293945,40.89030075073242,41.18000030517578,287065
2026-08-27 09:42:00-04:00,41.150001525878906,41.224998474121094,40.939998626708984,40.94839859008789,168216
2026-08-27 09:43:00-04:00,41.1150016784668,41.189998626708984,41.07749938964844,41.14500045776367,104658
2026-08-27 09:44:00-04:00,40.96500015258789,41.27000045776367,40.92169952392578,41.11000061035156,155216
2026-08-27 09:45:00-04:00,41.13880157470703,41.275001525878906,40.970001220703125,40.970001220703125,155964
2026-08-27 09:46:00-04:00,41.07749938964844,41.18000030517578,41.0,41.150001525878906,104573
2026-08-27 09:47:00-04:00,40.79069900512695,41.1150016784668,40.78499984741211,41.08000183105469,152080
2026-08-27 09:48:00-04:00,40.92679977416992,40.970001220703125,40.78499984741211,40.78499984741211,99908
2026-08-27 09:49:00-04:00,40.95000076293945,40.974998474121094,40.72999954223633,40.935001373291016,114519
2026-08-27 09:50:00-04:00,41.279998779296875,41.31999969482422,40.940101623535156,40.970001220703125,184625
2026-08-27 09:51:00-04:00,41.209999084472656,41.31999969482422,41.13010025024414,41.279998779296875,174939
2026-08-27 09:52:00-04:00,41.21500015258789,41.244998931884766,41.11000061035156,41.209999084472656,73077
2026-08-27 09:53:00-04:00,41.02000045776367,41.220001220703125,40.98500061035156,41.21659851074219,89603
2026-08-27 09:54:00-04:00,41.18000030517578,41.18000030517578,40.9827995300293,41.01499938964844,78813
2026-08-27 09:55:00-04:00,41.09000015258789,41.22880172729492,41.034698486328125,41.18000030517578,152004
2026-08-27 09:56:00-04:00,40.92539978027344,41.128501892089844,40.91999816894531,41.128501892089844,84117
2026-08-27 09:57:00-04:00,40.810001373291016,41.04999923706055,40.76539993286133,40.91999816894531,119812
2026-08-27 09:58:00-04:00,40.91999816894531,40.91999816894531,40.79999923706055,40.80500030517578,107490
2026-08-27 09:59:00-04:00,40.81999969482422,40.970001220703125,40.77000045776367,40.91999816894531,107504
2026-08-27 10:00:00-04:00,40.81999969482422,40.93000030517578,40.77000045776367,40.814998626708984,86696
2026-08-27 10:01:00-04:00,40.72999954223633,40.790000915527344,40.665000915527344,40.790000915527344,144353
2026-08-27 10:02:00-04:00,40.81999969482422,40.84000015258789,40.689998626708984,40.724998474121094,95358
2026-08-27 10:03:00-04:00,40.97999954223633,40.9900016784668,40.797401428222656,40.81999969482422,157518
2026-08-27 10:04:00-04:00,40.82500076293945,40.9900016784668,40.75,40.9900016784668,85943
2026-08-27 10:05:00-04:00,40.809898376464844,40.90999984741211,40.775001525878906,40.814998626708984,82615
2026-08-27 10:06:00-04:00,40.63999938964844,40.86000061035156,40.63999938964844,40.79999923706055,86015
2026-08-27 10:07:00-04:00,40.77000045776367,40.816200256347656,40.59000015258789,40.64509963989258,62038
2026-08-27 10:08:00-04:00,40.709999084472656,40.7599983215332,40.68009948730469,40.75,52412
2026-08-27 10:09:00-04:00,40.68000030517578,40.7400016784668,40.619998931884766,40.71500015258789,76966
2026-08-27 10:10:00-04:00,40.88999938964844,40.970001220703125,40.67219924926758,40.67219924926758,88992
2026-08-27 10:11:00-04:00,40.880001068115234,40.91999816894531,40.81999969482422,40.88999938964844,88592
2026-08-27 10:12:00-04:00,40.775001525878906,40.92499923706055,40.709999084472656,40.88999938964844,68958
2026-08-27 10:13:00-04:00,40.83000183105469,40.845001220703125,40.715599060058594,40.790000915527344,59638
2026-08-27 10:14:00-04:00,40.66999816894531,40.88999938964844,40.650001525878906,40.849998474121094,65030
2026-08-27 10:15:00-04:00,40.904998779296875,40.91999816894531,40.67499923706055,40.68000030517578,49326
2026-08-27 10:16:00-04:00,40.95000076293945,40.97999954223633,40.790000915527344,40.900001525878906,95825
2026-08-27 10:17:00-04:00,41.13029861450195,41.20000076293945,40.959999084472656,40.959999084472656,216338
2026-08-27 10:18:00-04:00,41.20000076293945,41.275001525878906,41.119998931884766,41.13819885253906,124097
2026-08-27 10:19:00-04:00,41.17279815673828,41.20000076293945,41.130001068115234,41.189998626708984,63277
2026-08-27 10:20:00-04:00,41.089298248291016,41.20000076293945,41.089298248291016,41.16999816894531,139571
2026-08-27 10:21:00-04:00,41.02000045776367,41.20000076293945,41.02000045776367,41.099998474121094,83773
2026-08-27 10:22:00-04:00,41.0,41.05500030517578,40.95899963378906,41.02000045776367,87214
2026-08-27 10:23:00-04:00,41.119998931884766,41.25,40.994998931884766,40.994998931884766,104119
2026-08-27 10:24:00-04:00,41.18000030517578,41.185001373291016,41.03110122680664,41.130001068115234,59896
2026-08-27 10:25:00-04:00,41.16999816894531,41.1869010925293,41.099998474121094,41.185001373291016,46476
2026-08-27 10:26:00-04:00,41.20500183105469,41.20500183105469,41.13999938964844,41.16999816894531,69027
2026-08-27 10:27:00-04:00,41.20140075683594,41.279998779296875,41.20140075683594,41.209999084472656,105982
2026-08-27 10:28:00-04:00,41.26139831542969,41.279998779296875,41.180198669433594,41.20500183105469,65825
2026-08-27 10:29:00-04:00,41.2843017578125,41.290000915527344,41.20500183105469,41.261600494384766,95310
2026-08-27 10:30:00-04:00,41.109901428222656,41.34000015258789,41.060001373291016,41.279998779296875,157892
2026-08-27 10:31:00-04:00,41.190101623535156,41.209999084472656,41.09000015258789,41.099998474121094,111834
2026-08-27 10:32:00-04:00,41.13999938964844,41.24679946899414,41.1349983215332,41.19150161743164,62621
2026-08-27 10:33:00-04:00,41.18629837036133,41.189998626708984,41.07490158081055,41.144100189208984,40385
2026-08-27 10:34:00-04:00,41.220001220703125,41.2599983215332,41.13999938964844,41.19499969482422,53746
2026-08-27 10:35:00-04:00,41.34000015258789,41.349998474121094,41.21500015258789,41.2400016784668,107372
2026-08-27 10:36:00-04:00,41.29499816894531,41.36989974975586,41.279998779296875,41.345001220703125,102252
2026-08-27 10:37:00-04:00,41.369998931884766,41.474998474121094,41.290000915527344,41.290000915527344,141574
2026-08-27 10:38:00-04:00,41.20000076293945,41.3650016784668,41.20000076293945,41.36000061035156,84824
2026-08-27 10:39:00-04:00,41.130001068115234,41.22999954223633,41.130001068115234,41.19499969482422,68585
2026-08-27 10:40:00-04:00,41.11000061035156,41.2400016784668,41.099998474121094,41.13999938964844,89311
2026-08-27 10:41:00-04:00,41.209999084472656,41.255001068115234,41.10499954223633,41.10499954223633,158877
2026-08-27 10:42:00-04:00,41.349998474121094,41.38999938964844,41.23830032348633,41.23830032348633,92245
2026-08-27 10:43:00-04:00,41.29999923706055,41.38999938964844,41.27000045776367,41.36000061035156,75516
2026-08-27 10:44:00-04:00,41.220001220703125,41.29999923706055,41.18000030517578,41.290000915527344,83493
2026-08-27 10:45:00-04:00,41.339900970458984,41.339900970458984,41.20000076293945,41.209999084472656,51355
2026-08-27 10:46:00-04:00,41.400001525878906,41.43989944458008,41.31999969482422,41.32500076293945,74636
2026-08-27 10:47:00-04:00,41.400001525878906,41.415000915527344,41.30009841918945,41.404998779296875,71035
2026-08-27 10:48:00-04:00,41.470001220703125,41.5,41.397300720214844,41.415000915527344,106719
2026-08-27 10:49:00-04:00,41.429901123046875,41.5099983215332,41.41320037841797,41.47999954223633,136881
2026-08-27 10:50:00-04:00,41.279998779296875,41.41600036621094,41.260101318359375,41.40999984741211,62113
2026-08-27 10:51:00-04:00,41.040000915527344,41.279998779296875,41.0,41.279998779296875,199853
2026-08-27 10:52:00-04:00,41.11000061035156,41.22999954223633,40.9900016784668,41.029998779296875,169732
2026-08-27 10:53:00-04:00,41.16999816894531,41.18000030517578,41.079498291015625,41.099998474121094,66090
2026-08-27 10:54:00-04:00,41.08000183105469,41.15999984741211,41.06999969482422,41.154998779296875,114907
2026-08-27 10:55:00-04:00,41.060001373291016,41.11000061035156,41.01499938964844,41.06999969482422,60706
2026-08-27 10:56:00-04:00,41.119998931884766,41.138999938964844,40.98500061035156,41.060001373291016,56686
2026-08-27 10:57:00-04:00,41.060001373291016,41.20500183105469,41.060001373291016,41.130001068115234,39179
2026-08-27 10:58:00-04:00,41.1890983581543,41.19499969482422,41.09000015258789,41.09000015258789,37871
2026-08-27 10:59:00-04:00,41.11349868774414,41.244998931884766,41.09000015258789,41.20000076293945,150984
2026-08-27 11:00:00-04:00,41.06999969482422,41.150001525878906,41.040000915527344,41.11000061035156,46519
2026-08-27 11:01:00-04:00,41.04999923706055,41.09000015258789,41.0099983215332,41.08250045776367,40485
2026-08-27 11:02:00-04:00,41.02000045776367,41.06999969482422,40.97999954223633,41.06999969482422,53043
2026-08-27 11:03:00-04:00,40.93000030517578,41.04610061645508,40.93000030517578,41.02000045776367,55718
2026-08-27 11:04:00-04:00,40.849998474121094,40.93000030517578,40.84000015258789,40.929298400878906,98958
2026-08-27 11:05:00-04:00,40.970001220703125,40.970001220703125,40.83000183105469,40.8650016784668,264146
2026-08-27 11:06:00-04:00,40.95000076293945,40.999900817871094,40.91999816894531,40.96500015258789,50631
2026-08-27 11:07:00-04:00,40.900001525878906,41.04930114746094,40.88010025024414,40.958499908447266,59249
2026-08-27 11:08:00-04:00,40.91999816894531,40.93000030517578,40.869998931884766,40.88999938964844,35497
2026-08-27 11:09:00-04:00,40.97990036010742,40.97990036010742,40.869998931884766,40.90999984741211,44229
2026-08-27 11:10:00-04:00,40.84000015258789,40.9900016784668,40.814998626708984,40.97999954223633,71235
2026-08-27 11:11:00-04:00,40.95000076293945,40.970001220703125,40.83000183105469,40.84000015258789,49492
2026-08-27 11:12:00-04:00,40.97999954223633,41.04999923706055,40.95000076293945,40.9536018371582,50015
2026-08-27 11:13:00-04:00,40.980098724365234,41.00910186767578,40.91999816894531,40.945899963378906,41901
2026-08-27 11:14:00-04:00,40.9900016784668,41.040000915527344,40.9900016784668,41.005401611328125,39354
2026-08-27 11:15:00-04:00,41.040000915527344,41.06999969482422,40.9900016784668,41.005001068115234,37361
2026-08-27 11:16:00-04:00,41.06800079345703,41.06999969482422,41.02000045776367,41.04999923706055,44270
2026-08-27 11:17:00-04:00,41.029998779296875,41.09000015258789,41.0,41.08000183105469,76352
2026-08-27 11:18:00-04:00,41.06999969482422,41.07849884033203,40.970001220703125,41.029998779296875,57774
2026-08-27 11:19:00-04:00,41.04999923706055,41.084999084472656,41.029998779296875,41.060001373291016,41708
2026-08-27 11:20:00-04:00,41.02000045776367,41.05849838256836,41.00699996948242,41.05849838256836,31107
2026-08-27 11:21:00-04:00,40.95000076293945,41.029998779296875,40.920101165771484,41.0099983215332,50761
2026-08-27 11:22:00-04:00,40.97999954223633,41.0,40.91999816894531,40.939998626708984,46262
2026-08-27 11:23:00-04:00,41.02000045776367,41.02000045776367,40.939998626708984,40.97999954223633,42881
2026-08-27 11:24:00-04:00,40.95009994506836,41.01499938964844,40.93000030517578,41.01499938964844,44262
2026-08-27 11:25:00-04:00,41.0,41.0,40.92499923706055,40.939998626708984,30670
2026-08-27 11:26:00-04:00,41.02000045776367,41.02000045776367,40.970001220703125,40.98500061035156,33471
2026-08-27 11:27:00-04:00,40.9900016784668,41.060001373291016,40.9900016784668,41.0099983215332,46908
2026-08-27 11:28:00-04:00,41.04999923706055,41.060001373291016,40.959999084472656,40.9900016784668,54924
2026-08-27 11:29:00-04:00,41.040000915527344,41.099998474121094,40.994998931884766,41.060001373291016,40539
2026-08-27 11:30:00-04:00,41.10929870605469,41.130001068115234,41.040000915527344,41.040000915527344,74562
2026-08-27 11:31:00-04:00,41.095001220703125,41.11000061035156,41.040000915527344,41.10499954223633,28553
2026-08-27 11:32:00-04:00,41.09000015258789,41.130001068115234,41.060001373291016,41.10499954223633,72296
2026-08-27 11:33:00-04:00,41.060001373291016,41.119998931884766,41.02280044555664,41.099998474121094,33175
2026-08-27 11:34:00-04:00,40.970001220703125,41.060001373291016,40.93000030517578,41.05500030517578,43870
2026-08-27 11:35:00-04:00,41.0099983215332,41.06999969482422,40.97999954223633,40.97999954223633,44560
2026-08-27 11:36:00-04:00,41.0,41.040000915527344,40.9723014831543,41.0099983215332,22289
2026-08-27 11:37:00-04:00,41.02000045776367,41.029998779296875,40.97999954223633,41.0099983215332,39744
2026-08-27 11:38:00-04:00,41.0,41.029998779296875,41.0,41.01890182495117,34085
2026-08-27 11:39:00-04:00,41.08000183105469,41.09000015258789,40.970001220703125,40.98500061035156,37540
2026-08-27 11:40:00-04:00,41.09000015258789,41.11000061035156,41.04999923706055,41.08000183105469,52775
2026-08-27 11:41:00-04:00,41.15999984741211,41.18000030517578,41.080501556396484,41.099998474121094,100243
2026-08-27 11:42:00-04:00,41.130001068115234,41.179901123046875,41.099998474121094,41.16999816894531,28099
2026-08-27 11:43:00-04:00,41.135398864746094,41.15129852294922,41.099998474121094,41.130001068115234,45730
2026-08-27 11:44:00-04:00,41.079898834228516,41.130001068115234,41.06159973144531,41.130001068115234,28773
2026-08-27 11:45:00-04:00,41.06999969482422,41.09000015258789,41.02000045776367,41.09000015258789,34681
2026-08-27 11:46:00-04:00,41.05419921875,41.07500076293945,41.0099983215332,41.07500076293945,33642
2026-08-27 11:47:00-04:00,41.02909851074219,41.06420135498047,41.0099983215332,41.060001373291016,23226
2026-08-27 11:48:00-04:00,41.04999923706055,41.060001373291016,41.0099983215332,41.02000045776367,28974
2026-08-27 11:49:00-04:00,41.04999923706055,41.060001373291016,41.000099182128906,41.05009841918945,29252
2026-08-27 11:50:00-04:00,41.13999938964844,41.154998779296875,41.04999923706055,41.060001373291016,62946
2026-08-27 11:51:00-04:00,41.220001220703125,41.220001220703125,41.11000061035156,41.125,89761
2026-08-27 11:52:00-04:00,41.27259826660156,41.275001525878906,41.163700103759766,41.22999954223633,56290
2026-08-27 11:53:00-04:00,41.27000045776367,41.279998779296875,41.2400016784668,41.27000045776367,65641
2026-08-27 11:54:00-04:00,41.189998626708984,41.279998779296875,41.150001525878906,41.27330017089844,152058
2026-08-27 11:55:00-04:00,41.21739959716797,41.22999954223633,41.130001068115234,41.17499923706055,58995
2026-08-27 11:56:00-04:00,41.18000030517578,41.27000045776367,41.18000030517578,41.220001220703125,71946
2026-08-27 11:57:00-04:00,41.190101623535156,41.220001220703125,41.14500045776367,41.18000030517578,38914
2026-08-27 11:58:00-04:00,41.16999816894531,41.275001525878906,41.15999984741211,41.209800720214844,84555
2026-08-27 11:59:00-04:00,41.084999084472656,41.20000076293945,41.084999084472656,41.16999816894531,33197
2026-08-27 12:00:00-04:00,41.12779998779297,41.150001525878906,41.099998474121094,41.099998474121094,23913
2026-08-27 12:01:00-04:00,41.18050003051758,41.189998626708984,41.11000061035156,41.130001068115234,38311
2026-08-27 12:02:00-04:00,41.20500183105469,41.22999954223633,41.16999816894531,41.20000076293945,51103
2026-08-27 12:03:00-04:00,41.22999954223633,41.255001068115234,41.20000076293945,41.20000076293945,53817
2026-08-27 12:04:00-04:00,41.224998474121094,41.2599983215332,41.16999816894531,41.244998931884766,32434
2026-08-27 12:05:00-04:00,41.189998626708984,41.224998474121094,41.16999816894531,41.224998474121094,27641
2026-08-27 12:06:00-04:00,41.14500045776367,41.209999084472656,41.14500045776367,41.18000030517578,43706
2026-08-27 12:07:00-04:00,41.130001068115234,41.15999984741211,41.1150016784668,41.130001068115234,47772
2026-08-27 12:08:00-04:00,41.130001068115234,41.16999816894531,41.07500076293945,41.139801025390625,70170
2026-08-27 12:09:00-04:00,41.08000183105469,41.130001068115234,41.08000183105469,41.130001068115234,25984
2026-08-27 12:10:00-04:00,41.05500030517578,41.095001220703125,41.04999923706055,41.09000015258789,60732
2026-08-27 12:11:00-04:00,40.994998931884766,41.060001373291016,40.91999816894531,41.060001373291016,108342
2026-08-27 12:12:00-04:00,41.08489990234375,41.09000015258789,40.9900016784668,41.0,58811
2026-08-27 12:13:00-04:00,40.95000076293945,41.08000183105469,40.91999816894531,41.060001373291016,108264
2026-08-27 12:14:00-04:00,40.84000015258789,40.95000076293945,40.84000015258789,40.939998626708984,91260
2026-08-27 12:15:00-04:00,40.900001525878906,40.900001525878906,40.82500076293945,40.84000015258789,36476
2026-08-27 12:16:00-04:00,40.900001525878906,40.94499969482422,40.8849983215332,40.90140151977539,98633
2026-08-27 12:17:00-04:00,40.939998626708984,40.95000076293945,40.904998779296875,40.90999984741211,38862
2026-08-27 12:18:00-04:00,40.904998779296875,40.935001373291016,40.88999938964844,40.93000030517578,21688
2026-08-27 12:19:00-04:00,40.93000030517578,40.959999084472656,40.88130187988281,40.900001525878906,37077
2026-08-27 12:20:00-04:00,40.935001373291016,40.939998626708984,40.900001525878906,40.908599853515625,76248
2026-08-27 12:21:00-04:00,40.96500015258789,40.970001220703125,40.90999984741211,40.935001373291016,31959
2026-08-27 12:22:00-04:00,40.94499969482422,40.974998474121094,40.93000030517578,40.959999084472656,23357
2026-08-27 12:23:00-04:00,40.93000030517578,40.94990158081055,40.915000915527344,40.93000030517578,25436
2026-08-27 12:24:00-04:00,40.88999938964844,40.90999984741211,40.869998931884766,40.90999984741211,67889
2026-08-27 12:25:00-04:00,40.91999816894531,40.95000076293945,40.875,40.88999938964844,29945
2026-08-27 12:26:00-04:00,41.0099983215332,41.02000045776367,40.90999984741211,40.90999984741211,113668
2026-08-27 12:27:00-04:00,41.05500030517578,41.05500030517578,40.9900016784668,41.02000045776367,31102
2026-08-27 12:28:00-04:00,41.060001373291016,41.060001373291016,41.0099983215332,41.052398681640625,39779
2026-08-27 12:29:00-04:00,41.06399917602539,41.08000183105469,41.040000915527344,41.040000915527344,32174
2026-08-27 12:30:00-04:00,41.040000915527344,41.060001373291016,41.0099983215332,41.060001373291016,32294
2026-08-27 12:31:00-04:00,41.040000915527344,41.09000015258789,41.0099983215332,41.03499984741211,47150
2026-08-27 12:32:00-04:00,41.0099983215332,41.029998779296875,40.9900016784668,41.01499938964844,43730
2026-08-27 12:33:00-04:00,41.03499984741211,41.047298431396484,41.0099983215332,41.0099983215332,43641
2026-08-27 12:34:00-04:00,40.95500183105469,41.07500076293945,40.95000076293945,41.040000915527344,111143
2026-08-27 12:35:00-04:00,40.97999954223633,41.0099983215332,40.94499969482422,40.95000076293945,29744
2026-08-27 12:36:00-04:00,41.01499938964844,41.025001525878906,40.970001220703125,40.98500061035156,56033
2026-08-27 12:37:00-04:00,41.0,41.02000045776367,40.970001220703125,41.0,20856
2026-08-27 12:38:00-04:00,41.0,41.0099983215332,40.962799072265625,41.005001068115234,20389
2026-08-27 12:39:00-04:00,40.994998931884766,41.0099983215332,40.98500061035156,41.0099983215332,12974
2026-08-27 12:40:00-04:00,41.04499816894531,41.06999969482422,41.0,41.0099983215332,24976
2026-08-27 12:41:00-04:00,40.994998931884766,41.04499816894531,40.97999954223633,41.04499816894531,58726
2026-08-27 12:42:00-04:00,41.0099983215332,41.040000915527344,40.9900016784668,41.0,36945
2026-08-27 12:43:00-04:00,41.005001068115234,41.005001068115234,40.974998474121094,41.005001068115234,19442
2026-08-27 12:44:00-04:00,41.0,41.005001068115234,40.97999954223633,41.0,16583
2026-08-27 12:45:00-04:00,41.07500076293945,41.07500076293945,40.98500061035156,41.00080108642578,32228
2026-08-27 12:46:00-04:00,41.099998474121094,41.150001525878906,41.06999969482422,41.08000183105469,84365
2026-08-27 12:47:00-04:00,41.06999969482422,41.119998931884766,41.06999969482422,41.099998474121094,52646
2026-08-27 12:48:00-04:00,41.12689971923828,41.150001525878906,41.079898834228516,41.079898834228516,49521
2026-08-27 12:49:00-04:00,41.095001220703125,41.16999816894531,41.095001220703125,41.1349983215332,25127
2026-08-27 12:50:00-04:00,41.12950134277344,41.130001068115234,41.08000183105469,41.08489990234375,39138
2026-08-27 12:51:00-04:00,41.10860061645508,41.130001068115234,41.09479904174805,41.12009811401367,20848
2026-08-27 12:52:00-04:00,41.209999084472656,41.209999084472656,41.099998474121094,41.099998474121094,104472
2026-08-27 12:53:00-04:00,41.209999084472656,41.224998474121094,41.18000030517578,41.21500015258789,23975
2026-08-27 12:54:00-04:00,41.189998626708984,41.209999084472656,41.154998779296875,41.209999084472656,54132
2026-08-27 12:55:00-04:00,41.170101165771484,41.220001220703125,41.15999984741211,41.20000076293945,38519
2026-08-27 12:56:00-04:00,41.209999084472656,41.220001220703125,41.160099029541016,41.165000915527344,25901
2026-08-27 12:57:00-04:00,41.2400016784668,41.24869918823242,41.20159912109375,41.21989822387695,33197
2026-08-27 12:58:00-04:00,41.13999938964844,41.22919845581055,41.13999938964844,41.224998474121094,43584
2026-08-27 12:59:00-04:00,41.150001525878906,41.165000915527344,41.130001068115234,41.15999984741211,26148
2026-08-27 13:00:00-04:00,41.11000061035156,41.150001525878906,41.11000061035156,41.135501861572266,33503
2026-08-27 13:01:00-04:00,41.119998931884766,41.13999938964844,41.11000061035156,41.1150016784668,22450
2026-08-27 13:02:00-04:00,41.198299407958984,41.22999954223633,41.130001068115234,41.130001068115234,59354
2026-08-27 13:03:00-04:00,41.19499969482422,41.220001220703125,41.16999816894531,41.20000076293945,48654
2026-08-27 13:04:00-04:00,41.165000915527344,41.18000030517578,41.13990020751953,41.18000030517578,54802
2026-08-27 13:05:00-04:00,41.16999816894531,41.209999084472656,41.165000915527344,41.16999816894531,45172
2026-08-27 13:06:00-04:00,41.18000030517578,41.220001220703125,41.150001525878906,41.165000915527344,65571
2026-08-27 13:07:00-04:00,41.209999084472656,41.2400016784668,41.15999984741211,41.18280029296875,33804
2026-08-27 13:08:00-04:00,41.34000015258789,41.369998931884766,41.226898193359375,41.22999954223633,111025
2026-08-27 13:09:00-04:00,41.34000015258789,41.36000061035156,41.29999923706055,41.34000015258789,43381
2026-08-27 13:10:00-04:00,41.4099006652832,41.42499923706055,41.33000183105469,41.345001220703125,58270
2026-08-27 13:11:00-04:00,41.404998779296875,41.41999816894531,41.352901458740234,41.40999984741211,60330
2026-08-27 13:12:00-04:00,41.36000061035156,41.404998779296875,41.350101470947266,41.404998779296875,26577
2026-08-27 13:13:00-04:00,41.334999084472656,41.369998931884766,41.31999969482422,41.369998931884766,37452
2026-08-27 13:14:00-04:00,41.334999084472656,41.34000015258789,41.29999923706055,41.33000183105469,24146
2026-08-27 13:15:00-04:00,41.345001220703125,41.36000061035156,41.310001373291016,41.33000183105469,32410
2026-08-27 13:16:00-04:00,41.34000015258789,41.380001068115234,41.27000045776367,41.34000015258789,37735
2026-08-27 13:17:00-04:00,41.34000015258789,41.359901428222656,41.31999969482422,41.349998474121094,21872
2026-08-27 13:18:00-04:00,41.349998474121094,41.380001068115234,41.32500076293945,41.33000183105469,29099
2026-08-27 13:19:00-04:00,41.33150100708008,41.36000061035156,41.31999969482422,41.349998474121094,63801
2026-08-27 13:20:00-04:00,41.32500076293945,41.345001220703125,41.29499816894531,41.334999084472656,31205
2026-08-27 13:21:00-04:00,41.314998626708984,41.349998474121094,41.30500030517578,41.33000183105469,30764
2026-08-27 13:22:00-04:00,41.28499984741211,41.329898834228516,41.28499984741211,41.310001373291016,63368
2026-08-27 13:23:00-04:00,41.31999969482422,41.32500076293945,41.26129913330078,41.27040100097656,34680
2026-08-27 13:24:00-04:00,41.32500076293945,41.334999084472656,41.260101318359375,41.31999969482422,68117
2026-08-27 13:25:00-04:00,41.22999954223633,41.32500076293945,41.20000076293945,41.31999969482422,47575
2026-08-27 13:26:00-04:00,41.2599983215332,41.27000045776367,41.20000076293945,41.224998474121094,31950
2026-08-27 13:27:00-04:00,41.20949935913086,41.2599983215332,41.18370056152344,41.2599983215332,52773
2026-08-27 13:28:00-04:00,41.2400016784668,41.244998931884766,41.20000076293945,41.20000076293945,34149
2026-08-27 13:29:00-04:00,41.189998626708984,41.2599983215332,41.189998626708984,41.2495002746582,33638
2026-08-27 13:30:00-04:00,41.189998626708984,41.20500183105469,41.18000030517578,41.19499969482422,26649
2026-08-27 13:31:00-04:00,41.15999984741211,41.220001220703125,41.150001525878906,41.189998626708984,36883
2026-08-27 13:32:00-04:00,41.2400016784668,41.2400016784668,41.125,41.150001525878906,34031
2026-08-27 13:33:00-04:00,41.25,41.2599983215332,41.220001220703125,41.244998931884766,37435
2026-08-27 13:34:00-04:00,41.16999816894531,41.275001525878906,41.150001525878906,41.25,19425
2026-08-27 13:35:00-04:00,41.16999816894531,41.189998626708984,41.130001068115234,41.150001525878906,38062
2026-08-27 13:36:00-04:00,41.20500183105469,41.20500183105469,41.150001525878906,41.18000030517578,40706
2026-08-27 13:37:00-04:00,41.209999084472656,41.220001220703125,41.18000030517578,41.20000076293945,22225
2026-08-27 13:38:00-04:00,41.2666015625,41.27000045776367,41.209999084472656,41.209999084472656,32118
2026-08-27 13:39:00-04:00,41.1599006652832,41.27000045776367,41.13999938964844,41.26499938964844,81034
2026-08-27 13:40:00-04:00,41.209999084472656,41.209999084472656,41.150001525878906,41.150001525878906,48715
2026-08-27 13:41:00-04:00,41.12049865722656,41.20000076293945,41.12049865722656,41.20000076293945,65919
2026-08-27 13:42:00-04:00,41.099998474121094,41.119998931884766,41.060001373291016,41.119998931884766,106135
2026-08-27 13:43:00-04:00,41.130001068115234,41.14500045776367,41.1150016784668,41.1150016784668,29863
2026-08-27 13:44:00-04:00,41.09000015258789,41.1150016784668,41.05500030517578,41.1150016784668,43885
2026-08-27 13:45:00-04:00,41.075199127197266,41.09000015258789,41.02989959716797,41.06999969482422,105960
2026-08-27 13:46:00-04:00,41.099998474121094,41.11000061035156,41.05009841918945,41.08000183105469,31130
2026-08-27 13:47:00-04:00,41.150001525878906,41.15999984741211,41.08000183105469,41.099998474121094,50038
2026-08-27 13:48:00-04:00,41.13999938964844,41.150001525878906,41.119998931884766,41.14670181274414,40942
2026-08-27 13:49:00-04:00,41.13999938964844,41.150001525878906,41.064300537109375,41.13999938964844,80161
2026-08-27 13:50:00-04:00,41.099998474121094,41.13999938964844,41.099998474121094,41.1349983215332,21784
2026-08-27 13:51:00-04:00,41.10499954223633,41.130001068115234,41.060001373291016,41.1150016784668,46709
2026-08-27 13:52:00-04:00,41.09000015258789,41.130001068115234,41.084999084472656,41.10499954223633,28441
2026-08-27 13:53:00-04:00,41.118499755859375,41.130001068115234,41.04999923706055,41.08000183105469,46897
2026-08-27 13:54:00-04:00,41.08000183105469,41.11000061035156,41.060001373291016,41.099998474121094,36485
2026-08-27 13:55:00-04:00,41.04999923706055,41.09000015258789,41.04999923706055,41.06999969482422,32826
2026-08-27 13:56:00-04:00,41.07500076293945,41.084999084472656,41.05500030517578,41.05500030517578,30738
2026-08-27 13:57:00-04:00,41.05009841918945,41.10499954223633,41.04999923706055,41.08000183105469,51081
2026-08-27 13:58:00-04:00,41.04499816894531,41.06999969482422,40.9900016784668,41.04999923706055,95059
2026-08-27 13:59:00-04:00,41.005001068115234,41.06999969482422,41.005001068115234,41.04999923706055,35514
2026-08-27 14:00:00-04:00,41.04999923706055,41.060001373291016,40.9900016784668,40.994998931884766,45919
2026-08-27 14:01:00-04:00,40.95000076293945,41.04499816894531,40.93000030517578,41.04499816894531,47040
2026-08-27 14:02:00-04:00,41.060001373291016,41.06999969482422,40.935001373291016,40.959999084472656,149668
2026-08-27 14:03:00-04:00,40.95500183105469,41.060001373291016,40.95399856567383,41.060001373291016,59474
2026-08-27 14:04:00-04:00,40.91999816894531,40.959999084472656,40.91999816894531,40.95000076293945,71946
2026-08-27 14:05:00-04:00,40.959999084472656,40.98740005493164,40.900001525878906,40.90999984741211,46579
2026-08-27 14:06:00-04:00,40.95000076293945,40.97990036010742,40.91859817504883,40.95500183105469,58153
2026-08-27 14:07:00-04:00,41.0099983215332,41.0099983215332,40.93000030517578,40.95000076293945,76931
2026-08-27 14:08:00-04:00,41.029998779296875,41.03499984741211,41.0,41.0099983215332,48098
2026-08-27 14:09:00-04:00,40.95000076293945,41.02000045776367,40.931400299072266,41.02000045776367,57495
2026-08-27 14:10:00-04:00,40.900001525878906,40.970001220703125,40.869998931884766,40.95500183105469,72790
2026-08-27 14:11:00-04:00,40.904998779296875,40.939998626708984,40.88999938964844,40.904998779296875,60960
2026-08-27 14:12:00-04:00,40.904998779296875,40.93000030517578,40.880001068115234,40.90999984741211,55716
2026-08-27 14:13:00-04:00,40.88999938964844,40.93000030517578,40.869998931884766,40.915000915527344,46128
2026-08-27 14:14:00-04:00,40.90999984741211,40.929500579833984,40.849998474121094,40.869998931884766,40222
2026-08-27 14:15:00-04:00,40.98500061035156,41.029998779296875,40.93000030517578,40.93450164794922,28429
2026-08-27 14:16:00-04:00,40.900001525878906,40.98469924926758,40.88999938964844,40.97999954223633,114565
2026-08-27 14:17:00-04:00,40.939998626708984,40.939998626708984,40.86000061035156,40.88999938964844,47865
2026-08-27 14:18:00-04:00,40.970001220703125,40.97990036010742,40.93000030517578,40.939998626708984,31276
2026-08-27 14:19:00-04:00,41.029998779296875,41.040000915527344,40.97999954223633,40.97999954223633,46395
2026-08-27 14:20:00-04:00,41.023101806640625,41.04999923706055,41.0099983215332,41.029998779296875,26001
2026-08-27 14:21:00-04:00,40.97999954223633,41.040000915527344,40.970001220703125,41.025001525878906,42859
2026-08-27 14:22:00-04:00,40.970298767089844,41.02000045776367,40.970001220703125,40.990501403808594,24324
2026-08-27 14:23:00-04:00,40.869998931884766,40.9900016784668,40.869998931884766,40.967498779296875,39512
2026-08-27 14:24:00-04:00,40.900001525878906,40.900001525878906,40.86000061035156,40.880001068115234,28018
2026-08-27 14:25:00-04:00,40.834999084472656,40.904998779296875,40.810001373291016,40.88999938964844,71974
2026-08-27 14:26:00-04:00,40.90999984741211,40.90999984741211,40.790000915527344,40.834999084472656,56466
2026-08-27 14:27:00-04:00,40.86000061035156,40.91999816894531,40.86000061035156,40.90019989013672,39234
2026-08-27 14:28:00-04:00,40.875,40.89500045776367,40.849998474121094,40.86000061035156,52675
2026-08-27 14:29:00-04:00,40.86940002441406,40.878700256347656,40.810001373291016,40.875,31956
2026-08-27 14:30:00-04:00,40.91999816894531,40.93000030517578,40.83000183105469,40.869998931884766,82520
2026-08-27 14:31:00-04:00,40.935001373291016,40.95000076293945,40.904998779296875,40.93000030517578,33295
2026-08-27 14:32:00-04:00,40.966800689697266,40.970001220703125,40.91999816894531,40.92499923706055,97782
2026-08-27 14:33:00-04:00,40.86000061035156,40.959999084472656,40.86000061035156,40.959999084472656,119636
2026-08-27 14:34:00-04:00,40.880001068115234,40.8849983215332,40.845001220703125,40.86000061035156,25648
2026-08-27 14:35:00-04:00,40.939998626708984,40.959999084472656,40.869998931884766,40.869998931884766,42481
2026-08-27 14:36:00-04:00,40.960201263427734,40.970001220703125,40.91999816894531,40.91999816894531,23710
2026-08-27 14:37:00-04:00,40.94490051269531,40.97990036010742,40.93000030517578,40.955299377441406,49284
2026-08-27 14:38:00-04:00,41.01499938964844,41.02000045776367,40.939998626708984,40.939998626708984,32103
2026-08-27 14:39:00-04:00,41.149898529052734,41.150001525878906,40.994998931884766,41.0099983215332,105448
2026-08-27 14:40:00-04:00,41.20500183105469,41.209999084472656,41.1150016784668,41.150001525878906,85089
2026-08-27 14:41:00-04:00,41.25,41.25,41.189998626708984,41.20479965209961,62539
2026-08-27 14:42:00-04:00,41.220001220703125,41.255001068115234,41.189998626708984,41.255001068115234,59201
2026-08-27 14:43:00-04:00,41.11000061035156,41.209999084472656,41.09000015258789,41.209999084472656,57949
2026-08-27 14:44:00-04:00,41.150001525878906,41.18000030517578,41.099998474121094,41.109901428222656,50470
2026-08-27 14:45:00-04:00,41.179901123046875,41.189998626708984,41.13290023803711,41.15060043334961,33760
2026-08-27 14:46:00-04:00,41.16999816894531,41.189998626708984,41.13999938964844,41.17499923706055,37704
2026-08-27 14:47:00-04:00,41.16749954223633,41.18000030517578,41.119998931884766,41.16999816894531,38739
2026-08-27 14:48:00-04:00,41.130001068115234,41.18000030517578,41.130001068115234,41.15999984741211,32418
2026-08-27 14:49:00-04:00,40.970001220703125,41.13999938964844,40.970001220703125,41.130001068115234,49414
2026-08-27 14:50:00-04:00,40.94499969482422,40.970001220703125,40.85499954223633,40.959999084472656,275856
2026-08-27 14:51:00-04:00,40.93989944458008,40.95989990234375,40.91999816894531,40.95500183105469,32195
2026-08-27 14:52:00-04:00,40.904998779296875,40.95000076293945,40.88990020751953,40.93000030517578,52560
2026-08-27 14:53:00-04:00,40.915000915527344,40.939998626708984,40.88999938964844,40.919498443603516,42755
2026-08-27 14:54:00-04:00,40.86000061035156,40.90999984741211,40.79999923706055,40.90999984741211,191874
2026-08-27 14:55:00-04:00,40.810001373291016,40.86000061035156,40.72999954223633,40.86000061035156,106674
2026-08-27 14:56:00-04:00,40.82529830932617,40.83869934082031,40.80500030517578,40.814998626708984,41970
2026-08-27 14:57:00-04:00,40.82500076293945,40.869998931884766,40.7599983215332,40.81999969482422,73976
2026-08-27 14:58:00-04:00,40.839900970458984,40.86000061035156,40.790000915527344,40.81999969482422,65041
2026-08-27 14:59:00-04:00,40.78499984741211,40.86000061035156,40.78499984741211,40.82500076293945,68883
2026-08-27 15:00:00-04:00,40.71500015258789,40.790000915527344,40.68000030517578,40.77370071411133,104478
2026-08-27 15:01:00-04:00,40.59320068359375,40.720001220703125,40.56999969482422,40.720001220703125,103039
2026-08-27 15:02:00-04:00,40.564998626708984,40.63249969482422,40.529998779296875,40.599998474121094,92895
2026-08-27 15:03:00-04:00,40.858699798583984,40.858699798583984,40.54999923706055,40.564998626708984,108527
2026-08-27 15:04:00-04:00,40.75,40.880001068115234,40.7400016784668,40.849998474121094,74156
2026-08-27 15:05:00-04:00,40.7599983215332,40.790000915527344,40.72949981689453,40.75,48125
2026-08-27 15:06:00-04:00,40.79999923706055,40.84000015258789,40.75,40.75,111824
2026-08-27 15:07:00-04:00,40.77989959716797,40.84000015258789,40.7599983215332,40.790000915527344,59928
2026-08-27 15:08:00-04:00,40.709999084472656,40.779998779296875,40.68000030517578,40.77000045776367,65916
2026-08-27 15:09:00-04:00,40.724998474121094,40.72990036010742,40.65999984741211,40.71500015258789,64221
2026-08-27 15:10:00-04:00,40.7328987121582,40.7593994140625,40.720001220703125,40.724998474121094,50847
2026-08-27 15:11:00-04:00,40.68000030517578,40.73500061035156,40.65999984741211,40.72999954223633,51302
2026-08-27 15:12:00-04:00,40.720001220703125,40.7400016784668,40.65570068359375,40.67679977416992,52631
2026-08-27 15:13:00-04:00,40.650001525878906,40.7400016784668,40.650001525878906,40.709999084472656,54053
2026-08-27 15:14:00-04:00,40.630001068115234,40.70840072631836,40.619998931884766,40.654998779296875,126561
2026-08-27 15:15:00-04:00,40.630001068115234,40.665000915527344,40.60900115966797,40.619998931884766,62717
2026-08-27 15:16:00-04:00,40.63999938964844,40.64500045776367,40.57870101928711,40.630001068115234,94194
2026-08-27 15:17:00-04:00,40.64799880981445,40.70500183105469,40.619998931884766,40.650001525878906,56063
2026-08-27 15:18:00-04:00,40.650001525878906,40.65999984741211,40.599998474121094,40.63999938964844,66270
2026-08-27 15:19:00-04:00,40.67499923706055,40.72800064086914,40.63999938964844,40.650001525878906,94471
2026-08-27 15:20:00-04:00,40.6973991394043,40.70500183105469,40.61000061035156,40.67499923706055,89672
2026-08-27 15:21:00-04:00,40.689998626708984,40.810001373291016,40.66999816894531,40.70970153808594,121709
2026-08-27 15:22:00-04:00,40.661399841308594,40.76499938964844,40.65999984741211,40.699501037597656,47142
2026-08-27 15:23:00-04:00,40.736698150634766,40.7400016784668,40.66999816894531,40.66999816894531,42093
2026-08-27 15:24:00-04:00,40.670101165771484,40.72999954223633,40.670101165771484,40.72999954223633,64234
2026-08-27 15:25:00-04:00,40.76499938964844,40.779998779296875,40.65999984741211,40.685001373291016,70496
2026-08-27 15:26:00-04:00,40.80860137939453,40.810001373291016,40.741600036621094,40.76409912109375,56626
2026-08-27 15:27:00-04:00,40.755001068115234,40.8650016784668,40.7400016784668,40.810001373291016,122334
2026-08-27 15:28:00-04:00,40.8031005859375,40.849998474121094,40.744998931884766,40.7598991394043,90885
2026-08-27 15:29:00-04:00,40.739898681640625,40.81999969482422,40.689998626708984,40.79499816894531,90234
2026-08-27 15:30:00-04:00,40.7400016784668,40.75,40.6349983215332,40.72999954223633,106568
2026-08-27 15:31:00-04:00,40.630001068115234,40.755001068115234,40.630001068115234,40.7400016784668,98472
2026-08-27 15:32:00-04:00,40.630001068115234,40.70000076293945,40.630001068115234,40.650001525878906,89239
2026-08-27 15:33:00-04:00,40.599998474121094,40.650001525878906,40.560001373291016,40.619998931884766,130678
2026-08-27 15:34:00-04:00,40.58000183105469,40.6171989440918,40.540000915527344,40.61000061035156,79204
2026-08-27 15:35:00-04:00,40.505001068115234,40.56999969482422,40.4900016784668,40.56999969482422,199061
2026-08-27 15:36:00-04:00,40.474998474121094,40.509498596191406,40.44499969482422,40.502498626708984,117972
2026-08-27 15:37:00-04:00,40.560001373291016,40.56999969482422,40.470001220703125,40.474998474121094,97113
2026-08-27 15:38:00-04:00,40.608001708984375,40.63999938964844,40.55500030517578,40.55500030517578,107165
2026-08-27 15:39:00-04:00,40.63999938964844,40.64500045776367,40.599998474121094,40.60660171508789,63252
2026-08-27 15:40:00-04:00,40.595001220703125,40.650001525878906,40.595001220703125,40.63999938964844,55839
2026-08-27 15:41:00-04:00,40.650001525878906,40.650001525878906,40.59000015258789,40.5900993347168,73676
2026-08-27 15:42:00-04:00,40.619998931884766,40.66999816894531,40.619998931884766,40.64500045776367,106695
2026-08-27 15:43:00-04:00,40.70000076293945,40.70500183105469,40.59000015258789,40.619998931884766,88014
2026-08-27 15:44:00-04:00,40.665000915527344,40.70500183105469,40.625,40.70000076293945,104988
2026-08-27 15:45:00-04:00,40.540000915527344,40.66999816894531,40.52000045776367,40.65999984741211,222683
2026-08-27 15:46:00-04:00,40.42509841918945,40.56999969482422,40.36000061035156,40.53499984741211,317566
2026-08-27 15:47:00-04:00,40.48569869995117,40.5,40.42499923706055,40.43000030517578,182019
2026-08-27 15:48:00-04:00,40.42499923706055,40.5099983215332,40.3650016784668,40.47999954223633,114163
2026-08-27 15:49:00-04:00,40.4900016784668,40.5,40.410099029541016,40.42499923706055,88394
2026-08-27 15:50:00-04:00,40.55500030517578,40.58000183105469,40.459999084472656,40.4900016784668,193955
2026-08-27 15:51:00-04:00,40.59000015258789,40.599998474121094,40.54499816894531,40.54999923706055,212777
2026-08-27 15:52:00-04:00,40.64500045776367,40.66999816894531,40.59000015258789,40.595001220703125,136422
2026-08-27 15:53:00-04:00,40.59450149536133,40.65999984741211,40.59000015258789,40.650001525878906,205258
2026-08-27 15:54:00-04:00,40.66999816894531,40.70000076293945,40.59000015258789,40.599998474121094,278470
2026-08-27 15:55:00-04:00,40.58000183105469,40.66999816894531,40.3849983215332,40.66999816894531,382238
2026-08-27 15:56:00-04:00,40.61349868774414,40.6349983215332,40.540000915527344,40.57500076293945,288598
2026-08-27 15:57:00-04:00,40.630001068115234,40.65999984741211,40.59000015258789,40.625,340629
2026-08-27 15:58:00-04:00,40.560001373291016,40.685001373291016,40.52000045776367,40.6349983215332,512858
2026-08-27 15:59:00-04:00,40.540000915527344,40.59000015258789,40.5099983215332,40.564998626708984,741617
2026-08-28 09:30:00-04:00,37.333499908447266,37.84000015258789,37.2599983215332,37.59000015258789,6219576
2026-08-28 09:31:00-04:00,36.89500045776367,37.54999923706055,36.8577995300293,37.32500076293945,946615
2026-08-28 09:32:00-04:00,36.97999954223633,37.2400016784668,36.790000915527344,36.89500045776367,613512
2026-08-28 09:33:00-04:00,37.099998474121094,37.36000061035156,36.92499923706055,36.95000076293945,409383
2026-08-28 09:34:00-04:00,37.399898529052734,37.564998626708984,37.04499816894531,37.10279846191406,417425
2026-08-28 09:35:00-04:00,37.46500015258789,37.60499954223633,37.312198638916016,37.39860153198242,386881
2026-08-28 09:36:00-04:00,37.27799987792969,37.4900016784668,37.08000183105469,37.474998474121094,372376
2026-08-28 09:37:00-04:00,37.380001068115234,37.439998626708984,37.2401008605957,37.2401008605957,301552
2026-08-28 09:38:00-04:00,37.53990173339844,37.57500076293945,37.349998474121094,37.380001068115234,332294
2026-08-28 09:39:00-04:00,37.86000061035156,37.869998931884766,37.47999954223633,37.54499816894531,414988
2026-08-28 09:40:00-04:00,37.83340072631836,37.94499969482422,37.7400016784668,37.8650016784668,414148
2026-08-28 09:41:00-04:00,37.9900016784668,38.029998779296875,37.80500030517578,37.849998474121094,416070
2026-08-28 09:42:00-04:00,37.81999969482422,38.04800033569336,37.75,38.0,305473
2026-08-28 09:43:00-04:00,37.7400016784668,37.86000061035156,37.720001220703125,37.814998626708984,231927
2026-08-28 09:44:00-04:00,37.60499954223633,37.75,37.584999084472656,37.72999954223633,233115
2026-08-28 09:45:00-04:00,37.63349914550781,37.70930099487305,37.507598876953125,37.599998474121094,248392
2026-08-28 09:46:00-04:00,37.64500045776367,37.72999954223633,37.41999816894531,37.62030029296875,293497
2026-08-28 09:47:00-04:00,37.59000015258789,37.66999816894531,37.540000915527344,37.619998931884766,173252
2026-08-28 09:48:00-04:00,37.604400634765625,37.720001220703125,37.47999954223633,37.58409881591797,312090
2026-08-28 09:49:00-04:00,37.279998779296875,37.630001068115234,37.260101318359375,37.59000015258789,445894
2026-08-28 09:50:00-04:00,37.56999969482422,37.609901428222656,37.16999816894531,37.279998779296875,312743
2026-08-28 09:51:00-04:00,37.86000061035156,37.876800537109375,37.54999923706055,37.564998626708984,265888
2026-08-28 09:52:00-04:00,37.72999954223633,37.93000030517578,37.70000076293945,37.86000061035156,253745
2026-08-28 09:53:00-04:00,37.862300872802734,38.02989959716797,37.720001220703125,37.72990036010742,275720
2026-08-28 09:54:00-04:00,37.719200134277344,37.904998779296875,37.70000076293945,37.864601135253906,254612
2026-08-28 09:55:00-04:00,37.75,37.810001373291016,37.68000030517578,37.70000076293945,301757
2026-08-28 09:56:00-04:00,37.81850051879883,37.85499954223633,37.724998474121094,37.72999954223633,100896
2026-08-28 09:57:00-04:00,37.91999816894531,37.93000030517578,37.7599983215332,37.81999969482422,133920
2026-08-28 09:58:00-04:00,37.7400016784668,37.93880081176758,37.73500061035156,37.904998779296875,127690
2026-08-28 09:59:00-04:00,37.68539810180664,37.86899948120117,37.68000030517578,37.77000045776367,110566
2026-08-28 10:00:00-04:00,37.62739944458008,37.869998931884766,37.59000015258789,37.650001525878906,171450
2026-08-28 10:01:00-04:00,37.2317008972168,37.65999984741211,37.22999954223633,37.65810012817383,427797
2026-08-28 10:02:00-04:00,37.205501556396484,37.33000183105469,37.167701721191406,37.239498138427734,217153
2026-08-28 10:03:00-04:00,36.955101013183594,37.239898681640625,36.95000076293945,37.209999084472656,482465
2026-08-28 10:04:00-04:00,36.970001220703125,37.029998779296875,36.83000183105469,36.959999084472656,423572
2026-08-28 10:05:00-04:00,36.84000015258789,37.06999969482422,36.84000015258789,36.970001220703125,282990
2026-08-28 10:06:00-04:00,36.720001220703125,36.869998931884766,36.58000183105469,36.83000183105469,676156
2026-08-28 10:07:00-04:00,36.6349983215332,36.72990036010742,36.630001068115234,36.720001220703125,293136
2026-08-28 10:08:00-04:00,36.70000076293945,36.70000076293945,36.58000183105469,36.630001068115234,387017
2026-08-28 10:09:00-04:00,36.592498779296875,36.75,36.57500076293945,36.70000076293945,272887
2026-08-28 10:10:00-04:00,36.52399826049805,36.685001373291016,36.5099983215332,36.59000015258789,447990
2026-08-28 10:11:00-04:00,36.54999923706055,36.599998474121094,36.5,36.529998779296875,549278
2026-08-28 10:12:00-04:00,36.690101623535156,36.810001373291016,36.459999084472656,36.54999923706055,360678
2026-08-28 10:13:00-04:00,36.650001525878906,36.69990158081055,36.540000915527344,36.690101623535156,206294
2026-08-28 10:14:00-04:00,36.630001068115234,36.75130081176758,36.599998474121094,36.66999816894531,242713
2026-08-28 10:15:00-04:00,36.685001373291016,36.71820068359375,36.58000183105469,36.630001068115234,171920
2026-08-28 10:16:00-04:00,36.71500015258789,36.7599983215332,36.63010025024414,36.70000076293945,198746
2026-08-28 10:17:00-04:00,36.739898681640625,36.78499984741211,36.68000030517578,36.70989990234375,265082
2026-08-28 10:18:00-04:00,36.839900970458984,36.849998474121094,36.70000076293945,36.7400016784668,220381
2026-08-28 10:19:00-04:00,36.869998931884766,36.91999816894531,36.810001373291016,36.84000015258789,204614
2026-08-28 10:20:00-04:00,36.99869918823242,37.06990051269531,36.83000183105469,36.869998931884766,236842
2026-08-28 10:21:00-04:00,37.07500076293945,37.11980056762695,36.9900016784668,36.999900817871094,180950
2026-08-28 10:22:00-04:00,37.10499954223633,37.149898529052734,37.025001525878906,37.07500076293945,169593
2026-08-28 10:23:00-04:00,36.92499923706055,37.10499954223633,36.91999816894531,37.10499954223633,192813
2026-08-28 10:24:00-04:00,37.005001068115234,37.04499816894531,36.860801696777344,36.915000915527344,167441
2026-08-28 10:25:00-04:00,36.900001525878906,37.02000045776367,36.900001525878906,37.005001068115234,144225
2026-08-28 10:26:00-04:00,37.005001068115234,37.0098991394043,36.849998474121094,36.900001525878906,205702
2026-08-28 10:27:00-04:00,36.97999954223633,37.02000045776367,36.904998779296875,37.00619888305664,103799
2026-08-28 10:28:00-04:00,36.94129943847656,37.02000045776367,36.904998779296875,36.97010040283203,96303
2026-08-28 10:29:00-04:00,37.04999923706055,37.05979919433594,36.88399887084961,36.95000076293945,149605
2026-08-28 10:30:00-04:00,36.959999084472656,37.049598693847656,36.935001373291016,37.04499816894531,90553
2026-08-28 10:31:00-04:00,36.98759841918945,37.029998779296875,36.8849983215332,36.939998626708984,140869
2026-08-28 10:32:00-04:00,37.03499984741211,37.095001220703125,36.970001220703125,36.980098724365234,251856
2026-08-28 10:33:00-04:00,37.02000045776367,37.084598541259766,37.0099983215332,37.03499984741211,82450
2026-08-28 10:34:00-04:00,37.20000076293945,37.25,37.029998779296875,37.029998779296875,266669
2026-08-28 10:35:00-04:00,37.26499938964844,37.349998474121094,37.19499969482422,37.209999084472656,219185
2026-08-28 10:36:00-04:00,37.290000915527344,37.306800842285156,37.13999938964844,37.26139831542969,152947
2026-08-28 10:37:00-04:00,37.34960174560547,37.380001068115234,37.28010177612305,37.30870056152344,150806
2026-08-28 10:38:00-04:00,37.30950164794922,37.380001068115234,37.29010009765625,37.34000015258789,159740
2026-08-28 10:39:00-04:00,37.20000076293945,37.31999969482422,37.16999816894531,37.310001373291016,122816
2026-08-28 10:40:00-04:00,37.18009948730469,37.209999084472656,37.15999984741211,37.20500183105469,86900
2026-08-28 10:41:00-04:00,37.06999969482422,37.185001373291016,37.0,37.185001373291016,421940
2026-08-28 10:42:00-04:00,37.08100128173828,37.119998931884766,37.05500030517578,37.06999969482422,123951
2026-08-28 10:43:00-04:00,37.05030059814453,37.099998474121094,36.99020004272461,37.09000015258789,143903
2026-08-28 10:44:00-04:00,37.029998779296875,37.099998474121094,36.990501403808594,37.04999923706055,98246
2026-08-28 10:45:00-04:00,36.95249938964844,37.029998779296875,36.95000076293945,37.029998779296875,143138
2026-08-28 10:46:00-04:00,36.88999938964844,36.974998474121094,36.869998931884766,36.953399658203125,122134
2026-08-28 10:47:00-04:00,36.685001373291016,36.8849983215332,36.68000030517578,36.8849983215332,332454
2026-08-28 10:48:00-04:00,36.669898986816406,36.73500061035156,36.650001525878906,36.689701080322266,201121
2026-08-28 10:49:00-04:00,36.685001373291016,36.70000076293945,36.63999938964844,36.669898986816406,131811
2026-08-28 10:50:00-04:00,36.665000915527344,36.709999084472656,36.625,36.67499923706055,176178
2026-08-28 10:51:00-04:00,36.54499816894531,36.69990158081055,36.54499816894531,36.669898986816406,323017
2026-08-28 10:52:00-04:00,36.61869812011719,36.630001068115234,36.54999923706055,36.560001373291016,360082
2026-08-28 10:53:00-04:00,36.62990188598633,36.65999984741211,36.61000061035156,36.61000061035156,154041
2026-08-28 10:54:00-04:00,36.6349983215332,36.65999984741211,36.6150016784668,36.625,151581
2026-08-28 10:55:00-04:00,36.66999816894531,36.66999816894531,36.570098876953125,36.6349983215332,216436
2026-08-28 10:56:00-04:00,36.64500045776367,36.689998626708984,36.619998931884766,36.665000915527344,186960
2026-08-28 10:57:00-04:00,36.68000030517578,36.720001220703125,36.6150016784668,36.63999938964844,186286
2026-08-28 10:58:00-04:00,36.595001220703125,36.689998626708984,36.560001373291016,36.68989944458008,209631
2026-08-28 10:59:00-04:00,36.60499954223633,36.66999816894531,36.57500076293945,36.59590148925781,129061
2026-08-28 11:00:00-04:00,36.60499954223633,36.65999984741211,36.560001373291016,36.599998474121094,167891
2026-08-28 11:01:00-04:00,36.56869888305664,36.64500045776367,36.560001373291016,36.61000061035156,123819
2026-08-28 11:02:00-04:00,36.529998779296875,36.560001373291016,36.44499969482422,36.560001373291016,392297
2026-08-28 11:03:00-04:00,36.54010009765625,36.630001068115234,36.525001525878906,36.525001525878906,253731
2026-08-28 11:04:00-04:00,36.57500076293945,36.59989929199219,36.529998779296875,36.54990005493164,96966
2026-08-28 11:05:00-04:00,36.511600494384766,36.59000015258789,36.5,36.56999969482422,134774
2026-08-28 11:06:00-04:00,36.44499969482422,36.529998779296875,36.439998626708984,36.51499938964844,166934
2026-08-28 11:07:00-04:00,36.400001525878906,36.448699951171875,36.36000061035156,36.44499969482422,317961
2026-08-28 11:08:00-04:00,36.435001373291016,36.45000076293945,36.3650016784668,36.40999984741211,152193
2026-08-28 11:09:00-04:00,36.38999938964844,36.46989822387695,36.380001068115234,36.439998626708984,153568
2026-08-28 11:10:00-04:00,36.45500183105469,36.459999084472656,36.3849983215332,36.3849983215332,112645
2026-08-28 11:11:00-04:00,36.34000015258789,36.459999084472656,36.33000183105469,36.45000076293945,177279
2026-08-28 11:12:00-04:00,36.375,36.41999816894531,36.32500076293945,36.34000015258789,192923
2026-08-28 11:13:00-04:00,36.29499816894531,36.38999938964844,36.290000915527344,36.375,243791
2026-08-28 11:14:00-04:00,36.1150016784668,36.290000915527344,36.11000061035156,36.290000915527344,300934
2026-08-28 11:15:00-04:00,36.11000061035156,36.18239974975586,36.099998474121094,36.11000061035156,245235
2026-08-28 11:16:00-04:00,36.20000076293945,36.249900817871094,36.080101013183594,36.099998474121094,253032
2026-08-28 11:17:00-04:00,36.20000076293945,36.22999954223633,36.15999984741211,36.19499969482422,139284
2026-08-28 11:18:00-04:00,36.21989822387695,36.22999954223633,36.165000915527344,36.190101623535156,114528
2026-08-28 11:19:00-04:00,36.19499969482422,36.290000915527344,36.185001373291016,36.21500015258789,192330
2026-08-28 11:20:00-04:00,36.32500076293945,36.339900970458984,36.19499969482422,36.199798583984375,158027
2026-08-28 11:21:00-04:00,36.14500045776367,36.32500076293945,36.119998931884766,36.32500076293945,225399
2026-08-28 11:22:00-04:00,36.2599983215332,36.275001525878906,36.1349983215332,36.14500045776367,176190
2026-08-28 11:23:00-04:00,36.2400016784668,36.31999969482422,36.224998474121094,36.2599983215332,135154
2026-08-28 11:24:00-04:00,36.27870178222656,36.28499984741211,36.220001220703125,36.22999954223633,128816
2026-08-28 11:25:00-04:00,36.345001220703125,36.36989974975586,36.275001525878906,36.279998779296875,119932
2026-08-28 11:26:00-04:00,36.28990173339844,36.36000061035156,36.279998779296875,36.34640121459961,104561
2026-08-28 11:27:00-04:00,36.27000045776367,36.279998779296875,36.22010040283203,36.279998779296875,146604
2026-08-28 11:28:00-04:00,36.244998931884766,36.2599983215332,36.209999084472656,36.2599983215332,123461
2026-08-28 11:29:00-04:00,36.32500076293945,36.334999084472656,36.220001220703125,36.2400016784668,241954
2026-08-28 11:30:00-04:00,36.21269989013672,36.34000015258789,36.209999084472656,36.32500076293945,158766
2026-08-28 11:31:00-04:00,36.08869934082031,36.310001373291016,36.04999923706055,36.209999084472656,372069
2026-08-28 11:32:00-04:00,36.07500076293945,36.150001525878906,36.060001373291016,36.084999084472656,232781
2026-08-28 11:33:00-04:00,36.1349983215332,36.150001525878906,36.060001373291016,36.07500076293945,164036
2026-08-28 11:34:00-04:00,36.099998474121094,36.18000030517578,36.099998474121094,36.13999938964844,102247
2026-08-28 11:35:00-04:00,36.119998931884766,36.13999938964844,36.099998474121094,36.10499954223633,113989
2026-08-28 11:36:00-04:00,36.035099029541016,36.13999938964844,36.02000045776367,36.119998931884766,139556
2026-08-28 11:37:00-04:00,36.000099182128906,36.029998779296875,36.0,36.025001525878906,710890
2026-08-28 11:38:00-04:00,36.01499938964844,36.060001373291016,35.959999084472656,36.0,483013
2026-08-28 11:39:00-04:00,35.93000030517578,36.029998779296875,35.91999816894531,36.01129913330078,242269
2026-08-28 11:40:00-04:00,35.81010055541992,35.95000076293945,35.79999923706055,35.91999816894531,312483
2026-08-28 11:41:00-04:00,35.849998474121094,35.869998931884766,35.79999923706055,35.814998626708984,194176
2026-08-28 11:42:00-04:00,35.96009826660156,35.9900016784668,35.84000015258789,35.85499954223633,153077
2026-08-28 11:43:00-04:00,35.959999084472656,35.970001220703125,35.87099838256836,35.96979904174805,123543
2026-08-28 11:44:00-04:00,35.94499969482422,35.97999954223633,35.91999816894531,35.959999084472656,113074
2026-08-28 11:45:00-04:00,35.904998779296875,35.94990158081055,35.86000061035156,35.94990158081055,141983
2026-08-28 11:46:00-04:00,35.915000915527344,35.95000076293945,35.88140106201172,35.90869903564453,87993
2026-08-28 11:47:00-04:00,35.790000915527344,35.915000915527344,35.790000915527344,35.915000915527344,512077
2026-08-28 11:48:00-04:00,35.81760025024414,35.81760025024414,35.70000076293945,35.78499984741211,302247
2026-08-28 11:49:00-04:00,35.727500915527344,35.810001373291016,35.71500015258789,35.810001373291016,230387
2026-08-28 11:50:00-04:00,35.625,35.7400016784668,35.599998474121094,35.724998474121094,341329
2026-08-28 11:51:00-04:00,35.58000183105469,35.650001525878906,35.58000183105469,35.62099838256836,208873
2026-08-28 11:52:00-04:00,35.57500076293945,35.62990188598633,35.560001373291016,35.58000183105469,162583
2026-08-28 11:53:00-04:00,35.564998626708984,35.65999984741211,35.54999923706055,35.57500076293945,351521
2026-08-28 11:54:00-04:00,35.654998779296875,35.65999984741211,35.560001373291016,35.56010055541992,152765
2026-08-28 11:55:00-04:00,35.5098991394043,35.650001525878906,35.5,35.650001525878906,430193
2026-08-28 11:56:00-04:00,35.46500015258789,35.52000045776367,35.40019989013672,35.505001068115234,712419
2026-08-28 11:57:00-04:00,35.375,35.46989822387695,35.36000061035156,35.46500015258789,232370
2026-08-28 11:58:00-04:00,35.39759826660156,35.43000030517578,35.36840057373047,35.36989974975586,246351
2026-08-28 11:59:00-04:00,35.375,35.41999816894531,35.310001373291016,35.39500045776367,315796
2026-08-28 12:00:00-04:00,35.36000061035156,35.470001220703125,35.36000061035156,35.375,217350
2026-08-28 12:01:00-04:00,35.209999084472656,35.36009979248047,35.150001525878906,35.36009979248047,308214
2026-08-28 12:02:00-04:00,35.244998931884766,35.25,35.14500045776367,35.209999084472656,216548
2026-08-28 12:03:00-04:00,35.314998626708984,35.326698303222656,35.224998474121094,35.244998931884766,229099
2026-08-28 12:04:00-04:00,35.290000915527344,35.380001068115234,35.279998779296875,35.31999969482422,216331
2026-08-28 12:05:00-04:00,35.310001373291016,35.32500076293945,35.2599983215332,35.28499984741211,130320
2026-08-28 12:06:00-04:00,35.380001068115234,35.380001068115234,35.2599983215332,35.31999969482422,239610
2026-08-28 12:07:00-04:00,35.45000076293945,35.5,35.369998931884766,35.369998931884766,202396
2026-08-28 12:08:00-04:00,35.489898681640625,35.4900016784668,35.38999938964844,35.44499969482422,141693
2026-08-28 12:09:00-04:00,35.650001525878906,35.65999984741211,35.47999954223633,35.48500061035156,281633
2026-08-28 12:10:00-04:00,35.69499969482422,35.70000076293945,35.61000061035156,35.6505012512207,205418
2026-08-28 12:11:00-04:00,35.52989959716797,35.720001220703125,35.52170181274414,35.689998626708984,206299
2026-08-28 12:12:00-04:00,35.580101013183594,35.60499954223633,35.47100067138672,35.52000045776367,135936
2026-08-28 12:13:00-04:00,35.579898834228516,35.595001220703125,35.53990173339844,35.584999084472656,95312
2026-08-28 12:14:00-04:00,35.54010009765625,35.595001220703125,35.5099983215332,35.57899856567383,122303
2026-08-28 12:15:00-04:00,35.474998474121094,35.595001220703125,35.470001220703125,35.54750061035156,126611
2026-08-28 12:16:00-04:00,35.429298400878906,35.459999084472656,35.40010070800781,35.45000076293945,126012
2026-08-28 12:17:00-04:00,35.275001525878906,35.43000030517578,35.27009963989258,35.42499923706055,144613
2026-08-28 12:18:00-04:00,35.21009826660156,35.279998779296875,35.17499923706055,35.275001525878906,187714
2026-08-28 12:19:00-04:00,35.33000183105469,35.36989974975586,35.209999084472656,35.21989822387695,174049
2026-08-28 12:20:00-04:00,35.334999084472656,35.369998931884766,35.29999923706055,35.32500076293945,144579
2026-08-28 12:21:00-04:00,35.27000045776367,35.33000183105469,35.25,35.33000183105469,159093
2026-08-28 12:22:00-04:00,35.27000045776367,35.30500030517578,35.244998931884766,35.27000045776367,104857
2026-08-28 12:23:00-04:00,35.2599983215332,35.279998779296875,35.21500015258789,35.2599983215332,191392
2026-08-28 12:24:00-04:00,35.15869903564453,35.25,35.130001068115234,35.25,211299
2026-08-28 12:25:00-04:00,35.203800201416016,35.209999084472656,35.14500045776367,35.150001525878906,125385
2026-08-28 12:26:00-04:00,35.185001373291016,35.220001220703125,35.160099029541016,35.20000076293945,115762
2026-08-28 12:27:00-04:00,35.275001525878906,35.275001525878906,35.18000030517578,35.18000030517578,95996
2026-08-28 12:28:00-04:00,35.26649856567383,35.28499984741211,35.22999954223633,35.275001525878906,92806
2026-08-28 12:29:00-04:00,35.27000045776367,35.310001373291016,35.25,35.26900100708008,109654
2026-08-28 12:30:00-04:00,35.31380081176758,35.34000015258789,35.26499938964844,35.26499938964844,93403
2026-08-28 12:31:00-04:00,35.29999923706055,35.349998474121094,35.26100158691406,35.314998626708984,124494
2026-08-28 12:32:00-04:00,35.334999084472656,35.35499954223633,35.28499984741211,35.30500030517578,109459
2026-08-28 12:33:00-04:00,35.23500061035156,35.33000183105469,35.22010040283203,35.32500076293945,84317
2026-08-28 12:34:00-04:00,35.119998931884766,35.239898681640625,35.119998931884766,35.23500061035156,165448
2026-08-28 12:35:00-04:00,35.21760177612305,35.220001220703125,35.099998474121094,35.12009811401367,222656
2026-08-28 12:36:00-04:00,35.22999954223633,35.22999954223633,35.154998779296875,35.21500015258789,66442
2026-08-28 12:37:00-04:00,35.2400016784668,35.2599983215332,35.209999084472656,35.22999954223633,123440
2026-08-28 12:38:00-04:00,35.32500076293945,35.33000183105469,35.23870086669922,35.23870086669922,99712
2026-08-28 12:39:00-04:00,35.2400016784668,35.34000015258789,35.19449996948242,35.334999084472656,144726
2026-08-28 12:40:00-04:00,35.230098724365234,35.27000045776367,35.18000030517578,35.224998474121094,110310
2026-08-28 12:41:00-04:00,35.21500015258789,35.2599983215332,35.189998626708984,35.22999954223633,77538
2026-08-28 12:42:00-04:00,35.28990173339844,35.28990173339844,35.22010040283203,35.224998474121094,77770
2026-08-28 12:43:00-04:00,35.209999084472656,35.30500030517578,35.18000030517578,35.28499984741211,81119
2026-08-28 12:44:00-04:00,35.19499969482422,35.244998931884766,35.18000030517578,35.20000076293945,74359
2026-08-28 12:45:00-04:00,35.38970184326172,35.38970184326172,35.19049835205078,35.20000076293945,129318
2026-08-28 12:46:00-04:00,35.415000915527344,35.5,35.36410140991211,35.38999938964844,190544
2026-08-28 12:47:00-04:00,35.46500015258789,35.5,35.40869903564453,35.415000915527344,115460
2026-08-28 12:48:00-04:00,35.470001220703125,35.474998474121094,35.42499923706055,35.46500015258789,106065
2026-08-28 12:49:00-04:00,35.449798583984375,35.5,35.43000030517578,35.474998474121094,89738
2026-08-28 12:50:00-04:00,35.459999084472656,35.529998779296875,35.44499969482422,35.44499969482422,95106
2026-08-28 12:51:00-04:00,35.52000045776367,35.55500030517578,35.46500015258789,35.46500015258789,82570
2026-08-28 12:52:00-04:00,35.505001068115234,35.529998779296875,35.47010040283203,35.52989959716797,80964
2026-08-28 12:53:00-04:00,35.3400993347168,35.5,35.310001373291016,35.5,118816
2026-08-28 12:54:00-04:00,35.32870101928711,35.40999984741211,35.310001373291016,35.34189987182617,64186
2026-08-28 12:55:00-04:00,35.34989929199219,35.349998474121094,35.310001373291016,35.31999969482422,60166
2026-08-28 12:56:00-04:00,35.349998474121094,35.36000061035156,35.29999923706055,35.349998474121094,62822
2026-08-28 12:57:00-04:00,35.39500045776367,35.39500045776367,35.34000015258789,35.349998474121094,74502
2026-08-28 12:58:00-04:00,35.3849983215332,35.404998779296875,35.35499954223633,35.399898529052734,64125
2026-08-28 12:59:00-04:00,35.30500030517578,35.3849983215332,35.29010009765625,35.3849983215332,90857
2026-08-28 13:00:00-04:00,35.170101165771484,35.32500076293945,35.16999816894531,35.30500030517578,189058
2026-08-28 13:01:00-04:00,35.165000915527344,35.18000030517578,35.11000061035156,35.16999816894531,268275
2026-08-28 13:02:00-04:00,35.20869827270508,35.22999954223633,35.154998779296875,35.15999984741211,93283
2026-08-28 13:03:00-04:00,35.22600173950195,35.25,35.19499969482422,35.209999084472656,72042
2026-08-28 13:04:00-04:00,35.20500183105469,35.2599983215332,35.20000076293945,35.22999954223633,68290
2026-08-28 13:05:00-04:00,35.150001525878906,35.20000076293945,35.13999938964844,35.20000076293945,96697
2026-08-28 13:06:00-04:00,35.12990188598633,35.15999984741211,35.099998474121094,35.15999984741211,119153
2026-08-28 13:07:00-04:00,35.14950180053711,35.15999984741211,35.099998474121094,35.1150016784668,118700
2026-08-28 13:08:00-04:00,35.17499923706055,35.185001373291016,35.14500045776367,35.14500045776367,70707
2026-08-28 13:09:00-04:00,35.13010025024414,35.18000030517578,35.13010025024414,35.16999816894531,101964
2026-08-28 13:10:00-04:00,35.125,35.290000915527344,35.099998474121094,35.132198333740234,445304
2026-08-28 13:11:00-04:00,35.16999816894531,35.209999084472656,35.125,35.125,291254
2026-08-28 13:12:00-04:00,35.21500015258789,35.27989959716797,35.16859817504883,35.16999816894531,113261
2026-08-28 13:13:00-04:00,35.17900085449219,35.209999084472656,35.16859817504883,35.209999084472656,87182
2026-08-28 13:14:00-04:00,35.17499923706055,35.224998474121094,35.154998779296875,35.17499923706055,67324
2026-08-28 13:15:00-04:00,35.15999984741211,35.189998626708984,35.130001068115234,35.17499923706055,80467
2026-08-28 13:16:00-04:00,35.130001068115234,35.16999816894531,35.11000061035156,35.165000915527344,100539
2026-08-28 13:17:00-04:00,35.14500045776367,35.149898529052734,35.100101470947266,35.130001068115234,61527
2026-08-28 13:18:00-04:00,35.1150016784668,35.14500045776367,35.102500915527344,35.14500045776367,60247
2026-08-28 13:19:00-04:00,35.084999084472656,35.119998931884766,35.06999969482422,35.1150016784668,193371
2026-08-28 13:20:00-04:00,35.07500076293945,35.122798919677734,35.060001373291016,35.089900970458984,105760
2026-08-28 13:21:00-04:00,35.01499938964844,35.079898834228516,35.01499938964844,35.064998626708984,206573
2026-08-28 13:22:00-04:00,35.005001068115234,35.029998779296875,35.0,35.010101318359375,485433
2026-08-28 13:23:00-04:00,35.0099983215332,35.060001373291016,35.0,35.005001068115234,182262
2026-08-28 13:24:00-04:00,34.98500061035156,35.0099983215332,34.939998626708984,35.0099983215332,1013361
2026-08-28 13:25:00-04:00,34.970001220703125,35.029998779296875,34.940101623535156,34.9900016784668,376259
2026-08-28 13:26:00-04:00,34.96500015258789,34.97999954223633,34.95009994506836,34.96500015258789,70451
2026-08-28 13:27:00-04:00,34.98500061035156,35.0,34.959999084472656,34.96500015258789,89084
2026-08-28 13:28:00-04:00,35.04029846191406,35.060001373291016,34.98500061035156,34.98500061035156,139966
2026-08-28 13:29:00-04:00,34.95500183105469,35.060001373291016,34.95500183105469,35.040000915527344,146498
2026-08-28 13:30:00-04:00,34.9900016784668,35.0,34.93000030517578,34.95500183105469,144516
2026-08-28 13:31:00-04:00,34.98500061035156,34.999900817871094,34.95000076293945,34.9900016784668,81255
2026-08-28 13:32:00-04:00,34.915000915527344,34.981300354003906,34.903099060058594,34.981300354003906,115792
2026-08-28 13:33:00-04:00,34.93980026245117,34.95000076293945,34.910099029541016,34.91999816894531,80435
2026-08-28 13:34:00-04:00,34.904998779296875,34.939998626708984,34.880001068115234,34.92499923706055,135253
2026-08-28 13:35:00-04:00,34.8849983215332,34.92499923706055,34.869998931884766,34.90999984741211,114591
2026-08-28 13:36:00-04:00,34.93000030517578,34.93000030517578,34.875,34.880001068115234,156325
2026-08-28 13:37:00-04:00,34.88600158691406,34.959999084472656,34.85499954223633,34.93000030517578,222603
2026-08-28 13:38:00-04:00,34.90999984741211,34.939998626708984,34.880001068115234,34.88999938964844,101388
2026-08-28 13:39:00-04:00,34.83000183105469,34.92499923706055,34.81999969482422,34.904998779296875,188083
2026-08-28 13:40:00-04:00,34.8494987487793,34.869998931884766,34.810001373291016,34.829898834228516,153331
2026-08-28 13:41:00-04:00,34.8650016784668,34.88999938964844,34.84000015258789,34.84000015258789,87335
2026-08-28 13:42:00-04:00,34.935001373291016,34.935001373291016,34.86000061035156,34.869998931884766,95636
2026-08-28 13:43:00-04:00,34.869300842285156,34.939998626708984,34.86000061035156,34.935001373291016,125631
2026-08-28 13:44:00-04:00,34.8849983215332,34.900001525878906,34.86000061035156,34.8650016784668,117118
2026-08-28 13:45:00-04:00,34.93000030517578,34.93000030517578,34.85499954223633,34.88990020751953,116772
2026-08-28 13:46:00-04:00,34.95500183105469,35.0,34.915000915527344,34.92499923706055,274192
2026-08-28 13:47:00-04:00,35.0,35.0099983215332,34.869998931884766,34.95000076293945,133170
2026-08-28 13:48:00-04:00,35.029998779296875,35.029998779296875,34.98500061035156,34.99209976196289,105213
2026-08-28 13:49:00-04:00,35.1150016784668,35.13999938964844,35.01499938964844,35.02000045776367,106498
2026-08-28 13:50:00-04:00,35.060001373291016,35.138999938964844,35.01499938964844,35.129798889160156,99418
2026-08-28 13:51:00-04:00,35.05500030517578,35.09000015258789,35.04010009765625,35.060001373291016,71636
2026-08-28 13:52:00-04:00,35.06999969482422,35.11989974975586,35.043701171875,35.04999923706055,130778
2026-08-28 13:53:00-04:00,35.04499816894531,35.095001220703125,35.02000045776367,35.060001373291016,96565
2026-08-28 13:54:00-04:00,34.974998474121094,35.04499816894531,34.959999084472656,35.04499816894531,106906
2026-08-28 13:55:00-04:00,34.96989822387695,34.999900817871094,34.959999084472656,34.970001220703125,88554
2026-08-28 13:56:00-04:00,34.95500183105469,34.96989822387695,34.935001373291016,34.96500015258789,59685
2026-08-28 13:57:00-04:00,34.96500015258789,34.9900016784668,34.95500183105469,34.959999084472656,95805
2026-08-28 13:58:00-04:00,34.98860168457031,34.994998931884766,34.96500015258789,34.96500015258789,48024
2026-08-28 13:59:00-04:00,35.084999084472656,35.099998474121094,34.98500061035156,34.98500061035156,143614
2026-08-28 14:00:00-04:00,35.1349983215332,35.15999984741211,35.064998626708984,35.084999084472656,101611
2026-08-28 14:01:00-04:00,35.099998474121094,35.149898529052734,35.010101318359375,35.130001068115234,127165
2026-08-28 14:02:00-04:00,35.099998474121094,35.119998931884766,35.03499984741211,35.09000015258789,97440
2026-08-28 14:03:00-04:00,35.02399826049805,35.09000015258789,35.0004997253418,35.09000015258789,113544
2026-08-28 14:04:00-04:00,34.97999954223633,35.040000915527344,34.970001220703125,35.025001525878906,105316
2026-08-28 14:05:00-04:00,34.97999954223633,35.01499938964844,34.96009826660156,34.970001220703125,100073
2026-08-28 14:06:00-04:00,34.959999084472656,34.9900016784668,34.95000076293945,34.97999954223633,94472
2026-08-28 14:07:00-04:00,35.03499984741211,35.04690170288086,34.95000076293945,34.959999084472656,103937
2026-08-28 14:08:00-04:00,35.04999923706055,35.060001373291016,35.005001068115234,35.040000915527344,58359
2026-08-28 14:09:00-04:00,35.005001068115234,35.060001373291016,35.0,35.04499816894531,89918
2026-08-28 14:10:00-04:00,34.98500061035156,35.02000045776367,34.95000076293945,35.0099983215332,75078
2026-08-28 14:11:00-04:00,34.97010040283203,34.985198974609375,34.95000076293945,34.97999954223633,66889
2026-08-28 14:12:00-04:00,34.994998931884766,35.029998779296875,34.95500183105469,34.974998474121094,105051
2026-08-28 14:13:00-04:00,34.994998931884766,35.03499984741211,34.97999954223633,34.9900016784668,81052
2026-08-28 14:14:00-04:00,35.0,35.02000045776367,34.939998626708984,34.994998931884766,130713
2026-08-28 14:15:00-04:00,35.04999923706055,35.059898376464844,34.98500061035156,34.994998931884766,77078
2026-08-28 14:16:00-04:00,34.97019958496094,35.04999923706055,34.970001220703125,35.04499816894531,81778
2026-08-28 14:17:00-04:00,35.03499984741211,35.03499984741211,34.959999084472656,34.970001220703125,74088
2026-08-28 14:18:00-04:00,35.03499984741211,35.089900970458984,35.029998779296875,35.03499984741211,68341
2026-08-28 14:19:00-04:00,35.01499938964844,35.03810119628906,34.9901008605957,35.029998779296875,103887
2026-08-28 14:20:00-04:00,35.04499816894531,35.08000183105469,35.01499938964844,35.01499938964844,73971
2026-08-28 14:21:00-04:00,34.96009826660156,35.04990005493164,34.95000076293945,35.04499816894531,134814
2026-08-28 14:22:00-04:00,35.02000045776367,35.025001525878906,34.96500015258789,34.96500015258789,72399
2026-08-28 14:23:00-04:00,34.96009826660156,35.03990173339844,34.95000076293945,35.02000045776367,87944
2026-08-28 14:24:00-04:00,35.03499984741211,35.04999923706055,34.959999084472656,34.96500015258789,78712
2026-08-28 14:25:00-04:00,35.02000045776367,35.04999923706055,34.974998474121094,35.02000045776367,100782
2026-08-28 14:26:00-04:00,35.03499984741211,35.079898834228516,35.02000045776367,35.02000045776367,94560
2026-08-28 14:27:00-04:00,35.084999084472656,35.1349983215332,35.03499984741211,35.03499984741211,136306
2026-08-28 14:28:00-04:00,35.12990188598633,35.13999938964844,35.07500076293945,35.09000015258789,72010
2026-08-28 14:29:00-04:00,35.10499954223633,35.150001525878906,35.10449981689453,35.119998931884766,67153
2026-08-28 14:30:00-04:00,35.2400016784668,35.27000045776367,35.100101470947266,35.10499954223633,225573
2026-08-28 14:31:00-04:00,35.30500030517578,35.34000015258789,35.209999084472656,35.2400016784668,178141
2026-08-28 14:32:00-04:00,35.165000915527344,35.34000015258789,35.11130142211914,35.30009841918945,155762
2026-08-28 14:33:00-04:00,35.244998931884766,35.2598991394043,35.14099884033203,35.169898986816406,192046
2026-08-28 14:34:00-04:00,35.25,35.32500076293945,35.220001220703125,35.2400016784668,91220
2026-08-28 14:35:00-04:00,35.25310134887695,35.329898834228516,35.2401008605957,35.2401008605957,82583
2026-08-28 14:36:00-04:00,35.224998474121094,35.27000045776367,35.17499923706055,35.25870132446289,106221
2026-08-28 14:37:00-04:00,35.170101165771484,35.2400016784668,35.160400390625,35.224998474121094,93437
2026-08-28 14:38:00-04:00,35.14500045776367,35.16999816894531,35.10499954223633,35.16999816894531,146845
2026-08-28 14:39:00-04:00,35.08869934082031,35.154998779296875,35.08869934082031,35.14500045776367,75784
2026-08-28 14:40:00-04:00,35.154998779296875,35.165000915527344,35.06999969482422,35.08000183105469,106946
2026-08-28 14:41:00-04:00,35.18000030517578,35.20500183105469,35.14469909667969,35.150001525878906,92300
2026-08-28 14:42:00-04:00,35.125,35.18000030517578,35.11009979248047,35.18000030517578,107158
2026-08-28 14:43:00-04:00,35.108699798583984,35.130001068115234,35.09000015258789,35.119998931884766,78539
2026-08-28 14:44:00-04:00,35.150001525878906,35.154998779296875,35.095001220703125,35.11000061035156,158755
2026-08-28 14:45:00-04:00,35.14229965209961,35.168701171875,35.130001068115234,35.154998779296875,69368
2026-08-28 14:46:00-04:00,35.05500030517578,35.13999938964844,35.040000915527344,35.13999938964844,97679
2026-08-28 14:47:00-04:00,35.060001373291016,35.084999084472656,35.04499816894531,35.05500030517578,94884
2026-08-28 14:48:00-04:00,35.04869842529297,35.060001373291016,35.0099983215332,35.05500030517578,91987
2026-08-28 14:49:00-04:00,35.005001068115234,35.06990051269531,35.0,35.04999923706055,80428
2026-08-28 14:50:00-04:00,34.99250030517578,35.02000045776367,34.97999954223633,35.0099983215332,195428
2026-08-28 14:51:00-04:00,35.040000915527344,35.079898834228516,34.974998474121094,35.0,111893
2026-08-28 14:52:00-04:00,35.029998779296875,35.05500030517578,35.01499938964844,35.04999923706055,66878
2026-08-28 14:53:00-04:00,35.01499938964844,35.029998779296875,35.005001068115234,35.029998779296875,100537
2026-08-28 14:54:00-04:00,34.991600036621094,35.02000045776367,34.970001220703125,35.01499938964844,167952
2026-08-28 14:55:00-04:00,34.96500015258789,34.994998931884766,34.93000030517578,34.994998931884766,129218
2026-08-28 14:56:00-04:00,34.994998931884766,35.0,34.959999084472656,34.96500015258789,65334
2026-08-28 14:57:00-04:00,35.0099983215332,35.025001525878906,34.98500061035156,34.994998931884766,76980
2026-08-28 14:58:00-04:00,35.04499816894531,35.04999923706055,35.005001068115234,35.01810073852539,86241
2026-08-28 14:59:00-04:00,35.01499938964844,35.04999923706055,35.005001068115234,35.03499984741211,43179
2026-08-28 15:00:00-04:00,35.02009963989258,35.05500030517578,34.9900016784668,35.005001068115234,127856
2026-08-28 15:01:00-04:00,35.064998626708984,35.06999969482422,35.005001068115234,35.029998779296875,69609
2026-08-28 15:02:00-04:00,35.14500045776367,35.14500045776367,35.064998626708984,35.064998626708984,81550
2026-08-28 15:03:00-04:00,35.14569854736328,35.150001525878906,35.11000061035156,35.140098571777344,59910
2026-08-28 15:04:00-04:00,35.19860076904297,35.21989822387695,35.1349983215332,35.154998779296875,159193
2026-08-28 15:05:00-04:00,35.224998474121094,35.2400016784668,35.138999938964844,35.20500183105469,170537
2026-08-28 15:06:00-04:00,35.109901428222656,35.239898681640625,35.099998474121094,35.224998474121094,124775
2026-08-28 15:07:00-04:00,35.15010070800781,35.15999984741211,35.08250045776367,35.10499954223633,129535
2026-08-28 15:08:00-04:00,35.14250183105469,35.15999984741211,35.13010025024414,35.154998779296875,55755
2026-08-28 15:09:00-04:00,35.14500045776367,35.15620040893555,35.100101470947266,35.13999938964844,75008
2026-08-28 15:10:00-04:00,35.150001525878906,35.165000915527344,35.119998931884766,35.13999938964844,91837
2026-08-28 15:11:00-04:00,35.21500015258789,35.21500015258789,35.14500045776367,35.154998779296875,74356
2026-08-28 15:12:00-04:00,35.2400016784668,35.25,35.209999084472656,35.21979904174805,82252
2026-08-28 15:13:00-04:00,35.194000244140625,35.2400016784668,35.185001373291016,35.22999954223633,63942
2026-08-28 15:14:00-04:00,35.26499938964844,35.29999923706055,35.15010070800781,35.189998626708984,118441
2026-08-28 15:15:00-04:00,35.185001373291016,35.26499938964844,35.18000030517578,35.26499938964844,94357
2026-08-28 15:16:00-04:00,35.25,35.290000915527344,35.17499923706055,35.185001373291016,105479
2026-08-28 15:17:00-04:00,35.2400016784668,35.244998931884766,35.185001373291016,35.244998931884766,106401
2026-08-28 15:18:00-04:00,35.279998779296875,35.290000915527344,35.21500015258789,35.23500061035156,93899
2026-08-28 15:19:00-04:00,35.279998779296875,35.279998779296875,35.25,35.275001525878906,51249
2026-08-28 15:20:00-04:00,35.32500076293945,35.33000183105469,35.252498626708984,35.27989959716797,70799
2026-08-28 15:21:00-04:00,35.31380081176758,35.34000015258789,35.28010177612305,35.31999969482422,103029
2026-08-28 15:22:00-04:00,35.35499954223633,35.369998931884766,35.275001525878906,35.310001373291016,100980
2026-08-28 15:23:00-04:00,35.334999084472656,35.36000061035156,35.30500030517578,35.358001708984375,109931
2026-08-28 15:24:00-04:00,35.378700256347656,35.380001068115234,35.31010055541992,35.34000015258789,98040
2026-08-28 15:25:00-04:00,35.4109992980957,35.415000915527344,35.34270095825195,35.375,88728
2026-08-28 15:26:00-04:00,35.435001373291016,35.45000076293945,35.410099029541016,35.419898986816406,98393
2026-08-28 15:27:00-04:00,35.54999923706055,35.54999923706055,35.41999816894531,35.43000030517578,250374
2026-08-28 15:28:00-04:00,35.51499938964844,35.5525016784668,35.4900016784668,35.540000915527344,131994
2026-08-28 15:29:00-04:00,35.55500030517578,35.58000183105469,35.5,35.5099983215332,118192
2026-08-28 15:30:00-04:00,35.499900817871094,35.54999923706055,35.464298248291016,35.54999923706055,168600
2026-08-28 15:31:00-04:00,35.456298828125,35.529998779296875,35.45500183105469,35.494998931884766,123274
2026-08-28 15:32:00-04:00,35.404998779296875,35.4900016784668,35.380001068115234,35.45000076293945,158758
2026-08-28 15:33:00-04:00,35.410099029541016,35.42499923706055,35.38999938964844,35.404998779296875,101080
2026-08-28 15:34:00-04:00,35.32120132446289,35.44990158081055,35.31999969482422,35.40999984741211,88908
2026-08-28 15:35:00-04:00,35.369998931884766,35.3849983215332,35.29010009765625,35.32500076293945,193878
2026-08-28 15:36:00-04:00,35.31999969482422,35.369998931884766,35.279998779296875,35.36000061035156,87925
2026-08-28 15:37:00-04:00,35.32500076293945,35.34000015258789,35.290000915527344,35.32500076293945,92711
2026-08-28 15:38:00-04:00,35.29999923706055,35.31999969482422,35.279998779296875,35.31999969482422,84841
2026-08-28 15:39:00-04:00,35.380001068115234,35.380001068115234,35.30500030517578,35.30500030517578,110346
2026-08-28 15:40:00-04:00,35.48500061035156,35.4900016784668,35.38999938964844,35.38999938964844,139753
2026-08-28 15:41:00-04:00,35.44990158081055,35.4900016784668,35.44049835205078,35.48429870605469,135238
2026-08-28 15:42:00-04:00,35.39500045776367,35.45000076293945,35.349998474121094,35.45000076293945,129919
2026-08-28 15:43:00-04:00,35.529998779296875,35.540000915527344,35.39500045776367,35.400001525878906,164417
2026-08-28 15:44:00-04:00,35.474998474121094,35.560001373291016,35.47249984741211,35.525001525878906,165503
2026-08-28 15:45:00-04:00,35.435001373291016,35.470001220703125,35.372501373291016,35.470001220703125,138329
2026-08-28 15:46:00-04:00,35.54990005493164,35.54999923706055,35.415000915527344,35.43000030517578,171982
2026-08-28 15:47:00-04:00,35.625,35.6349983215332,35.4900016784668,35.54909896850586,176985
2026-08-28 15:48:00-04:00,35.6150016784668,35.630001068115234,35.58000183105469,35.625,166811
2026-08-28 15:49:00-04:00,35.57500076293945,35.630001068115234,35.57500076293945,35.619998931884766,143096
2026-08-28 15:50:00-04:00,35.814998626708984,35.92499923706055,35.55009841918945,35.56999969482422,821172
2026-08-28 15:51:00-04:00,35.61000061035156,35.81999969482422,35.599998474121094,35.810001373291016,536949
2026-08-28 15:52:00-04:00,35.45500183105469,35.65999984741211,35.400001525878906,35.60499954223633,560215
2026-08-28 15:53:00-04:00,35.38999938964844,35.4900016784668,35.36000061035156,35.459999084472656,414542
2026-08-28 15:54:00-04:00,35.18000030517578,35.404998779296875,35.119998931884766,35.3849983215332,789353
2026-08-28 15:55:00-04:00,35.369998931884766,35.40999984741211,35.18000030517578,35.185001373291016,499806
2026-08-28 15:56:00-04:00,35.58000183105469,35.60499954223633,35.380001068115234,35.380001068115234,419841
2026-08-28 15:57:00-04:00,35.64500045776367,35.665000915527344,35.560001373291016,35.584999084472656,377418
2026-08-28 15:58:00-04:00,35.65999984741211,35.7599983215332,35.64500045776367,35.64500045776367,424667
2026-08-28 15:59:00-04:00,35.42499923706055,35.654998779296875,35.42499923706055,35.654998779296875,715873
2026-08-31 09:30:00-04:00,35.730098724365234,36.049400329589844,35.540000915527344,35.81999969482422,2804710
2026-08-31 09:31:00-04:00,36.06669998168945,36.15999984741211,35.709999084472656,35.72999954223633,296087
2026-08-31 09:32:00-04:00,36.03580093383789,36.119998931884766,35.923301696777344,36.04999923706055,281396
2026-08-31 09:33:00-04:00,36.119998931884766,36.18989944458008,35.86000061035156,36.029998779296875,214111
2026-08-31 09:34:00-04:00,36.369998931884766,36.369998931884766,36.099998474121094,36.099998474121094,289952
2026-08-31 09:35:00-04:00,35.96500015258789,36.38959884643555,35.91999816894531,36.380001068115234,263364
2026-08-31 09:36:00-04:00,36.06019973754883,36.150001525878906,35.93000030517578,35.970001220703125,207253
2026-08-31 09:37:00-04:00,36.06999969482422,36.244998931884766,36.02000045776367,36.060001373291016,116575
2026-08-31 09:38:00-04:00,35.91999816894531,36.14500045776367,35.91999816894531,36.08000183105469,191038
2026-08-31 09:39:00-04:00,35.929500579833984,35.9900016784668,35.86009979248047,35.91999816894531,122048
2026-08-31 09:40:00-04:00,35.939998626708984,36.09000015258789,35.900001525878906,35.9286003112793,110129
2026-08-31 09:41:00-04:00,36.1349983215332,36.20000076293945,35.92060089111328,35.95000076293945,147596
2026-08-31 09:42:00-04:00,36.11650085449219,36.18000030517578,36.00870132446289,36.12860107421875,147803
2026-08-31 09:43:00-04:00,36.20000076293945,36.25,36.081600189208984,36.11000061035156,119213
2026-08-31 09:44:00-04:00,36.025001525878906,36.22999954223633,35.970001220703125,36.185001373291016,97609
2026-08-31 09:45:00-04:00,36.095001220703125,36.17380142211914,35.994998931884766,36.06700134277344,106489
2026-08-31 09:46:00-04:00,36.268699645996094,36.290000915527344,36.06999969482422,36.099998474121094,149757
2026-08-31 09:47:00-04:00,36.45000076293945,36.459999084472656,36.14500045776367,36.271400451660156,214218
2026-08-31 09:48:00-04:00,36.41999816894531,36.59000015258789,36.38010025024414,36.45500183105469,300732
2026-08-31 09:49:00-04:00,36.26499938964844,36.40520095825195,36.15999984741211,36.40520095825195,158896
2026-08-31 09:50:00-04:00,36.29999923706055,36.41999816894531,36.25,36.250099182128906,137462
2026-08-31 09:51:00-04:00,36.415000915527344,36.44990158081055,36.2781982421875,36.29999923706055,239688
2026-08-31 09:52:00-04:00,36.310001373291016,36.470001220703125,36.27000045776367,36.42499923706055,110949
2026-08-31 09:53:00-04:00,36.45500183105469,36.540000915527344,36.29999923706055,36.32870101928711,195524
2026-08-31 09:54:00-04:00,36.43000030517578,36.459999084472656,36.345001220703125,36.45989990234375,103367
2026-08-31 09:55:00-04:00,36.41999816894531,36.4900016784668,36.404998779296875,36.45000076293945,169944
2026-08-31 09:56:00-04:00,36.22999954223633,36.459999084472656,36.209999084472656,36.40999984741211,216561
2026-08-31 09:57:00-04:00,36.279998779296875,36.31990051269531,36.15999984741211,36.224998474121094,210799
2026-08-31 09:58:00-04:00,36.32500076293945,36.36000061035156,36.2599983215332,36.290000915527344,82153
2026-08-31 09:59:00-04:00,36.39500045776367,36.41999816894531,36.2400016784668,36.31999969482422,129525
2026-08-31 10:00:00-04:00,36.439998626708984,36.47999954223633,36.380001068115234,36.400001525878906,85963
2026-08-31 10:01:00-04:00,36.2599983215332,36.46500015258789,36.25279998779297,36.439998626708984,96212
2026-08-31 10:02:00-04:00,36.060001373291016,36.29999923706055,36.029998779296875,36.250099182128906,186640
2026-08-31 10:03:00-04:00,35.93000030517578,36.09000015258789,35.93000030517578,36.06999969482422,202262
2026-08-31 10:04:00-04:00,35.96500015258789,36.024898529052734,35.91450119018555,35.935001373291016,150364
2026-08-31 10:05:00-04:00,35.939998626708984,36.029998779296875,35.935001373291016,35.96500015258789,71632
2026-08-31 10:06:00-04:00,35.74509811401367,35.939998626708984,35.72999954223633,35.935001373291016,158592
2026-08-31 10:07:00-04:00,35.76679992675781,35.84000015258789,35.720001220703125,35.72999954223633,173161
2026-08-31 10:08:00-04:00,35.81999969482422,35.829898834228516,35.750099182128906,35.750099182128906,94774
2026-08-31 10:09:00-04:00,35.724998474121094,35.814998626708984,35.724998474121094,35.810001373291016,79481
2026-08-31 10:10:00-04:00,35.8650016784668,35.869998931884766,35.7223014831543,35.724998474121094,86557
2026-08-31 10:11:00-04:00,35.779998779296875,35.868099212646484,35.779998779296875,35.850101470947266,105015
2026-08-31 10:12:00-04:00,35.83000183105469,35.849998474121094,35.75,35.75,70935
2026-08-31 10:13:00-04:00,35.83000183105469,35.845001220703125,35.80500030517578,35.82500076293945,81623
2026-08-31 10:14:00-04:00,35.71500015258789,35.834999084472656,35.70009994506836,35.834999084472656,99317
2026-08-31 10:15:00-04:00,35.60499954223633,35.7400016784668,35.599998474121094,35.71009826660156,158639
2026-08-31 10:16:00-04:00,35.68989944458008,35.709999084472656,35.61000061035156,35.61000061035156,153671
2026-08-31 10:17:00-04:00,35.62139892578125,35.68000030517578,35.560001373291016,35.67499923706055,104171
2026-08-31 10:18:00-04:00,35.69990158081055,35.7400016784668,35.630001068115234,35.630001068115234,90254
2026-08-31 10:19:00-04:00,35.78499984741211,35.80500030517578,35.674800872802734,35.69499969482422,67708
2026-08-31 10:20:00-04:00,35.77000045776367,35.89500045776367,35.71009826660156,35.78129959106445,138818
2026-08-31 10:21:00-04:00,35.775001525878906,35.79999923706055,35.71500015258789,35.77000045776367,75970
2026-08-31 10:22:00-04:00,35.654998779296875,35.79999923706055,35.654998779296875,35.76499938964844,87502
2026-08-31 10:23:00-04:00,35.60499954223633,35.650001525878906,35.510501861572266,35.650001525878906,186110
2026-08-31 10:24:00-04:00,35.619998931884766,35.649898529052734,35.525001525878906,35.60499954223633,120124
2026-08-31 10:25:00-04:00,35.650001525878906,35.65999984741211,35.584999084472656,35.59000015258789,61190
2026-08-31 10:26:00-04:00,35.54999923706055,35.68000030517578,35.540000915527344,35.654998779296875,66569
2026-08-31 10:27:00-04:00,35.61050033569336,35.650001525878906,35.55009841918945,35.55009841918945,134117
2026-08-31 10:28:00-04:00,35.760101318359375,35.790000915527344,35.6150016784668,35.619998931884766,83827
2026-08-31 10:29:00-04:00,35.739898681640625,35.779998779296875,35.70199966430664,35.779998779296875,52134
2026-08-31 10:30:00-04:00,35.79499816894531,35.799800872802734,35.720699310302734,35.72999954223633,60902
2026-08-31 10:31:00-04:00,35.77000045776367,35.82820129394531,35.7400016784668,35.790199279785156,69317
2026-08-31 10:32:00-04:00,35.830101013183594,35.834999084472656,35.70600128173828,35.779998779296875,61696
2026-08-31 10:33:00-04:00,35.64500045776367,35.83620071411133,35.62009811401367,35.820098876953125,87324
2026-08-31 10:34:00-04:00,35.70119857788086,35.749900817871094,35.63999938964844,35.650001525878906,176158
2026-08-31 10:35:00-04:00,35.78499984741211,35.810001373291016,35.65999984741211,35.685001373291016,75185
2026-08-31 10:36:00-04:00,35.769901275634766,35.81999969482422,35.760101318359375,35.78499984741211,79002
2026-08-31 10:37:00-04:00,35.80500030517578,35.84000015258789,35.75,35.76499938964844,78896
2026-08-31 10:38:00-04:00,35.700199127197266,35.79999923706055,35.700199127197266,35.79999923706055,94701
2026-08-31 10:39:00-04:00,35.78499984741211,35.790000915527344,35.683101654052734,35.70500183105469,29211
2026-08-31 10:40:00-04:00,35.80500030517578,35.83000183105469,35.744998931884766,35.775001525878906,52952
2026-08-31 10:41:00-04:00,35.8650016784668,35.880001068115234,35.790000915527344,35.810001373291016,72286
2026-08-31 10:42:00-04:00,35.88999938964844,35.90999984741211,35.83000183105469,35.869998931884766,71844
2026-08-31 10:43:00-04:00,35.904998779296875,35.91999816894531,35.87009811401367,35.880001068115234,42552
2026-08-31 10:44:00-04:00,35.86000061035156,35.935001373291016,35.85499954223633,35.900001525878906,58403
2026-08-31 10:45:00-04:00,35.94499969482422,35.98500061035156,35.86000061035156,35.86000061035156,95332
2026-08-31 10:46:00-04:00,35.80500030517578,35.959800720214844,35.80500030517578,35.94499969482422,74132
2026-08-31 10:47:00-04:00,35.875,35.880001068115234,35.800899505615234,35.80500030517578,75903
2026-08-31 10:48:00-04:00,35.83000183105469,35.88999938964844,35.790000915527344,35.87990188598633,85964
2026-08-31 10:49:00-04:00,35.8650016784668,35.8650016784668,35.790000915527344,35.81999969482422,44062
2026-08-31 10:50:00-04:00,35.79990005493164,35.900001525878906,35.790000915527344,35.8650016784668,85158
2026-08-31 10:51:00-04:00,35.755001068115234,35.790000915527344,35.75,35.790000915527344,68377
2026-08-31 10:52:00-04:00,35.7401008605957,35.7599983215332,35.70500183105469,35.7599983215332,47357
2026-08-31 10:53:00-04:00,35.724998474121094,35.7599983215332,35.71500015258789,35.75,45767
2026-08-31 10:54:00-04:00,35.73500061035156,35.7400016784668,35.70000076293945,35.72380065917969,52842
2026-08-31 10:55:00-04:00,35.72999954223633,35.76499938964844,35.70000076293945,35.71500015258789,179071
2026-08-31 10:56:00-04:00,35.80500030517578,35.81999969482422,35.7400016784668,35.7400016784668,63631
2026-08-31 10:57:00-04:00,35.79499816894531,35.82500076293945,35.755001068115234,35.80500030517578,47633
2026-08-31 10:58:00-04:00,35.775001525878906,35.810001373291016,35.76499938964844,35.78499984741211,70183
2026-08-31 10:59:00-04:00,35.73500061035156,35.775001525878906,35.709999084472656,35.775001525878906,55441
2026-08-31 11:00:00-04:00,35.78499984741211,35.81999969482422,35.72999954223633,35.73500061035156,38752
2026-08-31 11:01:00-04:00,35.73500061035156,35.790000915527344,35.720001220703125,35.790000915527344,31992
2026-08-31 11:02:00-04:00,35.625,35.7599983215332,35.619998931884766,35.7400016784668,113440
2026-08-31 11:03:00-04:00,35.654998779296875,35.68000030517578,35.584999084472656,35.628700256347656,175940
2026-08-31 11:04:00-04:00,35.685001373291016,35.70000076293945,35.6510009765625,35.654998779296875,33922
2026-08-31 11:05:00-04:00,35.775001525878906,35.77830123901367,35.685001373291016,35.685001373291016,59732
2026-08-31 11:06:00-04:00,35.88999938964844,35.89509963989258,35.76499938964844,35.77000045776367,67560
2026-08-31 11:07:00-04:00,35.76499938964844,35.900001525878906,35.750099182128906,35.900001525878906,78262
2026-08-31 11:08:00-04:00,35.83000183105469,35.869998931884766,35.71009826660156,35.76499938964844,69576
2026-08-31 11:09:00-04:00,35.779998779296875,35.84989929199219,35.775001525878906,35.83000183105469,37705
2026-08-31 11:10:00-04:00,35.79999923706055,35.849998474121094,35.77000045776367,35.77000045776367,98178
2026-08-31 11:11:00-04:00,35.80500030517578,35.81999969482422,35.775001525878906,35.79999923706055,25009
2026-08-31 11:12:00-04:00,35.80500030517578,35.82500076293945,35.790000915527344,35.80500030517578,27643
2026-08-31 11:13:00-04:00,35.79010009765625,35.82899856567383,35.775001525878906,35.810001373291016,31754
2026-08-31 11:14:00-04:00,35.76499938964844,35.79499816894531,35.7599983215332,35.790000915527344,27709
2026-08-31 11:15:00-04:00,35.814998626708984,35.814998626708984,35.755001068115234,35.7599983215332,34513
2026-08-31 11:16:00-04:00,35.802398681640625,35.83000183105469,35.79499816894531,35.810001373291016,16990
2026-08-31 11:17:00-04:00,35.779998779296875,35.82500076293945,35.755001068115234,35.790000915527344,62752
2026-08-31 11:18:00-04:00,35.70000076293945,35.77000045776367,35.689998626708984,35.77000045776367,80241
2026-08-31 11:19:00-04:00,35.775001525878906,35.775001525878906,35.70000076293945,35.709999084472656,29998
2026-08-31 11:20:00-04:00,35.834999084472656,35.84000015258789,35.75,35.779998779296875,40129
2026-08-31 11:21:00-04:00,35.900001525878906,35.900001525878906,35.83000183105469,35.834999084472656,46860
2026-08-31 11:22:00-04:00,35.8849983215332,35.91999816894531,35.8849983215332,35.89500045776367,56134
2026-08-31 11:23:00-04:00,35.915000915527344,35.959999084472656,35.8849983215332,35.8849983215332,49997
2026-08-31 11:24:00-04:00,35.91999816894531,35.939998626708984,35.904998779296875,35.91999816894531,32732
2026-08-31 11:25:00-04:00,35.92499923706055,35.989898681640625,35.90010070800781,35.93000030517578,82858
2026-08-31 11:26:00-04:00,35.96500015258789,35.974998474121094,35.915000915527344,35.92499923706055,33270
2026-08-31 11:27:00-04:00,36.09479904174805,36.109901428222656,35.970001220703125,35.970001220703125,99585
2026-08-31 11:28:00-04:00,36.125,36.13990020751953,36.060001373291016,36.095001220703125,50292
2026-08-31 11:29:00-04:00,36.06999969482422,36.1599006652832,36.06999969482422,36.12770080566406,68566
2026-08-31 11:30:00-04:00,36.095001220703125,36.105098724365234,36.040000915527344,36.064998626708984,58000
2026-08-31 11:31:00-04:00,36.04999923706055,36.10499954223633,36.004398345947266,36.095001220703125,43840
2026-08-31 11:32:00-04:00,36.07400131225586,36.11000061035156,36.04499816894531,36.04999923706055,32420
2026-08-31 11:33:00-04:00,36.064998626708984,36.11000061035156,36.0635986328125,36.06999969482422,36503
2026-08-31 11:34:00-04:00,36.08000183105469,36.109901428222656,36.05500030517578,36.060001373291016,26784
2026-08-31 11:35:00-04:00,36.13999938964844,36.165000915527344,36.05500030517578,36.07500076293945,50559
2026-08-31 11:36:00-04:00,36.220001220703125,36.22999954223633,36.13999938964844,36.13999938964844,82074
2026-08-31 11:37:00-04:00,36.180198669433594,36.21500015258789,36.09000015258789,36.21500015258789,100775
2026-08-31 11:38:00-04:00,36.15679931640625,36.209999084472656,36.150001525878906,36.185001373291016,33967
2026-08-31 11:39:00-04:00,36.16999816894531,36.18000030517578,36.095001220703125,36.15999984741211,61881
2026-08-31 11:40:00-04:00,36.23500061035156,36.2400016784668,36.18000030517578,36.18000030517578,77250
2026-08-31 11:41:00-04:00,36.23500061035156,36.237701416015625,36.20050048828125,36.23500061035156,45678
2026-08-31 11:42:00-04:00,36.32500076293945,36.34000015258789,36.23870086669922,36.23870086669922,77448
2026-08-31 11:43:00-04:00,36.41999816894531,36.41999816894531,36.31449890136719,36.31449890136719,95805
2026-08-31 11:44:00-04:00,36.52009963989258,36.53499984741211,36.41999816894531,36.43000030517578,175044
2026-08-31 11:45:00-04:00,36.47999954223633,36.54999923706055,36.45000076293945,36.520999908447266,100400
2026-08-31 11:46:00-04:00,36.50239944458008,36.66999816894531,36.47999954223633,36.48249816894531,248539
2026-08-31 11:47:00-04:00,36.48500061035156,36.53889846801758,36.459999084472656,36.501399993896484,135512
2026-08-31 11:48:00-04:00,36.48500061035156,36.505001068115234,36.439998626708984,36.47999954223633,106457
2026-08-31 11:49:00-04:00,36.463401794433594,36.48500061035156,36.42499923706055,36.48500061035156,56653
2026-08-31 11:50:00-04:00,36.494998931884766,36.540000915527344,36.420101165771484,36.46500015258789,119499
2026-08-31 11:51:00-04:00,36.5,36.5,36.45500183105469,36.4900016784668,53102
2026-08-31 11:52:00-04:00,36.439998626708984,36.4900016784668,36.420101165771484,36.48040008544922,58669
2026-08-31 11:53:00-04:00,36.37009811401367,36.45000076293945,36.369998931884766,36.437198638916016,55010
2026-08-31 11:54:00-04:00,36.43000030517578,36.43000030517578,36.30500030517578,36.37009811401367,101307
2026-08-31 11:55:00-04:00,36.400001525878906,36.487701416015625,36.3849983215332,36.439998626708984,76575
2026-08-31 11:56:00-04:00,36.435001373291016,36.45000076293945,36.400001525878906,36.40999984741211,50972
2026-08-31 11:57:00-04:00,36.43000030517578,36.44499969482422,36.390098571777344,36.435001373291016,38922
2026-08-31 11:58:00-04:00,36.45989990234375,36.46989822387695,36.435001373291016,36.435001373291016,50995
2026-08-31 11:59:00-04:00,36.375,36.46500015258789,36.3650016784668,36.45500183105469,60485
2026-08-31 12:00:00-04:00,36.28499984741211,36.380001068115234,36.279998779296875,36.380001068115234,78528
2026-08-31 12:01:00-04:00,36.27000045776367,36.28990173339844,36.18000030517578,36.28499984741211,69382
2026-08-31 12:02:00-04:00,36.25699996948242,36.320098876953125,36.25,36.279998779296875,63074
2026-08-31 12:03:00-04:00,36.125,36.25,36.1150016784668,36.249900817871094,104111
2026-08-31 12:04:00-04:00,36.12990188598633,36.15999984741211,36.11000061035156,36.119998931884766,77554
2026-08-31 12:05:00-04:00,36.15999984741211,36.185001373291016,36.130001068115234,36.130001068115234,55815
2026-08-31 12:06:00-04:00,36.119998931884766,36.165000915527344,36.099998474121094,36.154998779296875,56562
2026-08-31 12:07:00-04:00,36.119998931884766,36.15620040893555,36.119998931884766,36.125,29192
2026-08-31 12:08:00-04:00,36.03499984741211,36.125,36.029998779296875,36.125,54457
2026-08-31 12:09:00-04:00,36.03499984741211,36.059898376464844,36.02000045776367,36.03499984741211,37939
2026-08-31 12:10:00-04:00,36.10499954223633,36.11000061035156,36.025001525878906,36.03499984741211,83687
2026-08-31 12:11:00-04:00,36.095001220703125,36.119998931884766,36.07500076293945,36.100101470947266,46107
2026-08-31 12:12:00-04:00,36.12009811401367,36.185001373291016,36.080101013183594,36.099998474121094,54197
2026-08-31 12:13:00-04:00,36.08000183105469,36.11029815673828,36.08000183105469,36.11029815673828,18491
2026-08-31 12:14:00-04:00,36.130001068115234,36.13999938964844,36.07500076293945,36.07500076293945,46922
2026-08-31 12:15:00-04:00,36.10499954223633,36.150001525878906,36.10499954223633,36.1349983215332,48287
2026-08-31 12:16:00-04:00,36.099998474121094,36.119998931884766,36.09000015258789,36.109798431396484,26123
2026-08-31 12:17:00-04:00,36.1150016784668,36.13999938964844,36.09000015258789,36.09989929199219,29009
2026-08-31 12:18:00-04:00,36.15999984741211,36.16999816894531,36.1150016784668,36.119998931884766,47100
2026-08-31 12:19:00-04:00,36.15129852294922,36.17499923706055,36.13999938964844,36.16999816894531,36924
2026-08-31 12:20:00-04:00,36.125,36.16999816894531,36.11000061035156,36.154998779296875,43646
2026-08-31 12:21:00-04:00,36.165000915527344,36.16999816894531,36.084999084472656,36.1150016784668,39578
2026-08-31 12:22:00-04:00,36.17499923706055,36.20000076293945,36.1349983215332,36.16999816894531,39620
2026-08-31 12:23:00-04:00,36.150001525878906,36.17499923706055,36.144100189208984,36.17499923706055,25884
2026-08-31 12:24:00-04:00,36.150001525878906,36.18000030517578,36.125,36.14500045776367,60673
2026-08-31 12:25:00-04:00,36.20500183105469,36.21620178222656,36.15999984741211,36.15999984741211,27358
2026-08-31 12:26:00-04:00,36.224998474121094,36.229698181152344,36.165000915527344,36.20500183105469,46203
2026-08-31 12:27:00-04:00,36.244998931884766,36.27000045776367,36.22999954223633,36.22999954223633,39423
2026-08-31 12:28:00-04:00,36.28499984741211,36.29999923706055,36.2400016784668,36.24800109863281,44258
2026-08-31 12:29:00-04:00,36.380001068115234,36.380001068115234,36.28010177612305,36.290000915527344,92124
2026-08-31 12:30:00-04:00,36.46500015258789,36.510501861572266,36.380001068115234,36.380001068115234,107782
2026-08-31 12:31:00-04:00,36.44499969482422,36.5099983215332,36.44499969482422,36.46500015258789,125817
2026-08-31 12:32:00-04:00,36.459999084472656,36.494998931884766,36.41999816894531,36.45000076293945,97165
2026-08-31 12:33:00-04:00,36.40480041503906,36.45500183105469,36.3849983215332,36.45000076293945,57791
2026-08-31 12:34:00-04:00,36.40010070800781,36.439998626708984,36.400001525878906,36.404998779296875,34364
2026-08-31 12:35:00-04:00,36.57500076293945,36.58000183105469,36.404998779296875,36.404998779296875,99368
2026-08-31 12:36:00-04:00,36.59749984741211,36.64500045776367,36.58000183105469,36.58000183105469,83951
2026-08-31 12:37:00-04:00,36.500099182128906,36.599998474121094,36.5,36.599998474121094,71185
2026-08-31 12:38:00-04:00,36.564998626708984,36.56629943847656,36.47999954223633,36.505001068115234,57726
2026-08-31 12:39:00-04:00,36.470001220703125,36.584999084472656,36.46500015258789,36.560001373291016,62706
2026-08-31 12:40:00-04:00,36.525001525878906,36.529998779296875,36.474998474121094,36.47999954223633,36066
2026-08-31 12:41:00-04:00,36.61000061035156,36.619998931884766,36.54499816894531,36.54499816894531,60928
2026-08-31 12:42:00-04:00,36.6786003112793,36.689998626708984,36.61000061035156,36.619998931884766,97322
2026-08-31 12:43:00-04:00,36.738399505615234,36.755001068115234,36.660301208496094,36.68000030517578,149540
2026-08-31 12:44:00-04:00,36.720001220703125,36.786598205566406,36.71500015258789,36.73500061035156,80253
2026-08-31 12:45:00-04:00,36.738399505615234,36.7599983215332,36.70000076293945,36.71500015258789,74038
2026-08-31 12:46:00-04:00,36.69499969482422,36.75,36.670101165771484,36.736000061035156,74211
2026-08-31 12:47:00-04:00,36.70130157470703,36.779998779296875,36.689998626708984,36.689998626708984,71152
2026-08-31 12:48:00-04:00,36.72800064086914,36.72800064086914,36.63999938964844,36.70970153808594,79021
2026-08-31 12:49:00-04:00,36.654998779296875,36.744998931884766,36.65250015258789,36.72880172729492,61933
2026-08-31 12:50:00-04:00,36.56999969482422,36.68000030517578,36.56999969482422,36.654998779296875,67255
2026-08-31 12:51:00-04:00,36.54999923706055,36.60049819946289,36.529998779296875,36.58000183105469,53788
2026-08-31 12:52:00-04:00,36.56999969482422,36.5994987487793,36.540000915527344,36.540000915527344,26053
2026-08-31 12:53:00-04:00,36.625,36.65999984741211,36.58000183105469,36.58000183105469,39637
2026-08-31 12:54:00-04:00,36.61000061035156,36.63420104980469,36.58000183105469,36.623600006103516,34750
2026-08-31 12:55:00-04:00,36.570098876953125,36.62009811401367,36.570098876953125,36.60499954223633,23476
2026-08-31 12:56:00-04:00,36.6150016784668,36.625,36.55500030517578,36.56999969482422,24910
2026-08-31 12:57:00-04:00,36.6349983215332,36.654998779296875,36.584999084472656,36.61589813232422,27135
2026-08-31 12:58:00-04:00,36.54499816894531,36.65999984741211,36.54499816894531,36.64609909057617,55803
2026-08-31 12:59:00-04:00,36.540000915527344,36.58000183105469,36.52000045776367,36.529998779296875,40820
2026-08-31 13:00:00-04:00,36.505001068115234,36.53499984741211,36.5,36.53160095214844,32477
2026-08-31 13:01:00-04:00,36.494998931884766,36.51499938964844,36.44499969482422,36.5,82777
2026-08-31 13:02:00-04:00,36.55500030517578,36.55500030517578,36.470001220703125,36.494998931884766,26010
2026-08-31 13:03:00-04:00,36.50920104980469,36.564998626708984,36.5004997253418,36.54499816894531,66670
2026-08-31 13:04:00-04:00,36.474998474121094,36.5099983215332,36.45500183105469,36.5099983215332,71438
2026-08-31 13:05:00-04:00,36.525001525878906,36.540000915527344,36.47999954223633,36.47999954223633,25033
2026-08-31 13:06:00-04:00,36.55500030517578,36.59000015258789,36.529998779296875,36.529998779296875,29038
2026-08-31 13:07:00-04:00,36.5614013671875,36.619998931884766,36.55379867553711,36.55379867553711,34406
2026-08-31 13:08:00-04:00,36.59000015258789,36.60499954223633,36.54999923706055,36.564998626708984,44365
2026-08-31 13:09:00-04:00,36.650001525878906,36.66999816894531,36.55500030517578,36.599998474121094,72198
2026-08-31 13:10:00-04:00,36.654998779296875,36.67499923706055,36.63999938964844,36.652400970458984,23552
2026-08-31 13:11:00-04:00,36.769901275634766,36.779998779296875,36.65999984741211,36.65999984741211,168682
2026-08-31 13:12:00-04:00,36.7599983215332,36.790000915527344,36.72999954223633,36.76029968261719,95302
2026-08-31 13:13:00-04:00,36.775001525878906,36.790000915527344,36.755001068115234,36.7599983215332,50286
2026-08-31 13:14:00-04:00,36.779998779296875,36.814998626708984,36.760101318359375,36.779998779296875,81315
2026-08-31 13:15:00-04:00,36.80500030517578,36.81999969482422,36.710201263427734,36.775001525878906,65010
2026-08-31 13:16:00-04:00,36.83000183105469,36.83890151977539,36.790000915527344,36.80500030517578,65400
2026-08-31 13:17:00-04:00,36.77000045776367,36.86000061035156,36.764801025390625,36.839900970458984,63303
2026-08-31 13:18:00-04:00,36.77619934082031,36.78990173339844,36.73500061035156,36.769901275634766,54648
2026-08-31 13:19:00-04:00,36.77439880371094,36.805999755859375,36.77000045776367,36.78499984741211,47159
2026-08-31 13:20:00-04:00,36.70500183105469,36.779998779296875,36.68000030517578,36.775001525878906,36692
2026-08-31 13:21:00-04:00,36.709999084472656,36.73500061035156,36.670101165771484,36.67499923706055,34589
2026-08-31 13:22:00-04:00,36.724998474121094,36.75,36.69499969482422,36.720001220703125,39543
2026-08-31 13:23:00-04:00,36.731300354003906,36.77000045776367,36.70280075073242,36.70280075073242,34126
2026-08-31 13:24:00-04:00,36.720001220703125,36.76499938964844,36.70500183105469,36.7400016784668,36366
2026-08-31 13:25:00-04:00,36.657100677490234,36.71500015258789,36.63999938964844,36.71500015258789,42562
2026-08-31 13:26:00-04:00,36.654998779296875,36.665000915527344,36.630001068115234,36.654998779296875,38530
2026-08-31 13:27:00-04:00,36.654998779296875,36.65999984741211,36.641998291015625,36.650001525878906,38850
2026-08-31 13:28:00-04:00,36.68000030517578,36.70500183105469,36.650001525878906,36.650001525878906,44063
2026-08-31 13:29:00-04:00,36.67499923706055,36.689998626708984,36.654998779296875,36.66550064086914,29981
2026-08-31 13:30:00-04:00,36.70500183105469,36.709999084472656,36.625,36.68000030517578,42461
2026-08-31 13:31:00-04:00,36.70500183105469,36.720001220703125,36.690101623535156,36.709999084472656,31073
2026-08-31 13:32:00-04:00,36.654701232910156,36.69499969482422,36.63999938964844,36.690101623535156,30678
2026-08-31 13:33:00-04:00,36.6150016784668,36.65999984741211,36.599998474121094,36.654998779296875,35192
2026-08-31 13:34:00-04:00,36.55500030517578,36.61130142211914,36.529998779296875,36.61130142211914,160504
2026-08-31 13:35:00-04:00,36.37990188598633,36.575199127197266,36.37009811401367,36.560001373291016,139552
2026-08-31 13:36:00-04:00,36.369998931884766,36.40999984741211,36.369998931884766,36.38999938964844,110099
2026-08-31 13:37:00-04:00,36.42610168457031,36.474998474121094,36.33000183105469,36.37049865722656,98794
2026-08-31 13:38:00-04:00,36.44499969482422,36.44499969482422,36.400001525878906,36.42499923706055,38290
2026-08-31 13:39:00-04:00,36.435001373291016,36.459999084472656,36.400001525878906,36.44499969482422,63388
2026-08-31 13:40:00-04:00,36.505001068115234,36.5099983215332,36.43000030517578,36.435001373291016,42711
2026-08-31 13:41:00-04:00,36.48500061035156,36.520999908447266,36.459999084472656,36.505001068115234,60240
2026-08-31 13:42:00-04:00,36.48500061035156,36.5099983215332,36.46500015258789,36.474998474121094,85359
2026-08-31 13:43:00-04:00,36.5,36.5099983215332,36.48139953613281,36.48500061035156,47324
2026-08-31 13:44:00-04:00,36.57500076293945,36.599998474121094,36.4900016784668,36.499298095703125,75756
2026-08-31 13:45:00-04:00,36.584999084472656,36.64500045776367,36.5713996887207,36.58000183105469,98277
2026-08-31 13:46:00-04:00,36.58000183105469,36.599998474121094,36.55500030517578,36.59000015258789,76138
2026-08-31 13:47:00-04:00,36.564998626708984,36.595001220703125,36.560001373291016,36.57279968261719,27991
2026-08-31 13:48:00-04:00,36.564998626708984,36.57500076293945,36.538700103759766,36.56999969482422,38154
2026-08-31 13:49:00-04:00,36.46500015258789,36.56999969482422,36.459999084472656,36.55500030517578,38796
2026-08-31 13:50:00-04:00,36.586299896240234,36.599998474121094,36.45500183105469,36.46989822387695,57103
2026-08-31 13:51:00-04:00,36.61800003051758,36.6599006652832,36.59130096435547,36.59130096435547,46299
2026-08-31 13:52:00-04:00,36.564998626708984,36.636199951171875,36.564998626708984,36.6150016784668,25933
2026-08-31 13:53:00-04:00,36.56999969482422,36.57500076293945,36.54999923706055,36.56999969482422,25484
2026-08-31 13:54:00-04:00,36.62900161743164,36.6349983215332,36.55970001220703,36.56999969482422,25872
2026-08-31 13:55:00-04:00,36.599998474121094,36.650001525878906,36.599998474121094,36.630001068115234,39937
2026-08-31 13:56:00-04:00,36.584999084472656,36.61000061035156,36.564998626708984,36.599998474121094,45495
2026-08-31 13:57:00-04:00,36.529998779296875,36.599998474121094,36.52009963989258,36.59000015258789,60374
2026-08-31 13:58:00-04:00,36.584999084472656,36.61000061035156,36.53499984741211,36.53499984741211,44374
2026-08-31 13:59:00-04:00,36.6150016784668,36.6349983215332,36.57500076293945,36.584999084472656,24831
2026-08-31 14:00:00-04:00,36.635101318359375,36.63999938964844,36.61000061035156,36.61970138549805,45363
2026-08-31 14:01:00-04:00,36.64500045776367,36.654998779296875,36.619998931884766,36.6349983215332,52302
2026-08-31 14:02:00-04:00,36.6349983215332,36.64619827270508,36.619998931884766,36.63999938964844,35511
2026-08-31 14:03:00-04:00,36.59000015258789,36.650001525878906,36.58000183105469,36.63999938964844,51564
2026-08-31 14:04:00-04:00,36.564998626708984,36.6150016784668,36.54999923706055,36.58000183105469,40269
2026-08-31 14:05:00-04:00,36.584999084472656,36.584999084472656,36.529998779296875,36.564998626708984,24409
2026-08-31 14:06:00-04:00,36.625,36.63999938964844,36.56999969482422,36.56999969482422,36122
2026-08-31 14:07:00-04:00,36.689998626708984,36.689998626708984,36.619998931884766,36.619998931884766,79705
2026-08-31 14:08:00-04:00,36.61000061035156,36.685001373291016,36.56999969482422,36.685001373291016,60939
2026-08-31 14:09:00-04:00,36.599998474121094,36.6150016784668,36.58000183105469,36.609901428222656,18867
2026-08-31 14:10:00-04:00,36.619998931884766,36.619998931884766,36.58000183105469,36.61320114135742,32635
2026-08-31 14:11:00-04:00,36.630001068115234,36.64500045776367,36.61000061035156,36.630001068115234,42050
2026-08-31 14:12:00-04:00,36.619998931884766,36.63990020751953,36.58000183105469,36.630001068115234,87429
2026-08-31 14:13:00-04:00,36.68000030517578,36.70000076293945,36.625,36.630001068115234,40522
2026-08-31 14:14:00-04:00,36.61940002441406,36.66999816894531,36.61000061035156,36.66999816894531,42210
2026-08-31 14:15:00-04:00,36.685001373291016,36.69499969482422,36.619998931884766,36.619998931884766,35957
2026-08-31 14:16:00-04:00,36.68000030517578,36.68000030517578,36.63999938964844,36.68000030517578,21495
2026-08-31 14:17:00-04:00,36.66999816894531,36.689701080322266,36.654998779296875,36.67499923706055,28556
2026-08-31 14:18:00-04:00,36.71500015258789,36.720001220703125,36.66999816894531,36.68000030517578,30616
2026-08-31 14:19:00-04:00,36.685001373291016,36.698001861572266,36.68000030517578,36.69499969482422,28738
2026-08-31 14:20:00-04:00,36.665000915527344,36.685001373291016,36.64500045776367,36.685001373291016,25631
2026-08-31 14:21:00-04:00,36.65999984741211,36.689998626708984,36.65010070800781,36.66999816894531,33127
2026-08-31 14:22:00-04:00,36.650001525878906,36.69499969482422,36.63999938964844,36.650001525878906,44378
2026-08-31 14:23:00-04:00,36.685001373291016,36.689998626708984,36.65999984741211,36.65999984741211,24809
2026-08-31 14:24:00-04:00,36.584999084472656,36.685001373291016,36.58000183105469,36.685001373291016,93068
2026-08-31 14:25:00-04:00,36.55500030517578,36.595001220703125,36.550201416015625,36.59000015258789,53459
2026-08-31 14:26:00-04:00,36.57500076293945,36.584999084472656,36.55500030517578,36.55500030517578,23398
2026-08-31 14:27:00-04:00,36.6349983215332,36.63999938964844,36.57120132446289,36.57500076293945,23465
2026-08-31 14:28:00-04:00,36.6150016784668,36.635101318359375,36.61000061035156,36.635101318359375,29880
2026-08-31 14:29:00-04:00,36.59000015258789,36.61000061035156,36.57500076293945,36.61000061035156,24631
2026-08-31 14:30:00-04:00,36.59560012817383,36.625,36.58000183105469,36.58000183105469,36963
2026-08-31 14:31:00-04:00,36.614898681640625,36.619998931884766,36.599998474121094,36.599998474121094,20325
2026-08-31 14:32:00-04:00,36.61980056762695,36.619998931884766,36.584999084472656,36.6150016784668,31536
2026-08-31 14:33:00-04:00,36.570098876953125,36.6150016784668,36.56999969482422,36.6150016784668,39830
2026-08-31 14:34:00-04:00,36.560001373291016,36.57500076293945,36.54999923706055,36.57500076293945,24339
2026-08-31 14:35:00-04:00,36.56010055541992,36.57500076293945,36.53010177612305,36.557701110839844,49548
2026-08-31 14:36:00-04:00,36.59000015258789,36.59000015258789,36.54999923706055,36.56990051269531,32339
2026-08-31 14:37:00-04:00,36.595001220703125,36.630001068115234,36.56999969482422,36.59000015258789,37548
2026-08-31 14:38:00-04:00,36.54050064086914,36.599998474121094,36.54050064086914,36.595001220703125,38407
2026-08-31 14:39:00-04:00,36.58000183105469,36.61000061035156,36.54999923706055,36.550498962402344,28569
2026-08-31 14:40:00-04:00,36.584999084472656,36.584999084472656,36.529998779296875,36.564998626708984,53912
2026-08-31 14:41:00-04:00,36.595001220703125,36.61989974975586,36.58000183105469,36.59000015258789,46052
2026-08-31 14:42:00-04:00,36.61000061035156,36.61000061035156,36.56999969482422,36.59000015258789,18970
2026-08-31 14:43:00-04:00,36.58000183105469,36.60499954223633,36.56999969482422,36.60499954223633,18803
2026-08-31 14:44:00-04:00,36.5984001159668,36.599998474121094,36.564998626708984,36.57500076293945,23644
2026-08-31 14:45:00-04:00,36.540000915527344,36.59000015258789,36.53499984741211,36.580101013183594,67934
2026-08-31 14:46:00-04:00,36.58000183105469,36.590999603271484,36.54999923706055,36.54999923706055,40178
2026-08-31 14:47:00-04:00,36.584999084472656,36.63330078125,36.58000183105469,36.599998474121094,23256
2026-08-31 14:48:00-04:00,36.56919860839844,36.59000015258789,36.525001525878906,36.584999084472656,69782
2026-08-31 14:49:00-04:00,36.54499816894531,36.56999969482422,36.540000915527344,36.56370162963867,51893
2026-08-31 14:50:00-04:00,36.529998779296875,36.54999923706055,36.46500015258789,36.54999923706055,118147
2026-08-31 14:51:00-04:00,36.53260040283203,36.630001068115234,36.494998931884766,36.53499984741211,154468
2026-08-31 14:52:00-04:00,36.5,36.5359992980957,36.439998626708984,36.53499984741211,71423
2026-08-31 14:53:00-04:00,36.57500076293945,36.57500076293945,36.5,36.5,47718
2026-08-31 14:54:00-04:00,36.58000183105469,36.595001220703125,36.540000915527344,36.57500076293945,38586
2026-08-31 14:55:00-04:00,36.60689926147461,36.60689926147461,36.560001373291016,36.58000183105469,24382
2026-08-31 14:56:00-04:00,36.625,36.650001525878906,36.61000061035156,36.61000061035156,52934
2026-08-31 14:57:00-04:00,36.6150016784668,36.62990188598633,36.584999084472656,36.62009811401367,30874
2026-08-31 14:58:00-04:00,36.619998931884766,36.62269973754883,36.54010009765625,36.60499954223633,42380
2026-08-31 14:59:00-04:00,36.54999923706055,36.630001068115234,36.54999923706055,36.625,30027
2026-08-31 15:00:00-04:00,36.60499954223633,36.630001068115234,36.54999923706055,36.54999923706055,27392
2026-08-31 15:01:00-04:00,36.564998626708984,36.605899810791016,36.564998626708984,36.599998474121094,37276
2026-08-31 15:02:00-04:00,36.595001220703125,36.60499954223633,36.564998626708984,36.56999969482422,47498
2026-08-31 15:03:00-04:00,36.59000015258789,36.6349983215332,36.564998626708984,36.59000015258789,27326
2026-08-31 15:04:00-04:00,36.59000015258789,36.61000061035156,36.564998626708984,36.59000015258789,24029
2026-08-31 15:05:00-04:00,36.630001068115234,36.649898529052734,36.599998474121094,36.599998474121094,37355
2026-08-31 15:06:00-04:00,36.685001373291016,36.689998626708984,36.61000061035156,36.6349983215332,54235
2026-08-31 15:07:00-04:00,36.685001373291016,36.72999954223633,36.68000030517578,36.68000030517578,32885
2026-08-31 15:08:00-04:00,36.630001068115234,36.71500015258789,36.6245002746582,36.685001373291016,44083
2026-08-31 15:09:00-04:00,36.625,36.64500045776367,36.62009811401367,36.6349983215332,36035
2026-08-31 15:10:00-04:00,36.62009811401367,36.654998779296875,36.619998931884766,36.630001068115234,29627
2026-08-31 15:11:00-04:00,36.56420135498047,36.6349983215332,36.560298919677734,36.630001068115234,29409
2026-08-31 15:12:00-04:00,36.494998931884766,36.61000061035156,36.47999954223633,36.56999969482422,93188
2026-08-31 15:13:00-04:00,36.51499938964844,36.5177001953125,36.459999084472656,36.48979949951172,40855
2026-08-31 15:14:00-04:00,36.529998779296875,36.57500076293945,36.52000045776367,36.52000045776367,24480
2026-08-31 15:15:00-04:00,36.54499816894531,36.56869888305664,36.51499938964844,36.525001525878906,36377
2026-08-31 15:16:00-04:00,36.560001373291016,36.56999969482422,36.52000045776367,36.540000915527344,74423
2026-08-31 15:17:00-04:00,36.560001373291016,36.61000061035156,36.54999923706055,36.56230163574219,46129
2026-08-31 15:18:00-04:00,36.52000045776367,36.565101623535156,36.4901008605957,36.55009841918945,97952
2026-08-31 15:19:00-04:00,36.51499938964844,36.54999923706055,36.5099983215332,36.5099983215332,76463
2026-08-31 15:20:00-04:00,36.540000915527344,36.540000915527344,36.5,36.5099983215332,63412
2026-08-31 15:21:00-04:00,36.534400939941406,36.560001373291016,36.525001525878906,36.529998779296875,35128
2026-08-31 15:22:00-04:00,36.54499816894531,36.54990005493164,36.52000045776367,36.525001525878906,22846
2026-08-31 15:23:00-04:00,36.55500030517578,36.58000183105469,36.540000915527344,36.54499816894531,48113
2026-08-31 15:24:00-04:00,36.58000183105469,36.59980010986328,36.55500030517578,36.55500030517578,44890
2026-08-31 15:25:00-04:00,36.58000183105469,36.584999084472656,36.55009841918945,36.560001373291016,15284
2026-08-31 15:26:00-04:00,36.540000915527344,36.584999084472656,36.510101318359375,36.584999084472656,38019
2026-08-31 15:27:00-04:00,36.534400939941406,36.54999923706055,36.474998474121094,36.53499984741211,41146
2026-08-31 15:28:00-04:00,36.505001068115234,36.58000183105469,36.505001068115234,36.535099029541016,31180
2026-08-31 15:29:00-04:00,36.54999923706055,36.57500076293945,36.5099983215332,36.5099983215332,41975
2026-08-31 15:30:00-04:00,36.474998474121094,36.583499908447266,36.474998474121094,36.54999923706055,66342
2026-08-31 15:31:00-04:00,36.415000915527344,36.48500061035156,36.40010070800781,36.474998474121094,67507
2026-08-31 15:32:00-04:00,36.46500015258789,36.529998779296875,36.415000915527344,36.415000915527344,67747
2026-08-31 15:33:00-04:00,36.45500183105469,36.474998474121094,36.43000030517578,36.46500015258789,58270
2026-08-31 15:34:00-04:00,36.60499954223633,36.61000061035156,36.459999084472656,36.459999084472656,93348
2026-08-31 15:35:00-04:00,36.5099983215332,36.61000061035156,36.5,36.61000061035156,80225
2026-08-31 15:36:00-04:00,36.474998474121094,36.53499984741211,36.46500015258789,36.505001068115234,90704
2026-08-31 15:37:00-04:00,36.48500061035156,36.505001068115234,36.464500427246094,36.474998474121094,52256
2026-08-31 15:38:00-04:00,36.474998474121094,36.499698638916016,36.46500015258789,36.48500061035156,29790
2026-08-31 15:39:00-04:00,36.48500061035156,36.505001068115234,36.46500015258789,36.47999954223633,46737
2026-08-31 15:40:00-04:00,36.459999084472656,36.489898681640625,36.45500183105469,36.48500061035156,55795
2026-08-31 15:41:00-04:00,36.404998779296875,36.474998474121094,36.400001525878906,36.470001220703125,59809
2026-08-31 15:42:00-04:00,36.595001220703125,36.6150016784668,36.400001525878906,36.404998779296875,139986
2026-08-31 15:43:00-04:00,36.51850128173828,36.599998474121094,36.51850128173828,36.59000015258789,87850
2026-08-31 15:44:00-04:00,36.505001068115234,36.55849838256836,36.494998931884766,36.51499938964844,59546
2026-08-31 15:45:00-04:00,36.564998626708984,36.584999084472656,36.5,36.505001068115234,69387
2026-08-31 15:46:00-04:00,36.595001220703125,36.595001220703125,36.52000045776367,36.564998626708984,74847
2026-08-31 15:47:00-04:00,36.63010025024414,36.64500045776367,36.56999969482422,36.57500076293945,63720
2026-08-31 15:48:00-04:00,36.685001373291016,36.689998626708984,36.630001068115234,36.6349983215332,56542
2026-08-31 15:49:00-04:00,36.71500015258789,36.779998779296875,36.685001373291016,36.685001373291016,148693
2026-08-31 15:50:00-04:00,36.98500061035156,37.04499816894531,36.720001220703125,36.720001220703125,537040
2026-08-31 15:51:00-04:00,37.01499938964844,37.040000915527344,36.980098724365234,36.9900016784668,171137
2026-08-31 15:52:00-04:00,37.14500045776367,37.16999816894531,37.0099983215332,37.01499938964844,312372
2026-08-31 15:53:00-04:00,37.20000076293945,37.220001220703125,37.13999938964844,37.14500045776367,385284
2026-08-31 15:54:00-04:00,37.22999954223633,37.31549835205078,37.190101623535156,37.19499969482422,380250
2026-08-31 15:55:00-04:00,37.084999084472656,37.2400016784668,37.060001373291016,37.224998474121094,356380
2026-08-31 15:56:00-04:00,36.974998474121094,37.09000015258789,36.970001220703125,37.08000183105469,197767
2026-08-31 15:57:00-04:00,37.084999084472656,37.09000015258789,36.962501525878906,36.974998474121094,360534
2026-08-31 15:58:00-04:00,37.05500030517578,37.130001068115234,37.05229949951172,37.084999084472656,298941
2026-08-31 15:59:00-04:00,37.11579895019531,37.220001220703125,37.032501220703125,37.05500030517578,748655
2026-09-01 09:30:00-04:00,35.84000015258789,36.18000030517578,35.80149841308594,36.07500076293945,2469512
2026-09-01 09:31:00-04:00,36.45000076293945,36.470001220703125,35.86000061035156,35.86000061035156,294452
2026-09-01 09:32:00-04:00,36.45000076293945,36.689998626708984,36.37779998779297,36.45000076293945,289832
2026-09-01 09:33:00-04:00,36.23500061035156,36.569698333740234,36.22999954223633,36.459999084472656,203619
2026-09-01 09:34:00-04:00,35.96310043334961,36.27000045776367,35.94499969482422,36.22999954223633,166704
2026-09-01 09:35:00-04:00,35.83000183105469,35.98500061035156,35.76020050048828,35.959999084472656,290740
2026-09-01 09:36:00-04:00,35.595001220703125,35.849998474121094,35.58000183105469,35.828399658203125,294303
2026-09-01 09:37:00-04:00,35.3849983215332,35.63999938964844,35.33000183105469,35.619998931884766,342547
2026-09-01 09:38:00-04:00,35.31999969482422,35.38180160522461,35.20000076293945,35.38180160522461,350344
2026-09-01 09:39:00-04:00,35.415000915527344,35.4900016784668,35.29999923706055,35.29999923706055,255142
2026-09-01 09:40:00-04:00,35.31999969482422,35.4900016784668,35.30039978027344,35.415000915527344,196145
2026-09-01 09:41:00-04:00,35.17499923706055,35.31999969482422,35.15999984741211,35.29999923706055,162340
2026-09-01 09:42:00-04:00,35.21500015258789,35.239898681640625,35.13999938964844,35.170101165771484,186264
2026-09-01 09:43:00-04:00,35.349998474121094,35.380001068115234,35.15999984741211,35.2234001159668,132817
2026-09-01 09:44:00-04:00,35.220001220703125,35.357200622558594,35.20500183105469,35.349998474121094,165597
2026-09-01 09:45:00-04:00,35.400001525878906,35.45000076293945,35.22999954223633,35.22999954223633,115979
2026-09-01 09:46:00-04:00,35.349998474121094,35.439998626708984,35.33000183105469,35.404998779296875,138732
2026-09-01 09:47:00-04:00,35.38999938964844,35.41999816894531,35.33649826049805,35.3650016784668,104940
2026-09-01 09:48:00-04:00,35.349998474121094,35.43000030517578,35.30500030517578,35.3849983215332,132779
2026-09-01 09:49:00-04:00,35.34000015258789,35.40999984741211,35.31999969482422,35.359901428222656,113046
2026-09-01 09:50:00-04:00,35.45500183105469,35.54999923706055,35.30500030517578,35.345001220703125,131865
2026-09-01 09:51:00-04:00,35.40999984741211,35.47999954223633,35.369998931884766,35.45500183105469,169470
2026-09-01 09:52:00-04:00,35.25,35.42499923706055,35.220001220703125,35.411800384521484,198921
2026-09-01 09:53:00-04:00,35.310001373291016,35.35860061645508,35.22010040283203,35.2400016784668,93979
2026-09-01 09:54:00-04:00,35.36000061035156,35.3849983215332,35.27000045776367,35.31999969482422,89739
2026-09-01 09:55:00-04:00,35.400001525878906,35.40999984741211,35.310001373291016,35.3650016784668,88500
2026-09-01 09:56:00-04:00,35.369998931884766,35.439998626708984,35.36000061035156,35.40999984741211,71840
2026-09-01 09:57:00-04:00,35.380001068115234,35.470001220703125,35.349998474121094,35.3650016784668,81668
2026-09-01 09:58:00-04:00,35.2599983215332,35.380001068115234,35.25,35.380001068115234,85180
2026-09-01 09:59:00-04:00,35.279998779296875,35.29999923706055,35.2400016784668,35.260101318359375,78576
2026-09-01 10:00:00-04:00,35.320098876953125,35.36000061035156,35.25,35.279998779296875,106173
2026-09-01 10:01:00-04:00,35.43000030517578,35.43989944458008,35.31679916381836,35.31999969482422,89435
2026-09-01 10:02:00-04:00,35.31999969482422,35.43000030517578,35.255001068115234,35.40999984741211,78086
2026-09-01 10:03:00-04:00,35.38999938964844,35.400001525878906,35.275001525878906,35.31999969482422,69491
2026-09-01 10:04:00-04:00,35.40999984741211,35.439998626708984,35.33000183105469,35.38990020751953,72054
2026-09-01 10:05:00-04:00,35.459999084472656,35.459999084472656,35.35499954223633,35.400001525878906,62492
2026-09-01 10:06:00-04:00,35.560001373291016,35.58000183105469,35.45280075073242,35.46500015258789,107703
2026-09-01 10:07:00-04:00,35.529998779296875,35.59000015258789,35.5,35.564701080322266,72568
2026-09-01 10:08:00-04:00,35.5099983215332,35.54999923706055,35.459999084472656,35.53499984741211,63304
2026-09-01 10:09:00-04:00,35.54499816894531,35.58000183105469,35.5,35.525001525878906,95915
2026-09-01 10:10:00-04:00,35.65999984741211,35.68000030517578,35.54499816894531,35.54499816894531,104283
2026-09-01 10:11:00-04:00,35.5099983215332,35.65769958496094,35.4900016784668,35.650001525878906,123218
2026-09-01 10:12:00-04:00,35.4900016784668,35.549800872802734,35.459999084472656,35.52000045776367,50047
2026-09-01 10:13:00-04:00,35.505001068115234,35.54999923706055,35.46500015258789,35.47999954223633,57799
2026-09-01 10:14:00-04:00,35.52000045776367,35.560001373291016,35.48500061035156,35.505001068115234,53150
2026-09-01 10:15:00-04:00,35.66999816894531,35.70000076293945,35.50310134887695,35.51499938964844,137726
2026-09-01 10:16:00-04:00,35.57550048828125,35.68000030517578,35.560001373291016,35.66999816894531,60251
2026-09-01 10:17:00-04:00,35.525001525878906,35.59709930419922,35.507598876953125,35.59000015258789,58952
2026-09-01 10:18:00-04:00,35.500099182128906,35.560001373291016,35.474998474121094,35.529998779296875,75981
2026-09-01 10:19:00-04:00,35.56999969482422,35.595001220703125,35.5,35.505001068115234,56496
2026-09-01 10:20:00-04:00,35.584999084472656,35.619998931884766,35.54999923706055,35.584999084472656,53487
2026-09-01 10:21:00-04:00,35.52000045776367,35.61669921875,35.51499938964844,35.599998474121094,47170
2026-09-01 10:22:00-04:00,35.57500076293945,35.625,35.5099983215332,35.5099983215332,68212
2026-09-01 10:23:00-04:00,35.560001373291016,35.56999969482422,35.5099983215332,35.56800079345703,194149
2026-09-01 10:24:00-04:00,35.595001220703125,35.599998474121094,35.54999923706055,35.564998626708984,60636
2026-09-01 10:25:00-04:00,35.665000915527344,35.689998626708984,35.58000183105469,35.595001220703125,76549
2026-09-01 10:26:00-04:00,35.6349983215332,35.65019989013672,35.560001373291016,35.65010070800781,49379
2026-09-01 10:27:00-04:00,35.60499954223633,35.630001068115234,35.580101013183594,35.630001068115234,41082
2026-09-01 10:28:00-04:00,35.625,35.625,35.525299072265625,35.58000183105469,78859
2026-09-01 10:29:00-04:00,35.57500076293945,35.625,35.54499816894531,35.625,47611
2026-09-01 10:30:00-04:00,35.5,35.58000183105469,35.4900016784668,35.56999969482422,77085
2026-09-01 10:31:00-04:00,35.52000045776367,35.564998626708984,35.4900016784668,35.51499938964844,54371
2026-09-01 10:32:00-04:00,35.65999984741211,35.660099029541016,35.505001068115234,35.525001525878906,121741
2026-09-01 10:33:00-04:00,35.8849983215332,35.88999938964844,35.625,35.650001525878906,162364
2026-09-01 10:34:00-04:00,35.939998626708984,35.98500061035156,35.88130187988281,35.88399887084961,198934
2026-09-01 10:35:00-04:00,35.904998779296875,36.0,35.890499114990234,35.9370002746582,196424
2026-09-01 10:36:00-04:00,35.89500045776367,35.95500183105469,35.845001220703125,35.904998779296875,192542
2026-09-01 10:37:00-04:00,36.015499114990234,36.04499816894531,35.8650016784668,35.8849983215332,90465
2026-09-01 10:38:00-04:00,35.9900016784668,36.07500076293945,35.96500015258789,36.0077018737793,118479
2026-09-01 10:39:00-04:00,35.974998474121094,36.0,35.90999984741211,35.98500061035156,87184
2026-09-01 10:40:00-04:00,36.08509826660156,36.099998474121094,35.94499969482422,35.970001220703125,81154
2026-09-01 10:41:00-04:00,36.09000015258789,36.11000061035156,36.02000045776367,36.080101013183594,69476
2026-09-01 10:42:00-04:00,36.13209915161133,36.18000030517578,36.099998474121094,36.099998474121094,66314
2026-09-01 10:43:00-04:00,36.20709991455078,36.22999954223633,36.119998931884766,36.133201599121094,54311
2026-09-01 10:44:00-04:00,36.22999954223633,36.22999954223633,36.15950012207031,36.220001220703125,51309
2026-09-01 10:45:00-04:00,36.220001220703125,36.2599983215332,36.189998626708984,36.220001220703125,109472
2026-09-01 10:46:00-04:00,36.33000183105469,36.34000015258789,36.209999084472656,36.22999954223633,57369
2026-09-01 10:47:00-04:00,36.320098876953125,36.369998931884766,36.310001373291016,36.334999084472656,130253
2026-09-01 10:48:00-04:00,36.37009811401367,36.399898529052734,36.32500076293945,36.32500076293945,92387
2026-09-01 10:49:00-04:00,36.27370071411133,36.380001068115234,36.27000045776367,36.380001068115234,65098
2026-09-01 10:50:00-04:00,36.249900817871094,36.290000915527344,36.209999084472656,36.27050018310547,56438
2026-09-01 10:51:00-04:00,36.29499816894531,36.33000183105469,36.2400016784668,36.2400016784668,65832
2026-09-01 10:52:00-04:00,36.34989929199219,36.349998474121094,36.290000915527344,36.290000915527344,48223
2026-09-01 10:53:00-04:00,36.439998626708984,36.4900016784668,36.349998474121094,36.349998474121094,177422
2026-09-01 10:54:00-04:00,36.400001525878906,36.45500183105469,36.349998474121094,36.43000030517578,63279
2026-09-01 10:55:00-04:00,36.44499969482422,36.459999084472656,36.380001068115234,36.400001525878906,39377
2026-09-01 10:56:00-04:00,36.470001220703125,36.470001220703125,36.41999816894531,36.44770050048828,51841
2026-09-01 10:57:00-04:00,36.41999816894531,36.5098991394043,36.37009811401367,36.47999954223633,61516
2026-09-01 10:58:00-04:00,36.435001373291016,36.47990036010742,36.360198974609375,36.40999984741211,46480
2026-09-01 10:59:00-04:00,36.52000045776367,36.560001373291016,36.43000030517578,36.439998626708984,116700
2026-09-01 11:00:00-04:00,36.5099983215332,36.64149856567383,36.47999954223633,36.535499572753906,98655
2026-09-01 11:01:00-04:00,36.470001220703125,36.52000045776367,36.400001525878906,36.52000045776367,78156
2026-09-01 11:02:00-04:00,36.5,36.56999969482422,36.474998474121094,36.47999954223633,50463
2026-09-01 11:03:00-04:00,36.54999923706055,36.560001373291016,36.45000076293945,36.5,49601
2026-09-01 11:04:00-04:00,36.66579818725586,36.66999816894531,36.53499984741211,36.54010009765625,95943
2026-09-01 11:05:00-04:00,36.753299713134766,36.79990005493164,36.63010025024414,36.66999816894531,107126
2026-09-01 11:06:00-04:00,36.81990051269531,36.83000183105469,36.70000076293945,36.75,87576
2026-09-01 11:07:00-04:00,36.8650016784668,36.91999816894531,36.810001373291016,36.81999969482422,97273
2026-09-01 11:08:00-04:00,36.90999984741211,36.91999816894531,36.83000183105469,36.8650016784668,88211
2026-09-01 11:09:00-04:00,36.91999816894531,36.9900016784668,36.88999938964844,36.90999984741211,91784
2026-09-01 11:10:00-04:00,36.84000015258789,36.95000076293945,36.830101013183594,36.91999816894531,77749
2026-09-01 11:11:00-04:00,36.79999923706055,36.88999938964844,36.77000045776367,36.834999084472656,113521
2026-09-01 11:12:00-04:00,36.869998931884766,36.869998931884766,36.750099182128906,36.790000915527344,133742
2026-09-01 11:13:00-04:00,36.834999084472656,36.90999984741211,36.834999084472656,36.87110137939453,56017
2026-09-01 11:14:00-04:00,36.81999969482422,36.91999816894531,36.81999969482422,36.849998474121094,76182
2026-09-01 11:15:00-04:00,36.779998779296875,36.849998474121094,36.77000045776367,36.81999969482422,64518
2026-09-01 11:16:00-04:00,36.75,36.79499816894531,36.75,36.77000045776367,72512
2026-09-01 11:17:00-04:00,36.83000183105469,36.85499954223633,36.755001068115234,36.7599983215332,52975
2026-09-01 11:18:00-04:00,36.814998626708984,36.849998474121094,36.810001373291016,36.83000183105469,49714
2026-09-01 11:19:00-04:00,36.7599983215332,36.86000061035156,36.709999084472656,36.814998626708984,67552
2026-09-01 11:20:00-04:00,36.7400016784668,36.790000915527344,36.72999954223633,36.7599983215332,27313
2026-09-01 11:21:00-04:00,36.759498596191406,36.779998779296875,36.71480178833008,36.7400016784668,45243
2026-09-01 11:22:00-04:00,36.775001525878906,36.79999923706055,36.71500015258789,36.75,63344
2026-09-01 11:23:00-04:00,36.81999969482422,36.81999969482422,36.7599983215332,36.769500732421875,49626
2026-09-01 11:24:00-04:00,36.82500076293945,36.880001068115234,36.80009841918945,36.834999084472656,60235
2026-09-01 11:25:00-04:00,36.900001525878906,36.970001220703125,36.82749938964844,36.82749938964844,93594
2026-09-01 11:26:00-04:00,36.859500885009766,36.904998779296875,36.84000015258789,36.89830017089844,130035
2026-09-01 11:27:00-04:00,36.869998931884766,36.915000915527344,36.82500076293945,36.849998474121094,42682
2026-09-01 11:28:00-04:00,36.920501708984375,36.93000030517578,36.87009811401367,36.87009811401367,38382
2026-09-01 11:29:00-04:00,37.02000045776367,37.03499984741211,36.86000061035156,36.93000030517578,108096
2026-09-01 11:30:00-04:00,36.959999084472656,37.03499984741211,36.959999084472656,37.02000045776367,56532
2026-09-01 11:31:00-04:00,36.900001525878906,36.970001220703125,36.88999938964844,36.95000076293945,42843
2026-09-01 11:32:00-04:00,36.94990158081055,36.95500183105469,36.880001068115234,36.91999816894531,47191
2026-09-01 11:33:00-04:00,36.9900016784668,37.00640106201172,36.939998626708984,36.959999084472656,48042
2026-09-01 11:34:00-04:00,36.93000030517578,37.02000045776367,36.91999816894531,37.02000045776367,38986
2026-09-01 11:35:00-04:00,36.97999954223633,36.9900016784668,36.880001068115234,36.90999984741211,60697
2026-09-01 11:36:00-04:00,37.01499938964844,37.02000045776367,36.95000076293945,36.98400115966797,42273
2026-09-01 11:37:00-04:00,36.97999954223633,37.079898834228516,36.91999816894531,37.02000045776367,70256
2026-09-01 11:38:00-04:00,37.029998779296875,37.06999969482422,36.9900016784668,36.9900016784668,54116
2026-09-01 11:39:00-04:00,37.01499938964844,37.039100646972656,36.970001220703125,37.029998779296875,33493
2026-09-01 11:40:00-04:00,37.06010055541992,37.06639862060547,37.0099983215332,37.02000045776367,46626
2026-09-01 11:41:00-04:00,37.06999969482422,37.084999084472656,37.029998779296875,37.06010055541992,74083
2026-09-01 11:42:00-04:00,36.97999954223633,37.099998474121094,36.95009994506836,37.08000183105469,71838
2026-09-01 11:43:00-04:00,36.989898681640625,37.040000915527344,36.974998474121094,36.98500061035156,41704
2026-09-01 11:44:00-04:00,37.029998779296875,37.040000915527344,36.970001220703125,36.97999954223633,43888
2026-09-01 11:45:00-04:00,37.0099983215332,37.04999923706055,36.970001220703125,37.02000045776367,79429
2026-09-01 11:46:00-04:00,37.03499984741211,37.060001373291016,37.0099983215332,37.0099983215332,30220
2026-09-01 11:47:00-04:00,37.0099983215332,37.04499816894531,36.959999084472656,37.040000915527344,46299
2026-09-01 11:48:00-04:00,36.97999954223633,37.040000915527344,36.97999954223633,37.0099983215332,29347
2026-09-01 11:49:00-04:00,36.97999954223633,37.029998779296875,36.939998626708984,36.97999954223633,65098
2026-09-01 11:50:00-04:00,37.0,37.01499938964844,36.97999954223633,37.0099983215332,19651
2026-09-01 11:51:00-04:00,36.97999954223633,37.0,36.96500015258789,37.0,38303
2026-09-01 11:52:00-04:00,36.983001708984375,36.9900016784668,36.939998626708984,36.97999954223633,48688
2026-09-01 11:53:00-04:00,37.00040054321289,37.02000045776367,36.97999954223633,36.994998931884766,41377
2026-09-01 11:54:00-04:00,36.999698638916016,37.02000045776367,36.96500015258789,37.0,154506
2026-09-01 11:55:00-04:00,37.040000915527344,37.04999923706055,36.970001220703125,36.9901008605957,64128
2026-09-01 11:56:00-04:00,36.980098724365234,37.06999969482422,36.980098724365234,37.040000915527344,74019
2026-09-01 11:57:00-04:00,36.974998474121094,37.019901275634766,36.96500015258789,36.97999954223633,32163
2026-09-01 11:58:00-04:00,36.99679946899414,37.005001068115234,36.95000076293945,36.97999954223633,51282
2026-09-01 11:59:00-04:00,37.06999969482422,37.084999084472656,37.000701904296875,37.0099983215332,59691
2026-09-01 12:00:00-04:00,37.040000915527344,37.08000183105469,37.02009963989258,37.08000183105469,51803
2026-09-01 12:01:00-04:00,37.02000045776367,37.029998779296875,36.97999954223633,37.029998779296875,61979
2026-09-01 12:02:00-04:00,36.94499969482422,37.02000045776367,36.93009948730469,37.02000045776367,118701
2026-09-01 12:03:00-04:00,36.915000915527344,36.959999084472656,36.915000915527344,36.9375,91935
2026-09-01 12:04:00-04:00,37.04999923706055,37.04999923706055,36.900001525878906,36.915000915527344,122067
2026-09-01 12:05:00-04:00,37.060001373291016,37.09000015258789,37.04499816894531,37.04499816894531,60566
2026-09-01 12:06:00-04:00,37.09000015258789,37.099998474121094,37.0099983215332,37.08000183105469,108005
2026-09-01 12:07:00-04:00,37.095001220703125,37.13999938964844,37.060001373291016,37.09000015258789,106869
2026-09-01 12:08:00-04:00,37.14500045776367,37.150001525878906,37.06999969482422,37.095001220703125,49311
2026-09-01 12:09:00-04:00,37.09000015258789,37.16999816894531,37.029998779296875,37.150001525878906,96017
2026-09-01 12:10:00-04:00,37.01499938964844,37.09000015258789,36.97999954223633,37.084999084472656,65246
2026-09-01 12:11:00-04:00,37.02000045776367,37.040000915527344,36.9900016784668,37.02000045776367,43296
2026-09-01 12:12:00-04:00,37.0,37.029998779296875,36.98500061035156,37.0099983215332,42127
2026-09-01 12:13:00-04:00,37.0099983215332,37.029998779296875,36.9900016784668,37.0099983215332,40801
2026-09-01 12:14:00-04:00,36.939998626708984,37.029998779296875,36.91999816894531,37.02000045776367,73929
2026-09-01 12:15:00-04:00,36.93000030517578,36.95000076293945,36.910499572753906,36.9379997253418,51656
2026-09-01 12:16:00-04:00,36.845001220703125,36.94499969482422,36.84000015258789,36.940101623535156,172302
2026-09-01 12:17:00-04:00,36.77000045776367,36.86000061035156,36.7599983215332,36.83000183105469,60071
2026-09-01 12:18:00-04:00,36.810001373291016,36.849998474121094,36.731201171875,36.77000045776367,79710
2026-09-01 12:19:00-04:00,36.782100677490234,36.84000015258789,36.77000045776367,36.810001373291016,48534
2026-09-01 12:20:00-04:00,36.58000183105469,36.79499816894531,36.56999969482422,36.79499816894531,109232
2026-09-01 12:21:00-04:00,36.70000076293945,36.72999954223633,36.59199905395508,36.595001220703125,63933
2026-09-01 12:22:00-04:00,36.685001373291016,36.7400016784668,36.669898986816406,36.691200256347656,37007
2026-09-01 12:23:00-04:00,36.630001068115234,36.685001373291016,36.625,36.665000915527344,55646
2026-09-01 12:24:00-04:00,36.630001068115234,36.650001525878906,36.54010009765625,36.61199951171875,80962
2026-09-01 12:25:00-04:00,36.70000076293945,36.70970153808594,36.6349983215332,36.6349983215332,17915
2026-09-01 12:26:00-04:00,36.72999954223633,36.80500030517578,36.70500183105469,36.70500183105469,112114
2026-09-01 12:27:00-04:00,36.7599983215332,36.78499984741211,36.71500015258789,36.71500015258789,43319
2026-09-01 12:28:00-04:00,36.755001068115234,36.78990173339844,36.73759841918945,36.77000045776367,43153
2026-09-01 12:29:00-04:00,36.7599983215332,36.77000045776367,36.744998931884766,36.75,36932
2026-09-01 12:30:00-04:00,36.62620162963867,36.76499938964844,36.619998931884766,36.74589920043945,38533
2026-09-01 12:31:00-04:00,36.58570098876953,36.63999938964844,36.57500076293945,36.619998931884766,61477
2026-09-01 12:32:00-04:00,36.54999923706055,36.599998474121094,36.5099983215332,36.584999084472656,44308
2026-09-01 12:33:00-04:00,36.601200103759766,36.60879898071289,36.54999923706055,36.54999923706055,70189
2026-09-01 12:34:00-04:00,36.630001068115234,36.650001525878906,36.59000015258789,36.600799560546875,33382
2026-09-01 12:35:00-04:00,36.709999084472656,36.720001220703125,36.6349983215332,36.6349983215332,58887
2026-09-01 12:36:00-04:00,36.73500061035156,36.77000045776367,36.67499923706055,36.720001220703125,52130
2026-09-01 12:37:00-04:00,36.670101165771484,36.755001068115234,36.660099029541016,36.72999954223633,43807
2026-09-01 12:38:00-04:00,36.7755012512207,36.79999923706055,36.66999816894531,36.66999816894531,44403
2026-09-01 12:39:00-04:00,36.83000183105469,36.83399963378906,36.7599983215332,36.779998779296875,113895
2026-09-01 12:40:00-04:00,36.79999923706055,36.84000015258789,36.790000915527344,36.834999084472656,19008
2026-09-01 12:41:00-04:00,36.88710021972656,36.90950012207031,36.810001373291016,36.810001373291016,38036
2026-09-01 12:42:00-04:00,36.77000045776367,36.88999938964844,36.740501403808594,36.8849983215332,28773
2026-09-01 12:43:00-04:00,36.7599983215332,36.790000915527344,36.724998474121094,36.7401008605957,30042
2026-09-01 12:44:00-04:00,36.744998931884766,36.790000915527344,36.72200012207031,36.7599983215332,21651
2026-09-01 12:45:00-04:00,36.7400016784668,36.79899978637695,36.72999954223633,36.75,36314
2026-09-01 12:46:00-04:00,36.70000076293945,36.76499938964844,36.68000030517578,36.73540115356445,27469
2026-09-01 12:47:00-04:00,36.75,36.77000045776367,36.709999084472656,36.709999084472656,24205
2026-09-01 12:48:00-04:00,36.842201232910156,36.86000061035156,36.7400016784668,36.7400016784668,56741
2026-09-01 12:49:00-04:00,36.84000015258789,36.91999816894531,36.80500030517578,36.86000061035156,91830
2026-09-01 12:50:00-04:00,36.84000015258789,36.849998474121094,36.810001373291016,36.84000015258789,26195
2026-09-01 12:51:00-04:00,36.80009841918945,36.849998474121094,36.79999923706055,36.84000015258789,64295
2026-09-01 12:52:00-04:00,36.900001525878906,36.900001525878906,36.810001373291016,36.810001373291016,32129
2026-09-01 12:53:00-04:00,36.790000915527344,36.900001525878906,36.790000915527344,36.89500045776367,24617
2026-09-01 12:54:00-04:00,36.82500076293945,36.83000183105469,36.790000915527344,36.790000915527344,43859
2026-09-01 12:55:00-04:00,36.88999938964844,36.929901123046875,36.82500076293945,36.82500076293945,45785
2026-09-01 12:56:00-04:00,36.86000061035156,36.9099006652832,36.849998474121094,36.900001525878906,29703
2026-09-01 12:57:00-04:00,36.841400146484375,36.869998931884766,36.81999969482422,36.8650016784668,27787
2026-09-01 12:58:00-04:00,36.849998474121094,36.869998931884766,36.82149887084961,36.859901428222656,42679
2026-09-01 12:59:00-04:00,36.91999816894531,36.93000030517578,36.849998474121094,36.86000061035156,37939
2026-09-01 13:00:00-04:00,36.88999938964844,36.93000030517578,36.880001068115234,36.904701232910156,50213
2026-09-01 13:01:00-04:00,36.81330108642578,36.91999816894531,36.81330108642578,36.880001068115234,23312
2026-09-01 13:02:00-04:00,36.779998779296875,36.83000183105469,36.77000045776367,36.814998626708984,49350
2026-09-01 13:03:00-04:00,36.810001373291016,36.81999969482422,36.78379821777344,36.790000915527344,22949
2026-09-01 13:04:00-04:00,36.779998779296875,36.81999969482422,36.77000045776367,36.79999923706055,16026
2026-09-01 13:05:00-04:00,36.84989929199219,36.880001068115234,36.77000045776367,36.77000045776367,52974
2026-09-01 13:06:00-04:00,36.89229965209961,36.900001525878906,36.81010055541992,36.86000061035156,35077
2026-09-01 13:07:00-04:00,36.86000061035156,36.88140106201172,36.849998474121094,36.88140106201172,12232
2026-09-01 13:08:00-04:00,36.849998474121094,36.86000061035156,36.814998626708984,36.86000061035156,38012
2026-09-01 13:09:00-04:00,36.869998931884766,36.900001525878906,36.86000061035156,36.86000061035156,38693
2026-09-01 13:10:00-04:00,36.83000183105469,36.900001525878906,36.820899963378906,36.869998931884766,17467
2026-09-01 13:11:00-04:00,36.87839889526367,36.880001068115234,36.83549880981445,36.83549880981445,13772
2026-09-01 13:12:00-04:00,36.875,36.8849983215332,36.83100128173828,36.880001068115234,22881
2026-09-01 13:13:00-04:00,36.900001525878906,36.93000030517578,36.87049865722656,36.875,36467
2026-09-01 13:14:00-04:00,36.970001220703125,36.974998474121094,36.900001525878906,36.9005012512207,42824
2026-09-01 13:15:00-04:00,36.98500061035156,37.029998779296875,36.95009994506836,36.970001220703125,73570
2026-09-01 13:16:00-04:00,36.90999984741211,37.0,36.904998779296875,36.98500061035156,45982
2026-09-01 13:17:00-04:00,36.915000915527344,36.91999816894531,36.88999938964844,36.88999938964844,23726
2026-09-01 13:18:00-04:00,36.955101013183594,36.96099853515625,36.90999984741211,36.91999816894531,28890
2026-09-01 13:19:00-04:00,36.970001220703125,36.97700119018555,36.94499969482422,36.959999084472656,33793
2026-09-01 13:20:00-04:00,37.0,37.02000045776367,36.940101623535156,36.970001220703125,34057
2026-09-01 13:21:00-04:00,36.97650146484375,37.02000045776367,36.959999084472656,37.0,20451
2026-09-01 13:22:00-04:00,36.970001220703125,36.98270034790039,36.95500183105469,36.974998474121094,21833
2026-09-01 13:23:00-04:00,36.91999816894531,36.97719955444336,36.912200927734375,36.97719955444336,63631
2026-09-01 13:24:00-04:00,36.91999816894531,36.959999084472656,36.91999816894531,36.93000030517578,26679
2026-09-01 13:25:00-04:00,36.915000915527344,36.97999954223633,36.86000061035156,36.93000030517578,244975
2026-09-01 13:26:00-04:00,36.900001525878906,36.95000076293945,36.900001525878906,36.939998626708984,17179
2026-09-01 13:27:00-04:00,36.97990036010742,37.0,36.9099006652832,36.9099006652832,30007
2026-09-01 13:28:00-04:00,36.99020004272461,37.02000045776367,36.959999084472656,36.970001220703125,46270
2026-09-01 13:29:00-04:00,37.02470016479492,37.03499984741211,36.97999954223633,36.9900016784668,43382
2026-09-01 13:30:00-04:00,37.029998779296875,37.06719970703125,36.994998931884766,37.02000045776367,54864
2026-09-01 13:31:00-04:00,37.04499816894531,37.060001373291016,37.025001525878906,37.029998779296875,21312
2026-09-01 13:32:00-04:00,37.005001068115234,37.040000915527344,36.98500061035156,37.040000915527344,22822
2026-09-01 13:33:00-04:00,37.01380157470703,37.01499938964844,37.0,37.000099182128906,31635
2026-09-01 13:34:00-04:00,37.02000045776367,37.05009841918945,37.0,37.02000045776367,32468
2026-09-01 13:35:00-04:00,37.01499938964844,37.08000183105469,37.0,37.025001525878906,61924
2026-09-01 13:36:00-04:00,37.0099983215332,37.01499938964844,36.980098724365234,37.01499938964844,33750
2026-09-01 13:37:00-04:00,37.05500030517578,37.05500030517578,36.974998474121094,37.0099983215332,24743
2026-09-01 13:38:00-04:00,37.01499938964844,37.04999923706055,36.99330139160156,37.04999923706055,16970
2026-09-01 13:39:00-04:00,36.9900016784668,37.02000045776367,36.970001220703125,37.02000045776367,23957
2026-09-01 13:40:00-04:00,36.95500183105469,37.029998779296875,36.93000030517578,36.994998931884766,32996
2026-09-01 13:41:00-04:00,36.9900016784668,37.005001068115234,36.95000076293945,36.95500183105469,29398
2026-09-01 13:42:00-04:00,37.029998779296875,37.029998779296875,36.97999954223633,36.97999954223633,18399
2026-09-01 13:43:00-04:00,37.029998779296875,37.03499984741211,37.000099182128906,37.025001525878906,25843
2026-09-01 13:44:00-04:00,37.04999923706055,37.064998626708984,37.0099983215332,37.025001525878906,20362
2026-09-01 13:45:00-04:00,36.994998931884766,37.04990005493164,36.9900016784668,37.04499816894531,22853
2026-09-01 13:46:00-04:00,36.880001068115234,37.0,36.880001068115234,37.0,41597
2026-09-01 13:47:00-04:00,37.02989959716797,37.029998779296875,36.900001525878906,36.900001525878906,38260
2026-09-01 13:48:00-04:00,37.08000183105469,37.089698791503906,37.04499816894531,37.04499816894531,39108
2026-09-01 13:49:00-04:00,37.099998474121094,37.150001525878906,37.06999969482422,37.07500076293945,75387
2026-09-01 13:50:00-04:00,37.14670181274414,37.150001525878906,37.05500030517578,37.095001220703125,64227
2026-09-01 13:51:00-04:00,37.15850067138672,37.18000030517578,37.13050079345703,37.14500045776367,68621
2026-09-01 13:52:00-04:00,37.185001373291016,37.21500015258789,37.154998779296875,37.15999984741211,49332
2026-09-01 13:53:00-04:00,37.154998779296875,37.209999084472656,37.15140151977539,37.185001373291016,33217
2026-09-01 13:54:00-04:00,37.1349983215332,37.18000030517578,37.1349983215332,37.154998779296875,24330
2026-09-01 13:55:00-04:00,37.064998626708984,37.13990020751953,37.064998626708984,37.13990020751953,29407
2026-09-01 13:56:00-04:00,37.154998779296875,37.165000915527344,37.06999969482422,37.06999969482422,52169
2026-09-01 13:57:00-04:00,37.18000030517578,37.185001373291016,37.15399932861328,37.154998779296875,49373
2026-09-01 13:58:00-04:00,37.220001220703125,37.220001220703125,37.16999816894531,37.18000030517578,66215
2026-09-01 13:59:00-04:00,37.20970153808594,37.2599983215332,37.19499969482422,37.22999954223633,81512
2026-09-01 14:00:00-04:00,37.189998626708984,37.2598991394043,37.16999816894531,37.20000076293945,124935
2026-09-01 14:01:00-04:00,37.16999816894531,37.189998626708984,37.165000915527344,37.17559814453125,22416
2026-09-01 14:02:00-04:00,37.130001068115234,37.15999984741211,37.11000061035156,37.15999984741211,57698
2026-09-01 14:03:00-04:00,37.125,37.125,37.06999969482422,37.125,54652
2026-09-01 14:04:00-04:00,37.11000061035156,37.15999984741211,37.099998474121094,37.119998931884766,61249
2026-09-01 14:05:00-04:00,37.08000183105469,37.119998931884766,37.04999923706055,37.099998474121094,71117
2026-09-01 14:06:00-04:00,37.1150016784668,37.13999938964844,37.07500076293945,37.07500076293945,28337
2026-09-01 14:07:00-04:00,37.14500045776367,37.150001525878906,37.06999969482422,37.1150016784668,17592
2026-09-01 14:08:00-04:00,37.1150016784668,37.150001525878906,37.08000183105469,37.14500045776367,39007
2026-09-01 14:09:00-04:00,37.14229965209961,37.149898529052734,37.119998931884766,37.119998931884766,20997
2026-09-01 14:10:00-04:00,37.19990158081055,37.209999084472656,37.130001068115234,37.14500045776367,73039
2026-09-01 14:11:00-04:00,37.224998474121094,37.25,37.189998626708984,37.20000076293945,81998
2026-09-01 14:12:00-04:00,37.13010025024414,37.22999954223633,37.13010025024414,37.22999954223633,23421
2026-09-01 14:13:00-04:00,37.17470169067383,37.189998626708984,37.11000061035156,37.130001068115234,50087
2026-09-01 14:14:00-04:00,37.18000030517578,37.19499969482422,37.1349983215332,37.17499923706055,68962
2026-09-01 14:15:00-04:00,37.150001525878906,37.22800064086914,37.150001525878906,37.17499923706055,43364
2026-09-01 14:16:00-04:00,37.04999923706055,37.150001525878906,37.040000915527344,37.150001525878906,49239
2026-09-01 14:17:00-04:00,37.14500045776367,37.150001525878906,37.04999923706055,37.060001373291016,35159
2026-09-01 14:18:00-04:00,37.119998931884766,37.150001525878906,37.09000015258789,37.14500045776367,34847
2026-09-01 14:19:00-04:00,37.09000015258789,37.16999816894531,37.06999969482422,37.13999938964844,48335
2026-09-01 14:20:00-04:00,37.04499816894531,37.09859848022461,36.99380111694336,37.08000183105469,77951
2026-09-01 14:21:00-04:00,36.994998931884766,37.04999923706055,36.97999954223633,37.04990005493164,37921
2026-09-01 14:22:00-04:00,36.939998626708984,37.040000915527344,36.93769836425781,36.994998931884766,50121
2026-09-01 14:23:00-04:00,36.832401275634766,36.95500183105469,36.770599365234375,36.95000076293945,93172
2026-09-01 14:24:00-04:00,36.86009979248047,36.88999938964844,36.810001373291016,36.83000183105469,70938
2026-09-01 14:25:00-04:00,36.90999984741211,36.90999984741211,36.856201171875,36.8656005859375,43800
2026-09-01 14:26:00-04:00,36.845001220703125,36.90999984741211,36.84000015258789,36.90999984741211,40818
2026-09-01 14:27:00-04:00,36.790000915527344,36.845001220703125,36.78499984741211,36.84000015258789,37506
2026-09-01 14:28:00-04:00,36.7869987487793,36.809898376464844,36.77000045776367,36.779998779296875,47036
2026-09-01 14:29:00-04:00,36.875,36.904998779296875,36.779998779296875,36.790000915527344,56887
2026-09-01 14:30:00-04:00,36.875301361083984,36.90999984741211,36.85499954223633,36.86000061035156,23991
2026-09-01 14:31:00-04:00,36.849998474121094,36.88999938964844,36.849998474121094,36.889400482177734,20193
2026-09-01 14:32:00-04:00,36.876800537109375,36.91999816894531,36.8400993347168,36.8400993347168,28379
2026-09-01 14:33:00-04:00,36.850399017333984,36.88999938964844,36.845001220703125,36.8744010925293,24790
2026-09-01 14:34:00-04:00,36.78499984741211,36.85499954223633,36.779998779296875,36.83000183105469,51874
2026-09-01 14:35:00-04:00,36.821800231933594,36.84000015258789,36.77000045776367,36.775001525878906,31138
2026-09-01 14:36:00-04:00,36.79499816894531,36.84939956665039,36.779998779296875,36.84000015258789,21290
2026-09-01 14:37:00-04:00,36.78499984741211,36.83000183105469,36.78200149536133,36.79499816894531,30427
2026-09-01 14:38:00-04:00,36.689998626708984,36.79999923706055,36.689998626708984,36.790000915527344,65249
2026-09-01 14:39:00-04:00,36.70500183105469,36.720001220703125,36.63999938964844,36.685001373291016,66779
2026-09-01 14:40:00-04:00,36.720001220703125,36.7400016784668,36.70500183105469,36.70500183105469,20485
2026-09-01 14:41:00-04:00,36.71500015258789,36.75239944458008,36.70500183105469,36.71500015258789,28623
2026-09-01 14:42:00-04:00,36.624000549316406,36.709999084472656,36.619998931884766,36.709999084472656,79606
2026-09-01 14:43:00-04:00,36.6150016784668,36.63999938964844,36.584999084472656,36.61000061035156,71475
2026-09-01 14:44:00-04:00,36.56999969482422,36.625,36.560001373291016,36.619998931884766,61887
2026-09-01 14:45:00-04:00,36.46049880981445,36.584999084472656,36.46049880981445,36.56999969482422,78039
2026-09-01 14:46:00-04:00,36.52000045776367,36.564998626708984,36.470001220703125,36.47999954223633,404301
2026-09-01 14:47:00-04:00,36.54999923706055,36.56999969482422,36.5099983215332,36.52000045776367,254519
2026-09-01 14:48:00-04:00,36.589900970458984,36.599998474121094,36.5432014465332,36.560001373291016,226468
2026-09-01 14:49:00-04:00,36.634498596191406,36.65999984741211,36.58000183105469,36.599998474121094,263009
2026-09-01 14:50:00-04:00,36.595001220703125,36.630001068115234,36.56039810180664,36.630001068115234,45008
2026-09-01 14:51:00-04:00,36.59000015258789,36.6078987121582,36.564998626708984,36.595001220703125,29894
2026-09-01 14:52:00-04:00,36.61000061035156,36.62990188598633,36.57500076293945,36.595001220703125,30273
2026-09-01 14:53:00-04:00,36.63600158691406,36.63999938964844,36.560001373291016,36.60150146484375,22431
2026-09-01 14:54:00-04:00,36.59000015258789,36.6968994140625,36.59000015258789,36.63999938964844,84063
2026-09-01 14:55:00-04:00,36.68000030517578,36.68000030517578,36.58000183105469,36.59000015258789,58004
2026-09-01 14:56:00-04:00,36.665000915527344,36.68000030517578,36.619998931884766,36.68000030517578,24685
2026-09-01 14:57:00-04:00,36.66999816894531,36.67499923706055,36.64099884033203,36.665000915527344,19124
2026-09-01 14:58:00-04:00,36.72999954223633,36.7599983215332,36.650001525878906,36.66999816894531,38844
2026-09-01 14:59:00-04:00,36.755001068115234,36.77000045776367,36.720001220703125,36.72999954223633,50782
2026-09-01 15:00:00-04:00,36.77000045776367,36.81010055541992,36.724998474121094,36.7400016784668,49002
2026-09-01 15:01:00-04:00,36.650001525878906,36.7599983215332,36.619998931884766,36.7599983215332,56040
2026-09-01 15:02:00-04:00,36.600101470947266,36.66999816894531,36.59049987792969,36.64500045776367,48570
2026-09-01 15:03:00-04:00,36.672401428222656,36.672401428222656,36.57509994506836,36.60499954223633,26837
2026-09-01 15:04:00-04:00,36.65999984741211,36.68989944458008,36.634498596191406,36.65999984741211,42337
2026-09-01 15:05:00-04:00,36.6349983215332,36.685001373291016,36.630001068115234,36.685001373291016,29304
2026-09-01 15:06:00-04:00,36.630001068115234,36.650001525878906,36.59000015258789,36.63999938964844,52855
2026-09-01 15:07:00-04:00,36.619998931884766,36.630001068115234,36.58000183105469,36.619998931884766,85762
2026-09-01 15:08:00-04:00,36.64590072631836,36.654998779296875,36.56999969482422,36.619998931884766,29361
2026-09-01 15:09:00-04:00,36.57500076293945,36.65999984741211,36.57500076293945,36.64500045776367,100425
2026-09-01 15:10:00-04:00,36.59000015258789,36.595001220703125,36.564998626708984,36.56999969482422,29468
2026-09-01 15:11:00-04:00,36.6150016784668,36.65999984741211,36.60499954223633,36.61000061035156,41056
2026-09-01 15:12:00-04:00,36.63999938964844,36.650001525878906,36.599998474121094,36.61989974975586,37068
2026-09-01 15:13:00-04:00,36.7598991394043,36.77000045776367,36.63999938964844,36.63999938964844,50130
2026-09-01 15:14:00-04:00,36.83000183105469,36.83000183105469,36.7599983215332,36.7599983215332,55759
2026-09-01 15:15:00-04:00,36.78990173339844,36.834999084472656,36.77000045776367,36.834999084472656,87549
2026-09-01 15:16:00-04:00,36.86000061035156,36.875,36.790000915527344,36.790000915527344,75487
2026-09-01 15:17:00-04:00,36.82500076293945,36.84830093383789,36.810001373291016,36.84000015258789,31065
2026-09-01 15:18:00-04:00,36.84000015258789,36.880001068115234,36.820098876953125,36.820098876953125,49987
2026-09-01 15:19:00-04:00,36.84000015258789,36.8650016784668,36.800201416015625,36.849998474121094,45009
2026-09-01 15:20:00-04:00,36.83000183105469,36.869998931884766,36.82500076293945,36.85499954223633,32198
2026-09-01 15:21:00-04:00,36.849998474121094,36.85499954223633,36.82500076293945,36.82500076293945,33508
2026-09-01 15:22:00-04:00,36.95000076293945,36.961700439453125,36.82500076293945,36.84000015258789,75361
2026-09-01 15:23:00-04:00,37.02000045776367,37.029998779296875,36.939998626708984,36.939998626708984,83153
2026-09-01 15:24:00-04:00,36.98500061035156,37.02009963989258,36.97050094604492,37.02009963989258,32036
2026-09-01 15:25:00-04:00,37.0099983215332,37.05500030517578,36.97999954223633,36.9900016784668,69615
2026-09-01 15:26:00-04:00,37.06999969482422,37.09000015258789,37.005001068115234,37.02000045776367,85167
2026-09-01 15:27:00-04:00,37.040000915527344,37.09000015258789,37.040000915527344,37.07500076293945,24929
2026-09-01 15:28:00-04:00,37.08000183105469,37.08000183105469,37.025001525878906,37.040000915527344,33293
2026-09-01 15:29:00-04:00,37.02000045776367,37.099998474121094,37.02000045776367,37.09000015258789,55945
2026-09-01 15:30:00-04:00,36.96500015258789,37.06999969482422,36.959999084472656,37.02000045776367,55841
2026-09-01 15:31:00-04:00,36.93000030517578,36.98500061035156,36.92499923706055,36.974998474121094,69909
2026-09-01 15:32:00-04:00,36.89500045776367,36.935001373291016,36.875,36.935001373291016,46403
2026-09-01 15:33:00-04:00,37.01499938964844,37.02000045776367,36.89139938354492,36.89500045776367,50678
2026-09-01 15:34:00-04:00,36.9900016784668,37.022701263427734,36.974998474121094,37.02000045776367,53020
2026-09-01 15:35:00-04:00,37.064998626708984,37.09000015258789,36.970001220703125,37.0,98213
2026-09-01 15:36:00-04:00,37.05500030517578,37.064998626708984,37.0,37.064998626708984,34111
2026-09-01 15:37:00-04:00,37.02009963989258,37.06999969482422,37.0,37.060001373291016,43232
2026-09-01 15:38:00-04:00,37.09000015258789,37.099998474121094,37.005001068115234,37.02000045776367,64653
2026-09-01 15:39:00-04:00,37.02000045776367,37.105098724365234,37.0099983215332,37.099998474121094,42181
2026-09-01 15:40:00-04:00,37.11000061035156,37.130001068115234,37.025001525878906,37.025001525878906,81546
2026-09-01 15:41:00-04:00,37.09000015258789,37.148101806640625,37.09000015258789,37.119998931884766,45565
2026-09-01 15:42:00-04:00,37.02000045776367,37.095001220703125,37.0,37.09000015258789,66599
2026-09-01 15:43:00-04:00,37.025001525878906,37.02519989013672,36.97999954223633,37.0099983215332,38807
2026-09-01 15:44:00-04:00,37.04499816894531,37.04999923706055,37.01499938964844,37.025001525878906,59189
2026-09-01 15:45:00-04:00,37.029998779296875,37.04999923706055,37.02000045776367,37.04999923706055,93319
2026-09-01 15:46:00-04:00,36.95009994506836,37.025001525878906,36.95000076293945,37.025001525878906,69056
2026-09-01 15:47:00-04:00,36.97679901123047,36.97999954223633,36.91999816894531,36.95000076293945,59810
2026-09-01 15:48:00-04:00,36.99129867553711,37.0,36.970001220703125,36.974998474121094,47174
2026-09-01 15:49:00-04:00,36.98500061035156,36.994998931884766,36.95000076293945,36.994998931884766,68416
2026-09-01 15:50:00-04:00,36.970001220703125,37.0099983215332,36.90999984741211,36.97999954223633,110751
2026-09-01 15:51:00-04:00,36.974998474121094,37.01499938964844,36.970001220703125,36.974998474121094,72666
2026-09-01 15:52:00-04:00,36.90999984741211,37.0,36.904998779296875,36.974998474121094,64547
2026-09-01 15:53:00-04:00,37.02000045776367,37.029998779296875,36.880001068115234,36.90999984741211,153852
2026-09-01 15:54:00-04:00,36.9900016784668,37.06999969482422,36.95000076293945,37.025001525878906,120125
2026-09-01 15:55:00-04:00,37.064998626708984,37.064998626708984,36.940101623535156,37.0,205379
2026-09-01 15:56:00-04:00,36.970001220703125,37.064998626708984,36.970001220703125,37.060001373291016,116777
2026-09-01 15:57:00-04:00,36.88999938964844,36.970001220703125,36.88999938964844,36.970001220703125,184259
2026-09-01 15:58:00-04:00,36.845001220703125,36.90999984741211,36.83000183105469,36.89500045776367,266256
2026-09-01 15:59:00-04:00,36.82500076293945,36.849998474121094,36.790000915527344,36.834999084472656,438798
2026-09-02 09:30:00-04:00,36.15999984741211,36.2400016784668,35.7599983215332,35.79499816894531,1945762
2026-09-02 09:31:00-04:00,36.09000015258789,36.22999954223633,36.029998779296875,36.18000030517578,226533
2026-09-02 09:32:00-04:00,36.13999938964844,36.290000915527344,36.06999969482422,36.09000015258789,188544
2026-09-02 09:33:00-04:00,36.13010025024414,36.25,36.095001220703125,36.150001525878906,197060
2026-09-02 09:34:00-04:00,36.22949981689453,36.2599983215332,36.062198638916016,36.13999938964844,141107
2026-09-02 09:35:00-04:00,36.34920120239258,36.35499954223633,36.18000030517578,36.2400016784668,135907
2026-09-02 09:36:00-04:00,36.506099700927734,36.560001373291016,36.29499816894531,36.33000183105469,198556
2026-09-02 09:37:00-04:00,36.4900016784668,36.529998779296875,36.369998931884766,36.5,138247
2026-09-02 09:38:00-04:00,36.959999084472656,37.02000045776367,36.459999084472656,36.47999954223633,311091
2026-09-02 09:39:00-04:00,37.119998931884766,37.16999816894531,36.86000061035156,36.96440124511719,201429
2026-09-02 09:40:00-04:00,37.27000045776367,37.400001525878906,37.10380172729492,37.119998931884766,286834
2026-09-02 09:41:00-04:00,37.459999084472656,37.560001373291016,37.24449920654297,37.25,445464
2026-09-02 09:42:00-04:00,37.5,37.5,37.369998931884766,37.459999084472656,140825
2026-09-02 09:43:00-04:00,37.38999938964844,37.5,37.33000183105469,37.474998474121094,112255
2026-09-02 09:44:00-04:00,37.560001373291016,37.56990051269531,37.330101013183594,37.37009811401367,190266
2026-09-02 09:45:00-04:00,37.470001220703125,37.6150016784668,37.439998626708984,37.54999923706055,263429
2026-09-02 09:46:00-04:00,37.269901275634766,37.489898681640625,37.16999816894531,37.463401794433594,193606
2026-09-02 09:47:00-04:00,37.18989944458008,37.2599983215332,37.09000015258789,37.244998931884766,209956
2026-09-02 09:48:00-04:00,37.130001068115234,37.28200149536133,37.11000061035156,37.16999816894531,117869
2026-09-02 09:49:00-04:00,37.16999816894531,37.33000183105469,37.130001068115234,37.134300231933594,167053
2026-09-02 09:50:00-04:00,37.279998779296875,37.3650016784668,37.16279983520508,37.16279983520508,123626
2026-09-02 09:51:00-04:00,37.345001220703125,37.36000061035156,37.13610076904297,37.290000915527344,201080
2026-09-02 09:52:00-04:00,37.369998931884766,37.58000183105469,37.290000915527344,37.349998474121094,317368
2026-09-02 09:53:00-04:00,37.36000061035156,37.494998931884766,37.2599983215332,37.375,182123
2026-09-02 09:54:00-04:00,37.209999084472656,37.38999938964844,37.15999984741211,37.38999938964844,117719
2026-09-02 09:55:00-04:00,37.26499938964844,37.31999969482422,37.20000076293945,37.21989822387695,81418
2026-09-02 09:56:00-04:00,37.29010009765625,37.34000015258789,37.220001220703125,37.269901275634766,100220
2026-09-02 09:57:00-04:00,37.26150131225586,37.33000183105469,37.16999816894531,37.32279968261719,72067
2026-09-02 09:58:00-04:00,37.257999420166016,37.33000183105469,37.2400016784668,37.2400016784668,77745
2026-09-02 09:59:00-04:00,37.20000076293945,37.27000045776367,37.13010025024414,37.2599983215332,68108
2026-09-02 10:00:00-04:00,37.244998931884766,37.279998779296875,37.16999816894531,37.18000030517578,59588
2026-09-02 10:01:00-04:00,37.34000015258789,37.380001068115234,37.22999954223633,37.2598991394043,84245
2026-09-02 10:02:00-04:00,37.44499969482422,37.4900016784668,37.25,37.36000061035156,130198
2026-09-02 10:03:00-04:00,37.400001525878906,37.4900016784668,37.380001068115234,37.435001373291016,115981
2026-09-02 10:04:00-04:00,37.393001556396484,37.529998779296875,37.37900161743164,37.400001525878906,166359
2026-09-02 10:05:00-04:00,37.5629997253418,37.58000183105469,37.362998962402344,37.39149856567383,176664
2026-09-02 10:06:00-04:00,37.51499938964844,37.59000015258789,37.380001068115234,37.56999969482422,112490
2026-09-02 10:07:00-04:00,37.5,37.54999923706055,37.474998474121094,37.5099983215332,99445
2026-09-02 10:08:00-04:00,37.57500076293945,37.59000015258789,37.45500183105469,37.512001037597656,130249
2026-09-02 10:09:00-04:00,37.470001220703125,37.630001068115234,37.40999984741211,37.59000015258789,110940
2026-09-02 10:10:00-04:00,37.470001220703125,37.59000015258789,37.459999084472656,37.47999954223633,103745
2026-09-02 10:11:00-04:00,37.529998779296875,37.54499816894531,37.47010040283203,37.47999954223633,130192
2026-09-02 10:12:00-04:00,37.40999984741211,37.53990173339844,37.310001373291016,37.52000045776367,144339
2026-09-02 10:13:00-04:00,37.369998931884766,37.43000030517578,37.33000183105469,37.43000030517578,65640
2026-09-02 10:14:00-04:00,37.47679901123047,37.4900016784668,37.369998931884766,37.369998931884766,85033
2026-09-02 10:15:00-04:00,37.459999084472656,37.5099983215332,37.38999938964844,37.470001220703125,50772
2026-09-02 10:16:00-04:00,37.54999923706055,37.560001373291016,37.400001525878906,37.459999084472656,121865
2026-09-02 10:17:00-04:00,37.54999923706055,37.564998626708984,37.52000045776367,37.55500030517578,67863
2026-09-02 10:18:00-04:00,37.474998474121094,37.560001373291016,37.43000030517578,37.54999923706055,76866
2026-09-02 10:19:00-04:00,37.556800842285156,37.564998626708984,37.46500015258789,37.474998474121094,58933
2026-09-02 10:20:00-04:00,37.57979965209961,37.59000015258789,37.4900016784668,37.55500030517578,77355
2026-09-02 10:21:00-04:00,37.724998474121094,37.72999954223633,37.58000183105469,37.584999084472656,155045
2026-09-02 10:22:00-04:00,37.689998626708984,37.7599983215332,37.68000030517578,37.724998474121094,140189
2026-09-02 10:23:00-04:00,37.65999984741211,37.69820022583008,37.60020065307617,37.689998626708984,53727
2026-09-02 10:24:00-04:00,37.775001525878906,37.775001525878906,37.599998474121094,37.650001525878906,119972
2026-09-02 10:25:00-04:00,37.73759841918945,37.83000183105469,37.709999084472656,37.76100158691406,123007
2026-09-02 10:26:00-04:00,37.70000076293945,37.7400016784668,37.65999984741211,37.72999954223633,70210
2026-09-02 10:27:00-04:00,37.7599983215332,37.79999923706055,37.66999816894531,37.72999954223633,104318
2026-09-02 10:28:00-04:00,37.779998779296875,37.79999923706055,37.7400016784668,37.77000045776367,88699
2026-09-02 10:29:00-04:00,37.66999816894531,37.81999969482422,37.630001068115234,37.7775993347168,127472
2026-09-02 10:30:00-04:00,37.54499816894531,37.685001373291016,37.529998779296875,37.65999984741211,84913
2026-09-02 10:31:00-04:00,37.47949981689453,37.560001373291016,37.44499969482422,37.540000915527344,115488
2026-09-02 10:32:00-04:00,37.349998474121094,37.47999954223633,37.31999969482422,37.474998474121094,122598
2026-09-02 10:33:00-04:00,37.400001525878906,37.40999984741211,37.29999923706055,37.34000015258789,63985
2026-09-02 10:34:00-04:00,37.440101623535156,37.5099983215332,37.36000061035156,37.38999938964844,80196
2026-09-02 10:35:00-04:00,37.540000915527344,37.540000915527344,37.46500015258789,37.489898681640625,145035
2026-09-02 10:36:00-04:00,37.459999084472656,37.560001373291016,37.41999816894531,37.54999923706055,65727
2026-09-02 10:37:00-04:00,37.53499984741211,37.53499984741211,37.439998626708984,37.459999084472656,51277
2026-09-02 10:38:00-04:00,37.470001220703125,37.560001373291016,37.45000076293945,37.52000045776367,67836
2026-09-02 10:39:00-04:00,37.56060028076172,37.56999969482422,37.43009948730469,37.470001220703125,100599
2026-09-02 10:40:00-04:00,37.584999084472656,37.66999816894531,37.54999923706055,37.559898376464844,80253
2026-09-02 10:41:00-04:00,37.47999954223633,37.584999084472656,37.45000076293945,37.584999084472656,39649
2026-09-02 10:42:00-04:00,37.4900016784668,37.53499984741211,37.459999084472656,37.47999954223633,43857
2026-09-02 10:43:00-04:00,37.54999923706055,37.59000015258789,37.48500061035156,37.49129867553711,96788
2026-09-02 10:44:00-04:00,37.56999969482422,37.63999938964844,37.540000915527344,37.584999084472656,58781
2026-09-02 10:45:00-04:00,37.54499816894531,37.599998474121094,37.53499984741211,37.56999969482422,43827
2026-09-02 10:46:00-04:00,37.4900016784668,37.55500030517578,37.45970153808594,37.53499984741211,64366
2026-09-02 10:47:00-04:00,37.400001525878906,37.5,37.3849983215332,37.4900016784668,65362
2026-09-02 10:48:00-04:00,37.369998931884766,37.43050003051758,37.364898681640625,37.40620040893555,45761
2026-09-02 10:49:00-04:00,37.349998474121094,37.380001068115234,37.279998779296875,37.36000061035156,68411
2026-09-02 10:50:00-04:00,37.2599983215332,37.38999938964844,37.25,37.34000015258789,80905
2026-09-02 10:51:00-04:00,37.2400016784668,37.29999923706055,37.209999084472656,37.2599983215332,73166
2026-09-02 10:52:00-04:00,37.27000045776367,37.329898834228516,37.21200180053711,37.22999954223633,159888
2026-09-02 10:53:00-04:00,37.279998779296875,37.310001373291016,37.220001220703125,37.290000915527344,149656
2026-09-02 10:54:00-04:00,37.314998626708984,37.31990051269531,37.26729965209961,37.279998779296875,52410
2026-09-02 10:55:00-04:00,37.45000076293945,37.4900016784668,37.30929946899414,37.310001373291016,89716
2026-09-02 10:56:00-04:00,37.42499923706055,37.48500061035156,37.37099838256836,37.45000076293945,57414
2026-09-02 10:57:00-04:00,37.417598724365234,37.45000076293945,37.36009979248047,37.43000030517578,43739
2026-09-02 10:58:00-04:00,37.41999816894531,37.42959976196289,37.3849983215332,37.41999816894531,20610
2026-09-02 10:59:00-04:00,37.369998931884766,37.43000030517578,37.349998474121094,37.41999816894531,36594
2026-09-02 11:00:00-04:00,37.290000915527344,37.349998474121094,37.244998931884766,37.345001220703125,64788
2026-09-02 11:01:00-04:00,37.14500045776367,37.28499984741211,37.103599548339844,37.28499984741211,143315
2026-09-02 11:02:00-04:00,37.27000045776367,37.27000045776367,37.150001525878906,37.150001525878906,115937
2026-09-02 11:03:00-04:00,37.3650016784668,37.375,37.220001220703125,37.2599983215332,207001
2026-09-02 11:04:00-04:00,37.415000915527344,37.43000030517578,37.34000015258789,37.369998931884766,67514
2026-09-02 11:05:00-04:00,37.31999969482422,37.42900085449219,37.300498962402344,37.415000915527344,34339
2026-09-02 11:06:00-04:00,37.31999969482422,37.34000015258789,37.28030014038086,37.310001373291016,42460
2026-09-02 11:07:00-04:00,37.30160140991211,37.33000183105469,37.28499984741211,37.310001373291016,19848
2026-09-02 11:08:00-04:00,37.39500045776367,37.39950180053711,37.29999923706055,37.310001373291016,51249
2026-09-02 11:09:00-04:00,37.404998779296875,37.41999816894531,37.36050033569336,37.39619827270508,28125
2026-09-02 11:10:00-04:00,37.440101623535156,37.46500015258789,37.380001068115234,37.400001525878906,35804
2026-09-02 11:11:00-04:00,37.41999816894531,37.45949935913086,37.380001068115234,37.45000076293945,41527
2026-09-02 11:12:00-04:00,37.33000183105469,37.43000030517578,37.33000183105469,37.420101165771484,44212
2026-09-02 11:13:00-04:00,37.33000183105469,37.369998931884766,37.31999969482422,37.34109878540039,38467
2026-09-02 11:14:00-04:00,37.375,37.380001068115234,37.34000015258789,37.34000015258789,34450
2026-09-02 11:15:00-04:00,37.525001525878906,37.529998779296875,37.380001068115234,37.380001068115234,131440
2026-09-02 11:16:00-04:00,37.56949996948242,37.59000015258789,37.5,37.525001525878906,57144
2026-09-02 11:17:00-04:00,37.5099983215332,37.61000061035156,37.5004997253418,37.560001373291016,43093
2026-09-02 11:18:00-04:00,37.540000915527344,37.56999969482422,37.52000045776367,37.52000045776367,21150
2026-09-02 11:19:00-04:00,37.48500061035156,37.53900146484375,37.48500061035156,37.529998779296875,32594
2026-09-02 11:20:00-04:00,37.38999938964844,37.48860168457031,37.380001068115234,37.48860168457031,45970
2026-09-02 11:21:00-04:00,37.42499923706055,37.47999954223633,37.400001525878906,37.400001525878906,31760
2026-09-02 11:22:00-04:00,37.459999084472656,37.46540069580078,37.43000030517578,37.43000030517578,23158
2026-09-02 11:23:00-04:00,37.3849983215332,37.459999084472656,37.380001068115234,37.459999084472656,34176
2026-09-02 11:24:00-04:00,37.415000915527344,37.439998626708984,37.3849983215332,37.3849983215332,28414
2026-09-02 11:25:00-04:00,37.459999084472656,37.470001220703125,37.404998779296875,37.40999984741211,13538
2026-09-02 11:26:00-04:00,37.459999084472656,37.47999954223633,37.41999816894531,37.45330047607422,24833
2026-09-02 11:27:00-04:00,37.53499984741211,37.54499816894531,37.459999084472656,37.470001220703125,50537
2026-09-02 11:28:00-04:00,37.5,37.57500076293945,37.45000076293945,37.53030014038086,80837
2026-09-02 11:29:00-04:00,37.58000183105469,37.595001220703125,37.52000045776367,37.52000045776367,42531
2026-09-02 11:30:00-04:00,37.5099983215332,37.58599853515625,37.47999954223633,37.58599853515625,38865
2026-09-02 11:31:00-04:00,37.525001525878906,37.540000915527344,37.5,37.50979995727539,19997
2026-09-02 11:32:00-04:00,37.52040100097656,37.54990005493164,37.4900016784668,37.52000045776367,28966
2026-09-02 11:33:00-04:00,37.584999084472656,37.58919906616211,37.500099182128906,37.52000045776367,24411
2026-09-02 11:34:00-04:00,37.54999923706055,37.589900970458984,37.54499816894531,37.57500076293945,56041
2026-09-02 11:35:00-04:00,37.56999969482422,37.59000015258789,37.540000915527344,37.54499816894531,38183
2026-09-02 11:36:00-04:00,37.55009841918945,37.619998931884766,37.540000915527344,37.57500076293945,73801
2026-09-02 11:37:00-04:00,37.505001068115234,37.540000915527344,37.48759841918945,37.540000915527344,39052
2026-09-02 11:38:00-04:00,37.47999954223633,37.5161018371582,37.459999084472656,37.505001068115234,48921
2026-09-02 11:39:00-04:00,37.5099983215332,37.51499938964844,37.41999816894531,37.470001220703125,33361
2026-09-02 11:40:00-04:00,37.5359992980957,37.58000183105469,37.5,37.5099983215332,42257
2026-09-02 11:41:00-04:00,37.54999923706055,37.56999969482422,37.494998931884766,37.53099822998047,44096
2026-09-02 11:42:00-04:00,37.58000183105469,37.619998931884766,37.529998779296875,37.55440139770508,33485
2026-09-02 11:43:00-04:00,37.56999969482422,37.60499954223633,37.560001373291016,37.58000183105469,33652
2026-09-02 11:44:00-04:00,37.61000061035156,37.62990188598633,37.54999923706055,37.56999969482422,59676
2026-09-02 11:45:00-04:00,37.529998779296875,37.625,37.5,37.61000061035156,56864
2026-09-02 11:46:00-04:00,37.53860092163086,37.540000915527344,37.5099983215332,37.52199935913086,29221
2026-09-02 11:47:00-04:00,37.56999969482422,37.58000183105469,37.529998779296875,37.529998779296875,26577
2026-09-02 11:48:00-04:00,37.60499954223633,37.60499954223633,37.560001373291016,37.560001373291016,18914
2026-09-02 11:49:00-04:00,37.59000015258789,37.599998474121094,37.560001373291016,37.599998474121094,30575
2026-09-02 11:50:00-04:00,37.6150016784668,37.619998931884766,37.564998626708984,37.59000015258789,27104
2026-09-02 11:51:00-04:00,37.65999984741211,37.68000030517578,37.58000183105469,37.61000061035156,109783
2026-09-02 11:52:00-04:00,37.61000061035156,37.66999816894531,37.57500076293945,37.649898529052734,73480
2026-09-02 11:53:00-04:00,37.560001373291016,37.599998474121094,37.54010009765625,37.599998474121094,20532
2026-09-02 11:54:00-04:00,37.5099983215332,37.55500030517578,37.500099182128906,37.54499816894531,45191
2026-09-02 11:55:00-04:00,37.56999969482422,37.58000183105469,37.5,37.52000045776367,45818
2026-09-02 11:56:00-04:00,37.564998626708984,37.568599700927734,37.540000915527344,37.568599700927734,12295
2026-09-02 11:57:00-04:00,37.564998626708984,37.59000015258789,37.55500030517578,37.55500030517578,23067
2026-09-02 11:58:00-04:00,37.65999984741211,37.65999984741211,37.57500076293945,37.57500076293945,62050
2026-09-02 11:59:00-04:00,37.654998779296875,37.66999816894531,37.640098571777344,37.654998779296875,26960
2026-09-02 12:00:00-04:00,37.6349983215332,37.689998626708984,37.630001068115234,37.654998779296875,51898
2026-09-02 12:01:00-04:00,37.560001373291016,37.6349983215332,37.529998779296875,37.6349983215332,33644
2026-09-02 12:02:00-04:00,37.58000183105469,37.619998931884766,37.55979919433594,37.560001373291016,25562
2026-09-02 12:03:00-04:00,37.59000015258789,37.60499954223633,37.56999969482422,37.58000183105469,30500
2026-09-02 12:04:00-04:00,37.724998474121094,37.7599983215332,37.609901428222656,37.609901428222656,69042
2026-09-02 12:05:00-04:00,37.68989944458008,37.74720001220703,37.670101165771484,37.720001220703125,36506
2026-09-02 12:06:00-04:00,37.67499923706055,37.71979904174805,37.64500045776367,37.685001373291016,32170
2026-09-02 12:07:00-04:00,37.69499969482422,37.724998474121094,37.65999984741211,37.68000030517578,30586
2026-09-02 12:08:00-04:00,37.630001068115234,37.689998626708984,37.61000061035156,37.689998626708984,28918
2026-09-02 12:09:00-04:00,37.6349983215332,37.66999816894531,37.619998931884766,37.63140106201172,46832
2026-09-02 12:10:00-04:00,37.63999938964844,37.67499923706055,37.63010025024414,37.63999938964844,24448
2026-09-02 12:11:00-04:00,37.560001373291016,37.6349983215332,37.560001373291016,37.630001068115234,71911
2026-09-02 12:12:00-04:00,37.544898986816406,37.560001373291016,37.51499938964844,37.54999923706055,47718
2026-09-02 12:13:00-04:00,37.58000183105469,37.58259963989258,37.54999923706055,37.54999923706055,38683
2026-09-02 12:14:00-04:00,37.560001373291016,37.58000183105469,37.540000915527344,37.58000183105469,23534
2026-09-02 12:15:00-04:00,37.51499938964844,37.58000183105469,37.505001068115234,37.560001373291016,28672
2026-09-02 12:16:00-04:00,37.584999084472656,37.59859848022461,37.510101318359375,37.51449966430664,18481
2026-09-02 12:17:00-04:00,37.580101013183594,37.588600158691406,37.5099983215332,37.58539962768555,21943
2026-09-02 12:18:00-04:00,37.640098571777344,37.665000915527344,37.59000015258789,37.59000015258789,45044
2026-09-02 12:19:00-04:00,37.67499923706055,37.679901123046875,37.644100189208984,37.644100189208984,38003
2026-09-02 12:20:00-04:00,37.650001525878906,37.689998626708984,37.63679885864258,37.67620086669922,42776
2026-09-02 12:21:00-04:00,37.69499969482422,37.70000076293945,37.654998779296875,37.6599006652832,17635
2026-09-02 12:22:00-04:00,37.880001068115234,37.89500045776367,37.689998626708984,37.699501037597656,266038
2026-09-02 12:23:00-04:00,37.8650016784668,37.89950180053711,37.86000061035156,37.875,45879
2026-09-02 12:24:00-04:00,37.829898834228516,37.939998626708984,37.82379913330078,37.86009979248047,221393
2026-09-02 12:25:00-04:00,37.80500030517578,37.880001068115234,37.790000915527344,37.82500076293945,305711
2026-09-02 12:26:00-04:00,37.80500030517578,37.815101623535156,37.78020095825195,37.810001373291016,28094
2026-09-02 12:27:00-04:00,37.79999923706055,37.861000061035156,37.790000915527344,37.810001373291016,48914
2026-09-02 12:28:00-04:00,37.779998779296875,37.81999969482422,37.760101318359375,37.80500030517578,24394
2026-09-02 12:29:00-04:00,37.72999954223633,37.779998779296875,37.689998626708984,37.779998779296875,63487
2026-09-02 12:30:00-04:00,37.746700286865234,37.79499816894531,37.71009826660156,37.73400115966797,56110
2026-09-02 12:31:00-04:00,37.77000045776367,37.78499984741211,37.7400016784668,37.744998931884766,48576
2026-09-02 12:32:00-04:00,37.7599983215332,37.77000045776367,37.71500015258789,37.77000045776367,19420
2026-09-02 12:33:00-04:00,37.779998779296875,37.84000015258789,37.77000045776367,37.77000045776367,32395
2026-09-02 12:34:00-04:00,37.7598991394043,37.810001373291016,37.755001068115234,37.779998779296875,23101
2026-09-02 12:35:00-04:00,37.79999923706055,37.810001373291016,37.755001068115234,37.755001068115234,36743
2026-09-02 12:36:00-04:00,37.78499984741211,37.84000015258789,37.779998779296875,37.80550003051758,25446
2026-09-02 12:37:00-04:00,37.79999923706055,37.810001373291016,37.755001068115234,37.79499816894531,28945
2026-09-02 12:38:00-04:00,37.78499984741211,37.819698333740234,37.779998779296875,37.79999923706055,69486
2026-09-02 12:39:00-04:00,37.810001373291016,37.84000015258789,37.77090072631836,37.77090072631836,44210
2026-09-02 12:40:00-04:00,37.7599983215332,37.814998626708984,37.75,37.814998626708984,31302
2026-09-02 12:41:00-04:00,37.724998474121094,37.7599983215332,37.70199966430664,37.7599983215332,34942
2026-09-02 12:42:00-04:00,37.709999084472656,37.75,37.709999084472656,37.724998474121094,24317
2026-09-02 12:43:00-04:00,37.779998779296875,37.779998779296875,37.720001220703125,37.72999954223633,14238
2026-09-02 12:44:00-04:00,37.77000045776367,37.78990173339844,37.75,37.77000045776367,192233
2026-09-02 12:45:00-04:00,37.792701721191406,37.792701721191406,37.7599983215332,37.78499984741211,42930
2026-09-02 12:46:00-04:00,37.849998474121094,37.880001068115234,37.790000915527344,37.79499816894531,85500
2026-09-02 12:47:00-04:00,37.79999923706055,37.845001220703125,37.790000915527344,37.8400993347168,25629
2026-09-02 12:48:00-04:00,37.79999923706055,37.81999969482422,37.79899978637695,37.79999923706055,29082
2026-09-02 12:49:00-04:00,37.81999969482422,37.845001220703125,37.79999923706055,37.810001373291016,27370
2026-09-02 12:50:00-04:00,37.739898681640625,37.81999969482422,37.724998474121094,37.814998626708984,40092
2026-09-02 12:51:00-04:00,37.689998626708984,37.7599983215332,37.689998626708984,37.73500061035156,49224
2026-09-02 12:52:00-04:00,37.57500076293945,37.68000030517578,37.56100082397461,37.68000030517578,78088
2026-09-02 12:53:00-04:00,37.650699615478516,37.65999984741211,37.56999969482422,37.56999969482422,50873
2026-09-02 12:54:00-04:00,37.68989944458008,37.68989944458008,37.63999938964844,37.654998779296875,22919
2026-09-02 12:55:00-04:00,37.65999984741211,37.709999084472656,37.65549850463867,37.70800018310547,14643
2026-09-02 12:56:00-04:00,37.744998931884766,37.7599983215332,37.65999984741211,37.65999984741211,24249
2026-09-02 12:57:00-04:00,37.75,37.76940155029297,37.72999954223633,37.7400016784668,44011
2026-09-02 12:58:00-04:00,37.73500061035156,37.7598991394043,37.72999954223633,37.7401008605957,12593
2026-09-02 12:59:00-04:00,37.72999954223633,37.7599983215332,37.720001220703125,37.7400016784668,21942
2026-09-02 13:00:00-04:00,37.7599983215332,37.790000915527344,37.724998474121094,37.72999954223633,20117
2026-09-02 13:01:00-04:00,37.724998474121094,37.755001068115234,37.724998474121094,37.7400016784668,17358
2026-09-02 13:02:00-04:00,37.66999816894531,37.724998474121094,37.650001525878906,37.724998474121094,44842
2026-09-02 13:03:00-04:00,37.685001373291016,37.69499969482422,37.670101165771484,37.6713981628418,15026
2026-09-02 13:04:00-04:00,37.72999954223633,37.7400016784668,37.66999816894531,37.68000030517578,24211
2026-09-02 13:05:00-04:00,37.790000915527344,37.79999923706055,37.73500061035156,37.75,25702
2026-09-02 13:06:00-04:00,37.814998626708984,37.834999084472656,37.78499984741211,37.794498443603516,63957
2026-09-02 13:07:00-04:00,37.689998626708984,37.80500030517578,37.689998626708984,37.80500030517578,31801
2026-09-02 13:08:00-04:00,37.66999816894531,37.720001220703125,37.650001525878906,37.685001373291016,202846
2026-09-02 13:09:00-04:00,37.689998626708984,37.689998626708984,37.6349983215332,37.66999816894531,66432
2026-09-02 13:10:00-04:00,37.77000045776367,37.790000915527344,37.71500015258789,37.72359848022461,22141
2026-09-02 13:11:00-04:00,37.720001220703125,37.775001525878906,37.711700439453125,37.773101806640625,20526
2026-09-02 13:12:00-04:00,37.755001068115234,37.77000045776367,37.70000076293945,37.71500015258789,42290
2026-09-02 13:13:00-04:00,37.79999923706055,37.79999923706055,37.75,37.7599983215332,33283
2026-09-02 13:14:00-04:00,37.779998779296875,37.79999923706055,37.77000045776367,37.79999923706055,17649
2026-09-02 13:15:00-04:00,37.78499984741211,37.79990005493164,37.75,37.775001525878906,19400
2026-09-02 13:16:00-04:00,37.79999923706055,37.79999923706055,37.779998779296875,37.781898498535156,12060
2026-09-02 13:17:00-04:00,37.77000045776367,37.801300048828125,37.77000045776367,37.79499816894531,21640
2026-09-02 13:18:00-04:00,37.78499984741211,37.79499816894531,37.76499938964844,37.769500732421875,15859
2026-09-02 13:19:00-04:00,37.78499984741211,37.810001373291016,37.779998779296875,37.790000915527344,29587
2026-09-02 13:20:00-04:00,37.78010177612305,37.79999923706055,37.7599983215332,37.79499816894531,19491
2026-09-02 13:21:00-04:00,37.80950164794922,37.81999969482422,37.77000045776367,37.779998779296875,35599
2026-09-02 13:22:00-04:00,37.78499984741211,37.83000183105469,37.77000045776367,37.80619812011719,20594
2026-09-02 13:23:00-04:00,37.834999084472656,37.84989929199219,37.77000045776367,37.78499984741211,35337
2026-09-02 13:24:00-04:00,37.81999969482422,37.84000015258789,37.810001373291016,37.834999084472656,22403
2026-09-02 13:25:00-04:00,37.83000183105469,37.834999084472656,37.814998626708984,37.814998626708984,20116
2026-09-02 13:26:00-04:00,37.83000183105469,37.86000061035156,37.83000183105469,37.83000183105469,21030
2026-09-02 13:27:00-04:00,37.81999969482422,37.830101013183594,37.810001373291016,37.83000183105469,19619
2026-09-02 13:28:00-04:00,37.8849983215332,37.915000915527344,37.82500076293945,37.82500076293945,89553
2026-09-02 13:29:00-04:00,37.93000030517578,37.93000030517578,37.8650016784668,37.8849983215332,63199
2026-09-02 13:30:00-04:00,37.90999984741211,37.939998626708984,37.90999984741211,37.935001373291016,26359
2026-09-02 13:31:00-04:00,37.92499923706055,37.935001373291016,37.880001068115234,37.904998779296875,39693
2026-09-02 13:32:00-04:00,37.900001525878906,37.94499969482422,37.900001525878906,37.92499923706055,63782
2026-09-02 13:33:00-04:00,37.93989944458008,37.939998626708984,37.89500045776367,37.900001525878906,31142
2026-09-02 13:34:00-04:00,37.976600646972656,38.02000045776367,37.93009948730469,37.939998626708984,199458
2026-09-02 13:35:00-04:00,37.94499969482422,37.97999954223633,37.94499969482422,37.974998474121094,39745
2026-09-02 13:36:00-04:00,37.98500061035156,38.0,37.95000076293945,37.95000076293945,38334
2026-09-02 13:37:00-04:00,38.04499816894531,38.04999923706055,37.97999954223633,37.98500061035156,98323
2026-09-02 13:38:00-04:00,38.150001525878906,38.16999816894531,38.025001525878906,38.04499816894531,583047
2026-09-02 13:39:00-04:00,38.097801208496094,38.14500045776367,38.064998626708984,38.14500045776367,67476
2026-09-02 13:40:00-04:00,38.16999816894531,38.19499969482422,38.08000183105469,38.091400146484375,82544
2026-09-02 13:41:00-04:00,38.165000915527344,38.16999816894531,38.130001068115234,38.165000915527344,42323
2026-09-02 13:42:00-04:00,38.15010070800781,38.26499938964844,38.13999938964844,38.165000915527344,174177
2026-09-02 13:43:00-04:00,38.255001068115234,38.27000045776367,38.1531982421875,38.1531982421875,65658
2026-09-02 13:44:00-04:00,38.3297004699707,38.3473014831543,38.2599983215332,38.2599983215332,189080
2026-09-02 13:45:00-04:00,38.380001068115234,38.40999984741211,38.33000183105469,38.33000183105469,121804
2026-09-02 13:46:00-04:00,38.41999816894531,38.439998626708984,38.369998931884766,38.380001068115234,78115
2026-09-02 13:47:00-04:00,38.45000076293945,38.45000076293945,38.369998931884766,38.41999816894531,210821
2026-09-02 13:48:00-04:00,38.474998474121094,38.48759841918945,38.439998626708984,38.45500183105469,69152
2026-09-02 13:49:00-04:00,38.45009994506836,38.5,38.43000030517578,38.474998474121094,134082
2026-09-02 13:50:00-04:00,38.53990173339844,38.54999923706055,38.445499420166016,38.45500183105469,143826
2026-09-02 13:51:00-04:00,38.51499938964844,38.589900970458984,38.47999954223633,38.540000915527344,80113
2026-09-02 13:52:00-04:00,38.439998626708984,38.52000045776367,38.41999816894531,38.51499938964844,85449
2026-09-02 13:53:00-04:00,38.45349884033203,38.470001220703125,38.43000030517578,38.435001373291016,56913
2026-09-02 13:54:00-04:00,38.470001220703125,38.5099983215332,38.45000076293945,38.45000076293945,85847
2026-09-02 13:55:00-04:00,38.45000076293945,38.48500061035156,38.42499923706055,38.474998474121094,69617
2026-09-02 13:56:00-04:00,38.470001220703125,38.4900016784668,38.40010070800781,38.45000076293945,61722
2026-09-02 13:57:00-04:00,38.52000045776367,38.525001525878906,38.459999084472656,38.474998474121094,54668
2026-09-02 13:58:00-04:00,38.630001068115234,38.64500045776367,38.51499938964844,38.51499938964844,103418
2026-09-02 13:59:00-04:00,38.700199127197266,38.720001220703125,38.61000061035156,38.625,148495
2026-09-02 14:00:00-04:00,38.76100158691406,38.79999923706055,38.69499969482422,38.709800720214844,312675
2026-09-02 14:01:00-04:00,38.72840118408203,38.790000915527344,38.709999084472656,38.76499938964844,134599
2026-09-02 14:02:00-04:00,38.96500015258789,38.97999954223633,38.73500061035156,38.739898681640625,263959
2026-09-02 14:03:00-04:00,38.959999084472656,39.029998779296875,38.95000076293945,38.96730041503906,390193
2026-09-02 14:04:00-04:00,38.970001220703125,38.9900016784668,38.900001525878906,38.96500015258789,133936
2026-09-02 14:05:00-04:00,39.03030014038086,39.04999923706055,38.959999084472656,38.96049880981445,158095
2026-09-02 14:06:00-04:00,38.96500015258789,39.04999923706055,38.91999816894531,39.035301208496094,149796
2026-09-02 14:07:00-04:00,38.95000076293945,38.9900016784668,38.90999984741211,38.970001220703125,131008
2026-09-02 14:08:00-04:00,38.85499954223633,38.95000076293945,38.849998474121094,38.95000076293945,142241
2026-09-02 14:09:00-04:00,38.849998474121094,38.91999816894531,38.84000015258789,38.845001220703125,116036
2026-09-02 14:10:00-04:00,38.82500076293945,38.8650016784668,38.810001373291016,38.845001220703125,75593
2026-09-02 14:11:00-04:00,38.880001068115234,38.92499923706055,38.814998626708984,38.820098876953125,114501
2026-09-02 14:12:00-04:00,38.84000015258789,38.880001068115234,38.84000015258789,38.87030029296875,55922
2026-09-02 14:13:00-04:00,38.834999084472656,38.89500045776367,38.810001373291016,38.834999084472656,83200
2026-09-02 14:14:00-04:00,38.8203010559082,38.83380126953125,38.79999923706055,38.83380126953125,88152
2026-09-02 14:15:00-04:00,38.859798431396484,38.86240005493164,38.790000915527344,38.81999969482422,65072
2026-09-02 14:16:00-04:00,38.86000061035156,38.88999938964844,38.82500076293945,38.86000061035156,83288
2026-09-02 14:17:00-04:00,38.730098724365234,38.87009811401367,38.730098724365234,38.85499954223633,151846
2026-09-02 14:18:00-04:00,38.98500061035156,39.040000915527344,38.73500061035156,38.73500061035156,239144
2026-09-02 14:19:00-04:00,38.96659851074219,39.040000915527344,38.939998626708984,38.9900016784668,104178
2026-09-02 14:20:00-04:00,38.95500183105469,38.994998931884766,38.939998626708984,38.970001220703125,72926
2026-09-02 14:21:00-04:00,38.97200012207031,38.9900016784668,38.95000076293945,38.959999084472656,44619
2026-09-02 14:22:00-04:00,39.0099983215332,39.029998779296875,38.939998626708984,38.97999954223633,73974
2026-09-02 14:23:00-04:00,39.0099983215332,39.04999923706055,38.9901008605957,39.0099983215332,218273
2026-09-02 14:24:00-04:00,39.06999969482422,39.08000183105469,38.98500061035156,39.01499938964844,76484
2026-09-02 14:25:00-04:00,39.08000183105469,39.09000015258789,39.05500030517578,39.06999969482422,50662
2026-09-02 14:26:00-04:00,38.9900016784668,39.099998474121094,38.98040008544922,39.08000183105469,190794
2026-09-02 14:27:00-04:00,39.0,39.04990005493164,38.98500061035156,38.994998931884766,58207
2026-09-02 14:28:00-04:00,38.970001220703125,39.04819869995117,38.95000076293945,39.0099983215332,87540
2026-09-02 14:29:00-04:00,38.974998474121094,39.0099983215332,38.95000076293945,38.97990036010742,55953
2026-09-02 14:30:00-04:00,38.93000030517578,38.981998443603516,38.880001068115234,38.97999954223633,51881
2026-09-02 14:31:00-04:00,38.89500045776367,38.939998626708984,38.84000015258789,38.93000030517578,89303
2026-09-02 14:32:00-04:00,38.900001525878906,38.922401428222656,38.86000061035156,38.8849983215332,127925
2026-09-02 14:33:00-04:00,38.90999984741211,38.91999816894531,38.8849983215332,38.90999984741211,45592
2026-09-02 14:34:00-04:00,38.88010025024414,38.922401428222656,38.8650016784668,38.90140151977539,60117
2026-09-02 14:35:00-04:00,38.93000030517578,38.94990158081055,38.88999938964844,38.88999938964844,55248
2026-09-02 14:36:00-04:00,38.904998779296875,38.93000030517578,38.8849983215332,38.92499923706055,55412
2026-09-02 14:37:00-04:00,38.86869812011719,38.915000915527344,38.86000061035156,38.915000915527344,34665
2026-09-02 14:38:00-04:00,38.97869873046875,39.0,38.8650016784668,38.8650016784668,101617
2026-09-02 14:39:00-04:00,38.90999984741211,38.97999954223633,38.8849983215332,38.97010040283203,32832
2026-09-02 14:40:00-04:00,39.0432014465332,39.064998626708984,38.904998779296875,38.904998779296875,74757
2026-09-02 14:41:00-04:00,38.98500061035156,39.11000061035156,38.96229934692383,39.060001373291016,123398
2026-09-02 14:42:00-04:00,39.08000183105469,39.119998931884766,38.97999954223633,38.97999954223633,83464
2026-09-02 14:43:00-04:00,39.1349983215332,39.150001525878906,39.084999084472656,39.09000015258789,85191
2026-09-02 14:44:00-04:00,39.084999084472656,39.15999984741211,39.04999923706055,39.13999938964844,72826
2026-09-02 14:45:00-04:00,39.119998931884766,39.119998931884766,39.06999969482422,39.099998474121094,45141
2026-09-02 14:46:00-04:00,39.1150016784668,39.130001068115234,39.0900993347168,39.130001068115234,60202
2026-09-02 14:47:00-04:00,39.09000015258789,39.14500045776367,39.08000183105469,39.130001068115234,102083
2026-09-02 14:48:00-04:00,39.130001068115234,39.13999938964844,39.052799224853516,39.08000183105469,51306
2026-09-02 14:49:00-04:00,39.119998931884766,39.13999938964844,39.09000015258789,39.122798919677734,49631
2026-09-02 14:50:00-04:00,39.099998474121094,39.13999938964844,39.09000015258789,39.130001068115234,64072
2026-09-02 14:51:00-04:00,39.084999084472656,39.11000061035156,39.05500030517578,39.099998474121094,49048
2026-09-02 14:52:00-04:00,39.07310104370117,39.095001220703125,39.060001373291016,39.08000183105469,38297
2026-09-02 14:53:00-04:00,39.040000915527344,39.119998931884766,39.029998779296875,39.079898834228516,54809
2026-09-02 14:54:00-04:00,39.029998779296875,39.0713996887207,39.02000045776367,39.04990005493164,54208
2026-09-02 14:55:00-04:00,39.084999084472656,39.11989974975586,39.04999923706055,39.04999923706055,62372
2026-09-02 14:56:00-04:00,39.095001220703125,39.130001068115234,39.08000183105469,39.084999084472656,55876
2026-09-02 14:57:00-04:00,39.05500030517578,39.099998474121094,39.05500030517578,39.095001220703125,50465
2026-09-02 14:58:00-04:00,39.09000015258789,39.11000061035156,39.040000915527344,39.060001373291016,60969
2026-09-02 14:59:00-04:00,39.09000015258789,39.11000061035156,39.060001373291016,39.095001220703125,65141
2026-09-02 15:00:00-04:00,39.01070022583008,39.099998474121094,39.010101318359375,39.095001220703125,56651
2026-09-02 15:01:00-04:00,38.93009948730469,38.93009948730469,38.93009948730469,38.93009948730469,0
