Price,Close,High,Low,Open,Volume
Ticker,MARA,MARA,MARA,MARA,MARA
Datetime,,,,,
2026-08-27 09:30:00-04:00,11.520000457763672,11.5600004196167,11.420000076293945,11.539999961853027,1546944
2026-08-27 09:31:00-04:00,11.300000190734863,11.546099662780762,11.289999961853027,11.520000457763672,365955
2026-08-27 09:32:00-04:00,11.430000305175781,11.449999809265137,11.279999732971191,11.292900085449219,208258
2026-08-27 09:33:00-04:00,11.529999732971191,11.555000305175781,11.460000038146973,11.460000038146973,229425
2026-08-27 09:34:00-04:00,11.442299842834473,11.54990005493164,11.399999618530273,11.54990005493164,170982
2026-08-27 09:35:00-04:00,11.489999771118164,11.515000343322754,11.444999694824219,11.444999694824219,143782
2026-08-27 09:36:00-04:00,11.510000228881836,11.545000076293945,11.460000038146973,11.5,221225
2026-08-27 09:37:00-04:00,11.545000076293945,11.550000190734863,11.519700050354004,11.529999732971191,231847
2026-08-27 09:38:00-04:00,11.620100021362305,11.645000457763672,11.545000076293945,11.550000190734863,399979
2026-08-27 09:39:00-04:00,11.739999771118164,11.739999771118164,11.600000381469727,11.625,415441
2026-08-27 09:40:00-04:00,11.765000343322754,11.774999618530273,11.720000267028809,11.739999771118164,514280
2026-08-27 09:41:00-04:00,11.6850004196167,11.78499984741211,11.670700073242188,11.770000457763672,234261
2026-08-27 09:42:00-04:00,11.720000267028809,11.739899635314941,11.679900169372559,11.6850004196167,271472
2026-08-27 09:43:00-04:00,11.675000190734863,11.744999885559082,11.670000076293945,11.725099563598633,166649
2026-08-27 09:44:00-04:00,11.654999732971191,11.725099563598633,11.630000114440918,11.675000190734863,132488
2026-08-27 09:45:00-04:00,11.765000343322754,11.79990005493164,11.619999885559082,11.651300430297852,297481
2026-08-27 09:46:00-04:00,11.71500015258789,11.779999732971191,11.710000038146973,11.765000343322754,150602
2026-08-27 09:47:00-04:00,11.64050006866455,11.749899864196777,11.630000114440918,11.720000267028809,176926
2026-08-27 09:48:00-04:00,11.694999694824219,11.710000038146973,11.635000228881836,11.640000343322754,201984
2026-08-27 09:49:00-04:00,11.65999984741211,11.70989990234375,11.609999656677246,11.699999809265137,143922
2026-08-27 09:50:00-04:00,11.760000228881836,11.770000457763672,11.680000305175781,11.680000305175781,200654
2026-08-27 09:51:00-04:00,11.84000015258789,11.869999885559082,11.765000343322754,11.770000457763672,433488
2026-08-27 09:52:00-04:00,11.789999961853027,11.845000267028809,11.772899627685547,11.835000038146973,210693
2026-08-27 09:53:00-04:00,11.759900093078613,11.800000190734863,11.75,11.78499984741211,252301
2026-08-27 09:54:00-04:00,11.7878999710083,11.795000076293945,11.720000267028809,11.766599655151367,104325
2026-08-27 09:55:00-04:00,11.765000343322754,11.800000190734863,11.755000114440918,11.789999961853027,233616
2026-08-27 09:56:00-04:00,11.744999885559082,11.789999961853027,11.744999885559082,11.770000457763672,248911
2026-08-27 09:57:00-04:00,11.71500015258789,11.789999961853027,11.680500030517578,11.740500450134277,481951
2026-08-27 09:58:00-04:00,11.710000038146973,11.735099792480469,11.6899995803833,11.71500015258789,86710
2026-08-27 09:59:00-04:00,11.71500015258789,11.720000267028809,11.694600105285645,11.720000267028809,60672
2026-08-27 10:00:00-04:00,11.704999923706055,11.739500045776367,11.6899995803833,11.720000267028809,83764
2026-08-27 10:01:00-04:00,11.589900016784668,11.699999809265137,11.577899932861328,11.699999809265137,193135
2026-08-27 10:02:00-04:00,11.635000228881836,11.649900436401367,11.570099830627441,11.585000038146973,169676
2026-08-27 10:03:00-04:00,11.670000076293945,11.680000305175781,11.604999542236328,11.630000114440918,273075
2026-08-27 10:04:00-04:00,11.694999694824219,11.710000038146973,11.664999961853027,11.678400039672852,309138
2026-08-27 10:05:00-04:00,11.704999923706055,11.729900360107422,11.670000076293945,11.694999694824219,304147
2026-08-27 10:06:00-04:00,11.675000190734863,11.71500015258789,11.670000076293945,11.701899528503418,82869
2026-08-27 10:07:00-04:00,11.753399848937988,11.779999732971191,11.65999984741211,11.675399780273438,136900
2026-08-27 10:08:00-04:00,11.720000267028809,11.757599830627441,11.720000267028809,11.751899719238281,113538
2026-08-27 10:09:00-04:00,11.721400260925293,11.774999618530273,11.71500015258789,11.720000267028809,135621
2026-08-27 10:10:00-04:00,11.795000076293945,11.819999694824219,11.720000267028809,11.720000267028809,150723
2026-08-27 10:11:00-04:00,11.835000038146973,11.836299896240234,11.78499984741211,11.805000305175781,277966
2026-08-27 10:12:00-04:00,11.699999809265137,11.845000267028809,11.664999961853027,11.835000038146973,226077
2026-08-27 10:13:00-04:00,11.65999984741211,11.699999809265137,11.649999618530273,11.694999694824219,104715
2026-08-27 10:14:00-04:00,11.609999656677246,11.680000305175781,11.604999542236328,11.664999961853027,59662
2026-08-27 10:15:00-04:00,11.725000381469727,11.729900360107422,11.625,11.625,140802
2026-08-27 10:16:00-04:00,11.740099906921387,11.75,11.6850004196167,11.720499992370605,74978
2026-08-27 10:17:00-04:00,11.8149995803833,11.819999694824219,11.75,11.75,151882
2026-08-27 10:18:00-04:00,11.914999961853027,11.929900169372559,11.789999961853027,11.805000305175781,396838
2026-08-27 10:19:00-04:00,11.904999732971191,11.930000305175781,11.890000343322754,11.915399551391602,248475
2026-08-27 10:20:00-04:00,11.930000305175781,11.930000305175781,11.899999618530273,11.904999732971191,76271
2026-08-27 10:21:00-04:00,11.926199913024902,11.984999656677246,11.90999984741211,11.921600341796875,348062
2026-08-27 10:22:00-04:00,11.944999694824219,11.96500015258789,11.890000343322754,11.914999961853027,156206
2026-08-27 10:23:00-04:00,11.970100402832031,12.0,11.944999694824219,11.944999694824219,332706
2026-08-27 10:24:00-04:00,12.010000228881836,12.015000343322754,11.949999809265137,11.979999542236328,205400
2026-08-27 10:25:00-04:00,12.06190013885498,12.069999694824219,11.984000205993652,12.020000457763672,194754
2026-08-27 10:26:00-04:00,12.109700202941895,12.109999656677246,12.050000190734863,12.0600004196167,296112
2026-08-27 10:27:00-04:00,12.09000015258789,12.140000343322754,12.09000015258789,12.109999656677246,284678
2026-08-27 10:28:00-04:00,12.100000381469727,12.109999656677246,12.069999694824219,12.095000267028809,309508
2026-08-27 10:29:00-04:00,12.125,12.140000343322754,12.079999923706055,12.100000381469727,201457
2026-08-27 10:30:00-04:00,12.041399955749512,12.140000343322754,12.020000457763672,12.135000228881836,331989
2026-08-27 10:31:00-04:00,12.119999885559082,12.130000114440918,12.039999961853027,12.045000076293945,231378
2026-08-27 10:32:00-04:00,12.132800102233887,12.175000190734863,12.114999771118164,12.119999885559082,262657
2026-08-27 10:33:00-04:00,12.13010025024414,12.139900207519531,12.079999923706055,12.135000228881836,402716
2026-08-27 10:34:00-04:00,12.154999732971191,12.180000305175781,12.114999771118164,12.130000114440918,243803
2026-08-27 10:35:00-04:00,12.210000038146973,12.21500015258789,12.14009952545166,12.15999984741211,406598
2026-08-27 10:36:00-04:00,12.225099563598633,12.239999771118164,12.199999809265137,12.21500015258789,228544
2026-08-27 10:37:00-04:00,12.237700462341309,12.270000457763672,12.204999923706055,12.229999542236328,510636
2026-08-27 10:38:00-04:00,12.194999694824219,12.255000114440918,12.185400009155273,12.231300354003906,234371
2026-08-27 10:39:00-04:00,12.135000228881836,12.210000038146973,12.130000114440918,12.194999694824219,391344
2026-08-27 10:40:00-04:00,12.180000305175781,12.22599983215332,12.130000114440918,12.130000114440918,287754
2026-08-27 10:41:00-04:00,12.170000076293945,12.198100090026855,12.149999618530273,12.175000190734863,241438
2026-08-27 10:42:00-04:00,12.274999618530273,12.289999961853027,12.170100212097168,12.175000190734863,299966
2026-08-27 10:43:00-04:00,12.244999885559082,12.27649974822998,12.21500015258789,12.2746000289917,222157
2026-08-27 10:44:00-04:00,12.244999885559082,12.255000114440918,12.213800430297852,12.239999771118164,166649
2026-08-27 10:45:00-04:00,12.243599891662598,12.260000228881836,12.229999542236328,12.244999885559082,158005
2026-08-27 10:46:00-04:00,12.300000190734863,12.3149995803833,12.244999885559082,12.244999885559082,458803
2026-08-27 10:47:00-04:00,12.25,12.306599617004395,12.239999771118164,12.306599617004395,288347
2026-08-27 10:48:00-04:00,12.279999732971191,12.309900283813477,12.244999885559082,12.24899959564209,345963
2026-08-27 10:49:00-04:00,12.28499984741211,12.319999694824219,12.270099639892578,12.279500007629395,133537
2026-08-27 10:50:00-04:00,12.274999618530273,12.3100004196167,12.270000457763672,12.28499984741211,163660
2026-08-27 10:51:00-04:00,12.204999923706055,12.274999618530273,12.1899995803833,12.270000457763672,214285
2026-08-27 10:52:00-04:00,12.21500015258789,12.269399642944336,12.1850004196167,12.204999923706055,176899
2026-08-27 10:53:00-04:00,12.237899780273438,12.239999771118164,12.1899995803833,12.21500015258789,106810
2026-08-27 10:54:00-04:00,12.21310043334961,12.260000228881836,12.210000038146973,12.234999656677246,126697
2026-08-27 10:55:00-04:00,12.21500015258789,12.239999771118164,12.194999694824219,12.210000038146973,107569
2026-08-27 10:56:00-04:00,12.260000228881836,12.260000228881836,12.1899995803833,12.220000267028809,167855
2026-08-27 10:57:00-04:00,12.21500015258789,12.279999732971191,12.190099716186523,12.265000343322754,185207
2026-08-27 10:58:00-04:00,12.254899978637695,12.260000228881836,12.213800430297852,12.213800430297852,164936
2026-08-27 10:59:00-04:00,12.233400344848633,12.279999732971191,12.225000381469727,12.255000114440918,132718
2026-08-27 11:00:00-04:00,12.244999885559082,12.26990032196045,12.229999542236328,12.234999656677246,138022
2026-08-27 11:01:00-04:00,12.25,12.25,12.229999542236328,12.234999656677246,69416
2026-08-27 11:02:00-04:00,12.234999656677246,12.260000228881836,12.220000267028809,12.255000114440918,113665
2026-08-27 11:03:00-04:00,12.18340015411377,12.239999771118164,12.18340015411377,12.239999771118164,165428
2026-08-27 11:04:00-04:00,12.126299858093262,12.189900398254395,12.100000381469727,12.180299758911133,287053
2026-08-27 11:05:00-04:00,12.229499816894531,12.229499816894531,12.110099792480469,12.125,199933
2026-08-27 11:06:00-04:00,12.199299812316895,12.25,12.199299812316895,12.225000381469727,168139
2026-08-27 11:07:00-04:00,12.164999961853027,12.229999542236328,12.15999984741211,12.194999694824219,121682
2026-08-27 11:08:00-04:00,12.180100440979004,12.189900398254395,12.140000343322754,12.164999961853027,190946
2026-08-27 11:09:00-04:00,12.21500015258789,12.220000267028809,12.180000305175781,12.1850004196167,79317
2026-08-27 11:10:00-04:00,12.189900398254395,12.234999656677246,12.175000190734863,12.220000267028809,75464
2026-08-27 11:11:00-04:00,12.21500015258789,12.239999771118164,12.1899995803833,12.1899995803833,67240
2026-08-27 11:12:00-04:00,12.220000267028809,12.249899864196777,12.199999809265137,12.21500015258789,114942
2026-08-27 11:13:00-04:00,12.273699760437012,12.274999618530273,12.199999809265137,12.199999809265137,235722
2026-08-27 11:14:00-04:00,12.255000114440918,12.3100004196167,12.25,12.274999618530273,293681
2026-08-27 11:15:00-04:00,12.270000457763672,12.270000457763672,12.25,12.253299713134766,104602
2026-08-27 11:16:00-04:00,12.240099906921387,12.279999732971191,12.229999542236328,12.265000343322754,110914
2026-08-27 11:17:00-04:00,12.274999618530273,12.279899597167969,12.25,12.25,78957
2026-08-27 11:18:00-04:00,12.279899597167969,12.279999732971191,12.251399993896484,12.279999732971191,104522
2026-08-27 11:19:00-04:00,12.270000457763672,12.279899597167969,12.265000343322754,12.275400161743164,32611
2026-08-27 11:20:00-04:00,12.225000381469727,12.279999732971191,12.225000381469727,12.274999618530273,85125
2026-08-27 11:21:00-04:00,12.175000190734863,12.229900360107422,12.15999984741211,12.229900360107422,215713
2026-08-27 11:22:00-04:00,12.180100440979004,12.1850004196167,12.160200119018555,12.175000190734863,171836
2026-08-27 11:23:00-04:00,12.194999694824219,12.199999809265137,12.15999984741211,12.1850004196167,69037
2026-08-27 11:24:00-04:00,12.175000190734863,12.194999694824219,12.15999984741211,12.194999694824219,153572
2026-08-27 11:25:00-04:00,12.180000305175781,12.1899995803833,12.15999984741211,12.174699783325195,57007
2026-08-27 11:26:00-04:00,12.180000305175781,12.1899995803833,12.170000076293945,12.170000076293945,127737
2026-08-27 11:27:00-04:00,12.119999885559082,12.180000305175781,12.119999885559082,12.175000190734863,140660
2026-08-27 11:28:00-04:00,12.145000457763672,12.154999732971191,12.119999885559082,12.129899978637695,101058
2026-08-27 11:29:00-04:00,12.154999732971191,12.170000076293945,12.140000343322754,12.144000053405762,75998
2026-08-27 11:30:00-04:00,12.154999732971191,12.175000190734863,12.130000114440918,12.159899711608887,269947
2026-08-27 11:31:00-04:00,12.13860034942627,12.159899711608887,12.120100021362305,12.150099754333496,88139
2026-08-27 11:32:00-04:00,12.135000228881836,12.140000343322754,12.125,12.135000228881836,94373
2026-08-27 11:33:00-04:00,12.139900207519531,12.139900207519531,12.100000381469727,12.135000228881836,218040
2026-08-27 11:34:00-04:00,12.114999771118164,12.140000343322754,12.09000015258789,12.140000343322754,206773
2026-08-27 11:35:00-04:00,12.125,12.13599967956543,12.109999656677246,12.109999656677246,100589
2026-08-27 11:36:00-04:00,12.10990047454834,12.130000114440918,12.095000267028809,12.125,117310
2026-08-27 11:37:00-04:00,12.139900207519531,12.140000343322754,12.085000038146973,12.114999771118164,148615
2026-08-27 11:38:00-04:00,12.15999984741211,12.189900398254395,12.13010025024414,12.135000228881836,116926
2026-08-27 11:39:00-04:00,12.1850004196167,12.1850004196167,12.149999618530273,12.163800239562988,111112
2026-08-27 11:40:00-04:00,12.1850004196167,12.194999694824219,12.164999961853027,12.1899995803833,165943
2026-08-27 11:41:00-04:00,12.211999893188477,12.219900131225586,12.175000190734863,12.1850004196167,113313
2026-08-27 11:42:00-04:00,12.1850004196167,12.220000267028809,12.15999984741211,12.21500015258789,136311
2026-08-27 11:43:00-04:00,12.180399894714355,12.1899995803833,12.170000076293945,12.180000305175781,71009
2026-08-27 11:44:00-04:00,12.164999961853027,12.194999694824219,12.164999961853027,12.1850004196167,102457
2026-08-27 11:45:00-04:00,12.145000457763672,12.180000305175781,12.131400108337402,12.170000076293945,135673
2026-08-27 11:46:00-04:00,12.114999771118164,12.149999618530273,12.104999542236328,12.145000457763672,154780
2026-08-27 11:47:00-04:00,12.074999809265137,12.119999885559082,12.069999694824219,12.114999771118164,100696
2026-08-27 11:48:00-04:00,12.110199928283691,12.119999885559082,12.074999809265137,12.074999809265137,127172
2026-08-27 11:49:00-04:00,12.114999771118164,12.129899978637695,12.095000267028809,12.110099792480469,136698
2026-08-27 11:50:00-04:00,12.130000114440918,12.149900436401367,12.110199928283691,12.11989974975586,119791
2026-08-27 11:51:00-04:00,12.149900436401367,12.149900436401367,12.109999656677246,12.125,205707
2026-08-27 11:52:00-04:00,12.149800300598145,12.15999984741211,12.130000114440918,12.145000457763672,175695
2026-08-27 11:53:00-04:00,12.114999771118164,12.154999732971191,12.109999656677246,12.149999618530273,130526
2026-08-27 11:54:00-04:00,12.114999771118164,12.125,12.100000381469727,12.119999885559082,138757
2026-08-27 11:55:00-04:00,12.085000038146973,12.125,12.085000038146973,12.119000434875488,115825
2026-08-27 11:56:00-04:00,12.0649995803833,12.100000381469727,12.06089973449707,12.085000038146973,228191
2026-08-27 11:57:00-04:00,12.050000190734863,12.060600280761719,12.045000076293945,12.0600004196167,268184
2026-08-27 11:58:00-04:00,12.0649995803833,12.085000038146973,12.039999961853027,12.055000305175781,141938
2026-08-27 11:59:00-04:00,12.020000457763672,12.085000038146973,12.020000457763672,12.0649995803833,151639
2026-08-27 12:00:00-04:00,12.0,12.029999732971191,11.989999771118164,12.029999732971191,323134
2026-08-27 12:01:00-04:00,12.055000305175781,12.059900283813477,12.000100135803223,12.005000114440918,163535
2026-08-27 12:02:00-04:00,12.055000305175781,12.0600004196167,12.03499984741211,12.055000305175781,71816
2026-08-27 12:03:00-04:00,12.085000038146973,12.09000015258789,12.054200172424316,12.055000305175781,78815
2026-08-27 12:04:00-04:00,12.114999771118164,12.119999885559082,12.069999694824219,12.085100173950195,84304
2026-08-27 12:05:00-04:00,12.114999771118164,12.119999885559082,12.104999542236328,12.112099647521973,57225
2026-08-27 12:06:00-04:00,12.081999778747559,12.11989974975586,12.079999923706055,12.114999771118164,55272
2026-08-27 12:07:00-04:00,12.021900177001953,12.085000038146973,12.0,12.085000038146973,213162
2026-08-27 12:08:00-04:00,12.031399726867676,12.03499984741211,12.015000343322754,12.028800010681152,41418
2026-08-27 12:09:00-04:00,12.044500350952148,12.045599937438965,12.024999618530273,12.039999961853027,97241
2026-08-27 12:10:00-04:00,12.059900283813477,12.059900283813477,12.04010009765625,12.045000076293945,70052
2026-08-27 12:11:00-04:00,12.03499984741211,12.055000305175781,12.015000343322754,12.05090045928955,136597
2026-08-27 12:12:00-04:00,12.045000076293945,12.050000190734863,12.02280044555664,12.03499984741211,79986
2026-08-27 12:13:00-04:00,12.039999961853027,12.0600004196167,12.03499984741211,12.039999961853027,92603
2026-08-27 12:14:00-04:00,12.015000343322754,12.039999961853027,12.010100364685059,12.039999961853027,57847
2026-08-27 12:15:00-04:00,12.010000228881836,12.015000343322754,11.994000434875488,12.010000228881836,106578
2026-08-27 12:16:00-04:00,11.975000381469727,12.01990032196045,11.970000267028809,12.012999534606934,69708
2026-08-27 12:17:00-04:00,11.975000381469727,11.975000381469727,11.960000038146973,11.975000381469727,157605
2026-08-27 12:18:00-04:00,11.954999923706055,11.979999542236328,11.95009994506836,11.975000381469727,78228
2026-08-27 12:19:00-04:00,11.979999542236328,11.989899635314941,11.949999809265137,11.954999923706055,80441
2026-08-27 12:20:00-04:00,11.9891996383667,11.989999771118164,11.96500015258789,11.97070026397705,44054
2026-08-27 12:21:00-04:00,12.007699966430664,12.009900093078613,11.979999542236328,11.986000061035156,45745
2026-08-27 12:22:00-04:00,12.005000114440918,12.010000228881836,12.0,12.005000114440918,77221
2026-08-27 12:23:00-04:00,11.98069953918457,12.010000228881836,11.979999542236328,12.0,39167
2026-08-27 12:24:00-04:00,11.961400032043457,11.979999542236328,11.960000038146973,11.979999542236328,80866
2026-08-27 12:25:00-04:00,11.979999542236328,11.989999771118164,11.963700294494629,11.967100143432617,102578
2026-08-27 12:26:00-04:00,11.994999885559082,11.995100021362305,11.963899612426758,11.975000381469727,39249
2026-08-27 12:27:00-04:00,11.979900360107422,12.005000114440918,11.975000381469727,11.994999885559082,120154
2026-08-27 12:28:00-04:00,11.930100440979004,11.979999542236328,11.930000305175781,11.978099822998047,64738
2026-08-27 12:29:00-04:00,11.9350004196167,11.9399995803833,11.930100440979004,11.9350004196167,68673
2026-08-27 12:30:00-04:00,11.90999984741211,11.939800262451172,11.892000198364258,11.939800262451172,167241
2026-08-27 12:31:00-04:00,11.895000457763672,11.920000076293945,11.895000457763672,11.904999732971191,101851
2026-08-27 12:32:00-04:00,11.885000228881836,11.899999618530273,11.880000114440918,11.895000457763672,130217
2026-08-27 12:33:00-04:00,11.880000114440918,11.899900436401367,11.880000114440918,11.885000228881836,150231
2026-08-27 12:34:00-04:00,11.885000228881836,11.899999618530273,11.869999885559082,11.887900352478027,164650
2026-08-27 12:35:00-04:00,11.904999732971191,11.90999984741211,11.869999885559082,11.880000114440918,122266
2026-08-27 12:36:00-04:00,11.954999923706055,11.954999923706055,11.899999618530273,11.909899711608887,136326
2026-08-27 12:37:00-04:00,11.954999923706055,11.970000267028809,11.944999694824219,11.954999923706055,141926
2026-08-27 12:38:00-04:00,11.954999923706055,11.96500015258789,11.9350004196167,11.960000038146973,194455
2026-08-27 12:39:00-04:00,11.944999694824219,11.954999923706055,11.930000305175781,11.950300216674805,145563
2026-08-27 12:40:00-04:00,11.975000381469727,11.979999542236328,11.944999694824219,11.944999694824219,92933
2026-08-27 12:41:00-04:00,11.990099906921387,11.999899864196777,11.970000267028809,11.975000381469727,107982
2026-08-27 12:42:00-04:00,12.008000373840332,12.010000228881836,11.984999656677246,11.989999771118164,112130
2026-08-27 12:43:00-04:00,12.015000343322754,12.020000457763672,11.994999885559082,12.009699821472168,123020
2026-08-27 12:44:00-04:00,12.024999618530273,12.029999732971191,12.010000228881836,12.015000343322754,81656
2026-08-27 12:45:00-04:00,12.059499740600586,12.0600004196167,12.010100364685059,12.024999618530273,148105
2026-08-27 12:46:00-04:00,12.08329963684082,12.089900016784668,12.054400444030762,12.054400444030762,171921
2026-08-27 12:47:00-04:00,12.094099998474121,12.130000114440918,12.079999923706055,12.085000038146973,280201
2026-08-27 12:48:00-04:00,12.114999771118164,12.116700172424316,12.09000015258789,12.095000267028809,139378
2026-08-27 12:49:00-04:00,12.092499732971191,12.119999885559082,12.092499732971191,12.114500045776367,126036
2026-08-27 12:50:00-04:00,12.119999885559082,12.119999885559082,12.079999923706055,12.095000267028809,146187
2026-08-27 12:51:00-04:00,12.11989974975586,12.130000114440918,12.109999656677246,12.119999885559082,142950
2026-08-27 12:52:00-04:00,12.133999824523926,12.133999824523926,12.109999656677246,12.109999656677246,147410
2026-08-27 12:53:00-04:00,12.13010025024414,12.140000343322754,12.120100021362305,12.135000228881836,108851
2026-08-27 12:54:00-04:00,12.114999771118164,12.128499984741211,12.100000381469727,12.125,84587
2026-08-27 12:55:00-04:00,12.113900184631348,12.135000228881836,12.109999656677246,12.11989974975586,112746
2026-08-27 12:56:00-04:00,12.104999542236328,12.119999885559082,12.100000381469727,12.114999771118164,40001
2026-08-27 12:57:00-04:00,12.10990047454834,12.114999771118164,12.100299835205078,12.104999542236328,40672
2026-08-27 12:58:00-04:00,12.100000381469727,12.109999656677246,12.085000038146973,12.100000381469727,66298
2026-08-27 12:59:00-04:00,12.095000267028809,12.104999542236328,12.079999923706055,12.098799705505371,102510
2026-08-27 13:00:00-04:00,12.0649995803833,12.095000267028809,12.0649995803833,12.095000267028809,89033
2026-08-27 13:01:00-04:00,12.0649995803833,12.074999809265137,12.0600004196167,12.0649995803833,70698
2026-08-27 13:02:00-04:00,12.100000381469727,12.100000381469727,12.045000076293945,12.0649995803833,141763
2026-08-27 13:03:00-04:00,12.090499877929688,12.104999542236328,12.085000038146973,12.095000267028809,59656
2026-08-27 13:04:00-04:00,12.077300071716309,12.100000381469727,12.0600004196167,12.09000015258789,104974
2026-08-27 13:05:00-04:00,12.099900245666504,12.100000381469727,12.074999809265137,12.079999923706055,64869
2026-08-27 13:06:00-04:00,12.09000015258789,12.11989974975586,12.09000015258789,12.095000267028809,48015
2026-08-27 13:07:00-04:00,12.09000015258789,12.095000267028809,12.079999923706055,12.095000267028809,63245
2026-08-27 13:08:00-04:00,12.095000267028809,12.105600357055664,12.085000038146973,12.085000038146973,58665
2026-08-27 13:09:00-04:00,12.101499557495117,12.101499557495117,12.09000015258789,12.095000267028809,19740
2026-08-27 13:10:00-04:00,12.149999618530273,12.15999984741211,12.100099563598633,12.104999542236328,128237
2026-08-27 13:11:00-04:00,12.164999961853027,12.170000076293945,12.149999618530273,12.154999732971191,88928
2026-08-27 13:12:00-04:00,12.15999984741211,12.175000190734863,12.149999618530273,12.164999961853027,63065
2026-08-27 13:13:00-04:00,12.16510009765625,12.169899940490723,12.149999618530273,12.164999961853027,61580
2026-08-27 13:14:00-04:00,12.175000190734863,12.175000190734863,12.160099983215332,12.164999961853027,36053
2026-08-27 13:15:00-04:00,12.194999694824219,12.199899673461914,12.15999984741211,12.180000305175781,60319
2026-08-27 13:16:00-04:00,12.182100296020508,12.204999923706055,12.175000190734863,12.199999809265137,103629
2026-08-27 13:17:00-04:00,12.1899995803833,12.1899995803833,12.183899879455566,12.1850004196167,77563
2026-08-27 13:18:00-04:00,12.234999656677246,12.234999656677246,12.184599876403809,12.1850004196167,122633
2026-08-27 13:19:00-04:00,12.273599624633789,12.289299964904785,12.229999542236328,12.234999656677246,303394
2026-08-27 13:20:00-04:00,12.255000114440918,12.279999732971191,12.244999885559082,12.279999732971191,137896
2026-08-27 13:21:00-04:00,12.26200008392334,12.279899597167969,12.260000228881836,12.260000228881836,111696
2026-08-27 13:22:00-04:00,12.240099906921387,12.260000228881836,12.239999771118164,12.255000114440918,42100
2026-08-27 13:23:00-04:00,12.245400428771973,12.245400428771973,12.220100402832031,12.239999771118164,57046
2026-08-27 13:24:00-04:00,12.255000114440918,12.255000114440918,12.229999542236328,12.244999885559082,94987
2026-08-27 13:25:00-04:00,12.220000267028809,12.255000114440918,12.210000038146973,12.255000114440918,66904
2026-08-27 13:26:00-04:00,12.223999977111816,12.229999542236328,12.20009994506836,12.220000267028809,97908
2026-08-27 13:27:00-04:00,12.193900108337402,12.229999542236328,12.192000389099121,12.222599983215332,77550
2026-08-27 13:28:00-04:00,12.21500015258789,12.219900131225586,12.190099716186523,12.194999694824219,73190
2026-08-27 13:29:00-04:00,12.194999694824219,12.229999542236328,12.194999694824219,12.220000267028809,108984
2026-08-27 13:30:00-04:00,12.204999923706055,12.220000267028809,12.1899995803833,12.1899995803833,191592
2026-08-27 13:31:00-04:00,12.210000038146973,12.225000381469727,12.210000038146973,12.210000038146973,86112
2026-08-27 13:32:00-04:00,12.225000381469727,12.229999542236328,12.194999694824219,12.210000038146973,79163
2026-08-27 13:33:00-04:00,12.21500015258789,12.239999771118164,12.21030044555664,12.225000381469727,92913
2026-08-27 13:34:00-04:00,12.209799766540527,12.255000114440918,12.204999923706055,12.219300270080566,173712
2026-08-27 13:35:00-04:00,12.21500015258789,12.219799995422363,12.199999809265137,12.204999923706055,92978
2026-08-27 13:36:00-04:00,12.214300155639648,12.21500015258789,12.199999809265137,12.21500015258789,56188
2026-08-27 13:37:00-04:00,12.206899642944336,12.217700004577637,12.20259952545166,12.211400032043457,41310
2026-08-27 13:38:00-04:00,12.210000038146973,12.219900131225586,12.199999809265137,12.204999923706055,33057
2026-08-27 13:39:00-04:00,12.1850004196167,12.210000038146973,12.180000305175781,12.204999923706055,57178
2026-08-27 13:40:00-04:00,12.194999694824219,12.199899673461914,12.180100440979004,12.1850004196167,49510
2026-08-27 13:41:00-04:00,12.175000190734863,12.194999694824219,12.175000190734863,12.194999694824219,59689
2026-08-27 13:42:00-04:00,12.170000076293945,12.180000305175781,12.15999984741211,12.180000305175781,112071
2026-08-27 13:43:00-04:00,12.1850004196167,12.195699691772461,12.15999984741211,12.170000076293945,71133
2026-08-27 13:44:00-04:00,12.154999732971191,12.180000305175781,12.149999618530273,12.180000305175781,69934
2026-08-27 13:45:00-04:00,12.130000114440918,12.15999984741211,12.130000114440918,12.157099723815918,152559
2026-08-27 13:46:00-04:00,12.147700309753418,12.149999618530273,12.130000114440918,12.135000228881836,99960
2026-08-27 13:47:00-04:00,12.164999961853027,12.170000076293945,12.140000343322754,12.147100448608398,147829
2026-08-27 13:48:00-04:00,12.164999961853027,12.170000076293945,12.15999984741211,12.169899940490723,48982
2026-08-27 13:49:00-04:00,12.194999694824219,12.194999694824219,12.149999618530273,12.162699699401855,113317
2026-08-27 13:50:00-04:00,12.21500015258789,12.220000267028809,12.1850004196167,12.194999694824219,93716
2026-08-27 13:51:00-04:00,12.194999694824219,12.22659969329834,12.180100440979004,12.211600303649902,80778
2026-08-27 13:52:00-04:00,12.15999984741211,12.199999809265137,12.154999732971191,12.194999694824219,149878
2026-08-27 13:53:00-04:00,12.154999732971191,12.15999984741211,12.135000228881836,12.151700019836426,103393
2026-08-27 13:54:00-04:00,12.149999618530273,12.15999984741211,12.149999618530273,12.149999618530273,65326
2026-08-27 13:55:00-04:00,12.150400161743164,12.15999984741211,12.145000457763672,12.149999618530273,54530
2026-08-27 13:56:00-04:00,12.154999732971191,12.15999984741211,12.140000343322754,12.154999732971191,123069
2026-08-27 13:57:00-04:00,12.140000343322754,12.15999984741211,12.140000343322754,12.154999732971191,36145
2026-08-27 13:58:00-04:00,12.13230037689209,12.139900207519531,12.119999885559082,12.135000228881836,64821
2026-08-27 13:59:00-04:00,12.119999885559082,12.139900207519531,12.119999885559082,12.130000114440918,32893
2026-08-27 14:00:00-04:00,12.109999656677246,12.119999885559082,12.100000381469727,12.119999885559082,96521
2026-08-27 14:01:00-04:00,12.113100051879883,12.119999885559082,12.100000381469727,12.104999542236328,102564
2026-08-27 14:02:00-04:00,12.145000457763672,12.145000457763672,12.100000381469727,12.11359977722168,135720
2026-08-27 14:03:00-04:00,12.114999771118164,12.149999618530273,12.114999771118164,12.149999618530273,49662
2026-08-27 14:04:00-04:00,12.110300064086914,12.130000114440918,12.109999656677246,12.115900039672852,133975
2026-08-27 14:05:00-04:00,12.130200386047363,12.149999618530273,12.109999656677246,12.110400199890137,117106
2026-08-27 14:06:00-04:00,12.145000457763672,12.145000457763672,12.130000114440918,12.135000228881836,61220
2026-08-27 14:07:00-04:00,12.177900314331055,12.1850004196167,12.144700050354004,12.145000457763672,108588
2026-08-27 14:08:00-04:00,12.154999732971191,12.179900169372559,12.150099754333496,12.175000190734863,109026
2026-08-27 14:09:00-04:00,12.145000457763672,12.15999984741211,12.14009952545166,12.149999618530273,66926
2026-08-27 14:10:00-04:00,12.104999542236328,12.149999618530273,12.100099563598633,12.145000457763672,122913
2026-08-27 14:11:00-04:00,12.114999771118164,12.116700172424316,12.100000381469727,12.109000205993652,122668
2026-08-27 14:12:00-04:00,12.095000267028809,12.116299629211426,12.095000267028809,12.116299629211426,81754
2026-08-27 14:13:00-04:00,12.08810043334961,12.116299629211426,12.079999923706055,12.099499702453613,101871
2026-08-27 14:14:00-04:00,12.10990047454834,12.109999656677246,12.079999923706055,12.085000038146973,132286
2026-08-27 14:15:00-04:00,12.139900207519531,12.149999618530273,12.109999656677246,12.109999656677246,166948
2026-08-27 14:16:00-04:00,12.095000267028809,12.140000343322754,12.079999923706055,12.140000343322754,84510
2026-08-27 14:17:00-04:00,12.095000267028809,12.100000381469727,12.079999923706055,12.09000015258789,51566
2026-08-27 14:18:00-04:00,12.09000015258789,12.100000381469727,12.09000015258789,12.09000015258789,41059
2026-08-27 14:19:00-04:00,12.104999542236328,12.109999656677246,12.09000015258789,12.095000267028809,56537
2026-08-27 14:20:00-04:00,12.0600004196167,12.104999542236328,12.050000190734863,12.100099563598633,234424
2026-08-27 14:21:00-04:00,11.992500305175781,12.069999694824219,11.989999771118164,12.0649995803833,303213
2026-08-27 14:22:00-04:00,12.024999618530273,12.029999732971191,11.98009967803955,11.994999885559082,169808
2026-08-27 14:23:00-04:00,12.005000114440918,12.039899826049805,12.0,12.024999618530273,46913
2026-08-27 14:24:00-04:00,12.018099784851074,12.020000457763672,11.994999885559082,12.000100135803223,116896
2026-08-27 14:25:00-04:00,12.010000228881836,12.01990032196045,12.005000114440918,12.015000343322754,19816
2026-08-27 14:26:00-04:00,12.024999618530273,12.024999618530273,11.994999885559082,11.994999885559082,68432
2026-08-27 14:27:00-04:00,12.020000457763672,12.029999732971191,12.020000457763672,12.024999618530273,63616
2026-08-27 14:28:00-04:00,12.020000457763672,12.039999961853027,12.020000457763672,12.024999618530273,77412
2026-08-27 14:29:00-04:00,12.015000343322754,12.024999618530273,12.0,12.024999618530273,50927
2026-08-27 14:30:00-04:00,12.023699760437012,12.024999618530273,12.010000228881836,12.015000343322754,82858
2026-08-27 14:31:00-04:00,12.015000343322754,12.024999618530273,12.010000228881836,12.024999618530273,45737
2026-08-27 14:32:00-04:00,11.984999656677246,12.024999618530273,11.979999542236328,12.015000343322754,121625
2026-08-27 14:33:00-04:00,11.9399995803833,11.984999656677246,11.9399995803833,11.984999656677246,138285
2026-08-27 14:34:00-04:00,11.944999694824219,11.954999923706055,11.933799743652344,11.933899879455566,146648
2026-08-27 14:35:00-04:00,11.975000381469727,11.979999542236328,11.942500114440918,11.942500114440918,427726
2026-08-27 14:36:00-04:00,11.975000381469727,11.989999771118164,11.970000267028809,11.970000267028809,162592
2026-08-27 14:37:00-04:00,11.975000381469727,11.989999771118164,11.975000381469727,11.979999542236328,103863
2026-08-27 14:38:00-04:00,12.015000343322754,12.015000343322754,11.970000267028809,11.977999687194824,67373
2026-08-27 14:39:00-04:00,12.056300163269043,12.056300163269043,12.008299827575684,12.015000343322754,97052
2026-08-27 14:40:00-04:00,12.074999809265137,12.079899787902832,12.050100326538086,12.055000305175781,84324
2026-08-27 14:41:00-04:00,12.093099594116211,12.100000381469727,12.069999694824219,12.074999809265137,180986
2026-08-27 14:42:00-04:00,12.095000267028809,12.109999656677246,12.092300415039062,12.092599868774414,67533
2026-08-27 14:43:00-04:00,12.089900016784668,12.095000267028809,12.079999923706055,12.095000267028809,70511
2026-08-27 14:44:00-04:00,12.092599868774414,12.100000381469727,12.085000038146973,12.085000038146973,58476
2026-08-27 14:45:00-04:00,12.100000381469727,12.100000381469727,12.083999633789062,12.095000267028809,60509
2026-08-27 14:46:00-04:00,12.115400314331055,12.129899978637695,12.100000381469727,12.10990047454834,202981
2026-08-27 14:47:00-04:00,12.125,12.125,12.104999542236328,12.114999771118164,72757
2026-08-27 14:48:00-04:00,12.125,12.140000343322754,12.12339973449707,12.125,34652
2026-08-27 14:49:00-04:00,12.100000381469727,12.125,12.100000381469727,12.125,47113
2026-08-27 14:50:00-04:00,12.085000038146973,12.094900131225586,12.0600004196167,12.090100288391113,129670
2026-08-27 14:51:00-04:00,12.095000267028809,12.110099792480469,12.069999694824219,12.080100059509277,94193
2026-08-27 14:52:00-04:00,12.090100288391113,12.125,12.090100288391113,12.095000267028809,99043
2026-08-27 14:53:00-04:00,12.100000381469727,12.109999656677246,12.09000015258789,12.09589958190918,67897
2026-08-27 14:54:00-04:00,12.089900016784668,12.104999542236328,12.082300186157227,12.104999542236328,39866
2026-08-27 14:55:00-04:00,12.061800003051758,12.09000015258789,12.061800003051758,12.085000038146973,74997
2026-08-27 14:56:00-04:00,12.0600004196167,12.069999694824219,12.050100326538086,12.0649995803833,67589
2026-08-27 14:57:00-04:00,12.069999694824219,12.079999923706055,12.045000076293945,12.054300308227539,133626
2026-08-27 14:58:00-04:00,12.085399627685547,12.095000267028809,12.069999694824219,12.074999809265137,93389
2026-08-27 14:59:00-04:00,12.089900016784668,12.095000267028809,12.074999809265137,12.079999923706055,57408
2026-08-27 15:00:00-04:00,12.095000267028809,12.109999656677246,12.074999809265137,12.085000038146973,78638
2026-08-27 15:01:00-04:00,12.069600105285645,12.09000015258789,12.0649995803833,12.09000015258789,67817
2026-08-27 15:02:00-04:00,12.050000190734863,12.069999694824219,12.050000190734863,12.069999694824219,109419
2026-08-27 15:03:00-04:00,12.082500457763672,12.085000038146973,12.045000076293945,12.050000190734863,92535
2026-08-27 15:04:00-04:00,12.0649995803833,12.100000381469727,12.0600004196167,12.09000015258789,71829
2026-08-27 15:05:00-04:00,12.079999923706055,12.089900016784668,12.0649995803833,12.0649995803833,82547
2026-08-27 15:06:00-04:00,12.09000015258789,12.100000381469727,12.079999923706055,12.085000038146973,30768
2026-08-27 15:07:00-04:00,12.074999809265137,12.099900245666504,12.072600364685059,12.089900016784668,12097
2026-08-27 15:08:00-04:00,12.063199996948242,12.074999809265137,12.055000305175781,12.074999809265137,52751
2026-08-27 15:09:00-04:00,12.0600004196167,12.0649995803833,12.050000190734863,12.0649995803833,95492
2026-08-27 15:10:00-04:00,12.055000305175781,12.069999694824219,12.050000190734863,12.055000305175781,72056
2026-08-27 15:11:00-04:00,12.059000015258789,12.069999694824219,12.050000190734863,12.055000305175781,74100
2026-08-27 15:12:00-04:00,12.081899642944336,12.085000038146973,12.050000190734863,12.055000305175781,58739
2026-08-27 15:13:00-04:00,12.0649995803833,12.089900016784668,12.0649995803833,12.085000038146973,37658
2026-08-27 15:14:00-04:00,12.060099601745605,12.067899703979492,12.0600004196167,12.0649995803833,62583
2026-08-27 15:15:00-04:00,12.050800323486328,12.0649995803833,12.039999961853027,12.0649995803833,63540
2026-08-27 15:16:00-04:00,12.057900428771973,12.0600004196167,12.031100273132324,12.05049991607666,69611
2026-08-27 15:17:00-04:00,12.072600364685059,12.076700210571289,12.055000305175781,12.055000305175781,33360
2026-08-27 15:18:00-04:00,12.069999694824219,12.074999809265137,12.0649995803833,12.074999809265137,42141
2026-08-27 15:19:00-04:00,12.0649995803833,12.085000038146973,12.0649995803833,12.074999809265137,67877
2026-08-27 15:20:00-04:00,12.069999694824219,12.079999923706055,12.0600004196167,12.069999694824219,86746
2026-08-27 15:21:00-04:00,12.0600004196167,12.079999923706055,12.0600004196167,12.0649995803833,76392
2026-08-27 15:22:00-04:00,12.055000305175781,12.076700210571289,12.055000305175781,12.069999694824219,14468
2026-08-27 15:23:00-04:00,12.039999961853027,12.0600004196167,12.039899826049805,12.055000305175781,52353
2026-08-27 15:24:00-04:00,12.045000076293945,12.04990005493164,12.039999961853027,12.039999961853027,21686
2026-08-27 15:25:00-04:00,12.055999755859375,12.0649995803833,12.03499984741211,12.045000076293945,131392
2026-08-27 15:26:00-04:00,12.045000076293945,12.0649995803833,12.045000076293945,12.055000305175781,54211
2026-08-27 15:27:00-04:00,12.045000076293945,12.055000305175781,12.03499984741211,12.045000076293945,94696
2026-08-27 15:28:00-04:00,12.050100326538086,12.056599617004395,12.045000076293945,12.045000076293945,41607
2026-08-27 15:29:00-04:00,12.045000076293945,12.0600004196167,12.039999961853027,12.055000305175781,49654
2026-08-27 15:30:00-04:00,12.015000343322754,12.055000305175781,12.010000228881836,12.050000190734863,104463
2026-08-27 15:31:00-04:00,12.005000114440918,12.020000457763672,11.979999542236328,12.010000228881836,108646
2026-08-27 15:32:00-04:00,11.989999771118164,12.015000343322754,11.989999771118164,12.005000114440918,151782
2026-08-27 15:33:00-04:00,11.8774995803833,11.989999771118164,11.864999771118164,11.989899635314941,353041
2026-08-27 15:34:00-04:00,11.921899795532227,11.929900169372559,11.869999885559082,11.875,202768
2026-08-27 15:35:00-04:00,11.904999732971191,11.925000190734863,11.90470027923584,11.925000190734863,83027
2026-08-27 15:36:00-04:00,11.850000381469727,11.904999732971191,11.845000267028809,11.904999732971191,152851
2026-08-27 15:37:00-04:00,11.859999656677246,11.880000114440918,11.84000015258789,11.845000267028809,294786
2026-08-27 15:38:00-04:00,11.889900207519531,11.890000343322754,11.854999542236328,11.859999656677246,164726
2026-08-27 15:39:00-04:00,11.885000228881836,11.890000343322754,11.875,11.885000228881836,122642
2026-08-27 15:40:00-04:00,11.845000267028809,11.885000228881836,11.840100288391113,11.880000114440918,71202
2026-08-27 15:41:00-04:00,11.845000267028809,11.859999656677246,11.84000015258789,11.850000381469727,300009
2026-08-27 15:42:00-04:00,11.854999542236328,11.859999656677246,11.84000015258789,11.845000267028809,98636
2026-08-27 15:43:00-04:00,11.854999542236328,11.859999656677246,11.845000267028809,11.850000381469727,135043
2026-08-27 15:44:00-04:00,11.852100372314453,11.869999885559082,11.850000381469727,11.854999542236328,55383
2026-08-27 15:45:00-04:00,11.844900131225586,11.85990047454834,11.84000015258789,11.850000381469727,147536
2026-08-27 15:46:00-04:00,11.824999809265137,11.849900245666504,11.8100004196167,11.840100288391113,135359
2026-08-27 15:47:00-04:00,11.824999809265137,11.829999923706055,11.8149995803833,11.819999694824219,119381
2026-08-27 15:48:00-04:00,11.835000038146973,11.84000015258789,11.820300102233887,11.824999809265137,110636
2026-08-27 15:49:00-04:00,11.8774995803833,11.879899978637695,11.835000038146973,11.84000015258789,162330
2026-08-27 15:50:00-04:00,11.864999771118164,11.875,11.859999656677246,11.875,173708
2026-08-27 15:51:00-04:00,11.864999771118164,11.875,11.859999656677246,11.864999771118164,159398
2026-08-27 15:52:00-04:00,11.885000228881836,11.890000343322754,11.864999771118164,11.864999771118164,203161
2026-08-27 15:53:00-04:00,11.875,11.895000457763672,11.875,11.885000228881836,177791
2026-08-27 15:54:00-04:00,11.897000312805176,11.920000076293945,11.869999885559082,11.878600120544434,419313
2026-08-27 15:55:00-04:00,11.890000343322754,11.904999732971191,11.869999885559082,11.890000343322754,309052
2026-08-27 15:56:00-04:00,11.895000457763672,11.90999984741211,11.869999885559082,11.895000457763672,278179
2026-08-27 15:57:00-04:00,11.864999771118164,11.899999618530273,11.859999656677246,11.895000457763672,171065
2026-08-27 15:58:00-04:00,11.864999771118164,11.86970043182373,11.84000015258789,11.864999771118164,490201
2026-08-27 15:59:00-04:00,11.864999771118164,11.869999885559082,11.84000015258789,11.864999771118164,487971
2026-08-28 09:30:00-04:00,11.449999809265137,11.600000381469727,11.4399995803833,11.529999732971191,1369012
2026-08-28 09:31:00-04:00,11.479999542236328,11.5600004196167,11.430000305175781,11.444999694824219,176320
2026-08-28 09:32:00-04:00,11.410099983215332,11.549599647521973,11.40999984741211,11.48799991607666,179885
2026-08-28 09:33:00-04:00,11.395000457763672,11.435799598693848,11.380000114440918,11.420000076293945,412057
2026-08-28 09:34:00-04:00,11.420000076293945,11.461999893188477,11.3681001663208,11.395000457763672,176832
2026-08-28 09:35:00-04:00,11.354999542236328,11.430000305175781,11.345000267028809,11.420000076293945,239949
2026-08-28 09:36:00-04:00,11.354999542236328,11.359999656677246,11.289999961853027,11.350000381469727,313930
2026-08-28 09:37:00-04:00,11.34000015258789,11.380000114440918,11.335000038146973,11.345000267028809,177956
2026-08-28 09:38:00-04:00,11.379899978637695,11.395999908447266,11.319999694824219,11.339900016784668,87301
2026-08-28 09:39:00-04:00,11.380000114440918,11.414999961853027,11.354999542236328,11.375,120305
2026-08-28 09:40:00-04:00,11.335000038146973,11.399900436401367,11.324999809265137,11.380000114440918,315199
2026-08-28 09:41:00-04:00,11.415800094604492,11.425000190734863,11.333999633789062,11.34000015258789,255739
2026-08-28 09:42:00-04:00,11.359999656677246,11.430000305175781,11.350099563598633,11.416500091552734,164146
2026-08-28 09:43:00-04:00,11.329999923706055,11.369999885559082,11.3100004196167,11.364999771118164,171794
2026-08-28 09:44:00-04:00,11.3149995803833,11.347700119018555,11.295000076293945,11.34000015258789,227081
2026-08-28 09:45:00-04:00,11.354999542236328,11.359999656677246,11.312199592590332,11.319999694824219,125966
2026-08-28 09:46:00-04:00,11.305000305175781,11.354999542236328,11.270000457763672,11.354999542236328,285151
2026-08-28 09:47:00-04:00,11.329999923706055,11.339900016784668,11.29010009765625,11.305000305175781,71346
2026-08-28 09:48:00-04:00,11.385000228881836,11.389900207519531,11.330100059509277,11.330100059509277,134176
2026-08-28 09:49:00-04:00,11.300000190734863,11.385000228881836,11.281900405883789,11.380000114440918,180685
2026-08-28 09:50:00-04:00,11.339900016784668,11.35990047454834,11.295000076293945,11.305000305175781,207196
2026-08-28 09:51:00-04:00,11.364999771118164,11.379899978637695,11.319999694824219,11.335000038146973,128851
2026-08-28 09:52:00-04:00,11.335000038146973,11.359999656677246,11.333600044250488,11.359999656677246,85996
2026-08-28 09:53:00-04:00,11.375,11.390000343322754,11.34000015258789,11.34000015258789,120597
2026-08-28 09:54:00-04:00,11.350000381469727,11.385000228881836,11.350000381469727,11.379500389099121,104172
2026-08-28 09:55:00-04:00,11.369999885559082,11.375,11.34000015258789,11.354999542236328,56489
2026-08-28 09:56:00-04:00,11.375,11.399999618530273,11.364999771118164,11.364999771118164,108002
2026-08-28 09:57:00-04:00,11.395000457763672,11.40999984741211,11.359999656677246,11.370100021362305,95783
2026-08-28 09:58:00-04:00,11.370100021362305,11.409899711608887,11.364999771118164,11.399900436401367,89195
2026-08-28 09:59:00-04:00,11.29990005493164,11.389900207519531,11.289999961853027,11.380000114440918,153333
2026-08-28 10:00:00-04:00,11.350000381469727,11.399999618530273,11.279999732971191,11.295000076293945,161468
2026-08-28 10:01:00-04:00,11.154999732971191,11.345000267028809,11.154999732971191,11.345000267028809,505261
2026-08-28 10:02:00-04:00,11.140000343322754,11.180000305175781,11.130000114440918,11.154999732971191,295397
2026-08-28 10:03:00-04:00,11.099900245666504,11.154999732971191,11.09000015258789,11.140000343322754,285112
2026-08-28 10:04:00-04:00,11.109999656677246,11.11989974975586,11.079999923706055,11.098999977111816,176797
2026-08-28 10:05:00-04:00,11.059900283813477,11.119999885559082,11.059900283813477,11.104999542236328,152514
2026-08-28 10:06:00-04:00,11.015000343322754,11.0600004196167,11.0,11.050000190734863,791204
2026-08-28 10:07:00-04:00,11.009900093078613,11.020000457763672,10.989999771118164,11.010000228881836,204862
2026-08-28 10:08:00-04:00,11.029999732971191,11.029999732971191,10.994999885559082,11.010000228881836,273388
2026-08-28 10:09:00-04:00,10.994999885559082,11.050000190734863,10.980500221252441,11.03499984741211,299784
2026-08-28 10:10:00-04:00,11.005000114440918,11.03499984741211,10.970000267028809,10.994999885559082,284930
2026-08-28 10:11:00-04:00,11.015000343322754,11.03499984741211,10.994999885559082,11.000100135803223,144361
2026-08-28 10:12:00-04:00,10.989999771118164,11.015000343322754,10.975000381469727,11.010000228881836,144486
2026-08-28 10:13:00-04:00,10.975000381469727,10.984999656677246,10.949999809265137,10.984999656677246,232333
2026-08-28 10:14:00-04:00,10.954999923706055,10.989999771118164,10.9350004196167,10.970000267028809,212987
2026-08-28 10:15:00-04:00,10.970000267028809,10.989999771118164,10.954999923706055,10.96500015258789,112575
2026-08-28 10:16:00-04:00,11.0,11.0,10.960000038146973,10.975000381469727,98743
2026-08-28 10:17:00-04:00,11.0,11.005999565124512,10.984999656677246,10.994999885559082,134697
2026-08-28 10:18:00-04:00,11.029899597167969,11.03499984741211,10.984999656677246,11.0,152467
2026-08-28 10:19:00-04:00,11.045000076293945,11.0600004196167,11.015000343322754,11.024999618530273,188845
2026-08-28 10:20:00-04:00,11.085000038146973,11.100000381469727,11.045000076293945,11.055000305175781,144301
2026-08-28 10:21:00-04:00,11.178000450134277,11.180000305175781,11.07979965209961,11.079899787902832,363121
2026-08-28 10:22:00-04:00,11.194999694824219,11.220000267028809,11.164999961853027,11.178000450134277,217205
2026-08-28 10:23:00-04:00,11.140000343322754,11.199999809265137,11.140000343322754,11.194999694824219,195962
2026-08-28 10:24:00-04:00,11.164999961853027,11.164999961853027,11.119999885559082,11.145000457763672,109334
2026-08-28 10:25:00-04:00,11.159899711608887,11.180000305175781,11.139800071716309,11.170000076293945,48275
2026-08-28 10:26:00-04:00,11.157699584960938,11.15999984741211,11.119999885559082,11.149999618530273,88765
2026-08-28 10:27:00-04:00,11.125,11.170000076293945,11.114999771118164,11.15999984741211,107233
2026-08-28 10:28:00-04:00,11.135000228881836,11.149999618530273,11.110099792480469,11.124199867248535,126298
2026-08-28 10:29:00-04:00,11.175000190734863,11.1899995803833,11.119999885559082,11.135000228881836,100744
2026-08-28 10:30:00-04:00,11.140000343322754,11.179900169372559,11.120499610900879,11.170100212097168,68351
2026-08-28 10:31:00-04:00,11.170999526977539,11.170999526977539,11.125,11.140000343322754,124723
2026-08-28 10:32:00-04:00,11.170100212097168,11.199899673461914,11.164999961853027,11.179900169372559,106201
2026-08-28 10:33:00-04:00,11.1850004196167,11.1899995803833,11.154999732971191,11.175000190734863,41943
2026-08-28 10:34:00-04:00,11.220000267028809,11.220000267028809,11.170000076293945,11.175000190734863,98652
2026-08-28 10:35:00-04:00,11.259300231933594,11.265000343322754,11.225000381469727,11.225000381469727,239076
2026-08-28 10:36:00-04:00,11.256199836730957,11.270000457763672,11.229999542236328,11.255000114440918,151076
2026-08-28 10:37:00-04:00,11.329999923706055,11.329999923706055,11.255000114440918,11.255000114440918,181971
2026-08-28 10:38:00-04:00,11.329999923706055,11.359999656677246,11.32450008392334,11.324999809265137,179103
2026-08-28 10:39:00-04:00,11.295000076293945,11.34000015258789,11.289999961853027,11.335000038146973,99967
2026-08-28 10:40:00-04:00,11.265000343322754,11.300000190734863,11.255000114440918,11.300000190734863,211987
2026-08-28 10:41:00-04:00,11.219900131225586,11.265000343322754,11.210000038146973,11.265000343322754,137860
2026-08-28 10:42:00-04:00,11.21500015258789,11.229999542236328,11.210000038146973,11.220000267028809,78155
2026-08-28 10:43:00-04:00,11.204999923706055,11.234999656677246,11.199999809265137,11.225000381469727,85548
2026-08-28 10:44:00-04:00,11.21500015258789,11.234999656677246,11.1899995803833,11.210000038146973,81401
2026-08-28 10:45:00-04:00,11.192999839782715,11.220000267028809,11.1899995803833,11.205699920654297,76322
2026-08-28 10:46:00-04:00,11.15999984741211,11.199899673461914,11.154999732971191,11.194999694824219,125320
2026-08-28 10:47:00-04:00,11.114999771118164,11.15999984741211,11.114999771118164,11.149999618530273,70079
2026-08-28 10:48:00-04:00,11.07859992980957,11.119999885559082,11.069999694824219,11.114999771118164,215086
2026-08-28 10:49:00-04:00,11.119999885559082,11.119999885559082,11.074999809265137,11.074999809265137,89261
2026-08-28 10:50:00-04:00,11.135000228881836,11.145000457763672,11.114999771118164,11.125,88148
2026-08-28 10:51:00-04:00,11.104999542236328,11.135000228881836,11.100000381469727,11.135000228881836,146234
2026-08-28 10:52:00-04:00,11.095000267028809,11.109999656677246,11.09000015258789,11.104999542236328,88925
2026-08-28 10:53:00-04:00,11.117600440979004,11.125,11.095000267028809,11.095000267028809,71064
2026-08-28 10:54:00-04:00,11.130000114440918,11.140000343322754,11.114999771118164,11.114999771118164,51755
2026-08-28 10:55:00-04:00,11.13599967956543,11.136099815368652,11.110099792480469,11.125,56904
2026-08-28 10:56:00-04:00,11.130000114440918,11.140000343322754,11.125,11.135000228881836,99590
2026-08-28 10:57:00-04:00,11.145000457763672,11.15999984741211,11.125,11.125,36771
2026-08-28 10:58:00-04:00,11.149999618530273,11.154999732971191,11.140000343322754,11.149999618530273,77649
2026-08-28 10:59:00-04:00,11.130000114440918,11.157899856567383,11.120100021362305,11.145000457763672,94768
2026-08-28 11:00:00-04:00,11.154999732971191,11.170000076293945,11.134499549865723,11.134499549865723,68235
2026-08-28 11:01:00-04:00,11.135000228881836,11.159899711608887,11.135000228881836,11.154999732971191,90216
2026-08-28 11:02:00-04:00,11.112600326538086,11.139100074768066,11.109999656677246,11.130000114440918,106983
2026-08-28 11:03:00-04:00,11.125,11.149999618530273,11.104999542236328,11.114999771118164,78228
2026-08-28 11:04:00-04:00,11.13010025024414,11.149999618530273,11.125,11.128999710083008,44013
2026-08-28 11:05:00-04:00,11.125,11.135000228881836,11.114999771118164,11.130000114440918,108289
2026-08-28 11:06:00-04:00,11.100000381469727,11.129899978637695,11.09000015258789,11.125,90693
2026-08-28 11:07:00-04:00,11.100000381469727,11.119099617004395,11.069999694824219,11.100000381469727,170444
2026-08-28 11:08:00-04:00,11.095000267028809,11.104999542236328,11.085000038146973,11.104999542236328,146273
2026-08-28 11:09:00-04:00,11.085000038146973,11.104999542236328,11.085000038146973,11.095000267028809,29087
2026-08-28 11:10:00-04:00,11.104999542236328,11.114999771118164,11.079999923706055,11.085000038146973,41999
2026-08-28 11:11:00-04:00,11.085000038146973,11.10990047454834,11.079999923706055,11.104999542236328,42356
2026-08-28 11:12:00-04:00,11.097999572753906,11.109999656677246,11.085000038146973,11.09000015258789,51642
2026-08-28 11:13:00-04:00,11.089900016784668,11.100000381469727,11.079999923706055,11.100000381469727,44327
2026-08-28 11:14:00-04:00,11.055000305175781,11.095000267028809,11.039999961853027,11.09000015258789,149840
2026-08-28 11:15:00-04:00,11.039999961853027,11.0600004196167,11.039999961853027,11.039999961853027,216383
2026-08-28 11:16:00-04:00,11.055800437927246,11.069999694824219,11.030500411987305,11.039999961853027,63943
2026-08-28 11:17:00-04:00,11.079999923706055,11.079999923706055,11.055000305175781,11.0600004196167,72686
2026-08-28 11:18:00-04:00,11.079899787902832,11.079999923706055,11.0600004196167,11.079999923706055,50425
2026-08-28 11:19:00-04:00,11.074999809265137,11.09000015258789,11.060500144958496,11.074999809265137,43006
2026-08-28 11:20:00-04:00,11.09000015258789,11.095000267028809,11.070099830627441,11.079999923706055,64385
2026-08-28 11:21:00-04:00,11.055000305175781,11.089900016784668,11.04010009765625,11.085000038146973,99099
2026-08-28 11:22:00-04:00,11.051199913024902,11.0600004196167,11.045000076293945,11.055000305175781,31752
2026-08-28 11:23:00-04:00,11.055000305175781,11.074999809265137,11.055000305175781,11.05519962310791,42534
2026-08-28 11:24:00-04:00,11.0649995803833,11.069999694824219,11.039999961853027,11.050399780273438,56428
2026-08-28 11:25:00-04:00,11.0600004196167,11.079999923706055,11.0600004196167,11.060099601745605,39408
2026-08-28 11:26:00-04:00,11.059599876403809,11.069899559020996,11.055000305175781,11.069899559020996,25448
2026-08-28 11:27:00-04:00,11.01990032196045,11.059900283813477,11.015000343322754,11.050100326538086,125699
2026-08-28 11:28:00-04:00,10.989999771118164,11.016200065612793,10.989999771118164,11.015000343322754,257029
2026-08-28 11:29:00-04:00,10.994999885559082,11.0,10.970000267028809,10.989999771118164,121124
2026-08-28 11:30:00-04:00,10.975000381469727,11.0,10.96500015258789,10.994999885559082,233305
2026-08-28 11:31:00-04:00,10.939900398254395,10.979900360107422,10.930000305175781,10.975000381469727,295576
2026-08-28 11:32:00-04:00,10.96500015258789,10.970000267028809,10.925000190734863,10.9350004196167,228798
2026-08-28 11:33:00-04:00,10.975000381469727,10.979999542236328,10.949999809265137,10.969499588012695,117516
2026-08-28 11:34:00-04:00,10.960100173950195,10.989999771118164,10.960000038146973,10.975000381469727,160192
2026-08-28 11:35:00-04:00,10.96500015258789,10.967700004577637,10.949999809265137,10.96500015258789,62568
2026-08-28 11:36:00-04:00,10.969900131225586,10.979999542236328,10.960000038146973,10.960000038146973,62633
2026-08-28 11:37:00-04:00,10.956500053405762,10.969900131225586,10.944999694824219,10.969900131225586,106431
2026-08-28 11:38:00-04:00,10.954999923706055,10.960000038146973,10.9399995803833,10.949999809265137,103210
2026-08-28 11:39:00-04:00,10.931400299072266,10.949999809265137,10.930000305175781,10.949999809265137,136479
2026-08-28 11:40:00-04:00,10.87969970703125,10.9350004196167,10.87969970703125,10.930000305175781,317150
2026-08-28 11:41:00-04:00,10.890600204467773,10.904999732971191,10.859999656677246,10.869999885559082,262935
2026-08-28 11:42:00-04:00,10.897299766540527,10.90999984741211,10.88010025024414,10.885000228881836,135754
2026-08-28 11:43:00-04:00,10.895000457763672,10.899999618530273,10.880000114440918,10.895000457763672,187200
2026-08-28 11:44:00-04:00,10.878100395202637,10.890000343322754,10.87399959564209,10.890000343322754,206590
2026-08-28 11:45:00-04:00,10.880000114440918,10.899999618530273,10.869999885559082,10.879899978637695,77984
2026-08-28 11:46:00-04:00,10.900199890136719,10.909899711608887,10.869999885559082,10.869999885559082,130752
2026-08-28 11:47:00-04:00,10.879899978637695,10.899999618530273,10.875,10.899999618530273,84355
2026-08-28 11:48:00-04:00,10.890000343322754,10.895000457763672,10.864999771118164,10.876799583435059,146089
2026-08-28 11:49:00-04:00,10.89900016784668,10.899999618530273,10.880000114440918,10.895000457763672,82730
2026-08-28 11:50:00-04:00,10.899999618530273,10.906000137329102,10.890000343322754,10.890000343322754,39440
2026-08-28 11:51:00-04:00,10.885000228881836,10.899999618530273,10.880000114440918,10.899900436401367,85753
2026-08-28 11:52:00-04:00,10.889900207519531,10.890000343322754,10.880000114440918,10.885000228881836,30672
2026-08-28 11:53:00-04:00,10.890000343322754,10.90999984741211,10.880000114440918,10.885000228881836,61197
2026-08-28 11:54:00-04:00,10.885000228881836,10.890000343322754,10.850000381469727,10.880000114440918,164601
2026-08-28 11:55:00-04:00,10.845000267028809,10.890000343322754,10.84000015258789,10.889900207519531,115498
2026-08-28 11:56:00-04:00,10.829999923706055,10.850000381469727,10.8100004196167,10.845000267028809,191766
2026-08-28 11:57:00-04:00,10.829899787902832,10.829999923706055,10.8100004196167,10.829899787902832,82139
2026-08-28 11:58:00-04:00,10.8149995803833,10.84000015258789,10.8149995803833,10.819999694824219,50702
2026-08-28 11:59:00-04:00,10.795000076293945,10.818099975585938,10.779999732971191,10.810500144958496,233008
2026-08-28 12:00:00-04:00,10.789999961853027,10.8100004196167,10.789999961853027,10.789999961853027,73303
2026-08-28 12:01:00-04:00,10.744999885559082,10.789999961853027,10.720000267028809,10.789999961853027,270637
2026-08-28 12:02:00-04:00,10.755000114440918,10.760000228881836,10.739999771118164,10.744999885559082,128637
2026-08-28 12:03:00-04:00,10.765000343322754,10.770000457763672,10.739999771118164,10.760000228881836,96346
2026-08-28 12:04:00-04:00,10.765000343322754,10.779999732971191,10.765000343322754,10.770000457763672,87705
2026-08-28 12:05:00-04:00,10.800000190734863,10.800000190734863,10.755000114440918,10.765000343322754,83434
2026-08-28 12:06:00-04:00,10.805000305175781,10.805000305175781,10.78499984741211,10.793499946594238,81401
2026-08-28 12:07:00-04:00,10.820099830627441,10.845000267028809,10.805000305175781,10.805000305175781,145397
2026-08-28 12:08:00-04:00,10.829899787902832,10.829999923706055,10.805000305175781,10.819999694824219,149888
2026-08-28 12:09:00-04:00,10.849900245666504,10.849900245666504,10.819999694824219,10.824999809265137,92105
2026-08-28 12:10:00-04:00,10.864999771118164,10.869999885559082,10.829999923706055,10.845000267028809,265996
2026-08-28 12:11:00-04:00,10.819899559020996,10.864999771118164,10.8100004196167,10.864999771118164,168801
2026-08-28 12:12:00-04:00,10.817700386047363,10.824999809265137,10.805000305175781,10.819899559020996,58598
2026-08-28 12:13:00-04:00,10.805000305175781,10.819999694824219,10.800000190734863,10.8100004196167,50754
2026-08-28 12:14:00-04:00,10.789999961853027,10.8100004196167,10.789999961853027,10.805000305175781,103457
2026-08-28 12:15:00-04:00,10.781900405883789,10.809900283813477,10.779999732971191,10.789999961853027,82344
2026-08-28 12:16:00-04:00,10.761899948120117,10.78499984741211,10.760000228881836,10.779999732971191,110379
2026-08-28 12:17:00-04:00,10.744999885559082,10.770000457763672,10.739999771118164,10.765000343322754,99331
2026-08-28 12:18:00-04:00,10.744999885559082,10.760000228881836,10.739999771118164,10.744999885559082,41078
2026-08-28 12:19:00-04:00,10.755000114440918,10.765000343322754,10.740099906921387,10.744500160217285,99587
2026-08-28 12:20:00-04:00,10.755000114440918,10.779999732971191,10.75,10.760000228881836,74296
2026-08-28 12:21:00-04:00,10.75,10.760000228881836,10.729999542236328,10.75,72380
2026-08-28 12:22:00-04:00,10.75,10.770000457763672,10.744999885559082,10.755000114440918,51319
2026-08-28 12:23:00-04:00,10.744999885559082,10.759900093078613,10.739999771118164,10.759900093078613,41736
2026-08-28 12:24:00-04:00,10.725000381469727,10.75,10.710000038146973,10.739999771118164,181170
2026-08-28 12:25:00-04:00,10.739999771118164,10.739999771118164,10.720000267028809,10.720000267028809,141626
2026-08-28 12:26:00-04:00,10.725000381469727,10.734999656677246,10.719799995422363,10.734999656677246,61697
2026-08-28 12:27:00-04:00,10.743599891662598,10.744999885559082,10.723299980163574,10.725000381469727,96201
2026-08-28 12:28:00-04:00,10.744999885559082,10.760000228881836,10.739999771118164,10.744999885559082,59231
2026-08-28 12:29:00-04:00,10.755000114440918,10.770000457763672,10.739999771118164,10.739999771118164,49388
2026-08-28 12:30:00-04:00,10.78499984741211,10.789899826049805,10.750100135803223,10.750100135803223,72959
2026-08-28 12:31:00-04:00,10.79010009765625,10.805000305175781,10.779999732971191,10.783699989318848,79988
2026-08-28 12:32:00-04:00,10.805500030517578,10.819999694824219,10.789999961853027,10.795000076293945,60847
2026-08-28 12:33:00-04:00,10.779899597167969,10.8100004196167,10.770099639892578,10.800000190734863,120737
2026-08-28 12:34:00-04:00,10.744999885559082,10.779999732971191,10.739999771118164,10.774999618530273,67502
2026-08-28 12:35:00-04:00,10.765000343322754,10.765000343322754,10.739999771118164,10.744999885559082,89288
2026-08-28 12:36:00-04:00,10.770000457763672,10.770000457763672,10.755000114440918,10.765000343322754,65459
2026-08-28 12:37:00-04:00,10.770000457763672,10.770000457763672,10.755000114440918,10.765000343322754,30496
2026-08-28 12:38:00-04:00,10.774999618530273,10.779999732971191,10.755000114440918,10.765000343322754,43359
2026-08-28 12:39:00-04:00,10.744999885559082,10.779899597167969,10.734999656677246,10.770000457763672,150907
2026-08-28 12:40:00-04:00,10.73009967803955,10.755000114440918,10.73009967803955,10.738100051879883,48653
2026-08-28 12:41:00-04:00,10.700400352478027,10.729999542236328,10.6899995803833,10.729999542236328,194405
2026-08-28 12:42:00-04:00,10.720000267028809,10.725000381469727,10.700499534606934,10.704999923706055,53676
2026-08-28 12:43:00-04:00,10.699999809265137,10.720000267028809,10.6899995803833,10.71500015258789,49984
2026-08-28 12:44:00-04:00,10.71500015258789,10.720000267028809,10.680000305175781,10.694999694824219,143634
2026-08-28 12:45:00-04:00,10.774999618530273,10.779899597167969,10.71500015258789,10.71500015258789,129202
2026-08-28 12:46:00-04:00,10.78499984741211,10.8100004196167,10.779999732971191,10.779999732971191,119082
2026-08-28 12:47:00-04:00,10.789999961853027,10.8100004196167,10.780099868774414,10.78499984741211,109400
2026-08-28 12:48:00-04:00,10.78499984741211,10.800000190734863,10.779999732971191,10.789999961853027,59476
2026-08-28 12:49:00-04:00,10.78499984741211,10.800000190734863,10.774999618530273,10.789999961853027,115411
2026-08-28 12:50:00-04:00,10.765000343322754,10.789999961853027,10.76099967956543,10.780099868774414,54319
2026-08-28 12:51:00-04:00,10.789999961853027,10.809900283813477,10.770000457763672,10.770000457763672,88231
2026-08-28 12:52:00-04:00,10.805000305175781,10.805000305175781,10.78279972076416,10.79990005493164,67294
2026-08-28 12:53:00-04:00,10.760000228881836,10.800000190734863,10.755000114440918,10.800000190734863,77965
2026-08-28 12:54:00-04:00,10.744999885559082,10.760000228881836,10.744999885559082,10.755000114440918,47180
2026-08-28 12:55:00-04:00,10.755000114440918,10.760000228881836,10.740099906921387,10.74209976196289,42960
2026-08-28 12:56:00-04:00,10.760000228881836,10.760000228881836,10.744999885559082,10.755000114440918,32133
2026-08-28 12:57:00-04:00,10.761199951171875,10.770000457763672,10.75,10.759900093078613,32889
2026-08-28 12:58:00-04:00,10.758000373840332,10.770000457763672,10.755000114440918,10.765000343322754,24549
2026-08-28 12:59:00-04:00,10.729900360107422,10.759900093078613,10.720100402832031,10.755000114440918,54188
2026-08-28 13:00:00-04:00,10.694999694824219,10.75,10.6899995803833,10.729900360107422,105972
2026-08-28 13:01:00-04:00,10.699899673461914,10.699899673461914,10.680000305175781,10.694999694824219,63492
2026-08-28 13:02:00-04:00,10.71500015258789,10.720000267028809,10.6850004196167,10.699899673461914,83329
2026-08-28 13:03:00-04:00,10.719900131225586,10.720000267028809,10.704999923706055,10.71500015258789,84238
2026-08-28 13:04:00-04:00,10.710100173950195,10.739899635314941,10.704999923706055,10.720000267028809,104081
2026-08-28 13:05:00-04:00,10.704999923706055,10.719900131225586,10.694999694824219,10.719900131225586,82320
2026-08-28 13:06:00-04:00,10.704999923706055,10.710000038146973,10.6899995803833,10.70009994506836,71374
2026-08-28 13:07:00-04:00,10.71500015258789,10.719900131225586,10.700499534606934,10.704999923706055,83949
2026-08-28 13:08:00-04:00,10.734999656677246,10.739999771118164,10.71500015258789,10.71500015258789,121425
2026-08-28 13:09:00-04:00,10.710100173950195,10.739999771118164,10.710100173950195,10.739999771118164,112540
2026-08-28 13:10:00-04:00,10.699999809265137,10.720000267028809,10.699999809265137,10.71500015258789,58940
2026-08-28 13:11:00-04:00,10.719900131225586,10.720000267028809,10.704999923706055,10.710000038146973,55424
2026-08-28 13:12:00-04:00,10.729900360107422,10.739999771118164,10.71500015258789,10.71500015258789,41192
2026-08-28 13:13:00-04:00,10.725000381469727,10.739899635314941,10.710100173950195,10.725000381469727,35216
2026-08-28 13:14:00-04:00,10.725000381469727,10.729999542236328,10.71500015258789,10.725000381469727,54349
2026-08-28 13:15:00-04:00,10.714300155639648,10.725000381469727,10.704999923706055,10.725000381469727,49668
2026-08-28 13:16:00-04:00,10.71500015258789,10.720000267028809,10.710000038146973,10.714900016784668,19586
2026-08-28 13:17:00-04:00,10.729900360107422,10.729999542236328,10.71500015258789,10.71500015258789,30235
2026-08-28 13:18:00-04:00,10.725000381469727,10.729900360107422,10.720000267028809,10.725000381469727,28571
2026-08-28 13:19:00-04:00,10.725000381469727,10.739999771118164,10.720100402832031,10.729999542236328,53998
2026-08-28 13:20:00-04:00,10.725000381469727,10.729999542236328,10.710000038146973,10.720000267028809,62892
2026-08-28 13:21:00-04:00,10.699999809265137,10.720000267028809,10.699999809265137,10.71500015258789,75802
2026-08-28 13:22:00-04:00,10.694999694824219,10.699999809265137,10.69379997253418,10.694999694824219,18646
2026-08-28 13:23:00-04:00,10.704999923706055,10.710000038146973,10.694999694824219,10.699700355529785,27077
2026-08-28 13:24:00-04:00,10.70989990234375,10.70989990234375,10.701199531555176,10.704999923706055,10753
2026-08-28 13:25:00-04:00,10.704999923706055,10.710000038146973,10.699999809265137,10.704999923706055,30676
2026-08-28 13:26:00-04:00,10.715900421142578,10.720000267028809,10.699999809265137,10.704999923706055,62887
2026-08-28 13:27:00-04:00,10.725000381469727,10.729999542236328,10.710100173950195,10.720000267028809,30102
2026-08-28 13:28:00-04:00,10.739299774169922,10.739999771118164,10.720100402832031,10.725000381469727,30368
2026-08-28 13:29:00-04:00,10.7298002243042,10.739999771118164,10.720100402832031,10.734999656677246,42479
2026-08-28 13:30:00-04:00,10.725000381469727,10.729999542236328,10.71500015258789,10.725000381469727,65797
2026-08-28 13:31:00-04:00,10.725000381469727,10.729999542236328,10.720000267028809,10.724599838256836,26610
2026-08-28 13:32:00-04:00,10.725000381469727,10.739999771118164,10.725000381469727,10.729900360107422,73694
2026-08-28 13:33:00-04:00,10.731800079345703,10.739999771118164,10.725000381469727,10.727999687194824,39882
2026-08-28 13:34:00-04:00,10.70009994506836,10.739999771118164,10.699999809265137,10.739899635314941,79392
2026-08-28 13:35:00-04:00,10.710100173950195,10.720000267028809,10.694999694824219,10.704999923706055,71050
2026-08-28 13:36:00-04:00,10.704999923706055,10.71500015258789,10.704999923706055,10.71500015258789,45645
2026-08-28 13:37:00-04:00,10.694999694824219,10.710000038146973,10.6899995803833,10.704999923706055,49951
2026-08-28 13:38:00-04:00,10.694999694824219,10.710000038146973,10.694999694824219,10.699899673461914,101366
2026-08-28 13:39:00-04:00,10.699899673461914,10.699999809265137,10.6850004196167,10.699000358581543,52107
2026-08-28 13:40:00-04:00,10.694999694824219,10.699999809265137,10.690099716186523,10.690099716186523,33357
2026-08-28 13:41:00-04:00,10.70009994506836,10.710000038146973,10.6899995803833,10.692299842834473,42506
2026-08-28 13:42:00-04:00,10.710000038146973,10.710000038146973,10.694999694824219,10.704999923706055,54231
2026-08-28 13:43:00-04:00,10.690099716186523,10.70989990234375,10.690099716186523,10.708000183105469,16194
2026-08-28 13:44:00-04:00,10.6899995803833,10.694999694824219,10.6899995803833,10.6899995803833,5508
2026-08-28 13:45:00-04:00,10.70009994506836,10.704999923706055,10.690099716186523,10.699999809265137,34905
2026-08-28 13:46:00-04:00,10.704999923706055,10.71780014038086,10.70009994506836,10.70009994506836,32807
2026-08-28 13:47:00-04:00,10.704999923706055,10.70989990234375,10.6899995803833,10.70930004119873,59712
2026-08-28 13:48:00-04:00,10.699999809265137,10.70989990234375,10.6899995803833,10.708999633789062,31422
2026-08-28 13:49:00-04:00,10.710000038146973,10.710000038146973,10.694999694824219,10.699999809265137,84847
2026-08-28 13:50:00-04:00,10.699999809265137,10.719900131225586,10.694999694824219,10.710000038146973,50410
2026-08-28 13:51:00-04:00,10.699899673461914,10.710000038146973,10.694999694824219,10.694999694824219,56173
2026-08-28 13:52:00-04:00,10.699899673461914,10.704999923706055,10.691399574279785,10.699999809265137,25098
2026-08-28 13:53:00-04:00,10.706000328063965,10.708100318908691,10.694999694824219,10.697999954223633,41357
2026-08-28 13:54:00-04:00,10.694999694824219,10.704999923706055,10.694999694824219,10.704999923706055,26636
2026-08-28 13:55:00-04:00,10.694999694824219,10.699999809265137,10.680100440979004,10.690099716186523,37884
2026-08-28 13:56:00-04:00,10.690099716186523,10.694999694824219,10.6850004196167,10.694000244140625,32531
2026-08-28 13:57:00-04:00,10.690099716186523,10.699899673461914,10.690099716186523,10.694999694824219,27265
2026-08-28 13:58:00-04:00,10.694999694824219,10.699999809265137,10.6850004196167,10.699899673461914,36885
2026-08-28 13:59:00-04:00,10.71500015258789,10.71500015258789,10.690099716186523,10.690099716186523,62046
2026-08-28 14:00:00-04:00,10.720000267028809,10.720000267028809,10.710100173950195,10.710100173950195,19566
2026-08-28 14:01:00-04:00,10.71500015258789,10.720000267028809,10.694999694824219,10.720000267028809,36482
2026-08-28 14:02:00-04:00,10.71500015258789,10.71500015258789,10.70009994506836,10.71500015258789,29228
2026-08-28 14:03:00-04:00,10.704999923706055,10.720000267028809,10.704999923706055,10.71500015258789,29648
2026-08-28 14:04:00-04:00,10.694999694824219,10.706000328063965,10.694999694824219,10.704999923706055,55172
2026-08-28 14:05:00-04:00,10.699999809265137,10.710000038146973,10.692099571228027,10.692099571228027,17835
2026-08-28 14:06:00-04:00,10.694999694824219,10.699999809265137,10.6899995803833,10.694999694824219,12350
2026-08-28 14:07:00-04:00,10.694999694824219,10.699999809265137,10.6899995803833,10.694999694824219,37823
2026-08-28 14:08:00-04:00,10.71500015258789,10.720000267028809,10.6899995803833,10.690299987792969,48008
2026-08-28 14:09:00-04:00,10.699999809265137,10.719900131225586,10.699999809265137,10.71500015258789,31627
2026-08-28 14:10:00-04:00,10.694999694824219,10.710000038146973,10.694999694824219,10.704999923706055,29414
2026-08-28 14:11:00-04:00,10.699999809265137,10.699999809265137,10.690099716186523,10.697699546813965,18612
2026-08-28 14:12:00-04:00,10.6850004196167,10.699999809265137,10.680000305175781,10.694999694824219,27266
2026-08-28 14:13:00-04:00,10.675000190734863,10.698100090026855,10.670000076293945,10.6850004196167,71631
2026-08-28 14:14:00-04:00,10.670100212097168,10.680000305175781,10.65999984741211,10.67020034790039,79938
2026-08-28 14:15:00-04:00,10.680000305175781,10.680000305175781,10.670000076293945,10.675000190734863,14087
2026-08-28 14:16:00-04:00,10.65999984741211,10.680000305175781,10.65999984741211,10.675000190734863,58087
2026-08-28 14:17:00-04:00,10.654999732971191,10.65999984741211,10.640000343322754,10.65999984741211,106728
2026-08-28 14:18:00-04:00,10.654999732971191,10.664999961853027,10.649999618530273,10.649999618530273,54205
2026-08-28 14:19:00-04:00,10.645000457763672,10.65999984741211,10.64009952545166,10.650099754333496,16882
2026-08-28 14:20:00-04:00,10.654999732971191,10.65999984741211,10.642600059509277,10.645000457763672,43995
2026-08-28 14:21:00-04:00,10.649999618530273,10.650099754333496,10.64009952545166,10.650099754333496,33563
2026-08-28 14:22:00-04:00,10.654999732971191,10.657999992370605,10.645000457763672,10.645000457763672,59831
2026-08-28 14:23:00-04:00,10.649900436401367,10.670000076293945,10.64210033416748,10.650099754333496,57884
2026-08-28 14:24:00-04:00,10.654999732971191,10.65999984741211,10.64009952545166,10.649900436401367,35529
2026-08-28 14:25:00-04:00,10.659899711608887,10.65999984741211,10.649999618530273,10.65999984741211,21428
2026-08-28 14:26:00-04:00,10.670000076293945,10.670000076293945,10.654999732971191,10.659899711608887,25392
2026-08-28 14:27:00-04:00,10.670000076293945,10.680000305175781,10.664999961853027,10.670000076293945,64861
2026-08-28 14:28:00-04:00,10.679900169372559,10.680000305175781,10.65999984741211,10.670000076293945,43214
2026-08-28 14:29:00-04:00,10.670000076293945,10.680000305175781,10.660300254821777,10.675000190734863,29936
2026-08-28 14:30:00-04:00,10.675000190734863,10.675000190734863,10.664999961853027,10.669899940490723,21861
2026-08-28 14:31:00-04:00,10.680000305175781,10.680000305175781,10.664999961853027,10.680000305175781,58649
2026-08-28 14:32:00-04:00,10.654999732971191,10.680000305175781,10.649999618530273,10.679900169372559,59309
2026-08-28 14:33:00-04:00,10.664999961853027,10.670000076293945,10.649999618530273,10.654999732971191,33246
2026-08-28 14:34:00-04:00,10.680000305175781,10.680000305175781,10.65999984741211,10.664999961853027,38208
2026-08-28 14:35:00-04:00,10.6899995803833,10.6899995803833,10.675000190734863,10.675000190734863,98732
2026-08-28 14:36:00-04:00,10.670999526977539,10.6850004196167,10.670000076293945,10.6850004196167,27023
2026-08-28 14:37:00-04:00,10.659899711608887,10.675000190734863,10.649999618530273,10.675000190734863,27416
2026-08-28 14:38:00-04:00,10.645000457763672,10.654999732971191,10.640000343322754,10.654999732971191,26216
2026-08-28 14:39:00-04:00,10.645000457763672,10.649999618530273,10.640000343322754,10.645000457763672,17244
2026-08-28 14:40:00-04:00,10.649900436401367,10.649999618530273,10.642000198364258,10.645000457763672,28545
2026-08-28 14:41:00-04:00,10.645000457763672,10.649999618530273,10.645000457763672,10.645000457763672,14234
2026-08-28 14:42:00-04:00,10.635000228881836,10.649800300598145,10.630000114440918,10.649800300598145,31727
2026-08-28 14:43:00-04:00,10.635000228881836,10.640000343322754,10.630000114440918,10.635000228881836,74329
2026-08-28 14:44:00-04:00,10.635000228881836,10.640000343322754,10.630000114440918,10.630000114440918,6490
2026-08-28 14:45:00-04:00,10.635000228881836,10.649999618530273,10.630000114440918,10.63010025024414,82963
2026-08-28 14:46:00-04:00,10.618499755859375,10.640000343322754,10.614999771118164,10.635000228881836,97520
2026-08-28 14:47:00-04:00,10.614999771118164,10.619999885559082,10.610099792480469,10.61989974975586,34600
2026-08-28 14:48:00-04:00,10.609999656677246,10.609999656677246,10.600000381469727,10.609999656677246,76017
2026-08-28 14:49:00-04:00,10.600000381469727,10.609999656677246,10.59000015258789,10.609999656677246,119205
2026-08-28 14:50:00-04:00,10.585000038146973,10.595000267028809,10.579999923706055,10.595000267028809,39166
2026-08-28 14:51:00-04:00,10.595100402832031,10.600000381469727,10.579999923706055,10.581000328063965,77842
2026-08-28 14:52:00-04:00,10.585000038146973,10.600000381469727,10.580100059509277,10.59850025177002,37761
2026-08-28 14:53:00-04:00,10.585000038146973,10.59000015258789,10.579999923706055,10.585000038146973,36541
2026-08-28 14:54:00-04:00,10.585000038146973,10.59000015258789,10.579999923706055,10.580100059509277,13763
2026-08-28 14:55:00-04:00,10.574999809265137,10.585000038146973,10.569999694824219,10.585000038146973,53172
2026-08-28 14:56:00-04:00,10.5649995803833,10.57509994506836,10.5600004196167,10.57509994506836,50105
2026-08-28 14:57:00-04:00,10.600000381469727,10.600000381469727,10.5649995803833,10.5649995803833,125203
2026-08-28 14:58:00-04:00,10.604999542236328,10.609999656677246,10.59220027923584,10.595000267028809,165049
2026-08-28 14:59:00-04:00,10.600099563598633,10.609999656677246,10.600099563598633,10.609999656677246,26756
2026-08-28 15:00:00-04:00,10.614999771118164,10.619999885559082,10.600099563598633,10.604299545288086,62105
2026-08-28 15:01:00-04:00,10.625,10.625,10.610099792480469,10.61989974975586,41154
2026-08-28 15:02:00-04:00,10.635000228881836,10.640000343322754,10.620100021362305,10.625,94385
2026-08-28 15:03:00-04:00,10.649499893188477,10.649999618530273,10.639900207519531,10.640000343322754,80222
2026-08-28 15:04:00-04:00,10.645000457763672,10.65999984741211,10.640000343322754,10.649900436401367,114948
2026-08-28 15:05:00-04:00,10.664999961853027,10.664999961853027,10.640000343322754,10.649999618530273,68539
2026-08-28 15:06:00-04:00,10.65999984741211,10.670000076293945,10.654999732971191,10.662799835205078,41218
2026-08-28 15:07:00-04:00,10.645000457763672,10.659899711608887,10.640000343322754,10.650099754333496,60173
2026-08-28 15:08:00-04:00,10.659899711608887,10.65999984741211,10.649999618530273,10.649999618530273,36916
2026-08-28 15:09:00-04:00,10.645000457763672,10.65999984741211,10.644000053405762,10.654999732971191,46501
2026-08-28 15:10:00-04:00,10.654999732971191,10.659899711608887,10.641400337219238,10.649999618530273,73521
2026-08-28 15:11:00-04:00,10.654999732971191,10.65999984741211,10.649999618530273,10.654999732971191,32182
2026-08-28 15:12:00-04:00,10.650099754333496,10.666000366210938,10.650099754333496,10.65999984741211,79897
2026-08-28 15:13:00-04:00,10.640000343322754,10.65999984741211,10.640000343322754,10.659899711608887,23357
2026-08-28 15:14:00-04:00,10.649900436401367,10.649900436401367,10.630000114440918,10.645000457763672,69801
2026-08-28 15:15:00-04:00,10.640000343322754,10.649999618530273,10.640000343322754,10.646200180053711,23512
2026-08-28 15:16:00-04:00,10.657299995422363,10.669899940490723,10.640000343322754,10.649999618530273,57400
2026-08-28 15:17:00-04:00,10.649900436401367,10.65999984741211,10.640000343322754,10.654999732971191,29497
2026-08-28 15:18:00-04:00,10.640000343322754,10.649999618530273,10.640000343322754,10.645000457763672,26946
2026-08-28 15:19:00-04:00,10.649900436401367,10.649999618530273,10.640000343322754,10.645000457763672,10541
2026-08-28 15:20:00-04:00,10.654999732971191,10.65999984741211,10.645000457763672,10.648599624633789,61525
2026-08-28 15:21:00-04:00,10.649999618530273,10.65999984741211,10.640000343322754,10.65999984741211,34626
2026-08-28 15:22:00-04:00,10.659899711608887,10.65999984741211,10.645000457763672,10.649999618530273,39115
2026-08-28 15:23:00-04:00,10.640000343322754,10.65999984741211,10.630000114440918,10.65999984741211,39457
2026-08-28 15:24:00-04:00,10.649700164794922,10.649999618530273,10.640000343322754,10.640000343322754,40899
2026-08-28 15:25:00-04:00,10.680000305175781,10.680000305175781,10.645000457763672,10.649900436401367,70260
2026-08-28 15:26:00-04:00,10.6899995803833,10.6899995803833,10.670100212097168,10.680000305175781,73822
2026-08-28 15:27:00-04:00,10.704999923706055,10.710000038146973,10.6850004196167,10.6899995803833,165527
2026-08-28 15:28:00-04:00,10.70989990234375,10.710000038146973,10.699999809265137,10.704999923706055,54754
2026-08-28 15:29:00-04:00,10.699999809265137,10.710000038146973,10.694999694824219,10.704999923706055,51380
2026-08-28 15:30:00-04:00,10.6850004196167,10.710000038146973,10.680000305175781,10.699999809265137,116775
2026-08-28 15:31:00-04:00,10.6850004196167,10.699999809265137,10.680000305175781,10.6850004196167,65831
2026-08-28 15:32:00-04:00,10.664999961853027,10.6899995803833,10.664999961853027,10.6899995803833,116272
2026-08-28 15:33:00-04:00,10.679499626159668,10.680000305175781,10.664999961853027,10.670000076293945,96749
2026-08-28 15:34:00-04:00,10.6899995803833,10.710000038146973,10.672699928283691,10.675000190734863,193330
2026-08-28 15:35:00-04:00,10.680000305175781,10.6899995803833,10.675000190734863,10.6850004196167,98466
2026-08-28 15:36:00-04:00,10.679800033569336,10.680000305175781,10.670000076293945,10.670100212097168,87244
2026-08-28 15:37:00-04:00,10.664999961853027,10.680000305175781,10.65999984741211,10.679900169372559,32286
2026-08-28 15:38:00-04:00,10.658100128173828,10.670000076293945,10.654999732971191,10.65999984741211,25452
2026-08-28 15:39:00-04:00,10.649999618530273,10.65999984741211,10.649999618530273,10.654999732971191,30634
2026-08-28 15:40:00-04:00,10.670000076293945,10.680000305175781,10.650099754333496,10.65999984741211,187262
2026-08-28 15:41:00-04:00,10.664999961853027,10.670000076293945,10.65999984741211,10.670000076293945,68958
2026-08-28 15:42:00-04:00,10.675000190734863,10.680000305175781,10.654999732971191,10.664999961853027,86382
2026-08-28 15:43:00-04:00,10.680000305175781,10.680000305175781,10.670000076293945,10.675000190734863,30084
2026-08-28 15:44:00-04:00,10.675000190734863,10.6899995803833,10.670100212097168,10.675000190734863,91656
2026-08-28 15:45:00-04:00,10.660099983215332,10.680000305175781,10.660099983215332,10.675000190734863,137312
2026-08-28 15:46:00-04:00,10.670100212097168,10.680000305175781,10.65999984741211,10.664999961853027,72140
2026-08-28 15:47:00-04:00,10.6850004196167,10.6899995803833,10.660099983215332,10.675000190734863,116890
2026-08-28 15:48:00-04:00,10.6850004196167,10.6899995803833,10.680000305175781,10.6850004196167,37756
2026-08-28 15:49:00-04:00,10.699899673461914,10.699999809265137,10.680000305175781,10.6850004196167,96123
2026-08-28 15:50:00-04:00,10.734999656677246,10.739999771118164,10.694999694824219,10.694999694824219,260517
2026-08-28 15:51:00-04:00,10.71500015258789,10.739999771118164,10.71500015258789,10.739999771118164,154471
2026-08-28 15:52:00-04:00,10.71500015258789,10.72920036315918,10.710000038146973,10.710000038146973,73703
2026-08-28 15:53:00-04:00,10.71500015258789,10.71500015258789,10.694999694824219,10.71500015258789,146613
2026-08-28 15:54:00-04:00,10.694999694824219,10.720000267028809,10.6899995803833,10.71500015258789,87113
2026-08-28 15:55:00-04:00,10.704999923706055,10.710000038146973,10.6899995803833,10.699899673461914,165649
2026-08-28 15:56:00-04:00,10.694999694824219,10.720000267028809,10.6899995803833,10.704999923706055,164967
2026-08-28 15:57:00-04:00,10.694999694824219,10.729999542236328,10.6899995803833,10.694999694824219,331184
2026-08-28 15:58:00-04:00,10.675000190734863,10.699999809265137,10.65999984741211,10.694999694824219,364608
2026-08-28 15:59:00-04:00,10.66349983215332,10.680000305175781,10.65999984741211,10.675000190734863,249794
2026-08-31 09:30:00-04:00,10.515000343322754,10.779999732971191,10.5,10.770000457763672,1214596
2026-08-31 09:31:00-04:00,10.67080020904541,10.680000305175781,10.515000343322754,10.520000457763672,210737
2026-08-31 09:32:00-04:00,10.579999923706055,10.704999923706055,10.5600004196167,10.660099983215332,166980
2026-08-31 09:33:00-04:00,10.5600004196167,10.609999656677246,10.529999732971191,10.585000038146973,102666
2026-08-31 09:34:00-04:00,10.600000381469727,10.600000381469727,10.545000076293945,10.555000305175781,68722
2026-08-31 09:35:00-04:00,10.524999618530273,10.596400260925293,10.510000228881836,10.595000267028809,93181
2026-08-31 09:36:00-04:00,10.529999732971191,10.539999961853027,10.505000114440918,10.515000343322754,65654
2026-08-31 09:37:00-04:00,10.529899597167969,10.550000190734863,10.505000114440918,10.520099639892578,65742
2026-08-31 09:38:00-04:00,10.520000457763672,10.550000190734863,10.510000228881836,10.520099639892578,92716
2026-08-31 09:39:00-04:00,10.505000114440918,10.529999732971191,10.5,10.510100364685059,47046
2026-08-31 09:40:00-04:00,10.489999771118164,10.550000190734863,10.479999542236328,10.5,250502
2026-08-31 09:41:00-04:00,10.5,10.520000457763672,10.489999771118164,10.489999771118164,51852
2026-08-31 09:42:00-04:00,10.510000228881836,10.550000190734863,10.505000114440918,10.505000114440918,96983
2026-08-31 09:43:00-04:00,10.515000343322754,10.520000457763672,10.489999771118164,10.505000114440918,68073
2026-08-31 09:44:00-04:00,10.490099906921387,10.515000343322754,10.460000038146973,10.515000343322754,110613
2026-08-31 09:45:00-04:00,10.472299575805664,10.5,10.449999809265137,10.490099906921387,116442
2026-08-31 09:46:00-04:00,10.484999656677246,10.488100051879883,10.449999809265137,10.470000267028809,93054
2026-08-31 09:47:00-04:00,10.488100051879883,10.488100051879883,10.430000305175781,10.484999656677246,261192
2026-08-31 09:48:00-04:00,10.479999542236328,10.5,10.460000038146973,10.484999656677246,103107
2026-08-31 09:49:00-04:00,10.449999809265137,10.475000381469727,10.420000076293945,10.475000381469727,75079
2026-08-31 09:50:00-04:00,10.414999961853027,10.449999809265137,10.399999618530273,10.444999694824219,96707
2026-08-31 09:51:00-04:00,10.429900169372559,10.4399995803833,10.40999984741211,10.414999961853027,70314
2026-08-31 09:52:00-04:00,10.385000228881836,10.429900169372559,10.37399959564209,10.425000190734863,142851
2026-08-31 09:53:00-04:00,10.414999961853027,10.4350004196167,10.38010025024414,10.385000228881836,84438
2026-08-31 09:54:00-04:00,10.404999732971191,10.420000076293945,10.399999618530273,10.414999961853027,60403
2026-08-31 09:55:00-04:00,10.425000190734863,10.430000305175781,10.39009952545166,10.404999732971191,100322
2026-08-31 09:56:00-04:00,10.425000190734863,10.444999694824219,10.40999984741211,10.425000190734863,141875
2026-08-31 09:57:00-04:00,10.430000305175781,10.430000305175781,10.412099838256836,10.420100212097168,65078
2026-08-31 09:58:00-04:00,10.449999809265137,10.449999809265137,10.425000190734863,10.430000305175781,74183
2026-08-31 09:59:00-04:00,10.4350004196167,10.4399995803833,10.399999618530273,10.4399995803833,79395
2026-08-31 10:00:00-04:00,10.4350004196167,10.460000038146973,10.423999786376953,10.4350004196167,53161
2026-08-31 10:01:00-04:00,10.414999961853027,10.449999809265137,10.414999961853027,10.439900398254395,33213
2026-08-31 10:02:00-04:00,10.404999732971191,10.425000190734863,10.395000457763672,10.414999961853027,58851
2026-08-31 10:03:00-04:00,10.404999732971191,10.419899940490723,10.39009952545166,10.40310001373291,51466
2026-08-31 10:04:00-04:00,10.404999732971191,10.425000190734863,10.399999618530273,10.404999732971191,35825
2026-08-31 10:05:00-04:00,10.395000457763672,10.40999984741211,10.390199661254883,10.399999618530273,58148
2026-08-31 10:06:00-04:00,10.385000228881836,10.3996000289917,10.375,10.395000457763672,123572
2026-08-31 10:07:00-04:00,10.380000114440918,10.399999618530273,10.380000114440918,10.385000228881836,38528
2026-08-31 10:08:00-04:00,10.404999732971191,10.40999984741211,10.380000114440918,10.390000343322754,81723
2026-08-31 10:09:00-04:00,10.395000457763672,10.409899711608887,10.390000343322754,10.404999732971191,34316
2026-08-31 10:10:00-04:00,10.428500175476074,10.428500175476074,10.385000228881836,10.390000343322754,33196
2026-08-31 10:11:00-04:00,10.399999618530273,10.430000305175781,10.399999618530273,10.425000190734863,40346
2026-08-31 10:12:00-04:00,10.395000457763672,10.400500297546387,10.38010025024414,10.400500297546387,33742
2026-08-31 10:13:00-04:00,10.395000457763672,10.400099754333496,10.390000343322754,10.396499633789062,82569
2026-08-31 10:14:00-04:00,10.380000114440918,10.395000457763672,10.380000114440918,10.395000457763672,23144
2026-08-31 10:15:00-04:00,10.36989974975586,10.385000228881836,10.359999656677246,10.380000114440918,205279
2026-08-31 10:16:00-04:00,10.385000228881836,10.399999618530273,10.369999885559082,10.369999885559082,86979
2026-08-31 10:17:00-04:00,10.380000114440918,10.399900436401367,10.380000114440918,10.389900207519531,24651
2026-08-31 10:18:00-04:00,10.408599853515625,10.420000076293945,10.380999565124512,10.385000228881836,52425
2026-08-31 10:19:00-04:00,10.430000305175781,10.430000305175781,10.399999618530273,10.404999732971191,39566
2026-08-31 10:20:00-04:00,10.4350004196167,10.4399995803833,10.425000190734863,10.430000305175781,50540
2026-08-31 10:21:00-04:00,10.469599723815918,10.470000267028809,10.4350004196167,10.4350004196167,84048
2026-08-31 10:22:00-04:00,10.46500015258789,10.479999542236328,10.460000038146973,10.470000267028809,64476
2026-08-31 10:23:00-04:00,10.425000190734863,10.460000038146973,10.410099983215332,10.460000038146973,66145
2026-08-31 10:24:00-04:00,10.414999961853027,10.429900169372559,10.414999961853027,10.425000190734863,28436
2026-08-31 10:25:00-04:00,10.410099983215332,10.414999961853027,10.399999618530273,10.414999961853027,70067
2026-08-31 10:26:00-04:00,10.395000457763672,10.420000076293945,10.395000457763672,10.414999961853027,25288
2026-08-31 10:27:00-04:00,10.420000076293945,10.430000305175781,10.390000343322754,10.399999618530273,43510
2026-08-31 10:28:00-04:00,10.449999809265137,10.449999809265137,10.414999961853027,10.414999961853027,46302
2026-08-31 10:29:00-04:00,10.4350004196167,10.460000038146973,10.4350004196167,10.444999694824219,18776
2026-08-31 10:30:00-04:00,10.489899635314941,10.489999771118164,10.420000076293945,10.43019962310791,72088
2026-08-31 10:31:00-04:00,10.449999809265137,10.5,10.443300247192383,10.489999771118164,62323
2026-08-31 10:32:00-04:00,10.430000305175781,10.448100090026855,10.420000076293945,10.444999694824219,23439
2026-08-31 10:33:00-04:00,10.385000228881836,10.42020034790039,10.380000114440918,10.42020034790039,88707
2026-08-31 10:34:00-04:00,10.369999885559082,10.390000343322754,10.360099792480469,10.385000228881836,66084
2026-08-31 10:35:00-04:00,10.413999557495117,10.414999961853027,10.369999885559082,10.369999885559082,73638
2026-08-31 10:36:00-04:00,10.414999961853027,10.420000076293945,10.40999984741211,10.420000076293945,63252
2026-08-31 10:37:00-04:00,10.425000190734863,10.4399995803833,10.414999961853027,10.414999961853027,51846
2026-08-31 10:38:00-04:00,10.430000305175781,10.4399995803833,10.425000190734863,10.425000190734863,38300
2026-08-31 10:39:00-04:00,10.430000305175781,10.430000305175781,10.420100212097168,10.430000305175781,29743
2026-08-31 10:40:00-04:00,10.454999923706055,10.460000038146973,10.420000076293945,10.429800033569336,114143
2026-08-31 10:41:00-04:00,10.479999542236328,10.479999542236328,10.45009994506836,10.45989990234375,86300
2026-08-31 10:42:00-04:00,10.470100402832031,10.479999542236328,10.460000038146973,10.479999542236328,38782
2026-08-31 10:43:00-04:00,10.46500015258789,10.479999542236328,10.46500015258789,10.47189998626709,41646
2026-08-31 10:44:00-04:00,10.430000305175781,10.469900131225586,10.430000305175781,10.469900131225586,35509
2026-08-31 10:45:00-04:00,10.460000038146973,10.46500015258789,10.4350004196167,10.4399995803833,51043
2026-08-31 10:46:00-04:00,10.425000190734863,10.460000038146973,10.425000190734863,10.45989990234375,23766
2026-08-31 10:47:00-04:00,10.444999694824219,10.449999809265137,10.420000076293945,10.428099632263184,37116
2026-08-31 10:48:00-04:00,10.4350004196167,10.470000267028809,10.430000305175781,10.449000358581543,43448
2026-08-31 10:49:00-04:00,10.430000305175781,10.4399995803833,10.430000305175781,10.4350004196167,19188
2026-08-31 10:50:00-04:00,10.4350004196167,10.4399995803833,10.425000190734863,10.4350004196167,41230
2026-08-31 10:51:00-04:00,10.420000076293945,10.430000305175781,10.414999961853027,10.430000305175781,23415
2026-08-31 10:52:00-04:00,10.425000190734863,10.430000305175781,10.420000076293945,10.425000190734863,11570
2026-08-31 10:53:00-04:00,10.414999961853027,10.430000305175781,10.40999984741211,10.420000076293945,40953
2026-08-31 10:54:00-04:00,10.419899940490723,10.420000076293945,10.399999618530273,10.414999961853027,59616
2026-08-31 10:55:00-04:00,10.414999961853027,10.420000076293945,10.40999984741211,10.414999961853027,16990
2026-08-31 10:56:00-04:00,10.4350004196167,10.4399995803833,10.40999984741211,10.419699668884277,42782
2026-08-31 10:57:00-04:00,10.444999694824219,10.449999809265137,10.4350004196167,10.43809986114502,63034
2026-08-31 10:58:00-04:00,10.454999923706055,10.460000038146973,10.444999694824219,10.449999809265137,31568
2026-08-31 10:59:00-04:00,10.430000305175781,10.454999923706055,10.430000305175781,10.454999923706055,36360
2026-08-31 11:00:00-04:00,10.449899673461914,10.46500015258789,10.4350004196167,10.4350004196167,83897
2026-08-31 11:01:00-04:00,10.430000305175781,10.449999809265137,10.420100212097168,10.444999694824219,75858
2026-08-31 11:02:00-04:00,10.420000076293945,10.4350004196167,10.420000076293945,10.430000305175781,54612
2026-08-31 11:03:00-04:00,10.4350004196167,10.4399995803833,10.420000076293945,10.425000190734863,38745
2026-08-31 11:04:00-04:00,10.430100440979004,10.4399995803833,10.420000076293945,10.4399995803833,48833
2026-08-31 11:05:00-04:00,10.430100440979004,10.439900398254395,10.430000305175781,10.4350004196167,14158
2026-08-31 11:06:00-04:00,10.457200050354004,10.45930004119873,10.430000305175781,10.430000305175781,60567
2026-08-31 11:07:00-04:00,10.43809986114502,10.45989990234375,10.4350004196167,10.454999923706055,40027
2026-08-31 11:08:00-04:00,10.429900169372559,10.4350004196167,10.420000076293945,10.431500434875488,25768
2026-08-31 11:09:00-04:00,10.454999923706055,10.458900451660156,10.425000190734863,10.425000190734863,91016
2026-08-31 11:10:00-04:00,10.4350004196167,10.458700180053711,10.4350004196167,10.45009994506836,59196
2026-08-31 11:11:00-04:00,10.4350004196167,10.4399995803833,10.430000305175781,10.4350004196167,37801
2026-08-31 11:12:00-04:00,10.4350004196167,10.4399995803833,10.425000190734863,10.430000305175781,29869
2026-08-31 11:13:00-04:00,10.430000305175781,10.430000305175781,10.420000076293945,10.430000305175781,22464
2026-08-31 11:14:00-04:00,10.414999961853027,10.425000190734863,10.40999984741211,10.425000190734863,44308
2026-08-31 11:15:00-04:00,10.425000190734863,10.430000305175781,10.410099983215332,10.410099983215332,67830
2026-08-31 11:16:00-04:00,10.420100212097168,10.430000305175781,10.420100212097168,10.425000190734863,41275
2026-08-31 11:17:00-04:00,10.414999961853027,10.420000076293945,10.414999961853027,10.420000076293945,11723
2026-08-31 11:18:00-04:00,10.404999732971191,10.420000076293945,10.404999732971191,10.414999961853027,19856
2026-08-31 11:19:00-04:00,10.404999732971191,10.40999984741211,10.390000343322754,10.399999618530273,88146
2026-08-31 11:20:00-04:00,10.419899940490723,10.420000076293945,10.400099754333496,10.40999984741211,96280
2026-08-31 11:21:00-04:00,10.425000190734863,10.425000190734863,10.414999961853027,10.419899940490723,27623
2026-08-31 11:22:00-04:00,10.429900169372559,10.430000305175781,10.425000190734863,10.425000190734863,18062
2026-08-31 11:23:00-04:00,10.425000190734863,10.430000305175781,10.420100212097168,10.430000305175781,13532
2026-08-31 11:24:00-04:00,10.444999694824219,10.444999694824219,10.425000190734863,10.425000190734863,89423
2026-08-31 11:25:00-04:00,10.444999694824219,10.449999809265137,10.4399995803833,10.449999809265137,27998
2026-08-31 11:26:00-04:00,10.449999809265137,10.449999809265137,10.444999694824219,10.449999809265137,12923
2026-08-31 11:27:00-04:00,10.479999542236328,10.479999542236328,10.449999809265137,10.449999809265137,53207
2026-08-31 11:28:00-04:00,10.510000228881836,10.510000228881836,10.470000267028809,10.472100257873535,89529
2026-08-31 11:29:00-04:00,10.5,10.510000228881836,10.5,10.505000114440918,45133
2026-08-31 11:30:00-04:00,10.489999771118164,10.510000228881836,10.470000267028809,10.5,72876
2026-08-31 11:31:00-04:00,10.469900131225586,10.489899635314941,10.460100173950195,10.489899635314941,40697
2026-08-31 11:32:00-04:00,10.484999656677246,10.489999771118164,10.46500015258789,10.46500015258789,51899
2026-08-31 11:33:00-04:00,10.475000381469727,10.489999771118164,10.475000381469727,10.48799991607666,24932
2026-08-31 11:34:00-04:00,10.475000381469727,10.479999542236328,10.471699714660645,10.478099822998047,10027
2026-08-31 11:35:00-04:00,10.470000267028809,10.479999542236328,10.470000267028809,10.470000267028809,8091
2026-08-31 11:36:00-04:00,10.475000381469727,10.479999542236328,10.470000267028809,10.475000381469727,9472
2026-08-31 11:37:00-04:00,10.475000381469727,10.479900360107422,10.460000038146973,10.475000381469727,43605
2026-08-31 11:38:00-04:00,10.470000267028809,10.489999771118164,10.470000267028809,10.475000381469727,46016
2026-08-31 11:39:00-04:00,10.470000267028809,10.479900360107422,10.470000267028809,10.479900360107422,2516
2026-08-31 11:40:00-04:00,10.470100402832031,10.479999542236328,10.470000267028809,10.475000381469727,14304
2026-08-31 11:41:00-04:00,10.46500015258789,10.477499961853027,10.454999923706055,10.477499961853027,51821
2026-08-31 11:42:00-04:00,10.479900360107422,10.479999542236328,10.46500015258789,10.46500015258789,16874
2026-08-31 11:43:00-04:00,10.475000381469727,10.479999542236328,10.475000381469727,10.475000381469727,11543
2026-08-31 11:44:00-04:00,10.484999656677246,10.489899635314941,10.479900360107422,10.479999542236328,43696
2026-08-31 11:45:00-04:00,10.475000381469727,10.489999771118164,10.470100402832031,10.484999656677246,22581
2026-08-31 11:46:00-04:00,10.487600326538086,10.489999771118164,10.475000381469727,10.479999542236328,21437
2026-08-31 11:47:00-04:00,10.475000381469727,10.484999656677246,10.470000267028809,10.484999656677246,5645
2026-08-31 11:48:00-04:00,10.477399826049805,10.479999542236328,10.470000267028809,10.475000381469727,16563
2026-08-31 11:49:00-04:00,10.475000381469727,10.479999542236328,10.470000267028809,10.479999542236328,8208
2026-08-31 11:50:00-04:00,10.488699913024902,10.489999771118164,10.470000267028809,10.479999542236328,26232
2026-08-31 11:51:00-04:00,10.489899635314941,10.489999771118164,10.479999542236328,10.484999656677246,12025
2026-08-31 11:52:00-04:00,10.475000381469727,10.489999771118164,10.475000381469727,10.489999771118164,13182
2026-08-31 11:53:00-04:00,10.454999923706055,10.470000267028809,10.454999923706055,10.470000267028809,27495
2026-08-31 11:54:00-04:00,10.454999923706055,10.460000038146973,10.449999809265137,10.454999923706055,29903
2026-08-31 11:55:00-04:00,10.454999923706055,10.468099594116211,10.454999923706055,10.454999923706055,37822
2026-08-31 11:56:00-04:00,10.46500015258789,10.469900131225586,10.454999923706055,10.460000038146973,19819
2026-08-31 11:57:00-04:00,10.46500015258789,10.470000267028809,10.460000038146973,10.46500015258789,20493
2026-08-31 11:58:00-04:00,10.454999923706055,10.46500015258789,10.449999809265137,10.46500015258789,19771
2026-08-31 11:59:00-04:00,10.454999923706055,10.460000038146973,10.449999809265137,10.449999809265137,14489
2026-08-31 12:00:00-04:00,10.454999923706055,10.454999923706055,10.4399995803833,10.454999923706055,34390
2026-08-31 12:01:00-04:00,10.470000267028809,10.470000267028809,10.440099716186523,10.45419979095459,21490
2026-08-31 12:02:00-04:00,10.485799789428711,10.489999771118164,10.46500015258789,10.46500015258789,36421
2026-08-31 12:03:00-04:00,10.470000267028809,10.484999656677246,10.46500015258789,10.484999656677246,17483
2026-08-31 12:04:00-04:00,10.449899673461914,10.46500015258789,10.444999694824219,10.460000038146973,21685
2026-08-31 12:05:00-04:00,10.454999923706055,10.460000038146973,10.444999694824219,10.449999809265137,28367
2026-08-31 12:06:00-04:00,10.454999923706055,10.460000038146973,10.452199935913086,10.460000038146973,11333
2026-08-31 12:07:00-04:00,10.460000038146973,10.460000038146973,10.454999923706055,10.460000038146973,5594
2026-08-31 12:08:00-04:00,10.430000305175781,10.449999809265137,10.430000305175781,10.449999809265137,44597
2026-08-31 12:09:00-04:00,10.414999961853027,10.430000305175781,10.40999984741211,10.425000190734863,65232
2026-08-31 12:10:00-04:00,10.425000190734863,10.430000305175781,10.40999984741211,10.410099983215332,47990
2026-08-31 12:11:00-04:00,10.43809986114502,10.444999694824219,10.425000190734863,10.430000305175781,41247
2026-08-31 12:12:00-04:00,10.444999694824219,10.449999809265137,10.4350004196167,10.4399995803833,20069
2026-08-31 12:13:00-04:00,10.4399995803833,10.444999694824219,10.4350004196167,10.444999694824219,13203
2026-08-31 12:14:00-04:00,10.4399995803833,10.4399995803833,10.430000305175781,10.4399995803833,28918
2026-08-31 12:15:00-04:00,10.4350004196167,10.4399995803833,10.430000305175781,10.4350004196167,10025
2026-08-31 12:16:00-04:00,10.420000076293945,10.4399995803833,10.420000076293945,10.430000305175781,49689
2026-08-31 12:17:00-04:00,10.425000190734863,10.429900169372559,10.42300033569336,10.429499626159668,4015
2026-08-31 12:18:00-04:00,10.441399574279785,10.449899673461914,10.420999526977539,10.420999526977539,27005
2026-08-31 12:19:00-04:00,10.451600074768066,10.460000038146973,10.449999809265137,10.449999809265137,22672
2026-08-31 12:20:00-04:00,10.4399995803833,10.460000038146973,10.4399995803833,10.454999923706055,21312
2026-08-31 12:21:00-04:00,10.439900398254395,10.449999809265137,10.432100296020508,10.444999694824219,30319
2026-08-31 12:22:00-04:00,10.449999809265137,10.449999809265137,10.430000305175781,10.4350004196167,25582
2026-08-31 12:23:00-04:00,10.449999809265137,10.449999809265137,10.44379997253418,10.44379997253418,10364
2026-08-31 12:24:00-04:00,10.444999694824219,10.449899673461914,10.444999694824219,10.449899673461914,1082
2026-08-31 12:25:00-04:00,10.444999694824219,10.449999809265137,10.440099716186523,10.444999694824219,2736
2026-08-31 12:26:00-04:00,10.4350004196167,10.449999809265137,10.430000305175781,10.449999809265137,21991
2026-08-31 12:27:00-04:00,10.4350004196167,10.439900398254395,10.430000305175781,10.4350004196167,5540
2026-08-31 12:28:00-04:00,10.4350004196167,10.4399995803833,10.430000305175781,10.43809986114502,12130
2026-08-31 12:29:00-04:00,10.486700057983398,10.489999771118164,10.4399995803833,10.4399995803833,105777
2026-08-31 12:30:00-04:00,10.494999885559082,10.520000457763672,10.489999771118164,10.489999771118164,102408
2026-08-31 12:31:00-04:00,10.494999885559082,10.5,10.489999771118164,10.494999885559082,18167
2026-08-31 12:32:00-04:00,10.494999885559082,10.5,10.491700172424316,10.494999885559082,18859
2026-08-31 12:33:00-04:00,10.479999542236328,10.490099906921387,10.479999542236328,10.489999771118164,29675
2026-08-31 12:34:00-04:00,10.484999656677246,10.48740005493164,10.479999542236328,10.484999656677246,3655
2026-08-31 12:35:00-04:00,10.5,10.5,10.479999542236328,10.479999542236328,27734
2026-08-31 12:36:00-04:00,10.520099639892578,10.539999961853027,10.5,10.5,56074
2026-08-31 12:37:00-04:00,10.51990032196045,10.529999732971191,10.515000343322754,10.524999618530273,34567
2026-08-31 12:38:00-04:00,10.524999618530273,10.529999732971191,10.511199951171875,10.511199951171875,32451
2026-08-31 12:39:00-04:00,10.515000343322754,10.529999732971191,10.512399673461914,10.524999618530273,28285
2026-08-31 12:40:00-04:00,10.520000457763672,10.520000457763672,10.510000228881836,10.515000343322754,15356
2026-08-31 12:41:00-04:00,10.53499984741211,10.53499984741211,10.510499954223633,10.515000343322754,42487
2026-08-31 12:42:00-04:00,10.559900283813477,10.5600004196167,10.538100242614746,10.539899826049805,62102
2026-08-31 12:43:00-04:00,10.569999694824219,10.569999694824219,10.550000190734863,10.555000305175781,56710
2026-08-31 12:44:00-04:00,10.574899673461914,10.59000015258789,10.5649995803833,10.569999694824219,42059
2026-08-31 12:45:00-04:00,10.574999809265137,10.579899787902832,10.569999694824219,10.574999809265137,11373
2026-08-31 12:46:00-04:00,10.5600004196167,10.579999923706055,10.5600004196167,10.574999809265137,36614
2026-08-31 12:47:00-04:00,10.59000015258789,10.59000015258789,10.5649995803833,10.5649995803833,29832
2026-08-31 12:48:00-04:00,10.600099563598633,10.619999885559082,10.579999923706055,10.585000038146973,73428
2026-08-31 12:49:00-04:00,10.613200187683105,10.619999885559082,10.600000381469727,10.604999542236328,50346
2026-08-31 12:50:00-04:00,10.59000015258789,10.619999885559082,10.59000015258789,10.614999771118164,100187
2026-08-31 12:51:00-04:00,10.576000213623047,10.59000015258789,10.570099830627441,10.585000038146973,54642
2026-08-31 12:52:00-04:00,10.57509994506836,10.59000015258789,10.574600219726562,10.574600219726562,34922
2026-08-31 12:53:00-04:00,10.595000267028809,10.600000381469727,10.579999923706055,10.579999923706055,74212
2026-08-31 12:54:00-04:00,10.599900245666504,10.600000381469727,10.59000015258789,10.59000015258789,19403
2026-08-31 12:55:00-04:00,10.600099563598633,10.609999656677246,10.590100288391113,10.599900245666504,24494
2026-08-31 12:56:00-04:00,10.614999771118164,10.619999885559082,10.604999542236328,10.609999656677246,50427
2026-08-31 12:57:00-04:00,10.614999771118164,10.6181001663208,10.609999656677246,10.609999656677246,31559
2026-08-31 12:58:00-04:00,10.611800193786621,10.619999885559082,10.609999656677246,10.614999771118164,15494
2026-08-31 12:59:00-04:00,10.610099792480469,10.619999885559082,10.609999656677246,10.611599922180176,21783
2026-08-31 13:00:00-04:00,10.609999656677246,10.619999885559082,10.609999656677246,10.609999656677246,10456
2026-08-31 13:01:00-04:00,10.609999656677246,10.619999885559082,10.609999656677246,10.61989974975586,23573
2026-08-31 13:02:00-04:00,10.614999771118164,10.619999885559082,10.609999656677246,10.610099792480469,110793
2026-08-31 13:03:00-04:00,10.560099601745605,10.619999885559082,10.560099601745605,10.609999656677246,250796
2026-08-31 13:04:00-04:00,10.550000190734863,10.569999694824219,10.550000190734863,10.569600105285645,77870
2026-08-31 13:05:00-04:00,10.550000190734863,10.559900283813477,10.550000190734863,10.550100326538086,37285
2026-08-31 13:06:00-04:00,10.545000076293945,10.555000305175781,10.54010009765625,10.54010009765625,62331
2026-08-31 13:07:00-04:00,10.555000305175781,10.559900283813477,10.539999961853027,10.548100471496582,46298
2026-08-31 13:08:00-04:00,10.549699783325195,10.5600004196167,10.549699783325195,10.555000305175781,17121
2026-08-31 13:09:00-04:00,10.574999809265137,10.579999923706055,10.545000076293945,10.54990005493164,57409
2026-08-31 13:10:00-04:00,10.574999809265137,10.579999923706055,10.574999809265137,10.579999923706055,35489
2026-08-31 13:11:00-04:00,10.59000015258789,10.600000381469727,10.570099830627441,10.570099830627441,86408
2026-08-31 13:12:00-04:00,10.614999771118164,10.619999885559082,10.590100288391113,10.600000381469727,56101
2026-08-31 13:13:00-04:00,10.630000114440918,10.640000343322754,10.609999656677246,10.614999771118164,72734
2026-08-31 13:14:00-04:00,10.619999885559082,10.640000343322754,10.614999771118164,10.636199951171875,41214
2026-08-31 13:15:00-04:00,10.630000114440918,10.630000114440918,10.609999656677246,10.614999771118164,64109
2026-08-31 13:16:00-04:00,10.645000457763672,10.649999618530273,10.629899978637695,10.630000114440918,92405
2026-08-31 13:17:00-04:00,10.63379955291748,10.649999618530273,10.630000114440918,10.649900436401367,63471
2026-08-31 13:18:00-04:00,10.615699768066406,10.619999885559082,10.609999656677246,10.619999885559082,55644
2026-08-31 13:19:00-04:00,10.619999885559082,10.619999885559082,10.604999542236328,10.619999885559082,42626
2026-08-31 13:20:00-04:00,10.604999542236328,10.619999885559082,10.600000381469727,10.614999771118164,83228
2026-08-31 13:21:00-04:00,10.604999542236328,10.609999656677246,10.603799819946289,10.604999542236328,10504
2026-08-31 13:22:00-04:00,10.60990047454834,10.609999656677246,10.600000381469727,10.604999542236328,23523
2026-08-31 13:23:00-04:00,10.625,10.625,10.600000381469727,10.60949993133545,60212
2026-08-31 13:24:00-04:00,10.620100021362305,10.630000114440918,10.619999885559082,10.629899978637695,42012
2026-08-31 13:25:00-04:00,10.612799644470215,10.625,10.609999656677246,10.621000289916992,55541
2026-08-31 13:26:00-04:00,10.614999771118164,10.614999771118164,10.609999656677246,10.614999771118164,9019
2026-08-31 13:27:00-04:00,10.609999656677246,10.614999771118164,10.609999656677246,10.609999656677246,17153
2026-08-31 13:28:00-04:00,10.614999771118164,10.619999885559082,10.609999656677246,10.614999771118164,44236
2026-08-31 13:29:00-04:00,10.609999656677246,10.619999885559082,10.609999656677246,10.614999771118164,15441
2026-08-31 13:30:00-04:00,10.609999656677246,10.614999771118164,10.609999656677246,10.609999656677246,8029
2026-08-31 13:31:00-04:00,10.614999771118164,10.614999771118164,10.609999656677246,10.614999771118164,14781
2026-08-31 13:32:00-04:00,10.609999656677246,10.614999771118164,10.609999656677246,10.614999771118164,50273
2026-08-31 13:33:00-04:00,10.609999656677246,10.619999885559082,10.609999656677246,10.614999771118164,39666
2026-08-31 13:34:00-04:00,10.614999771118164,10.61989974975586,10.609999656677246,10.609999656677246,35316
2026-08-31 13:35:00-04:00,10.595000267028809,10.619999885559082,10.5600004196167,10.609999656677246,193753
2026-08-31 13:36:00-04:00,10.635000228881836,10.635000228881836,10.595000267028809,10.595000267028809,106168
2026-08-31 13:37:00-04:00,10.63010025024414,10.640000343322754,10.63010025024414,10.639900207519531,15323
2026-08-31 13:38:00-04:00,10.645000457763672,10.654999732971191,10.635000228881836,10.635000228881836,71784
2026-08-31 13:39:00-04:00,10.654999732971191,10.65999984741211,10.649900436401367,10.649999618530273,34081
2026-08-31 13:40:00-04:00,10.650099754333496,10.65999984741211,10.649999618530273,10.654999732971191,9182
2026-08-31 13:41:00-04:00,10.645000457763672,10.657699584960938,10.640000343322754,10.657699584960938,52848
2026-08-31 13:42:00-04:00,10.645000457763672,10.649999618530273,10.64009952545166,10.645000457763672,38270
2026-08-31 13:43:00-04:00,10.645000457763672,10.649999618530273,10.640000343322754,10.649900436401367,21612
2026-08-31 13:44:00-04:00,10.664999961853027,10.6850004196167,10.64009952545166,10.645000457763672,130914
2026-08-31 13:45:00-04:00,10.645000457763672,10.664999961853027,10.64009952545166,10.664999961853027,101216
2026-08-31 13:46:00-04:00,10.614999771118164,10.649999618530273,10.609999656677246,10.645000457763672,63982
2026-08-31 13:47:00-04:00,10.604999542236328,10.61989974975586,10.600000381469727,10.61989974975586,15290
2026-08-31 13:48:00-04:00,10.625,10.640000343322754,10.600099563598633,10.600099563598633,47325
2026-08-31 13:49:00-04:00,10.619999885559082,10.630000114440918,10.619999885559082,10.630000114440918,55433
2026-08-31 13:50:00-04:00,10.654999732971191,10.65999984741211,10.614999771118164,10.614999771118164,132920
2026-08-31 13:51:00-04:00,10.699999809265137,10.699999809265137,10.654000282287598,10.654000282287598,113127
2026-08-31 13:52:00-04:00,10.6899995803833,10.699999809265137,10.6899995803833,10.694999694824219,53564
2026-08-31 13:53:00-04:00,10.6899995803833,10.699999809265137,10.680000305175781,10.6850004196167,135235
2026-08-31 13:54:00-04:00,10.694999694824219,10.695300102233887,10.680000305175781,10.680000305175781,48304
2026-08-31 13:55:00-04:00,10.704999923706055,10.720000267028809,10.699999809265137,10.699999809265137,62799
2026-08-31 13:56:00-04:00,10.704999923706055,10.710000038146973,10.6899995803833,10.704999923706055,42039
2026-08-31 13:57:00-04:00,10.694999694824219,10.720000267028809,10.690099716186523,10.710000038146973,55095
2026-08-31 13:58:00-04:00,10.694999694824219,10.70989990234375,10.6899995803833,10.694999694824219,57069
2026-08-31 13:59:00-04:00,10.699999809265137,10.699999809265137,10.6899995803833,10.699999809265137,29418
2026-08-31 14:00:00-04:00,10.710100173950195,10.720000267028809,10.694999694824219,10.699999809265137,108715
2026-08-31 14:01:00-04:00,10.720000267028809,10.720000267028809,10.710000038146973,10.71500015258789,44572
2026-08-31 14:02:00-04:00,10.725000381469727,10.729999542236328,10.71500015258789,10.720000267028809,57032
2026-08-31 14:03:00-04:00,10.728099822998047,10.739999771118164,10.720000267028809,10.729900360107422,56862
2026-08-31 14:04:00-04:00,10.694000244140625,10.729999542236328,10.690099716186523,10.725000381469727,95386
2026-08-31 14:05:00-04:00,10.680100440979004,10.699899673461914,10.680100440979004,10.694999694824219,21226
2026-08-31 14:06:00-04:00,10.690099716186523,10.694999694824219,10.680000305175781,10.689900398254395,81968
2026-08-31 14:07:00-04:00,10.704999923706055,10.710000038146973,10.6850004196167,10.6899995803833,62434
2026-08-31 14:08:00-04:00,10.690099716186523,10.704999923706055,10.6899995803833,10.704999923706055,43877
2026-08-31 14:09:00-04:00,10.6850004196167,10.690099716186523,10.680000305175781,10.690099716186523,31546
2026-08-31 14:10:00-04:00,10.6850004196167,10.6899995803833,10.68239974975586,10.6850004196167,9881
2026-08-31 14:11:00-04:00,10.6850004196167,10.6899995803833,10.680000305175781,10.689900398254395,27735
2026-08-31 14:12:00-04:00,10.69629955291748,10.699999809265137,10.680100440979004,10.6899995803833,43691
2026-08-31 14:13:00-04:00,10.690500259399414,10.699999809265137,10.690099716186523,10.699999809265137,18615
2026-08-31 14:14:00-04:00,10.685999870300293,10.694999694824219,10.6850004196167,10.694999694824219,39349
2026-08-31 14:15:00-04:00,10.699899673461914,10.699999809265137,10.6899995803833,10.6899995803833,35063
2026-08-31 14:16:00-04:00,10.670100212097168,10.690099716186523,10.670000076293945,10.690099716186523,39545
2026-08-31 14:17:00-04:00,10.673800468444824,10.6899995803833,10.670100212097168,10.680000305175781,83820
2026-08-31 14:18:00-04:00,10.704999923706055,10.710000038146973,10.675000190734863,10.680000305175781,50157
2026-08-31 14:19:00-04:00,10.694999694824219,10.704999923706055,10.690099716186523,10.704999923706055,37155
2026-08-31 14:20:00-04:00,10.675000190734863,10.694999694824219,10.670100212097168,10.694999694824219,29274
2026-08-31 14:21:00-04:00,10.680000305175781,10.680000305175781,10.670000076293945,10.675999641418457,14262
2026-08-31 14:22:00-04:00,10.6850004196167,10.689900398254395,10.662099838256836,10.675000190734863,42095
2026-08-31 14:23:00-04:00,10.6850004196167,10.6899995803833,10.680000305175781,10.680000305175781,18815
2026-08-31 14:24:00-04:00,10.689900398254395,10.6899995803833,10.680000305175781,10.680100440979004,43833
2026-08-31 14:25:00-04:00,10.670000076293945,10.685500144958496,10.664999961853027,10.680000305175781,46119
2026-08-31 14:26:00-04:00,10.6850004196167,10.687999725341797,10.670000076293945,10.670000076293945,18552
2026-08-31 14:27:00-04:00,10.6850004196167,10.685199737548828,10.670100212097168,10.6850004196167,23005
2026-08-31 14:28:00-04:00,10.6850004196167,10.689499855041504,10.680100440979004,10.6850004196167,35883
2026-08-31 14:29:00-04:00,10.680000305175781,10.6899995803833,10.675000190734863,10.6899995803833,22475
2026-08-31 14:30:00-04:00,10.680000305175781,10.6899995803833,10.675000190734863,10.675000190734863,28067
2026-08-31 14:31:00-04:00,10.680000305175781,10.6899995803833,10.67020034790039,10.689900398254395,17230
2026-08-31 14:32:00-04:00,10.670000076293945,10.680000305175781,10.670000076293945,10.680000305175781,5652
2026-08-31 14:33:00-04:00,10.670000076293945,10.680000305175781,10.670000076293945,10.675000190734863,17011
2026-08-31 14:34:00-04:00,10.65999984741211,10.669899940490723,10.654999732971191,10.664999961853027,34127
2026-08-31 14:35:00-04:00,10.675000190734863,10.680000305175781,10.65999984741211,10.65999984741211,62149
2026-08-31 14:36:00-04:00,10.675000190734863,10.679900169372559,10.670100212097168,10.675000190734863,7941
2026-08-31 14:37:00-04:00,10.690099716186523,10.699999809265137,10.680000305175781,10.680000305175781,38294
2026-08-31 14:38:00-04:00,10.699999809265137,10.699999809265137,10.6899995803833,10.692700386047363,27551
2026-08-31 14:39:00-04:00,10.6850004196167,10.694999694824219,10.6850004196167,10.694999694824219,7904
2026-08-31 14:40:00-04:00,10.6850004196167,10.6850004196167,10.670100212097168,10.680000305175781,70375
2026-08-31 14:41:00-04:00,10.694999694824219,10.699999809265137,10.6850004196167,10.6850004196167,33410
2026-08-31 14:42:00-04:00,10.704999923706055,10.70989990234375,10.694999694824219,10.694999694824219,17245
2026-08-31 14:43:00-04:00,10.694999694824219,10.70989990234375,10.694999694824219,10.704999923706055,9127
2026-08-31 14:44:00-04:00,10.710000038146973,10.720000267028809,10.694999694824219,10.694999694824219,42557
2026-08-31 14:45:00-04:00,10.701000213623047,10.710000038146973,10.701000213623047,10.704999923706055,27241
2026-08-31 14:46:00-04:00,10.704999923706055,10.704999923706055,10.70009994506836,10.70009994506836,17290
2026-08-31 14:47:00-04:00,10.71500015258789,10.720000267028809,10.70009994506836,10.705900192260742,50571
2026-08-31 14:48:00-04:00,10.71500015258789,10.720000267028809,10.710000038146973,10.71500015258789,32310
2026-08-31 14:49:00-04:00,10.71500015258789,10.719900131225586,10.710100173950195,10.71500015258789,7070
2026-08-31 14:50:00-04:00,10.704999923706055,10.718099594116211,10.699999809265137,10.711700439453125,18032
2026-08-31 14:51:00-04:00,10.729999542236328,10.729999542236328,10.704999923706055,10.704999923706055,48034
2026-08-31 14:52:00-04:00,10.71500015258789,10.725099563598633,10.710100173950195,10.725000381469727,5935
2026-08-31 14:53:00-04:00,10.71500015258789,10.71500015258789,10.699999809265137,10.710100173950195,25596
2026-08-31 14:54:00-04:00,10.710000038146973,10.719900131225586,10.710000038146973,10.71500015258789,9134
2026-08-31 14:55:00-04:00,10.71500015258789,10.720000267028809,10.710000038146973,10.710000038146973,17719
2026-08-31 14:56:00-04:00,10.71500015258789,10.720000267028809,10.710100173950195,10.71500015258789,20479
2026-08-31 14:57:00-04:00,10.719900131225586,10.720000267028809,10.71500015258789,10.71500015258789,7830
2026-08-31 14:58:00-04:00,10.71500015258789,10.720000267028809,10.710000038146973,10.71500015258789,16735
2026-08-31 14:59:00-04:00,10.704999923706055,10.720000267028809,10.704999923706055,10.71500015258789,30125
2026-08-31 15:00:00-04:00,10.71500015258789,10.71500015258789,10.699999809265137,10.703100204467773,46217
2026-08-31 15:01:00-04:00,10.720000267028809,10.720000267028809,10.710000038146973,10.71500015258789,15542
2026-08-31 15:02:00-04:00,10.71500015258789,10.720000267028809,10.710000038146973,10.720000267028809,34411
2026-08-31 15:03:00-04:00,10.718899726867676,10.720000267028809,10.71500015258789,10.71500015258789,14864
2026-08-31 15:04:00-04:00,10.713800430297852,10.720000267028809,10.710000038146973,10.71500015258789,25827
2026-08-31 15:05:00-04:00,10.71500015258789,10.720000267028809,10.710000038146973,10.711199760437012,32748
2026-08-31 15:06:00-04:00,10.71500015258789,10.720000267028809,10.710000038146973,10.717300415039062,14445
2026-08-31 15:07:00-04:00,10.720000267028809,10.729999542236328,10.71500015258789,10.71500015258789,63078
2026-08-31 15:08:00-04:00,10.729999542236328,10.729999542236328,10.720100402832031,10.725000381469727,35792
2026-08-31 15:09:00-04:00,10.739899635314941,10.739999771118164,10.720000267028809,10.729999542236328,36924
2026-08-31 15:10:00-04:00,10.734999656677246,10.739999771118164,10.734999656677246,10.737700462341309,27677
2026-08-31 15:11:00-04:00,10.725000381469727,10.739999771118164,10.720000267028809,10.734999656677246,29974
2026-08-31 15:12:00-04:00,10.70989990234375,10.723699569702148,10.699999809265137,10.723699569702148,28921
2026-08-31 15:13:00-04:00,10.694999694824219,10.704999923706055,10.6899995803833,10.704999923706055,42716
2026-08-31 15:14:00-04:00,10.704999923706055,10.70989990234375,10.694999694824219,10.696200370788574,38449
2026-08-31 15:15:00-04:00,10.704999923706055,10.710000038146973,10.699999809265137,10.710000038146973,38659
2026-08-31 15:16:00-04:00,10.704999923706055,10.710000038146973,10.704999923706055,10.704999923706055,5460
2026-08-31 15:17:00-04:00,10.694999694824219,10.710000038146973,10.694999694824219,10.704999923706055,16579
2026-08-31 15:18:00-04:00,10.675000190734863,10.697099685668945,10.670000076293945,10.694999694824219,39689
2026-08-31 15:19:00-04:00,10.675000190734863,10.680000305175781,10.670000076293945,10.680000305175781,40639
2026-08-31 15:20:00-04:00,10.664999961853027,10.675000190734863,10.65999984741211,10.675000190734863,48628
2026-08-31 15:21:00-04:00,10.664999961853027,10.680000305175781,10.664999961853027,10.670000076293945,67565
2026-08-31 15:22:00-04:00,10.675000190734863,10.680000305175781,10.65999984741211,10.664999961853027,61390
2026-08-31 15:23:00-04:00,10.689900398254395,10.6899995803833,10.675000190734863,10.675000190734863,42925
2026-08-31 15:24:00-04:00,10.6899995803833,10.6899995803833,10.6850004196167,10.6899995803833,9677
2026-08-31 15:25:00-04:00,10.694999694824219,10.694999694824219,10.6850004196167,10.6850004196167,47305
2026-08-31 15:26:00-04:00,10.689900398254395,10.699999809265137,10.680299758911133,10.699899673461914,30076
2026-08-31 15:27:00-04:00,10.6850004196167,10.6899995803833,10.680000305175781,10.68809986114502,9126
2026-08-31 15:28:00-04:00,10.6899995803833,10.699899673461914,10.680000305175781,10.680000305175781,62764
2026-08-31 15:29:00-04:00,10.6850004196167,10.6899995803833,10.680000305175781,10.6850004196167,39826
2026-08-31 15:30:00-04:00,10.679900169372559,10.6899995803833,10.675000190734863,10.6850004196167,37409
2026-08-31 15:31:00-04:00,10.664999961853027,10.680000305175781,10.664799690246582,10.675000190734863,35665
2026-08-31 15:32:00-04:00,10.689900398254395,10.6899995803833,10.660099983215332,10.664999961853027,122032
2026-08-31 15:33:00-04:00,10.675000190734863,10.6899995803833,10.670000076293945,10.68019962310791,63380
2026-08-31 15:34:00-04:00,10.704999923706055,10.710000038146973,10.675000190734863,10.675000190734863,74288
2026-08-31 15:35:00-04:00,10.704999923706055,10.70989990234375,10.699999809265137,10.704999923706055,33830
2026-08-31 15:36:00-04:00,10.694999694824219,10.705100059509277,10.6899995803833,10.705100059509277,22298
2026-08-31 15:37:00-04:00,10.704999923706055,10.710000038146973,10.694999694824219,10.699999809265137,91984
2026-08-31 15:38:00-04:00,10.70009994506836,10.710000038146973,10.699999809265137,10.70989990234375,74736
2026-08-31 15:39:00-04:00,10.699999809265137,10.710000038146973,10.699999809265137,10.704999923706055,46293
2026-08-31 15:40:00-04:00,10.699999809265137,10.710000038146973,10.699999809265137,10.710000038146973,88084
2026-08-31 15:41:00-04:00,10.6850004196167,10.694999694824219,10.680000305175781,10.6899995803833,64947
2026-08-31 15:42:00-04:00,10.6850004196167,10.6899995803833,10.680000305175781,10.680000305175781,32677
2026-08-31 15:43:00-04:00,10.6850004196167,10.6899995803833,10.680000305175781,10.6850004196167,19433
2026-08-31 15:44:00-04:00,10.6899995803833,10.699999809265137,10.680000305175781,10.6850004196167,99779
2026-08-31 15:45:00-04:00,10.704999923706055,10.720000267028809,10.6899995803833,10.699999809265137,91998
2026-08-31 15:46:00-04:00,10.704999923706055,10.710000038146973,10.704999923706055,10.704999923706055,12209
2026-08-31 15:47:00-04:00,10.694999694824219,10.704999923706055,10.6899995803833,10.704999923706055,23020
2026-08-31 15:48:00-04:00,10.694999694824219,10.699999809265137,10.6899995803833,10.690099716186523,21705
2026-08-31 15:49:00-04:00,10.719900131225586,10.719900131225586,10.6899995803833,10.699999809265137,73814
2026-08-31 15:50:00-04:00,10.750100135803223,10.760000228881836,10.710000038146973,10.710000038146973,207933
2026-08-31 15:51:00-04:00,10.75,10.760000228881836,10.75,10.755000114440918,63877
2026-08-31 15:52:00-04:00,10.755000114440918,10.760000228881836,10.75,10.750499725341797,83036
2026-08-31 15:53:00-04:00,10.755000114440918,10.760000228881836,10.75,10.755000114440918,53318
2026-08-31 15:54:00-04:00,10.774999618530273,10.779999732971191,10.75,10.755000114440918,209738
2026-08-31 15:55:00-04:00,10.78499984741211,10.789999961853027,10.774999618530273,10.774999618530273,255222
2026-08-31 15:56:00-04:00,10.760000228881836,10.78499984741211,10.75,10.779999732971191,132610
2026-08-31 15:57:00-04:00,10.774999618530273,10.779999732971191,10.75,10.755000114440918,212791
2026-08-31 15:58:00-04:00,10.78499984741211,10.789999961853027,10.770000457763672,10.774999618530273,194339
2026-08-31 15:59:00-04:00,10.760000228881836,10.789999961853027,10.760000228881836,10.78499984741211,328714
2026-09-01 09:30:00-04:00,10.385000228881836,10.5,10.385000228881836,10.45199966430664,1149044
2026-09-01 09:31:00-04:00,10.5600004196167,10.579999923706055,10.350000381469727,10.385000228881836,490822
2026-09-01 09:32:00-04:00,10.574999809265137,10.609999656677246,10.529999732971191,10.571999549865723,163874
2026-09-01 09:33:00-04:00,10.505000114440918,10.595000267028809,10.5,10.579999923706055,74133
2026-09-01 09:34:00-04:00,10.449999809265137,10.510000228881836,10.449999809265137,10.505000114440918,82148
2026-09-01 09:35:00-04:00,10.395000457763672,10.444999694824219,10.395000457763672,10.444999694824219,163281
2026-09-01 09:36:00-04:00,10.270000457763672,10.397700309753418,10.270000457763672,10.397700309753418,229096
2026-09-01 09:37:00-04:00,10.1899995803833,10.277199745178223,10.180100440979004,10.270000457763672,335857
2026-09-01 09:38:00-04:00,10.194999694824219,10.210000038146973,10.164999961853027,10.194999694824219,193577
2026-09-01 09:39:00-04:00,10.228500366210938,10.229900360107422,10.180000305175781,10.194999694824219,159789
2026-09-01 09:40:00-04:00,10.204999923706055,10.244999885559082,10.1850004196167,10.225899696350098,116335
2026-09-01 09:41:00-04:00,10.199999809265137,10.210000038146973,10.180000305175781,10.199999809265137,117098
2026-09-01 09:42:00-04:00,10.229999542236328,10.234999656677246,10.1899995803833,10.203700065612793,87922
2026-09-01 09:43:00-04:00,10.2677001953125,10.279999732971191,10.220000267028809,10.227700233459473,134816
2026-09-01 09:44:00-04:00,10.28499984741211,10.300000190734863,10.260000228881836,10.270000457763672,83114
2026-09-01 09:45:00-04:00,10.319899559020996,10.34000015258789,10.279999732971191,10.28499984741211,101717
2026-09-01 09:46:00-04:00,10.244999885559082,10.324999809265137,10.239999771118164,10.319899559020996,108128
2026-09-01 09:47:00-04:00,10.270000457763672,10.279999732971191,10.240300178527832,10.240300178527832,83210
2026-09-01 09:48:00-04:00,10.29990005493164,10.3149995803833,10.270000457763672,10.274999618530273,129455
2026-09-01 09:49:00-04:00,10.279999732971191,10.305000305175781,10.279999732971191,10.295000076293945,75858
2026-09-01 09:50:00-04:00,10.300000190734863,10.324999809265137,10.270000457763672,10.28499984741211,102231
2026-09-01 09:51:00-04:00,10.28499984741211,10.3100004196167,10.279999732971191,10.295000076293945,70349
2026-09-01 09:52:00-04:00,10.229999542236328,10.28499984741211,10.220000267028809,10.28499984741211,79412
2026-09-01 09:53:00-04:00,10.239999771118164,10.25,10.225000381469727,10.229999542236328,46770
2026-09-01 09:54:00-04:00,10.244999885559082,10.255000114440918,10.225099563598633,10.244999885559082,20225
2026-09-01 09:55:00-04:00,10.255000114440918,10.260000228881836,10.239999771118164,10.248100280761719,51631
2026-09-01 09:56:00-04:00,10.255000114440918,10.265000343322754,10.25,10.25,52247
2026-09-01 09:57:00-04:00,10.270000457763672,10.279999732971191,10.25,10.255000114440918,32357
2026-09-01 09:58:00-04:00,10.236900329589844,10.270000457763672,10.225000381469727,10.265000343322754,65012
2026-09-01 09:59:00-04:00,10.260000228881836,10.265000343322754,10.225000381469727,10.23009967803955,63671
2026-09-01 10:00:00-04:00,10.239899635314941,10.279999732971191,10.210000038146973,10.260000228881836,116520
2026-09-01 10:01:00-04:00,10.338000297546387,10.34000015258789,10.229999542236328,10.234999656677246,136283
2026-09-01 10:02:00-04:00,10.28499984741211,10.34000015258789,10.276000022888184,10.34000015258789,74411
2026-09-01 10:03:00-04:00,10.305299758911133,10.3100004196167,10.279999732971191,10.28499984741211,45795
2026-09-01 10:04:00-04:00,10.28499984741211,10.3100004196167,10.270000457763672,10.3100004196167,45418
2026-09-01 10:05:00-04:00,10.289999961853027,10.299099922180176,10.280099868774414,10.289999961853027,48335
2026-09-01 10:06:00-04:00,10.3149995803833,10.324999809265137,10.295000076293945,10.300000190734863,68743
2026-09-01 10:07:00-04:00,10.319999694824219,10.33810043334961,10.3100004196167,10.319999694824219,82017
2026-09-01 10:08:00-04:00,10.295000076293945,10.319899559020996,10.289999961853027,10.3149995803833,55891
2026-09-01 10:09:00-04:00,10.300000190734863,10.3100004196167,10.295000076293945,10.300000190734863,29526
2026-09-01 10:10:00-04:00,10.329899787902832,10.329899787902832,10.295000076293945,10.295000076293945,62281
2026-09-01 10:11:00-04:00,10.255000114440918,10.319999694824219,10.255000114440918,10.319999694824219,58515
2026-09-01 10:12:00-04:00,10.225000381469727,10.25,10.225000381469727,10.25,57526
2026-09-01 10:13:00-04:00,10.238100051879883,10.25,10.220000267028809,10.220000267028809,66922
2026-09-01 10:14:00-04:00,10.225000381469727,10.25,10.220000267028809,10.239999771118164,34600
2026-09-01 10:15:00-04:00,10.265000343322754,10.270000457763672,10.220000267028809,10.225899696350098,43041
2026-09-01 10:16:00-04:00,10.265000343322754,10.279999732971191,10.255000114440918,10.270000457763672,68482
2026-09-01 10:17:00-04:00,10.239999771118164,10.269499778747559,10.234999656677246,10.269499778747559,50653
2026-09-01 10:18:00-04:00,10.244999885559082,10.266200065612793,10.23009967803955,10.243300437927246,51642
2026-09-01 10:19:00-04:00,10.244999885559082,10.255000114440918,10.240099906921387,10.25,28184
2026-09-01 10:20:00-04:00,10.244999885559082,10.255000114440918,10.239999771118164,10.25,25666
2026-09-01 10:21:00-04:00,10.25,10.260000228881836,10.244999885559082,10.25,15416
2026-09-01 10:22:00-04:00,10.270099639892578,10.289999961853027,10.25,10.25,48141
2026-09-01 10:23:00-04:00,10.274999618530273,10.279999732971191,10.265000343322754,10.270000457763672,16367
2026-09-01 10:24:00-04:00,10.265000343322754,10.279999732971191,10.25,10.274999618530273,42938
2026-09-01 10:25:00-04:00,10.305000305175781,10.319999694824219,10.265000343322754,10.26990032196045,80784
2026-09-01 10:26:00-04:00,10.28499984741211,10.305000305175781,10.270000457763672,10.305000305175781,40374
2026-09-01 10:27:00-04:00,10.28499984741211,10.289999961853027,10.274999618530273,10.28499984741211,47093
2026-09-01 10:28:00-04:00,10.260000228881836,10.279999732971191,10.255000114440918,10.279999732971191,21450
2026-09-01 10:29:00-04:00,10.230999946594238,10.260000228881836,10.229999542236328,10.255000114440918,56011
2026-09-01 10:30:00-04:00,10.239999771118164,10.244999885559082,10.229999542236328,10.234999656677246,54043
2026-09-01 10:31:00-04:00,10.21969985961914,10.239999771118164,10.210000038146973,10.234999656677246,87609
2026-09-01 10:32:00-04:00,10.21500015258789,10.220000267028809,10.204999923706055,10.210000038146973,49431
2026-09-01 10:33:00-04:00,10.244999885559082,10.25,10.210000038146973,10.21500015258789,71441
2026-09-01 10:34:00-04:00,10.270000457763672,10.270000457763672,10.244999885559082,10.25,71838
2026-09-01 10:35:00-04:00,10.274999618530273,10.279999732971191,10.260100364685059,10.270000457763672,56753
2026-09-01 10:36:00-04:00,10.270000457763672,10.28499984741211,10.251700401306152,10.279999732971191,59293
2026-09-01 10:37:00-04:00,10.274999618530273,10.289999961853027,10.259900093078613,10.260000228881836,53692
2026-09-01 10:38:00-04:00,10.277299880981445,10.300000190734863,10.270000457763672,10.274999618530273,45319
2026-09-01 10:39:00-04:00,10.270600318908691,10.279899597167969,10.260100364685059,10.279899597167969,25664
2026-09-01 10:40:00-04:00,10.289999961853027,10.289999961853027,10.264900207519531,10.270000457763672,33330
2026-09-01 10:41:00-04:00,10.288800239562988,10.300000190734863,10.279999732971191,10.289999961853027,37227
2026-09-01 10:42:00-04:00,10.295000076293945,10.3100004196167,10.28499984741211,10.28499984741211,61826
2026-09-01 10:43:00-04:00,10.305000305175781,10.3100004196167,10.295000076293945,10.295000076293945,53262
2026-09-01 10:44:00-04:00,10.305000305175781,10.3100004196167,10.294599533081055,10.305000305175781,28015
2026-09-01 10:45:00-04:00,10.305000305175781,10.3100004196167,10.300000190734863,10.300000190734863,28265
2026-09-01 10:46:00-04:00,10.360099792480469,10.369999885559082,10.305000305175781,10.306400299072266,111627
2026-09-01 10:47:00-04:00,10.359999656677246,10.414999961853027,10.354999542236328,10.359999656677246,366367
2026-09-01 10:48:00-04:00,10.380000114440918,10.380000114440918,10.350000381469727,10.364999771118164,152274
2026-09-01 10:49:00-04:00,10.375,10.399999618530273,10.375,10.390000343322754,88824
2026-09-01 10:50:00-04:00,10.375,10.39009952545166,10.373700141906738,10.380000114440918,37344
2026-09-01 10:51:00-04:00,10.385000228881836,10.40999984741211,10.375,10.375,49679
2026-09-01 10:52:00-04:00,10.395000457763672,10.399999618530273,10.375,10.385000228881836,75968
2026-09-01 10:53:00-04:00,10.382499694824219,10.430000305175781,10.382499694824219,10.399999618530273,161415
2026-09-01 10:54:00-04:00,10.395000457763672,10.399999618530273,10.373800277709961,10.385000228881836,94822
2026-09-01 10:55:00-04:00,10.399999618530273,10.399999618530273,10.375,10.385000228881836,47326
2026-09-01 10:56:00-04:00,10.417499542236328,10.417499542236328,10.385000228881836,10.385000228881836,52567
2026-09-01 10:57:00-04:00,10.395000457763672,10.420000076293945,10.380000114440918,10.418499946594238,42198
2026-09-01 10:58:00-04:00,10.388699531555176,10.395099639892578,10.385000228881836,10.395000457763672,22987
2026-09-01 10:59:00-04:00,10.404999732971191,10.406800270080566,10.380000114440918,10.380000114440918,44622
2026-09-01 11:00:00-04:00,10.399999618530273,10.4350004196167,10.395000457763672,10.40999984741211,77205
2026-09-01 11:01:00-04:00,10.39009952545166,10.404999732971191,10.372200012207031,10.404999732971191,65361
2026-09-01 11:02:00-04:00,10.399999618530273,10.419899940490723,10.385000228881836,10.395000457763672,77682
2026-09-01 11:03:00-04:00,10.404999732971191,10.420000076293945,10.390000343322754,10.399999618530273,23167
2026-09-01 11:04:00-04:00,10.40999984741211,10.40999984741211,10.390000343322754,10.399999618530273,47301
2026-09-01 11:05:00-04:00,10.414999961853027,10.4350004196167,10.395000457763672,10.404999732971191,134219
2026-09-01 11:06:00-04:00,10.404999732971191,10.425000190734863,10.380000114440918,10.414999961853027,91305
2026-09-01 11:07:00-04:00,10.430100440979004,10.4399995803833,10.40999984741211,10.40999984741211,57728
2026-09-01 11:08:00-04:00,10.439499855041504,10.4399995803833,10.425000190734863,10.4350004196167,95162
2026-09-01 11:09:00-04:00,10.425000190734863,10.449999809265137,10.425000190734863,10.430000305175781,58423
2026-09-01 11:10:00-04:00,10.404999732971191,10.4350004196167,10.399999618530273,10.425000190734863,30709
2026-09-01 11:11:00-04:00,10.399999618530273,10.425000190734863,10.392800331115723,10.404999732971191,87712
2026-09-01 11:12:00-04:00,10.400799751281738,10.404999732971191,10.39050006866455,10.404999732971191,40379
2026-09-01 11:13:00-04:00,10.39009952545166,10.404999732971191,10.390000343322754,10.399999618530273,46299
2026-09-01 11:14:00-04:00,10.390000343322754,10.420000076293945,10.385000228881836,10.399999618530273,56705
2026-09-01 11:15:00-04:00,10.385000228881836,10.395000457763672,10.37339973449707,10.385000228881836,33173
2026-09-01 11:16:00-04:00,10.375,10.385000228881836,10.359999656677246,10.370200157165527,22101
2026-09-01 11:17:00-04:00,10.385000228881836,10.385000228881836,10.375,10.379899978637695,18162
2026-09-01 11:18:00-04:00,10.380900382995605,10.387299537658691,10.380000114440918,10.385000228881836,15113
2026-09-01 11:19:00-04:00,10.364999771118164,10.390000343322754,10.364999771118164,10.390000343322754,26299
2026-09-01 11:20:00-04:00,10.379899978637695,10.385000228881836,10.369999885559082,10.369999885559082,27472
2026-09-01 11:21:00-04:00,10.380000114440918,10.380000114440918,10.364999771118164,10.375,33808
2026-09-01 11:22:00-04:00,10.375,10.385000228881836,10.370100021362305,10.378100395202637,33363
2026-09-01 11:23:00-04:00,10.380000114440918,10.385000228881836,10.369999885559082,10.375,12098
2026-09-01 11:24:00-04:00,10.395000457763672,10.399999618530273,10.385000228881836,10.390000343322754,33824
2026-09-01 11:25:00-04:00,10.425000190734863,10.449999809265137,10.395000457763672,10.395000457763672,108368
2026-09-01 11:26:00-04:00,10.421500205993652,10.430000305175781,10.414999961853027,10.425000190734863,97326
2026-09-01 11:27:00-04:00,10.425000190734863,10.4350004196167,10.414999961853027,10.421899795532227,52928
2026-09-01 11:28:00-04:00,10.428999900817871,10.430000305175781,10.412300109863281,10.430000305175781,44760
2026-09-01 11:29:00-04:00,10.460000038146973,10.460000038146973,10.425000190734863,10.429800033569336,262565
2026-09-01 11:30:00-04:00,10.425000190734863,10.460000038146973,10.425000190734863,10.454999923706055,59879
2026-09-01 11:31:00-04:00,10.414999961853027,10.4399995803833,10.410099983215332,10.420000076293945,129014
2026-09-01 11:32:00-04:00,10.425000190734863,10.429699897766113,10.404999732971191,10.414999961853027,65915
2026-09-01 11:33:00-04:00,10.444999694824219,10.449999809265137,10.420000076293945,10.425000190734863,59100
2026-09-01 11:34:00-04:00,10.425000190734863,10.449999809265137,10.425000190734863,10.444999694824219,45851
2026-09-01 11:35:00-04:00,10.444999694824219,10.449899673461914,10.414400100708008,10.425000190734863,67536
2026-09-01 11:36:00-04:00,10.444999694824219,10.449999809265137,10.425000190734863,10.444999694824219,48157
2026-09-01 11:37:00-04:00,10.4399995803833,10.449399948120117,10.432000160217285,10.444999694824219,70657
2026-09-01 11:38:00-04:00,10.449999809265137,10.470000267028809,10.444999694824219,10.449999809265137,91532
2026-09-01 11:39:00-04:00,10.4350004196167,10.451000213623047,10.430000305175781,10.451000213623047,46172
2026-09-01 11:40:00-04:00,10.444999694824219,10.449999809265137,10.439900398254395,10.439900398254395,45812
2026-09-01 11:41:00-04:00,10.449999809265137,10.455499649047852,10.4399995803833,10.449999809265137,36927
2026-09-01 11:42:00-04:00,10.429800033569336,10.4399995803833,10.40999984741211,10.4399995803833,85518
2026-09-01 11:43:00-04:00,10.440099716186523,10.446000099182129,10.430000305175781,10.430000305175781,23147
2026-09-01 11:44:00-04:00,10.420000076293945,10.454999923706055,10.420000076293945,10.441900253295898,97375
2026-09-01 11:45:00-04:00,10.40999984741211,10.419899940490723,10.391200065612793,10.419899940490723,80912
2026-09-01 11:46:00-04:00,10.404999732971191,10.414999961853027,10.404999732971191,10.405099868774414,25139
2026-09-01 11:47:00-04:00,10.399999618530273,10.40999984741211,10.390000343322754,10.399999618530273,14093
2026-09-01 11:48:00-04:00,10.395000457763672,10.40999984741211,10.395000457763672,10.399900436401367,24191
2026-09-01 11:49:00-04:00,10.395000457763672,10.399999618530273,10.380000114440918,10.393899917602539,58383
2026-09-01 11:50:00-04:00,10.395000457763672,10.395000457763672,10.385000228881836,10.395000457763672,36908
2026-09-01 11:51:00-04:00,10.395000457763672,10.399999618530273,10.385000228881836,10.39169979095459,35377
2026-09-01 11:52:00-04:00,10.399900436401367,10.399999618530273,10.390000343322754,10.39050006866455,20299
2026-09-01 11:53:00-04:00,10.395000457763672,10.40999984741211,10.390000343322754,10.395000457763672,51209
2026-09-01 11:54:00-04:00,10.390000343322754,10.399999618530273,10.380000114440918,10.395000457763672,69274
2026-09-01 11:55:00-04:00,10.40999984741211,10.40999984741211,10.390000343322754,10.390000343322754,234577
2026-09-01 11:56:00-04:00,10.40999984741211,10.420000076293945,10.400400161743164,10.40999984741211,35180
2026-09-01 11:57:00-04:00,10.410099983215332,10.430000305175781,10.399999618530273,10.40999984741211,193009
2026-09-01 11:58:00-04:00,10.404999732971191,10.418600082397461,10.404999732971191,10.40999984741211,16562
2026-09-01 11:59:00-04:00,10.404999732971191,10.425000190734863,10.395000457763672,10.40999984741211,45546
2026-09-01 12:00:00-04:00,10.409899711608887,10.414999961853027,10.404000282287598,10.404000282287598,41031
2026-09-01 12:01:00-04:00,10.395700454711914,10.399999618530273,10.380000114440918,10.399999618530273,60582
2026-09-01 12:02:00-04:00,10.390000343322754,10.404999732971191,10.385000228881836,10.404999732971191,52717
2026-09-01 12:03:00-04:00,10.380000114440918,10.399999618530273,10.380000114440918,10.399900436401367,40474
2026-09-01 12:04:00-04:00,10.399900436401367,10.399999618530273,10.380000114440918,10.389900207519531,45378
2026-09-01 12:05:00-04:00,10.395000457763672,10.399999618530273,10.390000343322754,10.395000457763672,41441
2026-09-01 12:06:00-04:00,10.385000228881836,10.395000457763672,10.380000114440918,10.395000457763672,44611
2026-09-01 12:07:00-04:00,10.379899978637695,10.399999618530273,10.360099792480469,10.385000228881836,86697
2026-09-01 12:08:00-04:00,10.390899658203125,10.395000457763672,10.369999885559082,10.375,45087
2026-09-01 12:09:00-04:00,10.385000228881836,10.395000457763672,10.369999885559082,10.390000343322754,35330
2026-09-01 12:10:00-04:00,10.371000289916992,10.390000343322754,10.359999656677246,10.390000343322754,40386
2026-09-01 12:11:00-04:00,10.375,10.379899978637695,10.375,10.37969970703125,19801
2026-09-01 12:12:00-04:00,10.375,10.380000114440918,10.369999885559082,10.375,17541
2026-09-01 12:13:00-04:00,10.375,10.380000114440918,10.369999885559082,10.375,7265
2026-09-01 12:14:00-04:00,10.349900245666504,10.375,10.34000015258789,10.375,51144
2026-09-01 12:15:00-04:00,10.34000015258789,10.350000381469727,10.34000015258789,10.34000015258789,9264
2026-09-01 12:16:00-04:00,10.319999694824219,10.345000267028809,10.319999694824219,10.340100288391113,28599
2026-09-01 12:17:00-04:00,10.3149995803833,10.329999923706055,10.309499740600586,10.324999809265137,76970
2026-09-01 12:18:00-04:00,10.335000038146973,10.335000038146973,10.305000305175781,10.310500144958496,81599
2026-09-01 12:19:00-04:00,10.331000328063965,10.34000015258789,10.322500228881836,10.330100059509277,68110
2026-09-01 12:20:00-04:00,10.28499984741211,10.335000038146973,10.279999732971191,10.335000038146973,162330
2026-09-01 12:21:00-04:00,10.28499984741211,10.295000076293945,10.269000053405762,10.28499984741211,57667
2026-09-01 12:22:00-04:00,10.28499984741211,10.305000305175781,10.274999618530273,10.282500267028809,53782
2026-09-01 12:23:00-04:00,10.265000343322754,10.279999732971191,10.265000343322754,10.274999618530273,25901
2026-09-01 12:24:00-04:00,10.270000457763672,10.270000457763672,10.239999771118164,10.260000228881836,74516
2026-09-01 12:25:00-04:00,10.289999961853027,10.289999961853027,10.263299942016602,10.265000343322754,87751
2026-09-01 12:26:00-04:00,10.310099601745605,10.329999923706055,10.295000076293945,10.295000076293945,135492
2026-09-01 12:27:00-04:00,10.333700180053711,10.339900016784668,10.310099601745605,10.3149995803833,126579
2026-09-01 12:28:00-04:00,10.335000038146973,10.34000015258789,10.324999809265137,10.335000038146973,143047
2026-09-01 12:29:00-04:00,10.320099830627441,10.339900016784668,10.320099830627441,10.330100059509277,73424
2026-09-01 12:30:00-04:00,10.305000305175781,10.319999694824219,10.289999961853027,10.319999694824219,103440
2026-09-01 12:31:00-04:00,10.289899826049805,10.3100004196167,10.28499984741211,10.30270004272461,93095
2026-09-01 12:32:00-04:00,10.279999732971191,10.289999961853027,10.274999618530273,10.289899826049805,61674
2026-09-01 12:33:00-04:00,10.28499984741211,10.289999961853027,10.279999732971191,10.28499984741211,27059
2026-09-01 12:34:00-04:00,10.28499984741211,10.289999961853027,10.274999618530273,10.28499984741211,52917
2026-09-01 12:35:00-04:00,10.305000305175781,10.305000305175781,10.28499984741211,10.28499984741211,44819
2026-09-01 12:36:00-04:00,10.28499984741211,10.305000305175781,10.28499984741211,10.305000305175781,34576
2026-09-01 12:37:00-04:00,10.28499984741211,10.300000190734863,10.28499984741211,10.28499984741211,33113
2026-09-01 12:38:00-04:00,10.300000190734863,10.307700157165527,10.284000396728516,10.28499984741211,59628
2026-09-01 12:39:00-04:00,10.324999809265137,10.335000038146973,10.305000305175781,10.308600425720215,135339
2026-09-01 12:40:00-04:00,10.318099975585938,10.34000015258789,10.3100004196167,10.324999809265137,115439
2026-09-01 12:41:00-04:00,10.329099655151367,10.335000038146973,10.3100004196167,10.319899559020996,84218
2026-09-01 12:42:00-04:00,10.303999900817871,10.339900016784668,10.300000190734863,10.329999923706055,92460
2026-09-01 12:43:00-04:00,10.300000190734863,10.3100004196167,10.29010009765625,10.3016996383667,75772
2026-09-01 12:44:00-04:00,10.295000076293945,10.3100004196167,10.293999671936035,10.295000076293945,50926
2026-09-01 12:45:00-04:00,10.300000190734863,10.305000305175781,10.289999961853027,10.300000190734863,94960
2026-09-01 12:46:00-04:00,10.28499984741211,10.309900283813477,10.28499984741211,10.309900283813477,62314
2026-09-01 12:47:00-04:00,10.291899681091309,10.305000305175781,10.28499984741211,10.28499984741211,76590
2026-09-01 12:48:00-04:00,10.300000190734863,10.305000305175781,10.292799949645996,10.295000076293945,65547
2026-09-01 12:49:00-04:00,10.302300453186035,10.315099716186523,10.295000076293945,10.3100004196167,91623
2026-09-01 12:50:00-04:00,10.295000076293945,10.3100004196167,10.291000366210938,10.300000190734863,93742
2026-09-01 12:51:00-04:00,10.274999618530273,10.300000190734863,10.274999618530273,10.29990005493164,92873
2026-09-01 12:52:00-04:00,10.298299789428711,10.300000190734863,10.270000457763672,10.274999618530273,60741
2026-09-01 12:53:00-04:00,10.287500381469727,10.29990005493164,10.28499984741211,10.295000076293945,39967
2026-09-01 12:54:00-04:00,10.28499984741211,10.289999961853027,10.28499984741211,10.28499984741211,27880
2026-09-01 12:55:00-04:00,10.300999641418457,10.3100004196167,10.289999961853027,10.289999961853027,72004
2026-09-01 12:56:00-04:00,10.295000076293945,10.300000190734863,10.29010009765625,10.295000076293945,70400
2026-09-01 12:57:00-04:00,10.289999961853027,10.305000305175781,10.289999961853027,10.295000076293945,50438
2026-09-01 12:58:00-04:00,10.295000076293945,10.3100004196167,10.295000076293945,10.295000076293945,31486
2026-09-01 12:59:00-04:00,10.295000076293945,10.300000190734863,10.28909969329834,10.295000076293945,33816
2026-09-01 13:00:00-04:00,10.274999618530273,10.300000190734863,10.274999618530273,10.292499542236328,60293
2026-09-01 13:01:00-04:00,10.265000343322754,10.285200119018555,10.261099815368652,10.274999618530273,76910
2026-09-01 13:02:00-04:00,10.25,10.266200065612793,10.25,10.26259994506836,48127
2026-09-01 13:03:00-04:00,10.249899864196777,10.255599975585938,10.249899864196777,10.255000114440918,54258
2026-09-01 13:04:00-04:00,10.239999771118164,10.260000228881836,10.239999771118164,10.25,36624
2026-09-01 13:05:00-04:00,10.244999885559082,10.25,10.234999656677246,10.239999771118164,91592
2026-09-01 13:06:00-04:00,10.255000114440918,10.255000114440918,10.239999771118164,10.25,34689
2026-09-01 13:07:00-04:00,10.259900093078613,10.259900093078613,10.25,10.255000114440918,24680
2026-09-01 13:08:00-04:00,10.25,10.260000228881836,10.25,10.25,25787
2026-09-01 13:09:00-04:00,10.265000343322754,10.265000343322754,10.255000114440918,10.255000114440918,51885
2026-09-01 13:10:00-04:00,10.256600379943848,10.265000343322754,10.25,10.260000228881836,30995
2026-09-01 13:11:00-04:00,10.265000343322754,10.270000457763672,10.255000114440918,10.255000114440918,46260
2026-09-01 13:12:00-04:00,10.255000114440918,10.265000343322754,10.25,10.265000343322754,34800
2026-09-01 13:13:00-04:00,10.265000343322754,10.265000343322754,10.258299827575684,10.260000228881836,47021
2026-09-01 13:14:00-04:00,10.265000343322754,10.270000457763672,10.260000228881836,10.261199951171875,28874
2026-09-01 13:15:00-04:00,10.289899826049805,10.289999961853027,10.265000343322754,10.265000343322754,49704
2026-09-01 13:16:00-04:00,10.260000228881836,10.28499984741211,10.260000228881836,10.28499984741211,51699
2026-09-01 13:17:00-04:00,10.265000343322754,10.268199920654297,10.259900093078613,10.259900093078613,63992
2026-09-01 13:18:00-04:00,10.265000343322754,10.274999618530273,10.260000228881836,10.26990032196045,81955
2026-09-01 13:19:00-04:00,10.272600173950195,10.279999732971191,10.265000343322754,10.265000343322754,119863
2026-09-01 13:20:00-04:00,10.28499984741211,10.28499984741211,10.274999618530273,10.274999618530273,20857
2026-09-01 13:21:00-04:00,10.265000343322754,10.288599967956543,10.260000228881836,10.288599967956543,52024
2026-09-01 13:22:00-04:00,10.265000343322754,10.270000457763672,10.265000343322754,10.265000343322754,28154
2026-09-01 13:23:00-04:00,10.266400337219238,10.266400337219238,10.255000114440918,10.265000343322754,36707
2026-09-01 13:24:00-04:00,10.265000343322754,10.270000457763672,10.260000228881836,10.270000457763672,33618
2026-09-01 13:25:00-04:00,10.260000228881836,10.274999618530273,10.244999885559082,10.260100364685059,130090
2026-09-01 13:26:00-04:00,10.255000114440918,10.263500213623047,10.255000114440918,10.260000228881836,37859
2026-09-01 13:27:00-04:00,10.2701997756958,10.289999961853027,10.255000114440918,10.255000114440918,70188
2026-09-01 13:28:00-04:00,10.274999618530273,10.279999732971191,10.265000343322754,10.274999618530273,56249
2026-09-01 13:29:00-04:00,10.289999961853027,10.289999961853027,10.265000343322754,10.274999618530273,72061
2026-09-01 13:30:00-04:00,10.289899826049805,10.29990005493164,10.279999732971191,10.289999961853027,67552
2026-09-01 13:31:00-04:00,10.28499984741211,10.289899826049805,10.279999732971191,10.28499984741211,45414
2026-09-01 13:32:00-04:00,10.274999618530273,10.28499984741211,10.271699905395508,10.28499984741211,52975
2026-09-01 13:33:00-04:00,10.28499984741211,10.289899826049805,10.274999618530273,10.274999618530273,18758
2026-09-01 13:34:00-04:00,10.303099632263184,10.3100004196167,10.288100242614746,10.288100242614746,83801
2026-09-01 13:35:00-04:00,10.305000305175781,10.3100004196167,10.300100326538086,10.3100004196167,70749
2026-09-01 13:36:00-04:00,10.305000305175781,10.3100004196167,10.300000190734863,10.300000190734863,52928
2026-09-01 13:37:00-04:00,10.3149995803833,10.319999694824219,10.302200317382812,10.305000305175781,78772
2026-09-01 13:38:00-04:00,10.295000076293945,10.319999694824219,10.295000076293945,10.319999694824219,74482
2026-09-01 13:39:00-04:00,10.28499984741211,10.299099922180176,10.279999732971191,10.290200233459473,50584
2026-09-01 13:40:00-04:00,10.291199684143066,10.295000076293945,10.279999732971191,10.279999732971191,90658
2026-09-01 13:41:00-04:00,10.300000190734863,10.305000305175781,10.279999732971191,10.291000366210938,63751
2026-09-01 13:42:00-04:00,10.301400184631348,10.305000305175781,10.293999671936035,10.295000076293945,81520
2026-09-01 13:43:00-04:00,10.295000076293945,10.300000190734863,10.283900260925293,10.300000190734863,61568
2026-09-01 13:44:00-04:00,10.305000305175781,10.305000305175781,10.295000076293945,10.300000190734863,9223
2026-09-01 13:45:00-04:00,10.289899826049805,10.300000190734863,10.28499984741211,10.300000190734863,51196
2026-09-01 13:46:00-04:00,10.274999618530273,10.289899826049805,10.274999618530273,10.28499984741211,66026
2026-09-01 13:47:00-04:00,10.28499984741211,10.286800384521484,10.270099639892578,10.274999618530273,40857
2026-09-01 13:48:00-04:00,10.29010009765625,10.295000076293945,10.280099868774414,10.280099868774414,58379
2026-09-01 13:49:00-04:00,10.295000076293945,10.305000305175781,10.293000221252441,10.293000221252441,50729
2026-09-01 13:50:00-04:00,10.29990005493164,10.300000190734863,10.291500091552734,10.295000076293945,43380
2026-09-01 13:51:00-04:00,10.280200004577637,10.300000190734863,10.279999732971191,10.29010009765625,42196
2026-09-01 13:52:00-04:00,10.279999732971191,10.288200378417969,10.279999732971191,10.279999732971191,27698
2026-09-01 13:53:00-04:00,10.28499984741211,10.289999961853027,10.279999732971191,10.289999961853027,25252
2026-09-01 13:54:00-04:00,10.281999588012695,10.28499984741211,10.280099868774414,10.28499984741211,9954
2026-09-01 13:55:00-04:00,10.260000228881836,10.280200004577637,10.260000228881836,10.280200004577637,70187
2026-09-01 13:56:00-04:00,10.274999618530273,10.279999732971191,10.265000343322754,10.265000343322754,44017
2026-09-01 13:57:00-04:00,10.274999618530273,10.277999877929688,10.270000457763672,10.274999618530273,17668
2026-09-01 13:58:00-04:00,10.28499984741211,10.28499984741211,10.270000457763672,10.272100448608398,35374
2026-09-01 13:59:00-04:00,10.274999618530273,10.282299995422363,10.270000457763672,10.282299995422363,32004
2026-09-01 14:00:00-04:00,10.265000343322754,10.28499984741211,10.265000343322754,10.274999618530273,51445
2026-09-01 14:01:00-04:00,10.263400077819824,10.270000457763672,10.255000114440918,10.265000343322754,32663
2026-09-01 14:02:00-04:00,10.265000343322754,10.26990032196045,10.260100364685059,10.265000343322754,17147
2026-09-01 14:03:00-04:00,10.265000343322754,10.26990032196045,10.265000343322754,10.265000343322754,14224
2026-09-01 14:04:00-04:00,10.270000457763672,10.274999618530273,10.260100364685059,10.260100364685059,37958
2026-09-01 14:05:00-04:00,10.265000343322754,10.279999732971191,10.265000343322754,10.274999618530273,21318
2026-09-01 14:06:00-04:00,10.274999618530273,10.279999732971191,10.260000228881836,10.270000457763672,33877
2026-09-01 14:07:00-04:00,10.295000076293945,10.29990005493164,10.270000457763672,10.276200294494629,73489
2026-09-01 14:08:00-04:00,10.280200004577637,10.298299789428711,10.279999732971191,10.295000076293945,30164
2026-09-01 14:09:00-04:00,10.28499984741211,10.289899826049805,10.270099639892578,10.285099983215332,52040
2026-09-01 14:10:00-04:00,10.28499984741211,10.296199798583984,10.280099868774414,10.288599967956543,42627
2026-09-01 14:11:00-04:00,10.295000076293945,10.300000190734863,10.28499984741211,10.289899826049805,34769
2026-09-01 14:12:00-04:00,10.28499984741211,10.289999961853027,10.270000457763672,10.289999961853027,71019
2026-09-01 14:13:00-04:00,10.279999732971191,10.289899826049805,10.279999732971191,10.28499984741211,37658
2026-09-01 14:14:00-04:00,10.280099868774414,10.289899826049805,10.279999732971191,10.289899826049805,19411
2026-09-01 14:15:00-04:00,10.27750015258789,10.28499984741211,10.274999618530273,10.28499984741211,36489
2026-09-01 14:16:00-04:00,10.260000228881836,10.276000022888184,10.255000114440918,10.270000457763672,46383
2026-09-01 14:17:00-04:00,10.270000457763672,10.28499984741211,10.269399642944336,10.270000457763672,59717
2026-09-01 14:18:00-04:00,10.274999618530273,10.279999732971191,10.270000457763672,10.27400016784668,6601
2026-09-01 14:19:00-04:00,10.274999618530273,10.28499984741211,10.274999618530273,10.274999618530273,18132
2026-09-01 14:20:00-04:00,10.260000228881836,10.274999618530273,10.255000114440918,10.274999618530273,50384
2026-09-01 14:21:00-04:00,10.26099967956543,10.270000457763672,10.260000228881836,10.265000343322754,40079
2026-09-01 14:22:00-04:00,10.262299537658691,10.270000457763672,10.260000228881836,10.270000457763672,18577
2026-09-01 14:23:00-04:00,10.265000343322754,10.265000343322754,10.239999771118164,10.265000343322754,48013
2026-09-01 14:24:00-04:00,10.26990032196045,10.270000457763672,10.265000343322754,10.265999794006348,16249
2026-09-01 14:25:00-04:00,10.274299621582031,10.279899597167969,10.261899948120117,10.265000343322754,25537
2026-09-01 14:26:00-04:00,10.265000343322754,10.279999732971191,10.260000228881836,10.279999732971191,34768
2026-09-01 14:27:00-04:00,10.239999771118164,10.265000343322754,10.239999771118164,10.265000343322754,30854
2026-09-01 14:28:00-04:00,10.229900360107422,10.25,10.210000038146973,10.25,213015
2026-09-01 14:29:00-04:00,10.239999771118164,10.25,10.225000381469727,10.225000381469727,82583
2026-09-01 14:30:00-04:00,10.25,10.270000457763672,10.234999656677246,10.240500450134277,117886
2026-09-01 14:31:00-04:00,10.239999771118164,10.249899864196777,10.239999771118164,10.244999885559082,16114
2026-09-01 14:32:00-04:00,10.244999885559082,10.25,10.239999771118164,10.244999885559082,71550
2026-09-01 14:33:00-04:00,10.229999542236328,10.244999885559082,10.229999542236328,10.244999885559082,57466
2026-09-01 14:34:00-04:00,10.212499618530273,10.234999656677246,10.210000038146973,10.234999656677246,53908
2026-09-01 14:35:00-04:00,10.225000381469727,10.225000381469727,10.210000038146973,10.21500015258789,16560
2026-09-01 14:36:00-04:00,10.21500015258789,10.225000381469727,10.21500015258789,10.225000381469727,17780
2026-09-01 14:37:00-04:00,10.220000267028809,10.220000267028809,10.210200309753418,10.214099884033203,12596
2026-09-01 14:38:00-04:00,10.204999923706055,10.21500015258789,10.199999809265137,10.214200019836426,51172
2026-09-01 14:39:00-04:00,10.204999923706055,10.20989990234375,10.199999809265137,10.204999923706055,40921
2026-09-01 14:40:00-04:00,10.210000038146973,10.210000038146973,10.199999809265137,10.204999923706055,20453
2026-09-01 14:41:00-04:00,10.1899995803833,10.210000038146973,10.1899995803833,10.204999923706055,87469
2026-09-01 14:42:00-04:00,10.1850004196167,10.199899673461914,10.180000305175781,10.1899995803833,50112
2026-09-01 14:43:00-04:00,10.1850004196167,10.187100410461426,10.175000190734863,10.1850004196167,56270
2026-09-01 14:44:00-04:00,10.175000190734863,10.1899995803833,10.170000076293945,10.1899995803833,52521
2026-09-01 14:45:00-04:00,10.149999618530273,10.180000305175781,10.149999618530273,10.175000190734863,89370
2026-09-01 14:46:00-04:00,10.164999961853027,10.170000076293945,10.149999618530273,10.154999732971191,72287
2026-09-01 14:47:00-04:00,10.204999923706055,10.210000038146973,10.15999984741211,10.15999984741211,325821
2026-09-01 14:48:00-04:00,10.223999977111816,10.229999542236328,10.199999809265137,10.20989990234375,61183
2026-09-01 14:49:00-04:00,10.244999885559082,10.25,10.225000381469727,10.229999542236328,70472
2026-09-01 14:50:00-04:00,10.260000228881836,10.260000228881836,10.244999885559082,10.244999885559082,57696
2026-09-01 14:51:00-04:00,10.255000114440918,10.265000343322754,10.250100135803223,10.257699966430664,28492
2026-09-01 14:52:00-04:00,10.259900093078613,10.260000228881836,10.25,10.25,44571
2026-09-01 14:53:00-04:00,10.260000228881836,10.265000343322754,10.240099906921387,10.255000114440918,59536
2026-09-01 14:54:00-04:00,10.260000228881836,10.270000457763672,10.260000228881836,10.26990032196045,45310
2026-09-01 14:55:00-04:00,10.270000457763672,10.270000457763672,10.257100105285645,10.257100105285645,49438
2026-09-01 14:56:00-04:00,10.263999938964844,10.27970027923584,10.260000228881836,10.270000457763672,55223
2026-09-01 14:57:00-04:00,10.274999618530273,10.274999618530273,10.260199546813965,10.265000343322754,20637
2026-09-01 14:58:00-04:00,10.270000457763672,10.289899826049805,10.270000457763672,10.274999618530273,55034
2026-09-01 14:59:00-04:00,10.289999961853027,10.300000190734863,10.270000457763672,10.270000457763672,66853
2026-09-01 15:00:00-04:00,10.3100004196167,10.3100004196167,10.295000076293945,10.300000190734863,53701
2026-09-01 15:01:00-04:00,10.295000076293945,10.31779956817627,10.279999732971191,10.3100004196167,151374
2026-09-01 15:02:00-04:00,10.28499984741211,10.299500465393066,10.279999732971191,10.295000076293945,44851
2026-09-01 15:03:00-04:00,10.300000190734863,10.300000190734863,10.279999732971191,10.28499984741211,57637
2026-09-01 15:04:00-04:00,10.3100004196167,10.3100004196167,10.300100326538086,10.30270004272461,41666
2026-09-01 15:05:00-04:00,10.310099601745605,10.319999694824219,10.310099601745605,10.3149995803833,64883
2026-09-01 15:06:00-04:00,10.3100004196167,10.3149995803833,10.300000190734863,10.3149995803833,61719
2026-09-01 15:07:00-04:00,10.300000190734863,10.305000305175781,10.289999961853027,10.305000305175781,50614
2026-09-01 15:08:00-04:00,10.295000076293945,10.295000076293945,10.279999732971191,10.289999961853027,36039
2026-09-01 15:09:00-04:00,10.28499984741211,10.295000076293945,10.279999732971191,10.289999961853027,123166
2026-09-01 15:10:00-04:00,10.277099609375,10.289999961853027,10.274999618530273,10.28499984741211,42679
2026-09-01 15:11:00-04:00,10.295000076293945,10.30620002746582,10.279899597167969,10.279899597167969,90613
2026-09-01 15:12:00-04:00,10.28950023651123,10.289999961853027,10.279999732971191,10.284700393676758,16465
2026-09-01 15:13:00-04:00,10.305700302124023,10.307999610900879,10.289899826049805,10.289899826049805,83821
2026-09-01 15:14:00-04:00,10.324999809265137,10.329999923706055,10.303799629211426,10.303799629211426,105061
2026-09-01 15:15:00-04:00,10.319899559020996,10.329999923706055,10.305000305175781,10.324999809265137,70116
2026-09-01 15:16:00-04:00,10.329999923706055,10.335000038146973,10.3100004196167,10.3149995803833,88149
2026-09-01 15:17:00-04:00,10.300200462341309,10.324999809265137,10.300000190734863,10.324999809265137,56668
2026-09-01 15:18:00-04:00,10.3149995803833,10.329899787902832,10.305000305175781,10.305000305175781,106909
2026-09-01 15:19:00-04:00,10.3149995803833,10.319999694824219,10.300000190734863,10.3149995803833,87295
2026-09-01 15:20:00-04:00,10.3100004196167,10.319999694824219,10.309700012207031,10.3149995803833,63914
2026-09-01 15:21:00-04:00,10.320099830627441,10.329999923706055,10.300100326538086,10.305000305175781,78005
2026-09-01 15:22:00-04:00,10.34000015258789,10.350000381469727,10.3100004196167,10.320099830627441,180042
2026-09-01 15:23:00-04:00,10.364999771118164,10.369999885559082,10.335000038146973,10.341099739074707,73818
2026-09-01 15:24:00-04:00,10.350000381469727,10.364999771118164,10.350000381469727,10.364999771118164,99767
2026-09-01 15:25:00-04:00,10.345000267028809,10.359999656677246,10.340100288391113,10.355999946594238,48525
2026-09-01 15:26:00-04:00,10.354999542236328,10.359999656677246,10.350000381469727,10.350000381469727,89965
2026-09-01 15:27:00-04:00,10.354999542236328,10.364999771118164,10.350000381469727,10.359999656677246,79561
2026-09-01 15:28:00-04:00,10.350000381469727,10.359999656677246,10.340200424194336,10.351099967956543,65492
2026-09-01 15:29:00-04:00,10.34000015258789,10.359999656677246,10.34000015258789,10.359999656677246,47052
2026-09-01 15:30:00-04:00,10.329899787902832,10.349900245666504,10.320699691772461,10.34000015258789,95174
2026-09-01 15:31:00-04:00,10.319899559020996,10.329999923706055,10.3100004196167,10.319999694824219,157005
2026-09-01 15:32:00-04:00,10.3149995803833,10.319999694824219,10.305000305175781,10.3100004196167,102835
2026-09-01 15:33:00-04:00,10.345199584960938,10.349900245666504,10.3100004196167,10.3149995803833,83394
2026-09-01 15:34:00-04:00,10.33530044555664,10.34589958190918,10.329999923706055,10.34589958190918,118646
2026-09-01 15:35:00-04:00,10.324999809265137,10.34000015258789,10.320099830627441,10.329999923706055,81582
2026-09-01 15:36:00-04:00,10.3149995803833,10.329999923706055,10.3100004196167,10.319999694824219,36655
2026-09-01 15:37:00-04:00,10.328900337219238,10.329999923706055,10.3100004196167,10.3100004196167,40769
2026-09-01 15:38:00-04:00,10.345000267028809,10.345000267028809,10.319999694824219,10.319999694824219,110510
2026-09-01 15:39:00-04:00,10.335000038146973,10.350000381469727,10.329999923706055,10.34000015258789,25471
2026-09-01 15:40:00-04:00,10.354700088500977,10.35990047454834,10.329999923706055,10.329999923706055,143069
2026-09-01 15:41:00-04:00,10.361300468444824,10.369999885559082,10.354999542236328,10.354999542236328,148256
2026-09-01 15:42:00-04:00,10.354999542236328,10.369999885559082,10.350000381469727,10.369999885559082,41628
2026-09-01 15:43:00-04:00,10.350000381469727,10.359999656677246,10.350000381469727,10.354999542236328,35696
2026-09-01 15:44:00-04:00,10.371899604797363,10.375,10.350000381469727,10.351900100708008,80229
2026-09-01 15:45:00-04:00,10.385000228881836,10.390000343322754,10.369999885559082,10.369999885559082,87846
2026-09-01 15:46:00-04:00,10.347000122070312,10.385000228881836,10.345000267028809,10.380000114440918,113374
2026-09-01 15:47:00-04:00,10.358200073242188,10.359999656677246,10.34000015258789,10.345000267028809,34326
2026-09-01 15:48:00-04:00,10.350000381469727,10.369999885559082,10.350000381469727,10.354999542236328,56183
2026-09-01 15:49:00-04:00,10.375,10.375,10.350000381469727,10.350000381469727,50234
2026-09-01 15:50:00-04:00,10.350000381469727,10.375,10.342700004577637,10.375,137405
2026-09-01 15:51:00-04:00,10.359999656677246,10.359999656677246,10.34000015258789,10.345000267028809,81627
2026-09-01 15:52:00-04:00,10.335000038146973,10.359999656677246,10.335000038146973,10.350000381469727,74537
2026-09-01 15:53:00-04:00,10.329500198364258,10.34000015258789,10.319999694824219,10.335000038146973,110625
2026-09-01 15:54:00-04:00,10.305000305175781,10.345000267028809,10.305000305175781,10.324999809265137,140702
2026-09-01 15:55:00-04:00,10.305000305175781,10.3100004196167,10.260000228881836,10.305000305175781,327166
2026-09-01 15:56:00-04:00,10.28499984741211,10.3100004196167,10.279999732971191,10.305000305175781,135677
2026-09-01 15:57:00-04:00,10.265000343322754,10.289999961853027,10.255000114440918,10.284099578857422,413391
2026-09-01 15:58:00-04:00,10.229999542236328,10.265000343322754,10.229999542236328,10.265000343322754,249415
2026-09-01 15:59:00-04:00,10.234999656677246,10.239999771118164,10.225000381469727,10.234999656677246,362888
2026-09-02 09:30:00-04:00,10.0649995803833,10.09000015258789,9.989999771118164,10.010000228881836,1258446
2026-09-02 09:31:00-04:00,10.029999732971191,10.085000038146973,10.0,10.069999694824219,158400
2026-09-02 09:32:00-04:00,10.039899826049805,10.0600004196167,10.015000343322754,10.029999732971191,109812
2026-09-02 09:33:00-04:00,10.020000457763672,10.04990005493164,10.005000114440918,10.039999961853027,79710
2026-09-02 09:34:00-04:00,10.045000076293945,10.04990005493164,9.994999885559082,10.015000343322754,83181
2026-09-02 09:35:00-04:00,10.03380012512207,10.045000076293945,10.010000228881836,10.045000076293945,64663
2026-09-02 09:36:00-04:00,10.100099563598633,10.130000114440918,10.005000114440918,10.03499984741211,129892
2026-09-02 09:37:00-04:00,10.079999923706055,10.100000381469727,10.06149959564209,10.100000381469727,45688
2026-09-02 09:38:00-04:00,10.125,10.149999618530273,10.079999923706055,10.09000015258789,77000
2026-09-02 09:39:00-04:00,10.135000228881836,10.140000343322754,10.079999923706055,10.130000114440918,73980
2026-09-02 09:40:00-04:00,10.140000343322754,10.15999984741211,10.135000228881836,10.135000228881836,188785
2026-09-02 09:41:00-04:00,10.1850004196167,10.1850004196167,10.140000343322754,10.140000343322754,103169
2026-09-02 09:42:00-04:00,10.164999961853027,10.189900398254395,10.15999984741211,10.1850004196167,113918
2026-09-02 09:43:00-04:00,10.154999732971191,10.169899940490723,10.125,10.169899940490723,75991
2026-09-02 09:44:00-04:00,10.225000381469727,10.229999542236328,10.130000114440918,10.154999732971191,93970
2026-09-02 09:45:00-04:00,10.130000114440918,10.225000381469727,10.130000114440918,10.225000381469727,160095
2026-09-02 09:46:00-04:00,10.095000267028809,10.145000457763672,10.079999923706055,10.139900207519531,124744
2026-09-02 09:47:00-04:00,10.0600004196167,10.097200393676758,10.050000190734863,10.095000267028809,88991
2026-09-02 09:48:00-04:00,10.074999809265137,10.079999923706055,10.0423002243042,10.0600004196167,74468
2026-09-02 09:49:00-04:00,10.079999923706055,10.088000297546387,10.069999694824219,10.069999694824219,85794
2026-09-02 09:50:00-04:00,10.074999809265137,10.095000267028809,10.069999694824219,10.076499938964844,49177
2026-09-02 09:51:00-04:00,10.079999923706055,10.085000038146973,10.0600004196167,10.079899787902832,63938
2026-09-02 09:52:00-04:00,10.140000343322754,10.15999984741211,10.09000015258789,10.09000015258789,93472
2026-09-02 09:53:00-04:00,10.130000114440918,10.164999961853027,10.125,10.134300231933594,35448
2026-09-02 09:54:00-04:00,10.09000015258789,10.119999885559082,10.082500457763672,10.119999885559082,45092
2026-09-02 09:55:00-04:00,10.114999771118164,10.119999885559082,10.079999923706055,10.09000015258789,30130
2026-09-02 09:56:00-04:00,10.120100021362305,10.135000228881836,10.109999656677246,10.114999771118164,32290
2026-09-02 09:57:00-04:00,10.11989974975586,10.130000114440918,10.100000381469727,10.130000114440918,49873
2026-09-02 09:58:00-04:00,10.095000267028809,10.119999885559082,10.090100288391113,10.114999771118164,38196
2026-09-02 09:59:00-04:00,10.090999603271484,10.104999542236328,10.079999923706055,10.098600387573242,38186
2026-09-02 10:00:00-04:00,10.079999923706055,10.10990047454834,10.079999923706055,10.09000015258789,33387
2026-09-02 10:01:00-04:00,10.079999923706055,10.10990047454834,10.079999923706055,10.085000038146973,34958
2026-09-02 10:02:00-04:00,10.110099792480469,10.119999885559082,10.069999694824219,10.079999923706055,32430
2026-09-02 10:03:00-04:00,10.114999771118164,10.125,10.104999542236328,10.114999771118164,39084
2026-09-02 10:04:00-04:00,10.139900207519531,10.140000343322754,10.110099792480469,10.110099792480469,73226
2026-09-02 10:05:00-04:00,10.190099716186523,10.190099716186523,10.13010025024414,10.135000228881836,98646
2026-09-02 10:06:00-04:00,10.21500015258789,10.21500015258789,10.1899995803833,10.1899995803833,55867
2026-09-02 10:07:00-04:00,10.225000381469727,10.229999542236328,10.210100173950195,10.21500015258789,50062
2026-09-02 10:08:00-04:00,10.234999656677246,10.260000228881836,10.223999977111816,10.225000381469727,165529
2026-09-02 10:09:00-04:00,10.220000267028809,10.25,10.199999809265137,10.239999771118164,99313
2026-09-02 10:10:00-04:00,10.220000267028809,10.239999771118164,10.220000267028809,10.220000267028809,54826
2026-09-02 10:11:00-04:00,10.244999885559082,10.25,10.220000267028809,10.221099853515625,44502
2026-09-02 10:12:00-04:00,10.210100173950195,10.249899864196777,10.210000038146973,10.244999885559082,119610
2026-09-02 10:13:00-04:00,10.229999542236328,10.229999542236328,10.210000038146973,10.219900131225586,139219
2026-09-02 10:14:00-04:00,10.260000228881836,10.260000228881836,10.225000381469727,10.225000381469727,76760
2026-09-02 10:15:00-04:00,10.25,10.270000457763672,10.239999771118164,10.260000228881836,35691
2026-09-02 10:16:00-04:00,10.279800415039062,10.279999732971191,10.244999885559082,10.268099784851074,54966
2026-09-02 10:17:00-04:00,10.25,10.274999618530273,10.244999885559082,10.271900177001953,35052
2026-09-02 10:18:00-04:00,10.260000228881836,10.260000228881836,10.239999771118164,10.25,45522
2026-09-02 10:19:00-04:00,10.256600379943848,10.270000457763672,10.239999771118164,10.25510025024414,66328
2026-09-02 10:20:00-04:00,10.274999618530273,10.279999732971191,10.25,10.255000114440918,68404
2026-09-02 10:21:00-04:00,10.300000190734863,10.300000190734863,10.274999618530273,10.274999618530273,81649
2026-09-02 10:22:00-04:00,10.300000190734863,10.329999923706055,10.289999961853027,10.289999961853027,117930
2026-09-02 10:23:00-04:00,10.260000228881836,10.295000076293945,10.239999771118164,10.295000076293945,80642
2026-09-02 10:24:00-04:00,10.255000114440918,10.259900093078613,10.239999771118164,10.259900093078613,75314
2026-09-02 10:25:00-04:00,10.255000114440918,10.260000228881836,10.244999885559082,10.253999710083008,57529
2026-09-02 10:26:00-04:00,10.22189998626709,10.270000457763672,10.220000267028809,10.260000228881836,115545
2026-09-02 10:27:00-04:00,10.229999542236328,10.229999542236328,10.220000267028809,10.220100402832031,79214
2026-09-02 10:28:00-04:00,10.222100257873535,10.229999542236328,10.21500015258789,10.229999542236328,26274
2026-09-02 10:29:00-04:00,10.208700180053711,10.238100051879883,10.199999809265137,10.225000381469727,53968
2026-09-02 10:30:00-04:00,10.169899940490723,10.20989990234375,10.160099983215332,10.204999923706055,100302
2026-09-02 10:31:00-04:00,10.159899711608887,10.170000076293945,10.149999618530273,10.170000076293945,59767
2026-09-02 10:32:00-04:00,10.145000457763672,10.160099983215332,10.120200157165527,10.159500122070312,69601
2026-09-02 10:33:00-04:00,10.145000457763672,10.154999732971191,10.135000228881836,10.145000457763672,28913
2026-09-02 10:34:00-04:00,10.170000076293945,10.170000076293945,10.14009952545166,10.145000457763672,100788
2026-09-02 10:35:00-04:00,10.164999961853027,10.170000076293945,10.15999984741211,10.164999961853027,26927
2026-09-02 10:36:00-04:00,10.154999732971191,10.175600051879883,10.149999618530273,10.170000076293945,60033
2026-09-02 10:37:00-04:00,10.181900024414062,10.189900398254395,10.154999732971191,10.154999732971191,48594
2026-09-02 10:38:00-04:00,10.170000076293945,10.1899995803833,10.164999961853027,10.1850004196167,59802
2026-09-02 10:39:00-04:00,10.1899995803833,10.1899995803833,10.160099983215332,10.175000190734863,36804
2026-09-02 10:40:00-04:00,10.1899995803833,10.199999809265137,10.183099746704102,10.183099746704102,42238
2026-09-02 10:41:00-04:00,10.20009994506836,10.210000038146973,10.192000389099121,10.196200370788574,39564
2026-09-02 10:42:00-04:00,10.194999694824219,10.220000267028809,10.1899995803833,10.204999923706055,49467
2026-09-02 10:43:00-04:00,10.204999923706055,10.210000038146973,10.1899995803833,10.194999694824219,15328
2026-09-02 10:44:00-04:00,10.21500015258789,10.229999542236328,10.210000038146973,10.21500015258789,30058
2026-09-02 10:45:00-04:00,10.220000267028809,10.225000381469727,10.210000038146973,10.219900131225586,15570
2026-09-02 10:46:00-04:00,10.1850004196167,10.220000267028809,10.175000190734863,10.220000267028809,111272
2026-09-02 10:47:00-04:00,10.164999961853027,10.188599586486816,10.164999961853027,10.188599586486816,20854
2026-09-02 10:48:00-04:00,10.170000076293945,10.175000190734863,10.160300254821777,10.170000076293945,17851
2026-09-02 10:49:00-04:00,10.170000076293945,10.170000076293945,10.154999732971191,10.170000076293945,20248
2026-09-02 10:50:00-04:00,10.170000076293945,10.180000305175781,10.170000076293945,10.180000305175781,5446
2026-09-02 10:51:00-04:00,10.155099868774414,10.170000076293945,10.154999732971191,10.164999961853027,10980
2026-09-02 10:52:00-04:00,10.154999732971191,10.164999961853027,10.14009952545166,10.149999618530273,29181
2026-09-02 10:53:00-04:00,10.15999984741211,10.169899940490723,10.149999618530273,10.15999984741211,14652
2026-09-02 10:54:00-04:00,10.180000305175781,10.180000305175781,10.15999984741211,10.164999961853027,6811
2026-09-02 10:55:00-04:00,10.21500015258789,10.225000381469727,10.180000305175781,10.189900398254395,113599
2026-09-02 10:56:00-04:00,10.21500015258789,10.229999542236328,10.210000038146973,10.220000267028809,61164
2026-09-02 10:57:00-04:00,10.194999694824219,10.234999656677246,10.190099716186523,10.220000267028809,109358
2026-09-02 10:58:00-04:00,10.1850004196167,10.194999694824219,10.180000305175781,10.1899995803833,15853
2026-09-02 10:59:00-04:00,10.175000190734863,10.1850004196167,10.15999984741211,10.1850004196167,43823
2026-09-02 11:00:00-04:00,10.149999618530273,10.170000076293945,10.14009952545166,10.170000076293945,48488
2026-09-02 11:01:00-04:00,10.125,10.154999732971191,10.123700141906738,10.154999732971191,51866
2026-09-02 11:02:00-04:00,10.149999618530273,10.149999618530273,10.125,10.125,73481
2026-09-02 11:03:00-04:00,10.158100128173828,10.15999984741211,10.140000343322754,10.149999618530273,71843
2026-09-02 11:04:00-04:00,10.140199661254883,10.15999984741211,10.130000114440918,10.154000282287598,74825
2026-09-02 11:05:00-04:00,10.145000457763672,10.149999618530273,10.130000114440918,10.140000343322754,112298
2026-09-02 11:06:00-04:00,10.145000457763672,10.149999618530273,10.135000228881836,10.145000457763672,44202
2026-09-02 11:07:00-04:00,10.139900207519531,10.145000457763672,10.130000114440918,10.145000457763672,53144
2026-09-02 11:08:00-04:00,10.135000228881836,10.140000343322754,10.125,10.140000343322754,45081
2026-09-02 11:09:00-04:00,10.135000228881836,10.140000343322754,10.130000114440918,10.135000228881836,49114
2026-09-02 11:10:00-04:00,10.135000228881836,10.140000343322754,10.130000114440918,10.130000114440918,31195
2026-09-02 11:11:00-04:00,10.145000457763672,10.145000457763672,10.130000114440918,10.135000228881836,26602
2026-09-02 11:12:00-04:00,10.130000114440918,10.145000457763672,10.130000114440918,10.145000457763672,24378
2026-09-02 11:13:00-04:00,10.129500389099121,10.135000228881836,10.119999885559082,10.125,18598
2026-09-02 11:14:00-04:00,10.140000343322754,10.145000457763672,10.119999885559082,10.119999885559082,14680
2026-09-02 11:15:00-04:00,10.170000076293945,10.170000076293945,10.149999618530273,10.149999618530273,70554
2026-09-02 11:16:00-04:00,10.175000190734863,10.180000305175781,10.15999984741211,10.164999961853027,64646
2026-09-02 11:17:00-04:00,10.180000305175781,10.1899995803833,10.170000076293945,10.175000190734863,68375
2026-09-02 11:18:00-04:00,10.180000305175781,10.1899995803833,10.170000076293945,10.175000190734863,87591
2026-09-02 11:19:00-04:00,10.164999961853027,10.180000305175781,10.15999984741211,10.180000305175781,65779
2026-09-02 11:20:00-04:00,10.153499603271484,10.175000190734863,10.140000343322754,10.15999984741211,67177
2026-09-02 11:21:00-04:00,10.158100128173828,10.159899711608887,10.145000457763672,10.159700393676758,58961
2026-09-02 11:22:00-04:00,10.164999961853027,10.170000076293945,10.149999618530273,10.15779972076416,41542
2026-09-02 11:23:00-04:00,10.145000457763672,10.170000076293945,10.140000343322754,10.164999961853027,75446
2026-09-02 11:24:00-04:00,10.154999732971191,10.170000076293945,10.14009952545166,10.141400337219238,74846
2026-09-02 11:25:00-04:00,10.164999961853027,10.170000076293945,10.150099754333496,10.152199745178223,42951
2026-09-02 11:26:00-04:00,10.176899909973145,10.176899909973145,10.15999984741211,10.160099983215332,77176
2026-09-02 11:27:00-04:00,10.199999809265137,10.199999809265137,10.175000190734863,10.180000305175781,62718
2026-09-02 11:28:00-04:00,10.180000305175781,10.199999809265137,10.180000305175781,10.198699951171875,22331
2026-09-02 11:29:00-04:00,10.1850004196167,10.194999694824219,10.170000076293945,10.186400413513184,35904
2026-09-02 11:30:00-04:00,10.164999961853027,10.18019962310791,10.164999961853027,10.180000305175781,39474
2026-09-02 11:31:00-04:00,10.180000305175781,10.180000305175781,10.15999984741211,10.170000076293945,14650
2026-09-02 11:32:00-04:00,10.175000190734863,10.180000305175781,10.164999961853027,10.170100212097168,16866
2026-09-02 11:33:00-04:00,10.187000274658203,10.187000274658203,10.170000076293945,10.180000305175781,18058
2026-09-02 11:34:00-04:00,10.1850004196167,10.199999809265137,10.180000305175781,10.180100440979004,123495
2026-09-02 11:35:00-04:00,10.175000190734863,10.199999809265137,10.175000190734863,10.1850004196167,85675
2026-09-02 11:36:00-04:00,10.168800354003906,10.1899995803833,10.168800354003906,10.179900169372559,24334
2026-09-02 11:37:00-04:00,10.154999732971191,10.170000076293945,10.154999732971191,10.15999984741211,22937
2026-09-02 11:38:00-04:00,10.154999732971191,10.15999984741211,10.149999618530273,10.158100128173828,14608
2026-09-02 11:39:00-04:00,10.164999961853027,10.170000076293945,10.150099754333496,10.15999984741211,18575
2026-09-02 11:40:00-04:00,10.164999961853027,10.180000305175781,10.15999984741211,10.164999961853027,14226
2026-09-02 11:41:00-04:00,10.175000190734863,10.179900169372559,10.15999984741211,10.15999984741211,13815
2026-09-02 11:42:00-04:00,10.1850004196167,10.1899995803833,10.175000190734863,10.175000190734863,9288
2026-09-02 11:43:00-04:00,10.180000305175781,10.1899995803833,10.175700187683105,10.180000305175781,21222
2026-09-02 11:44:00-04:00,10.187999725341797,10.189900398254395,10.175000190734863,10.175000190734863,11231
2026-09-02 11:45:00-04:00,10.189000129699707,10.189000129699707,10.170000076293945,10.1850004196167,51422
2026-09-02 11:46:00-04:00,10.175000190734863,10.18809986114502,10.170000076293945,10.1850004196167,12077
2026-09-02 11:47:00-04:00,10.170100212097168,10.180000305175781,10.170100212097168,10.175000190734863,4279
2026-09-02 11:48:00-04:00,10.175000190734863,10.180000305175781,10.170000076293945,10.170100212097168,8227
2026-09-02 11:49:00-04:00,10.164999961853027,10.180000305175781,10.15999984741211,10.175000190734863,22881
2026-09-02 11:50:00-04:00,10.180000305175781,10.180000305175781,10.164999961853027,10.169899940490723,24417
2026-09-02 11:51:00-04:00,10.1850004196167,10.1899995803833,10.175000190734863,10.175000190734863,22115
2026-09-02 11:52:00-04:00,10.175000190734863,10.1850004196167,10.175000190734863,10.1850004196167,32606
2026-09-02 11:53:00-04:00,10.175000190734863,10.175000190734863,10.164999961853027,10.175000190734863,30715
2026-09-02 11:54:00-04:00,10.175000190734863,10.180000305175781,10.164999961853027,10.175000190734863,44449
2026-09-02 11:55:00-04:00,10.1850004196167,10.189900398254395,10.170000076293945,10.175000190734863,32166
2026-09-02 11:56:00-04:00,10.1850004196167,10.185999870300293,10.180100440979004,10.1850004196167,2987
2026-09-02 11:57:00-04:00,10.190099716186523,10.194999694824219,10.180000305175781,10.180000305175781,28838
2026-09-02 11:58:00-04:00,10.204999923706055,10.205100059509277,10.1899995803833,10.190099716186523,47108
2026-09-02 11:59:00-04:00,10.21500015258789,10.21679973602295,10.20009994506836,10.204999923706055,38933
2026-09-02 12:00:00-04:00,10.21500015258789,10.219799995422363,10.210000038146973,10.219799995422363,20023
2026-09-02 12:01:00-04:00,10.194999694824219,10.219499588012695,10.194999694824219,10.21500015258789,41390
2026-09-02 12:02:00-04:00,10.204999923706055,10.210000038146973,10.1899995803833,10.194999694824219,23626
2026-09-02 12:03:00-04:00,10.199899673461914,10.207900047302246,10.194999694824219,10.204999923706055,19870
2026-09-02 12:04:00-04:00,10.21030044555664,10.220000267028809,10.190099716186523,10.190099716186523,44128
2026-09-02 12:05:00-04:00,10.204999923706055,10.220000267028809,10.204999923706055,10.220000267028809,35805
2026-09-02 12:06:00-04:00,10.199999809265137,10.204999923706055,10.1899995803833,10.204999923706055,59028
2026-09-02 12:07:00-04:00,10.199999809265137,10.209400177001953,10.194999694824219,10.199899673461914,30159
2026-09-02 12:08:00-04:00,10.182700157165527,10.210000038146973,10.180000305175781,10.210000038146973,66486
2026-09-02 12:09:00-04:00,10.189900398254395,10.197999954223633,10.1850004196167,10.1850004196167,73798
2026-09-02 12:10:00-04:00,10.194999694824219,10.199999809265137,10.1850004196167,10.189800262451172,68374
2026-09-02 12:11:00-04:00,10.194999694824219,10.199999809265137,10.1899995803833,10.199999809265137,17876
2026-09-02 12:12:00-04:00,10.199999809265137,10.199999809265137,10.1850004196167,10.194999694824219,21606
2026-09-02 12:13:00-04:00,10.194999694824219,10.199999809265137,10.1899995803833,10.194999694824219,19609
2026-09-02 12:14:00-04:00,10.194999694824219,10.199899673461914,10.1899995803833,10.194999694824219,14779
2026-09-02 12:15:00-04:00,10.1850004196167,10.194999694824219,10.180000305175781,10.194999694824219,10238
2026-09-02 12:16:00-04:00,10.1899995803833,10.197699546813965,10.180000305175781,10.180000305175781,22741
2026-09-02 12:17:00-04:00,10.21500015258789,10.21500015258789,10.1850004196167,10.19789981842041,42124
2026-09-02 12:18:00-04:00,10.220000267028809,10.220000267028809,10.210100173950195,10.220000267028809,24185
2026-09-02 12:19:00-04:00,10.225000381469727,10.229999542236328,10.220000267028809,10.220000267028809,31077
2026-09-02 12:20:00-04:00,10.204999923706055,10.229999542236328,10.204999923706055,10.2298002243042,35125
2026-09-02 12:21:00-04:00,10.204999923706055,10.210000038146973,10.190099716186523,10.204000473022461,53879
2026-09-02 12:22:00-04:00,10.21500015258789,10.21619987487793,10.20009994506836,10.204999923706055,23560
2026-09-02 12:23:00-04:00,10.210100173950195,10.220000267028809,10.210100173950195,10.21500015258789,8466
2026-09-02 12:24:00-04:00,10.220000267028809,10.229999542236328,10.210000038146973,10.210100173950195,16489
2026-09-02 12:25:00-04:00,10.21500015258789,10.229999542236328,10.210000038146973,10.210000038146973,24888
2026-09-02 12:26:00-04:00,10.218099594116211,10.219900131225586,10.204999923706055,10.21500015258789,37588
2026-09-02 12:27:00-04:00,10.21500015258789,10.220000267028809,10.21500015258789,10.220000267028809,28366
2026-09-02 12:28:00-04:00,10.220000267028809,10.220000267028809,10.200200080871582,10.213800430297852,15404
2026-09-02 12:29:00-04:00,10.199999809265137,10.210000038146973,10.1850004196167,10.210000038146973,52823
2026-09-02 12:30:00-04:00,10.194999694824219,10.199999809265137,10.194999694824219,10.199999809265137,21522
2026-09-02 12:31:00-04:00,10.196999549865723,10.199999809265137,10.190400123596191,10.199999809265137,13388
2026-09-02 12:32:00-04:00,10.180100440979004,10.1899995803833,10.180100440979004,10.1899995803833,13965
2026-09-02 12:33:00-04:00,10.204999923706055,10.204999923706055,10.189900398254395,10.189900398254395,22500
2026-09-02 12:34:00-04:00,10.202400207519531,10.210000038146973,10.20199966430664,10.210000038146973,5957
2026-09-02 12:35:00-04:00,10.217300415039062,10.217300415039062,10.204999923706055,10.204999923706055,22240
2026-09-02 12:36:00-04:00,10.204999923706055,10.229900360107422,10.204999923706055,10.21969985961914,88717
2026-09-02 12:37:00-04:00,10.234999656677246,10.234999656677246,10.20009994506836,10.204999923706055,85140
2026-09-02 12:38:00-04:00,10.219900131225586,10.239899635314941,10.219900131225586,10.236900329589844,34667
2026-09-02 12:39:00-04:00,10.220000267028809,10.220000267028809,10.213800430297852,10.21500015258789,30034
2026-09-02 12:40:00-04:00,10.210100173950195,10.220000267028809,10.199999809265137,10.220000267028809,55751
2026-09-02 12:41:00-04:00,10.204999923706055,10.21500015258789,10.204999923706055,10.21500015258789,23116
2026-09-02 12:42:00-04:00,10.204999923706055,10.20989990234375,10.202099800109863,10.20989990234375,26769
2026-09-02 12:43:00-04:00,10.210000038146973,10.210000038146973,10.199999809265137,10.202199935913086,19705
2026-09-02 12:44:00-04:00,10.204999923706055,10.21500015258789,10.204999923706055,10.210100173950195,43869
2026-09-02 12:45:00-04:00,10.21500015258789,10.220000267028809,10.204999923706055,10.210000038146973,75929
2026-09-02 12:46:00-04:00,10.21500015258789,10.218099594116211,10.21500015258789,10.21500015258789,13099
2026-09-02 12:47:00-04:00,10.210000038146973,10.219900131225586,10.210000038146973,10.21500015258789,12091
2026-09-02 12:48:00-04:00,10.204999923706055,10.220000267028809,10.199999809265137,10.210000038146973,63899
2026-09-02 12:49:00-04:00,10.204999923706055,10.210000038146973,10.199999809265137,10.204999923706055,39371
2026-09-02 12:50:00-04:00,10.1899995803833,10.210000038146973,10.1899995803833,10.204999923706055,58546
2026-09-02 12:51:00-04:00,10.192099571228027,10.199999809265137,10.1850004196167,10.194999694824219,68314
2026-09-02 12:52:00-04:00,10.164999961853027,10.194999694824219,10.164999961853027,10.1899995803833,56137
2026-09-02 12:53:00-04:00,10.1850004196167,10.1850004196167,10.162099838256836,10.169899940490723,77407
2026-09-02 12:54:00-04:00,10.190099716186523,10.199999809265137,10.164999961853027,10.184000015258789,125139
2026-09-02 12:55:00-04:00,10.180000305175781,10.204999923706055,10.180000305175781,10.199999809265137,30072
2026-09-02 12:56:00-04:00,10.194999694824219,10.199999809265137,10.189599990844727,10.189599990844727,20357
2026-09-02 12:57:00-04:00,10.190099716186523,10.199899673461914,10.1850004196167,10.190099716186523,105417
2026-09-02 12:58:00-04:00,10.1899995803833,10.199899673461914,10.1899995803833,10.194999694824219,7218
2026-09-02 12:59:00-04:00,10.196700096130371,10.199999809265137,10.1899995803833,10.1899995803833,5980
2026-09-02 13:00:00-04:00,10.204999923706055,10.210000038146973,10.194999694824219,10.194999694824219,58035
2026-09-02 13:01:00-04:00,10.204000473022461,10.210000038146973,10.194999694824219,10.199999809265137,62136
2026-09-02 13:02:00-04:00,10.1899995803833,10.204999923706055,10.182299613952637,10.199999809265137,104203
2026-09-02 13:03:00-04:00,10.194999694824219,10.194999694824219,10.1850004196167,10.1850004196167,30047
2026-09-02 13:04:00-04:00,10.194999694824219,10.204999923706055,10.1899995803833,10.199999809265137,30916
2026-09-02 13:05:00-04:00,10.19320011138916,10.204999923706055,10.1899995803833,10.199999809265137,38625
2026-09-02 13:06:00-04:00,10.208100318908691,10.208100318908691,10.194999694824219,10.194999694824219,37838
2026-09-02 13:07:00-04:00,10.194999694824219,10.204999923706055,10.190199851989746,10.199999809265137,20883
2026-09-02 13:08:00-04:00,10.204999923706055,10.204999923706055,10.190099716186523,10.199999809265137,22773
2026-09-02 13:09:00-04:00,10.204999923706055,10.210000038146973,10.1899995803833,10.210000038146973,41029
2026-09-02 13:10:00-04:00,10.204999923706055,10.210000038146973,10.194999694824219,10.199999809265137,48702
2026-09-02 13:11:00-04:00,10.199899673461914,10.204999923706055,10.194999694824219,10.204999923706055,7318
2026-09-02 13:12:00-04:00,10.204999923706055,10.204999923706055,10.1899995803833,10.194999694824219,13667
2026-09-02 13:13:00-04:00,10.204999923706055,10.210000038146973,10.199999809265137,10.204999923706055,12370
2026-09-02 13:14:00-04:00,10.199999809265137,10.210000038146973,10.199999809265137,10.204999923706055,21206
2026-09-02 13:15:00-04:00,10.210000038146973,10.210000038146973,10.199999809265137,10.210000038146973,13591
2026-09-02 13:16:00-04:00,10.204999923706055,10.210000038146973,10.204999923706055,10.210000038146973,5183
2026-09-02 13:17:00-04:00,10.1899995803833,10.199999809265137,10.1899995803833,10.199999809265137,27677
2026-09-02 13:18:00-04:00,10.1899995803833,10.199999809265137,10.180000305175781,10.1899995803833,29674
2026-09-02 13:19:00-04:00,10.1899995803833,10.199999809265137,10.1899995803833,10.199999809265137,18652
2026-09-02 13:20:00-04:00,10.185999870300293,10.199999809265137,10.180000305175781,10.194999694824219,78505
2026-09-02 13:21:00-04:00,10.204999923706055,10.204999923706055,10.180000305175781,10.180000305175781,26067
2026-09-02 13:22:00-04:00,10.217000007629395,10.225000381469727,10.20989990234375,10.20989990234375,19567
2026-09-02 13:23:00-04:00,10.21500015258789,10.219900131225586,10.210000038146973,10.219900131225586,40066
2026-09-02 13:24:00-04:00,10.199999809265137,10.210000038146973,10.199999809265137,10.210000038146973,39051
2026-09-02 13:25:00-04:00,10.204999923706055,10.208100318908691,10.199999809265137,10.201899528503418,6310
2026-09-02 13:26:00-04:00,10.210000038146973,10.21969985961914,10.20989990234375,10.20989990234375,9914
2026-09-02 13:27:00-04:00,10.20989990234375,10.210100173950195,10.20009994506836,10.210000038146973,25232
2026-09-02 13:28:00-04:00,10.225000381469727,10.225000381469727,10.204999923706055,10.204999923706055,77722
2026-09-02 13:29:00-04:00,10.229999542236328,10.229999542236328,10.220100402832031,10.223799705505371,17908
2026-09-02 13:30:00-04:00,10.225000381469727,10.229999542236328,10.220499992370605,10.228599548339844,43615
2026-09-02 13:31:00-04:00,10.21500015258789,10.229999542236328,10.21500015258789,10.229999542236328,40723
2026-09-02 13:32:00-04:00,10.225000381469727,10.229900360107422,10.21500015258789,10.21500015258789,20305
2026-09-02 13:33:00-04:00,10.234999656677246,10.239999771118164,10.225000381469727,10.225000381469727,29818
2026-09-02 13:34:00-04:00,10.244999885559082,10.260000228881836,10.234999656677246,10.239999771118164,77558
2026-09-02 13:35:00-04:00,10.234999656677246,10.25,10.234999656677246,10.247900009155273,21477
2026-09-02 13:36:00-04:00,10.234999656677246,10.244999885559082,10.229999542236328,10.236900329589844,43144
2026-09-02 13:37:00-04:00,10.234999656677246,10.239999771118164,10.234999656677246,10.239899635314941,3219
2026-09-02 13:38:00-04:00,10.239999771118164,10.239999771118164,10.225000381469727,10.234999656677246,59218
2026-09-02 13:39:00-04:00,10.229999542236328,10.239999771118164,10.229999542236328,10.239999771118164,6630
2026-09-02 13:40:00-04:00,10.236000061035156,10.239999771118164,10.225000381469727,10.225000381469727,62109
2026-09-02 13:41:00-04:00,10.221599578857422,10.234999656677246,10.220100402832031,10.234999656677246,31871
2026-09-02 13:42:00-04:00,10.239999771118164,10.25,10.229999542236328,10.229999542236328,70033
2026-09-02 13:43:00-04:00,10.260000228881836,10.265000343322754,10.239999771118164,10.239999771118164,49042
2026-09-02 13:44:00-04:00,10.274999618530273,10.276200294494629,10.25,10.25,199615
2026-09-02 13:45:00-04:00,10.293999671936035,10.300000190734863,10.274999618530273,10.274999618530273,85651
2026-09-02 13:46:00-04:00,10.305000305175781,10.3100004196167,10.289999961853027,10.289999961853027,37646
2026-09-02 13:47:00-04:00,10.303999900817871,10.309900283813477,10.289999961853027,10.309900283813477,37402
2026-09-02 13:48:00-04:00,10.324999809265137,10.324999809265137,10.300000190734863,10.300100326538086,103370
2026-09-02 13:49:00-04:00,10.319999694824219,10.329899787902832,10.319999694824219,10.329899787902832,46691
2026-09-02 13:50:00-04:00,10.345000267028809,10.350000381469727,10.319999694824219,10.324999809265137,146001
2026-09-02 13:51:00-04:00,10.335000038146973,10.345499992370605,10.329999923706055,10.345499992370605,98073
2026-09-02 13:52:00-04:00,10.319999694824219,10.335000038146973,10.3100004196167,10.335000038146973,64837
2026-09-02 13:53:00-04:00,10.324999809265137,10.329999923706055,10.3100004196167,10.3100004196167,68263
2026-09-02 13:54:00-04:00,10.329999923706055,10.34000015258789,10.324999809265137,10.324999809265137,57726
2026-09-02 13:55:00-04:00,10.349900245666504,10.350000381469727,10.329999923706055,10.33240032196045,41913
2026-09-02 13:56:00-04:00,10.345000267028809,10.350000381469727,10.34000015258789,10.345000267028809,42304
2026-09-02 13:57:00-04:00,10.354999542236328,10.359999656677246,10.340100288391113,10.345000267028809,92960
2026-09-02 13:58:00-04:00,10.385000228881836,10.390000343322754,10.350000381469727,10.354999542236328,159628
2026-09-02 13:59:00-04:00,10.385000228881836,10.390000343322754,10.369999885559082,10.385000228881836,101586
2026-09-02 14:00:00-04:00,10.402299880981445,10.420000076293945,10.380000114440918,10.390000343322754,113662
2026-09-02 14:01:00-04:00,10.404999732971191,10.414999961853027,10.390000343322754,10.399999618530273,117713
2026-09-02 14:02:00-04:00,10.454999923706055,10.460000038146973,10.400099754333496,10.404999732971191,221819
2026-09-02 14:03:00-04:00,10.463899612426758,10.479999542236328,10.45989990234375,10.460000038146973,210666
2026-09-02 14:04:00-04:00,10.479999542236328,10.479999542236328,10.454999923706055,10.46500015258789,101618
2026-09-02 14:05:00-04:00,10.470100402832031,10.479999542236328,10.460000038146973,10.470000267028809,104997
2026-09-02 14:06:00-04:00,10.449999809265137,10.475000381469727,10.449999809265137,10.475000381469727,104181
2026-09-02 14:07:00-04:00,10.472900390625,10.475000381469727,10.449999809265137,10.458600044250488,57521
2026-09-02 14:08:00-04:00,10.470000267028809,10.479999542236328,10.454999923706055,10.470000267028809,106856
2026-09-02 14:09:00-04:00,10.46500015258789,10.47599983215332,10.460000038146973,10.46500015258789,65710
2026-09-02 14:10:00-04:00,10.460000038146973,10.470000267028809,10.460000038146973,10.46969985961914,70702
2026-09-02 14:11:00-04:00,10.470000267028809,10.475099563598633,10.460000038146973,10.46500015258789,140776
2026-09-02 14:12:00-04:00,10.46500015258789,10.470000267028809,10.460000038146973,10.46500015258789,35125
2026-09-02 14:13:00-04:00,10.475000381469727,10.479999542236328,10.470000267028809,10.470000267028809,67458
2026-09-02 14:14:00-04:00,10.489999771118164,10.489999771118164,10.460000038146973,10.470000267028809,52279
2026-09-02 14:15:00-04:00,10.505000114440918,10.510000228881836,10.475000381469727,10.479999542236328,140108
2026-09-02 14:16:00-04:00,10.504799842834473,10.510000228881836,10.5,10.505000114440918,96846
2026-09-02 14:17:00-04:00,10.46500015258789,10.505000114440918,10.460000038146973,10.505000114440918,133808
2026-09-02 14:18:00-04:00,10.505000114440918,10.515000343322754,10.460000038146973,10.46500015258789,108770
2026-09-02 14:19:00-04:00,10.484999656677246,10.515000343322754,10.479999542236328,10.500100135803223,179991
2026-09-02 14:20:00-04:00,10.470000267028809,10.489999771118164,10.470000267028809,10.484999656677246,110604
2026-09-02 14:21:00-04:00,10.484999656677246,10.489999771118164,10.474300384521484,10.475000381469727,94128
2026-09-02 14:22:00-04:00,10.484999656677246,10.489999771118164,10.470000267028809,10.484999656677246,111996
2026-09-02 14:23:00-04:00,10.515000343322754,10.520000457763672,10.489999771118164,10.489999771118164,94212
2026-09-02 14:24:00-04:00,10.520000457763672,10.520000457763672,10.510000228881836,10.515000343322754,31391
2026-09-02 14:25:00-04:00,10.515000343322754,10.520000457763672,10.510000228881836,10.520000457763672,45749
2026-09-02 14:26:00-04:00,10.51990032196045,10.529999732971191,10.510000228881836,10.515000343322754,140591
2026-09-02 14:27:00-04:00,10.505000114440918,10.524999618530273,10.494999885559082,10.515999794006348,162838
2026-09-02 14:28:00-04:00,10.489999771118164,10.505000114440918,10.479999542236328,10.500100135803223,92571
2026-09-02 14:29:00-04:00,10.505000114440918,10.505000114440918,10.494999885559082,10.494999885559082,73977
2026-09-02 14:30:00-04:00,10.479999542236328,10.505000114440918,10.475000381469727,10.504500389099121,62933
2026-09-02 14:31:00-04:00,10.484999656677246,10.489999771118164,10.46500015258789,10.484999656677246,116267
2026-09-02 14:32:00-04:00,10.484999656677246,10.484999656677246,10.470000267028809,10.481300354003906,37790
2026-09-02 14:33:00-04:00,10.489899635314941,10.489999771118164,10.479999542236328,10.484999656677246,69833
2026-09-02 14:34:00-04:00,10.484999656677246,10.488200187683105,10.479999542236328,10.484999656677246,73145
2026-09-02 14:35:00-04:00,10.505000114440918,10.510000228881836,10.479999542236328,10.489999771118164,153492
2026-09-02 14:36:00-04:00,10.494999885559082,10.510000228881836,10.484999656677246,10.510000228881836,102581
2026-09-02 14:37:00-04:00,10.475000381469727,10.491499900817871,10.470000267028809,10.491499900817871,65431
2026-09-02 14:38:00-04:00,10.479999542236328,10.489999771118164,10.470000267028809,10.470000267028809,99642
2026-09-02 14:39:00-04:00,10.479900360107422,10.489899635314941,10.470000267028809,10.481900215148926,78341
2026-09-02 14:40:00-04:00,10.475000381469727,10.47599983215332,10.460000038146973,10.470000267028809,115005
2026-09-02 14:41:00-04:00,10.479999542236328,10.479999542236328,10.454999923706055,10.475000381469727,125948
2026-09-02 14:42:00-04:00,10.494999885559082,10.5,10.470199584960938,10.475000381469727,135399
2026-09-02 14:43:00-04:00,10.484999656677246,10.499899864196777,10.479999542236328,10.494999885559082,96731
2026-09-02 14:44:00-04:00,10.454999923706055,10.484999656677246,10.452300071716309,10.48009967803955,40966
2026-09-02 14:45:00-04:00,10.454999923706055,10.460000038146973,10.449999809265137,10.454999923706055,63896
2026-09-02 14:46:00-04:00,10.454999923706055,10.45989990234375,10.449999809265137,10.454999923706055,43044
2026-09-02 14:47:00-04:00,10.4350004196167,10.460000038146973,10.433699607849121,10.454999923706055,137772
2026-09-02 14:48:00-04:00,10.444999694824219,10.447600364685059,10.430100440979004,10.43529987335205,148697
2026-09-02 14:49:00-04:00,10.449899673461914,10.449999809265137,10.4399995803833,10.444999694824219,85434
2026-09-02 14:50:00-04:00,10.440099716186523,10.454999923706055,10.4399995803833,10.449999809265137,133967
2026-09-02 14:51:00-04:00,10.444999694824219,10.444999694824219,10.4399995803833,10.440199851989746,21796
2026-09-02 14:52:00-04:00,10.449700355529785,10.449999809265137,10.4399995803833,10.4399995803833,21741
2026-09-02 14:53:00-04:00,10.4399995803833,10.449999809265137,10.430000305175781,10.444999694824219,195050
2026-09-02 14:54:00-04:00,10.4350004196167,10.4399995803833,10.430000305175781,10.4350004196167,43533
2026-09-02 14:55:00-04:00,10.48009967803955,10.5,10.430000305175781,10.439900398254395,688649
2026-09-02 14:56:00-04:00,10.489999771118164,10.489999771118164,10.479999542236328,10.489999771118164,60049
2026-09-02 14:57:00-04:00,10.475000381469727,10.489999771118164,10.470000267028809,10.48740005493164,93709
2026-09-02 14:58:00-04:00,10.475500106811523,10.479999542236328,10.470000267028809,10.475000381469727,63405
2026-09-02 14:59:00-04:00,10.475000381469727,10.479999542236328,10.470000267028809,10.470000267028809,30717
2026-09-02 15:00:00-04:00,10.4576997756958,10.475000381469727,10.454999923706055,10.475000381469727,66566
2026-09-02 15:01:00-04:00,10.4350004196167,10.46500015258789,10.4350004196167,10.460000038146973,83994
2026-09-02 15:02:00-04:00,10.420700073242188,10.4399995803833,10.420000076293945,10.4350004196167,85220
2026-09-02 15:03:00-04:00,10.425000190734863,10.429900169372559,10.410799980163574,10.420000076293945,110855
2026-09-02 15:04:00-04:00,10.430000305175781,10.4350004196167,10.425000190734863,10.425000190734863,71542
2026-09-02 15:05:00-04:00,10.4399995803833,10.4399995803833,10.430000305175781,10.4350004196167,19983
2026-09-02 15:06:00-04:00,10.440099716186523,10.449999809265137,10.433600425720215,10.4350004196167,102659
2026-09-02 15:07:00-04:00,10.444999694824219,10.454999923706055,10.444999694824219,10.449999809265137,118180
2026-09-02 15:08:00-04:00,10.446000099182129,10.446000099182129,10.446000099182129,10.446000099182129,0
