Price,Close,High,Low,Open,Volume
Ticker,MSFT,MSFT,MSFT,MSFT,MSFT
Datetime,Datetime,Datetime,Datetime,Datetime,Datetime
2026-08-27 09:30:00-0400,493.55499267578125,497.010009765625,493.43011474609375,494.6549987792969,1976096
2026-08-27 09:31:00-0400,490.42999267578125,494.1300048828125,490.0799865722656,493.6700134277344,148635
2026-08-27 09:32:00-0400,491.010009765625,491.95001220703125,490.30010986328125,490.69989013671875,70915
2026-08-27 09:33:00-0400,492.44000244140625,493.3099060058594,490.7300109863281,490.9200134277344,97543
2026-08-27 09:34:00-0400,491.6400146484375,492.8324890136719,491.5,492.2699890136719,69350
2026-08-27 09:35:00-0400,491.42999267578125,491.5299987792969,490.45001220703125,491.5,67005
2026-08-27 09:36:00-0400,493.95001220703125,494.0400085449219,491.2300109863281,491.45001220703125,86589
2026-08-27 09:37:00-0400,492.3800048828125,494.0899963378906,491.7401123046875,493.94000244140625,84447
2026-08-27 09:38:00-0400,492.6099853515625,493.489990234375,491.9100036621094,492.3800048828125,36979
2026-08-27 09:39:00-0400,493.42999267578125,493.6700134277344,492.18499755859375,492.6050109863281,39103
2026-08-27 09:40:00-0400,493.20001220703125,493.70001220703125,492.79010009765625,493.30999755859375,52140
2026-08-27 09:41:00-0400,492.8900146484375,493.79998779296875,492.5600891113281,493.19500732421875,59555
2026-08-27 09:42:00-0400,492.6300048828125,493.5199890136719,492.25,492.885009765625,63261
2026-08-27 09:43:00-0400,494.07000732421875,494.19000244140625,492.6600036621094,492.6600036621094,40868
2026-08-27 09:44:00-0400,495.5450134277344,495.614990234375,493.93499755859375,494.1300048828125,79692
2026-08-27 09:45:00-0400,496.6700134277344,496.875,495.57861328125,495.6000061035156,78941
2026-08-27 09:46:00-0400,496.3450012207031,497.1700134277344,495.9342041015625,496.5899963378906,74541
2026-08-27 09:47:00-0400,496.1499938964844,496.739990234375,495.739990234375,496.4027099609375,55099
2026-08-27 09:48:00-0400,497.260009765625,497.260009765625,496.10009765625,496.19000244140625,102200
2026-08-27 09:49:00-0400,496.92999267578125,497.6199951171875,496.67999267578125,497.3299865722656,82856
2026-08-27 09:50:00-0400,497.1549987792969,497.20001220703125,496.2900085449219,496.92498779296875,46595
2026-08-27 09:51:00-0400,497.20001220703125,497.5199890136719,496.7699890136719,497.1000061035156,67132
2026-08-27 09:52:00-0400,498.239990234375,498.5,497.0899963378906,497.25,92593
2026-08-27 09:53:00-0400,498.739990234375,499.0799865722656,498.0799865722656,498.1400146484375,82871
2026-08-27 09:54:00-0400,497.9930114746094,498.79998779296875,497.9100036621094,498.79998779296875,46612
2026-08-27 09:55:00-0400,498.114990234375,498.2900085449219,497.5199890136719,497.9100036621094,39010
2026-08-27 09:56:00-0400,497.6300048828125,498.0450134277344,497.125,498.0450134277344,75572
2026-08-27 09:57:00-0400,499.2799987792969,499.3299865722656,497.2080078125,497.54998779296875,119865
2026-08-27 09:58:00-0400,499.8800048828125,499.8800048828125,499.0201110839844,499.3500061035156,82941
2026-08-27 09:59:00-0400,499.20001220703125,499.9049987792969,499.0400085449219,499.82501220703125,74869
2026-08-27 10:00:00-0400,499.42999267578125,499.6000061035156,498.6000061035156,499.20001220703125,50857
2026-08-27 10:01:00-0400,499.7300109863281,500.17999267578125,499.19500732421875,499.3299865722656,375633
2026-08-27 10:02:00-0400,499.6600036621094,500.5299987792969,499.60699462890625,499.6499938964844,91620
2026-08-27 10:03:00-0400,500.73870849609375,500.73870849609375,499.5,499.739990234375,86035
2026-08-27 10:04:00-0400,500.2200012207031,500.75,500.1099853515625,500.6400146484375,45519
2026-08-27 10:05:00-0400,500.4800109863281,500.8500061035156,500.0505065917969,500.29998779296875,59159
2026-08-27 10:06:00-0400,501.2099914550781,501.3500061035156,500.3100891113281,500.4849853515625,107492
2026-08-27 10:07:00-0400,501.71990966796875,501.7300109863281,500.70001220703125,501.1994934082031,67486
2026-08-27 10:08:00-0400,500.7099914550781,501.70001220703125,500.2900085449219,501.70001220703125,63048
2026-08-27 10:09:00-0400,500.6158142089844,500.8399963378906,500.44000244140625,500.69000244140625,49508
2026-08-27 10:10:00-0400,501.2417907714844,501.5,500.6300964355469,500.67999267578125,57544
2026-08-27 10:11:00-0400,502.189208984375,502.20001220703125,501.05999755859375,501.05999755859375,80658
2026-08-27 10:12:00-0400,502.1400146484375,502.6300048828125,502.0,502.25,87724
2026-08-27 10:13:00-0400,502.52978515625,502.79998779296875,502.1199951171875,502.2799987792969,85558
2026-08-27 10:14:00-0400,504.0,504.1700134277344,502.0400085449219,502.4800109863281,131819
2026-08-27 10:15:00-0400,504.6737060546875,504.8699035644531,504.010009765625,504.010009765625,129756
2026-08-27 10:16:00-0400,503.919189453125,505.3999938964844,503.8699951171875,504.7200012207031,243173
2026-08-27 10:17:00-0400,503.9100036621094,504.0950012207031,503.3800048828125,503.8699951171875,140252
2026-08-27 10:18:00-0400,503.8900146484375,504.389892578125,503.489990234375,503.93499755859375,65491
2026-08-27 10:19:00-0400,503.8550109863281,504.7124938964844,503.82000732421875,503.92498779296875,77221
2026-08-27 10:20:00-0400,503.70001220703125,504.20001220703125,503.6000061035156,503.8550109863281,67353
2026-08-27 10:21:00-0400,503.5899963378906,504.1199951171875,503.3500061035156,503.739990234375,64649
2026-08-27 10:22:00-0400,504.17999267578125,504.30999755859375,503.5899963378906,503.5899963378906,48060
2026-08-27 10:23:00-0400,504.0169982910156,504.3699951171875,503.8800048828125,504.1700134277344,40532
2026-08-27 10:24:00-0400,505.0899963378906,505.19000244140625,503.7349853515625,504.0299987792969,96542
2026-08-27 10:25:00-0400,505.06500244140625,505.19000244140625,504.6600036621094,505.1499938964844,60612
2026-08-27 10:26:00-0400,504.70001220703125,505.3330078125,504.44000244140625,505.0849914550781,78558
2026-08-27 10:27:00-0400,504.4100036621094,504.8900146484375,504.2401123046875,504.7699890136719,65979
2026-08-27 10:28:00-0400,504.1449890136719,504.8699035644531,504.0000915527344,504.4200134277344,69893
2026-08-27 10:29:00-0400,505.05999755859375,505.2049865722656,504.0400085449219,504.1600036621094,77940
2026-08-27 10:30:00-0400,504.6099853515625,505.3999938964844,504.3900146484375,505.125,105809
2026-08-27 10:31:00-0400,504.6050109863281,504.8699951171875,504.1700134277344,504.6000061035156,356958
2026-08-27 10:32:00-0400,504.0101013183594,504.6099853515625,504.0101013183594,504.6099853515625,49480
2026-08-27 10:33:00-0400,503.8999938964844,504.2099914550781,503.69000244140625,504.2099914550781,61105
2026-08-27 10:34:00-0400,503.4849853515625,504.04998779296875,503.31500244140625,503.8800048828125,55350
2026-08-27 10:35:00-0400,503.19000244140625,503.6199951171875,503.010009765625,503.4849853515625,51038
2026-08-27 10:36:00-0400,503.739990234375,503.8900146484375,503.1700134277344,503.2179870605469,54913
2026-08-27 10:37:00-0400,503.9599914550781,504.239990234375,503.67999267578125,503.7799987792969,55126
2026-08-27 10:38:00-0400,504.17999267578125,504.29998779296875,503.9100036621094,504.010009765625,46780
2026-08-27 10:39:00-0400,503.05499267578125,504.25,503.0,504.17999267578125,77445
2026-08-27 10:40:00-0400,503.4549865722656,503.6299133300781,502.7200012207031,503.00048828125,89706
2026-08-27 10:41:00-0400,503.6700134277344,503.9700012207031,503.3800048828125,503.44000244140625,26736
2026-08-27 10:42:00-0400,503.9700012207031,504.0799865722656,503.55999755859375,503.7699890136719,62953
2026-08-27 10:43:00-0400,504.2200012207031,504.6000061035156,503.9100036621094,503.95001220703125,54586
2026-08-27 10:44:00-0400,504.55999755859375,504.6600036621094,504.16009521484375,504.16009521484375,47824
2026-08-27 10:45:00-0400,504.42999267578125,504.5199890136719,504.0,504.5,31720
2026-08-27 10:46:00-0400,503.6400146484375,504.39959716796875,503.42999267578125,504.39959716796875,71875
2026-08-27 10:47:00-0400,503.7200012207031,504.07989501953125,503.4100036621094,503.6449890136719,42088
2026-08-27 10:48:00-0400,504.4100036621094,504.5299987792969,503.739990234375,503.760009765625,48201
2026-08-27 10:49:00-0400,504.92498779296875,505.1000061035156,504.3699951171875,504.3999938964844,86478
2026-08-27 10:50:00-0400,504.8900146484375,505.0,504.70001220703125,504.9200134277344,40841
2026-08-27 10:51:00-0400,504.1300048828125,504.9200134277344,504.1199951171875,504.8999938964844,36142
2026-08-27 10:52:00-0400,504.3599853515625,504.4700012207031,504.1499938964844,504.19500732421875,35461
2026-08-27 10:53:00-0400,504.31060791015625,504.760009765625,504.2300109863281,504.364990234375,47502
2026-08-27 10:54:00-0400,504.0,504.4200134277344,503.80999755859375,504.3699951171875,41864
2026-08-27 10:55:00-0400,503.610107421875,504.6700134277344,503.6099853515625,504.0199890136719,43989
2026-08-27 10:56:00-0400,502.7300109863281,503.80499267578125,502.7300109863281,503.7799987792969,37412
2026-08-27 10:57:00-0400,503.04998779296875,503.2088928222656,502.6099853515625,502.7900085449219,48678
2026-08-27 10:58:00-0400,502.8299865722656,503.1300048828125,502.6300048828125,503.05499267578125,38765
2026-08-27 10:59:00-0400,502.82501220703125,503.0,502.4601135253906,502.8450012207031,70268
2026-08-27 11:00:00-0400,502.489990234375,502.92999267578125,502.30999755859375,502.82501220703125,47191
2026-08-27 11:01:00-0400,502.989990234375,503.1300048828125,502.3699951171875,502.44000244140625,52557
2026-08-27 11:02:00-0400,502.5899963378906,503.20001220703125,502.5899963378906,502.989990234375,56973
2026-08-27 11:03:00-0400,502.3500061035156,502.70001220703125,502.239990234375,502.5722961425781,66693
2026-08-27 11:04:00-0400,503.19000244140625,503.43218994140625,502.3475036621094,502.364990234375,91623
2026-08-27 11:05:00-0400,503.4200134277344,503.7749938964844,503.04998779296875,503.2500915527344,60565
2026-08-27 11:06:00-0400,503.04998779296875,503.4800109863281,502.95001220703125,503.42999267578125,42820
2026-08-27 11:07:00-0400,502.81500244140625,503.1700134277344,502.7200012207031,503.1700134277344,30708
2026-08-27 11:08:00-0400,502.864990234375,502.8699035644531,502.4800109863281,502.7699890136719,36756
2026-08-27 11:09:00-0400,502.9700012207031,503.0,502.6054992675781,502.8699951171875,40795
2026-08-27 11:10:00-0400,503.07000732421875,503.19000244140625,502.80999755859375,502.94000244140625,38574
2026-08-27 11:11:00-0400,503.3550109863281,503.489990234375,502.8999938964844,503.1199951171875,42409
2026-08-27 11:12:00-0400,502.8999938964844,503.3450012207031,502.8999938964844,503.3399963378906,27987
2026-08-27 11:13:00-0400,503.1499938964844,503.3699951171875,502.8999938964844,502.95001220703125,46682
2026-08-27 11:14:00-0400,502.9023132324219,503.2900085449219,502.8110046386719,503.1300048828125,36462
2026-08-27 11:15:00-0400,502.9100036621094,503.2799987792969,502.8299865722656,502.9599914550781,35048
2026-08-27 11:16:00-0400,503.010009765625,503.3299865722656,502.90478515625,502.90478515625,31573
2026-08-27 11:17:00-0400,503.3500061035156,503.45001220703125,503.0849914550781,503.0849914550781,28179
2026-08-27 11:18:00-0400,503.5,503.6499938964844,503.30999755859375,503.42999267578125,22017
2026-08-27 11:19:00-0400,503.0799865722656,503.6000061035156,503.0299987792969,503.57000732421875,28840
2026-08-27 11:20:00-0400,503.05999755859375,503.2449951171875,502.9200134277344,503.0950012207031,22755
2026-08-27 11:21:00-0400,502.6300048828125,503.1300048828125,502.57000732421875,503.0899963378906,25083
2026-08-27 11:22:00-0400,501.9800109863281,502.8125,501.8999938964844,502.67999267578125,56433
2026-08-27 11:23:00-0400,501.8500061035156,501.9847106933594,501.55499267578125,501.9847106933594,46335
2026-08-27 11:24:00-0400,501.55340576171875,502.04998779296875,501.5,501.80499267578125,59137
2026-08-27 11:25:00-0400,500.9649963378906,501.5199890136719,500.8800048828125,501.5101013183594,118903
2026-08-27 11:26:00-0400,501.04998779296875,501.1499938964844,500.7799987792969,500.94000244140625,41842
2026-08-27 11:27:00-0400,500.6700134277344,501.072998046875,500.5,501.0450134277344,29393
2026-08-27 11:28:00-0400,500.6600036621094,500.7149963378906,500.5,500.63848876953125,36184
2026-08-27 11:29:00-0400,500.3299865722656,500.67999267578125,499.9100036621094,500.6253967285156,74181
2026-08-27 11:30:00-0400,499.85101318359375,500.7799987792969,499.8500061035156,500.260009765625,105008
2026-08-27 11:31:00-0400,499.1600036621094,500.1300048828125,499.0199890136719,499.9469909667969,53295
2026-08-27 11:32:00-0400,498.5299987792969,499.22918701171875,498.5299987792969,499.07000732421875,37337
2026-08-27 11:33:00-0400,498.7200012207031,498.95001220703125,498.5899963378906,498.6505126953125,25857
2026-08-27 11:34:00-0400,498.57000732421875,498.83160400390625,498.2701110839844,498.7699890136719,28811
2026-08-27 11:35:00-0400,498.17999267578125,498.739990234375,498.1099853515625,498.625,37197
2026-08-27 11:36:00-0400,498.7699890136719,498.80999755859375,498.010009765625,498.260009765625,83199
2026-08-27 11:37:00-0400,499.0350036621094,499.29998779296875,498.6000061035156,498.760009765625,26671
2026-08-27 11:38:00-0400,499.0299987792969,499.3599853515625,498.760009765625,499.0799865722656,32147
2026-08-27 11:39:00-0400,498.7099914550781,499.1000061035156,498.70001220703125,499.0299987792969,27597
2026-08-27 11:40:00-0400,499.6549987792969,499.7099914550781,498.57000732421875,498.7149963378906,35659
2026-08-27 11:41:00-0400,500.2349853515625,500.2349853515625,499.43499755859375,499.70001220703125,68766
2026-08-27 11:42:00-0400,500.29998779296875,500.3800048828125,499.9100036621094,500.2650146484375,45553
2026-08-27 11:43:00-0400,499.6300048828125,500.39019775390625,499.6099853515625,500.29998779296875,64318
2026-08-27 11:44:00-0400,498.92498779296875,499.6300048828125,498.8599853515625,499.6091003417969,28071
2026-08-27 11:45:00-0400,498.5950012207031,499.0199890136719,498.5299987792969,498.9599914550781,17128
2026-08-27 11:46:00-0400,498.4599914550781,498.5299987792969,498.1413879394531,498.5299987792969,25628
2026-08-27 11:47:00-0400,498.57501220703125,498.82000732421875,498.4497985839844,498.4599914550781,30002
2026-08-27 11:48:00-0400,499.2300109863281,499.25,498.4800109863281,498.5899963378906,17077
2026-08-27 11:49:00-0400,499.239990234375,499.32000732421875,499.1400146484375,499.2550048828125,15702
2026-08-27 11:50:00-0400,499.2650146484375,499.4999084472656,499.1700134277344,499.239990234375,21784
2026-08-27 11:51:00-0400,499.1099853515625,499.20001220703125,498.92999267578125,499.110107421875,17331
2026-08-27 11:52:00-0400,499.32000732421875,499.3299865722656,499.0,499.0802001953125,15895
2026-08-27 11:53:00-0400,499.3800048828125,499.4700012207031,499.2749938964844,499.30010986328125,20259
2026-08-27 11:54:00-0400,499.46990966796875,499.6400146484375,499.2900085449219,499.3900146484375,14840
2026-08-27 11:55:00-0400,499.43499755859375,499.4649963378906,499.2200927734375,499.3800048828125,29138
2026-08-27 11:56:00-0400,499.364990234375,499.55999755859375,499.239990234375,499.44000244140625,11561
2026-08-27 11:57:00-0400,499.73748779296875,499.7898864746094,499.239990234375,499.364990234375,18301
2026-08-27 11:58:00-0400,499.4700012207031,499.95001220703125,499.4700012207031,499.7349853515625,20768
2026-08-27 11:59:00-0400,499.4700012207031,499.5150146484375,499.3500061035156,499.4700012207031,12831
2026-08-27 12:00:00-0400,499.41229248046875,499.5199890136719,499.3599853515625,499.4750061035156,15599
2026-08-27 12:01:00-0400,499.2799987792969,499.45001220703125,499.2099914550781,499.45001220703125,16722
2026-08-27 12:02:00-0400,498.864990234375,499.31500244140625,498.7200012207031,499.29998779296875,41176
2026-08-27 12:03:00-0400,499.1129150390625,499.19000244140625,498.6099853515625,498.8500061035156,35067
2026-08-27 12:04:00-0400,499.2650146484375,499.4150085449219,499.1400146484375,499.2650146484375,16585
2026-08-27 12:05:00-0400,499.30999755859375,499.32501220703125,499.0950012207031,499.25,13552
2026-08-27 12:06:00-0400,499.16558837890625,499.3699951171875,499.010009765625,499.3207092285156,16940
2026-08-27 12:07:00-0400,499.6400146484375,499.8599853515625,499.114990234375,499.125,23718
2026-08-27 12:08:00-0400,499.81500244140625,500.114990234375,499.6099853515625,499.6099853515625,29744
2026-08-27 12:09:00-0400,499.8800048828125,499.94000244140625,499.70001220703125,499.8299865722656,15952
2026-08-27 12:10:00-0400,500.1099853515625,500.3999938964844,499.8800048828125,499.8800048828125,22952
2026-08-27 12:11:00-0400,500.3599853515625,500.3941955566406,500.0,500.1600036621094,31826
2026-08-27 12:12:00-0400,500.3399963378906,500.58428955078125,500.17999267578125,500.3699951171875,37741
2026-08-27 12:13:00-0400,500.5899963378906,500.6600036621094,500.30999755859375,500.3500061035156,20722
2026-08-27 12:14:00-0400,501.0299987792969,501.0751037597656,500.54998779296875,500.614990234375,31624
2026-08-27 12:15:00-0400,501.2200012207031,501.4200134277344,501.04998779296875,501.0799865722656,43116
2026-08-27 12:16:00-0400,501.4534912109375,501.5400085449219,501.2149963378906,501.2699890136719,24305
2026-08-27 12:17:00-0400,501.8800048828125,501.9599914550781,501.4200134277344,501.4549865722656,61920
2026-08-27 12:18:00-0400,502.125,502.1700134277344,501.92999267578125,501.9549865722656,26048
2026-08-27 12:19:00-0400,502.0299987792969,502.15960693359375,501.9700012207031,502.1099853515625,25234
2026-08-27 12:20:00-0400,501.5899963378906,502.0277099609375,501.4700012207031,502.0,63700
2026-08-27 12:21:00-0400,501.9549865722656,501.9549865722656,501.5101013183594,501.5899963378906,73208
2026-08-27 12:22:00-0400,501.9549865722656,501.9798889160156,501.8399963378906,501.92999267578125,20377
2026-08-27 12:23:00-0400,502.1000061035156,502.17999267578125,501.8999938964844,501.9549865722656,21184
2026-08-27 12:24:00-0400,502.17999267578125,502.29998779296875,502.07000732421875,502.1099853515625,17635
2026-08-27 12:25:00-0400,502.2601013183594,502.3399963378906,502.0950012207031,502.19000244140625,15537
2026-08-27 12:26:00-0400,502.2900085449219,502.4200134277344,502.1499938964844,502.2200012207031,36073
2026-08-27 12:27:00-0400,502.4599914550781,502.4700012207031,502.2799987792969,502.2900085449219,16959
2026-08-27 12:28:00-0400,502.3699951171875,502.57000732421875,502.3157043457031,502.42999267578125,20959
2026-08-27 12:29:00-0400,502.364990234375,502.44000244140625,502.29010009765625,502.3550109863281,14918
2026-08-27 12:30:00-0400,502.69500732421875,502.760009765625,502.3500061035156,502.3599853515625,37065
2026-08-27 12:31:00-0400,502.8999938964844,502.8999938964844,502.6000061035156,502.7143859863281,18596
2026-08-27 12:32:00-0400,502.95001220703125,503.0498962402344,502.8500061035156,502.9200134277344,38232
2026-08-27 12:33:00-0400,503.04998779296875,503.19500732421875,502.80499267578125,502.9700012207031,60269
2026-08-27 12:34:00-0400,503.04998779296875,503.1393127441406,502.9599914550781,503.1199951171875,14752
2026-08-27 12:35:00-0400,503.1600036621094,503.1600036621094,503.0,503.04998779296875,17492
2026-08-27 12:36:00-0400,503.29998779296875,503.322998046875,503.0899963378906,503.1600036621094,30703
2026-08-27 12:37:00-0400,503.82000732421875,503.8599853515625,503.29998779296875,503.3876953125,32696
2026-08-27 12:38:00-0400,503.9750061035156,504.05999755859375,503.7200927734375,503.8599853515625,55784
2026-08-27 12:39:00-0400,504.30999755859375,504.3699951171875,503.9700012207031,503.9700012207031,22378
2026-08-27 12:40:00-0400,504.5,504.70001220703125,504.2099914550781,504.3299865722656,35840
2026-08-27 12:41:00-0400,504.5212097167969,504.6029968261719,504.3599853515625,504.5350036621094,18516
2026-08-27 12:42:00-0400,504.5400085449219,504.6600036621094,504.4800109863281,504.5249938964844,21071
2026-08-27 12:43:00-0400,504.0299987792969,504.5899963378906,503.8599853515625,504.5350036621094,28545
2026-08-27 12:44:00-0400,504.1199951171875,504.20001220703125,503.8200988769531,504.0899963378906,31164
2026-08-27 12:45:00-0400,503.7799987792969,504.2799987792969,503.489990234375,504.17999267578125,82664
2026-08-27 12:46:00-0400,503.67999267578125,503.8900146484375,503.42010498046875,503.7799987792969,35080
2026-08-27 12:47:00-0400,503.7950134277344,503.79998779296875,503.4800109863281,503.6549987792969,14642
2026-08-27 12:48:00-0400,503.9679870605469,504.0299987792969,503.8299865722656,503.8599853515625,17222
2026-08-27 12:49:00-0400,504.0,504.0400085449219,503.8699951171875,503.92999267578125,20164
2026-08-27 12:50:00-0400,504.3100891113281,504.48529052734375,503.9800109863281,504.0400085449219,36735
2026-08-27 12:51:00-0400,504.5650939941406,504.6000061035156,504.2699890136719,504.3500061035156,22210
2026-08-27 12:52:00-0400,504.0799865722656,504.57501220703125,504.0799865722656,504.57501220703125,19684
2026-08-27 12:53:00-0400,504.2300109863281,504.32501220703125,504.0,504.04998779296875,11827
2026-08-27 12:54:00-0400,504.2799987792969,504.5,504.2300109863281,504.2300109863281,14789
2026-08-27 12:55:00-0400,503.7699890136719,504.25,503.7699890136719,504.25,14499
2026-08-27 12:56:00-0400,504.260009765625,504.26300048828125,503.8699951171875,503.875,17349
2026-08-27 12:57:00-0400,503.989990234375,504.375,503.989990234375,504.2300109863281,15191
2026-08-27 12:58:00-0400,503.8550109863281,503.989990234375,503.8399963378906,503.95001220703125,17571
2026-08-27 12:59:00-0400,504.05499267578125,504.1400146484375,503.79998779296875,503.82000732421875,20565
2026-08-27 13:00:00-0400,504.0899963378906,504.3363037109375,504.0,504.1499938964844,18417
2026-08-27 13:01:00-0400,504.1863098144531,504.20001220703125,503.9700012207031,504.0299987792969,117413
2026-08-27 13:02:00-0400,504.239990234375,504.3900146484375,504.1000061035156,504.2200012207031,20301
2026-08-27 13:03:00-0400,504.54998779296875,504.54998779296875,504.1499938964844,504.2300109863281,39791
2026-08-27 13:04:00-0400,504.4599914550781,504.6499938964844,504.40008544921875,504.6000061035156,24436
2026-08-27 13:05:00-0400,504.17999267578125,504.5,504.1000061035156,504.4700012207031,16533
2026-08-27 13:06:00-0400,504.1099853515625,504.2200012207031,504.0201110839844,504.19000244140625,20270
2026-08-27 13:07:00-0400,504.17010498046875,504.239990234375,504.010009765625,504.10540771484375,20824
2026-08-27 13:08:00-0400,504.5,504.6000061035156,504.239990234375,504.239990234375,40808
2026-08-27 13:09:00-0400,504.4700012207031,504.5150146484375,504.3900146484375,504.4700012207031,17030
2026-08-27 13:10:00-0400,504.5299987792969,504.6600036621094,504.45001220703125,504.5,14333
2026-08-27 13:11:00-0400,504.4700012207031,504.63519287109375,504.42999267578125,504.489990234375,12212
2026-08-27 13:12:00-0400,504.4905090332031,504.6400146484375,504.4007873535156,504.4800109863281,11221
2026-08-27 13:13:00-0400,504.5950012207031,504.6199951171875,504.4750061035156,504.5350036621094,16978
2026-08-27 13:14:00-0400,504.54998779296875,504.614990234375,504.4100036621094,504.614990234375,15400
2026-08-27 13:15:00-0400,504.57000732421875,504.69989013671875,504.510009765625,504.5199890136719,12236
2026-08-27 13:16:00-0400,504.4150085449219,504.6528015136719,504.3528137207031,504.6213073730469,16708
2026-08-27 13:17:00-0400,504.32281494140625,504.44989013671875,504.2099914550781,504.43341064453125,9697
2026-08-27 13:18:00-0400,504.1499938964844,504.3699951171875,504.0199890136719,504.3699951171875,26229
2026-08-27 13:19:00-0400,504.3800048828125,504.45001220703125,504.20001220703125,504.20001220703125,17088
2026-08-27 13:20:00-0400,504.4198913574219,504.44000244140625,504.19000244140625,504.3599853515625,20858
2026-08-27 13:21:00-0400,504.2699890136719,504.4599914550781,504.1199951171875,504.3301086425781,49715
2026-08-27 13:22:00-0400,504.25,504.3399963378906,504.2200012207031,504.239990234375,15205
2026-08-27 13:23:00-0400,503.989990234375,504.32000732421875,503.9599914550781,504.2799987792969,18222
2026-08-27 13:24:00-0400,503.8999938964844,504.0199890136719,503.8299865722656,503.9949951171875,14055
2026-08-27 13:25:00-0400,504.0299987792969,504.0299987792969,503.8500061035156,503.860595703125,16451
2026-08-27 13:26:00-0400,503.7799987792969,504.0799865722656,503.7799987792969,504.0050048828125,17401
2026-08-27 13:27:00-0400,503.8500061035156,504.1300048828125,503.8196105957031,503.8349914550781,31134
2026-08-27 13:28:00-0400,503.67498779296875,503.82000732421875,503.6300048828125,503.7701110839844,37209
2026-08-27 13:29:00-0400,503.2799987792969,503.7300109863281,503.1300048828125,503.6099853515625,42453
2026-08-27 13:30:00-0400,503.5799865722656,503.80999755859375,503.2699890136719,503.32501220703125,27624
2026-08-27 13:31:00-0400,503.7900085449219,503.8599853515625,503.5975036621094,503.635009765625,13533
2026-08-27 13:32:00-0400,504.17498779296875,504.2900085449219,503.82501220703125,503.82501220703125,36454
2026-08-27 13:33:00-0400,504.260009765625,504.7298889160156,504.0799865722656,504.17498779296875,50931
2026-08-27 13:34:00-0400,504.42999267578125,504.7799987792969,504.2300109863281,504.2650146484375,41061
2026-08-27 13:35:00-0400,504.6199951171875,504.6300048828125,504.3008117675781,504.4200134277344,23114
2026-08-27 13:36:00-0400,504.80999755859375,505.07000732421875,504.6351013183594,504.6400146484375,182871
2026-08-27 13:37:00-0400,504.9200134277344,504.9800109863281,504.5899963378906,504.8500061035156,46592
2026-08-27 13:38:00-0400,505.05499267578125,505.20001220703125,504.8601989746094,504.92498779296875,54925
2026-08-27 13:39:00-0400,505.3387145996094,505.44000244140625,504.95001220703125,505.0299987792969,67984
2026-08-27 13:40:00-0400,505.28448486328125,505.46990966796875,505.28448486328125,505.42999267578125,27171
2026-08-27 13:41:00-0400,505.3699951171875,505.44000244140625,505.1600036621094,505.28009033203125,34564
2026-08-27 13:42:00-0400,505.44500732421875,505.55499267578125,505.3500061035156,505.375,59616
2026-08-27 13:43:00-0400,505.80999755859375,505.8900146484375,505.43499755859375,505.43499755859375,57931
2026-08-27 13:44:00-0400,505.8349914550781,505.8599853515625,505.5799865722656,505.79998779296875,56732
2026-08-27 13:45:00-0400,505.57000732421875,505.989990234375,505.55999755859375,505.8399963378906,73678
2026-08-27 13:46:00-0400,505.5249938964844,505.67999267578125,505.38128662109375,505.5799865722656,69365
2026-08-27 13:47:00-0400,505.2099914550781,505.5799865722656,505.17999267578125,505.4700012207031,21925
2026-08-27 13:48:00-0400,504.7710876464844,505.2099914550781,504.63330078125,505.2099914550781,24681
2026-08-27 13:49:00-0400,504.6000061035156,505.0050048828125,504.5600891113281,504.7950134277344,23475
2026-08-27 13:50:00-0400,504.6018981933594,504.82989501953125,504.5450134277344,504.6050109863281,29532
2026-08-27 13:51:00-0400,504.57501220703125,504.7099914550781,504.5,504.5849914550781,8152
2026-08-27 13:52:00-0400,504.4700012207031,504.6099853515625,504.2699890136719,504.57501220703125,18319
2026-08-27 13:53:00-0400,504.2650146484375,504.4549865722656,504.2449951171875,504.4549865722656,16352
2026-08-27 13:54:00-0400,504.6643981933594,504.8800048828125,504.25,504.25,39393
2026-08-27 13:55:00-0400,504.510009765625,504.70001220703125,504.42999267578125,504.625,10097
2026-08-27 13:56:00-0400,504.4200134277344,504.5119934082031,504.3900146484375,504.4800109863281,18896
2026-08-27 13:57:00-0400,504.0400085449219,504.4200134277344,503.9176940917969,504.4200134277344,33866
2026-08-27 13:58:00-0400,504.010009765625,504.0350036621094,503.80999755859375,504.0,17862
2026-08-27 13:59:00-0400,504.1549987792969,504.19989013671875,503.9200134277344,504.0899963378906,13075
2026-08-27 14:00:00-0400,504.3599853515625,504.4800109863281,504.15570068359375,504.1700134277344,15338
2026-08-27 14:01:00-0400,503.6700134277344,504.3999938964844,503.6700134277344,504.3999938964844,17593
2026-08-27 14:02:00-0400,503.4200134277344,503.739990234375,503.260009765625,503.739990234375,19012
2026-08-27 14:03:00-0400,503.19000244140625,503.4700012207031,503.04998779296875,503.4100036621094,21772
2026-08-27 14:04:00-0400,503.07501220703125,503.2250061035156,502.80999755859375,503.2250061035156,40581
2026-08-27 14:05:00-0400,503.07000732421875,503.1300048828125,502.9700012207031,503.0799865722656,27857
2026-08-27 14:06:00-0400,502.7250061035156,503.30999755859375,502.6400146484375,503.1000061035156,19740
2026-08-27 14:07:00-0400,502.5476989746094,502.760009765625,502.4200134277344,502.7250061035156,22377
2026-08-27 14:08:00-0400,502.6449890136719,502.7099914550781,502.4800109863281,502.6300048828125,14952
2026-08-27 14:09:00-0400,502.489990234375,502.6899108886719,502.4201965332031,502.6899108886719,15743
2026-08-27 14:10:00-0400,502.6300964355469,502.89990234375,502.4800109863281,502.4849853515625,21920
2026-08-27 14:11:00-0400,502.55010986328125,502.75,502.5,502.6300048828125,18306
2026-08-27 14:12:00-0400,502.2900085449219,502.6199951171875,502.2799987792969,502.6099853515625,14690
2026-08-27 14:13:00-0400,501.80999755859375,502.32000732421875,501.7200012207031,502.25,46675
2026-08-27 14:14:00-0400,501.5299987792969,501.760009765625,501.3900146484375,501.739990234375,26433
2026-08-27 14:15:00-0400,501.75,501.7900085449219,501.489990234375,501.5350036621094,18122
2026-08-27 14:16:00-0400,501.67999267578125,501.8550109863281,501.6099853515625,501.7699890136719,17011
2026-08-27 14:17:00-0400,501.66571044921875,501.760009765625,501.5400085449219,501.760009765625,21544
2026-08-27 14:18:00-0400,501.5950012207031,501.69000244140625,501.510009765625,501.6400146484375,13724
2026-08-27 14:19:00-0400,501.489990234375,501.6600036621094,501.3699951171875,501.6000061035156,25719
2026-08-27 14:20:00-0400,501.92999267578125,501.92999267578125,501.4501037597656,501.489990234375,21125
2026-08-27 14:21:00-0400,501.5893859863281,502.04998779296875,501.5893859863281,501.95001220703125,27758
2026-08-27 14:22:00-0400,501.70001220703125,501.75,501.5,501.6499938964844,22997
2026-08-27 14:23:00-0400,501.760009765625,501.8999938964844,501.5899963378906,501.7019958496094,21925
2026-08-27 14:24:00-0400,502.739990234375,502.7799987792969,501.6400146484375,501.75,25163
2026-08-27 14:25:00-0400,502.80999755859375,502.8599853515625,502.6700134277344,502.739990234375,28105
2026-08-27 14:26:00-0400,502.739990234375,503.1400146484375,502.5899963378906,502.7749938964844,59950
2026-08-27 14:27:00-0400,502.4750061035156,502.95001220703125,502.4750061035156,502.7149963378906,48891
2026-08-27 14:28:00-0400,502.4049987792969,502.6400146484375,502.2300109863281,502.4750061035156,28357
2026-08-27 14:29:00-0400,502.5,502.5849914550781,502.3699951171875,502.42999267578125,27803
2026-08-27 14:30:00-0400,502.5799865722656,502.6099853515625,502.40008544921875,502.45001220703125,14453
2026-08-27 14:31:00-0400,502.510009765625,502.739990234375,502.510009765625,502.5799865722656,46120
2026-08-27 14:32:00-0400,502.7799987792969,502.9244079589844,502.54998779296875,502.57501220703125,29210
2026-08-27 14:33:00-0400,502.8500061035156,502.8949890136719,502.7536926269531,502.7536926269531,17190
2026-08-27 14:34:00-0400,502.80999755859375,502.9200134277344,502.70001220703125,502.8200988769531,25515
2026-08-27 14:35:00-0400,502.79998779296875,502.94000244140625,502.69720458984375,502.8349914550781,23279
2026-08-27 14:36:00-0400,502.8900146484375,502.989990234375,502.6600036621094,502.80999755859375,20997
2026-08-27 14:37:00-0400,502.8599853515625,502.989990234375,502.7799987792969,502.8800048828125,14522
2026-08-27 14:38:00-0400,502.9599914550781,503.0,502.739990234375,502.8800048828125,15662
2026-08-27 14:39:00-0400,502.8900146484375,503.04998779296875,502.6700134277344,502.9599914550781,27450
2026-08-27 14:40:00-0400,502.7900085449219,502.9299011230469,502.7699890136719,502.8500061035156,8945
2026-08-27 14:41:00-0400,502.4200134277344,502.7900085449219,502.4200134277344,502.75,16682
2026-08-27 14:42:00-0400,502.2300109863281,502.5350036621094,502.2300109863281,502.3900146484375,24090
2026-08-27 14:43:00-0400,502.20001220703125,502.30999755859375,502.04901123046875,502.20159912109375,19953
2026-08-27 14:44:00-0400,502.260009765625,502.2699890136719,502.0799865722656,502.25,21849
2026-08-27 14:45:00-0400,502.2850036621094,502.5,502.2200012207031,502.2200012207031,18706
2026-08-27 14:46:00-0400,502.4100036621094,502.489990234375,502.260498046875,502.30999755859375,9961
2026-08-27 14:47:00-0400,502.57000732421875,502.6300048828125,502.3999938964844,502.3999938964844,17620
2026-08-27 14:48:00-0400,502.80999755859375,502.989990234375,502.6050109863281,502.6199951171875,22173
2026-08-27 14:49:00-0400,502.2850036621094,502.82000732421875,502.2101135253906,502.79998779296875,19456
2026-08-27 14:50:00-0400,502.9800109863281,503.0899963378906,502.19000244140625,502.2850036621094,49556
2026-08-27 14:51:00-0400,502.9750061035156,503.05999755859375,502.8900146484375,502.9800109863281,11138
2026-08-27 14:52:00-0400,502.87890625,503.0150146484375,502.69000244140625,502.9700012207031,23087
2026-08-27 14:53:00-0400,502.9800109863281,503.07000732421875,502.8299865722656,502.8699951171875,18827
2026-08-27 14:54:00-0400,503.2099914550781,503.3900146484375,502.7900085449219,502.9949951171875,50648
2026-08-27 14:55:00-0400,503.375,503.57000732421875,503.2300109863281,503.2699890136719,41717
2026-08-27 14:56:00-0400,503.5,503.510009765625,503.17498779296875,503.29998779296875,16979
2026-08-27 14:57:00-0400,503.9599914550781,503.989990234375,503.5050048828125,503.5450134277344,32672
2026-08-27 14:58:00-0400,504.1839904785156,504.2099914550781,503.8385925292969,503.9599914550781,41865
2026-08-27 14:59:00-0400,504.3800048828125,504.59991455078125,504.09698486328125,504.17999267578125,63197
2026-08-27 15:00:00-0400,504.4649963378906,504.54998779296875,504.25,504.3800048828125,48594
2026-08-27 15:01:00-0400,504.5400085449219,504.6600036621094,504.4200134277344,504.4800109863281,29109
2026-08-27 15:02:00-0400,504.56500244140625,504.6499938964844,504.4400939941406,504.57000732421875,50780
2026-08-27 15:03:00-0400,504.8349914550781,504.8699951171875,504.6000061035156,504.6000061035156,31907
2026-08-27 15:04:00-0400,504.8599853515625,504.9599914550781,504.75,504.8599853515625,28377
2026-08-27 15:05:00-0400,504.82000732421875,505.1300048828125,504.7099914550781,504.8599853515625,54575
2026-08-27 15:06:00-0400,505.0849914550781,505.1499938964844,504.7900085449219,504.8399963378906,38175
2026-08-27 15:07:00-0400,505.135009765625,505.260009765625,505.05999755859375,505.1199951171875,44134
2026-08-27 15:08:00-0400,505.1000061035156,505.20001220703125,504.8500061035156,505.1700134277344,40103
2026-08-27 15:09:00-0400,505.2200012207031,505.3900146484375,505.1000061035156,505.1000061035156,31626
2026-08-27 15:10:00-0400,505.2850036621094,505.337890625,505.20001220703125,505.2200012207031,34681
2026-08-27 15:11:00-0400,505.3399963378906,505.34979248046875,505.2300109863281,505.30499267578125,25069
2026-08-27 15:12:00-0400,505.5,505.56988525390625,505.2699890136719,505.3200988769531,51961
2026-08-27 15:13:00-0400,505.4649963378906,505.54998779296875,505.3699951171875,505.5,35915
2026-08-27 15:14:00-0400,505.260009765625,505.510009765625,505.1400146484375,505.45001220703125,74964
2026-08-27 15:15:00-0400,505.3999938964844,505.45001220703125,505.2300109863281,505.32501220703125,63576
2026-08-27 15:16:00-0400,506.0199890136719,506.05999755859375,505.3699951171875,505.3999938964844,133059
2026-08-27 15:17:00-0400,505.56500244140625,506.4700012207031,505.5299987792969,506.0400085449219,82394
2026-08-27 15:18:00-0400,505.2900085449219,505.6000061035156,505.1600036621094,505.6000061035156,32976
2026-08-27 15:19:00-0400,505.4549865722656,505.6099853515625,505.17999267578125,505.2449951171875,51200
2026-08-27 15:20:00-0400,505.17498779296875,505.44500732421875,505.0,505.3999938964844,38886
2026-08-27 15:21:00-0400,505.69500732421875,505.9100036621094,505.1700134277344,505.20001220703125,58009
2026-08-27 15:22:00-0400,505.93499755859375,506.3500061035156,505.6499938964844,505.75,46759
2026-08-27 15:23:00-0400,505.885009765625,506.2699890136719,505.885009765625,505.95001220703125,59437
2026-08-27 15:24:00-0400,505.69000244140625,505.9599914550781,505.6000061035156,505.8699951171875,31392
2026-08-27 15:25:00-0400,505.81500244140625,506.29998779296875,505.6099853515625,505.65008544921875,32926
2026-08-27 15:26:00-0400,505.6600036621094,505.864990234375,505.560791015625,505.82501220703125,24294
2026-08-27 15:27:00-0400,505.4700012207031,505.80999755859375,505.3905029296875,505.6600036621094,34573
2026-08-27 15:28:00-0400,505.3800048828125,505.5400085449219,505.20001220703125,505.4599914550781,43158
2026-08-27 15:29:00-0400,505.5,505.5599060058594,505.30010986328125,505.3800048828125,32832
2026-08-27 15:30:00-0400,505.4599914550781,505.5050048828125,505.2099914550781,505.5,36177
2026-08-27 15:31:00-0400,506.114990234375,506.20001220703125,505.4200134277344,505.4200134277344,71631
2026-08-27 15:32:00-0400,505.8599853515625,506.1499938964844,505.7300109863281,506.125,31870
2026-08-27 15:33:00-0400,506.0400085449219,506.1199951171875,505.8739929199219,505.8739929199219,27760
2026-08-27 15:34:00-0400,505.80999755859375,506.0199890136719,505.7900085449219,506.0199890136719,27562
2026-08-27 15:35:00-0400,505.5000915527344,505.79998779296875,505.5000915527344,505.79998779296875,33363
2026-08-27 15:36:00-0400,505.7900085449219,505.8299865722656,505.260009765625,505.5000915527344,41354
2026-08-27 15:37:00-0400,505.9849853515625,506.0400085449219,505.75,505.7709045410156,30149
2026-08-27 15:38:00-0400,505.94000244140625,506.05999755859375,505.93499755859375,505.9858093261719,44329
2026-08-27 15:39:00-0400,506.0,506.05999755859375,505.7699890136719,505.94500732421875,36487
2026-08-27 15:40:00-0400,505.70001220703125,505.9800109863281,505.47979736328125,505.9700012207031,49303
2026-08-27 15:41:00-0400,505.1199951171875,505.7300109863281,504.9800109863281,505.7200012207031,74986
2026-08-27 15:42:00-0400,504.70001220703125,505.0899963378906,504.69500732421875,505.0899963378906,45304
2026-08-27 15:43:00-0400,505.0,505.30999755859375,504.6400146484375,504.7349853515625,80663
2026-08-27 15:44:00-0400,505.30999755859375,505.30999755859375,504.9075927734375,504.9075927734375,19655
2026-08-27 15:45:00-0400,504.8500061035156,505.30999755859375,504.79998779296875,505.2900085449219,30489
2026-08-27 15:46:00-0400,504.67999267578125,505.0199890136719,504.6700134277344,504.8599853515625,31506
2026-08-27 15:47:00-0400,504.6806945800781,504.7898864746094,504.5299987792969,504.6400146484375,26667
2026-08-27 15:48:00-0400,504.875,505.010009765625,504.6400146484375,504.739990234375,39442
2026-08-27 15:49:00-0400,505.0350036621094,505.1199951171875,504.8299865722656,504.875,36655
2026-08-27 15:50:00-0400,505.17999267578125,505.4403991699219,504.94000244140625,505.0400085449219,67226
2026-08-27 15:51:00-0400,505.239990234375,505.3800048828125,505.1000061035156,505.20001220703125,82109
2026-08-27 15:52:00-0400,505.239990234375,505.739990234375,505.2099914550781,505.2799987792969,73802
2026-08-27 15:53:00-0400,504.8299865722656,505.2200012207031,504.5299987792969,505.2200012207031,105552
2026-08-27 15:54:00-0400,505.54998779296875,505.70001220703125,504.4949951171875,504.8299865722656,103850
2026-08-27 15:55:00-0400,505.18499755859375,506.0400085449219,504.9649963378906,505.54998779296875,159996
2026-08-27 15:56:00-0400,504.9700012207031,505.2300109863281,504.7799987792969,505.18499755859375,113739
2026-08-27 15:57:00-0400,505.1000061035156,505.1400146484375,504.81500244140625,504.95001220703125,138815
2026-08-27 15:58:00-0400,505.0799865722656,505.3299865722656,505.0299987792969,505.1199951171875,322794
2026-08-27 15:59:00-0400,504.8800048828125,505.3599853515625,504.8299865722656,505.0799865722656,573476
2026-08-28 09:30:00-0400,506.29998779296875,507.79998779296875,505.05999755859375,505.3299865722656,1335280
2026-08-28 09:31:00-0400,506.1400146484375,506.55999755859375,504.86749267578125,506.55999755859375,64171
2026-08-28 09:32:00-0400,507.9722900390625,508.3599853515625,506.3949890136719,506.3949890136719,114002
2026-08-28 09:33:00-0400,508.0199890136719,509.5,507.2099914550781,508.010009765625,127304
2026-08-28 09:34:00-0400,509.0,509.0,507.6000061035156,507.989990234375,44417
2026-08-28 09:35:00-0400,507.4100036621094,509.0769958496094,507.4100036621094,508.80999755859375,82429
2026-08-28 09:36:00-0400,507.4949951171875,508.16900634765625,507.1300048828125,507.4549865722656,46680
2026-08-28 09:37:00-0400,508.1050109863281,508.1050109863281,506.6200866699219,507.5299987792969,68378
2026-08-28 09:38:00-0400,507.2434997558594,508.29998779296875,506.510009765625,508.1700134277344,57012
2026-08-28 09:39:00-0400,508.69000244140625,509.3599853515625,507.1300048828125,507.2099914550781,77709
2026-08-28 09:40:00-0400,508.7699890136719,509.389892578125,508.0,508.7304992675781,51051
2026-08-28 09:41:00-0400,509.2200012207031,509.44000244140625,508.3500061035156,508.75,49697
2026-08-28 09:42:00-0400,511.4049987792969,511.5,509.0570068359375,509.17999267578125,436997
2026-08-28 09:43:00-0400,511.3794860839844,511.5199890136719,510.8800048828125,511.2300109863281,98475
2026-08-28 09:44:00-0400,511.8117980957031,511.9200134277344,511.17999267578125,511.3799133300781,85552
2026-08-28 09:45:00-0400,511.8705139160156,511.8705139160156,510.79998779296875,511.7449951171875,117149
2026-08-28 09:46:00-0400,512.5,513.0700073242188,511.80999755859375,511.80999755859375,219926
2026-08-28 09:47:00-0400,512.5999755859375,512.9400024414062,512.280029296875,512.5,87092
2026-08-28 09:48:00-0400,512.780029296875,512.9899291992188,512.110107421875,512.594970703125,75728
2026-08-28 09:49:00-0400,512.85498046875,513.1400146484375,512.3200073242188,512.7999877929688,120188
2026-08-28 09:50:00-0400,511.8949890136719,513.0098876953125,511.8949890136719,512.9199829101562,69363
2026-08-28 09:51:00-0400,511.5,512.0999755859375,510.3399963378906,511.9599914550781,110842
2026-08-28 09:52:00-0400,510.6000061035156,511.4930114746094,510.4599914550781,511.3900146484375,43212
2026-08-28 09:53:00-0400,509.9294128417969,510.6300048828125,509.7200012207031,510.5,72051
2026-08-28 09:54:00-0400,510.3599853515625,510.7900085449219,509.8096008300781,509.8599853515625,41636
2026-08-28 09:55:00-0400,510.14849853515625,510.8999938964844,509.9200134277344,510.1600036621094,47826
2026-08-28 09:56:00-0400,510.2550048828125,510.5,510.0,510.0799865722656,32524
2026-08-28 09:57:00-0400,509.95001220703125,510.6000061035156,509.9200134277344,510.3070068359375,44534
2026-08-28 09:58:00-0400,509.8399963378906,510.04998779296875,509.7799987792969,509.8699951171875,23471
2026-08-28 09:59:00-0400,510.20001220703125,510.20001220703125,509.7300109863281,509.85400390625,58097
2026-08-28 10:00:00-0400,511.1234130859375,511.25,509.3999938964844,510.0824890136719,70777
2026-08-28 10:01:00-0400,509.8500061035156,511.25,509.8500061035156,511.25,71489
2026-08-28 10:02:00-0400,509.7650146484375,509.95001220703125,509.0,509.9200134277344,85017
2026-08-28 10:03:00-0400,509.5150146484375,510.30029296875,509.2099914550781,509.8800048828125,53834
2026-08-28 10:04:00-0400,509.69500732421875,509.7099914550781,509.2900085449219,509.5150146484375,26123
2026-08-28 10:05:00-0400,509.42999267578125,510.4471130371094,509.42999267578125,509.7149963378906,40046
2026-08-28 10:06:00-0400,509.375,509.57000732421875,508.80780029296875,509.4574890136719,55289
2026-08-28 10:07:00-0400,509.4700012207031,509.6315002441406,509.010009765625,509.3399963378906,78157
2026-08-28 10:08:00-0400,509.7900085449219,509.8399963378906,509.3699951171875,509.4150085449219,64006
2026-08-28 10:09:00-0400,509.2250061035156,510.0,509.1400146484375,509.8399963378906,33887
2026-08-28 10:10:00-0400,508.8316955566406,509.3500061035156,508.80999755859375,509.2250061035156,41543
2026-08-28 10:11:00-0400,508.864990234375,509.1600036621094,508.3500061035156,508.75,45624
2026-08-28 10:12:00-0400,509.30999755859375,509.3900146484375,508.29998779296875,508.95001220703125,70419
2026-08-28 10:13:00-0400,508.489990234375,509.42999267578125,508.44000244140625,509.3299865722656,42864
2026-08-28 10:14:00-0400,508.4800109863281,508.5899963378906,508.1099853515625,508.42999267578125,43202
2026-08-28 10:15:00-0400,508.8999938964844,509.2998962402344,508.3399963378906,508.4599914550781,48454
2026-08-28 10:16:00-0400,509.3450012207031,509.6499938964844,508.989990234375,508.989990234375,42022
2026-08-28 10:17:00-0400,509.7410888671875,509.9198913574219,509.2300109863281,509.260009765625,32504
2026-08-28 10:18:00-0400,510.239990234375,510.5,509.6400146484375,509.760009765625,50900
2026-08-28 10:19:00-0400,510.360107421875,510.6400146484375,510.18719482421875,510.3800048828125,31534
2026-08-28 10:20:00-0400,510.9599914550781,511.29998779296875,510.3699951171875,510.3699951171875,72681
2026-08-28 10:21:00-0400,511.1499938964844,511.2799987792969,510.6499938964844,511.0,50002
2026-08-28 10:22:00-0400,510.8468017578125,511.30999755859375,510.69000244140625,511.1499938964844,39045
2026-08-28 10:23:00-0400,510.239990234375,511.260009765625,510.1706848144531,510.80999755859375,48111
2026-08-28 10:24:00-0400,509.67999267578125,510.2850036621094,509.0199890136719,510.2850036621094,46423
2026-08-28 10:25:00-0400,509.489990234375,510.19000244140625,509.4800109863281,509.57000732421875,65266
2026-08-28 10:26:00-0400,509.8399963378906,509.9999084472656,509.0,509.489990234375,33961
2026-08-28 10:27:00-0400,509.635009765625,510.07000732421875,509.3800964355469,509.716796875,173533
2026-08-28 10:28:00-0400,510.2799987792969,510.2799987792969,509.4700012207031,509.6499938964844,24443
2026-08-28 10:29:00-0400,510.7156066894531,510.75,509.95001220703125,510.2850036621094,30862
2026-08-28 10:30:00-0400,511.1000061035156,511.29998779296875,510.57000732421875,510.6600036621094,50087
2026-08-28 10:31:00-0400,511.385009765625,511.7099914550781,511.0199890136719,511.05999755859375,51326
2026-08-28 10:32:00-0400,511.0799865722656,512.260009765625,510.8900146484375,511.3399963378906,132336
2026-08-28 10:33:00-0400,510.8100891113281,511.3900146484375,510.3550109863281,511.05499267578125,216845
2026-08-28 10:34:00-0400,510.45001220703125,511.0325012207031,510.260009765625,510.8500061035156,42740
2026-08-28 10:35:00-0400,510.7099914550781,511.489990234375,510.302001953125,510.4649963378906,88053
2026-08-28 10:36:00-0400,510.7749938964844,510.9230041503906,510.3599853515625,510.760009765625,244338
2026-08-28 10:37:00-0400,511.1050109863281,511.17498779296875,510.6400146484375,510.8273010253906,28662
2026-08-28 10:38:00-0400,510.7950134277344,511.4549865722656,510.7200012207031,511.0899963378906,34035
2026-08-28 10:39:00-0400,510.9700927734375,511.07989501953125,510.739990234375,510.8500061035156,32972
2026-08-28 10:40:00-0400,511.4549865722656,511.4549865722656,510.8599853515625,511.0249938964844,20897
2026-08-28 10:41:00-0400,511.92498779296875,512.1514282226562,511.4100036621094,511.4549865722656,74311
2026-08-28 10:42:00-0400,511.55499267578125,511.92498779296875,511.3399963378906,511.92498779296875,39833
2026-08-28 10:43:00-0400,512.0700073242188,512.0850830078125,511.5899963378906,511.6499938964844,34057
2026-08-28 10:44:00-0400,512.2550048828125,512.5900268554688,511.79998779296875,512.0651245117188,59013
2026-08-28 10:45:00-0400,512.1400146484375,512.469970703125,512.0499877929688,512.2899780273438,23504
2026-08-28 10:46:00-0400,513.289794921875,513.6400146484375,512.080078125,512.1400146484375,183659
2026-08-28 10:47:00-0400,513.260009765625,513.5999755859375,513.1900024414062,513.2449951171875,58377
2026-08-28 10:48:00-0400,512.9692993164062,513.47998046875,512.9099731445312,513.3350219726562,42410
2026-08-28 10:49:00-0400,513.239990234375,513.2899780273438,512.8499755859375,512.9299926757812,61187
2026-08-28 10:50:00-0400,513.6799926757812,513.9299926757812,513.0999755859375,513.2000122070312,89612
2026-08-28 10:51:00-0400,513.75,513.780029296875,513.2100219726562,513.6849975585938,60571
2026-08-28 10:52:00-0400,514.260009765625,514.260009765625,513.5599975585938,513.64697265625,131692
2026-08-28 10:53:00-0400,514.5599975585938,514.7100219726562,514.0999755859375,514.2332763671875,132725
2026-08-28 10:54:00-0400,515.0700073242188,515.4099731445312,514.3599853515625,514.5800170898438,347573
2026-08-28 10:55:00-0400,514.7999877929688,515.1500244140625,514.6799926757812,515.0999755859375,74593
2026-08-28 10:56:00-0400,514.7319946289062,515.0800170898438,514.2899780273438,514.7999877929688,77108
2026-08-28 10:57:00-0400,514.8099975585938,515.0599975585938,514.6600952148438,514.6600952148438,61912
2026-08-28 10:58:00-0400,515.090087890625,515.1400146484375,514.72998046875,514.7999877929688,46927
2026-08-28 10:59:00-0400,515.2000122070312,515.3001098632812,515.0250244140625,515.1199951171875,67740
2026-08-28 11:00:00-0400,514.77001953125,515.25,514.6505126953125,515.25,57958
2026-08-28 11:01:00-0400,514.8800048828125,514.989990234375,514.6699829101562,514.7999877929688,43907
2026-08-28 11:02:00-0400,514.864990234375,515.469970703125,514.8200073242188,514.8499755859375,74468
2026-08-28 11:03:00-0400,515.2899780273438,515.4000244140625,514.6199951171875,514.9215698242188,54549
2026-08-28 11:04:00-0400,515.77001953125,515.7999877929688,515.3200073242188,515.3300170898438,94299
2026-08-28 11:05:00-0400,515.7999877929688,516.0399780273438,515.580078125,515.75,111554
2026-08-28 11:06:00-0400,515.5999755859375,516.25,515.2999877929688,515.7999877929688,64910
2026-08-28 11:07:00-0400,516.0449829101562,516.1890258789062,515.2349853515625,515.6400146484375,53063
2026-08-28 11:08:00-0400,515.2849731445312,516.2899780273438,515.1500244140625,516.10498046875,77567
2026-08-28 11:09:00-0400,514.9500122070312,515.3200073242188,514.5401000976562,515.2849731445312,52057
2026-08-28 11:10:00-0400,514.6799926757812,515.0899047851562,514.6099853515625,514.9099731445312,48405
2026-08-28 11:11:00-0400,514.5349731445312,514.780029296875,514.3200073242188,514.6500244140625,47021
2026-08-28 11:12:00-0400,514.7940063476562,514.8800048828125,514.1300048828125,514.5349731445312,49393
2026-08-28 11:13:00-0400,514.5700073242188,514.836669921875,514.1799926757812,514.77001953125,49098
2026-08-28 11:14:00-0400,514.8535766601562,515.0,514.52001953125,514.5700073242188,45342
2026-08-28 11:15:00-0400,515.375,515.6199951171875,514.510009765625,514.8099975585938,98041
2026-08-28 11:16:00-0400,515.5,515.6300048828125,515.3200073242188,515.375,38838
2026-08-28 11:17:00-0400,515.1530151367188,515.5050048828125,514.8699951171875,515.5,32802
2026-08-28 11:18:00-0400,514.6500244140625,515.219970703125,514.5,515.1099853515625,35109
2026-08-28 11:19:00-0400,514.8099975585938,515.0,514.5001220703125,514.6763916015625,20281
2026-08-28 11:20:00-0400,515.3599853515625,515.4000244140625,514.8049926757812,514.8049926757812,53281
2026-08-28 11:21:00-0400,515.0599975585938,515.489990234375,515.0,515.2999877929688,41243
2026-08-28 11:22:00-0400,515.405029296875,515.4299926757812,514.9199829101562,515.02001953125,55034
2026-08-28 11:23:00-0400,515.6099853515625,515.760009765625,515.4199829101562,515.4199829101562,55140
2026-08-28 11:24:00-0400,515.5549926757812,515.780029296875,515.52001953125,515.6099853515625,35268
2026-08-28 11:25:00-0400,515.5900268554688,515.7100219726562,515.4929809570312,515.5280151367188,28749
2026-08-28 11:26:00-0400,515.3099975585938,515.6798706054688,515.2100219726562,515.5349731445312,51001
2026-08-28 11:27:00-0400,515.2100219726562,515.3677978515625,515.0100708007812,515.3300170898438,72254
2026-08-28 11:28:00-0400,515.5900268554688,515.7000122070312,515.0213012695312,515.1799926757812,60927
2026-08-28 11:29:00-0400,515.3117065429688,515.75,515.1400146484375,515.601806640625,51424
2026-08-28 11:30:00-0400,515.3200073242188,515.510009765625,515.2799072265625,515.3400268554688,31684
2026-08-28 11:31:00-0400,515.22998046875,515.4193115234375,514.97998046875,515.3300170898438,52085
2026-08-28 11:32:00-0400,515.2899780273438,515.3200073242188,515.1099853515625,515.3150024414062,19367
2026-08-28 11:33:00-0400,515.7349853515625,515.8641967773438,515.280029296875,515.2899780273438,80928
2026-08-28 11:34:00-0400,515.22998046875,515.75,515.219970703125,515.75,28793
2026-08-28 11:35:00-0400,515.3400268554688,515.469970703125,515.1400146484375,515.3099975585938,26732
2026-08-28 11:36:00-0400,515.2860107421875,515.3798828125,515.0999755859375,515.2999877929688,16638
2026-08-28 11:37:00-0400,515.1400146484375,515.489990234375,514.8900146484375,515.280029296875,40977
2026-08-28 11:38:00-0400,514.47998046875,515.094970703125,514.4500122070312,515.094970703125,22740
2026-08-28 11:39:00-0400,514.7022094726562,515.1199951171875,514.5,514.5,41827
2026-08-28 11:40:00-0400,514.4349975585938,514.8499755859375,514.3800048828125,514.7249755859375,25863
2026-08-28 11:41:00-0400,514.8699951171875,514.9500122070312,514.0999755859375,514.4000244140625,39974
2026-08-28 11:42:00-0400,514.510009765625,514.8900146484375,514.4400024414062,514.864990234375,19927
2026-08-28 11:43:00-0400,514.9099731445312,514.989990234375,514.4849853515625,514.530029296875,37297
2026-08-28 11:44:00-0400,514.5175170898438,514.9498901367188,514.3699951171875,514.9000244140625,45812
2026-08-28 11:45:00-0400,514.8200073242188,514.97998046875,514.4500732421875,514.5800170898438,47611
2026-08-28 11:46:00-0400,515.1199951171875,515.2000122070312,514.6500244140625,514.8200073242188,39651
2026-08-28 11:47:00-0400,514.856689453125,515.3699951171875,514.6699829101562,515.0900268554688,46408
2026-08-28 11:48:00-0400,514.4605102539062,514.9400024414062,514.4201049804688,514.7650146484375,28214
2026-08-28 11:49:00-0400,514.8400268554688,514.8599853515625,514.1599731445312,514.5,82196
2026-08-28 11:50:00-0400,514.8438110351562,514.97998046875,514.5750122070312,514.8800048828125,64826
2026-08-28 11:51:00-0400,514.5599975585938,515.1799926757812,514.530029296875,514.7899780273438,38260
2026-08-28 11:52:00-0400,514.875,515.2999877929688,514.5,514.5850219726562,132494
2026-08-28 11:53:00-0400,514.6099853515625,515.2487182617188,514.6099853515625,514.875,37232
2026-08-28 11:54:00-0400,515.2100219726562,515.2999877929688,514.5599975585938,514.5800170898438,92515
2026-08-28 11:55:00-0400,514.2901000976562,515.4199829101562,514.2650146484375,515.2000122070312,91025
2026-08-28 11:56:00-0400,514.6500244140625,514.7000122070312,514.0399780273438,514.2999877929688,50618
2026-08-28 11:57:00-0400,514.9600219726562,515.1298828125,514.5499877929688,514.6199951171875,51014
2026-08-28 11:58:00-0400,514.9450073242188,515.0499877929688,514.6199951171875,514.9400024414062,41469
2026-08-28 11:59:00-0400,514.6201171875,514.969970703125,514.510009765625,514.969970703125,61146
2026-08-28 12:00:00-0400,514.8099975585938,515.0,514.5800170898438,514.6300048828125,60603
2026-08-28 12:01:00-0400,514.635009765625,514.8099975585938,514.3400268554688,514.7899780273438,87285
2026-08-28 12:02:00-0400,514.760009765625,514.8200073242188,514.340087890625,514.6300048828125,48327
2026-08-28 12:03:00-0400,514.6500244140625,514.989990234375,514.4000244140625,514.760009765625,40070
2026-08-28 12:04:00-0400,514.3699951171875,514.655029296875,514.2000122070312,514.6500244140625,36392
2026-08-28 12:05:00-0400,514.5599975585938,514.6500244140625,514.2999877929688,514.3400268554688,36885
2026-08-28 12:06:00-0400,515.1599731445312,515.1699829101562,514.5800170898438,514.6099853515625,58980
2026-08-28 12:07:00-0400,515.635009765625,515.7822265625,515.0601196289062,515.0601196289062,52913
2026-08-28 12:08:00-0400,515.7750244140625,515.9000244140625,515.3460083007812,515.7000122070312,68227
2026-08-28 12:09:00-0400,515.8200073242188,515.9500122070312,515.6500244140625,515.7750244140625,47907
2026-08-28 12:10:00-0400,516.0250244140625,516.25,515.5499877929688,515.8300170898438,104450
2026-08-28 12:11:00-0400,516.0449829101562,516.2100219726562,515.6799926757812,515.9299926757812,69104
2026-08-28 12:12:00-0400,516.9550170898438,517.1300048828125,515.9500122070312,516.0499877929688,189789
2026-08-28 12:13:00-0400,517.0499877929688,517.1400146484375,516.6799926757812,516.9199829101562,71590
2026-08-28 12:14:00-0400,516.7999877929688,517.1099853515625,516.6500244140625,517.0900268554688,41550
2026-08-28 12:15:00-0400,515.989990234375,516.8099975585938,515.8499755859375,516.77001953125,76716
2026-08-28 12:16:00-0400,515.989990234375,516.1900024414062,515.75,515.969970703125,53081
2026-08-28 12:17:00-0400,516.6649780273438,516.72998046875,515.8599853515625,515.97998046875,72539
2026-08-28 12:18:00-0400,516.1400146484375,516.6900024414062,516.0700073242188,516.6199951171875,60921
2026-08-28 12:19:00-0400,516.5999755859375,516.5999755859375,516.0900268554688,516.094970703125,53592
2026-08-28 12:20:00-0400,516.0,516.6500244140625,515.8699951171875,516.5100708007812,65829
2026-08-28 12:21:00-0400,516.139892578125,516.139892578125,515.3599853515625,516.02001953125,57558
2026-08-28 12:22:00-0400,516.2999877929688,516.5,516.0599975585938,516.1099853515625,42150
2026-08-28 12:23:00-0400,515.8499755859375,516.3305053710938,515.6400146484375,516.3049926757812,35673
2026-08-28 12:24:00-0400,515.64501953125,515.8699951171875,515.22998046875,515.8499755859375,50643
2026-08-28 12:25:00-0400,515.8900756835938,515.989990234375,515.2899780273438,515.5634765625,33488
2026-08-28 12:26:00-0400,516.2000122070312,516.2999877929688,515.8499755859375,515.8900146484375,51384
2026-08-28 12:27:00-0400,516.4400024414062,516.5599975585938,516.10498046875,516.2100219726562,46609
2026-08-28 12:28:00-0400,516.77001953125,516.9000244140625,516.510009765625,516.52001953125,49346
2026-08-28 12:29:00-0400,516.4948120117188,516.989990234375,516.4299926757812,516.8200073242188,55179
2026-08-28 12:30:00-0400,516.844970703125,516.844970703125,516.469970703125,516.469970703125,22275
2026-08-28 12:31:00-0400,516.8300170898438,517.0,516.6900024414062,516.8800048828125,47180
2026-08-28 12:32:00-0400,517.7050170898438,517.780029296875,516.8250732421875,516.85498046875,94123
2026-08-28 12:33:00-0400,517.5800170898438,517.760009765625,517.3599853515625,517.7498779296875,59710
2026-08-28 12:34:00-0400,516.5850219726562,517.6939697265625,516.3800048828125,517.6298828125,55362
2026-08-28 12:35:00-0400,517.375,517.405029296875,516.6199951171875,516.625,41220
2026-08-28 12:36:00-0400,517.1500244140625,517.4199829101562,516.969970703125,517.3099975585938,29418
2026-08-28 12:37:00-0400,516.9400024414062,517.1900024414062,516.8499755859375,517.1199951171875,27552
2026-08-28 12:38:00-0400,517.1099853515625,517.2100219726562,516.8499755859375,516.89501953125,28520
2026-08-28 12:39:00-0400,516.72998046875,517.25,516.4700927734375,517.1500244140625,30489
2026-08-28 12:40:00-0400,516.5900268554688,516.8400268554688,516.5599975585938,516.68310546875,15829
2026-08-28 12:41:00-0400,516.3200073242188,516.5894775390625,516.1500244140625,516.5399780273438,36548
2026-08-28 12:42:00-0400,516.2849731445312,516.489990234375,516.0,516.3400268554688,63799
2026-08-28 12:43:00-0400,516.9199829101562,516.97998046875,516.2200927734375,516.2849731445312,41071
2026-08-28 12:44:00-0400,516.85498046875,516.97998046875,516.5700073242188,516.9000244140625,32217
2026-08-28 12:45:00-0400,517.3499755859375,517.4099731445312,516.8300170898438,516.8699951171875,39739
2026-08-28 12:46:00-0400,517.27001953125,517.469970703125,517.27001953125,517.3101196289062,48825
2026-08-28 12:47:00-0400,517.35498046875,517.3800048828125,517.0700073242188,517.2507934570312,28116
2026-08-28 12:48:00-0400,517.1799926757812,517.3900146484375,517.0399780273438,517.35498046875,31004
2026-08-28 12:49:00-0400,516.7391967773438,517.2468872070312,516.6699829101562,517.1599731445312,24777
2026-08-28 12:50:00-0400,516.5,516.989990234375,516.5,516.7849731445312,28656
2026-08-28 12:51:00-0400,516.47998046875,516.75,516.2650146484375,516.530029296875,35517
2026-08-28 12:52:00-0400,516.719970703125,516.739990234375,516.4401245117188,516.510009765625,20382
2026-08-28 12:53:00-0400,516.6798706054688,516.8800048828125,516.5401000976562,516.6849975585938,30337
2026-08-28 12:54:00-0400,516.4874877929688,516.8519897460938,516.2899780273438,516.5800170898438,37517
2026-08-28 12:55:00-0400,516.6099853515625,516.6199951171875,516.3200073242188,516.5,23837
2026-08-28 12:56:00-0400,516.719970703125,516.7999877929688,516.4901123046875,516.5800170898438,26405
2026-08-28 12:57:00-0400,517.4099731445312,517.4498901367188,516.7000122070312,516.760009765625,38411
2026-08-28 12:58:00-0400,517.3099975585938,517.4099731445312,517.02001953125,517.4099731445312,57529
2026-08-28 12:59:00-0400,516.8900146484375,517.3150024414062,516.885009765625,517.280029296875,42515
2026-08-28 13:00:00-0400,516.0202026367188,516.97998046875,515.9500122070312,516.8200073242188,56195
2026-08-28 13:01:00-0400,516.1199951171875,516.280029296875,515.8200073242188,516.0380249023438,33153
2026-08-28 13:02:00-0400,516.4400024414062,516.47998046875,515.8599853515625,516.0800170898438,37310
2026-08-28 13:03:00-0400,516.635009765625,516.8900146484375,516.4542846679688,516.5,25895
2026-08-28 13:04:00-0400,516.3400268554688,516.7000122070312,516.2000122070312,516.635009765625,29148
2026-08-28 13:05:00-0400,516.4400024414062,516.5700073242188,516.10498046875,516.22998046875,24106
2026-08-28 13:06:00-0400,516.10498046875,516.5499877929688,516.0,516.2949829101562,39161
2026-08-28 13:07:00-0400,516.0449829101562,516.2899169921875,515.989990234375,516.0499877929688,26430
2026-08-28 13:08:00-0400,516.2999877929688,516.3599243164062,515.77001953125,516.0399780273438,38973
2026-08-28 13:09:00-0400,516.2999877929688,516.5499877929688,516.239990234375,516.2999877929688,39753
2026-08-28 13:10:00-0400,516.6849975585938,516.7000122070312,516.2999877929688,516.35498046875,21740
2026-08-28 13:11:00-0400,517.2150268554688,517.4299926757812,516.6710205078125,516.72998046875,45648
2026-08-28 13:12:00-0400,517.030029296875,517.4400024414062,516.989990234375,517.2150268554688,46267
2026-08-28 13:13:00-0400,517.344970703125,517.3699951171875,517.0,517.0999755859375,35497
2026-08-28 13:14:00-0400,517.4550170898438,517.47998046875,517.27001953125,517.2899780273438,46724
2026-08-28 13:15:00-0400,517.2254028320312,517.4600219726562,517.1099853515625,517.4550170898438,32539
2026-08-28 13:16:00-0400,517.0150146484375,517.239990234375,516.9299926757812,517.239990234375,28229
2026-08-28 13:17:00-0400,517.0999755859375,517.1998901367188,516.9801025390625,517.0700073242188,20930
2026-08-28 13:18:00-0400,516.6400146484375,517.1099853515625,516.5700073242188,517.0999755859375,24118
2026-08-28 13:19:00-0400,516.72998046875,516.864990234375,516.6400146484375,516.6500244140625,28531
2026-08-28 13:20:00-0400,516.864990234375,517.3200073242188,516.6300048828125,516.77001953125,46389
2026-08-28 13:21:00-0400,517.0250244140625,517.0499877929688,516.77001953125,516.864990234375,24517
2026-08-28 13:22:00-0400,516.9000244140625,517.1699829101562,516.8200073242188,517.0250244140625,55727
2026-08-28 13:23:00-0400,516.4400024414062,517.2550048828125,516.4024047851562,516.8980102539062,31851
2026-08-28 13:24:00-0400,516.9400024414062,516.9400024414062,516.4299926757812,516.4299926757812,31215
2026-08-28 13:25:00-0400,516.9600219726562,517.0800170898438,516.9199829101562,516.989990234375,26392
2026-08-28 13:26:00-0400,517.0800170898438,517.1099853515625,516.7899780273438,517.0,25903
2026-08-28 13:27:00-0400,517.280029296875,517.3499755859375,516.97998046875,517.0250244140625,33128
2026-08-28 13:28:00-0400,517.4285278320312,517.72998046875,517.22998046875,517.260009765625,95418
2026-08-28 13:29:00-0400,517.1599731445312,517.6199951171875,517.0999755859375,517.4249877929688,42950
2026-08-28 13:30:00-0400,516.8099975585938,517.3400268554688,516.7999877929688,517.1300048828125,41189
2026-08-28 13:31:00-0400,517.1099853515625,517.1500244140625,516.7800903320312,516.8099975585938,17323
2026-08-28 13:32:00-0400,516.97998046875,517.1400146484375,516.9249877929688,517.0900268554688,26638
2026-08-28 13:33:00-0400,517.35498046875,517.3665161132812,516.9500122070312,517.0250244140625,34784
2026-08-28 13:34:00-0400,517.530029296875,517.5999755859375,517.2899780273438,517.35498046875,57776
2026-08-28 13:35:00-0400,517.4099731445312,517.5900268554688,517.3699951171875,517.5350952148438,34983
2026-08-28 13:36:00-0400,517.3599853515625,517.4400024414062,517.1599731445312,517.4099731445312,43975
2026-08-28 13:37:00-0400,517.02001953125,517.489990234375,516.9500732421875,517.3599853515625,38801
2026-08-28 13:38:00-0400,517.030029296875,517.25,516.97998046875,517.010009765625,23829
2026-08-28 13:39:00-0400,516.7100219726562,517.2299194335938,516.7000122070312,517.0449829101562,53889
2026-08-28 13:40:00-0400,516.4949951171875,516.7420043945312,516.3699951171875,516.6799926757812,33449
2026-08-28 13:41:00-0400,516.5599975585938,516.6799926757812,516.4249877929688,516.4796752929688,25473
2026-08-28 13:42:00-0400,516.6395874023438,516.72998046875,516.4500122070312,516.614990234375,28569
2026-08-28 13:43:00-0400,516.1900024414062,516.6400146484375,516.1199951171875,516.635009765625,32453
2026-08-28 13:44:00-0400,515.6699829101562,516.239990234375,515.5020141601562,516.2249755859375,52950
2026-08-28 13:45:00-0400,515.5,515.7050170898438,515.22998046875,515.6599731445312,58821
2026-08-28 13:46:00-0400,515.8900146484375,516.1439819335938,515.4099731445312,515.5,69019
2026-08-28 13:47:00-0400,515.7249755859375,516.1300048828125,515.719970703125,515.8900146484375,39642
2026-08-28 13:48:00-0400,516.2800903320312,516.3900146484375,515.7437744140625,515.77001953125,67123
2026-08-28 13:49:00-0400,516.25,516.4600219726562,516.243408203125,516.3350219726562,28077
2026-08-28 13:50:00-0400,516.1199951171875,516.3099975585938,516.0700073242188,516.25,24188
2026-08-28 13:51:00-0400,516.155029296875,516.25,516.0499877929688,516.0999755859375,27189
2026-08-28 13:52:00-0400,516.15087890625,516.3599853515625,516.1500244140625,516.1500244140625,25453
2026-08-28 13:53:00-0400,516.3200073242188,516.3400268554688,516.1300048828125,516.1900024414062,17077
2026-08-28 13:54:00-0400,516.1699829101562,516.4000244140625,516.0999755859375,516.3499755859375,26341
2026-08-28 13:55:00-0400,515.780029296875,516.1699829101562,515.6900024414062,516.0999755859375,29185
2026-08-28 13:56:00-0400,515.7000122070312,515.89990234375,515.6900024414062,515.7000122070312,25969
2026-08-28 13:57:00-0400,515.594970703125,515.72998046875,515.4500122070312,515.7100219726562,32094
2026-08-28 13:58:00-0400,515.8900146484375,515.9299926757812,515.530029296875,515.5599975585938,37671
2026-08-28 13:59:00-0400,515.8699951171875,515.8900146484375,515.7000732421875,515.8900146484375,23327
2026-08-28 14:00:00-0400,515.8400268554688,516.0999755859375,515.7999877929688,515.8499755859375,29600
2026-08-28 14:01:00-0400,515.8300170898438,515.907470703125,515.7100219726562,515.864990234375,17862
2026-08-28 14:02:00-0400,515.9199829101562,515.97998046875,515.7000122070312,515.8300170898438,25804
2026-08-28 14:03:00-0400,515.8699951171875,516.1500244140625,515.809326171875,515.8800048828125,41913
2026-08-28 14:04:00-0400,515.8250122070312,516.3300170898438,515.7999877929688,515.905029296875,65369
2026-08-28 14:05:00-0400,515.6400146484375,515.8400268554688,515.5399780273438,515.780029296875,27091
2026-08-28 14:06:00-0400,515.1799926757812,515.6500244140625,515.1506958007812,515.6400146484375,35959
2026-08-28 14:07:00-0400,515.2999267578125,515.5700073242188,515.1500244140625,515.2045288085938,58625
2026-08-28 14:08:00-0400,515.114990234375,515.2899169921875,515.0599975585938,515.2349853515625,22316
2026-08-28 14:09:00-0400,515.22998046875,515.2899780273438,515.0701293945312,515.0701293945312,35464
2026-08-28 14:10:00-0400,515.4000244140625,515.4099731445312,515.2100219726562,515.22998046875,23034
2026-08-28 14:11:00-0400,515.2100219726562,515.478271484375,515.110107421875,515.4099731445312,25628
2026-08-28 14:12:00-0400,515.3900146484375,515.5499877929688,515.1799926757812,515.2050170898438,46280
2026-08-28 14:13:00-0400,514.9550170898438,515.47998046875,514.780029296875,515.3250122070312,73140
2026-08-28 14:14:00-0400,514.89501953125,515.1300048828125,514.8200073242188,514.8699951171875,28681
2026-08-28 14:15:00-0400,515.0999755859375,515.1599731445312,514.8300170898438,514.8900146484375,22096
2026-08-28 14:16:00-0400,514.8300170898438,515.0999755859375,514.7999877929688,515.0499877929688,17618
2026-08-28 14:17:00-0400,514.89501953125,515.0399780273438,514.8200073242188,514.8599853515625,22954
2026-08-28 14:18:00-0400,514.625,515.0,514.5700073242188,514.8828125,27467
2026-08-28 14:19:00-0400,514.760009765625,514.864990234375,514.6400146484375,514.64501953125,22408
2026-08-28 14:20:00-0400,514.8734741210938,514.9600219726562,514.75,514.7650146484375,64668
2026-08-28 14:21:00-0400,515.135009765625,515.2000122070312,514.8599853515625,514.905029296875,32062
2026-08-28 14:22:00-0400,515.02001953125,515.1799926757812,514.8900146484375,515.15869140625,26118
2026-08-28 14:23:00-0400,514.7100219726562,515.0,514.385009765625,515.0,73613
2026-08-28 14:24:00-0400,514.8099975585938,514.9000244140625,514.5549926757812,514.655029296875,31086
2026-08-28 14:25:00-0400,514.9400024414062,515.1799926757812,514.6599731445312,514.8400268554688,40495
2026-08-28 14:26:00-0400,515.35498046875,515.4299926757812,514.9400024414062,514.9400024414062,34556
2026-08-28 14:27:00-0400,515.2050170898438,515.5650024414062,515.1599731445312,515.3499755859375,39366
2026-08-28 14:28:00-0400,515.0449829101562,515.2799072265625,514.9401245117188,515.2050170898438,33401
2026-08-28 14:29:00-0400,514.7249755859375,515.0999755859375,514.6500244140625,515.0449829101562,32776
2026-08-28 14:30:00-0400,514.4398803710938,514.8400268554688,514.401611328125,514.7249755859375,31390
2026-08-28 14:31:00-0400,514.6599731445312,514.6900024414062,514.25,514.3800048828125,38062
2026-08-28 14:32:00-0400,514.5599975585938,514.7650146484375,514.4299926757812,514.6201171875,25596
2026-08-28 14:33:00-0400,514.655029296875,514.7498779296875,514.4700927734375,514.5399780273438,28867
2026-08-28 14:34:00-0400,514.9400024414062,515.0549926757812,514.655029296875,514.655029296875,40701
2026-08-28 14:35:00-0400,515.0499877929688,515.22998046875,514.9299926757812,514.9650268554688,106791
2026-08-28 14:36:00-0400,514.635009765625,515.0499877929688,514.6300048828125,515.0499877929688,30676
2026-08-28 14:37:00-0400,514.7100219726562,514.8900146484375,514.5900268554688,514.635009765625,47257
2026-08-28 14:38:00-0400,514.6699829101562,514.760009765625,514.4600219726562,514.60498046875,29952
2026-08-28 14:39:00-0400,514.780029296875,514.8800048828125,514.6400146484375,514.6849975585938,25130
2026-08-28 14:40:00-0400,514.8599853515625,514.97998046875,514.7050170898438,514.780029296875,27755
2026-08-28 14:41:00-0400,514.5800170898438,514.8699951171875,514.5499877929688,514.8350219726562,20073
2026-08-28 14:42:00-0400,514.72998046875,514.8233032226562,514.5401000976562,514.5941772460938,21529
2026-08-28 14:43:00-0400,514.760009765625,514.8300170898438,514.5599975585938,514.72998046875,530701
2026-08-28 14:44:00-0400,514.9400024414062,515.0599975585938,514.6400146484375,514.77001953125,44363
2026-08-28 14:45:00-0400,514.7650146484375,515.0399780273438,514.72998046875,514.969970703125,46130
2026-08-28 14:46:00-0400,514.5800170898438,514.9500122070312,514.4849853515625,514.740478515625,54295
2026-08-28 14:47:00-0400,514.580078125,515.0,514.469970703125,514.5571899414062,46185
2026-08-28 14:48:00-0400,514.5238037109375,514.9000244140625,514.5238037109375,514.6649780273438,20879
2026-08-28 14:49:00-0400,514.6300048828125,514.780029296875,514.5,514.5250244140625,19478
2026-08-28 14:50:00-0400,514.219970703125,514.6900024414062,514.219970703125,514.625,32996
2026-08-28 14:51:00-0400,514.3200073242188,514.4450073242188,514.1300048828125,514.219970703125,38853
2026-08-28 14:52:00-0400,514.27001953125,514.5800170898438,514.22998046875,514.322021484375,29287
2026-08-28 14:53:00-0400,514.6699829101562,514.7000122070312,514.239990234375,514.280029296875,50052
2026-08-28 14:54:00-0400,514.5449829101562,514.780029296875,514.5,514.7000122070312,38136
2026-08-28 14:55:00-0400,514.469970703125,514.5999755859375,514.310791015625,514.5449829101562,29221
2026-08-28 14:56:00-0400,514.4500122070312,514.5698852539062,514.3300170898438,514.469970703125,28218
2026-08-28 14:57:00-0400,514.3300170898438,514.5399780273438,514.1201171875,514.4500122070312,36332
2026-08-28 14:58:00-0400,514.3499755859375,514.4099731445312,514.239990234375,514.3150024414062,22805
2026-08-28 14:59:00-0400,513.864990234375,514.4199829101562,513.8200073242188,514.3800048828125,44740
2026-08-28 15:00:00-0400,513.5499877929688,514.0599975585938,513.489990234375,513.8200073242188,68947
2026-08-28 15:01:00-0400,513.9500122070312,513.9500122070312,513.5200805664062,513.5900268554688,50837
2026-08-28 15:02:00-0400,513.8300170898438,514.2899780273438,513.8300170898438,513.9500122070312,41114
2026-08-28 15:03:00-0400,513.9000244140625,513.9287719726562,513.5,513.8599853515625,47349
2026-08-28 15:04:00-0400,514.3400268554688,514.4199829101562,513.8599853515625,513.8599853515625,49751
2026-08-28 15:05:00-0400,514.3499755859375,514.6699829101562,514.3200073242188,514.3400268554688,54687
2026-08-28 15:06:00-0400,514.0999755859375,514.4500122070312,514.010009765625,514.3300170898438,38605
2026-08-28 15:07:00-0400,514.3499755859375,514.3499755859375,513.9920043945312,514.1599731445312,20105
2026-08-28 15:08:00-0400,514.14501953125,514.3499755859375,514.0800170898438,514.3049926757812,18661
2026-08-28 15:09:00-0400,514.52001953125,514.5900268554688,513.9931030273438,514.0800170898438,22845
2026-08-28 15:10:00-0400,514.47998046875,514.5599975585938,514.2100219726562,514.4852905273438,28601
2026-08-28 15:11:00-0400,514.3900146484375,514.52001953125,514.3016967773438,514.447509765625,25658
2026-08-28 15:12:00-0400,514.625,514.7000122070312,514.405029296875,514.4199829101562,34437
2026-08-28 15:13:00-0400,514.260009765625,514.780029296875,514.2000122070312,514.6799926757812,47870
2026-08-28 15:14:00-0400,514.3699951171875,514.4099731445312,514.0,514.280029296875,42178
2026-08-28 15:15:00-0400,514.0800170898438,514.4199829101562,513.9301147460938,514.385009765625,39149
2026-08-28 15:16:00-0400,514.25,514.25,514.02001953125,514.0700073242188,28834
2026-08-28 15:17:00-0400,513.9500122070312,514.27001953125,513.8900146484375,514.22998046875,21554
2026-08-28 15:18:00-0400,513.8300170898438,514.1500244140625,513.7949829101562,513.9439697265625,34428
2026-08-28 15:19:00-0400,513.969970703125,514.0549926757812,513.7949829101562,513.7949829101562,32411
2026-08-28 15:20:00-0400,513.9299926757812,514.260009765625,513.7700805664062,513.9749755859375,45175
2026-08-28 15:21:00-0400,513.9600219726562,514.0549926757812,513.8400268554688,513.989990234375,23505
2026-08-28 15:22:00-0400,513.7249755859375,514.02001953125,513.6799926757812,513.969970703125,29362
2026-08-28 15:23:00-0400,513.3800048828125,513.9299926757812,513.3800048828125,513.6799926757812,36047
2026-08-28 15:24:00-0400,513.27001953125,513.469970703125,513.2100219726562,513.39990234375,38680
2026-08-28 15:25:00-0400,513.4099731445312,513.5999755859375,513.239990234375,513.2999267578125,34206
2026-08-28 15:26:00-0400,513.25,513.4349975585938,513.1500244140625,513.4349975585938,42957
2026-08-28 15:27:00-0400,513.3699951171875,513.4650268554688,513.2249755859375,513.3099975585938,33597
2026-08-28 15:28:00-0400,513.1599731445312,513.4450073242188,513.0999755859375,513.375,52733
2026-08-28 15:29:00-0400,513.2899780273438,513.3900146484375,512.9000244140625,513.1099853515625,50707
2026-08-28 15:30:00-0400,513.1799926757812,513.3300170898438,513.1300048828125,513.2901000976562,57775
2026-08-28 15:31:00-0400,513.0399780273438,513.280029296875,512.9099731445312,513.1500244140625,79496
2026-08-28 15:32:00-0400,513.0599975585938,513.1599731445312,512.8499755859375,513.0650024414062,42467
2026-08-28 15:33:00-0400,513.1431884765625,513.2999267578125,513.0,513.1099853515625,44584
2026-08-28 15:34:00-0400,513.22998046875,513.2675170898438,513.0599975585938,513.1199951171875,33110
2026-08-28 15:35:00-0400,513.3300170898438,513.469970703125,513.219970703125,513.2550048828125,39694
2026-08-28 15:36:00-0400,513.6099853515625,513.7506713867188,513.260009765625,513.35498046875,37335
2026-08-28 15:37:00-0400,513.9199829101562,513.9199829101562,513.530029296875,513.6099853515625,29918
2026-08-28 15:38:00-0400,513.719970703125,513.97900390625,513.5200805664062,513.9199829101562,34615
2026-08-28 15:39:00-0400,513.9639892578125,513.9639892578125,513.5999755859375,513.6699829101562,25860
2026-08-28 15:40:00-0400,514.135009765625,514.2100219726562,513.8900146484375,513.9400024414062,50637
2026-08-28 15:41:00-0400,514.0100708007812,514.2100219726562,513.9500732421875,514.135009765625,36012
2026-08-28 15:42:00-0400,514.125,514.1300048828125,513.760009765625,514.02880859375,88931
2026-08-28 15:43:00-0400,514.489990234375,514.510009765625,514.010009765625,514.1500244140625,64244
2026-08-28 15:44:00-0400,513.9600219726562,514.5599975585938,513.8599853515625,514.52001953125,121965
2026-08-28 15:45:00-0400,513.6099853515625,513.9749755859375,513.3211059570312,513.9199829101562,283448
2026-08-28 15:46:00-0400,513.6799926757812,513.72998046875,513.3499755859375,513.6199951171875,56982
2026-08-28 15:47:00-0400,513.2899780273438,513.7150268554688,513.27001953125,513.6400146484375,49816
2026-08-28 15:48:00-0400,513.131591796875,513.3200073242188,513.0650024414062,513.2899780273438,39763
2026-08-28 15:49:00-0400,513.3350219726562,513.3599853515625,513.010009765625,513.1300048828125,47837
2026-08-28 15:50:00-0400,514.2100219726562,514.3200073242188,513.3599853515625,513.3599853515625,111627
2026-08-28 15:51:00-0400,513.625,514.3900146484375,513.6199951171875,514.2100219726562,99535
2026-08-28 15:52:00-0400,513.5999755859375,513.760009765625,513.3200073242188,513.6699829101562,787766
2026-08-28 15:53:00-0400,513.510009765625,513.6795043945312,513.219970703125,513.6599731445312,72962
2026-08-28 15:54:00-0400,513.4400024414062,513.6599731445312,512.5,513.52001953125,127654
2026-08-28 15:55:00-0400,514.0350952148438,514.4349975585938,513.4400024414062,513.4400024414062,157790
2026-08-28 15:56:00-0400,514.2000122070312,514.2000122070312,513.780029296875,514.0349731445312,839824
2026-08-28 15:57:00-0400,513.6099853515625,514.239990234375,513.4550170898438,514.2000122070312,160425
2026-08-28 15:58:00-0400,513.6400146484375,513.7550048828125,513.4815063476562,513.625,178651
2026-08-28 15:59:00-0400,513.6699829101562,513.9400024414062,513.280029296875,513.6400146484375,542594
2026-08-31 09:30:00-0400,509.10009765625,511.44500732421875,508.31500244140625,510.32501220703125,1699529
2026-08-31 09:31:00-0400,508.56500244140625,510.8699951171875,507.9599914550781,509.32000732421875,91483
2026-08-31 09:32:00-0400,508.19500732421875,509.05499267578125,507.30999755859375,508.67999267578125,95925
2026-08-31 09:33:00-0400,509.5,509.760009765625,508.03009033203125,508.2699890136719,64544
2026-08-31 09:34:00-0400,510.54998779296875,511.67999267578125,509.30999755859375,509.5299987792969,78704
2026-08-31 09:35:00-0400,508.88800048828125,510.6799011230469,508.4949951171875,510.5350036621094,93327
2026-08-31 09:36:00-0400,509.3900146484375,509.5,508.0,508.9100036621094,50777
2026-08-31 09:37:00-0400,509.42999267578125,509.7900085449219,508.831787109375,509.3450012207031,32941
2026-08-31 09:38:00-0400,509.8500061035156,509.9100036621094,509.110107421875,509.3299865722656,44585
2026-08-31 09:39:00-0400,510.3902893066406,510.489990234375,509.7900085449219,509.7900085449219,44529
2026-08-31 09:40:00-0400,509.7349853515625,510.7049865722656,509.56201171875,510.3500061035156,63799
2026-08-31 09:41:00-0400,509.55499267578125,510.2439880371094,509.4100036621094,509.7349853515625,35247
2026-08-31 09:42:00-0400,509.875,510.1400146484375,509.4700012207031,509.6600036621094,40495
2026-08-31 09:43:00-0400,509.32000732421875,510.30999755859375,509.25,509.864990234375,29984
2026-08-31 09:44:00-0400,509.2850036621094,509.989990234375,509.2099914550781,509.29998779296875,30874
2026-08-31 09:45:00-0400,509.7550048828125,509.875,508.7500915527344,509.2699890136719,57055
2026-08-31 09:46:00-0400,509.2250061035156,510.1700134277344,508.91339111328125,509.7149963378906,36667
2026-08-31 09:47:00-0400,509.5849914550781,510.25,508.8299865722656,509.1499938964844,86357
2026-08-31 09:48:00-0400,509.60540771484375,509.8500061035156,509.3900146484375,509.6000061035156,39822
2026-08-31 09:49:00-0400,510.81500244140625,511.0799865722656,509.6549987792969,509.6549987792969,62517
2026-08-31 09:50:00-0400,510.2200012207031,510.9100036621094,510.0085144042969,510.7699890136719,42796
2026-08-31 09:51:00-0400,509.81500244140625,510.3299865722656,509.5,510.20001220703125,51803
2026-08-31 09:52:00-0400,509.5249938964844,510.010009765625,508.8305969238281,509.8599853515625,55196
2026-08-31 09:53:00-0400,509.8901062011719,510.0899963378906,509.1400146484375,509.5249938964844,41888
2026-08-31 09:54:00-0400,510.6300048828125,510.739990234375,509.989990234375,510.04998779296875,46287
2026-08-31 09:55:00-0400,510.1400146484375,510.6400146484375,509.94189453125,510.6300048828125,38443
2026-08-31 09:56:00-0400,510.17999267578125,510.2749938964844,509.6700134277344,510.114990234375,37818
2026-08-31 09:57:00-0400,509.6899108886719,510.19000244140625,509.04998779296875,510.1700134277344,47572
2026-08-31 09:58:00-0400,508.92999267578125,509.614990234375,508.4815979003906,509.614990234375,55886
2026-08-31 09:59:00-0400,508.9049987792969,509.25,508.67999267578125,508.92999267578125,56177
2026-08-31 10:00:00-0400,508.57000732421875,509.19000244140625,508.51019287109375,508.9700012207031,58149
2026-08-31 10:01:00-0400,508.4150085449219,508.8699951171875,508.010009765625,508.6449890136719,27881
2026-08-31 10:02:00-0400,508.1650085449219,508.55999755859375,508.010009765625,508.4200134277344,46528
2026-08-31 10:03:00-0400,508.3700866699219,508.94000244140625,508.1099853515625,508.239990234375,30693
2026-08-31 10:04:00-0400,507.8056945800781,508.6400146484375,507.739990234375,508.49639892578125,53000
2026-08-31 10:05:00-0400,507.8999938964844,508.0050048828125,507.510009765625,507.75,54762
2026-08-31 10:06:00-0400,507.9599914550781,508.30499267578125,507.9070129394531,508.07000732421875,35001
2026-08-31 10:07:00-0400,507.9649963378906,508.1099853515625,507.8999938964844,508.010009765625,24231
2026-08-31 10:08:00-0400,508.3999938964844,508.3999938964844,507.8999938964844,507.9100036621094,27588
2026-08-31 10:09:00-0400,507.9100036621094,508.6199951171875,507.79998779296875,508.5,17839
2026-08-31 10:10:00-0400,507.7749938964844,508.05999755859375,507.57501220703125,507.90008544921875,29621
2026-08-31 10:11:00-0400,508.16558837890625,508.239990234375,507.6099853515625,507.7300109863281,22954
2026-08-31 10:12:00-0400,507.6000061035156,508.17999267578125,507.54998779296875,508.0799865722656,35036
2026-08-31 10:13:00-0400,508.1202087402344,508.1289978027344,507.43499755859375,507.6499938964844,37441
2026-08-31 10:14:00-0400,508.0849914550781,508.3699951171875,508.0,508.1199951171875,26620
2026-08-31 10:15:00-0400,507.8851013183594,508.47900390625,507.8299865722656,508.0849914550781,53078
2026-08-31 10:16:00-0400,507.6300048828125,507.9100036621094,507.3599853515625,507.8900146484375,28728
2026-08-31 10:17:00-0400,507.885009765625,507.9800109863281,507.6000061035156,507.6400146484375,13135
2026-08-31 10:18:00-0400,508.18499755859375,508.25,507.67498779296875,507.7401123046875,17869
2026-08-31 10:19:00-0400,508.32501220703125,508.3599853515625,507.9700012207031,508.18499755859375,17866
2026-08-31 10:20:00-0400,508.0799865722656,508.55999755859375,508.0,508.3349914550781,98349
2026-08-31 10:21:00-0400,508.7449951171875,508.79998779296875,508.010009765625,508.19000244140625,24333
2026-08-31 10:22:00-0400,508.3450012207031,509.0899963378906,508.3450012207031,508.8900146484375,36686
2026-08-31 10:23:00-0400,508.8949890136719,508.8949890136719,508.2200927734375,508.3599853515625,162728
2026-08-31 10:24:00-0400,509.2250061035156,509.29998779296875,508.7799987792969,508.89990234375,28539
2026-08-31 10:25:00-0400,508.9549865722656,509.2900085449219,508.81500244140625,509.2250061035156,54516
2026-08-31 10:26:00-0400,509.1300048828125,509.4599914550781,508.989990234375,509.0400085449219,23106
2026-08-31 10:27:00-0400,509.1300048828125,509.42999267578125,508.92999267578125,509.17999267578125,25800
2026-08-31 10:28:00-0400,509.0799865722656,509.5,508.9750061035156,509.2300109863281,28146
2026-08-31 10:29:00-0400,509.3699951171875,509.3799133300781,508.8804931640625,509.0799865722656,22333
2026-08-31 10:30:00-0400,509.6300048828125,509.7698974609375,509.07000732421875,509.30999755859375,19504
2026-08-31 10:31:00-0400,509.3550109863281,509.7699890136719,509.20001220703125,509.635009765625,18260
2026-08-31 10:32:00-0400,509.0199890136719,509.45001220703125,508.8900146484375,509.45001220703125,26184
2026-08-31 10:33:00-0400,509.17498779296875,509.2799987792969,508.9200134277344,509.0,33152
2026-08-31 10:34:00-0400,509.0849914550781,509.2699890136719,508.92999267578125,509.17999267578125,31888
2026-08-31 10:35:00-0400,509.0249938964844,509.1499938964844,508.7300109863281,509.1499938964844,43546
2026-08-31 10:36:00-0400,509.1300048828125,509.2300109863281,508.8901062011719,509.05999755859375,15511
2026-08-31 10:37:00-0400,509.07000732421875,509.260009765625,509.05999755859375,509.20001220703125,18801
2026-08-31 10:38:00-0400,509.3800048828125,509.45001220703125,509.0950012207031,509.1000061035156,24535
2026-08-31 10:39:00-0400,509.39239501953125,509.4599914550781,509.15008544921875,509.3800048828125,18071
2026-08-31 10:40:00-0400,509.3280944824219,509.4599914550781,509.1099853515625,509.3999938964844,12181
2026-08-31 10:41:00-0400,509.510009765625,509.7200012207031,509.2449951171875,509.2449951171875,27527
2026-08-31 10:42:00-0400,509.4800109863281,509.7099914550781,509.3900146484375,509.7099914550781,18817
2026-08-31 10:43:00-0400,509.5450134277344,509.6946105957031,509.44000244140625,509.44000244140625,10211
2026-08-31 10:44:00-0400,509.4385986328125,509.5285949707031,509.0700988769531,509.4700012207031,8749
2026-08-31 10:45:00-0400,509.1942138671875,509.45001220703125,509.15008544921875,509.4049987792969,13296
2026-08-31 10:46:00-0400,509.44000244140625,509.55999755859375,509.17999267578125,509.25299072265625,40039
2026-08-31 10:47:00-0400,509.510009765625,509.55999755859375,509.2049865722656,509.44500732421875,13267
2026-08-31 10:48:00-0400,509.55999755859375,509.75,509.4049987792969,509.5,28008
2026-08-31 10:49:00-0400,509.3299865722656,509.6698913574219,509.260009765625,509.5199890136719,18897
2026-08-31 10:50:00-0400,509.42498779296875,509.5400085449219,509.1200866699219,509.3800048828125,18632
2026-08-31 10:51:00-0400,509.69500732421875,509.75,509.364990234375,509.4599914550781,12972
2026-08-31 10:52:00-0400,509.6499938964844,509.80999755859375,509.5799865722656,509.75,21294
2026-08-31 10:53:00-0400,509.92498779296875,509.9494934082031,509.6449890136719,509.6499938964844,24711
2026-08-31 10:54:00-0400,510.0899963378906,510.19000244140625,509.7405090332031,509.92498779296875,51541
2026-08-31 10:55:00-0400,509.8999938964844,510.1216125488281,509.760009765625,510.1216125488281,30923
2026-08-31 10:56:00-0400,510.1390075683594,510.14520263671875,509.80999755859375,509.8800048828125,21446
2026-08-31 10:57:00-0400,510.3999938964844,510.45001220703125,509.8894958496094,509.9800109863281,36023
2026-08-31 10:58:00-0400,510.3900146484375,510.5799865722656,510.3500061035156,510.5,39598
2026-08-31 10:59:00-0400,510.8800048828125,510.9800109863281,510.2900085449219,510.37921142578125,31384
2026-08-31 11:00:00-0400,511.3999938964844,511.5,510.4700012207031,510.8301086425781,66960
2026-08-31 11:01:00-0400,511.4150085449219,512.1900024414062,511.3699951171875,511.4049987792969,72584
2026-08-31 11:02:00-0400,511.1499938964844,511.45001220703125,510.8500061035156,511.45001220703125,164693
2026-08-31 11:03:00-0400,511.3949890136719,511.4200134277344,511.0,511.1300048828125,17412
2026-08-31 11:04:00-0400,511.07000732421875,511.6300048828125,510.9849853515625,511.44000244140625,30660
2026-08-31 11:05:00-0400,511.239990234375,511.2586975097656,510.9599914550781,511.04998779296875,32558
2026-08-31 11:06:00-0400,511.6036071777344,511.7499084472656,511.17999267578125,511.2699890136719,22777
2026-08-31 11:07:00-0400,511.7049865722656,511.739990234375,511.5350036621094,511.5950012207031,14450
2026-08-31 11:08:00-0400,511.5299987792969,511.79998779296875,511.4100036621094,511.739990234375,19936
2026-08-31 11:09:00-0400,511.8800048828125,511.9100036621094,511.5227966308594,511.5299987792969,26066
2026-08-31 11:10:00-0400,511.89990234375,511.92999267578125,511.5220947265625,511.8599853515625,18216
2026-08-31 11:11:00-0400,511.6983947753906,511.9198913574219,511.57000732421875,511.82501220703125,34813
2026-08-31 11:12:00-0400,511.44500732421875,511.7998962402344,511.364990234375,511.70001220703125,22682
2026-08-31 11:13:00-0400,510.6449890136719,511.54998779296875,510.3800048828125,511.489990234375,81054
2026-08-31 11:14:00-0400,511.18341064453125,511.20001220703125,510.56048583984375,510.7850036621094,44031
2026-08-31 11:15:00-0400,510.9100036621094,511.2449951171875,510.73919677734375,511.1700134277344,28968
2026-08-31 11:16:00-0400,510.5299987792969,511.0,510.4800109863281,510.8883972167969,20815
2026-08-31 11:17:00-0400,510.7950134277344,510.92999267578125,510.3399963378906,510.5350036621094,26746
2026-08-31 11:18:00-0400,511.4949951171875,511.54998779296875,510.7247009277344,510.7247009277344,26461
2026-08-31 11:19:00-0400,511.7987060546875,511.7987060546875,511.3699951171875,511.489990234375,61638
2026-08-31 11:20:00-0400,511.2799987792969,511.94000244140625,511.25079345703125,511.79998779296875,30082
2026-08-31 11:21:00-0400,511.1499938964844,511.519287109375,511.1449890136719,511.3800048828125,13802
2026-08-31 11:22:00-0400,511.114990234375,511.29998779296875,510.95001220703125,511.135009765625,40871
2026-08-31 11:23:00-0400,511.510009765625,511.55999755859375,510.989990234375,511.19000244140625,16831
2026-08-31 11:24:00-0400,511.5899963378906,511.6300048828125,511.29998779296875,511.5,20333
2026-08-31 11:25:00-0400,511.3550109863281,511.659912109375,511.29998779296875,511.54998779296875,20531
2026-08-31 11:26:00-0400,511.1377868652344,511.3996887207031,511.0299987792969,511.3550109863281,11982
2026-08-31 11:27:00-0400,510.9100036621094,511.20001220703125,510.510009765625,511.1549987792969,29863
2026-08-31 11:28:00-0400,510.5899963378906,511.0,510.5400085449219,510.9100036621094,20172
2026-08-31 11:29:00-0400,510.82000732421875,510.82000732421875,510.5199890136719,510.5199890136719,13380
2026-08-31 11:30:00-0400,510.3999938964844,510.8500061035156,510.2300109863281,510.8399963378906,60091
2026-08-31 11:31:00-0400,510.5299987792969,510.6600036621094,510.32000732421875,510.4898986816406,19075
2026-08-31 11:32:00-0400,510.0,510.5799865722656,510.0,510.489990234375,32856
2026-08-31 11:33:00-0400,510.3299865722656,510.42999267578125,509.9501037597656,510.18499755859375,21580
2026-08-31 11:34:00-0400,510.2300109863281,510.4100036621094,510.010009765625,510.3299865722656,26785
2026-08-31 11:35:00-0400,510.2001037597656,510.45001220703125,510.19000244140625,510.2300109863281,14551
2026-08-31 11:36:00-0400,510.7139892578125,510.7349853515625,510.1300964355469,510.1499938964844,34591
2026-08-31 11:37:00-0400,510.5050964355469,510.9100036621094,510.4501037597656,510.7139892578125,21154
2026-08-31 11:38:00-0400,510.48980712890625,510.70001220703125,510.29998779296875,510.54998779296875,17417
2026-08-31 11:39:00-0400,510.6199951171875,510.6199951171875,510.4743957519531,510.5199890136719,9803
2026-08-31 11:40:00-0400,510.7650146484375,510.81988525390625,510.6000061035156,510.6340026855469,7877
2026-08-31 11:41:00-0400,510.8500061035156,511.0299987792969,510.7099914550781,510.7650146484375,39894
2026-08-31 11:42:00-0400,511.1499938964844,511.1499938964844,510.7300109863281,510.8399963378906,12111
2026-08-31 11:43:00-0400,510.8800048828125,511.2699890136719,510.8800048828125,511.1499938964844,20059
2026-08-31 11:44:00-0400,511.0950012207031,511.1300048828125,510.8599853515625,511.0,20451
2026-08-31 11:45:00-0400,510.989990234375,511.0950012207031,510.8900146484375,511.0950012207031,15201
2026-08-31 11:46:00-0400,511.0,511.1600036621094,510.80999755859375,510.989990234375,13371
2026-08-31 11:47:00-0400,510.625,511.027587890625,510.57000732421875,511.0150146484375,40706
2026-08-31 11:48:00-0400,510.56500244140625,510.80450439453125,510.55999755859375,510.6199951171875,33073
2026-08-31 11:49:00-0400,510.54998779296875,510.6600036621094,510.30999755859375,510.57000732421875,25822
2026-08-31 11:50:00-0400,510.7550048828125,510.8500061035156,510.4601135253906,510.5006103515625,8180
2026-08-31 11:51:00-0400,510.8099060058594,510.80999755859375,510.5299987792969,510.7099914550781,29903
2026-08-31 11:52:00-0400,510.7250061035156,510.7349853515625,510.610107421875,510.70599365234375,11276
2026-08-31 11:53:00-0400,510.68499755859375,510.8299865722656,510.5899963378906,510.7250061035156,16212
2026-08-31 11:54:00-0400,510.7850036621094,510.8500061035156,510.6199951171875,510.6549987792969,12629
2026-08-31 11:55:00-0400,510.7900085449219,510.9399108886719,510.6499938964844,510.7900085449219,15658
2026-08-31 11:56:00-0400,510.1300048828125,510.8399963378906,510.07000732421875,510.75,33001
2026-08-31 11:57:00-0400,510.2650146484375,510.3500061035156,510.0199890136719,510.07000732421875,42750
2026-08-31 11:58:00-0400,510.2250061035156,510.3599853515625,510.10009765625,510.3599853515625,7076
2026-08-31 11:59:00-0400,509.9071044921875,510.2650146484375,509.79998779296875,510.2200012207031,29340
2026-08-31 12:00:00-0400,509.9599914550781,510.04998779296875,509.67730712890625,509.79998779296875,23606
2026-08-31 12:01:00-0400,509.8349914550781,509.9649963378906,509.7149963378906,509.9649963378906,16631
2026-08-31 12:02:00-0400,509.5,509.9100036621094,509.260009765625,509.8349914550781,46206
2026-08-31 12:03:00-0400,509.4549865722656,509.6000061035156,509.3699951171875,509.5350036621094,12271
2026-08-31 12:04:00-0400,509.29998779296875,509.53948974609375,509.2099914550781,509.46038818359375,14932
2026-08-31 12:05:00-0400,509.5799865722656,509.5799865722656,509.239990234375,509.29998779296875,23289
2026-08-31 12:06:00-0400,509.54998779296875,509.54998779296875,509.2900085449219,509.5400085449219,13257
2026-08-31 12:07:00-0400,509.5299987792969,509.6700134277344,509.510009765625,509.6199951171875,9619
2026-08-31 12:08:00-0400,509.8349914550781,509.8349914550781,509.4200134277344,509.6000061035156,17566
2026-08-31 12:09:00-0400,509.8500061035156,509.9097900390625,509.6700134277344,509.760009765625,11295
2026-08-31 12:10:00-0400,510.2250061035156,510.2900085449219,509.7699890136719,509.8399963378906,19670
2026-08-31 12:11:00-0400,510.44500732421875,510.5098876953125,510.1700134277344,510.2250061035156,12276
2026-08-31 12:12:00-0400,510.4150085449219,510.57000732421875,510.4100036621094,510.44500732421875,14454
2026-08-31 12:13:00-0400,510.260009765625,510.4599914550781,510.239990234375,510.4100036621094,13435
2026-08-31 12:14:00-0400,510.54998779296875,510.6099853515625,510.1600036621094,510.2384033203125,14263
2026-08-31 12:15:00-0400,510.43499755859375,510.6099853515625,510.3900146484375,510.6099853515625,6703
2026-08-31 12:16:00-0400,510.510009765625,510.5299987792969,510.3999938964844,510.4400939941406,13035
2026-08-31 12:17:00-0400,510.2349853515625,510.5199890136719,510.2063903808594,510.5199890136719,10349
2026-08-31 12:18:00-0400,510.3399963378906,510.3800048828125,510.17999267578125,510.2300109863281,10423
2026-08-31 12:19:00-0400,510.4599914550781,510.489501953125,510.2799987792969,510.3663024902344,12165
2026-08-31 12:20:00-0400,510.7300109863281,510.7300109863281,510.4700012207031,510.510009765625,12285
2026-08-31 12:21:00-0400,510.69000244140625,510.79998779296875,510.5201110839844,510.69000244140625,19964
2026-08-31 12:22:00-0400,510.5050048828125,510.6814880371094,510.4056091308594,510.64678955078125,13425
2026-08-31 12:23:00-0400,510.5400085449219,510.70001220703125,510.5199890136719,510.5249938964844,12527
2026-08-31 12:24:00-0400,510.5,510.6000061035156,510.4200134277344,510.55499267578125,10737
2026-08-31 12:25:00-0400,510.6099853515625,510.64990234375,510.45001220703125,510.5498962402344,6221
2026-08-31 12:26:00-0400,510.5150146484375,510.614990234375,510.489990234375,510.614990234375,19006
2026-08-31 12:27:00-0400,510.4150085449219,510.5400085449219,510.3599853515625,510.510009765625,19124
2026-08-31 12:28:00-0400,510.67950439453125,510.67999267578125,510.3800048828125,510.3800048828125,18097
2026-08-31 12:29:00-0400,510.60009765625,510.8599853515625,510.57000732421875,510.67999267578125,15581
2026-08-31 12:30:00-0400,510.4800109863281,510.6499938964844,510.4700012207031,510.6499938964844,19315
2026-08-31 12:31:00-0400,510.2200012207031,510.54998779296875,510.0799865722656,510.4750061035156,18648
2026-08-31 12:32:00-0400,509.6600036621094,510.20001220703125,509.6600036621094,510.1408996582031,21551
2026-08-31 12:33:00-0400,510.364990234375,510.364990234375,509.489990234375,509.7300109863281,33168
2026-08-31 12:34:00-0400,510.67999267578125,510.67999267578125,510.30010986328125,510.385009765625,19450
2026-08-31 12:35:00-0400,510.7799987792969,510.92999267578125,510.6600036621094,510.68011474609375,20251
2026-08-31 12:36:00-0400,510.67999267578125,510.80999755859375,510.6004943847656,510.80999755859375,10946
2026-08-31 12:37:00-0400,510.6400146484375,510.7300109863281,510.56201171875,510.68499755859375,7930
2026-08-31 12:38:00-0400,510.55499267578125,510.79949951171875,510.4849853515625,510.7099914550781,12148
2026-08-31 12:39:00-0400,510.1600036621094,510.55999755859375,510.05999755859375,510.55499267578125,37231
2026-08-31 12:40:00-0400,510.0360107421875,510.2398986816406,509.9800109863281,510.17999267578125,25521
2026-08-31 12:41:00-0400,510.6700134277344,510.70001220703125,509.9801025390625,510.0,54790
2026-08-31 12:42:00-0400,510.6199951171875,510.75,510.45001220703125,510.6700134277344,36806
2026-08-31 12:43:00-0400,510.67498779296875,510.7200012207031,510.590087890625,510.635009765625,8369
2026-08-31 12:44:00-0400,510.6199951171875,510.68499755859375,510.57000732421875,510.68499755859375,9096
2026-08-31 12:45:00-0400,510.54010009765625,510.6300048828125,510.5,510.6199951171875,7279
2026-08-31 12:46:00-0400,510.75,510.79998779296875,510.54998779296875,510.5509948730469,11994
2026-08-31 12:47:00-0400,510.69000244140625,510.8699951171875,510.69000244140625,510.7872009277344,5827
2026-08-31 12:48:00-0400,511.0799865722656,511.0799865722656,510.6199951171875,510.68499755859375,34497
2026-08-31 12:49:00-0400,510.9750061035156,511.09991455078125,510.94000244140625,511.0799865722656,23100
2026-08-31 12:50:00-0400,511.010009765625,511.0899963378906,510.8399963378906,510.94000244140625,16788
2026-08-31 12:51:00-0400,510.9100036621094,511.0450134277344,510.82000732421875,511.0010986328125,7983
2026-08-31 12:52:00-0400,511.5400085449219,511.6400146484375,510.8500061035156,510.9100036621094,45587
2026-08-31 12:53:00-0400,511.3450012207031,511.7300109863281,511.19000244140625,511.5400085449219,26928
2026-08-31 12:54:00-0400,511.239990234375,511.3800048828125,511.239990234375,511.3800048828125,16974
2026-08-31 12:55:00-0400,511.3699951171875,511.4399108886719,511.1600036621094,511.260009765625,53069
2026-08-31 12:56:00-0400,511.3599853515625,511.5375061035156,511.3599853515625,511.3800048828125,30366
2026-08-31 12:57:00-0400,511.4649963378906,511.5249938964844,511.3599853515625,511.3599853515625,12962
2026-08-31 12:58:00-0400,511.3900146484375,511.5,511.35009765625,511.4649963378906,10090
2026-08-31 12:59:00-0400,511.3900146484375,511.4599914550781,511.239990234375,511.3500061035156,35592
2026-08-31 13:00:00-0400,511.2099914550781,511.385009765625,511.1400146484375,511.385009765625,18094
2026-08-31 13:01:00-0400,511.2300109863281,511.239990234375,511.09161376953125,511.17999267578125,15954
2026-08-31 13:02:00-0400,511.2300109863281,511.3399963378906,511.17999267578125,511.2349853515625,13749
2026-08-31 13:03:00-0400,511.2401123046875,511.3399963378906,511.1700134277344,511.2300109863281,11933
2026-08-31 13:04:00-0400,511.07501220703125,511.2900085449219,511.0210876464844,511.2900085449219,37970
2026-08-31 13:05:00-0400,511.3599853515625,511.3999938964844,511.010009765625,511.06500244140625,22642
2026-08-31 13:06:00-0400,511.2123107910156,511.30999755859375,511.20001220703125,511.30999755859375,7786
2026-08-31 13:07:00-0400,511.1679992675781,511.2349853515625,511.0899963378906,511.2349853515625,12141
2026-08-31 13:08:00-0400,510.8699951171875,511.29998779296875,510.8275146484375,511.2099914550781,22269
2026-08-31 13:09:00-0400,511.010009765625,511.1300048828125,510.8699951171875,510.8999938964844,19052
2026-08-31 13:10:00-0400,511.260009765625,511.30999755859375,511.0,511.0461120605469,15775
2026-08-31 13:11:00-0400,511.3349914550781,511.36968994140625,511.1700134277344,511.29791259765625,15418
2026-08-31 13:12:00-0400,511.30499267578125,511.3800048828125,511.2200012207031,511.2900085449219,11805
2026-08-31 13:13:00-0400,511.0249938964844,511.4798889160156,511.0249938964844,511.29998779296875,26021
2026-08-31 13:14:00-0400,511.1549987792969,511.1650085449219,510.94000244140625,511.04998779296875,17978
2026-08-31 13:15:00-0400,511.42498779296875,511.5,511.05999755859375,511.1600036621094,34320
2026-08-31 13:16:00-0400,511.4119873046875,511.5050048828125,511.3500061035156,511.3999938964844,26258
2026-08-31 13:17:00-0400,511.260009765625,511.5,511.260009765625,511.385009765625,15256
2026-08-31 13:18:00-0400,511.2900085449219,511.44000244140625,511.2300109863281,511.260009765625,18227
2026-08-31 13:19:00-0400,511.42999267578125,511.45001220703125,511.2500915527344,511.3399963378906,10572
2026-08-31 13:20:00-0400,511.19000244140625,511.4200134277344,511.16009521484375,511.4200134277344,9551
2026-08-31 13:21:00-0400,510.9949951171875,511.2349853515625,510.94000244140625,511.2349853515625,12579
2026-08-31 13:22:00-0400,511.18499755859375,511.260009765625,510.9700012207031,511.0400085449219,21173
2026-08-31 13:23:00-0400,511.1600036621094,511.260009765625,511.1499938964844,511.1499938964844,13883
2026-08-31 13:24:00-0400,511.135009765625,511.2699890136719,511.1050109863281,511.2200012207031,10243
2026-08-31 13:25:00-0400,510.95001220703125,511.1966857910156,510.7099914550781,511.17498779296875,24665
2026-08-31 13:26:00-0400,510.8450012207031,510.9599914550781,510.80999755859375,510.8900146484375,21731
2026-08-31 13:27:00-0400,510.8999938964844,510.8999938964844,510.7699890136719,510.80499267578125,12999
2026-08-31 13:28:00-0400,510.55999755859375,510.989990234375,510.510009765625,510.8974914550781,32855
2026-08-31 13:29:00-0400,510.6799011230469,510.6799011230469,510.43011474609375,510.5815124511719,25026
2026-08-31 13:30:00-0400,510.4599914550781,510.7099914550781,510.32000732421875,510.6700134277344,22679
2026-08-31 13:31:00-0400,510.4205017089844,510.5450134277344,510.3299865722656,510.4700012207031,23628
2026-08-31 13:32:00-0400,510.2200012207031,510.45001220703125,510.1449890136719,510.3999938964844,17348
2026-08-31 13:33:00-0400,510.20001220703125,510.3399963378906,510.0400085449219,510.260009765625,21127
2026-08-31 13:34:00-0400,510.3399963378906,510.45001220703125,510.1700134277344,510.17498779296875,17127
2026-08-31 13:35:00-0400,510.4200134277344,510.4700012207031,510.2900085449219,510.3900146484375,14051
2026-08-31 13:36:00-0400,510.3599853515625,510.4200134277344,510.2300109863281,510.4200134277344,11990
2026-08-31 13:37:00-0400,510.41290283203125,510.489990234375,510.3599853515625,510.3599853515625,8553
2026-08-31 13:38:00-0400,510.42999267578125,510.4599914550781,510.3349914550781,510.4451904296875,10496
2026-08-31 13:39:00-0400,510.6300048828125,510.6300048828125,510.3999938964844,510.42498779296875,12184
2026-08-31 13:40:00-0400,510.7250061035156,510.7936096191406,510.5799865722656,510.5799865722656,14114
2026-08-31 13:41:00-0400,510.75,510.8299865722656,510.55999755859375,510.7250061035156,17485
2026-08-31 13:42:00-0400,510.57000732421875,510.7998962402344,510.5101013183594,510.739990234375,20019
2026-08-31 13:43:00-0400,510.57000732421875,510.6199951171875,510.5199890136719,510.5199890136719,7558
2026-08-31 13:44:00-0400,510.6099853515625,510.6650085449219,510.5299987792969,510.5849914550781,16755
2026-08-31 13:45:00-0400,510.6000061035156,510.7300109863281,510.57501220703125,510.625,12923
2026-08-31 13:46:00-0400,510.6199951171875,510.70001220703125,510.5799865722656,510.6400146484375,14968
2026-08-31 13:47:00-0400,510.67999267578125,510.7650146484375,510.6099853515625,510.6700134277344,11801
2026-08-31 13:48:00-0400,510.6700134277344,510.69000244140625,510.57000732421875,510.69000244140625,7828
2026-08-31 13:49:00-0400,510.7998962402344,510.80999755859375,510.68499755859375,510.68499755859375,14056
2026-08-31 13:50:00-0400,511.1199951171875,511.19000244140625,510.7701110839844,510.7701110839844,35962
2026-08-31 13:51:00-0400,511.1700134277344,511.239990234375,511.1000061035156,511.1199951171875,16351
2026-08-31 13:52:00-0400,511.04998779296875,511.20001220703125,511.0450134277344,511.1700134277344,21642
2026-08-31 13:53:00-0400,511.135009765625,511.1400146484375,511.0400085449219,511.0711975097656,13434
2026-08-31 13:54:00-0400,511.0849914550781,511.17999267578125,511.05999755859375,511.1499938964844,19458
2026-08-31 13:55:00-0400,511.0150146484375,511.1300048828125,510.9801025390625,511.0849914550781,38455
2026-08-31 13:56:00-0400,510.9800109863281,511.07000732421875,510.85699462890625,511.0199890136719,18092
2026-08-31 13:57:00-0400,510.9599914550781,511.0150146484375,510.8399963378906,510.9750061035156,18552
2026-08-31 13:58:00-0400,511.010009765625,511.1300048828125,510.93499755859375,510.9599914550781,13235
2026-08-31 13:59:00-0400,511.0199890136719,511.1050109863281,511.0,511.0,11120
2026-08-31 14:00:00-0400,510.6400146484375,511.0199890136719,510.5,511.0199890136719,52381
2026-08-31 14:01:00-0400,511.1400146484375,511.1499938964844,510.55999755859375,510.6499938964844,61116
2026-08-31 14:02:00-0400,511.2300109863281,511.2650146484375,511.0,511.1000061035156,17364
2026-08-31 14:03:00-0400,511.18499755859375,511.32501220703125,511.0101013183594,511.0101013183594,19673
2026-08-31 14:04:00-0400,511.2200012207031,511.3699951171875,511.1199951171875,511.1300048828125,43852
2026-08-31 14:05:00-0400,511.2300109863281,511.5,511.19000244140625,511.2200012207031,69034
2026-08-31 14:06:00-0400,511.239990234375,511.30999755859375,511.2040100097656,511.2799987792969,6631
2026-08-31 14:07:00-0400,511.0596008300781,511.25,511.0104064941406,511.2349853515625,16997
2026-08-31 14:08:00-0400,511.19000244140625,511.25,511.0799865722656,511.125,6854
2026-08-31 14:09:00-0400,511.20001220703125,511.3599853515625,511.20001220703125,511.2149963378906,12235
2026-08-31 14:10:00-0400,511.0899963378906,511.260009765625,511.04998779296875,511.2598876953125,14735
2026-08-31 14:11:00-0400,511.42498779296875,511.4800109863281,511.0799865722656,511.0799865722656,14766
2026-08-31 14:12:00-0400,511.5050048828125,511.54998779296875,511.3581848144531,511.42498779296875,17902
2026-08-31 14:13:00-0400,511.5899963378906,511.6549987792969,511.45001220703125,511.4599914550781,21669
2026-08-31 14:14:00-0400,511.6499938964844,511.7699890136719,511.5299987792969,511.6400146484375,22499
2026-08-31 14:15:00-0400,511.4599914550781,511.760009765625,511.44000244140625,511.71990966796875,65920
2026-08-31 14:16:00-0400,512.0650024414062,512.1900024414062,511.44500732421875,511.4549865722656,45861
2026-08-31 14:17:00-0400,511.7799987792969,512.1799926757812,511.739990234375,512.0650024414062,42396
2026-08-31 14:18:00-0400,511.864990234375,512.1400146484375,511.7200927734375,511.82000732421875,33322
2026-08-31 14:19:00-0400,511.8924865722656,512.0150146484375,511.80010986328125,511.864990234375,18749
2026-08-31 14:20:00-0400,511.7900085449219,512.0900268554688,511.7900085449219,511.9150085449219,22610
2026-08-31 14:21:00-0400,511.6499938964844,511.79998779296875,511.5899963378906,511.7900085449219,16261
2026-08-31 14:22:00-0400,511.2710876464844,511.739990234375,511.2699890136719,511.7099914550781,15389
2026-08-31 14:23:00-0400,511.56500244140625,511.6000061035156,511.29010009765625,511.3349914550781,17721
2026-08-31 14:24:00-0400,511.42498779296875,511.6000061035156,511.3699951171875,511.6000061035156,11050
2026-08-31 14:25:00-0400,511.3299865722656,511.4200134277344,511.1099853515625,511.4200134277344,16280
2026-08-31 14:26:00-0400,511.1499938964844,511.2699890136719,511.08441162109375,511.239990234375,17272
2026-08-31 14:27:00-0400,511.1600036621094,511.3299865722656,511.1300048828125,511.1484069824219,24244
2026-08-31 14:28:00-0400,511.1499938964844,511.19000244140625,511.110107421875,511.125,13570
2026-08-31 14:29:00-0400,510.9200134277344,511.1099853515625,510.8550109863281,511.1099853515625,16650
2026-08-31 14:30:00-0400,510.9700012207031,510.9800109863281,510.7770080566406,510.8900146484375,12437
2026-08-31 14:31:00-0400,510.8512878417969,511.04998779296875,510.7799987792969,510.9049987792969,19926
2026-08-31 14:32:00-0400,510.6700134277344,510.8800048828125,510.54998779296875,510.8399963378906,16910
2026-08-31 14:33:00-0400,510.6199951171875,510.7799072265625,510.6000061035156,510.6900939941406,8794
2026-08-31 14:34:00-0400,510.45001220703125,510.6499938964844,510.2950134277344,510.6347961425781,35945
2026-08-31 14:35:00-0400,510.0400085449219,510.4800109863281,510.010009765625,510.4800109863281,26147
2026-08-31 14:36:00-0400,510.1549987792969,510.25,509.989990234375,510.0400085449219,30504
2026-08-31 14:37:00-0400,510.1700134277344,510.4200134277344,510.0299987792969,510.1549987792969,33437
2026-08-31 14:38:00-0400,509.7749938964844,510.23040771484375,509.7049865722656,510.2049865722656,17641
2026-08-31 14:39:00-0400,509.8800048828125,510.0,509.739990234375,509.7510070800781,15294
2026-08-31 14:40:00-0400,510.6700134277344,510.67999267578125,509.8450012207031,509.9100036621094,54877
2026-08-31 14:41:00-0400,510.30499267578125,510.67999267578125,510.25,510.635009765625,20038
2026-08-31 14:42:00-0400,510.2900085449219,510.45001220703125,510.239990234375,510.2950134277344,12872
2026-08-31 14:43:00-0400,509.8599853515625,510.3399963378906,509.7550048828125,510.3299865722656,511256
2026-08-31 14:44:00-0400,510.2099914550781,510.2099914550781,509.82501220703125,509.82501220703125,12915
2026-08-31 14:45:00-0400,510.05499267578125,510.2699890136719,509.989990234375,510.2200012207031,18576
2026-08-31 14:46:00-0400,510.0400085449219,510.07000732421875,509.9100036621094,510.05499267578125,13994
2026-08-31 14:47:00-0400,510.1300048828125,510.2300109863281,510.0,510.0286865234375,16522
2026-08-31 14:48:00-0400,510.2300109863281,510.2300109863281,510.05999755859375,510.06500244140625,15433
2026-08-31 14:49:00-0400,510.18499755859375,510.25,510.0799865722656,510.2099914550781,13637
2026-08-31 14:50:00-0400,510.29998779296875,510.4100036621094,510.1400146484375,510.17999267578125,18681
2026-08-31 14:51:00-0400,510.17999267578125,510.3699951171875,509.82000732421875,510.3299865722656,82441
2026-08-31 14:52:00-0400,510.5199890136719,510.5400085449219,510.12200927734375,510.12200927734375,17148
2026-08-31 14:53:00-0400,510.8500061035156,510.8500061035156,510.4200134277344,510.5249938964844,23506
2026-08-31 14:54:00-0400,510.70001220703125,510.8900146484375,510.6499938964844,510.81500244140625,26869
2026-08-31 14:55:00-0400,510.6700134277344,510.7799987792969,510.4949951171875,510.70001220703125,22253
2026-08-31 14:56:00-0400,510.80999755859375,510.8599853515625,510.585205078125,510.585205078125,11643
2026-08-31 14:57:00-0400,510.8599853515625,510.9700012207031,510.7699890136719,510.80999755859375,17801
2026-08-31 14:58:00-0400,511.1502990722656,511.17999267578125,510.8399963378906,510.8399963378906,22056
2026-08-31 14:59:00-0400,511.0450134277344,511.260009765625,511.0400085449219,511.1499938964844,14948
2026-08-31 15:00:00-0400,511.2300109863281,511.3800048828125,511.0450134277344,511.0450134277344,28791
2026-08-31 15:01:00-0400,511.1300048828125,511.2300109863281,511.05999755859375,511.1875,16829
2026-08-31 15:02:00-0400,511.2099914550781,511.2250061035156,511.04998779296875,511.1300048828125,21254
2026-08-31 15:03:00-0400,511.1650085449219,511.2698974609375,511.1300964355469,511.2349853515625,12039
2026-08-31 15:04:00-0400,510.9849853515625,511.2149963378906,510.8999938964844,511.20001220703125,20615
2026-08-31 15:05:00-0400,510.8450012207031,511.010009765625,510.8299865722656,510.9800109863281,21184
2026-08-31 15:06:00-0400,510.42999267578125,510.8399963378906,510.3900146484375,510.8100891113281,58971
2026-08-31 15:07:00-0400,510.4800109863281,510.489990234375,510.3599853515625,510.4599914550781,31639
2026-08-31 15:08:00-0400,510.45001220703125,510.489990234375,510.3700866699219,510.4700012207031,25464
2026-08-31 15:09:00-0400,510.57501220703125,510.6000061035156,510.42010498046875,510.45001220703125,18929
2026-08-31 15:10:00-0400,510.7799987792969,510.8800048828125,510.5799865722656,510.6000061035156,29741
2026-08-31 15:11:00-0400,510.885009765625,511.010009765625,510.7200012207031,510.7749938964844,14759
2026-08-31 15:12:00-0400,511.04998779296875,511.05999755859375,510.79998779296875,510.8699951171875,15310
2026-08-31 15:13:00-0400,511.0199890136719,511.1000061035156,510.92999267578125,511.0899963378906,17224
2026-08-31 15:14:00-0400,511.0899963378906,511.1300048828125,511.0,511.010009765625,16138
2026-08-31 15:15:00-0400,510.9599914550781,511.1300048828125,510.8800048828125,511.0849914550781,22212
2026-08-31 15:16:00-0400,511.0799865722656,511.2200012207031,510.92010498046875,510.94000244140625,29974
2026-08-31 15:17:00-0400,510.8399963378906,511.0899963378906,510.81201171875,511.05999755859375,13669
2026-08-31 15:18:00-0400,510.57000732421875,510.8800048828125,510.510009765625,510.83428955078125,21525
2026-08-31 15:19:00-0400,510.4200134277344,510.6199951171875,510.4200134277344,510.5350036621094,20864
2026-08-31 15:20:00-0400,510.20001220703125,510.5400085449219,510.1700134277344,510.42999267578125,26228
2026-08-31 15:21:00-0400,509.8999938964844,510.2699890136719,509.8999938964844,510.17999267578125,18835
2026-08-31 15:22:00-0400,510.06500244140625,510.139892578125,509.8800048828125,509.8999938964844,19639
2026-08-31 15:23:00-0400,510.125,510.2300109863281,510.0414123535156,510.06500244140625,14262
2026-08-31 15:24:00-0400,510.010009765625,510.19000244140625,510.0,510.10888671875,28600
2026-08-31 15:25:00-0400,510.1000061035156,510.1499938964844,509.864990234375,509.989990234375,23965
2026-08-31 15:26:00-0400,509.9800109863281,510.17999267578125,509.8800048828125,510.114990234375,24905
2026-08-31 15:27:00-0400,510.2349853515625,510.2699890136719,509.9800109863281,510.010009765625,22668
2026-08-31 15:28:00-0400,510.42498779296875,510.5,510.0899963378906,510.1947021484375,21477
2026-08-31 15:29:00-0400,510.5950012207031,510.6099853515625,510.3450012207031,510.42999267578125,24743
2026-08-31 15:30:00-0400,509.7699890136719,510.5950012207031,509.7200012207031,510.57000732421875,45430
2026-08-31 15:31:00-0400,509.4849853515625,510.05999755859375,509.4100036621094,509.7449951171875,36339
2026-08-31 15:32:00-0400,509.6499938964844,509.67999267578125,509.3999938964844,509.4849853515625,21477
2026-08-31 15:33:00-0400,509.6099853515625,509.6300048828125,509.45001220703125,509.6300048828125,29362
2026-08-31 15:34:00-0400,509.8299865722656,509.8399963378906,509.55999755859375,509.55999755859375,34172
2026-08-31 15:35:00-0400,509.6300048828125,509.7749938964844,509.489990234375,509.7749938964844,36855
2026-08-31 15:36:00-0400,509.7099914550781,509.8500061035156,509.5101013183594,509.6300048828125,30637
2026-08-31 15:37:00-0400,509.82000732421875,509.8800048828125,509.6000061035156,509.67999267578125,45817
2026-08-31 15:38:00-0400,509.7349853515625,509.92999267578125,509.7099914550781,509.8500061035156,21519
2026-08-31 15:39:00-0400,509.6000061035156,509.7799987792969,509.6000061035156,509.7349853515625,22399
2026-08-31 15:40:00-0400,509.07000732421875,509.6700134277344,508.93939208984375,509.6700134277344,63450
2026-08-31 15:41:00-0400,509.45001220703125,509.4800109863281,509.0,509.0,44869
2026-08-31 15:42:00-0400,509.614990234375,509.760009765625,509.4700012207031,509.489990234375,29097
2026-08-31 15:43:00-0400,509.92999267578125,510.0,509.5950012207031,509.5950012207031,37886
2026-08-31 15:44:00-0400,509.885009765625,510.04998779296875,509.8550109863281,509.9100036621094,35087
2026-08-31 15:45:00-0400,510.1050109863281,510.2149963378906,509.8299865722656,509.885009765625,45681
2026-08-31 15:46:00-0400,510.19000244140625,510.2300109863281,509.9700012207031,510.1000061035156,30785
2026-08-31 15:47:00-0400,509.8900146484375,510.29998779296875,509.8900146484375,510.2200012207031,44453
2026-08-31 15:48:00-0400,509.875,509.95001220703125,509.7799987792969,509.8900146484375,48855
2026-08-31 15:49:00-0400,510.260009765625,510.32000732421875,509.8500061035156,509.8949890136719,67579
2026-08-31 15:50:00-0400,509.0,510.44000244140625,508.92999267578125,510.2950134277344,142997
2026-08-31 15:51:00-0400,509.19000244140625,509.2900085449219,508.6401062011719,508.989990234375,90149
2026-08-31 15:52:00-0400,509.20001220703125,509.2900085449219,508.9200134277344,509.20001220703125,93106
2026-08-31 15:53:00-0400,509.0299987792969,509.2900085449219,509.0199890136719,509.17498779296875,97699
2026-08-31 15:54:00-0400,508.4599914550781,509.0400085449219,507.3900146484375,509.0400085449219,246663
2026-08-31 15:55:00-0400,506.7349853515625,508.489990234375,506.3999938964844,508.4296875,453076
2026-08-31 15:56:00-0400,507.1050109863281,507.260009765625,506.5400085449219,506.68499755859375,267950
2026-08-31 15:57:00-0400,506.989990234375,507.42999267578125,506.82000732421875,507.1050109863281,420045
2026-08-31 15:58:00-0400,507.3399963378906,507.3800048828125,506.9649963378906,506.989990234375,395944
2026-08-31 15:59:00-0400,507.32000732421875,508.0,506.8599853515625,507.29998779296875,821484
2026-09-01 09:30:00-0400,497.2015075683594,500.5,496.7799987792969,498.010009765625,2206531
2026-09-01 09:31:00-0400,498.6199951171875,500.239990234375,496.9800109863281,497.4649963378906,95344
2026-09-01 09:32:00-0400,499.2950134277344,499.79998779296875,497.6499938964844,498.57000732421875,77413
2026-09-01 09:33:00-0400,499.1300048828125,500.1499938964844,498.8699951171875,499.29998779296875,84937
2026-09-01 09:34:00-0400,498.9800109863281,499.6199951171875,498.6099853515625,499.31500244140625,61321
2026-09-01 09:35:00-0400,499.70001220703125,499.7300109863281,498.4849853515625,499.0400085449219,100898
2026-09-01 09:36:00-0400,501.6995849609375,502.3599853515625,499.510009765625,499.6600036621094,180129
2026-09-01 09:37:00-0400,501.7699890136719,502.3699951171875,500.4200134277344,501.5799865722656,123888
2026-09-01 09:38:00-0400,500.7401123046875,501.92999267578125,500.3727111816406,501.92999267578125,99564
2026-09-01 09:39:00-0400,500.17999267578125,501.1099853515625,500.17999267578125,500.7799987792969,81287
2026-09-01 09:40:00-0400,501.8599853515625,501.8699951171875,500.0,500.1300048828125,125949
2026-09-01 09:41:00-0400,503.0799865722656,503.20001220703125,501.45001220703125,501.7300109863281,54544
2026-09-01 09:42:00-0400,503.8699951171875,504.31500244140625,503.0,503.0799865722656,71151
2026-09-01 09:43:00-0400,504.5799865722656,504.6000061035156,503.4031066894531,503.80999755859375,56304
2026-09-01 09:44:00-0400,503.45001220703125,504.63018798828125,503.45001220703125,504.5799865722656,62911
2026-09-01 09:45:00-0400,505.739990234375,505.739990234375,503.3999938964844,503.5950012207031,94209
2026-09-01 09:46:00-0400,504.9700012207031,505.9700012207031,504.6700134277344,505.75,100189
2026-09-01 09:47:00-0400,505.16119384765625,505.5299987792969,504.8699951171875,504.8699951171875,52615
2026-09-01 09:48:00-0400,504.07000732421875,505.44000244140625,504.0,505.29998779296875,44777
2026-09-01 09:49:00-0400,504.3500061035156,504.3800048828125,503.8699951171875,504.0799865722656,46607
2026-09-01 09:50:00-0400,503.8900146484375,504.3500061035156,503.8800048828125,504.2200012207031,29783
2026-09-01 09:51:00-0400,503.19000244140625,504.1499938964844,502.67999267578125,503.82000732421875,52481
2026-09-01 09:52:00-0400,502.510009765625,503.17999267578125,502.3999938964844,503.1700134277344,52958
2026-09-01 09:53:00-0400,501.7850036621094,502.54998779296875,501.6199951171875,502.510009765625,53013
2026-09-01 09:54:00-0400,501.4150085449219,501.8299865722656,501.1499938964844,501.7850036621094,43586
2026-09-01 09:55:00-0400,501.93499755859375,502.0899963378906,501.0849914550781,501.3500061035156,58422
2026-09-01 09:56:00-0400,502.70001220703125,502.79998779296875,501.6499938964844,501.8399963378906,93813
2026-09-01 09:57:00-0400,501.9549865722656,502.8399963378906,501.8599853515625,502.70001220703125,92334
2026-09-01 09:58:00-0400,501.75,502.0267028808594,501.5899963378906,501.94500732421875,43091
2026-09-01 09:59:00-0400,502.3800048828125,502.57000732421875,501.67010498046875,501.7099914550781,58179
2026-09-01 10:00:00-0400,502.4732971191406,502.7699890136719,501.8699951171875,502.57000732421875,94929
2026-09-01 10:01:00-0400,503.0849914550781,503.0899963378906,502.54998779296875,502.6199951171875,41896
2026-09-01 10:02:00-0400,503.114990234375,503.2099914550781,502.739990234375,503.0899963378906,45428
2026-09-01 10:03:00-0400,503.3699951171875,503.45001220703125,503.0,503.05999755859375,36349
2026-09-01 10:04:00-0400,503.3900146484375,503.6720886230469,503.25,503.3999938964844,32615
2026-09-01 10:05:00-0400,503.3299865722656,503.4200134277344,503.0199890136719,503.4200134277344,30293
2026-09-01 10:06:00-0400,503.5400085449219,503.54998779296875,503.1199951171875,503.32000732421875,139150
2026-09-01 10:07:00-0400,504.10009765625,504.1997985839844,503.3900146484375,503.55999755859375,50484
2026-09-01 10:08:00-0400,503.6600036621094,504.1600036621094,503.54998779296875,504.1000061035156,26733
2026-09-01 10:09:00-0400,503.80499267578125,503.94000244140625,503.5,503.70001220703125,67468
2026-09-01 10:10:00-0400,503.9898986816406,504.3245849609375,503.8599853515625,503.8900146484375,30544
2026-09-01 10:11:00-0400,504.1300048828125,504.53900146484375,503.8800048828125,503.8900146484375,32942
2026-09-01 10:12:00-0400,503.79998779296875,504.2300109863281,503.7799987792969,504.17999267578125,46871
2026-09-01 10:13:00-0400,503.8299865722656,504.04998779296875,503.7101135253906,503.82501220703125,27173
2026-09-01 10:14:00-0400,503.79998779296875,503.94000244140625,503.6300048828125,503.8442077636719,31688
2026-09-01 10:15:00-0400,503.9049987792969,504.06500244140625,503.6449890136719,503.8131103515625,30301
2026-09-01 10:16:00-0400,504.6400146484375,504.8299865722656,503.8299865722656,503.9049987792969,54011
2026-09-01 10:17:00-0400,504.5899963378906,504.760009765625,504.4849853515625,504.6499938964844,37204
2026-09-01 10:18:00-0400,504.2349853515625,504.7799987792969,503.9700012207031,504.5849914550781,32104
2026-09-01 10:19:00-0400,504.5050048828125,504.5050964355469,504.010009765625,504.1199951171875,29445
2026-09-01 10:20:00-0400,504.39569091796875,504.697509765625,504.3760070800781,504.57000732421875,24123
2026-09-01 10:21:00-0400,504.04998779296875,504.5400085449219,503.9849853515625,504.4150085449219,25031
2026-09-01 10:22:00-0400,504.2402038574219,504.4549865722656,503.85009765625,504.04998779296875,38651
2026-09-01 10:23:00-0400,504.489990234375,504.489990234375,504.0600891113281,504.25,0
2026-09-01 10:24:00-0400,503.9800109863281,504.56500244140625,503.875,504.4049987792969,31830
2026-09-01 10:25:00-0400,504.3349914550781,504.4599914550781,503.9150085449219,503.9150085449219,63550
2026-09-01 10:26:00-0400,503.7550048828125,504.3399963378906,503.7200012207031,504.3349914550781,27983
2026-09-01 10:27:00-0400,503.7250061035156,503.760009765625,503.4200134277344,503.7349853515625,20535
2026-09-01 10:28:00-0400,503.8002014160156,503.8900146484375,503.6300964355469,503.7099914550781,30700
2026-09-01 10:29:00-0400,504.2200012207031,504.3299865722656,503.8399963378906,503.8851013183594,23610
2026-09-01 10:30:00-0400,504.30499267578125,504.3800048828125,504.1199951171875,504.2250061035156,29397
2026-09-01 10:31:00-0400,504.19000244140625,504.59649658203125,504.0,504.30499267578125,0
2026-09-01 10:32:00-0400,503.739990234375,504.2099914550781,503.6401062011719,504.17498779296875,21415
2026-09-01 10:33:00-0400,503.7799987792969,503.7799987792969,503.3999938964844,503.7099914550781,32216
2026-09-01 10:34:00-0400,503.7699890136719,503.80999755859375,503.6300048828125,503.79998779296875,26204
2026-09-01 10:35:00-0400,503.6650085449219,503.9599914550781,503.6650085449219,503.7690124511719,15840
2026-09-01 10:36:00-0400,503.7449951171875,503.9150085449219,503.54998779296875,503.6650085449219,17540
2026-09-01 10:37:00-0400,503.9200134277344,504.0400085449219,503.6158142089844,503.7650146484375,34788
2026-09-01 10:38:00-0400,504.1199951171875,504.2749938964844,503.7799987792969,504.0299987792969,74660
2026-09-01 10:39:00-0400,503.9750061035156,504.24261474609375,503.9200134277344,504.19000244140625,22485
2026-09-01 10:40:00-0400,503.860107421875,504.1099853515625,503.80010986328125,503.9700012207031,20591
2026-09-01 10:41:00-0400,503.6050109863281,503.9359130859375,503.6000061035156,503.9200134277344,12996
2026-09-01 10:42:00-0400,503.57000732421875,503.67999267578125,503.3800964355469,503.6050109863281,23169
2026-09-01 10:43:00-0400,503.4696044921875,503.80999755859375,503.4696044921875,503.56640625,145141
2026-09-01 10:44:00-0400,503.5299987792969,503.635009765625,503.2900085449219,503.489990234375,18013
2026-09-01 10:45:00-0400,503.4100036621094,503.67999267578125,503.0799865722656,503.625,53456
2026-09-01 10:46:00-0400,503.55499267578125,503.6400146484375,503.29998779296875,503.3550109863281,20600
2026-09-01 10:47:00-0400,503.5899963378906,503.6199951171875,503.2699890136719,503.510009765625,32447
2026-09-01 10:48:00-0400,502.9350891113281,503.54998779296875,502.8700866699219,503.510009765625,41577
2026-09-01 10:49:00-0400,502.5799865722656,503.0150146484375,502.5,502.9100036621094,31582
2026-09-01 10:50:00-0400,502.32000732421875,502.79998779296875,502.0400085449219,502.510009765625,32273
2026-09-01 10:51:00-0400,502.4599914550781,502.625,502.3100891113281,502.32000732421875,33038
2026-09-01 10:52:00-0400,502.4100036621094,502.7200012207031,502.25,502.4599914550781,32098
2026-09-01 10:53:00-0400,502.5820007324219,502.8399963378906,502.3829040527344,502.42999267578125,30799
2026-09-01 10:54:00-0400,502.55499267578125,502.70001220703125,502.35009765625,502.57501220703125,20716
2026-09-01 10:55:00-0400,502.5299987792969,502.55999755859375,502.2799987792969,502.55999755859375,22509
2026-09-01 10:56:00-0400,502.1095886230469,502.5299987792969,502.0,502.50469970703125,29384
2026-09-01 10:57:00-0400,501.80938720703125,502.1300048828125,501.80938720703125,502.05010986328125,26275
2026-09-01 10:58:00-0400,501.6099853515625,501.8399963378906,501.55999755859375,501.8349914550781,21215
2026-09-01 10:59:00-0400,501.6199951171875,501.6860046386719,501.3909912109375,501.6499938964844,32211
2026-09-01 11:00:00-0400,501.4700012207031,501.75,501.4200134277344,501.6424865722656,19876
2026-09-01 11:01:00-0400,501.67999267578125,501.8900146484375,501.4200134277344,501.4750061035156,22490
2026-09-01 11:02:00-0400,501.4200134277344,501.8599853515625,501.4100036621094,501.67999267578125,23224
2026-09-01 11:03:00-0400,501.1449890136719,501.5398864746094,501.0299987792969,501.5398864746094,28604
2026-09-01 11:04:00-0400,500.6099853515625,501.19000244140625,500.6099853515625,501.1449890136719,34408
2026-09-01 11:05:00-0400,500.6549987792969,500.8500061035156,500.44000244140625,500.6099853515625,30918
2026-09-01 11:06:00-0400,500.55999755859375,500.79998779296875,500.44000244140625,500.60009765625,35041
2026-09-01 11:07:00-0400,500.30999755859375,500.55999755859375,500.20001220703125,500.489990234375,53637
2026-09-01 11:08:00-0400,500.2550048828125,500.3399963378906,499.8999938964844,500.239990234375,93885
2026-09-01 11:09:00-0400,500.364990234375,500.5325927734375,500.2099914550781,500.30999755859375,25602
2026-09-01 11:10:00-0400,500.5450134277344,500.82330322265625,500.1600036621094,500.3200988769531,69194
2026-09-01 11:11:00-0400,500.3900146484375,500.5950012207031,500.2900085449219,500.510009765625,20552
2026-09-01 11:12:00-0400,500.3599853515625,500.6199951171875,500.2799987792969,500.3399963378906,25127
2026-09-01 11:13:00-0400,500.44500732421875,500.510009765625,500.2401123046875,500.36859130859375,28286
2026-09-01 11:14:00-0400,500.385009765625,500.6000061035156,500.2900085449219,500.4100036621094,34252
2026-09-01 11:15:00-0400,500.6300048828125,500.6600036621094,500.3500061035156,500.4399108886719,28476
2026-09-01 11:16:00-0400,500.69000244140625,500.7799987792969,500.510009765625,500.625,30708
2026-09-01 11:17:00-0400,500.54998779296875,500.70001220703125,500.3500061035156,500.67999267578125,13456
2026-09-01 11:18:00-0400,500.9100036621094,500.9100036621094,500.4800109863281,500.54949951171875,12077
2026-09-01 11:19:00-0400,500.87109375,500.9999084472656,500.65179443359375,500.875,18411
2026-09-01 11:20:00-0400,501.0398864746094,501.1300048828125,500.760009765625,500.8800048828125,38935
2026-09-01 11:21:00-0400,501.1199951171875,501.1400146484375,500.80999755859375,500.94000244140625,20624
2026-09-01 11:22:00-0400,501.2349853515625,501.2900085449219,501.05999755859375,501.1400146484375,19808
2026-09-01 11:23:00-0400,501.23919677734375,501.3299865722656,501.1388854980469,501.2349853515625,15434
2026-09-01 11:24:00-0400,501.5775146484375,501.6199035644531,501.1300048828125,501.1505126953125,18287
2026-09-01 11:25:00-0400,501.3399963378906,501.6600036621094,501.3160095214844,501.635009765625,23130
2026-09-01 11:26:00-0400,501.2699890136719,501.5199890136719,501.1400146484375,501.3591003417969,57731
2026-09-01 11:27:00-0400,501.010009765625,501.3699951171875,500.9700012207031,501.2900085449219,21624
2026-09-01 11:28:00-0400,501.1400146484375,501.1400146484375,500.9901123046875,501.0799865722656,12514
2026-09-01 11:29:00-0400,501.17999267578125,501.30999755859375,501.0199890136719,501.17498779296875,28123
2026-09-01 11:30:00-0400,501.20001220703125,501.2799987792969,500.989990234375,501.2200012207031,24961
2026-09-01 11:31:00-0400,501.1449890136719,501.30999755859375,501.0299987792969,501.2099914550781,22900
2026-09-01 11:32:00-0400,500.94500732421875,501.1600036621094,500.8900146484375,501.1300048828125,21133
2026-09-01 11:33:00-0400,501.1099853515625,501.1099853515625,500.9100036621094,500.94500732421875,18171
2026-09-01 11:34:00-0400,501.05499267578125,501.1499938964844,500.9200134277344,501.1499938964844,19405
2026-09-01 11:35:00-0400,501.0350036621094,501.1099853515625,500.8999938964844,501.07000732421875,13470
2026-09-01 11:36:00-0400,500.9150085449219,501.0299987792969,500.8800048828125,501.0299987792969,12773
2026-09-01 11:37:00-0400,501.0350036621094,501.1099853515625,500.8045959472656,500.8900146484375,27833
2026-09-01 11:38:00-0400,501.17999267578125,501.2300109863281,501.0,501.0350036621094,12449
2026-09-01 11:39:00-0400,501.1199951171875,501.2699890136719,501.0,501.2699890136719,28832
2026-09-01 11:40:00-0400,501.1199951171875,501.25,501.04010009765625,501.04010009765625,20811
2026-09-01 11:41:00-0400,500.9200134277344,501.3125,500.9200134277344,501.1499938964844,20197
2026-09-01 11:42:00-0400,500.82501220703125,501.0299987792969,500.79998779296875,500.92999267578125,32557
2026-09-01 11:43:00-0400,500.94000244140625,500.9949951171875,500.6400146484375,500.8500061035156,39811
2026-09-01 11:44:00-0400,501.0199890136719,501.1000061035156,500.8800048828125,500.9400939941406,28920
2026-09-01 11:45:00-0400,500.8599853515625,501.0419006347656,500.80999755859375,501.0350036621094,21978
2026-09-01 11:46:00-0400,500.6300048828125,500.8599853515625,500.6300048828125,500.8599853515625,22817
2026-09-01 11:47:00-0400,500.8399963378906,500.8500061035156,500.6400146484375,500.6799011230469,17224
2026-09-01 11:48:00-0400,500.7850036621094,500.8800048828125,500.7099914550781,500.80999755859375,14368
2026-09-01 11:49:00-0400,500.864990234375,501.010009765625,500.7900085449219,500.7900085449219,13575
2026-09-01 11:50:00-0400,501.2398986816406,501.239990234375,500.7250061035156,500.8999938964844,55525
2026-09-01 11:51:00-0400,501.0050048828125,501.29998779296875,500.9599914550781,501.2300109863281,34505
2026-09-01 11:52:00-0400,500.6700134277344,501.0400085449219,500.5270080566406,500.9849853515625,61081
2026-09-01 11:53:00-0400,500.8900146484375,500.95001220703125,500.6000061035156,500.69000244140625,25619
2026-09-01 11:54:00-0400,501.17999267578125,501.1899108886719,500.8208923339844,500.8999938964844,21530
2026-09-01 11:55:00-0400,501.125,501.2200012207031,501.0,501.17999267578125,14048
2026-09-01 11:56:00-0400,501.05999755859375,501.19000244140625,501.0199890136719,501.125,12359
2026-09-01 11:57:00-0400,501.0,501.1199951171875,500.8299865722656,501.0299987792969,18781
2026-09-01 11:58:00-0400,500.75,501.0299987792969,500.70001220703125,500.95001220703125,13263
2026-09-01 11:59:00-0400,500.7900085449219,500.92999267578125,500.739990234375,500.79998779296875,18558
2026-09-01 12:00:00-0400,501.05999755859375,501.1600036621094,500.8789978027344,500.8800048828125,11675
2026-09-01 12:01:00-0400,500.6000061035156,501.06500244140625,500.54998779296875,501.05999755859375,25155
2026-09-01 12:02:00-0400,500.6300048828125,500.7099914550781,500.3949890136719,500.7099914550781,31419
2026-09-01 12:03:00-0400,500.7149963378906,500.7998962402344,500.6099853515625,500.6300048828125,14827
2026-09-01 12:04:00-0400,501.031494140625,501.09368896484375,500.6700134277344,500.7200012207031,22240
2026-09-01 12:05:00-0400,500.92498779296875,501.05999755859375,500.8800048828125,501.0400085449219,10730
2026-09-01 12:06:00-0400,500.69000244140625,500.989990234375,500.69000244140625,500.92498779296875,19612
2026-09-01 12:07:00-0400,500.281005859375,500.75,500.2699890136719,500.70001220703125,33205
2026-09-01 12:08:00-0400,500.4164123535156,500.6095886230469,500.28790283203125,500.42999267578125,12927
2026-09-01 12:09:00-0400,500.0400085449219,500.489990234375,500.0400085449219,500.4599914550781,30567
2026-09-01 12:10:00-0400,500.3550109863281,500.3800048828125,500.0400085449219,500.0950012207031,24794
2026-09-01 12:11:00-0400,500.3699951171875,500.4700012207031,500.2900085449219,500.3550109863281,29206
2026-09-01 12:12:00-0400,500.4100036621094,500.4999084472656,500.29071044921875,500.29071044921875,16836
2026-09-01 12:13:00-0400,500.17999267578125,500.4126892089844,500.17999267578125,500.4126892089844,13568
2026-09-01 12:14:00-0400,499.8599853515625,500.17999267578125,499.8500061035156,500.1007995605469,34146
2026-09-01 12:15:00-0400,499.8429870605469,499.9100036621094,499.6112976074219,499.7300109863281,16618
2026-09-01 12:16:00-0400,499.7200012207031,499.8800048828125,499.6400146484375,499.739990234375,19065
2026-09-01 12:17:00-0400,499.5450134277344,499.79998779296875,499.510009765625,499.7650146484375,23615
2026-09-01 12:18:00-0400,499.4800109863281,499.6050109863281,499.4599914550781,499.55499267578125,19136
2026-09-01 12:19:00-0400,499.7193908691406,499.7792053222656,499.3999938964844,499.54998779296875,28720
2026-09-01 12:20:00-0400,500.0199890136719,500.1733093261719,499.70001220703125,499.70001220703125,34979
2026-09-01 12:21:00-0400,499.6400146484375,500.01519775390625,499.42999267578125,500.01519775390625,28191
2026-09-01 12:22:00-0400,499.7699890136719,499.9599914550781,499.45001220703125,499.6400146484375,46791
2026-09-01 12:23:00-0400,500.1400146484375,500.260009765625,499.6499938964844,499.739990234375,27111
2026-09-01 12:24:00-0400,500.3550109863281,501.0,499.989990234375,500.1199951171875,88382
2026-09-01 12:25:00-0400,500.5799865722656,500.70001220703125,500.3550109863281,500.39678955078125,33574
2026-09-01 12:26:00-0400,500.5199890136719,500.7200012207031,500.2200012207031,500.55499267578125,59084
2026-09-01 12:27:00-0400,500.6400146484375,500.94500732421875,500.29998779296875,500.5199890136719,24284
2026-09-01 12:28:00-0400,500.6400146484375,500.7699890136719,500.4599914550781,500.7200012207031,10549
2026-09-01 12:29:00-0400,500.7052917480469,500.79998779296875,500.6300048828125,500.75,15113
2026-09-01 12:30:00-0400,500.2799987792969,500.8699951171875,500.2799987792969,500.8299865722656,23241
2026-09-01 12:31:00-0400,499.8599853515625,500.5,499.82000732421875,500.3999938964844,21177
2026-09-01 12:32:00-0400,499.9150085449219,499.9700012207031,499.6780090332031,499.8999938964844,21490
2026-09-01 12:33:00-0400,500.0199890136719,500.07000732421875,499.82000732421875,499.9150085449219,26060
2026-09-01 12:34:00-0400,499.5799865722656,500.0249938964844,499.53009033203125,500.0,20519
2026-09-01 12:35:00-0400,499.7349853515625,499.7900085449219,499.5400085449219,499.5400085449219,19933
2026-09-01 12:36:00-0400,499.42999267578125,499.8598937988281,499.4100036621094,499.7349853515625,35311
2026-09-01 12:37:00-0400,499.67498779296875,499.7099914550781,499.30999755859375,499.44000244140625,31218
2026-09-01 12:38:00-0400,499.56500244140625,499.8800048828125,499.5111999511719,499.6300048828125,40644
2026-09-01 12:39:00-0400,499.7200012207031,499.8500061035156,499.5101013183594,499.5101013183594,23456
2026-09-01 12:40:00-0400,499.82501220703125,499.92498779296875,499.69000244140625,499.7300109863281,32863
2026-09-01 12:41:00-0400,499.8699035644531,499.9700012207031,499.70001220703125,499.8006896972656,35640
2026-09-01 12:42:00-0400,499.5000915527344,499.8500061035156,499.5000915527344,499.739990234375,30475
2026-09-01 12:43:00-0400,499.54998779296875,499.7120056152344,499.5,499.5299987792969,18224
2026-09-01 12:44:00-0400,499.4826965332031,499.6400146484375,499.3800048828125,499.5849914550781,24287
2026-09-01 12:45:00-0400,499.54998779296875,499.6000061035156,499.3999938964844,499.44000244140625,24789
2026-09-01 12:46:00-0400,499.3900146484375,499.58599853515625,499.3900146484375,499.55999755859375,17408
2026-09-01 12:47:00-0400,499.1099853515625,499.5,499.0,499.3900146484375,24865
2026-09-01 12:48:00-0400,499.54998779296875,499.54998779296875,499.05999755859375,499.1297912597656,32903
2026-09-01 12:49:00-0400,499.8450012207031,499.9898986816406,499.4750061035156,499.5799865722656,31299
2026-09-01 12:50:00-0400,499.8999938964844,499.94000244140625,499.67498779296875,499.823486328125,17647
2026-09-01 12:51:00-0400,499.81298828125,499.9898986816406,499.6199951171875,499.885009765625,13909
2026-09-01 12:52:00-0400,500.1700134277344,500.2799987792969,499.7950134277344,499.80499267578125,17678
2026-09-01 12:53:00-0400,500.2699890136719,500.3599853515625,500.05010986328125,500.2300109863281,11985
2026-09-01 12:54:00-0400,500.19500732421875,500.2799987792969,500.1099853515625,500.2099914550781,13952
2026-09-01 12:55:00-0400,500.5,500.5,500.19000244140625,500.2300109863281,13272
2026-09-01 12:56:00-0400,500.5849914550781,500.5899963378906,500.4700012207031,500.5190124511719,14838
2026-09-01 12:57:00-0400,500.5350036621094,500.73199462890625,500.489990234375,500.6300048828125,35863
2026-09-01 12:58:00-0400,500.6787109375,500.70989990234375,500.4800109863281,500.5350036621094,11503
2026-09-01 12:59:00-0400,500.94500732421875,501.05999755859375,500.69000244140625,500.69000244140625,28368
2026-09-01 13:00:00-0400,500.6650085449219,500.94500732421875,500.4901123046875,500.94500732421875,16783
2026-09-01 13:01:00-0400,500.3599853515625,500.6700134277344,500.3599853515625,500.6650085449219,13950
2026-09-01 13:02:00-0400,500.6700134277344,500.69000244140625,500.3203125,500.3203125,15024
2026-09-01 13:03:00-0400,500.55999755859375,500.760009765625,500.54998779296875,500.6099853515625,12963
2026-09-01 13:04:00-0400,500.31500244140625,500.57000732421875,500.2699890136719,500.489990234375,9570
2026-09-01 13:05:00-0400,500.30999755859375,500.44000244140625,500.30999755859375,500.31500244140625,14008
2026-09-01 13:06:00-0400,500.0350036621094,500.32501220703125,500.0,500.32501220703125,18950
2026-09-01 13:07:00-0400,500.1850891113281,500.239990234375,500.0,500.0000915527344,10490
2026-09-01 13:08:00-0400,500.1549987792969,500.4100036621094,500.0700988769531,500.18499755859375,14570
2026-09-01 13:09:00-0400,500.3399963378906,500.3399963378906,500.07000732421875,500.09320068359375,10928
2026-09-01 13:10:00-0400,500.7200012207031,500.75,500.3500061035156,500.3550109863281,10950
2026-09-01 13:11:00-0400,500.7401123046875,500.82000732421875,500.6549987792969,500.6549987792969,9971
2026-09-01 13:12:00-0400,500.7250061035156,500.9150085449219,500.7149963378906,500.7699890136719,11831
2026-09-01 13:13:00-0400,500.92999267578125,500.9599914550781,500.67999267578125,500.7250061035156,11554
2026-09-01 13:14:00-0400,500.8500061035156,500.8900146484375,500.760009765625,500.8800048828125,8618
2026-09-01 13:15:00-0400,500.7348937988281,500.8399963378906,500.6499938964844,500.80999755859375,11460
2026-09-01 13:16:00-0400,500.6151123046875,500.8599853515625,500.5799865722656,500.79998779296875,12094
2026-09-01 13:17:00-0400,500.7349853515625,500.7799987792969,500.67718505859375,500.69000244140625,11262
2026-09-01 13:18:00-0400,500.7049865722656,500.760009765625,500.6300964355469,500.7250061035156,14056
2026-09-01 13:19:00-0400,500.6199951171875,500.79998779296875,500.5409851074219,500.7799987792969,27565
2026-09-01 13:20:00-0400,500.7650146484375,500.80999755859375,500.6000061035156,500.614990234375,14127
2026-09-01 13:21:00-0400,501.114990234375,501.114990234375,500.6700134277344,500.8299865722656,23219
2026-09-01 13:22:00-0400,500.9844970703125,501.2099914550781,500.8999938964844,501.1700134277344,14873
2026-09-01 13:23:00-0400,500.739990234375,501.0,500.739990234375,500.9834899902344,7798
2026-09-01 13:24:00-0400,501.0050048828125,501.0050048828125,500.54998779296875,500.7650146484375,12550
2026-09-01 13:25:00-0400,500.9599914550781,501.07000732421875,500.260009765625,501.0050048828125,26730
2026-09-01 13:26:00-0400,500.79998779296875,500.989990234375,500.7799987792969,500.92999267578125,10736
2026-09-01 13:27:00-0400,501.0899963378906,501.0899963378906,500.71051025390625,500.80499267578125,9214
2026-09-01 13:28:00-0400,500.7099914550781,501.1000061035156,500.7099914550781,501.0899963378906,13965
2026-09-01 13:29:00-0400,500.9750061035156,501.0899963378906,500.6600036621094,500.7099914550781,12941
2026-09-01 13:30:00-0400,501.05999755859375,501.20001220703125,500.875,500.9750061035156,16238
2026-09-01 13:31:00-0400,501.2349853515625,501.2799987792969,501.0000915527344,501.05999755859375,10712
2026-09-01 13:32:00-0400,501.2699890136719,501.3699951171875,501.1300048828125,501.2099914550781,11938
2026-09-01 13:33:00-0400,501.3500061035156,501.3699951171875,501.07000732421875,501.32000732421875,11665
2026-09-01 13:34:00-0400,501.7300109863281,501.80999755859375,501.29998779296875,501.32501220703125,30088
2026-09-01 13:35:00-0400,501.4700012207031,501.7799987792969,501.4549865722656,501.69000244140625,20649
2026-09-01 13:36:00-0400,501.1499938964844,501.54998779296875,501.1199951171875,501.5050048828125,18627
2026-09-01 13:37:00-0400,501.2200012207031,501.239990234375,501.010009765625,501.11309814453125,12024
2026-09-01 13:38:00-0400,501.1098937988281,501.260009765625,500.94000244140625,501.260009765625,12847
2026-09-01 13:39:00-0400,501.1300048828125,501.2200012207031,500.9200134277344,501.0450134277344,13250
2026-09-01 13:40:00-0400,501.25,501.2900085449219,501.1099853515625,501.1449890136719,15986
2026-09-01 13:41:00-0400,501.3999938964844,501.4740905761719,501.1499938964844,501.2049865722656,10087
2026-09-01 13:42:00-0400,501.3999938964844,501.535400390625,501.3900146484375,501.42999267578125,11941
2026-09-01 13:43:00-0400,501.3699951171875,501.4549865722656,501.32501220703125,501.4549865722656,9775
2026-09-01 13:44:00-0400,501.239990234375,501.3699951171875,501.2300109863281,501.3299865722656,8231
2026-09-01 13:45:00-0400,501.3800048828125,501.55999755859375,501.1600036621094,501.239990234375,31347
2026-09-01 13:46:00-0400,501.67999267578125,501.67999267578125,501.1600036621094,501.2900085449219,48310
2026-09-01 13:47:00-0400,501.9700012207031,502.0,501.55999755859375,501.69500732421875,64773
2026-09-01 13:48:00-0400,501.6650085449219,502.07000732421875,501.6000061035156,501.92498779296875,42474
2026-09-01 13:49:00-0400,501.5,501.7074890136719,501.45001220703125,501.6650085449219,7500
2026-09-01 13:50:00-0400,501.4100036621094,501.489990234375,501.1000061035156,501.45001220703125,13071
2026-09-01 13:51:00-0400,501.2298889160156,501.44989013671875,501.0895080566406,501.364990234375,17147
2026-09-01 13:52:00-0400,501.32000732421875,501.32000732421875,501.1600036621094,501.17999267578125,11618
2026-09-01 13:53:00-0400,501.1300048828125,501.3299865722656,501.1099853515625,501.2699890136719,15702
2026-09-01 13:54:00-0400,501.25,501.25,501.1000061035156,501.1650085449219,10623
2026-09-01 13:55:00-0400,501.3949890136719,501.45001220703125,501.10009765625,501.17498779296875,15270
2026-09-01 13:56:00-0400,501.1099853515625,501.45989990234375,501.0802001953125,501.4100036621094,19639
2026-09-01 13:57:00-0400,501.260009765625,501.39990234375,501.20001220703125,501.20001220703125,13861
2026-09-01 13:58:00-0400,501.3200988769531,501.4200134277344,501.2300109863281,501.3100891113281,13210
2026-09-01 13:59:00-0400,501.44000244140625,501.5400085449219,501.3175048828125,501.3999938964844,13808
2026-09-01 14:00:00-0400,501.3800048828125,501.6400146484375,501.3800048828125,501.43499755859375,11302
2026-09-01 14:01:00-0400,501.1900939941406,501.4700012207031,501.13031005859375,501.3599853515625,13743
2026-09-01 14:02:00-0400,501.45001220703125,501.5400085449219,501.2037048339844,501.2250061035156,16301
2026-09-01 14:03:00-0400,501.7799987792969,501.8399963378906,501.42999267578125,501.45001220703125,28135
2026-09-01 14:04:00-0400,501.5299987792969,501.7699890136719,501.4649963378906,501.7699890136719,18972
2026-09-01 14:05:00-0400,501.6000061035156,501.639892578125,501.3818054199219,501.5249938964844,11347
2026-09-01 14:06:00-0400,500.8301086425781,501.6000061035156,500.8301086425781,501.6000061035156,22886
2026-09-01 14:07:00-0400,501.2099914550781,501.2099914550781,500.80999755859375,500.8500061035156,25696
2026-09-01 14:08:00-0400,501.04998779296875,501.260009765625,501.0199890136719,501.2200012207031,13338
2026-09-01 14:09:00-0400,500.9248962402344,501.0650939941406,500.82000732421875,501.0450134277344,11101
2026-09-01 14:10:00-0400,501.0000915527344,501.1094970703125,500.8999938964844,500.92999267578125,19044
2026-09-01 14:11:00-0400,501.05499267578125,501.1899108886719,501.0400085449219,501.1050109863281,7559
2026-09-01 14:12:00-0400,501.0249938964844,501.1499938964844,500.95001220703125,501.0899963378906,40565
2026-09-01 14:13:00-0400,500.92999267578125,501.1300048828125,500.80999755859375,500.9800109863281,30669
2026-09-01 14:14:00-0400,500.68499755859375,500.8699951171875,500.6499938964844,500.8200988769531,12008
2026-09-01 14:15:00-0400,500.7250061035156,500.7349853515625,500.4800109863281,500.68499755859375,16899
2026-09-01 14:16:00-0400,500.7799987792969,501.0425109863281,500.75,500.7799987792969,29811
2026-09-01 14:17:00-0400,500.92498779296875,500.9700012207031,500.739990234375,500.7799987792969,9729
2026-09-01 14:18:00-0400,501.0299987792969,501.07501220703125,500.9200134277344,500.92498779296875,16842
2026-09-01 14:19:00-0400,501.2699890136719,501.30999755859375,501.0299987792969,501.0299987792969,16652
2026-09-01 14:20:00-0400,501.2900085449219,501.45001220703125,501.239990234375,501.239990234375,13266
2026-09-01 14:21:00-0400,501.07000732421875,501.3399963378906,501.07000732421875,501.3399963378906,10328
2026-09-01 14:22:00-0400,501.25,501.25,501.0249938964844,501.0249938964844,14312
2026-09-01 14:23:00-0400,501.4491882324219,501.4491882324219,501.2099914550781,501.239990234375,12737
2026-09-01 14:24:00-0400,501.4794921875,501.5299987792969,501.3500061035156,501.375,14831
2026-09-01 14:25:00-0400,501.3399963378906,501.5,501.2099914550781,501.5,12395
2026-09-01 14:26:00-0400,501.239990234375,501.35400390625,501.20001220703125,501.3399963378906,10863
2026-09-01 14:27:00-0400,501.2799987792969,501.3598937988281,501.1499938964844,501.239990234375,20074
2026-09-01 14:28:00-0400,501.17498779296875,501.260009765625,501.0101013183594,501.239990234375,24111
2026-09-01 14:29:00-0400,501.3699951171875,501.3699951171875,501.17498779296875,501.17498779296875,20531
2026-09-01 14:30:00-0400,501.260009765625,501.4198913574219,501.1180114746094,501.32000732421875,15905
2026-09-01 14:31:00-0400,501.1499938964844,501.2699890136719,501.1099853515625,501.260009765625,25967
2026-09-01 14:32:00-0400,501.2799987792969,501.3699035644531,501.1099853515625,501.1499938964844,31954
2026-09-01 14:33:00-0400,500.93499755859375,501.2799987792969,500.9200134277344,501.2799987792969,22919
2026-09-01 14:34:00-0400,500.614990234375,500.989990234375,500.54998779296875,500.9800109863281,21948
2026-09-01 14:35:00-0400,500.6000061035156,500.71209716796875,500.5574951171875,500.6700134277344,18438
2026-09-01 14:36:00-0400,500.54998779296875,500.8450012207031,500.510009765625,500.6449890136719,25585
2026-09-01 14:37:00-0400,500.389404296875,500.5400085449219,500.3200988769531,500.5400085449219,45159
2026-09-01 14:38:00-0400,500.5150146484375,500.54998779296875,500.3599853515625,500.45001220703125,16227
2026-09-01 14:39:00-0400,500.5299987792969,500.57000732421875,500.4200134277344,500.54998779296875,13594
2026-09-01 14:40:00-0400,500.5,500.67999267578125,500.5,500.5299987792969,11947
2026-09-01 14:41:00-0400,500.4599914550781,500.5199890136719,500.4100036621094,500.5,23816
2026-09-01 14:42:00-0400,500.2300109863281,500.6473083496094,500.2300109863281,500.4400939941406,14625
2026-09-01 14:43:00-0400,500.1700134277344,500.30999755859375,500.0369873046875,500.25,26671
2026-09-01 14:44:00-0400,500.3399963378906,500.4800109863281,500.11358642578125,500.135009765625,19670
2026-09-01 14:45:00-0400,500.3599853515625,500.45001220703125,500.284912109375,500.3450012207031,19428
2026-09-01 14:46:00-0400,500.70001220703125,500.760009765625,500.3800048828125,500.3999938964844,24902
2026-09-01 14:47:00-0400,500.8599853515625,500.989990234375,500.70001220703125,500.70001220703125,30351
2026-09-01 14:48:00-0400,500.7900085449219,501.0799865722656,500.7200012207031,500.8410949707031,17592
2026-09-01 14:49:00-0400,500.9049987792969,501.0,500.7900085449219,500.79998779296875,10335
2026-09-01 14:50:00-0400,501.0350036621094,501.1499938964844,500.82000732421875,500.9549865722656,24125
2026-09-01 14:51:00-0400,501.19500732421875,501.3399963378906,500.9801025390625,501.0199890136719,21960
2026-09-01 14:52:00-0400,501.1099853515625,501.3699951171875,501.0711975097656,501.1700134277344,118135
2026-09-01 14:53:00-0400,501.05999755859375,501.1300048828125,500.8999938964844,501.1099853515625,16415
2026-09-01 14:54:00-0400,501.0060119628906,501.1099853515625,500.9320068359375,501.05499267578125,19343
2026-09-01 14:55:00-0400,500.8900146484375,501.1099853515625,500.8059997558594,501.0199890136719,18107
2026-09-01 14:56:00-0400,501.239990234375,501.239990234375,500.82818603515625,500.8999938964844,21967
2026-09-01 14:57:00-0400,501.0849914550781,501.29998779296875,500.9700012207031,501.2049865722656,22958
2026-09-01 14:58:00-0400,501.1199951171875,501.2200012207031,501.0,501.1098937988281,14129
2026-09-01 14:59:00-0400,500.8851013183594,501.1199951171875,500.885009765625,501.0849914550781,29687
2026-09-01 15:00:00-0400,500.69500732421875,501.05029296875,500.69000244140625,500.885009765625,25773
2026-09-01 15:01:00-0400,500.8349914550781,500.8699951171875,500.6700134277344,500.69000244140625,14642
2026-09-01 15:02:00-0400,501.05999755859375,501.07000732421875,500.8183898925781,500.8183898925781,21419
2026-09-01 15:03:00-0400,501.2349853515625,501.2550048828125,501.0107116699219,501.0350036621094,21672
2026-09-01 15:04:00-0400,501.135009765625,501.5,501.07000732421875,501.1700134277344,24744
2026-09-01 15:05:00-0400,500.8299865722656,501.3999938964844,500.7799987792969,501.1549987792969,32458
2026-09-01 15:06:00-0400,500.9800109863281,501.1400146484375,500.6200866699219,500.75,20567
2026-09-01 15:07:00-0400,500.9599914550781,501.0150146484375,500.69000244140625,500.989990234375,11636
2026-09-01 15:08:00-0400,501.0050048828125,501.0350036621094,500.8399963378906,500.95001220703125,13541
2026-09-01 15:09:00-0400,500.7950134277344,501.0,500.7799987792969,500.989990234375,24116
2026-09-01 15:10:00-0400,500.9200134277344,500.9599914550781,500.7699890136719,500.7699890136719,24413
2026-09-01 15:11:00-0400,500.94000244140625,501.20001220703125,500.875,500.9200134277344,38135
2026-09-01 15:12:00-0400,500.8399963378906,500.92999267578125,500.67999267578125,500.9200134277344,30026
2026-09-01 15:13:00-0400,500.7950134277344,500.9100036621094,500.75,500.8699951171875,24966
2026-09-01 15:14:00-0400,500.94500732421875,500.9710998535156,500.7300109863281,500.7900085449219,20635
2026-09-01 15:15:00-0400,500.8450012207031,500.9800109863281,500.78009033203125,500.95001220703125,20244
2026-09-01 15:16:00-0400,500.8819885253906,500.9599914550781,500.80120849609375,500.9200134277344,17679
2026-09-01 15:17:00-0400,500.79998779296875,500.9599914550781,500.7300109863281,500.8599853515625,21904
2026-09-01 15:18:00-0400,500.94500732421875,500.989501953125,500.7799987792969,500.79998779296875,17699
2026-09-01 15:19:00-0400,500.9049987792969,500.9700012207031,500.739990234375,500.94000244140625,23030
2026-09-01 15:20:00-0400,501.0199890136719,501.1499938964844,500.8305969238281,500.864990234375,24599
2026-09-01 15:21:00-0400,501.0101013183594,501.1499938964844,501.0,501.0400085449219,18848
2026-09-01 15:22:00-0400,501.0,501.07000732421875,500.9142150878906,501.02069091796875,20969
2026-09-01 15:23:00-0400,500.9700012207031,501.1499938964844,500.88360595703125,500.9800109863281,19824
2026-09-01 15:24:00-0400,500.82000732421875,501.0710144042969,500.7500915527344,500.989990234375,14922
2026-09-01 15:25:00-0400,500.75,500.95458984375,500.7200012207031,500.81500244140625,19964
2026-09-01 15:26:00-0400,500.6199951171875,500.7799987792969,500.6000061035156,500.7449951171875,27569
2026-09-01 15:27:00-0400,500.68499755859375,500.7200012207031,500.6099853515625,500.6099853515625,20659
2026-09-01 15:28:00-0400,500.79998779296875,500.8399963378906,500.6400146484375,500.68499755859375,17633
2026-09-01 15:29:00-0400,500.8699951171875,500.9800109863281,500.79998779296875,500.79998779296875,20874
2026-09-01 15:30:00-0400,501.0361022949219,501.1400146484375,500.8705139160156,500.8800048828125,22962
2026-09-01 15:31:00-0400,501.159912109375,501.239990234375,500.9200134277344,501.0899963378906,21792
2026-09-01 15:32:00-0400,501.20001220703125,501.2699890136719,501.04998779296875,501.1600036621094,22428
2026-09-01 15:33:00-0400,501.4200134277344,501.45001220703125,501.185791015625,501.20001220703125,22620
2026-09-01 15:34:00-0400,501.7099914550781,501.7099914550781,501.2850036621094,501.3699951171875,26172
2026-09-01 15:35:00-0400,501.6199951171875,501.7900085449219,501.45001220703125,501.7099914550781,31703
2026-09-01 15:36:00-0400,501.4849853515625,501.6300048828125,501.4049987792969,501.6050109863281,24192
2026-09-01 15:37:00-0400,501.4800109863281,501.6199951171875,501.4501037597656,501.4849853515625,27832
2026-09-01 15:38:00-0400,501.4700012207031,501.6492004394531,501.4200134277344,501.4549865722656,41188
2026-09-01 15:39:00-0400,501.07501220703125,501.55999755859375,501.07501220703125,501.45001220703125,54284
2026-09-01 15:40:00-0400,500.8999938964844,501.1000061035156,500.7900085449219,501.07000732421875,46744
2026-09-01 15:41:00-0400,501.0,501.1300048828125,500.75,500.92999267578125,27797
2026-09-01 15:42:00-0400,500.7200012207031,500.9800109863281,500.6099853515625,500.92999267578125,23379
2026-09-01 15:43:00-0400,500.6099853515625,500.8800048828125,500.55499267578125,500.68499755859375,25648
2026-09-01 15:44:00-0400,500.7250061035156,500.9100036621094,500.5299987792969,500.55999755859375,22703
2026-09-01 15:45:00-0400,500.5299987792969,500.82989501953125,500.50048828125,500.7200012207031,28082
2026-09-01 15:46:00-0400,500.44000244140625,500.6400146484375,500.42999267578125,500.5450134277344,33125
2026-09-01 15:47:00-0400,500.7149963378906,500.7734069824219,500.42999267578125,500.4549865722656,21382
2026-09-01 15:48:00-0400,500.8699951171875,500.9700012207031,500.7099914550781,500.7099914550781,25043
2026-09-01 15:49:00-0400,500.6600036621094,500.9150085449219,500.6400146484375,500.8900146484375,27759
2026-09-01 15:50:00-0400,500.5799865722656,500.6099853515625,500.20001220703125,500.55999755859375,45436
2026-09-01 15:51:00-0400,500.5400085449219,500.7349853515625,500.510009765625,500.57000732421875,50007
2026-09-01 15:52:00-0400,500.55999755859375,500.6199951171875,500.3299865722656,500.54998779296875,49041
2026-09-01 15:53:00-0400,500.30999755859375,500.510009765625,500.0199890136719,500.510009765625,70206
2026-09-01 15:54:00-0400,500.9049987792969,501.1824951171875,500.32000732421875,500.32000732421875,85485
2026-09-01 15:55:00-0400,500.6000061035156,501.1400146484375,500.5400085449219,500.9200134277344,110524
2026-09-01 15:56:00-0400,500.6000061035156,500.6600036621094,500.3841857910156,500.5799865722656,81504
2026-09-01 15:57:00-0400,500.45001220703125,500.6199951171875,500.32000732421875,500.6000061035156,111149
2026-09-01 15:58:00-0400,500.6300048828125,500.6499938964844,500.3500061035156,500.4599914550781,147961
2026-09-01 15:59:00-0400,501.1499938964844,501.2699890136719,500.5199890136719,500.6199951171875,444149
2026-09-02 09:30:00-0400,496.2341003417969,500.2699890136719,495.97900390625,500.1700134277344,1210990
2026-09-02 09:31:00-0400,496.864990234375,497.4200134277344,495.9150085449219,496.0799865722656,53699
2026-09-02 09:32:00-0400,496.0,497.4800109863281,495.44500732421875,496.8599853515625,56814
2026-09-02 09:33:00-0400,497.7900085449219,498.0,495.7099914550781,495.81500244140625,47094
2026-09-02 09:34:00-0400,497.2850036621094,498.1499938964844,497.0899963378906,497.9200134277344,39081
2026-09-02 09:35:00-0400,497.9200134277344,497.989990234375,496.9049987792969,497.1604919433594,43123
2026-09-02 09:36:00-0400,496.010009765625,498.1400146484375,495.9700012207031,497.9200134277344,72946
2026-09-02 09:37:00-0400,495.70001220703125,496.239990234375,495.5899963378906,496.06500244140625,42860
2026-09-02 09:38:00-0400,496.1499938964844,496.510009765625,495.3169860839844,495.6499938964844,44724
2026-09-02 09:39:00-0400,495.9599914550781,496.17999267578125,495.29998779296875,496.0849914550781,35857
2026-09-02 09:40:00-0400,496.3900146484375,497.04998779296875,495.7099914550781,495.8807067871094,49158
2026-09-02 09:41:00-0400,495.6050109863281,496.6000061035156,495.5950012207031,496.32501220703125,36866
2026-09-02 09:42:00-0400,496.23199462890625,496.2799987792969,495.40008544921875,495.6300048828125,44852
2026-09-02 09:43:00-0400,496.4784851074219,496.6600036621094,496.1000061035156,496.218994140625,27535
2026-09-02 09:44:00-0400,496.5,496.92999267578125,496.375,496.5072021484375,32720
2026-09-02 09:45:00-0400,496.9800109863281,497.45001220703125,496.2099914550781,496.55999755859375,102321
2026-09-02 09:46:00-0400,497.5299987792969,497.7349853515625,496.6400146484375,496.9800109863281,43544
2026-09-02 09:47:00-0400,497.80499267578125,498.3299865722656,497.32000732421875,497.6000061035156,44853
2026-09-02 09:48:00-0400,498.3349914550781,498.64581298828125,497.6600036621094,497.80499267578125,47790
2026-09-02 09:49:00-0400,498.852294921875,498.8800048828125,498.29998779296875,498.3846130371094,32777
2026-09-02 09:50:00-0400,499.0050048828125,499.4129943847656,498.6400146484375,498.8500061035156,68225
2026-09-02 09:51:00-0400,498.364990234375,499.2225036621094,498.2200012207031,499.17999267578125,65785
2026-09-02 09:52:00-0400,497.8949890136719,498.5249938964844,497.79998779296875,498.3349914550781,42619
2026-09-02 09:53:00-0400,497.80499267578125,498.0299987792969,497.5299987792969,497.92999267578125,36262
2026-09-02 09:54:00-0400,497.54010009765625,497.9800109863281,497.54010009765625,497.7200012207031,26185
2026-09-02 09:55:00-0400,497.2250061035156,497.75,497.010009765625,497.5400085449219,27291
2026-09-02 09:56:00-0400,497.6600036621094,497.7799987792969,497.1499938964844,497.1499938964844,30750
2026-09-02 09:57:00-0400,498.0950012207031,498.1700134277344,497.70001220703125,497.739990234375,25492
2026-09-02 09:58:00-0400,498.2200012207031,498.2449951171875,497.7799987792969,498.0950012207031,24099
2026-09-02 09:59:00-0400,498.5350036621094,498.75,498.1199951171875,498.1199951171875,49279
2026-09-02 10:00:00-0400,497.7049865722656,498.69000244140625,497.57000732421875,498.5350036621094,55997
2026-09-02 10:01:00-0400,497.3399963378906,497.9599914550781,497.25,497.7900085449219,45817
2026-09-02 10:02:00-0400,497.4200134277344,497.75,497.1000061035156,497.3868103027344,31606
2026-09-02 10:03:00-0400,497.42999267578125,497.54998779296875,497.3399963378906,497.381103515625,21225
2026-09-02 10:04:00-0400,497.6400146484375,497.94000244140625,497.3800048828125,497.3800048828125,26600
2026-09-02 10:05:00-0400,497.8999938964844,497.8999938964844,497.4800109863281,497.6300048828125,23933
2026-09-02 10:06:00-0400,497.9100036621094,497.989990234375,497.7099914550781,497.8750915527344,21573
2026-09-02 10:07:00-0400,498.0,498.30499267578125,497.8999938964844,497.9216003417969,101097
2026-09-02 10:08:00-0400,498.1177978515625,498.44000244140625,497.8999938964844,498.1369934082031,94624
2026-09-02 10:09:00-0400,497.6099853515625,498.3900146484375,497.489990234375,498.1600036621094,28646
2026-09-02 10:10:00-0400,498.20001220703125,498.2499084472656,497.4800109863281,497.489990234375,17484
2026-09-02 10:11:00-0400,498.5,498.510009765625,498.0799865722656,498.2149963378906,20786
2026-09-02 10:12:00-0400,498.5574951171875,498.78948974609375,498.3301086425781,498.4750061035156,27471
2026-09-02 10:13:00-0400,498.70001220703125,498.70001220703125,498.1401062011719,498.55999755859375,20443
2026-09-02 10:14:00-0400,498.8599853515625,499.0899963378906,498.7699890136719,498.8299865722656,23730
2026-09-02 10:15:00-0400,498.55999755859375,498.9700012207031,498.55999755859375,498.8500061035156,29359
2026-09-02 10:16:00-0400,498.17999267578125,498.6499938964844,498.1499938964844,498.5600891113281,30702
2026-09-02 10:17:00-0400,497.7200927734375,498.2099914550781,497.68310546875,498.17999267578125,20543
2026-09-02 10:18:00-0400,497.7262878417969,497.8133850097656,497.5,497.7200012207031,42912
2026-09-02 10:19:00-0400,497.7349853515625,497.95001220703125,497.55999755859375,497.6400146484375,20947
2026-09-02 10:20:00-0400,497.9700012207031,498.1199951171875,497.6600036621094,497.70001220703125,29713
2026-09-02 10:21:00-0400,497.8699951171875,498.0,497.57000732421875,497.9649963378906,23058
2026-09-02 10:22:00-0400,498.1600036621094,498.1600036621094,497.8800964355469,497.9356994628906,19660
2026-09-02 10:23:00-0400,498.3399963378906,498.4100036621094,498.0400085449219,498.20001220703125,25837
2026-09-02 10:24:00-0400,497.8323059082031,498.3500061035156,497.7099914550781,498.3006896972656,21918
2026-09-02 10:25:00-0400,497.7200012207031,497.8500061035156,497.5,497.8500061035156,23744
2026-09-02 10:26:00-0400,498.135009765625,498.1499938964844,497.6795959472656,497.68499755859375,25890
2026-09-02 10:27:00-0400,498.0425109863281,498.17999267578125,498.010009765625,498.135009765625,26440
2026-09-02 10:28:00-0400,497.8550109863281,498.1889953613281,497.7222900390625,498.0199890136719,21963
2026-09-02 10:29:00-0400,497.7900085449219,497.92999267578125,497.6852111816406,497.8299865722656,17362
2026-09-02 10:30:00-0400,497.8500061035156,497.8500061035156,497.25,497.7200012207031,36557
2026-09-02 10:31:00-0400,497.25,497.7900085449219,497.25,497.70001220703125,25630
2026-09-02 10:32:00-0400,497.20001220703125,497.6000061035156,497.20001220703125,497.260009765625,36736
2026-09-02 10:33:00-0400,496.82501220703125,497.19989013671875,496.45001220703125,497.1300048828125,47944
2026-09-02 10:34:00-0400,497.2300109863281,497.2300109863281,496.80999755859375,496.80999755859375,18403
2026-09-02 10:35:00-0400,497.0899963378906,497.30999755859375,496.8999938964844,497.30999755859375,16565
2026-09-02 10:36:00-0400,497.3299865722656,497.3399963378906,497.0400085449219,497.114990234375,14912
2026-09-02 10:37:00-0400,497.43499755859375,497.4700012207031,496.9599914550781,497.2900085449219,33010
2026-09-02 10:38:00-0400,497.1300048828125,497.43499755859375,496.95001220703125,497.43499755859375,31489
2026-09-02 10:39:00-0400,497.5790100097656,497.5899963378906,496.9801025390625,497.1300048828125,21329
2026-09-02 10:40:00-0400,497.6908874511719,497.775390625,497.375,497.5299987792969,31740
2026-09-02 10:41:00-0400,497.67999267578125,497.79998779296875,497.5799865722656,497.7099914550781,22515
2026-09-02 10:42:00-0400,497.64129638671875,497.8275146484375,497.57000732421875,497.69500732421875,15856
2026-09-02 10:43:00-0400,497.7699890136719,497.79998779296875,497.489990234375,497.6400146484375,17507
2026-09-02 10:44:00-0400,497.95001220703125,497.9800109863281,497.70001220703125,497.70001220703125,22574
2026-09-02 10:45:00-0400,497.9949951171875,498.59521484375,497.9599914550781,497.989990234375,59225
2026-09-02 10:46:00-0400,497.8599853515625,498.0299987792969,497.54998779296875,497.9200134277344,24387
2026-09-02 10:47:00-0400,498.19000244140625,498.19000244140625,497.6449890136719,497.8299865722656,25396
2026-09-02 10:48:00-0400,497.92498779296875,498.239990234375,497.8800048828125,498.1922912597656,18067
2026-09-02 10:49:00-0400,498.239990234375,498.43798828125,497.7950134277344,497.8999938964844,30514
2026-09-02 10:50:00-0400,498.1199035644531,498.30999755859375,497.8900146484375,498.2799987792969,16119
2026-09-02 10:51:00-0400,498.44000244140625,498.5,498.0400085449219,498.0400085449219,22573
2026-09-02 10:52:00-0400,498.2799987792969,498.5400085449219,498.1300048828125,498.489990234375,19718
2026-09-02 10:53:00-0400,498.239990234375,498.3450012207031,498.0,498.2850036621094,93628
2026-09-02 10:54:00-0400,498.364990234375,498.8299865722656,498.2174987792969,498.2200012207031,31012
2026-09-02 10:55:00-0400,498.57000732421875,498.6650085449219,498.25,498.3949890136719,16074
2026-09-02 10:56:00-0400,497.93499755859375,498.6700134277344,497.87750244140625,498.625,29749
2026-09-02 10:57:00-0400,498.42999267578125,498.4599914550781,498.010009765625,498.010009765625,19929
2026-09-02 10:58:00-0400,498.44000244140625,498.8299865722656,498.3699951171875,498.4306945800781,39469
2026-09-02 10:59:00-0400,498.3999938964844,498.57000732421875,498.2099914550781,498.42010498046875,72014
2026-09-02 11:00:00-0400,498.4849853515625,498.6698913574219,498.239990234375,498.4100036621094,17897
2026-09-02 11:01:00-0400,498.2650146484375,498.5400085449219,498.20001220703125,498.4849853515625,15744
2026-09-02 11:02:00-0400,498.31500244140625,498.3999938964844,498.010009765625,498.2699890136719,24437
2026-09-02 11:03:00-0400,498.635009765625,498.739990234375,498.3699951171875,498.3999938964844,20441
2026-09-02 11:04:00-0400,497.6499938964844,498.6300048828125,497.6499938964844,498.6300048828125,28666
2026-09-02 11:05:00-0400,497.9591064453125,497.9591064453125,497.6099853515625,497.6499938964844,22164
2026-09-02 11:06:00-0400,498.0899963378906,498.2799987792969,497.8800048828125,497.8800048828125,26438
2026-09-02 11:07:00-0400,497.57501220703125,498.07000732421875,497.57501220703125,498.0050048828125,15813
2026-09-02 11:08:00-0400,497.2432861328125,497.7049865722656,497.1499938964844,497.6199951171875,27928
2026-09-02 11:09:00-0400,497.1400146484375,497.2699890136719,497.04998779296875,497.180908203125,20999
2026-09-02 11:10:00-0400,497.0450134277344,497.3099060058594,497.0201110839844,497.1099853515625,14578
2026-09-02 11:11:00-0400,497.32000732421875,497.32000732421875,496.8399963378906,497.07000732421875,20945
2026-09-02 11:12:00-0400,497.1700134277344,497.5899963378906,497.1700134277344,497.30499267578125,23784
2026-09-02 11:13:00-0400,496.5849914550781,497.1600036621094,496.5849914550781,497.1600036621094,21956
2026-09-02 11:14:00-0400,497.0552062988281,497.0899963378906,496.2799987792969,496.6015930175781,32693
2026-09-02 11:15:00-0400,497.0,497.20001220703125,496.5,497.0249938964844,21142
2026-09-02 11:16:00-0400,496.9100036621094,497.04998779296875,496.82000732421875,497.010009765625,10856
2026-09-02 11:17:00-0400,496.8299865722656,497.0,496.6000061035156,496.9200134277344,21517
2026-09-02 11:18:00-0400,496.9494934082031,496.95001220703125,496.7900085449219,496.79998779296875,17116
2026-09-02 11:19:00-0400,497.1400146484375,497.19000244140625,496.8301086425781,496.92999267578125,26158
2026-09-02 11:20:00-0400,496.989990234375,497.2124938964844,496.93499755859375,496.9601135253906,35763
2026-09-02 11:21:00-0400,497.239990234375,497.239990234375,496.9599914550781,497.06988525390625,12199
2026-09-02 11:22:00-0400,497.69000244140625,497.7799987792969,497.1300964355469,497.2200012207031,27000
2026-09-02 11:23:00-0400,497.8949890136719,497.95001220703125,497.4100036621094,497.69000244140625,25036
2026-09-02 11:24:00-0400,497.79998779296875,498.0,497.72698974609375,497.8550109863281,24924
2026-09-02 11:25:00-0400,497.7099914550781,497.9100036621094,497.7099914550781,497.79998779296875,11345
2026-09-02 11:26:00-0400,497.7799987792969,497.8399963378906,497.67999267578125,497.710693359375,10209
2026-09-02 11:27:00-0400,497.760009765625,497.8699951171875,497.6600036621094,497.7900085449219,15341
2026-09-02 11:28:00-0400,497.5050048828125,497.9200134277344,497.5050048828125,497.80999755859375,22401
2026-09-02 11:29:00-0400,497.04998779296875,497.56988525390625,496.9599914550781,497.4849853515625,24003
2026-09-02 11:30:00-0400,496.739990234375,497.2300109863281,496.7200012207031,497.0199890136719,16892
2026-09-02 11:31:00-0400,496.7200012207031,496.8323059082031,496.5950012207031,496.7699890136719,18182
2026-09-02 11:32:00-0400,496.7799987792969,496.8500061035156,496.5003967285156,496.6700134277344,18909
2026-09-02 11:33:00-0400,496.3699951171875,496.79998779296875,496.239990234375,496.7749938964844,34194
2026-09-02 11:34:00-0400,496.20001220703125,496.319091796875,495.864990234375,496.2950134277344,38627
2026-09-02 11:35:00-0400,496.0299987792969,496.20989990234375,495.8299865722656,496.20989990234375,32563
2026-09-02 11:36:00-0400,496.2900085449219,496.3999938964844,496.1300048828125,496.1300048828125,20031
2026-09-02 11:37:00-0400,496.1199951171875,496.32000732421875,496.1050109863281,496.260009765625,22079
2026-09-02 11:38:00-0400,495.760009765625,496.135009765625,495.739990234375,496.125,42362
2026-09-02 11:39:00-0400,495.7850036621094,495.84991455078125,495.4100036621094,495.7674865722656,46087
2026-09-02 11:40:00-0400,495.30999755859375,495.989990234375,495.29998779296875,495.7900085449219,59636
2026-09-02 11:41:00-0400,495.6907043457031,495.70001220703125,495.3900146484375,495.3900146484375,18696
2026-09-02 11:42:00-0400,495.510009765625,495.7377014160156,495.4100036621094,495.7099914550781,16384
2026-09-02 11:43:00-0400,495.29998779296875,495.61248779296875,495.29998779296875,495.44000244140625,17269
2026-09-02 11:44:00-0400,495.489990234375,495.6099853515625,495.2799987792969,495.2969970703125,28185
2026-09-02 11:45:00-0400,495.0199890136719,495.54998779296875,495.0199890136719,495.54998779296875,30864
2026-09-02 11:46:00-0400,495.0299987792969,495.2449951171875,494.8399963378906,495.04998779296875,104285
2026-09-02 11:47:00-0400,494.7049865722656,494.989990234375,494.6700134277344,494.989990234375,37504
2026-09-02 11:48:00-0400,494.4206848144531,494.7099914550781,494.4206848144531,494.7099914550781,23787
2026-09-02 11:49:00-0400,494.3999938964844,494.5199890136719,494.3399963378906,494.3999938964844,29804
2026-09-02 11:50:00-0400,494.17498779296875,494.4689025878906,494.1600036621094,494.4114074707031,24823
2026-09-02 11:51:00-0400,494.1400146484375,494.29998779296875,494.05999755859375,494.19000244140625,26922
2026-09-02 11:52:00-0400,494.44000244140625,494.5,494.0799865722656,494.1400146484375,29433
2026-09-02 11:53:00-0400,494.2049865722656,494.489990234375,494.17498779296875,494.3949890136719,23739
2026-09-02 11:54:00-0400,494.20001220703125,494.3299865722656,494.1000061035156,494.2149963378906,22259
2026-09-02 11:55:00-0400,494.1549987792969,494.2300109863281,493.90008544921875,494.19500732421875,36182
2026-09-02 11:56:00-0400,493.9414978027344,494.1549987792969,493.8999938964844,494.1549987792969,26492
2026-09-02 11:57:00-0400,494.4150085449219,494.4599914550781,493.8999938964844,493.9549865722656,27045
2026-09-02 11:58:00-0400,494.68499755859375,494.82000732421875,494.3900146484375,494.4335021972656,26734
2026-09-02 11:59:00-0400,494.7749938964844,494.79998779296875,494.6300048828125,494.69000244140625,16030
2026-09-02 12:00:00-0400,494.76251220703125,494.8399963378906,494.65008544921875,494.7900085449219,19229
2026-09-02 12:01:00-0400,495.1499938964844,495.19000244140625,494.7099914550781,494.7950134277344,36269
2026-09-02 12:02:00-0400,494.82000732421875,495.19000244140625,494.69000244140625,495.1199951171875,26004
2026-09-02 12:03:00-0400,494.8550109863281,494.94000244140625,494.69000244140625,494.80999755859375,39887
2026-09-02 12:04:00-0400,495.05999755859375,495.1700134277344,494.7799987792969,494.8299865722656,23136
2026-09-02 12:05:00-0400,494.8699951171875,495.1300048828125,494.760009765625,495.0899963378906,24181
2026-09-02 12:06:00-0400,494.7799987792969,494.9599914550781,494.6900939941406,494.8999938964844,35340
2026-09-02 12:07:00-0400,494.94500732421875,494.95001220703125,494.7300109863281,494.82501220703125,18771
2026-09-02 12:08:00-0400,494.8901062011719,495.0,494.8900146484375,494.9599914550781,19044
2026-09-02 12:09:00-0400,494.9100036621094,494.94000244140625,494.78009033203125,494.9100036621094,15021
2026-09-02 12:10:00-0400,494.6300964355469,494.9700012207031,494.5799865722656,494.92498779296875,20901
2026-09-02 12:11:00-0400,494.6400146484375,494.75,494.5450134277344,494.6600036621094,24117
2026-09-02 12:12:00-0400,494.69000244140625,494.69000244140625,494.510009765625,494.6600036621094,15522
2026-09-02 12:13:00-0400,494.6499938964844,494.7340087890625,494.5899963378906,494.7099914550781,16688
2026-09-02 12:14:00-0400,494.5199890136719,494.659912109375,494.4100036621094,494.6300048828125,18864
2026-09-02 12:15:00-0400,494.17999267578125,494.5,494.1300048828125,494.5,26294
2026-09-02 12:16:00-0400,494.1000061035156,494.1549987792969,493.9100036621094,494.1549987792969,31511
2026-09-02 12:17:00-0400,494.3699951171875,494.4800109863281,494.1199951171875,494.1199951171875,16423
2026-09-02 12:18:00-0400,494.2300109863281,494.5,494.2300109863281,494.5,22240
2026-09-02 12:19:00-0400,494.5899963378906,494.6099853515625,494.260009765625,494.30999755859375,17587
2026-09-02 12:20:00-0400,494.5199890136719,494.6300048828125,494.4200134277344,494.6134033203125,22862
2026-09-02 12:21:00-0400,494.30999755859375,494.5199890136719,494.260009765625,494.5199890136719,22484
2026-09-02 12:22:00-0400,494.260009765625,494.4150085449219,494.2300109863281,494.2900085449219,36512
2026-09-02 12:23:00-0400,494.0,494.3299865722656,494.0,494.3299865722656,23135
2026-09-02 12:24:00-0400,493.8599853515625,494.1700134277344,493.8399963378906,494.04998779296875,39949
2026-09-02 12:25:00-0400,494.05499267578125,494.05999755859375,493.8900146484375,493.9130859375,19614
2026-09-02 12:26:00-0400,493.9150085449219,494.09979248046875,493.8900146484375,494.0199890136719,21052
2026-09-02 12:27:00-0400,494.1499938964844,494.2300109863281,493.8699951171875,493.94000244140625,23270
2026-09-02 12:28:00-0400,493.8919982910156,494.2200012207031,493.8900146484375,494.1700134277344,19062
2026-09-02 12:29:00-0400,494.17999267578125,494.2799987792969,493.80999755859375,493.92498779296875,43085
2026-09-02 12:30:00-0400,494.1700134277344,494.2900085449219,494.1300964355469,494.25,20597
2026-09-02 12:31:00-0400,494.31500244140625,494.3800048828125,494.1549987792969,494.1600036621094,23706
2026-09-02 12:32:00-0400,494.0849914550781,494.3800048828125,493.94000244140625,494.30999755859375,30177
2026-09-02 12:33:00-0400,494.0400085449219,494.1499938964844,493.8599853515625,494.0849914550781,17104
2026-09-02 12:34:00-0400,494.07501220703125,494.20001220703125,493.9801025390625,494.0249938964844,11770
2026-09-02 12:35:00-0400,494.375,494.3999938964844,494.0201110839844,494.0799865722656,18414
2026-09-02 12:36:00-0400,494.6099853515625,494.7799987792969,494.3999938964844,494.4100036621094,20996
2026-09-02 12:37:00-0400,494.9200134277344,494.9200134277344,494.5450134277344,494.55499267578125,20662
2026-09-02 12:38:00-0400,494.79998779296875,494.92999267578125,494.7701110839844,494.8800048828125,18552
2026-09-02 12:39:00-0400,494.8949890136719,494.9800109863281,494.79998779296875,494.79998779296875,21401
2026-09-02 12:40:00-0400,494.6600036621094,494.8949890136719,494.4700012207031,494.8949890136719,23559
2026-09-02 12:41:00-0400,494.80999755859375,494.9599914550781,494.6199951171875,494.6600036621094,18249
2026-09-02 12:42:00-0400,494.6650085449219,494.8399963378906,494.6300964355469,494.80999755859375,9246
2026-09-02 12:43:00-0400,494.55999755859375,494.6400146484375,494.4100036621094,494.6400146484375,13362
2026-09-02 12:44:00-0400,494.5450134277344,494.6199951171875,494.489990234375,494.510009765625,9533
2026-09-02 12:45:00-0400,495.1000061035156,495.1499938964844,494.55499267578125,494.55499267578125,33516
2026-09-02 12:46:00-0400,495.30999755859375,495.30999755859375,495.0450134277344,495.1199951171875,14113
2026-09-02 12:47:00-0400,495.2200012207031,495.36968994140625,495.1300048828125,495.29998779296875,32692
2026-09-02 12:48:00-0400,495.2349853515625,495.283203125,495.1300048828125,495.25,15409
2026-09-02 12:49:00-0400,495.5199890136719,495.5199890136719,495.1300048828125,495.2349853515625,16152
2026-09-02 12:50:00-0400,495.389892578125,495.58990478515625,495.29998779296875,495.5,16595
2026-09-02 12:51:00-0400,495.4599914550781,495.4599914550781,495.30499267578125,495.3399963378906,10212
2026-09-02 12:52:00-0400,495.44000244140625,495.510009765625,495.3699951171875,495.4599914550781,36185
2026-09-02 12:53:00-0400,495.9599914550781,496.0,495.4241027832031,495.50860595703125,25097
2026-09-02 12:54:00-0400,496.0350036621094,496.125,495.8999938964844,496.0350036621094,41441
2026-09-02 12:55:00-0400,496.19500732421875,496.25,495.9800109863281,495.9800109863281,38699
2026-09-02 12:56:00-0400,496.1300048828125,496.25,496.04998779296875,496.2247009277344,19154
2026-09-02 12:57:00-0400,496.1600036621094,496.20001220703125,495.9912109375,496.07501220703125,15013
2026-09-02 12:58:00-0400,495.9750061035156,496.125,495.9200134277344,496.1199951171875,14253
2026-09-02 12:59:00-0400,495.8345947265625,495.9849853515625,495.710693359375,495.9849853515625,12434
2026-09-02 13:00:00-0400,496.2799987792969,496.3599853515625,495.7799987792969,495.7900085449219,23922
2026-09-02 13:01:00-0400,496.2121887207031,496.45001220703125,496.0000915527344,496.2250061035156,25094
2026-09-02 13:02:00-0400,496.739990234375,496.739990234375,496.1499938964844,496.17999267578125,16522
2026-09-02 13:03:00-0400,496.75,496.97918701171875,496.70001220703125,496.79998779296875,34675
2026-09-02 13:04:00-0400,496.6700134277344,496.82000732421875,496.44000244140625,496.7149963378906,31626
2026-09-02 13:05:00-0400,496.6300048828125,496.7699890136719,496.4314880371094,496.69390869140625,17703
2026-09-02 13:06:00-0400,496.2850036621094,496.7449951171875,496.20001220703125,496.6300048828125,14850
2026-09-02 13:07:00-0400,496.1600036621094,496.302490234375,496.1000061035156,496.302490234375,21662
2026-09-02 13:08:00-0400,496.0450134277344,496.239990234375,495.9230041503906,496.1600036621094,31833
2026-09-02 13:09:00-0400,495.94000244140625,496.010009765625,495.7200012207031,495.9800109863281,36098
2026-09-02 13:10:00-0400,496.3599853515625,496.3840026855469,495.9200134277344,495.92010498046875,13032
2026-09-02 13:11:00-0400,496.3599853515625,496.5,496.2799987792969,496.3599853515625,13977
2026-09-02 13:12:00-0400,496.2950134277344,496.3900146484375,496.2250061035156,496.30999755859375,11842
2026-09-02 13:13:00-0400,496.4288024902344,496.4599914550781,496.20001220703125,496.2749938964844,12456
2026-09-02 13:14:00-0400,496.55999755859375,496.70001220703125,496.3100891113281,496.4100036621094,11330
2026-09-02 13:15:00-0400,496.5400085449219,496.6050109863281,496.3367004394531,496.6050109863281,52234
2026-09-02 13:16:00-0400,496.239990234375,496.59710693359375,496.1669921875,496.59710693359375,11315
2026-09-02 13:17:00-0400,496.1099853515625,496.2699890136719,496.0784912109375,496.2099914550781,10482
2026-09-02 13:18:00-0400,495.8500061035156,496.2099914550781,495.7799987792969,496.1700134277344,16030
2026-09-02 13:19:00-0400,495.7699890136719,495.8999938964844,495.73858642578125,495.8599853515625,9430
2026-09-02 13:20:00-0400,495.8500061035156,495.9100036621094,495.7300109863281,495.79998779296875,13315
2026-09-02 13:21:00-0400,495.68499755859375,495.8399963378906,495.6000061035156,495.8150939941406,22363
2026-09-02 13:22:00-0400,496.1650085449219,496.42999267578125,495.69000244140625,495.7200012207031,25607
2026-09-02 13:23:00-0400,496.1300048828125,496.2250061035156,496.0010070800781,496.1650085449219,11909
2026-09-02 13:24:00-0400,496.3599853515625,496.3599853515625,496.10699462890625,496.1300048828125,16225
2026-09-02 13:25:00-0400,496.3800048828125,496.489990234375,496.2699890136719,496.3599853515625,22582
2026-09-02 13:26:00-0400,496.5249938964844,496.6400146484375,496.32000732421875,496.45989990234375,18135
2026-09-02 13:27:00-0400,496.4729919433594,496.55999755859375,496.44000244140625,496.5299987792969,9237
2026-09-02 13:28:00-0400,496.57501220703125,496.6600036621094,496.4549865722656,496.4549865722656,17867
2026-09-02 13:29:00-0400,496.4599914550781,496.6499938964844,496.3999938964844,496.6499938964844,18413
2026-09-02 13:30:00-0400,496.55999755859375,496.57000732421875,496.32000732421875,496.45001220703125,19877
2026-09-02 13:31:00-0400,496.7200012207031,496.7699890136719,496.3299865722656,496.5350036621094,26738
2026-09-02 13:32:00-0400,496.82000732421875,496.82000732421875,496.67999267578125,496.760009765625,17407
2026-09-02 13:33:00-0400,496.7200012207031,496.8399963378906,496.67999267578125,496.7950134277344,15446
2026-09-02 13:34:00-0400,496.75,496.8999938964844,496.6499938964844,496.67999267578125,23598
2026-09-02 13:35:00-0400,496.79998779296875,496.8888854980469,496.7301025390625,496.7449951171875,15582
2026-09-02 13:36:00-0400,496.6199951171875,496.8699951171875,496.5199890136719,496.7850036621094,19331
2026-09-02 13:37:00-0400,496.54998779296875,496.62701416015625,496.4800109863281,496.5249938964844,20271
2026-09-02 13:38:00-0400,496.42010498046875,496.5899963378906,496.42010498046875,496.54998779296875,16428
2026-09-02 13:39:00-0400,496.6000061035156,496.6199951171875,496.4200134277344,496.4200134277344,13572
2026-09-02 13:40:00-0400,496.6300048828125,496.69000244140625,496.510009765625,496.6099853515625,10857
2026-09-02 13:41:00-0400,496.627197265625,496.6299133300781,496.5199890136719,496.6000061035156,11399
2026-09-02 13:42:00-0400,496.6300048828125,496.7900085449219,496.4100036621094,496.6400146484375,20548
2026-09-02 13:43:00-0400,496.7449951171875,496.8599853515625,496.6300048828125,496.67999267578125,18125
2026-09-02 13:44:00-0400,496.9100036621094,497.0899963378906,496.7900085449219,496.7900085449219,21950
2026-09-02 13:45:00-0400,496.94000244140625,497.0994873046875,496.8500061035156,496.92999267578125,19261
2026-09-02 13:46:00-0400,496.8450012207031,496.94000244140625,496.6700134277344,496.94000244140625,29729
2026-09-02 13:47:00-0400,496.3999938964844,496.79998779296875,496.32501220703125,496.7900085449219,25784
2026-09-02 13:48:00-0400,496.55499267578125,496.56878662109375,496.40008544921875,496.44500732421875,23062
2026-09-02 13:49:00-0400,496.79998779296875,497.0224914550781,496.5201110839844,496.55499267578125,17224
2026-09-02 13:50:00-0400,496.840087890625,496.9656982421875,496.6700134277344,496.8399963378906,10777
2026-09-02 13:51:00-0400,496.9200134277344,496.9200134277344,496.6700134277344,496.8699951171875,13449
2026-09-02 13:52:00-0400,496.8489990234375,496.9599914550781,496.8299865722656,496.92498779296875,12059
2026-09-02 13:53:00-0400,497.0557861328125,497.1000061035156,496.760009765625,496.79998779296875,12284
2026-09-02 13:54:00-0400,496.92999267578125,497.07501220703125,496.92498779296875,497.05999755859375,19449
2026-09-02 13:55:00-0400,497.0950927734375,497.15130615234375,496.7799987792969,496.8999938964844,23463
2026-09-02 13:56:00-0400,497.2550048828125,497.30999755859375,497.0400085449219,497.125,27167
2026-09-02 13:57:00-0400,497.7489929199219,497.7489929199219,497.2550048828125,497.2550048828125,28552
2026-09-02 13:58:00-0400,497.68499755859375,497.8500061035156,497.6499938964844,497.6499938964844,53169
2026-09-02 13:59:00-0400,497.6449890136719,497.7900085449219,497.60009765625,497.7099914550781,22475
2026-09-02 14:00:00-0400,497.4200134277344,497.760009765625,497.21728515625,497.6449890136719,18240
2026-09-02 14:01:00-0400,497.32501220703125,497.42999267578125,497.25,497.3599853515625,10390
2026-09-02 14:02:00-0400,496.9100036621094,497.2900085449219,496.81829833984375,497.2699890136719,19818
2026-09-02 14:03:00-0400,497.04998779296875,497.1700134277344,496.82000732421875,496.9100036621094,16833
2026-09-02 14:04:00-0400,496.8500061035156,497.0899963378906,496.75,497.05499267578125,14708
2026-09-02 14:05:00-0400,496.4549865722656,496.82000732421875,496.45001220703125,496.7799987792969,16437
2026-09-02 14:06:00-0400,496.5199890136719,496.6300048828125,496.43499755859375,496.4549865722656,11382
2026-09-02 14:07:00-0400,496.3900146484375,496.5758056640625,496.3500061035156,496.489990234375,9595
2026-09-02 14:08:00-0400,496.30999755859375,496.5299987792969,496.260009765625,496.42999267578125,19667
2026-09-02 14:09:00-0400,496.2799987792969,496.456298828125,496.2699890136719,496.30999755859375,10357
2026-09-02 14:10:00-0400,496.29150390625,496.4299011230469,496.1549987792969,496.260009765625,17214
2026-09-02 14:11:00-0400,496.1099853515625,496.29998779296875,496.1099853515625,496.29998779296875,7628
2026-09-02 14:12:00-0400,496.1300048828125,496.2799987792969,496.1199951171875,496.125,12553
2026-09-02 14:13:00-0400,496.2699890136719,496.2699890136719,496.0899963378906,496.1300048828125,15492
2026-09-02 14:14:00-0400,496.2250061035156,496.25,496.1199951171875,496.19000244140625,9768
2026-09-02 14:15:00-0400,496.2149963378906,496.2799987792969,496.1099853515625,496.1549987792969,10025
2026-09-02 14:16:00-0400,496.05999755859375,496.2699890136719,496.0400085449219,496.2149963378906,12185
2026-09-02 14:17:00-0400,496.18499755859375,496.2300109863281,496.04998779296875,496.1199951171875,8784
2026-09-02 14:18:00-0400,496.6199951171875,497.0249938964844,496.1600036621094,496.20001220703125,47956
2026-09-02 14:19:00-0400,496.6300048828125,496.71868896484375,496.4601135253906,496.6543884277344,21533
2026-09-02 14:20:00-0400,496.54998779296875,496.7200012207031,496.5201110839844,496.6000061035156,19172
2026-09-02 14:21:00-0400,496.3500061035156,496.8337097167969,496.25,496.6400146484375,16608
2026-09-02 14:22:00-0400,496.29998779296875,496.3599853515625,496.20001220703125,496.32000732421875,14033
2026-09-02 14:23:00-0400,496.19189453125,496.33990478515625,496.18499755859375,496.29998779296875,11274
2026-09-02 14:24:00-0400,496.29998779296875,496.29998779296875,496.1600036621094,496.20831298828125,7963
2026-09-02 14:25:00-0400,496.17999267578125,496.3598937988281,496.17999267578125,496.30999755859375,10711
2026-09-02 14:26:00-0400,496.1300048828125,496.24810791015625,496.07000732421875,496.1960144042969,14912
2026-09-02 14:27:00-0400,496.10009765625,496.1889953613281,496.0199890136719,496.1400146484375,11993
2026-09-02 14:28:00-0400,495.9150085449219,496.16949462890625,495.9150085449219,496.07501220703125,13827
2026-09-02 14:29:00-0400,496.1050109863281,496.1400146484375,495.92999267578125,495.95001220703125,11316
2026-09-02 14:30:00-0400,496.2699890136719,496.2900085449219,496.0700988769531,496.11090087890625,13114
2026-09-02 14:31:00-0400,496.2900085449219,496.3500061035156,496.15008544921875,496.2900085449219,17109
2026-09-02 14:32:00-0400,496.2799987792969,496.3800048828125,496.2699890136719,496.30499267578125,11219
2026-09-02 14:33:00-0400,496.4700012207031,496.4700012207031,496.25,496.32000732421875,12624
2026-09-02 14:34:00-0400,496.0987854003906,496.58990478515625,496.07000732421875,496.4313049316406,20165
2026-09-02 14:35:00-0400,496.0824890136719,496.1189880371094,496.0050048828125,496.0899963378906,12961
2026-09-02 14:36:00-0400,495.81500244140625,496.1300048828125,495.7900085449219,496.1300048828125,17516
2026-09-02 14:37:00-0400,495.80999755859375,495.9100036621094,495.7550048828125,495.81500244140625,17092
2026-09-02 14:38:00-0400,495.82501220703125,495.9200134277344,495.7799987792969,495.80999755859375,13595
2026-09-02 14:39:00-0400,495.5450134277344,495.80999755859375,495.5199890136719,495.7799987792969,12069
2026-09-02 14:40:00-0400,495.6700134277344,495.7250061035156,495.57000732421875,495.57000732421875,10921
2026-09-02 14:41:00-0400,495.32501220703125,495.6449890136719,495.2900085449219,495.6099853515625,9123
2026-09-02 14:42:00-0400,495.2200012207031,495.3800048828125,495.1000061035156,495.3293151855469,15306
2026-09-02 14:43:00-0400,495.1300048828125,495.239990234375,495.1099853515625,495.2200012207031,8554
2026-09-02 14:44:00-0400,495.19000244140625,495.3500061035156,495.1109924316406,495.1400146484375,16702
2026-09-02 14:45:00-0400,495.1600036621094,495.2900085449219,495.1199951171875,495.260009765625,16472
2026-09-02 14:46:00-0400,494.85009765625,495.1449890136719,494.8500061035156,495.1449890136719,21159
2026-09-02 14:47:00-0400,494.94000244140625,494.9800109863281,494.8500061035156,494.8500061035156,14090
2026-09-02 14:48:00-0400,495.1700134277344,495.2283935546875,494.94500732421875,494.9700012207031,19223
2026-09-02 14:49:00-0400,495.2099914550781,495.32989501953125,495.1300048828125,495.1499938964844,12836
2026-09-02 14:50:00-0400,495.4100036621094,495.5430908203125,495.2001037597656,495.2099914550781,22991
2026-09-02 14:51:00-0400,495.1600036621094,495.3599853515625,495.1499938964844,495.32000732421875,8381
2026-09-02 14:52:00-0400,495.0950012207031,495.19000244140625,494.9700012207031,495.0799865722656,15249
2026-09-02 14:53:00-0400,495.1109924316406,495.2099914550781,495.0400085449219,495.0849914550781,11805
2026-09-02 14:54:00-0400,495.1549987792969,495.19000244140625,495.05999755859375,495.1610107421875,14380
2026-09-02 14:55:00-0400,495.19000244140625,495.2090148925781,495.0199890136719,495.1549987792969,13740
2026-09-02 14:56:00-0400,495.19500732421875,495.2300109863281,495.1300048828125,495.17498779296875,13906
2026-09-02 14:57:00-0400,495.0534973144531,495.30999755859375,495.010009765625,495.239990234375,10140
2026-09-02 14:58:00-0400,495.0934143066406,495.1700134277344,494.9599914550781,495.0,14889
2026-09-02 14:59:00-0400,495.2799987792969,495.2799987792969,495.07000732421875,495.07000732421875,21230
2026-09-02 15:00:00-0400,495.489990234375,495.57720947265625,495.29998779296875,495.29998779296875,26707
2026-09-02 15:01:00-0400,495.6400146484375,495.67999267578125,495.4400939941406,495.54998779296875,21365
2026-09-02 15:02:00-0400,495.75,495.7998962402344,495.385009765625,495.5899963378906,33418
2026-09-02 15:03:00-0400,495.6300048828125,495.82000732421875,495.54010009765625,495.82000732421875,13532
2026-09-02 15:04:00-0400,495.6549987792969,495.6700134277344,495.4599914550781,495.635009765625,10554
2026-09-02 15:05:00-0400,495.6050109863281,495.7300109863281,495.55499267578125,495.6549987792969,14392
2026-09-02 15:06:00-0400,495.677490234375,495.82000732421875,495.6000061035156,495.6050109863281,14718
2026-09-02 15:07:00-0400,495.7300109863281,495.7799987792969,495.67999267578125,495.7149963378906,7946
2026-09-02 15:08:00-0400,495.7699890136719,495.80999755859375,495.6700134277344,495.79998779296875,15440
2026-09-02 15:09:00-0400,496.0450134277344,496.0710144042969,495.7799987792969,495.7900085449219,16719
2026-09-02 15:10:00-0400,496.0,496.1199951171875,495.94000244140625,496.0899963378906,16160
2026-09-02 15:11:00-0400,496.0335998535156,496.0335998535156,495.8900146484375,496.0,55220
2026-09-02 15:12:00-0400,496.3699951171875,496.3699951171875,495.9549865722656,496.010009765625,17352
2026-09-02 15:13:00-0400,496.3399963378906,496.3550109863281,496.2099914550781,496.30999755859375,18882
2026-09-02 15:14:00-0400,496.3399963378906,496.42999267578125,496.2699890136719,496.29998779296875,13156
2026-09-02 15:15:00-0400,496.3699951171875,496.44500732421875,496.2200012207031,496.4289855957031,21803
2026-09-02 15:16:00-0400,496.6900939941406,496.7900085449219,496.4100036621094,496.4100036621094,29318
2026-09-02 15:17:00-0400,496.489990234375,496.760009765625,496.489990234375,496.68499755859375,20799
2026-09-02 15:18:00-0400,496.4549865722656,496.552001953125,496.3299865722656,496.5035095214844,14858
2026-09-02 15:19:00-0400,496.5950012207031,496.6000061035156,496.3999938964844,496.4549865722656,19689
2026-09-02 15:20:00-0400,496.3800048828125,496.67999267578125,496.3800048828125,496.6000061035156,21342
2026-09-02 15:21:00-0400,496.5799865722656,496.8919982910156,496.385009765625,496.385009765625,26859
2026-09-02 15:22:00-0400,496.7799987792969,496.79998779296875,496.3900146484375,496.56500244140625,78620
2026-09-02 15:23:00-0400,496.66400146484375,496.8299865722656,496.5899963378906,496.8190002441406,17960
2026-09-02 15:24:00-0400,496.8500061035156,496.8699951171875,496.6000061035156,496.635009765625,23563
2026-09-02 15:25:00-0400,496.6700134277344,496.80499267578125,496.4200134277344,496.80499267578125,30214
2026-09-02 15:26:00-0400,496.7200012207031,496.7699890136719,496.5899963378906,496.6199035644531,16009
2026-09-02 15:27:00-0400,496.8500061035156,496.8800048828125,496.6099853515625,496.7449951171875,23134
2026-09-02 15:28:00-0400,497.06500244140625,497.1099853515625,496.7950134277344,496.8599853515625,35863
2026-09-02 15:29:00-0400,497.1549987792969,497.44000244140625,497.0400085449219,497.1099853515625,44038
2026-09-02 15:30:00-0400,496.8299865722656,497.260009765625,496.8299865722656,497.2200012207031,42051
2026-09-02 15:31:00-0400,496.8999938964844,497.0799865722656,496.8500061035156,496.94000244140625,17137
2026-09-02 15:32:00-0400,496.3399963378906,496.95001220703125,496.3039855957031,496.8999938964844,29987
2026-09-02 15:33:00-0400,497.1099853515625,497.2200012207031,496.3500061035156,496.3500061035156,37514
2026-09-02 15:34:00-0400,496.8890075683594,497.0899963378906,496.6000061035156,497.07000732421875,31130
2026-09-02 15:35:00-0400,497.04998779296875,497.1000061035156,496.82000732421875,496.8599853515625,46838
2026-09-02 15:36:00-0400,496.6889953613281,497.0899963378906,496.6499938964844,497.07000732421875,24769
2026-09-02 15:37:00-0400,496.60009765625,496.79998779296875,496.60009765625,496.6400146484375,26004
2026-09-02 15:38:00-0400,496.6534118652344,496.7099914550781,496.54998779296875,496.61309814453125,20083
2026-09-02 15:39:00-0400,496.8999938964844,496.94000244140625,496.6200866699219,496.66400146484375,23928
2026-09-02 15:40:00-0400,496.8900146484375,496.95989990234375,496.8200988769531,496.8949890136719,16328
2026-09-02 15:41:00-0400,497.010009765625,497.114990234375,496.8500061035156,496.92999267578125,51582
2026-09-02 15:42:00-0400,497.1872863769531,497.19000244140625,497.0024108886719,497.0299987792969,27565
2026-09-02 15:43:00-0400,497.19000244140625,497.2200012207031,496.9599914550781,497.1700134277344,25381
2026-09-02 15:44:00-0400,497.31500244140625,497.3299865722656,497.0799865722656,497.2200012207031,24822
2026-09-02 15:45:00-0400,497.2349853515625,497.3800048828125,497.1600036621094,497.32501220703125,28526
2026-09-02 15:46:00-0400,497.2981872558594,497.3999938964844,497.20001220703125,497.2300109863281,25761
2026-09-02 15:47:00-0400,497.0899963378906,497.3399963378906,497.03009033203125,497.29998779296875,20690
2026-09-02 15:48:00-0400,497.0899963378906,497.20001220703125,496.94000244140625,497.0799865722656,29478
2026-09-02 15:49:00-0400,496.8900146484375,497.1700134277344,496.8599853515625,497.1099853515625,27370
2026-09-02 15:50:00-0400,496.989990234375,497.1600036621094,496.79998779296875,496.79998779296875,42906
2026-09-02 15:51:00-0400,496.9725036621094,497.1000061035156,496.9700927734375,497.0,35450
2026-09-02 15:52:00-0400,496.9110107421875,497.1400146484375,496.8900146484375,497.0299987792969,31728
2026-09-02 15:53:00-0400,497.1549987792969,497.20001220703125,496.9200134277344,496.94879150390625,34075
2026-09-02 15:54:00-0400,497.2799987792969,497.5,497.05999755859375,497.1549987792969,68724
2026-09-02 15:55:00-0400,496.6400146484375,497.42999267578125,496.5799865722656,497.2799987792969,77192
2026-09-02 15:56:00-0400,496.5199890136719,496.69000244140625,496.3800048828125,496.5899963378906,62486
2026-09-02 15:57:00-0400,496.635009765625,496.7099914550781,496.45001220703125,496.5199890136719,67821
2026-09-02 15:58:00-0400,496.5899963378906,496.67999267578125,496.55999755859375,496.6499938964844,104005
2026-09-02 15:59:00-0400,496.80999755859375,496.9700012207031,496.3900146484375,496.6000061035156,257155
