Price,Close,High,Low,Open,Volume
Ticker,NET,NET,NET,NET,NET
Datetime,,,,,
2026-08-27 09:30:00-04:00,292.70001220703125,293.7900085449219,290.2749938964844,290.2900085449219,149148
2026-08-27 09:31:00-04:00,293.5,294.0,292.4599914550781,294.0,9794
2026-08-27 09:32:00-04:00,296.5899963378906,298.0899963378906,293.45001220703125,293.5,37142
2026-08-27 09:33:00-04:00,296.3999938964844,297.6499938964844,295.7799987792969,297.1075134277344,20069
2026-08-27 09:34:00-04:00,298.75,298.75,296.1300048828125,296.4100036621094,18119
2026-08-27 09:35:00-04:00,297.5,299.4898986816406,296.7099914550781,299.0,22642
2026-08-27 09:36:00-04:00,299.52508544921875,299.8999938964844,297.2240905761719,297.5,11641
2026-08-27 09:37:00-04:00,297.69000244140625,299.8999938964844,296.7099914550781,299.5199890136719,20355
2026-08-27 09:38:00-04:00,297.3629150390625,298.3175048828125,297.26019287109375,297.8771057128906,15141
2026-08-27 09:39:00-04:00,296.0199890136719,298.3800048828125,295.3500061035156,298.0,27788
2026-08-27 09:40:00-04:00,296.5,296.7799987792969,295.3299865722656,296.760009765625,29776
2026-08-27 09:41:00-04:00,296.70001220703125,297.0899963378906,295.989990234375,296.6050109863281,9603
2026-08-27 09:42:00-04:00,295.06500244140625,296.1199951171875,294.2401123046875,295.8399963378906,15664
2026-08-27 09:43:00-04:00,296.5799865722656,296.8550109863281,295.0450134277344,295.0450134277344,22834
2026-08-27 09:44:00-04:00,297.5,297.8299865722656,296.7349853515625,296.7349853515625,12715
2026-08-27 09:45:00-04:00,296.4750061035156,298.18499755859375,296.0765075683594,297.6449890136719,28644
2026-08-27 09:46:00-04:00,295.8251037597656,297.0249938964844,295.44000244140625,296.9100036621094,7498
2026-08-27 09:47:00-04:00,296.54998779296875,296.8500061035156,295.466796875,295.6600036621094,11681
2026-08-27 09:48:00-04:00,297.75,298.1099853515625,296.54998779296875,296.54998779296875,18215
2026-08-27 09:49:00-04:00,299.2349853515625,299.2349853515625,297.3847961425781,297.8900146484375,14254
2026-08-27 09:50:00-04:00,300.57000732421875,300.57000732421875,299.4100036621094,299.4100036621094,20144
2026-08-27 09:51:00-04:00,301.0,301.9100036621094,300.2300109863281,300.6099853515625,9525
2026-08-27 09:52:00-04:00,301.4100036621094,301.75,300.75,301.1300048828125,8768
2026-08-27 09:53:00-04:00,302.3349914550781,302.45001220703125,301.6449890136719,301.75,14210
2026-08-27 09:54:00-04:00,302.1449890136719,303.1650085449219,301.69000244140625,302.4599914550781,43493
2026-08-27 09:55:00-04:00,302.1000061035156,302.2799987792969,301.19000244140625,302.1449890136719,44202
2026-08-27 09:56:00-04:00,300.7699890136719,302.279296875,300.7699890136719,301.95001220703125,10350
2026-08-27 09:57:00-04:00,300.6099853515625,301.0,300.6099853515625,300.6199951171875,6033
2026-08-27 09:58:00-04:00,303.3800048828125,303.3800048828125,300.9750061035156,301.0,24404
2026-08-27 09:59:00-04:00,302.57501220703125,303.5899963378906,302.1510009765625,303.3800048828125,19280
2026-08-27 10:00:00-04:00,302.0,303.5299987792969,302.0,302.57501220703125,14942
2026-08-27 10:01:00-04:00,302.4800109863281,303.3999938964844,302.264892578125,302.4949951171875,9609
2026-08-27 10:02:00-04:00,302.2099914550781,302.6400146484375,302.010009765625,302.5150146484375,19288
2026-08-27 10:03:00-04:00,301.1199951171875,302.0450134277344,300.3550109863281,302.0199890136719,22916
2026-08-27 10:04:00-04:00,300.5284118652344,301.2300109863281,300.5284118652344,301.2300109863281,18814
2026-08-27 10:05:00-04:00,301.4800109863281,301.4800109863281,300.5950012207031,300.9599914550781,9924
2026-08-27 10:06:00-04:00,301.31500244140625,301.6099853515625,301.260009765625,301.4800109863281,7826
2026-08-27 10:07:00-04:00,301.0,301.3500061035156,300.6449890136719,300.75,8904
2026-08-27 10:08:00-04:00,300.8699951171875,301.1300048828125,300.2200012207031,301.1300048828125,7985
2026-08-27 10:09:00-04:00,300.3371887207031,301.04998779296875,300.0,300.7300109863281,9442
2026-08-27 10:10:00-04:00,301.67999267578125,302.0899963378906,301.0400085449219,301.0400085449219,7575
2026-08-27 10:11:00-04:00,303.07000732421875,303.2099914550781,301.8299865722656,302.0,17675
2026-08-27 10:12:00-04:00,304.114990234375,304.114990234375,303.135009765625,303.1499938964844,17287
2026-08-27 10:13:00-04:00,305.125,305.6769104003906,304.1549987792969,304.1549987792969,20906
2026-08-27 10:14:00-04:00,304.7799987792969,305.4700012207031,304.55999755859375,305.465087890625,12286
2026-08-27 10:15:00-04:00,305.010009765625,305.20001220703125,304.44110107421875,304.67999267578125,15565
2026-08-27 10:16:00-04:00,304.29998779296875,305.0050048828125,304.0,305.0050048828125,22678
2026-08-27 10:17:00-04:00,304.989990234375,304.989990234375,304.1589050292969,304.3999938964844,5743
2026-08-27 10:18:00-04:00,304.7349853515625,305.0899963378906,304.7099914550781,304.989990234375,9834
2026-08-27 10:19:00-04:00,305.0,305.25,304.7349853515625,304.7349853515625,17221
2026-08-27 10:20:00-04:00,304.57000732421875,305.20001220703125,304.57000732421875,305.19000244140625,7510
2026-08-27 10:21:00-04:00,304.67498779296875,305.1199951171875,304.44000244140625,304.44000244140625,13973
2026-08-27 10:22:00-04:00,304.6400146484375,304.9200134277344,304.5625,304.6050109863281,13872
2026-08-27 10:23:00-04:00,303.75,304.5299987792969,303.5199890136719,304.30999755859375,16501
2026-08-27 10:24:00-04:00,303.3900146484375,303.6499938964844,303.2900085449219,303.4100036621094,106962
2026-08-27 10:25:00-04:00,303.56500244140625,303.6199951171875,303.1199951171875,303.6199951171875,8871
2026-08-27 10:26:00-04:00,303.3699951171875,303.6600036621094,302.9599914550781,303.6600036621094,6285
2026-08-27 10:27:00-04:00,303.0050048828125,303.5899963378906,302.760009765625,302.760009765625,4395
2026-08-27 10:28:00-04:00,303.0899963378906,303.45001220703125,302.7699890136719,303.17999267578125,8292
2026-08-27 10:29:00-04:00,303.3699951171875,303.95001220703125,303.3699951171875,303.4100036621094,4173
2026-08-27 10:30:00-04:00,303.32501220703125,303.82000732421875,303.29998779296875,303.375,4499
2026-08-27 10:31:00-04:00,302.92999267578125,303.5450134277344,302.7900085449219,303.31500244140625,8498
2026-08-27 10:32:00-04:00,302.40008544921875,302.760009765625,302.40008544921875,302.760009765625,3868
2026-08-27 10:33:00-04:00,302.8800048828125,303.1600036621094,302.3782958984375,302.7300109863281,10162
2026-08-27 10:34:00-04:00,301.79998779296875,303.1199035644531,301.79998779296875,302.7149963378906,8932
2026-08-27 10:35:00-04:00,302.0299987792969,302.4800109863281,301.7301025390625,301.8349914550781,10262
2026-08-27 10:36:00-04:00,302.8299865722656,302.8299865722656,302.30999755859375,302.30999755859375,4186
2026-08-27 10:37:00-04:00,302.7900085449219,303.2550048828125,302.6400146484375,302.8699951171875,5731
2026-08-27 10:38:00-04:00,302.67498779296875,302.70001220703125,302.32000732421875,302.6000061035156,4580
2026-08-27 10:39:00-04:00,301.7300109863281,302.6499938964844,301.6700134277344,302.6499938964844,7092
2026-08-27 10:40:00-04:00,302.010009765625,302.1099853515625,301.6283874511719,301.8699951171875,4606
2026-08-27 10:41:00-04:00,302.4949951171875,302.4949951171875,301.94000244140625,302.010009765625,3358
2026-08-27 10:42:00-04:00,301.8999938964844,302.489990234375,301.8999938964844,302.4200134277344,3853
2026-08-27 10:43:00-04:00,301.0851135253906,301.5199890136719,301.0849914550781,301.5199890136719,4552
2026-08-27 10:44:00-04:00,300.80499267578125,300.8900146484375,300.3450012207031,300.7099914550781,4594
2026-08-27 10:45:00-04:00,300.6099853515625,301.1899108886719,300.5591125488281,301.1899108886719,2724
2026-08-27 10:46:00-04:00,300.0299987792969,300.6099853515625,299.81500244140625,300.318115234375,8151
2026-08-27 10:47:00-04:00,299.8599853515625,300.1400146484375,299.62548828125,300.0299987792969,3994
2026-08-27 10:48:00-04:00,299.89801025390625,300.1499938964844,299.7427062988281,299.8299865722656,3555
2026-08-27 10:49:00-04:00,300.0799865722656,300.29998779296875,300.0,300.17999267578125,2303
2026-08-27 10:50:00-04:00,300.82000732421875,300.82000732421875,299.57049560546875,300.07501220703125,7217
2026-08-27 10:51:00-04:00,300.75,300.9200134277344,300.4700012207031,300.6400146484375,5311
2026-08-27 10:52:00-04:00,301.46539306640625,301.46539306640625,300.2401123046875,300.9800109863281,4674
2026-08-27 10:53:00-04:00,301.4949951171875,301.7300109863281,301.34649658203125,301.3900146484375,5478
2026-08-27 10:54:00-04:00,301.7900085449219,301.9599914550781,301.5249938964844,301.70001220703125,3437
2026-08-27 10:55:00-04:00,301.5199890136719,301.6099853515625,301.4649963378906,301.6099853515625,3250
2026-08-27 10:56:00-04:00,302.0899963378906,302.3949890136719,301.760009765625,301.8599853515625,7446
2026-08-27 10:57:00-04:00,302.04998779296875,302.364990234375,302.04998779296875,302.1400146484375,1485
2026-08-27 10:58:00-04:00,302.1700134277344,302.44000244140625,301.8550109863281,301.989990234375,3658
2026-08-27 10:59:00-04:00,302.239990234375,302.29998779296875,301.69000244140625,302.010009765625,6854
2026-08-27 11:00:00-04:00,302.49810791015625,302.6600036621094,301.8999938964844,302.1300048828125,3807
2026-08-27 11:01:00-04:00,302.9700012207031,303.0899963378906,302.739990234375,302.739990234375,3270
2026-08-27 11:02:00-04:00,302.69000244140625,303.0126037597656,302.69000244140625,303.0126037597656,7898
2026-08-27 11:03:00-04:00,302.5299987792969,302.80999755859375,302.4800109863281,302.7699890136719,3670
2026-08-27 11:04:00-04:00,302.4599914550781,302.8299865722656,302.2004089355469,302.2004089355469,12275
2026-08-27 11:05:00-04:00,302.6600036621094,302.6600036621094,302.3999938964844,302.55499267578125,1900
2026-08-27 11:06:00-04:00,301.7950134277344,302.55499267578125,301.7699890136719,302.55499267578125,6053
2026-08-27 11:07:00-04:00,301.8337097167969,302.32501220703125,301.8337097167969,301.989990234375,4119
2026-08-27 11:08:00-04:00,302.5199890136719,302.5199890136719,301.989990234375,302.2799987792969,4258
2026-08-27 11:09:00-04:00,301.8900146484375,302.4599914550781,301.7550048828125,302.4599914550781,10153
2026-08-27 11:10:00-04:00,301.8599853515625,302.0,301.7950134277344,301.8900146484375,7867
2026-08-27 11:11:00-04:00,301.864990234375,302.07000732421875,301.6700134277344,302.0299987792969,4995
2026-08-27 11:12:00-04:00,301.1600036621094,301.510009765625,300.8699951171875,301.5,5475
2026-08-27 11:13:00-04:00,300.93499755859375,301.30999755859375,300.93499755859375,301.30999755859375,3550
2026-08-27 11:14:00-04:00,300.82501220703125,301.04998779296875,300.82501220703125,300.9599914550781,5101
2026-08-27 11:15:00-04:00,301.2250061035156,301.3900146484375,301.04998779296875,301.04998779296875,2733
2026-08-27 11:16:00-04:00,301.4750061035156,301.6099853515625,301.3900146484375,301.3900146484375,4965
2026-08-27 11:17:00-04:00,300.94000244140625,301.4949951171875,300.8299865722656,301.32000732421875,5547
2026-08-27 11:18:00-04:00,300.9599914550781,301.17999267578125,300.94500732421875,300.94500732421875,3695
2026-08-27 11:19:00-04:00,301.2200012207031,301.2200012207031,301.1300048828125,301.2099914550781,1694
2026-08-27 11:20:00-04:00,301.3900146484375,301.5150146484375,301.1300048828125,301.2200012207031,4530
2026-08-27 11:21:00-04:00,301.42999267578125,301.6700134277344,301.12249755859375,301.1300048828125,45417
2026-08-27 11:22:00-04:00,301.8699951171875,302.19000244140625,301.5450134277344,301.5450134277344,34586
2026-08-27 11:23:00-04:00,302.05999755859375,302.0799865722656,301.625,301.7799987792969,7833
2026-08-27 11:24:00-04:00,301.760009765625,302.0899963378906,301.760009765625,302.05999755859375,9636
2026-08-27 11:25:00-04:00,301.5299987792969,301.7900085449219,301.5,301.7900085449219,2594
2026-08-27 11:26:00-04:00,301.6050109863281,301.95001220703125,301.5299987792969,301.5299987792969,9672
2026-08-27 11:27:00-04:00,302.07000732421875,302.07000732421875,301.510009765625,301.6050109863281,2708
2026-08-27 11:28:00-04:00,301.9599914550781,302.0,301.8299865722656,302.0,2993
2026-08-27 11:29:00-04:00,301.94500732421875,302.1600036621094,301.8349914550781,301.8349914550781,15465
2026-08-27 11:30:00-04:00,301.760009765625,302.04998779296875,301.7200012207031,301.94500732421875,5681
2026-08-27 11:31:00-04:00,302.125,302.42999267578125,302.0400085449219,302.0400085449219,15458
2026-08-27 11:32:00-04:00,302.0,302.4898986816406,301.8800048828125,302.1300048828125,6164
2026-08-27 11:33:00-04:00,301.7950134277344,302.0199890136719,301.5,301.8599853515625,5329
2026-08-27 11:34:00-04:00,300.9599914550781,301.62750244140625,300.8999938964844,301.510009765625,4846
2026-08-27 11:35:00-04:00,301.0199890136719,301.0400085449219,300.8254699707031,300.9100036621094,4633
2026-08-27 11:36:00-04:00,300.3699951171875,300.5,300.1780090332031,300.5,5725
2026-08-27 11:37:00-04:00,300.7650146484375,301.04998779296875,300.3699951171875,300.3699951171875,6585
2026-08-27 11:38:00-04:00,300.8299865722656,300.8299865722656,300.8299865722656,300.8299865722656,1819
2026-08-27 11:39:00-04:00,300.6000061035156,300.8349914550781,300.5199890136719,300.8299865722656,3327
2026-08-27 11:40:00-04:00,300.5899963378906,300.69000244140625,300.5299987792969,300.5299987792969,3134
2026-08-27 11:41:00-04:00,300.7300109863281,300.7449951171875,300.4649963378906,300.7449951171875,4533
2026-08-27 11:42:00-04:00,300.55999755859375,300.55999755859375,300.4700012207031,300.4700012207031,3641
2026-08-27 11:43:00-04:00,300.4100036621094,300.7200012207031,300.30999755859375,300.7200012207031,3960
2026-08-27 11:44:00-04:00,300.4700012207031,300.5299987792969,300.1499938964844,300.2900085449219,4444
2026-08-27 11:45:00-04:00,300.22601318359375,300.5199890136719,300.22601318359375,300.5199890136719,2958
2026-08-27 11:46:00-04:00,299.8949890136719,300.42999267578125,299.8949890136719,300.3500061035156,8134
2026-08-27 11:47:00-04:00,300.3550109863281,300.45001220703125,299.80499267578125,300.0400085449219,12643
2026-08-27 11:48:00-04:00,300.135009765625,300.2650146484375,300.135009765625,300.2300109863281,2561
2026-08-27 11:49:00-04:00,299.80999755859375,300.0400085449219,299.80999755859375,300.0400085449219,2352
2026-08-27 11:50:00-04:00,299.92498779296875,300.0199890136719,299.8800048828125,299.9200134277344,1677
2026-08-27 11:51:00-04:00,300.2799987792969,300.55999755859375,300.1000061035156,300.1000061035156,6135
2026-08-27 11:52:00-04:00,301.05999755859375,301.05999755859375,300.2449951171875,300.2799987792969,9918
2026-08-27 11:53:00-04:00,301.57000732421875,301.8299865722656,300.83319091796875,301.1700134277344,4886
2026-08-27 11:54:00-04:00,302.0,302.2149963378906,301.739990234375,301.739990234375,7992
2026-08-27 11:55:00-04:00,302.6600036621094,302.7900085449219,301.9800109863281,302.010009765625,22848
2026-08-27 11:56:00-04:00,302.3699951171875,302.7200012207031,302.3699951171875,302.7200012207031,1621
2026-08-27 11:57:00-04:00,301.989990234375,302.3550109863281,301.57000732421875,302.3550109863281,6903
2026-08-27 11:58:00-04:00,301.9599914550781,302.114990234375,301.9599914550781,301.9599914550781,2080
2026-08-27 11:59:00-04:00,302.489990234375,302.489990234375,301.989990234375,301.989990234375,5095
2026-08-27 12:00:00-04:00,302.25,302.510009765625,302.04998779296875,302.4200134277344,3245
2026-08-27 12:01:00-04:00,302.2900085449219,302.8999938964844,302.20001220703125,302.6698913574219,6475
2026-08-27 12:02:00-04:00,302.260009765625,302.3999938964844,302.0,302.2099914550781,6984
2026-08-27 12:03:00-04:00,302.17498779296875,302.3399963378906,302.1084899902344,302.3399963378906,3014
2026-08-27 12:04:00-04:00,302.17498779296875,302.3900146484375,302.17498779296875,302.17498779296875,2840
2026-08-27 12:05:00-04:00,302.17498779296875,302.2799987792969,302.1099853515625,302.17498779296875,3462
2026-08-27 12:06:00-04:00,302.1000061035156,302.19000244140625,302.08599853515625,302.19000244140625,3006
2026-08-27 12:07:00-04:00,302.0350036621094,302.17999267578125,301.9599914550781,302.0,6316
2026-08-27 12:08:00-04:00,302.0249938964844,302.0350036621094,302.0249938964844,302.0350036621094,2932
2026-08-27 12:09:00-04:00,302.2449951171875,302.3299865722656,302.04998779296875,302.04998779296875,6977
2026-08-27 12:10:00-04:00,302.1700134277344,302.3136901855469,302.1700134277344,302.2449951171875,2397
2026-08-27 12:11:00-04:00,302.125,302.4100036621094,302.1199951171875,302.3900146484375,8200
2026-08-27 12:12:00-04:00,302.17999267578125,302.2300109863281,302.1199951171875,302.1199951171875,6445
2026-08-27 12:13:00-04:00,302.19500732421875,302.3599853515625,302.07000732421875,302.0799865722656,4231
2026-08-27 12:14:00-04:00,302.2900085449219,302.3999938964844,302.1700134277344,302.19500732421875,8758
2026-08-27 12:15:00-04:00,302.1099853515625,302.29998779296875,302.0,302.2900085449219,4424
2026-08-27 12:16:00-04:00,302.0899963378906,302.4200134277344,302.0899963378906,302.1050109863281,2703
2026-08-27 12:17:00-04:00,302.6400146484375,302.6600036621094,302.0849914550781,302.0849914550781,11556
2026-08-27 12:18:00-04:00,302.2300109863281,302.56500244140625,302.2300109863281,302.56500244140625,8555
2026-08-27 12:19:00-04:00,302.510009765625,302.7200012207031,302.2200012207031,302.2200012207031,4968
2026-08-27 12:20:00-04:00,302.2550048828125,302.4800109863281,302.2550048828125,302.4750061035156,2108
2026-08-27 12:21:00-04:00,302.04998779296875,302.2799987792969,302.0,302.2799987792969,2867
2026-08-27 12:22:00-04:00,302.510009765625,302.7099914550781,302.1233215332031,302.14898681640625,18778
2026-08-27 12:23:00-04:00,302.32501220703125,302.6300048828125,302.32501220703125,302.6000061035156,3034
2026-08-27 12:25:00-04:00,302.4800109863281,302.4800109863281,302.4800109863281,302.4800109863281,1087
2026-08-27 12:26:00-04:00,302.5299987792969,302.760009765625,302.5,302.5,3270
2026-08-27 12:27:00-04:00,302.4800109863281,302.7900085449219,302.4800109863281,302.760009765625,2881
2026-08-27 12:28:00-04:00,302.29998779296875,302.9049987792969,302.29998779296875,302.7149963378906,14398
2026-08-27 12:29:00-04:00,301.9549865722656,302.2449951171875,301.8500061035156,302.2449951171875,6341
2026-08-27 12:30:00-04:00,302.1600036621094,302.1600036621094,301.8349914550781,301.9549865722656,5727
2026-08-27 12:31:00-04:00,302.1050109863281,302.4198913574219,301.8999938964844,301.8999938964844,3129
2026-08-27 12:32:00-04:00,302.3999938964844,302.3999938964844,302.1050109863281,302.1050109863281,1941
2026-08-27 12:33:00-04:00,302.1650085449219,302.3999938964844,302.1650085449219,302.1650085449219,4043
2026-08-27 12:34:00-04:00,302.239990234375,302.2449951171875,302.239990234375,302.2449951171875,1304
2026-08-27 12:35:00-04:00,302.5199890136719,302.5199890136719,302.2200012207031,302.2200012207031,3227
2026-08-27 12:36:00-04:00,302.7349853515625,302.7349853515625,302.5,302.5,1379
2026-08-27 12:37:00-04:00,302.79998779296875,302.9700012207031,302.614990234375,302.7550048828125,4180
2026-08-27 12:38:00-04:00,303.1650085449219,303.2099914550781,302.79998779296875,302.79998779296875,41448
2026-08-27 12:39:00-04:00,303.2300109863281,303.3999938964844,303.1499938964844,303.2300109863281,8349
2026-08-27 12:40:00-04:00,303.20001220703125,303.4299011230469,303.0899963378906,303.2300109863281,4556
2026-08-27 12:41:00-04:00,303.2349853515625,303.31500244140625,303.0799865722656,303.1099853515625,3732
2026-08-27 12:42:00-04:00,303.3299865722656,303.6050109863281,303.17498779296875,303.2749938964844,14833
2026-08-27 12:43:00-04:00,303.3349914550781,303.3599853515625,303.3299865722656,303.3299865722656,2085
2026-08-27 12:44:00-04:00,303.05999755859375,303.2974853515625,302.8999938964844,303.2974853515625,3699
2026-08-27 12:45:00-04:00,303.1099853515625,303.1099853515625,303.1099853515625,303.1099853515625,895
2026-08-27 12:46:00-04:00,303.0,303.2349853515625,303.0,303.2300109863281,6486
2026-08-27 12:47:00-04:00,303.125,303.135009765625,303.0299987792969,303.1000061035156,2021
2026-08-27 12:48:00-04:00,303.4599914550781,303.4599914550781,303.125,303.125,3055
2026-08-27 12:49:00-04:00,303.125,303.2699890136719,303.0400085449219,303.2699890136719,2201
2026-08-27 12:50:00-04:00,302.8349914550781,303.0400085449219,302.79998779296875,303.0400085449219,3153
2026-08-27 12:51:00-04:00,303.389892578125,303.389892578125,302.8349914550781,302.8349914550781,3178
2026-08-27 12:52:00-04:00,303.1449890136719,303.1499938964844,303.05999755859375,303.06500244140625,1891
2026-08-27 12:53:00-04:00,303.3808898925781,303.4898986816406,303.135009765625,303.1400146484375,2777
2026-08-27 12:54:00-04:00,303.125,303.43499755859375,303.0199890136719,303.43499755859375,3647
2026-08-27 12:55:00-04:00,303.05499267578125,303.17999267578125,303.05499267578125,303.135009765625,1741
2026-08-27 12:56:00-04:00,303.3399963378906,303.3399963378906,302.92999267578125,302.92999267578125,1825
2026-08-27 12:57:00-04:00,303.42999267578125,303.42999267578125,303.10791015625,303.10791015625,925
2026-08-27 12:58:00-04:00,303.20001220703125,303.510009765625,303.20001220703125,303.2300109863281,11149
2026-08-27 12:59:00-04:00,303.32501220703125,303.32989501953125,303.1724853515625,303.1724853515625,4934
2026-08-27 13:00:00-04:00,303.4100036621094,303.6499938964844,303.375,303.3800048828125,3865
2026-08-27 13:01:00-04:00,303.6700134277344,303.739990234375,303.6549987792969,303.70001220703125,2545
2026-08-27 13:02:00-04:00,303.8900146484375,303.92999267578125,303.7200012207031,303.7699890136719,2029
2026-08-27 13:03:00-04:00,303.7699890136719,303.7699890136719,303.6650085449219,303.739990234375,1951
2026-08-27 13:04:00-04:00,304.4150085449219,304.44000244140625,303.739990234375,303.739990234375,13187
2026-08-27 13:05:00-04:00,303.9700012207031,304.3949890136719,303.9700012207031,304.25,6019
2026-08-27 13:06:00-04:00,303.9100036621094,303.92999267578125,303.82000732421875,303.92999267578125,2763
2026-08-27 13:07:00-04:00,304.1650085449219,304.2149963378906,303.9100036621094,303.9100036621094,3751
2026-08-27 13:08:00-04:00,304.0,304.1650085449219,304.0,304.04998779296875,1212
2026-08-27 13:09:00-04:00,303.94500732421875,303.9800109863281,303.94000244140625,303.9800109863281,2405
2026-08-27 13:10:00-04:00,303.6400146484375,303.94500732421875,303.6400146484375,303.94000244140625,3977
2026-08-27 13:11:00-04:00,303.42498779296875,303.8340148925781,303.42498779296875,303.7799987792969,10739
2026-08-27 13:12:00-04:00,303.20001220703125,303.42498779296875,303.1499938964844,303.4100036621094,6067
2026-08-27 13:13:00-04:00,303.2049865722656,303.2049865722656,303.20001220703125,303.20001220703125,1004
2026-08-27 13:14:00-04:00,303.6700134277344,303.79998779296875,303.2049865722656,303.2049865722656,8592
2026-08-27 13:15:00-04:00,303.7099914550781,303.739990234375,303.3949890136719,303.3949890136719,2929
2026-08-27 13:16:00-04:00,303.80999755859375,303.8399963378906,303.5159912109375,303.57000732421875,1639
2026-08-27 13:17:00-04:00,303.8399963378906,304.0249938964844,303.75,304.0,24451
2026-08-27 13:18:00-04:00,303.7799987792969,304.0299987792969,303.760009765625,303.7724914550781,2451
2026-08-27 13:19:00-04:00,304.010009765625,304.05999755859375,303.69000244140625,303.69000244140625,3761
2026-08-27 13:20:00-04:00,303.6300048828125,303.94000244140625,303.6300048828125,303.94000244140625,6593
2026-08-27 13:21:00-04:00,303.6300048828125,303.6300048828125,303.6300048828125,303.6300048828125,1203
2026-08-27 13:22:00-04:00,304.04998779296875,304.04998779296875,303.7900085449219,303.7900085449219,4056
2026-08-27 13:23:00-04:00,303.9750061035156,304.17999267578125,303.8999938964844,304.17999267578125,3714
2026-08-27 13:24:00-04:00,303.6099853515625,303.7650146484375,303.6099853515625,303.75,673
2026-08-27 13:25:00-04:00,303.6300048828125,303.6300048828125,303.4100036621094,303.6099853515625,4906
2026-08-27 13:26:00-04:00,303.6099853515625,303.67999267578125,303.2041931152344,303.6199951171875,5097
2026-08-27 13:27:00-04:00,303.5299987792969,303.6099853515625,303.5299987792969,303.6050109863281,1187
2026-08-27 13:28:00-04:00,303.489990234375,303.5,303.3599853515625,303.5,2086
2026-08-27 13:29:00-04:00,303.42498779296875,303.6600036621094,303.42498779296875,303.6600036621094,1817
2026-08-27 13:30:00-04:00,304.4200134277344,304.4200134277344,303.4200134277344,303.4200134277344,15459
2026-08-27 13:31:00-04:00,305.1499938964844,305.1499938964844,304.135009765625,304.135009765625,11345
2026-08-27 13:32:00-04:00,305.2449951171875,305.3500061035156,305.2049865722656,305.3399963378906,5825
2026-08-27 13:33:00-04:00,305.3999938964844,305.42999267578125,305.17999267578125,305.364990234375,3719
2026-08-27 13:34:00-04:00,304.614990234375,305.1700134277344,304.614990234375,305.1700134277344,6477
2026-08-27 13:35:00-04:00,304.6099853515625,304.614990234375,304.42999267578125,304.614990234375,2436
2026-08-27 13:36:00-04:00,304.5150146484375,304.6199951171875,304.3800048828125,304.3800048828125,1738
2026-08-27 13:37:00-04:00,304.2099914550781,304.5150146484375,304.0299987792969,304.5150146484375,20915
2026-08-27 13:38:00-04:00,304.2900085449219,304.44000244140625,304.2699890136719,304.2699890136719,3823
2026-08-27 13:39:00-04:00,304.3900146484375,304.3999938964844,304.25,304.2799987792969,16844
2026-08-27 13:40:00-04:00,304.1600036621094,304.4700012207031,303.989990234375,304.4700012207031,4518
2026-08-27 13:41:00-04:00,304.1549987792969,304.3500061035156,304.1099853515625,304.1099853515625,3721
2026-08-27 13:42:00-04:00,304.3299865722656,304.3699951171875,304.1499938964844,304.1549987792969,10372
2026-08-27 13:43:00-04:00,304.25,304.4700012207031,304.05999755859375,304.30499267578125,8779
2026-08-27 13:44:00-04:00,304.2200012207031,304.739990234375,304.20001220703125,304.20001220703125,8917
2026-08-27 13:45:00-04:00,304.45001220703125,304.4599914550781,304.2049865722656,304.3500061035156,8265
2026-08-27 13:46:00-04:00,304.2850036621094,304.42999267578125,304.25,304.25,2170
2026-08-27 13:47:00-04:00,304.0899963378906,304.385009765625,304.0899963378906,304.32501220703125,5163
2026-08-27 13:48:00-04:00,304.29998779296875,304.29998779296875,304.1499938964844,304.1499938964844,2303
2026-08-27 13:49:00-04:00,304.260009765625,304.260009765625,304.1549987792969,304.20001220703125,2449
2026-08-27 13:50:00-04:00,304.0799865722656,304.4800109863281,303.9849853515625,304.04998779296875,7056
2026-08-27 13:51:00-04:00,304.4800109863281,304.4800109863281,303.9750061035156,303.9750061035156,2421
2026-08-27 13:52:00-04:00,304.50750732421875,304.80999755859375,304.5050048828125,304.55999755859375,4748
2026-08-27 13:53:00-04:00,304.4599914550781,304.5,304.3500061035156,304.42999267578125,4146
2026-08-27 13:54:00-04:00,304.8999938964844,304.8999938964844,304.3900146484375,304.6199951171875,5520
2026-08-27 13:55:00-04:00,304.5159912109375,304.91900634765625,304.5159912109375,304.7900085449219,2554
2026-08-27 13:56:00-04:00,304.9700012207031,305.17999267578125,304.69500732421875,304.70001220703125,7367
2026-08-27 13:57:00-04:00,304.8450012207031,304.9849853515625,304.7900085449219,304.9849853515625,1482
2026-08-27 13:58:00-04:00,304.7300109863281,304.8399963378906,304.7300109863281,304.80999755859375,2853
2026-08-27 13:59:00-04:00,304.4800109863281,304.7250061035156,304.45001220703125,304.45001220703125,2339
2026-08-27 14:00:00-04:00,304.6099853515625,304.79998779296875,304.6099853515625,304.6400146484375,5952
2026-08-27 14:01:00-04:00,303.8399963378906,304.7499084472656,303.8399963378906,304.7499084472656,10612
2026-08-27 14:02:00-04:00,303.864990234375,304.04998779296875,303.72930908203125,303.7677001953125,1645
2026-08-27 14:03:00-04:00,303.8512878417969,303.9599914550781,303.80999755859375,303.8450012207031,6966
2026-08-27 14:04:00-04:00,303.54998779296875,303.989990234375,303.54998779296875,303.8504943847656,10507
2026-08-27 14:05:00-04:00,303.6499938964844,303.6650085449219,303.6499938964844,303.6650085449219,1970
2026-08-27 14:06:00-04:00,304.0,304.0299987792969,303.52508544921875,303.7699890136719,8741
2026-08-27 14:07:00-04:00,303.95001220703125,304.0400085449219,303.8999938964844,304.010009765625,4117
2026-08-27 14:08:00-04:00,304.1000061035156,304.1000061035156,303.8599853515625,303.8599853515625,1614
2026-08-27 14:09:00-04:00,303.885009765625,304.17999267578125,303.885009765625,303.8900146484375,2490
2026-08-27 14:10:00-04:00,303.8999938964844,304.1101989746094,303.6000061035156,304.1101989746094,1399
2026-08-27 14:11:00-04:00,304.6299133300781,304.6299133300781,303.8125915527344,303.8125915527344,5157
2026-08-27 14:12:00-04:00,304.8999938964844,304.8999938964844,304.3800048828125,304.510009765625,14281
2026-08-27 14:13:00-04:00,304.80999755859375,305.1300048828125,304.7200012207031,304.9100036621094,4448
2026-08-27 14:14:00-04:00,304.94000244140625,305.1600036621094,304.30999755859375,304.80999755859375,3467
2026-08-27 14:15:00-04:00,304.7149963378906,305.05499267578125,304.7149963378906,304.7149963378906,1091
2026-08-27 14:16:00-04:00,304.7349853515625,304.92999267578125,304.4601135253906,304.4601135253906,3206
2026-08-27 14:17:00-04:00,304.7250061035156,304.94000244140625,304.7250061035156,304.94000244140625,480
2026-08-27 14:18:00-04:00,304.7799987792969,304.95001220703125,304.6400146484375,304.94000244140625,3679
2026-08-27 14:19:00-04:00,304.635009765625,304.7799987792969,304.635009765625,304.6449890136719,939
2026-08-27 14:20:00-04:00,304.9599914550781,304.9700012207031,304.4949951171875,304.54998779296875,7274
2026-08-27 14:21:00-04:00,304.8349914550781,305.1099853515625,304.8349914550781,304.989990234375,2385
2026-08-27 14:22:00-04:00,304.8699951171875,305.0150146484375,304.82000732421875,304.8299865722656,3580
2026-08-27 14:23:00-04:00,304.8800048828125,305.1600036621094,304.82501220703125,304.82501220703125,3513
2026-08-27 14:24:00-04:00,304.635009765625,304.875,304.6000061035156,304.875,3289
2026-08-27 14:25:00-04:00,304.9049987792969,304.9100036621094,304.6050109863281,304.6050109863281,2883
2026-08-27 14:26:00-04:00,304.75,304.9049987792969,304.6400146484375,304.9049987792969,4672
2026-08-27 14:27:00-04:00,304.6199035644531,304.8599853515625,304.6199035644531,304.80999755859375,5671
2026-08-27 14:28:00-04:00,304.7699890136719,304.82000732421875,304.29998779296875,304.6099853515625,7327
2026-08-27 14:29:00-04:00,304.6499938964844,304.8599853515625,304.6202087402344,304.82000732421875,2891
2026-08-27 14:30:00-04:00,304.4800109863281,304.6400146484375,304.4800109863281,304.6400146484375,1454
2026-08-27 14:31:00-04:00,304.94000244140625,305.0,304.3500061035156,304.5299987792969,7785
2026-08-27 14:32:00-04:00,305.2799987792969,305.2799987792969,304.8500061035156,305.04998779296875,4123
2026-08-27 14:33:00-04:00,305.989990234375,306.39898681640625,305.41009521484375,305.5,16844
2026-08-27 14:34:00-04:00,305.9700012207031,306.19000244140625,305.9049987792969,305.9049987792969,4045
2026-08-27 14:35:00-04:00,305.80999755859375,305.94000244140625,305.6499938964844,305.7900085449219,5751
2026-08-27 14:36:00-04:00,305.94500732421875,306.135009765625,305.9049987792969,305.9700012207031,4591
2026-08-27 14:37:00-04:00,305.9949951171875,306.1400146484375,305.94000244140625,305.9649963378906,3796
2026-08-27 14:38:00-04:00,306.1700134277344,306.3299865722656,305.8599853515625,305.9949951171875,7245
2026-08-27 14:39:00-04:00,306.2550048828125,306.260009765625,306.1499938964844,306.1700134277344,3524
2026-08-27 14:40:00-04:00,306.19000244140625,306.3800048828125,306.07501220703125,306.2550048828125,7713
2026-08-27 14:41:00-04:00,306.3399963378906,306.6700134277344,306.0,306.19000244140625,7325
2026-08-27 14:42:00-04:00,306.3900146484375,306.3900146484375,306.3349914550781,306.3349914550781,896
2026-08-27 14:43:00-04:00,306.5799865722656,306.5799865722656,306.3599853515625,306.3599853515625,1967
2026-08-27 14:44:00-04:00,306.4700012207031,306.4700012207031,306.0400085449219,306.3349914550781,6845
2026-08-27 14:45:00-04:00,306.2349853515625,306.4599914550781,306.2349853515625,306.4599914550781,1358
2026-08-27 14:46:00-04:00,306.215087890625,306.45001220703125,306.215087890625,306.45001220703125,3237
2026-08-27 14:47:00-04:00,306.4700012207031,306.4800109863281,306.2099914550781,306.2099914550781,4656
2026-08-27 14:48:00-04:00,306.57000732421875,306.70001220703125,306.385009765625,306.6499938964844,14888
2026-08-27 14:49:00-04:00,306.6099853515625,306.6499938964844,306.5799865722656,306.5799865722656,3649
2026-08-27 14:50:00-04:00,306.30499267578125,306.69000244140625,306.30499267578125,306.5899963378906,5347
2026-08-27 14:51:00-04:00,306.6199951171875,306.6199951171875,306.30499267578125,306.30999755859375,4841
2026-08-27 14:52:00-04:00,306.6000061035156,306.6000061035156,306.3699951171875,306.5899963378906,1689
2026-08-27 14:53:00-04:00,306.5505065917969,306.69000244140625,306.43499755859375,306.44000244140625,2880
2026-08-27 14:54:00-04:00,306.5,306.6700134277344,306.5,306.6499938964844,1677
2026-08-27 14:55:00-04:00,306.17999267578125,306.5,305.989990234375,306.5,8578
2026-08-27 14:56:00-04:00,306.3900146484375,306.4549865722656,306.239990234375,306.239990234375,5568
2026-08-27 14:57:00-04:00,306.0350036621094,306.3900146484375,305.8949890136719,306.20001220703125,13133
2026-08-27 14:58:00-04:00,305.5199890136719,306.3299865722656,305.5199890136719,306.04998779296875,6900
2026-08-27 14:59:00-04:00,305.760009765625,305.760009765625,305.3653869628906,305.7200012207031,5601
2026-08-27 15:00:00-04:00,305.5950012207031,305.6000061035156,305.32000732421875,305.3699951171875,12899
2026-08-27 15:01:00-04:00,305.864990234375,306.1300048828125,305.5199890136719,305.5199890136719,4750
2026-08-27 15:02:00-04:00,305.7900085449219,306.1199951171875,305.7900085449219,306.0299987792969,7028
2026-08-27 15:03:00-04:00,306.0299987792969,306.1000061035156,305.7850036621094,305.7900085449219,1782
2026-08-27 15:04:00-04:00,306.0849914550781,306.1000061035156,305.95001220703125,306.05999755859375,10265
2026-08-27 15:05:00-04:00,305.8949890136719,305.8999938964844,305.7699890136719,305.8999938964844,3860
2026-08-27 15:06:00-04:00,305.82501220703125,305.9700012207031,305.82501220703125,305.94000244140625,1541
2026-08-27 15:07:00-04:00,305.80999755859375,305.95989990234375,305.6600036621094,305.82501220703125,5319
2026-08-27 15:08:00-04:00,305.7200012207031,305.8500061035156,305.6000061035156,305.80999755859375,5349
2026-08-27 15:09:00-04:00,305.7300109863281,305.92999267578125,305.7149963378906,305.9100036621094,10177
2026-08-27 15:10:00-04:00,305.8550109863281,305.92999267578125,305.7049865722656,305.8999938964844,3497
2026-08-27 15:11:00-04:00,305.4849853515625,305.8399963378906,305.3599853515625,305.67999267578125,4865
2026-08-27 15:12:00-04:00,305.4800109863281,305.6199951171875,305.3301086425781,305.4849853515625,2846
2026-08-27 15:13:00-04:00,305.5799865722656,305.5799865722656,305.3399963378906,305.3399963378906,2958
2026-08-27 15:14:00-04:00,305.6400146484375,305.79998779296875,305.4849853515625,305.5899963378906,6938
2026-08-27 15:15:00-04:00,305.29998779296875,305.6300048828125,305.239990234375,305.6300048828125,4242
2026-08-27 15:16:00-04:00,305.31500244140625,305.4599914550781,305.2850036621094,305.2900085449219,4558
2026-08-27 15:17:00-04:00,305.3575134277344,305.55999755859375,305.3399963378906,305.44500732421875,5492
2026-08-27 15:18:00-04:00,305.2699890136719,305.2850036621094,305.1700134277344,305.1700134277344,3221
2026-08-27 15:19:00-04:00,305.2774963378906,305.4700012207031,305.19500732421875,305.2650146484375,4769
2026-08-27 15:20:00-04:00,305.6650085449219,305.6650085449219,305.2650146484375,305.2774963378906,4465
2026-08-27 15:21:00-04:00,305.7300109863281,305.760009765625,305.57000732421875,305.6700134277344,3947
2026-08-27 15:22:00-04:00,305.9549865722656,306.1600036621094,305.5350036621094,305.6390075683594,11939
2026-08-27 15:23:00-04:00,306.2950134277344,306.6650085449219,306.1099853515625,306.17999267578125,60595
2026-08-27 15:24:00-04:00,306.4599914550781,306.760009765625,306.2699890136719,306.2699890136719,8616
2026-08-27 15:25:00-04:00,306.135986328125,306.57000732421875,306.1099853515625,306.4599914550781,5911
2026-08-27 15:26:00-04:00,306.1549987792969,306.25,306.1499938964844,306.1600036621094,5299
2026-08-27 15:27:00-04:00,306.2200012207031,306.3299865722656,306.17999267578125,306.239990234375,5320
2026-08-27 15:28:00-04:00,306.19000244140625,306.3500061035156,306.1600036621094,306.2049865722656,25499
2026-08-27 15:29:00-04:00,306.25,306.25,306.0400085449219,306.19000244140625,5117
2026-08-27 15:30:00-04:00,306.3800048828125,306.4549865722656,306.0799865722656,306.260009765625,15106
2026-08-27 15:31:00-04:00,306.0299987792969,306.4599914550781,305.9200134277344,306.44000244140625,7749
2026-08-27 15:32:00-04:00,305.9800109863281,306.0950012207031,305.81500244140625,305.9700012207031,8657
2026-08-27 15:33:00-04:00,306.2699890136719,306.2799987792969,305.9750061035156,305.9800109863281,6275
2026-08-27 15:34:00-04:00,306.0150146484375,306.3399963378906,306.01251220703125,306.260009765625,8363
2026-08-27 15:35:00-04:00,306.3299865722656,306.3399963378906,305.8900146484375,306.0150146484375,7204
2026-08-27 15:36:00-04:00,306.2300109863281,306.4800109863281,306.2300109863281,306.3299865722656,10556
2026-08-27 15:37:00-04:00,306.2349853515625,306.29998779296875,306.0799865722656,306.25,10535
2026-08-27 15:38:00-04:00,306.3450012207031,306.3599853515625,306.20001220703125,306.2799987792969,12095
2026-08-27 15:39:00-04:00,306.42999267578125,306.5,306.2749938964844,306.4100036621094,7195
2026-08-27 15:40:00-04:00,306.44500732421875,306.5400085449219,306.2900085449219,306.2900085449219,8898
2026-08-27 15:41:00-04:00,307.260009765625,307.42498779296875,306.44000244140625,306.489990234375,20086
2026-08-27 15:42:00-04:00,307.67999267578125,307.7799987792969,307.29998779296875,307.3399963378906,14982
2026-08-27 15:43:00-04:00,307.635009765625,307.79998779296875,307.4849853515625,307.6549987792969,48329
2026-08-27 15:44:00-04:00,307.55999755859375,307.7799987792969,307.3399963378906,307.6400146484375,34635
2026-08-27 15:45:00-04:00,308.42498779296875,308.5400085449219,307.635009765625,307.635009765625,24729
2026-08-27 15:46:00-04:00,308.875,309.06500244140625,308.4150085449219,308.4150085449219,41242
2026-08-27 15:47:00-04:00,309.07000732421875,309.0799865722656,308.864990234375,308.8699951171875,8168
2026-08-27 15:48:00-04:00,309.3999938964844,309.489990234375,308.9200134277344,308.9200134277344,19140
2026-08-27 15:49:00-04:00,309.0400085449219,309.5299987792969,308.9700012207031,309.3900146484375,36649
2026-08-27 15:50:00-04:00,308.5899963378906,309.0,308.25,309.0,29557
2026-08-27 15:51:00-04:00,308.8351135253906,309.1499938964844,308.739990234375,308.739990234375,21953
2026-08-27 15:52:00-04:00,308.19158935546875,309.1499938964844,308.19158935546875,308.9200134277344,30735
2026-08-27 15:53:00-04:00,308.32000732421875,308.3599853515625,308.0,308.2850036621094,35840
2026-08-27 15:54:00-04:00,309.0400085449219,309.32501220703125,308.3399963378906,308.3399963378906,17413
2026-08-27 15:55:00-04:00,307.7900085449219,309.0400085449219,307.1400146484375,309.0400085449219,60578
2026-08-27 15:56:00-04:00,307.114990234375,307.7900085449219,306.8800048828125,307.7900085449219,75521
2026-08-27 15:57:00-04:00,307.9800109863281,308.1499938964844,307.1000061035156,307.1000061035156,61568
2026-08-27 15:58:00-04:00,308.4049987792969,308.69000244140625,307.8999938964844,308.05999755859375,98669
2026-08-27 15:59:00-04:00,308.3399963378906,308.9200134277344,307.9599914550781,308.4049987792969,182007
2026-08-28 09:30:00-04:00,305.7200012207031,307.3599853515625,305.57000732421875,306.2099914550781,52734
2026-08-28 09:31:00-04:00,301.0,305.82501220703125,301.0,305.82501220703125,10909
2026-08-28 09:32:00-04:00,302.0,303.3599853515625,301.1700134277344,301.3599853515625,13118
2026-08-28 09:33:00-04:00,302.6400146484375,302.6400146484375,301.0,301.92498779296875,6220
2026-08-28 09:34:00-04:00,301.9849853515625,303.30499267578125,301.80999755859375,303.30499267578125,4635
2026-08-28 09:35:00-04:00,302.1600036621094,302.2200012207031,301.19000244140625,301.8699951171875,19677
2026-08-28 09:36:00-04:00,304.57501220703125,304.70001220703125,303.6700134277344,303.7301940917969,2145
2026-08-28 09:37:00-04:00,304.30999755859375,304.5249938964844,303.55999755859375,304.5249938964844,4925
2026-08-28 09:38:00-04:00,306.32501220703125,306.32501220703125,304.260009765625,304.6600036621094,12148
2026-08-28 09:39:00-04:00,305.3699951171875,307.19000244140625,305.3699951171875,306.4700927734375,6278
2026-08-28 09:40:00-04:00,304.8999938964844,305.82501220703125,304.8949890136719,305.70001220703125,7815
2026-08-28 09:41:00-04:00,305.0,305.510009765625,304.7650146484375,305.4949951171875,5972
2026-08-28 09:42:00-04:00,306.1600036621094,306.1600036621094,304.7799987792969,305.0,10095
2026-08-28 09:43:00-04:00,304.3900146484375,305.7200012207031,304.1499938964844,305.5,13775
2026-08-28 09:44:00-04:00,305.42999267578125,305.42999267578125,304.7749938964844,304.7749938964844,1388
2026-08-28 09:45:00-04:00,306.2699890136719,306.7799987792969,304.8299865722656,304.8299865722656,7080
2026-08-28 09:46:00-04:00,305.1700134277344,306.1499938964844,304.92498779296875,306.04998779296875,3784
2026-08-28 09:47:00-04:00,305.2650146484375,305.2699890136719,304.9200134277344,305.0799865722656,1508
2026-08-28 09:48:00-04:00,304.68499755859375,305.2650146484375,304.6300048828125,305.2650146484375,3747
2026-08-28 09:49:00-04:00,303.1650085449219,304.0199890136719,302.92999267578125,304.0199890136719,2925
2026-08-28 09:50:00-04:00,302.760009765625,303.04998779296875,302.43499755859375,302.8699951171875,2396
2026-08-28 09:51:00-04:00,301.8349914550781,302.75,301.32000732421875,302.75,24623
2026-08-28 09:52:00-04:00,300.10009765625,301.82501220703125,300.05999755859375,301.82501220703125,7102
2026-08-28 09:53:00-04:00,301.2449951171875,301.2900085449219,300.5220031738281,300.6099853515625,2755
2026-08-28 09:54:00-04:00,301.7799987792969,302.2900085449219,300.79998779296875,301.30499267578125,4911
2026-08-28 09:55:00-04:00,300.8500061035156,302.07000732421875,300.7049865722656,301.81500244140625,6231
2026-08-28 09:56:00-04:00,301.739990234375,301.739990234375,300.29998779296875,300.8500061035156,6221
2026-08-28 09:57:00-04:00,300.92999267578125,302.0599060058594,300.9200134277344,301.5150146484375,13327
2026-08-28 09:58:00-04:00,300.4949951171875,301.04998779296875,300.42498779296875,300.69500732421875,3467
2026-08-28 09:59:00-04:00,300.6000061035156,300.6199951171875,299.8800048828125,300.489990234375,16186
2026-08-28 10:00:00-04:00,300.80999755859375,301.1000061035156,299.5350036621094,299.8800048828125,9157
2026-08-28 10:01:00-04:00,299.989990234375,301.1300048828125,299.7699890136719,301.1300048828125,5000
2026-08-28 10:02:00-04:00,300.32000732421875,300.5,299.9949951171875,299.9949951171875,2274
2026-08-28 10:03:00-04:00,300.17999267578125,300.2149963378906,300.0,300.2149963378906,4587
2026-08-28 10:04:00-04:00,299.9949951171875,299.9949951171875,299.7149963378906,299.7149963378906,939
2026-08-28 10:05:00-04:00,298.739990234375,299.9800109863281,298.4599914550781,299.9800109863281,17141
2026-08-28 10:06:00-04:00,298.55999755859375,298.885009765625,298.17498779296875,298.29998779296875,3270
2026-08-28 10:07:00-04:00,298.29998779296875,298.5799865722656,298.0199890136719,298.5350036621094,5361
2026-08-28 10:08:00-04:00,299.19500732421875,299.19500732421875,298.30499267578125,298.30499267578125,4073
2026-08-28 10:09:00-04:00,298.7900085449219,299.4200134277344,298.7900085449219,299.239990234375,2639
2026-08-28 10:10:00-04:00,298.8399963378906,298.8399963378906,298.3900146484375,298.67999267578125,3477
2026-08-28 10:11:00-04:00,298.9599914550781,298.9800109863281,298.489990234375,298.75,3427
2026-08-28 10:12:00-04:00,298.67999267578125,298.95001220703125,298.3500061035156,298.6499938964844,2528
2026-08-28 10:13:00-04:00,298.9100036621094,298.9100036621094,298.6050109863281,298.67999267578125,2510
2026-08-28 10:14:00-04:00,299.760009765625,299.760009765625,299.0299987792969,299.0299987792969,2800
2026-08-28 10:15:00-04:00,300.1000061035156,300.5299987792969,299.5663146972656,299.5663146972656,4546
2026-08-28 10:16:00-04:00,299.3500061035156,300.6000061035156,299.010009765625,300.3349914550781,10660
2026-08-28 10:17:00-04:00,299.5849914550781,299.5849914550781,299.3900146484375,299.3900146484375,970
2026-08-28 10:18:00-04:00,299.989990234375,300.0799865722656,299.5450134277344,300.0,5699
2026-08-28 10:19:00-04:00,300.1600036621094,300.5299987792969,299.79998779296875,300.1700134277344,2534
2026-08-28 10:20:00-04:00,299.8299865722656,300.1700134277344,299.8299865722656,299.95001220703125,4032
2026-08-28 10:21:00-04:00,299.8999938964844,300.019287109375,299.6000061035156,299.7970886230469,2976
2026-08-28 10:22:00-04:00,300.010009765625,300.1700134277344,299.6300048828125,300.1700134277344,4311
2026-08-28 10:23:00-04:00,300.2300109863281,300.260009765625,299.70001220703125,300.1300048828125,6189
2026-08-28 10:24:00-04:00,300.7900085449219,300.7900085449219,299.7099914550781,300.0400085449219,6159
2026-08-28 10:25:00-04:00,300.32000732421875,301.0350036621094,300.32000732421875,300.590087890625,3325
2026-08-28 10:26:00-04:00,300.8450012207031,300.8450012207031,300.5,300.6000061035156,1736
2026-08-28 10:27:00-04:00,300.1300048828125,300.760009765625,300.1300048828125,300.70001220703125,3167
2026-08-28 10:28:00-04:00,299.94000244140625,300.1700134277344,299.6300048828125,299.95001220703125,9361
2026-08-28 10:29:00-04:00,299.6099853515625,300.0799865722656,299.6000061035156,300.0799865722656,1388
2026-08-28 10:30:00-04:00,299.8550109863281,300.1000061035156,299.8550109863281,299.9150085449219,2540
2026-08-28 10:31:00-04:00,299.510009765625,299.875,299.260009765625,299.875,4383
2026-08-28 10:32:00-04:00,300.1499938964844,300.1600036621094,299.55999755859375,299.55999755859375,3789
2026-08-28 10:33:00-04:00,300.2950134277344,300.322509765625,300.1199951171875,300.125,2835
2026-08-28 10:34:00-04:00,300.75,300.75,300.2850036621094,300.3500061035156,5525
2026-08-28 10:35:00-04:00,300.82989501953125,300.8599853515625,300.3689880371094,300.8599853515625,4292
2026-08-28 10:36:00-04:00,301.260009765625,301.260009765625,300.42999267578125,300.4649963378906,30345
2026-08-28 10:37:00-04:00,300.6199951171875,301.1499938964844,300.4700012207031,301.05999755859375,7353
2026-08-28 10:38:00-04:00,301.5249938964844,301.5899963378906,300.6099853515625,300.6099853515625,4252
2026-08-28 10:39:00-04:00,301.42498779296875,301.8299865722656,301.42498779296875,301.7099914550781,2769
2026-08-28 10:40:00-04:00,301.3299865722656,301.3299865722656,301.05999755859375,301.20001220703125,2976
2026-08-28 10:41:00-04:00,301.3550109863281,301.3599853515625,301.3550109863281,301.3599853515625,1558
2026-08-28 10:42:00-04:00,301.71990966796875,301.71990966796875,301.54998779296875,301.57159423828125,920
2026-08-28 10:43:00-04:00,301.364990234375,301.364990234375,301.364990234375,301.364990234375,2718
2026-08-28 10:44:00-04:00,301.3399963378906,301.3900146484375,301.3399963378906,301.3800048828125,1524
2026-08-28 10:45:00-04:00,301.32000732421875,301.3399963378906,301.30999755859375,301.3399963378906,1513
2026-08-28 10:46:00-04:00,301.3349914550781,301.3349914550781,301.32501220703125,301.32501220703125,1413
2026-08-28 10:47:00-04:00,302.32000732421875,302.42999267578125,301.1600036621094,301.3800048828125,21431
2026-08-28 10:48:00-04:00,303.45001220703125,304.28948974609375,302.44000244140625,302.44000244140625,6279
2026-08-28 10:49:00-04:00,303.5799865722656,303.94000244140625,303.3800048828125,303.45001220703125,8119
2026-08-28 10:50:00-04:00,303.9200134277344,304.4599914550781,303.5610046386719,303.6199951171875,10441
2026-08-28 10:51:00-04:00,303.7799987792969,304.2149963378906,303.7799987792969,304.2149963378906,3122
2026-08-28 10:52:00-04:00,304.70001220703125,304.9700012207031,304.010009765625,304.29998779296875,6664
2026-08-28 10:53:00-04:00,304.8900146484375,305.4700012207031,304.55999755859375,304.55999755859375,8853
2026-08-28 10:54:00-04:00,304.0400085449219,304.489990234375,303.9949951171875,304.489990234375,5831
2026-08-28 10:55:00-04:00,304.20001220703125,304.44000244140625,303.9949951171875,303.9949951171875,2605
2026-08-28 10:56:00-04:00,304.0,304.5199890136719,303.69000244140625,304.42999267578125,25162
2026-08-28 10:57:00-04:00,304.1000061035156,304.4700012207031,304.04998779296875,304.04998779296875,1518
2026-08-28 10:58:00-04:00,305.04998779296875,305.07000732421875,304.20001220703125,304.30999755859375,6870
2026-08-28 10:59:00-04:00,305.20001220703125,305.4418029785156,305.04998779296875,305.04998779296875,4121
2026-08-28 11:00:00-04:00,305.05499267578125,305.4800109863281,305.0199890136719,305.42999267578125,6218
2026-08-28 11:01:00-04:00,304.55999755859375,305.2300109863281,304.55999755859375,305.2300109863281,7528
2026-08-28 11:02:00-04:00,304.1600036621094,304.55999755859375,304.1600036621094,304.4200134277344,801
2026-08-28 11:03:00-04:00,304.7799987792969,304.82000732421875,304.30999755859375,304.5199890136719,5574
2026-08-28 11:04:00-04:00,304.57000732421875,304.864990234375,304.4599914550781,304.7799987792969,2830
2026-08-28 11:05:00-04:00,305.2699890136719,305.2699890136719,304.57000732421875,304.57000732421875,2959
2026-08-28 11:06:00-04:00,304.7074890136719,305.44000244140625,304.7074890136719,305.2200012207031,9405
2026-08-28 11:07:00-04:00,304.55999755859375,304.8599853515625,304.55999755859375,304.8500061035156,6719
2026-08-28 11:08:00-04:00,304.4898986816406,304.8800048828125,304.1400146484375,304.7149963378906,5035
2026-08-28 11:09:00-04:00,304.2749938964844,304.2749938964844,304.2699890136719,304.2699890136719,612
2026-08-28 11:10:00-04:00,304.7099914550781,304.79998779296875,304.489990234375,304.489990234375,1862
2026-08-28 11:11:00-04:00,304.95001220703125,304.95001220703125,304.4800109863281,304.5050048828125,2596
2026-08-28 11:12:00-04:00,305.0,305.0,304.6300048828125,304.739990234375,2251
2026-08-28 11:13:00-04:00,305.4800109863281,305.489990234375,305.1000061035156,305.1000061035156,2742
2026-08-28 11:14:00-04:00,305.5,305.5,305.1050109863281,305.44000244140625,2904
2026-08-28 11:15:00-04:00,305.8500061035156,305.8500061035156,305.44000244140625,305.44000244140625,2281
2026-08-28 11:16:00-04:00,306.8949890136719,306.9049987792969,305.739990234375,305.739990234375,6732
2026-08-28 11:17:00-04:00,305.489990234375,306.6700134277344,305.45001220703125,306.6000061035156,6618
2026-08-28 11:18:00-04:00,305.56500244140625,305.56500244140625,305.5400085449219,305.54998779296875,1310
2026-08-28 11:19:00-04:00,305.6000061035156,305.92999267578125,305.5950012207031,305.5950012207031,3004
2026-08-28 11:20:00-04:00,305.7699890136719,306.07000732421875,305.6600036621094,305.9599914550781,3723
2026-08-28 11:21:00-04:00,305.6000061035156,305.80999755859375,305.5899963378906,305.6702880859375,1803
2026-08-28 11:22:00-04:00,305.760009765625,305.760009765625,305.760009765625,305.760009765625,822
2026-08-28 11:23:00-04:00,305.95001220703125,305.9700012207031,305.69000244140625,305.9100036621094,3216
2026-08-28 11:24:00-04:00,306.73419189453125,306.73419189453125,306.0400085449219,306.1700134277344,1670
2026-08-28 11:25:00-04:00,306.7049865722656,306.9599914550781,306.489990234375,306.68499755859375,5149
2026-08-28 11:26:00-04:00,307.0450134277344,307.3399963378906,306.760009765625,306.760009765625,4155
2026-08-28 11:27:00-04:00,307.17999267578125,307.3399963378906,306.81500244140625,307.0450134277344,4809
2026-08-28 11:28:00-04:00,307.2900085449219,307.32000732421875,306.739990234375,307.2300109863281,9053
2026-08-28 11:29:00-04:00,306.54998779296875,307.32000732421875,306.54998779296875,306.9599914550781,12352
2026-08-28 11:30:00-04:00,306.6499938964844,307.010009765625,306.4849853515625,306.5837097167969,4522
2026-08-28 11:31:00-04:00,307.3598937988281,307.3598937988281,306.6099853515625,306.6099853515625,4722
2026-08-28 11:32:00-04:00,307.0199890136719,307.0199890136719,306.80999755859375,307.0,2988
2026-08-28 11:33:00-04:00,307.2799987792969,307.5,306.8599853515625,306.8900146484375,8145
2026-08-28 11:34:00-04:00,306.6099853515625,307.2799987792969,306.6099853515625,307.1600036621094,6933
2026-08-28 11:35:00-04:00,306.95001220703125,306.95001220703125,306.6565856933594,306.92999267578125,1373
2026-08-28 11:36:00-04:00,307.0,307.0,306.9949951171875,306.9949951171875,727
2026-08-28 11:37:00-04:00,307.0299987792969,307.0299987792969,306.7189025878906,307.0,1784
2026-08-28 11:38:00-04:00,306.6700134277344,307.2200012207031,306.6000061035156,306.9750061035156,2618
2026-08-28 11:39:00-04:00,306.2439880371094,306.80999755859375,306.2439880371094,306.80999755859375,3294
2026-08-28 11:40:00-04:00,305.80999755859375,306.3399963378906,305.80999755859375,306.2699890136719,2822
2026-08-28 11:41:00-04:00,305.4549865722656,305.5299987792969,305.42999267578125,305.5299987792969,2702
2026-08-28 11:42:00-04:00,305.45001220703125,305.7799987792969,305.45001220703125,305.7799987792969,1049
2026-08-28 11:43:00-04:00,305.0,305.4700012207031,305.0,305.2099914550781,3565
2026-08-28 11:44:00-04:00,304.9700012207031,305.32000732421875,304.9700012207031,305.32000732421875,2001
2026-08-28 11:45:00-04:00,304.6600036621094,304.7850036621094,304.6600036621094,304.7850036621094,2304
2026-08-28 11:46:00-04:00,304.5931091308594,305.0299072265625,304.54998779296875,305.0199890136719,1938
2026-08-28 11:47:00-04:00,304.0799865722656,304.7799987792969,304.0799865722656,304.5299987792969,5501
2026-08-28 11:48:00-04:00,304.1182861328125,304.2349853515625,303.5,304.2349853515625,8146
2026-08-28 11:49:00-04:00,303.80499267578125,304.14990234375,303.5,303.5,2897
2026-08-28 11:50:00-04:00,303.5,304.09991455078125,303.3999938964844,303.7699890136719,4471
2026-08-28 11:51:00-04:00,303.2300109863281,303.54998779296875,302.8999938964844,303.54998779296875,3015
2026-08-28 11:52:00-04:00,302.864990234375,302.8699951171875,302.8500061035156,302.8500061035156,1944
2026-08-28 11:53:00-04:00,302.6199951171875,302.9800109863281,302.6199951171875,302.9800109863281,1373
2026-08-28 11:54:00-04:00,302.6300048828125,302.85369873046875,302.6300048828125,302.85369873046875,2878
2026-08-28 11:55:00-04:00,302.510009765625,302.9100036621094,302.3258972167969,302.6199951171875,4369
2026-08-28 11:56:00-04:00,302.20001220703125,302.4100036621094,302.20001220703125,302.4100036621094,2130
2026-08-28 11:57:00-04:00,301.864990234375,302.16009521484375,301.864990234375,302.16009521484375,2324
2026-08-28 11:58:00-04:00,302.1499938964844,302.20001220703125,301.6400146484375,301.6400146484375,2466
2026-08-28 11:59:00-04:00,301.75,302.3299865722656,301.739990234375,302.2099914550781,6047
2026-08-28 12:00:00-04:00,301.8399963378906,302.2900085449219,301.8299865722656,302.19000244140625,2675
2026-08-28 12:01:00-04:00,301.64898681640625,301.7099914550781,300.57000732421875,301.69000244140625,15496
2026-08-28 12:02:00-04:00,301.13739013671875,301.6099853515625,301.13739013671875,301.3399963378906,4221
2026-08-28 12:03:00-04:00,301.95001220703125,302.260009765625,301.70001220703125,301.70001220703125,5404
2026-08-28 12:04:00-04:00,302.04998779296875,302.2850036621094,301.8699951171875,302.1700134277344,1901
2026-08-28 12:05:00-04:00,302.25,302.57000732421875,302.0150146484375,302.0150146484375,7921
2026-08-28 12:07:00-04:00,303.32000732421875,303.32000732421875,302.6300048828125,302.95001220703125,2444
2026-08-28 12:08:00-04:00,302.4949951171875,302.94500732421875,302.4949951171875,302.94500732421875,3152
2026-08-28 12:09:00-04:00,302.6700134277344,302.9700012207031,302.4949951171875,302.4949951171875,1371
2026-08-28 12:10:00-04:00,302.8999938964844,302.8999938964844,302.30999755859375,302.47491455078125,3134
2026-08-28 12:11:00-04:00,302.55999755859375,302.8900146484375,302.5,302.5,3497
2026-08-28 12:12:00-04:00,302.6600036621094,302.6600036621094,302.2900085449219,302.2900085449219,2306
2026-08-28 12:13:00-04:00,302.1099853515625,302.6034851074219,302.1099853515625,302.4800109863281,1505
2026-08-28 12:14:00-04:00,302.2900085449219,302.510009765625,302.0299987792969,302.510009765625,1169
2026-08-28 12:15:00-04:00,301.20001220703125,302.2950134277344,301.20001220703125,302.2950134277344,3518
2026-08-28 12:16:00-04:00,300.5899963378906,301.1499938964844,300.5899963378906,301.1449890136719,5861
2026-08-28 12:17:00-04:00,300.1134033203125,300.6700134277344,300.05999755859375,300.6700134277344,2349
2026-08-28 12:18:00-04:00,300.0,300.2900085449219,299.82000732421875,300.05999755859375,9679
2026-08-28 12:19:00-04:00,300.0299987792969,300.0899963378906,299.760009765625,299.82000732421875,2177
2026-08-28 12:20:00-04:00,300.02911376953125,300.20001220703125,299.94500732421875,300.05999755859375,4311
2026-08-28 12:21:00-04:00,299.9150085449219,299.92498779296875,299.75,299.75,2445
2026-08-28 12:22:00-04:00,300.7099914550781,300.7799987792969,300.4700012207031,300.6199951171875,3257
2026-08-28 12:23:00-04:00,300.2950134277344,300.5,300.19000244140625,300.5,1928
2026-08-28 12:24:00-04:00,300.55999755859375,300.55999755859375,300.17999267578125,300.20001220703125,1469
2026-08-28 12:25:00-04:00,300.8800048828125,300.8800048828125,300.6000061035156,300.79998779296875,2320
2026-08-28 12:26:00-04:00,300.9649963378906,300.9649963378906,300.7250061035156,300.7250061035156,511
2026-08-28 12:27:00-04:00,301.19000244140625,301.19000244140625,301.1400146484375,301.1400146484375,1772
2026-08-28 12:28:00-04:00,300.989990234375,301.4399108886719,300.9649963378906,301.4399108886719,5353
2026-08-28 12:29:00-04:00,300.3999938964844,300.7449951171875,300.3999938964844,300.7449951171875,1652
2026-08-28 12:30:00-04:00,301.2650146484375,301.2799987792969,300.5899963378906,300.5899963378906,2851
2026-08-28 12:31:00-04:00,301.510009765625,301.7550048828125,300.8699951171875,300.8699951171875,7831
2026-08-28 12:32:00-04:00,301.4599914550781,301.55999755859375,301.4599914550781,301.55999755859375,1771
2026-08-28 12:34:00-04:00,301.19000244140625,301.4800109863281,301.19000244140625,301.4800109863281,1868
2026-08-28 12:35:00-04:00,301.2250061035156,301.2250061035156,300.8800048828125,300.9800109863281,1672
2026-08-28 12:36:00-04:00,301.6700134277344,301.6700134277344,301.6700134277344,301.6700134277344,527
2026-08-28 12:37:00-04:00,301.69000244140625,301.69000244140625,301.1099853515625,301.57000732421875,2181
2026-08-28 12:38:00-04:00,301.6050109863281,301.8699951171875,301.45001220703125,301.45001220703125,1550
2026-08-28 12:39:00-04:00,301.6099853515625,301.81829833984375,301.25,301.81829833984375,3229
2026-08-28 12:40:00-04:00,301.57000732421875,301.5799865722656,301.57000732421875,301.5799865722656,611
2026-08-28 12:41:00-04:00,301.45001220703125,301.45001220703125,301.2099914550781,301.2799987792969,6066
2026-08-28 12:42:00-04:00,301.239990234375,301.3900146484375,301.1199951171875,301.3800048828125,3254
2026-08-28 12:43:00-04:00,301.0799865722656,301.2250061035156,301.0799865722656,301.0799865722656,1318
2026-08-28 12:44:00-04:00,301.3299865722656,301.3599853515625,301.2200012207031,301.2200012207031,1275
2026-08-28 12:45:00-04:00,302.1022033691406,302.1022033691406,301.4849853515625,301.5799865722656,3134
2026-08-28 12:46:00-04:00,302.2699890136719,302.2699890136719,302.2699890136719,302.2699890136719,1416
2026-08-28 12:48:00-04:00,301.5799865722656,302.6499938964844,301.55999755859375,302.6499938964844,22299
2026-08-28 12:49:00-04:00,302.3699951171875,302.3900146484375,301.9849853515625,302.0350036621094,3076
2026-08-28 12:50:00-04:00,302.2799987792969,302.6199951171875,302.2799987792969,302.3399963378906,1954
2026-08-28 12:51:00-04:00,302.760009765625,302.8599853515625,302.03009033203125,302.3299865722656,2008
2026-08-28 12:52:00-04:00,302.81500244140625,303.0216979980469,302.54998779296875,302.8599853515625,9108
2026-08-28 12:53:00-04:00,302.3599853515625,302.95001220703125,302.3599853515625,302.95001220703125,3344
2026-08-28 12:54:00-04:00,301.94000244140625,302.4150085449219,301.94000244140625,302.3599853515625,2712
2026-08-28 12:55:00-04:00,302.1451110839844,302.1451110839844,301.94000244140625,301.94000244140625,474
2026-08-28 12:56:00-04:00,302.2449951171875,302.56988525390625,302.2449951171875,302.3500061035156,1605
2026-08-28 12:57:00-04:00,302.5802917480469,302.5802917480469,302.0,302.0,859
2026-08-28 12:58:00-04:00,302.510009765625,302.510009765625,302.510009765625,302.510009765625,1351
2026-08-28 12:59:00-04:00,302.2200012207031,302.7099914550781,302.2200012207031,302.7099914550781,2760
2026-08-28 13:00:00-04:00,301.5,301.94000244140625,301.5,301.94000244140625,3450
2026-08-28 13:01:00-04:00,301.2300109863281,301.2300109863281,301.2300109863281,301.2300109863281,757
2026-08-28 13:02:00-04:00,301.010009765625,301.12060546875,301.010009765625,301.1199951171875,603
2026-08-28 13:03:00-04:00,301.3500061035156,301.535888671875,301.2250061035156,301.2250061035156,1347
2026-08-28 13:04:00-04:00,301.30999755859375,301.6099853515625,301.30999755859375,301.32000732421875,1687
2026-08-28 13:05:00-04:00,301.010009765625,301.0299987792969,300.82000732421875,301.0299987792969,3886
2026-08-28 13:06:00-04:00,300.6200866699219,300.6200866699219,300.6200866699219,300.6200866699219,1056
2026-08-28 13:07:00-04:00,300.989990234375,300.989990234375,300.79998779296875,300.79998779296875,1299
2026-08-28 13:08:00-04:00,300.95001220703125,301.1700134277344,300.6200866699219,301.1700134277344,1687
2026-08-28 13:09:00-04:00,300.82000732421875,300.9601135253906,300.82000732421875,300.9601135253906,961
2026-08-28 13:10:00-04:00,300.7149963378906,300.7149963378906,300.6300048828125,300.6300048828125,1490
2026-08-28 13:11:00-04:00,300.4599914550781,300.79998779296875,300.4599914550781,300.7099914550781,763
2026-08-28 13:12:00-04:00,300.2799987792969,301.010009765625,300.2799987792969,300.9800109863281,16958
2026-08-28 13:14:00-04:00,300.29998779296875,300.29998779296875,300.0101013183594,300.0101013183594,624
2026-08-28 13:15:00-04:00,301.125,301.45001220703125,300.3999938964844,300.3999938964844,35491
2026-08-28 13:16:00-04:00,301.0899963378906,301.1700134277344,300.80999755859375,301.1300048828125,15905
2026-08-28 13:17:00-04:00,301.2200012207031,301.2699890136719,301.04998779296875,301.04998779296875,2768
2026-08-28 13:18:00-04:00,301.2300109863281,301.3999938964844,301.2300109863281,301.3999938964844,1226
2026-08-28 13:19:00-04:00,301.6050109863281,301.6050109863281,301.6050109863281,301.6050109863281,694
2026-08-28 13:20:00-04:00,301.4049987792969,301.4049987792969,301.3999938964844,301.3999938964844,856
2026-08-28 13:21:00-04:00,301.0199890136719,301.3599853515625,300.989990234375,301.2699890136719,3676
2026-08-28 13:23:00-04:00,301.04998779296875,301.4289855957031,300.7900085449219,301.17498779296875,2858
2026-08-28 13:24:00-04:00,301.0249938964844,301.07000732421875,300.9549865722656,300.9549865722656,3212
2026-08-28 13:25:00-04:00,301.07000732421875,301.07000732421875,301.07000732421875,301.07000732421875,1882
2026-08-28 13:26:00-04:00,300.9599914550781,300.9599914550781,300.7300109863281,300.8999938964844,1920
2026-08-28 13:27:00-04:00,301.0350036621094,301.20001220703125,301.0,301.0,2242
2026-08-28 13:28:00-04:00,300.95001220703125,301.05999755859375,300.95001220703125,301.0350036621094,5944
2026-08-28 13:29:00-04:00,300.92999267578125,300.94000244140625,300.92999267578125,300.94000244140625,759
2026-08-28 13:30:00-04:00,300.9599914550781,301.1099853515625,300.9599914550781,301.1099853515625,628
2026-08-28 13:31:00-04:00,300.8699951171875,300.9150085449219,300.69000244140625,300.9150085449219,2811
2026-08-28 13:32:00-04:00,301.0899963378906,301.20001220703125,300.94000244140625,300.94000244140625,16470
2026-08-28 13:33:00-04:00,301.17498779296875,301.4399108886719,301.0,301.0,24550
2026-08-28 13:34:00-04:00,301.44500732421875,301.4700012207031,301.3800048828125,301.42999267578125,1830
2026-08-28 13:35:00-04:00,301.44000244140625,301.5799865722656,301.44000244140625,301.5799865722656,2248
2026-08-28 13:36:00-04:00,301.3999938964844,301.3999938964844,301.3999938964844,301.3999938964844,1492
2026-08-28 13:37:00-04:00,301.1400146484375,301.1400146484375,300.9100036621094,301.0199890136719,3671
2026-08-28 13:38:00-04:00,301.04998779296875,301.1400146484375,300.9179992675781,300.9179992675781,1082
2026-08-28 13:39:00-04:00,301.05499267578125,301.05499267578125,301.05499267578125,301.05499267578125,1254
2026-08-28 13:40:00-04:00,300.69989013671875,300.7099914550781,300.4800109863281,300.7099914550781,2611
2026-08-28 13:41:00-04:00,300.5150146484375,300.5199890136719,300.5150146484375,300.5199890136719,1444
2026-08-28 13:42:00-04:00,300.45001220703125,300.45001220703125,300.45001220703125,300.45001220703125,629
2026-08-28 13:43:00-04:00,300.010009765625,300.44000244140625,300.010009765625,300.44000244140625,2873
2026-08-28 13:44:00-04:00,299.0505065917969,299.4200134277344,299.0505065917969,299.4200134277344,4671
2026-08-28 13:45:00-04:00,299.3999938964844,299.4949951171875,299.3999938964844,299.4949951171875,979
2026-08-28 13:46:00-04:00,299.6400146484375,299.6700134277344,299.5849914550781,299.5849914550781,4384
2026-08-28 13:47:00-04:00,299.5,299.80999755859375,299.5,299.80999755859375,3064
2026-08-28 13:49:00-04:00,299.5899963378906,299.7900085449219,299.5899963378906,299.614990234375,1614
2026-08-28 13:50:00-04:00,299.9599914550781,299.9599914550781,299.9599914550781,299.9599914550781,1339
2026-08-28 13:51:00-04:00,299.6700134277344,299.6700134277344,299.6700134277344,299.6700134277344,810
2026-08-28 13:52:00-04:00,299.45001220703125,299.45001220703125,299.45001220703125,299.45001220703125,551
2026-08-28 13:53:00-04:00,299.6400146484375,299.6499938964844,299.4200134277344,299.44000244140625,4257
2026-08-28 13:54:00-04:00,299.9100036621094,299.9100036621094,299.6650085449219,299.6650085449219,1536
2026-08-28 13:55:00-04:00,299.7749938964844,300.04730224609375,299.70001220703125,299.95001220703125,2861
2026-08-28 13:56:00-04:00,299.4800109863281,299.760009765625,299.4599914550781,299.760009765625,2204
2026-08-28 13:57:00-04:00,299.260009765625,299.7300109863281,299.260009765625,299.7300109863281,5209
2026-08-28 13:59:00-04:00,299.79998779296875,299.79998779296875,299.4100036621094,299.4100036621094,737
2026-08-28 14:00:00-04:00,299.5299987792969,299.5400085449219,299.5249938964844,299.5375061035156,1237
2026-08-28 14:01:00-04:00,298.6300048828125,299.3299865722656,298.6300048828125,299.3299865722656,5927
2026-08-28 14:02:00-04:00,299.1600036621094,299.1600036621094,298.8949890136719,298.8999938964844,1672
2026-08-28 14:03:00-04:00,299.32000732421875,299.32000732421875,299.30999755859375,299.30999755859375,1277
2026-08-28 14:04:00-04:00,299.2300109863281,299.2300109863281,299.2300109863281,299.2300109863281,510
2026-08-28 14:05:00-04:00,299.20001220703125,299.2099914550781,299.20001220703125,299.2099914550781,1060
2026-08-28 14:06:00-04:00,299.5400085449219,299.5400085449219,299.5400085449219,299.5400085449219,505
2026-08-28 14:07:00-04:00,299.5400085449219,299.5400085449219,299.2099914550781,299.2149963378906,2445
2026-08-28 14:08:00-04:00,299.54998779296875,299.54998779296875,299.2651062011719,299.2651062011719,3744
2026-08-28 14:09:00-04:00,299.7200012207031,299.8599853515625,299.43499755859375,299.43499755859375,4085
2026-08-28 14:10:00-04:00,299.981201171875,299.981201171875,299.981201171875,299.981201171875,570
2026-08-28 14:11:00-04:00,299.9200134277344,300.0400085449219,299.7799987792969,299.7799987792969,8573
2026-08-28 14:12:00-04:00,299.9150085449219,300.0799865722656,299.9150085449219,299.9200134277344,3498
2026-08-28 14:13:00-04:00,299.5,299.739990234375,299.42999267578125,299.739990234375,5448
2026-08-28 14:14:00-04:00,299.8399963378906,299.8999938964844,299.44000244140625,299.5,13273
2026-08-28 14:15:00-04:00,299.6099853515625,300.0,299.6099853515625,299.9800109863281,2091
2026-08-28 14:17:00-04:00,300.25,300.30999755859375,300.0,300.0,23149
2026-08-28 14:18:00-04:00,300.0899963378906,300.2149963378906,300.05999755859375,300.20001220703125,2911
2026-08-28 14:19:00-04:00,300.3550109863281,300.3550109863281,300.3550109863281,300.3550109863281,648
2026-08-28 14:20:00-04:00,300.75,300.9049987792969,300.75,300.760009765625,2068
2026-08-28 14:21:00-04:00,301.0400085449219,301.125,300.7699890136719,300.9075012207031,2909
2026-08-28 14:22:00-04:00,301.4549865722656,301.5,300.9800109863281,301.239990234375,24590
2026-08-28 14:23:00-04:00,300.7049865722656,301.20001220703125,300.4800109863281,301.20001220703125,46567
2026-08-28 14:24:00-04:00,300.9800109863281,300.9800109863281,300.5,300.7200012207031,4749
2026-08-28 14:25:00-04:00,300.79998779296875,300.82000732421875,300.5799865722656,300.82000732421875,5054
2026-08-28 14:27:00-04:00,301.2799987792969,301.2799987792969,301.20001220703125,301.20001220703125,1413
2026-08-28 14:28:00-04:00,301.3399963378906,301.3399963378906,301.3399963378906,301.3399963378906,1087
2026-08-28 14:29:00-04:00,301.55999755859375,301.8599853515625,301.17999267578125,301.19000244140625,21135
2026-08-28 14:30:00-04:00,301.8699951171875,302.19000244140625,301.8699951171875,302.19000244140625,768
2026-08-28 14:31:00-04:00,301.8399963378906,301.8399963378906,301.5199890136719,301.5400085449219,3900
2026-08-28 14:32:00-04:00,301.92999267578125,302.0899963378906,301.864990234375,302.0899963378906,3014
2026-08-28 14:33:00-04:00,301.80499267578125,302.0199890136719,301.80499267578125,302.0150146484375,3303
2026-08-28 14:34:00-04:00,301.3900146484375,301.7698974609375,301.3900146484375,301.6000061035156,22715
2026-08-28 14:35:00-04:00,300.875,301.04998779296875,300.8500061035156,301.0400085449219,3136
2026-08-28 14:36:00-04:00,300.8800048828125,300.8800048828125,300.8800048828125,300.8800048828125,1480
2026-08-28 14:37:00-04:00,301.0899963378906,301.0899963378906,300.8999938964844,300.8999938964844,1234
2026-08-28 14:38:00-04:00,300.9750061035156,301.0299987792969,300.760009765625,300.8299865722656,11720
2026-08-28 14:39:00-04:00,301.1000061035156,301.1000061035156,300.9649963378906,300.9849853515625,3096
2026-08-28 14:40:00-04:00,301.3399963378906,301.3399963378906,300.9800109863281,301.04998779296875,1933
2026-08-28 14:41:00-04:00,301.1199951171875,301.4800109863281,301.1199951171875,301.3399963378906,6249
2026-08-28 14:42:00-04:00,300.94000244140625,301.1600036621094,300.70001220703125,301.1600036621094,6748
2026-08-28 14:43:00-04:00,300.7300109863281,300.79998779296875,300.6700134277344,300.739990234375,12138
2026-08-28 14:44:00-04:00,300.8424987792969,300.8599853515625,300.8424987792969,300.8599853515625,454
2026-08-28 14:45:00-04:00,301.42999267578125,301.5899963378906,300.7300109863281,300.739990234375,24669
2026-08-28 14:46:00-04:00,301.5400085449219,301.7699890136719,301.4649963378906,301.510009765625,3046
2026-08-28 14:47:00-04:00,301.82000732421875,301.82000732421875,301.32000732421875,301.5299987792969,39481
2026-08-28 14:48:00-04:00,301.79998779296875,301.93499755859375,301.489990234375,301.864990234375,8041
2026-08-28 14:49:00-04:00,301.510009765625,301.79998779296875,301.4599914550781,301.79998779296875,3126
2026-08-28 14:50:00-04:00,301.29998779296875,301.760009765625,301.29998779296875,301.67999267578125,4283
2026-08-28 14:51:00-04:00,301.1700134277344,301.2900085449219,301.1700134277344,301.2900085449219,1629
2026-08-28 14:52:00-04:00,301.5050048828125,301.5050048828125,301.4800109863281,301.4800109863281,815
2026-08-28 14:53:00-04:00,301.2099914550781,301.6400146484375,301.2099914550781,301.5,7308
2026-08-28 14:54:00-04:00,301.4750061035156,301.57000732421875,301.20001220703125,301.2300109863281,23795
2026-08-28 14:55:00-04:00,300.7101135253906,301.2699890136719,300.7099914550781,301.2699890136719,10633
2026-08-28 14:57:00-04:00,301.1199951171875,301.1199951171875,300.8974914550781,301.0199890136719,1540
2026-08-28 14:58:00-04:00,301.43499755859375,301.43499755859375,301.2799987792969,301.2799987792969,1051
2026-08-28 14:59:00-04:00,301.5799865722656,301.5799865722656,301.1700134277344,301.260009765625,13480
2026-08-28 15:00:00-04:00,301.25,301.6050109863281,301.2200012207031,301.5950012207031,15362
2026-08-28 15:01:00-04:00,301.5899963378906,301.5899963378906,301.0799865722656,301.19000244140625,5942
2026-08-28 15:02:00-04:00,301.68499755859375,301.80999755859375,301.67999267578125,301.80999755859375,1393
2026-08-28 15:03:00-04:00,301.822509765625,301.9750061035156,301.74749755859375,301.9750061035156,1390
2026-08-28 15:04:00-04:00,301.9700012207031,301.9700012207031,301.75,301.8599853515625,1031
2026-08-28 15:05:00-04:00,301.5,301.70001220703125,301.4599914550781,301.6199951171875,5545
2026-08-28 15:06:00-04:00,301.54998779296875,301.57501220703125,301.4800109863281,301.57000732421875,2696
2026-08-28 15:07:00-04:00,301.5299987792969,301.6300048828125,301.3999938964844,301.55999755859375,3621
2026-08-28 15:08:00-04:00,301.79998779296875,301.79998779296875,301.5400085449219,301.5400085449219,2499
2026-08-28 15:09:00-04:00,301.5,302.0150146484375,301.5,301.989990234375,3755
2026-08-28 15:10:00-04:00,301.6400146484375,301.6400146484375,301.4800109863281,301.4800109863281,2271
2026-08-28 15:11:00-04:00,302.0,302.0,301.6400146484375,301.6400146484375,3106
2026-08-28 15:12:00-04:00,301.6000061035156,301.6000061035156,301.6000061035156,301.6000061035156,125
2026-08-28 15:13:00-04:00,301.7799987792969,301.7799987792969,301.1199951171875,301.6400146484375,8315
2026-08-28 15:14:00-04:00,301.11248779296875,301.81500244140625,301.07000732421875,301.81500244140625,7140
2026-08-28 15:15:00-04:00,300.6600036621094,300.9100036621094,300.6600036621094,300.9100036621094,3582
2026-08-28 15:16:00-04:00,300.5849914550781,300.94000244140625,300.5849914550781,300.8999938964844,5871
2026-08-28 15:17:00-04:00,300.2200012207031,300.4700012207031,300.1700134277344,300.3599853515625,8947
2026-08-28 15:18:00-04:00,300.4800109863281,300.6700134277344,300.4599914550781,300.4599914550781,1942
2026-08-28 15:19:00-04:00,300.69000244140625,300.69000244140625,300.67999267578125,300.67999267578125,1274
2026-08-28 15:20:00-04:00,300.8999938964844,300.8999938964844,300.5299987792969,300.5299987792969,2230
2026-08-28 15:21:00-04:00,300.79998779296875,301.0224914550781,300.79998779296875,300.92999267578125,3570
2026-08-28 15:22:00-04:00,300.8699951171875,300.9200134277344,300.82000732421875,300.82000732421875,1043
2026-08-28 15:23:00-04:00,300.8999938964844,300.8999938964844,300.875,300.875,2162
2026-08-28 15:24:00-04:00,300.8450012207031,300.8500061035156,300.6600036621094,300.6700134277344,4125
2026-08-28 15:25:00-04:00,300.6600036621094,301.36749267578125,300.6600036621094,301.0199890136719,6751
2026-08-28 15:26:00-04:00,300.79998779296875,300.95001220703125,300.7720031738281,300.95001220703125,1556
2026-08-28 15:27:00-04:00,301.0950012207031,301.0950012207031,300.9100036621094,300.9100036621094,1595
2026-08-28 15:28:00-04:00,300.4599914550781,301.0899963378906,300.2699890136719,301.0899963378906,8453
2026-08-28 15:29:00-04:00,300.7099914550781,300.7099914550781,300.4100036621094,300.4200134277344,2341
2026-08-28 15:30:00-04:00,300.7049865722656,300.8900146484375,300.4599914550781,300.6199951171875,3588
2026-08-28 15:31:00-04:00,300.8500061035156,300.9999084472656,300.79998779296875,300.9200134277344,3291
2026-08-28 15:32:00-04:00,300.8800048828125,300.8800048828125,300.8699951171875,300.8699951171875,1537
2026-08-28 15:33:00-04:00,300.8699951171875,301.0,300.8500061035156,300.9057922363281,2512
2026-08-28 15:34:00-04:00,300.9700012207031,301.2550048828125,300.875,300.9200134277344,6436
2026-08-28 15:35:00-04:00,301.2200012207031,301.2200012207031,301.2049865722656,301.2099914550781,2984
2026-08-28 15:36:00-04:00,300.7699890136719,301.3258056640625,300.5299987792969,301.3258056640625,9004
2026-08-28 15:37:00-04:00,300.6400146484375,300.82501220703125,300.6400146484375,300.7900085449219,2251
2026-08-28 15:38:00-04:00,300.8800048828125,300.8800048828125,300.7149963378906,300.7300109863281,2543
2026-08-28 15:39:00-04:00,300.8575134277344,301.0199890136719,300.8399963378906,300.8500061035156,2668
2026-08-28 15:40:00-04:00,301.1000061035156,301.25,300.9700012207031,300.9849853515625,3309
2026-08-28 15:41:00-04:00,301.25,301.25,300.8800048828125,300.9700012207031,3914
2026-08-28 15:42:00-04:00,301.20001220703125,301.260009765625,301.0799865722656,301.2200012207031,5108
2026-08-28 15:43:00-04:00,301.3599853515625,301.3599853515625,301.20001220703125,301.20001220703125,3482
2026-08-28 15:44:00-04:00,301.010009765625,301.5799865722656,301.010009765625,301.3999938964844,13861
2026-08-28 15:45:00-04:00,300.9100036621094,301.1300048828125,300.8500061035156,300.9549865722656,8488
2026-08-28 15:46:00-04:00,300.32501220703125,300.9150085449219,299.4800109863281,300.9100036621094,17996
2026-08-28 15:47:00-04:00,300.82000732421875,301.1499938964844,299.92999267578125,300.260009765625,27915
2026-08-28 15:48:00-04:00,300.4100036621094,301.4800109863281,300.4100036621094,300.8299865722656,17530
2026-08-28 15:49:00-04:00,299.04998779296875,300.1700134277344,298.95001220703125,300.0299987792969,30395
2026-08-28 15:50:00-04:00,299.7049865722656,300.3699951171875,299.5,299.55999755859375,21490
2026-08-28 15:51:00-04:00,299.5450134277344,299.739990234375,299.2099914550781,299.7049865722656,29110
2026-08-28 15:52:00-04:00,299.3800048828125,299.6236877441406,299.2300109863281,299.6236877441406,17121
2026-08-28 15:53:00-04:00,299.1700134277344,299.4660949707031,299.0799865722656,299.3800048828125,28834
2026-08-28 15:54:00-04:00,299.3399963378906,299.7300109863281,299.0799865722656,299.17999267578125,25363
2026-08-28 15:55:00-04:00,299.3500061035156,299.4200134277344,298.9100036621094,299.29998779296875,35493
2026-08-28 15:56:00-04:00,299.1600036621094,299.739990234375,298.9200134277344,299.3616027832031,34915
2026-08-28 15:57:00-04:00,299.1000061035156,299.6050109863281,299.0,299.1499938964844,31926
2026-08-28 15:58:00-04:00,299.3399963378906,299.5950012207031,298.6499938964844,299.1449890136719,55069
2026-08-28 15:59:00-04:00,299.69000244140625,299.8800048828125,298.6600036621094,299.29998779296875,60438
2026-08-31 09:30:00-04:00,301.12799072265625,301.6000061035156,299.18499755859375,299.18499755859375,34329
2026-08-31 09:31:00-04:00,302.95001220703125,302.95001220703125,300.8900146484375,302.4750061035156,5778
2026-08-31 09:32:00-04:00,301.25,301.260009765625,300.5199890136719,301.260009765625,3935
2026-08-31 09:33:00-04:00,302.67498779296875,303.0,301.25750732421875,301.2650146484375,4366
2026-08-31 09:34:00-04:00,303.9100036621094,304.989990234375,303.1300048828125,303.8800048828125,14948
2026-08-31 09:35:00-04:00,304.4649963378906,304.4700012207031,303.1199951171875,303.1199951171875,3461
2026-08-31 09:36:00-04:00,305.07000732421875,305.07000732421875,303.6700134277344,304.1000061035156,14165
2026-08-31 09:37:00-04:00,303.5400085449219,304.7749938964844,303.4200134277344,304.7749938964844,8473
2026-08-31 09:38:00-04:00,302.0,303.739990234375,302.0,303.739990234375,9170
2026-08-31 09:39:00-04:00,300.59588623046875,301.93499755859375,300.59588623046875,301.8999938964844,5874
2026-08-31 09:40:00-04:00,302.19000244140625,302.6600036621094,301.8500061035156,302.1600036621094,3927
2026-08-31 09:41:00-04:00,300.1400146484375,302.010009765625,300.1400146484375,302.010009765625,6516
2026-08-31 09:42:00-04:00,302.5400085449219,302.5400085449219,300.05999755859375,300.07000732421875,7597
2026-08-31 09:43:00-04:00,301.54998779296875,302.7300109863281,301.07000732421875,302.7099914550781,16256
2026-08-31 09:44:00-04:00,302.07501220703125,302.07501220703125,301.6400146484375,301.6400146484375,1143
2026-08-31 09:45:00-04:00,301.67999267578125,301.82000732421875,300.8900146484375,301.1099853515625,8868
2026-08-31 09:46:00-04:00,300.7074890136719,301.6400146484375,300.6099853515625,300.989990234375,9201
2026-08-31 09:47:00-04:00,300.4700012207031,300.54998779296875,300.010009765625,300.44000244140625,5495
2026-08-31 09:48:00-04:00,298.75,300.8818054199219,298.1400146484375,300.8818054199219,12023
2026-08-31 09:49:00-04:00,299.6600036621094,299.82000732421875,299.260009765625,299.260009765625,1549
2026-08-31 09:50:00-04:00,298.2829895019531,299.7300109863281,298.2829895019531,299.68499755859375,6686
2026-08-31 09:51:00-04:00,299.29998779296875,299.29998779296875,299.04998779296875,299.1000061035156,2259
2026-08-31 09:52:00-04:00,298.61248779296875,298.67999267578125,298.42999267578125,298.42999267578125,2320
2026-08-31 09:53:00-04:00,298.739990234375,298.739990234375,298.5199890136719,298.5199890136719,1282
2026-08-31 09:54:00-04:00,298.989990234375,299.1700134277344,298.9551086425781,298.9800109863281,2664
2026-08-31 09:55:00-04:00,299.264404296875,299.264404296875,298.8599853515625,298.8999938964844,2275
2026-08-31 09:56:00-04:00,299.1499938964844,299.1499938964844,298.8399963378906,298.8399963378906,1504
2026-08-31 09:57:00-04:00,299.3970031738281,299.7699890136719,299.3970031738281,299.7699890136719,2899
2026-08-31 09:58:00-04:00,299.3800048828125,299.3800048828125,298.4100036621094,298.95001220703125,4568
2026-08-31 09:59:00-04:00,298.5,299.2550048828125,298.29998779296875,299.2550048828125,10039
2026-08-31 10:00:00-04:00,298.4150085449219,298.67999267578125,298.20001220703125,298.25,4232
2026-08-31 10:01:00-04:00,298.7099914550781,298.7099914550781,298.4750061035156,298.6499938964844,2356
2026-08-31 10:02:00-04:00,298.3999938964844,299.3900146484375,298.3999938964844,298.8500061035156,3556
2026-08-31 10:03:00-04:00,298.9599914550781,298.9700012207031,298.5,298.5199890136719,2600
2026-08-31 10:04:00-04:00,299.1099853515625,299.1300048828125,298.7799987792969,298.8550109863281,4063
2026-08-31 10:05:00-04:00,299.2300109863281,299.6300048828125,299.0299987792969,299.1000061035156,6427
2026-08-31 10:06:00-04:00,299.45001220703125,299.8185119628906,299.45001220703125,299.6600036621094,2279
2026-08-31 10:07:00-04:00,298.4967041015625,298.9100036621094,298.4049987792969,298.9100036621094,6026
2026-08-31 10:08:00-04:00,299.29998779296875,299.29998779296875,299.07000732421875,299.07000732421875,703
2026-08-31 10:09:00-04:00,299.1300048828125,299.1499938964844,298.68499755859375,299.1499938964844,3850
2026-08-31 10:10:00-04:00,298.4800109863281,299.114990234375,298.4800109863281,299.114990234375,2764
2026-08-31 10:11:00-04:00,297.239990234375,298.3699951171875,297.239990234375,298.3699951171875,12878
2026-08-31 10:12:00-04:00,297.3900146484375,297.3900146484375,296.4700012207031,297.010009765625,4874
2026-08-31 10:13:00-04:00,296.6000061035156,297.2998962402344,296.510009765625,297.0679931640625,9363
2026-08-31 10:14:00-04:00,296.69000244140625,296.909912109375,296.44000244140625,296.6600036621094,3253
2026-08-31 10:15:00-04:00,297.4254150390625,297.4254150390625,296.69500732421875,296.69500732421875,3819
2026-08-31 10:16:00-04:00,297.6449890136719,297.6449890136719,296.510009765625,297.1499938964844,6801
2026-08-31 10:17:00-04:00,297.7149963378906,297.77349853515625,297.6700134277344,297.6700134277344,1029
2026-08-31 10:18:00-04:00,297.8299865722656,298.0299987792969,297.57000732421875,297.6499938964844,7189
2026-08-31 10:20:00-04:00,297.6050109863281,297.6050109863281,297.489990234375,297.489990234375,1994
2026-08-31 10:21:00-04:00,297.99798583984375,297.99798583984375,297.8299865722656,297.8299865722656,1226
2026-08-31 10:22:00-04:00,298.4700012207031,298.5,297.9700012207031,298.2349853515625,3893
2026-08-31 10:23:00-04:00,298.0050048828125,298.2200012207031,297.8800048828125,298.19000244140625,21752
2026-08-31 10:24:00-04:00,298.05499267578125,298.32000732421875,298.05499267578125,298.29998779296875,1132
2026-08-31 10:25:00-04:00,297.93499755859375,297.93499755859375,297.80999755859375,297.80999755859375,2079
2026-08-31 10:26:00-04:00,298.0249938964844,298.0299987792969,298.0249938964844,298.0299987792969,582
2026-08-31 10:27:00-04:00,297.9599914550781,298.0350036621094,297.1499938964844,298.0350036621094,16221
2026-08-31 10:28:00-04:00,297.6000061035156,298.0400085449219,297.6000061035156,297.9599914550781,7042
2026-08-31 10:30:00-04:00,297.8999938964844,297.8999938964844,297.5350036621094,297.5350036621094,11779
2026-08-31 10:31:00-04:00,297.9599914550781,297.9750061035156,297.5199890136719,297.9750061035156,3502
2026-08-31 10:32:00-04:00,298.2699890136719,298.2799987792969,298.0150146484375,298.0150146484375,1730
2026-08-31 10:33:00-04:00,297.9100036621094,298.1700134277344,297.8900146484375,298.1600036621094,12851
2026-08-31 10:34:00-04:00,297.7349853515625,297.7349853515625,297.7349853515625,297.7349853515625,881
2026-08-31 10:35:00-04:00,298.07000732421875,298.07000732421875,297.5350036621094,297.6099853515625,4662
2026-08-31 10:36:00-04:00,298.2349853515625,298.4599914550781,298.07000732421875,298.07501220703125,11296
2026-08-31 10:37:00-04:00,298.4700012207031,298.4700012207031,298.1000061035156,298.1600036621094,20902
2026-08-31 10:38:00-04:00,298.4849853515625,298.55999755859375,298.3299865722656,298.3399963378906,1907
2026-08-31 10:39:00-04:00,297.7900085449219,298.32000732421875,297.5400085449219,298.32000732421875,7701
2026-08-31 10:40:00-04:00,297.8800048828125,298.2349853515625,297.8800048828125,298.07000732421875,1949
2026-08-31 10:41:00-04:00,298.25,298.30999755859375,298.1099853515625,298.1099853515625,846
2026-08-31 10:42:00-04:00,298.44000244140625,298.5199890136719,298.30010986328125,298.42999267578125,3693
2026-08-31 10:43:00-04:00,298.364990234375,298.5199890136719,298.29998779296875,298.5199890136719,2439
2026-08-31 10:44:00-04:00,298.2099914550781,298.489990234375,298.19000244140625,298.239990234375,3666
2026-08-31 10:45:00-04:00,298.70001220703125,298.70001220703125,298.489990234375,298.489990234375,2370
2026-08-31 10:46:00-04:00,299.0899963378906,299.0899963378906,298.5400085449219,298.6549987792969,4004
2026-08-31 10:47:00-04:00,298.7250061035156,299.0849914550781,298.7250061035156,299.0849914550781,3477
2026-08-31 10:48:00-04:00,298.94000244140625,298.94000244140625,298.94000244140625,298.94000244140625,16483
2026-08-31 10:49:00-04:00,298.70001220703125,298.95001220703125,298.6499938964844,298.6499938964844,2562
2026-08-31 10:50:00-04:00,298.92999267578125,298.92999267578125,298.760009765625,298.760009765625,2008
2026-08-31 10:51:00-04:00,299.0450134277344,299.0450134277344,298.7300109863281,298.8699951171875,2232
2026-08-31 10:52:00-04:00,298.95001220703125,299.05999755859375,298.95001220703125,299.05999755859375,886
2026-08-31 10:53:00-04:00,298.5,298.79998779296875,298.5,298.79998779296875,3057
2026-08-31 10:54:00-04:00,298.8349914550781,298.8500061035156,298.6700134277344,298.6700134277344,1328
2026-08-31 10:55:00-04:00,298.92999267578125,298.92999267578125,298.6000061035156,298.92999267578125,700
2026-08-31 10:56:00-04:00,298.9599914550781,298.9599914550781,298.95001220703125,298.95001220703125,776
2026-08-31 10:57:00-04:00,298.7200012207031,298.7799987792969,298.7200012207031,298.7200012207031,4388
2026-08-31 10:58:00-04:00,298.4100036621094,298.70001220703125,298.4100036621094,298.6199951171875,2329
2026-08-31 10:59:00-04:00,299.5899963378906,299.5899963378906,298.8699951171875,298.8699951171875,0
2026-08-31 11:00:00-04:00,299.739990234375,299.739990234375,299.5299987792969,299.6000061035156,11999
2026-08-31 11:01:00-04:00,299.4750061035156,299.6199951171875,298.7699890136719,299.6199951171875,14051
2026-08-31 11:02:00-04:00,298.82000732421875,299.19000244140625,298.82000732421875,299.17999267578125,2248
2026-08-31 11:03:00-04:00,298.8500061035156,299.46990966796875,298.82000732421875,298.82000732421875,2640
2026-08-31 11:04:00-04:00,298.5400085449219,298.88330078125,298.5199890136719,298.8699951171875,4858
2026-08-31 11:05:00-04:00,299.2900085449219,299.3800048828125,298.54998779296875,298.54998779296875,5755
2026-08-31 11:06:00-04:00,300.0596008300781,300.0596008300781,299.5,299.5,2620
2026-08-31 11:07:00-04:00,299.7699890136719,300.0625,299.510009765625,299.9549865722656,3802
2026-08-31 11:08:00-04:00,299.760009765625,299.7900085449219,299.75,299.7900085449219,1249
2026-08-31 11:09:00-04:00,300.4800109863281,300.4800109863281,299.9200134277344,299.9200134277344,4147
2026-08-31 11:10:00-04:00,301.1893005371094,301.19000244140625,300.67498779296875,300.67498779296875,2023
2026-08-31 11:11:00-04:00,301.2099914550781,301.260009765625,301.0450134277344,301.0450134277344,3420
2026-08-31 11:12:00-04:00,301.8599853515625,301.8599853515625,301.4200134277344,301.4200134277344,1201
2026-08-31 11:13:00-04:00,301.9800109863281,302.5,301.5799865722656,301.9399108886719,6916
2026-08-31 11:14:00-04:00,301.9399108886719,301.9399108886719,301.57000732421875,301.6400146484375,3179
2026-08-31 11:15:00-04:00,301.45001220703125,301.80999755859375,301.3599853515625,301.7550048828125,7284
2026-08-31 11:16:00-04:00,301.635009765625,301.635009765625,301.635009765625,301.635009765625,161
2026-08-31 11:17:00-04:00,301.6199951171875,301.6449890136719,301.6199951171875,301.6449890136719,412
2026-08-31 11:18:00-04:00,301.510009765625,301.6700134277344,301.4100036621094,301.614990234375,3576
2026-08-31 11:19:00-04:00,301.6099853515625,301.6199951171875,301.1400146484375,301.3800048828125,11196
2026-08-31 11:20:00-04:00,301.3999938964844,301.5299987792969,301.3999938964844,301.4800109863281,1768
2026-08-31 11:21:00-04:00,301.69000244140625,301.69000244140625,301.4100036621094,301.4200134277344,6136
2026-08-31 11:22:00-04:00,301.6000061035156,301.6400146484375,301.3399963378906,301.6400146484375,8380
2026-08-31 11:23:00-04:00,301.6199951171875,301.6199951171875,301.44000244140625,301.5400085449219,1218
2026-08-31 11:24:00-04:00,301.5,301.67999267578125,301.5,301.67999267578125,6004
2026-08-31 11:25:00-04:00,301.3450927734375,301.4949951171875,301.30999755859375,301.4949951171875,2480
2026-08-31 11:26:00-04:00,301.3299865722656,301.3299865722656,300.67999267578125,301.1600036621094,10656
2026-08-31 11:27:00-04:00,301.3349914550781,301.6199035644531,301.2200012207031,301.2200012207031,951
2026-08-31 11:28:00-04:00,300.6700134277344,301.17999267578125,300.6700134277344,301.07000732421875,11992
2026-08-31 11:29:00-04:00,300.3599853515625,301.0400085449219,300.35009765625,301.0198974609375,2582
2026-08-31 11:30:00-04:00,300.1600036621094,300.6099853515625,299.9104919433594,300.6099853515625,2895
2026-08-31 11:31:00-04:00,300.0199890136719,300.1199951171875,299.92999267578125,300.114990234375,3483
2026-08-31 11:32:00-04:00,300.1075134277344,300.2799987792969,300.1000061035156,300.2799987792969,720
2026-08-31 11:33:00-04:00,300.739990234375,300.739990234375,300.0,300.0,4777
2026-08-31 11:34:00-04:00,301.0299987792969,301.0299987792969,300.55999755859375,300.70001220703125,2605
2026-08-31 11:35:00-04:00,300.7200012207031,301.3572998046875,300.67999267578125,301.05999755859375,5576
2026-08-31 11:36:00-04:00,300.5700988769531,300.5700988769531,300.5700988769531,300.5700988769531,687
2026-08-31 11:37:00-04:00,300.8599853515625,301.0050048828125,300.8399963378906,300.94000244140625,1408
2026-08-31 11:38:00-04:00,300.4800109863281,300.8599853515625,300.32000732421875,300.8599853515625,4051
2026-08-31 11:39:00-04:00,300.8550109863281,300.8550109863281,300.489990234375,300.489990234375,2748
2026-08-31 11:40:00-04:00,300.4200134277344,300.7300109863281,300.4200134277344,300.7300109863281,1499
2026-08-31 11:41:00-04:00,300.9100036621094,301.13250732421875,300.760009765625,300.760009765625,1343
2026-08-31 11:42:00-04:00,300.8599853515625,301.17498779296875,300.8599853515625,300.9100036621094,7511
2026-08-31 11:43:00-04:00,301.1050109863281,301.1400146484375,300.989990234375,300.989990234375,2843
2026-08-31 11:44:00-04:00,301.2950134277344,301.29998779296875,300.9700012207031,300.9700012207031,3431
2026-08-31 11:45:00-04:00,301.239990234375,301.239990234375,301.2300109863281,301.2300109863281,1086
2026-08-31 11:46:00-04:00,301.5450134277344,301.5450134277344,301.2650146484375,301.2650146484375,922
2026-08-31 11:47:00-04:00,301.32000732421875,301.4750061035156,301.32000732421875,301.4700012207031,4413
2026-08-31 11:48:00-04:00,301.4849853515625,301.5,301.3299865722656,301.3299865722656,1811
2026-08-31 11:49:00-04:00,301.6600036621094,301.6700134277344,301.5799865722656,301.5799865722656,1138
2026-08-31 11:50:00-04:00,301.2300109863281,301.7449951171875,301.2300109863281,301.739990234375,4381
2026-08-31 11:51:00-04:00,301.2200012207031,301.32501220703125,301.17999267578125,301.17999267578125,2243
2026-08-31 11:52:00-04:00,301.05999755859375,301.1000061035156,301.05999755859375,301.1000061035156,1871
2026-08-31 11:53:00-04:00,300.9649963378906,301.17498779296875,300.8399963378906,301.17498779296875,4096
2026-08-31 11:54:00-04:00,300.82000732421875,301.1600036621094,300.79998779296875,300.9800109863281,2046
2026-08-31 11:55:00-04:00,300.8699951171875,300.8699951171875,300.6000061035156,300.69000244140625,3973
2026-08-31 11:56:00-04:00,300.92999267578125,300.94000244140625,300.92999267578125,300.94000244140625,1106
2026-08-31 11:57:00-04:00,300.9599914550781,301.0799865722656,300.885009765625,300.885009765625,3480
2026-08-31 11:58:00-04:00,300.760009765625,300.7900085449219,300.760009765625,300.7900085449219,1956
2026-08-31 11:59:00-04:00,300.6600036621094,300.79998779296875,300.44500732421875,300.79998779296875,2605
2026-08-31 12:00:00-04:00,300.5849914550781,300.5849914550781,300.5849914550781,300.5849914550781,371
2026-08-31 12:01:00-04:00,300.6099853515625,300.6099853515625,300.5899963378906,300.5899963378906,2010
2026-08-31 12:02:00-04:00,301.5799865722656,301.5799865722656,300.6200866699219,300.6200866699219,7702
2026-08-31 12:03:00-04:00,301.6499938964844,302.42498779296875,301.6499938964844,301.739990234375,7943
2026-08-31 12:04:00-04:00,301.3900146484375,301.93499755859375,301.3900146484375,301.93499755859375,3135
2026-08-31 12:05:00-04:00,301.07000732421875,301.5299987792969,301.0400085449219,301.5199890136719,3589
2026-08-31 12:06:00-04:00,301.2298889160156,301.2298889160156,300.8349914550781,300.92999267578125,1159
2026-08-31 12:07:00-04:00,300.9805908203125,300.9805908203125,300.9805908203125,300.9805908203125,514
2026-08-31 12:08:00-04:00,300.8500061035156,301.1300048828125,300.79998779296875,301.0899963378906,3416
2026-08-31 12:09:00-04:00,300.93499755859375,300.93499755859375,300.93499755859375,300.93499755859375,624
2026-08-31 12:10:00-04:00,300.9700012207031,300.9700012207031,300.80999755859375,300.95001220703125,1024
2026-08-31 12:11:00-04:00,300.9200134277344,300.9200134277344,300.82000732421875,300.82000732421875,1629
2026-08-31 12:12:00-04:00,301.0,301.0,300.9750061035156,300.9750061035156,1393
2026-08-31 12:13:00-04:00,300.8399963378906,301.0498962402344,300.8399963378906,301.0498962402344,1717
2026-08-31 12:14:00-04:00,301.4549865722656,301.4549865722656,300.70001220703125,300.82000732421875,2915
2026-08-31 12:15:00-04:00,301.4700012207031,301.739990234375,301.4700012207031,301.5799865722656,7581
2026-08-31 12:16:00-04:00,301.32000732421875,301.44000244140625,301.32000732421875,301.44000244140625,868
2026-08-31 12:17:00-04:00,301.6499938964844,301.6499938964844,301.2799987792969,301.3500061035156,5557
2026-08-31 12:18:00-04:00,301.75,301.8399963378906,301.739990234375,301.739990234375,1495
2026-08-31 12:19:00-04:00,301.9849853515625,301.9849853515625,301.8900146484375,301.8900146484375,1431
2026-08-31 12:20:00-04:00,302.2099914550781,302.2200012207031,302.0,302.010009765625,5547
2026-08-31 12:21:00-04:00,302.1300048828125,302.2699890136719,301.9800109863281,302.2699890136719,2082
2026-08-31 12:22:00-04:00,302.3599853515625,302.3599853515625,302.1400146484375,302.25,1380
2026-08-31 12:23:00-04:00,302.1400146484375,302.4849853515625,302.1310119628906,302.385009765625,1612
2026-08-31 12:24:00-04:00,302.4549865722656,302.4549865722656,302.4549865722656,302.4549865722656,337
2026-08-31 12:25:00-04:00,302.5,302.5,302.22021484375,302.4599914550781,2289
2026-08-31 12:26:00-04:00,302.3999938964844,302.3999938964844,302.3999938964844,302.3999938964844,371
2026-08-31 12:27:00-04:00,302.739990234375,302.739990234375,302.5299987792969,302.5299987792969,2037
2026-08-31 12:28:00-04:00,302.57501220703125,302.7049865722656,302.5350036621094,302.7049865722656,3340
2026-08-31 12:29:00-04:00,302.5899963378906,302.5899963378906,302.5899963378906,302.5899963378906,533
2026-08-31 12:30:00-04:00,302.55999755859375,302.7099914550781,302.489990234375,302.6600036621094,2773
2026-08-31 12:31:00-04:00,302.57000732421875,302.6400146484375,302.4599914550781,302.4599914550781,2277
2026-08-31 12:32:00-04:00,302.6300048828125,302.6300048828125,302.489990234375,302.489990234375,2607
2026-08-31 12:33:00-04:00,302.6499938964844,302.7300109863281,302.5400085449219,302.5675048828125,3203
2026-08-31 12:34:00-04:00,302.7449951171875,302.7449951171875,302.6199951171875,302.6199951171875,1267
2026-08-31 12:35:00-04:00,302.7200012207031,302.7850036621094,302.6300964355469,302.6300964355469,2641
2026-08-31 12:36:00-04:00,303.0299987792969,303.0400085449219,302.69000244140625,302.8299865722656,3050
2026-08-31 12:37:00-04:00,303.05999755859375,303.1296081542969,303.0450134277344,303.0450134277344,1469
2026-08-31 12:38:00-04:00,302.79998779296875,303.0799865722656,302.79998779296875,303.07000732421875,5143
2026-08-31 12:39:00-04:00,302.70001220703125,302.8251037597656,302.70001220703125,302.82501220703125,2344
2026-08-31 12:40:00-04:00,302.6400146484375,302.6400146484375,302.4800109863281,302.510009765625,2540
2026-08-31 12:41:00-04:00,303.2900085449219,303.2900085449219,302.75,302.75,19180
2026-08-31 12:42:00-04:00,303.2200012207031,303.3599853515625,303.2200012207031,303.3299865722656,4652
2026-08-31 12:43:00-04:00,303.29998779296875,303.3299865722656,303.04998779296875,303.1199951171875,5277
2026-08-31 12:44:00-04:00,303.19000244140625,303.52911376953125,303.0400085449219,303.52911376953125,6146
2026-08-31 12:45:00-04:00,303.3800048828125,303.69000244140625,303.0899963378906,303.0899963378906,5179
2026-08-31 12:47:00-04:00,303.6300048828125,303.79998779296875,303.55999755859375,303.75,5840
2026-08-31 12:48:00-04:00,304.1300048828125,304.1300048828125,303.70001220703125,303.7900085449219,6620
2026-08-31 12:49:00-04:00,304.260009765625,304.35198974609375,304.0799865722656,304.0799865722656,2015
2026-08-31 12:50:00-04:00,304.25,304.44000244140625,303.7900085449219,304.39239501953125,4795
2026-08-31 12:51:00-04:00,304.4599914550781,304.4599914550781,304.4599914550781,304.4599914550781,120
2026-08-31 12:52:00-04:00,304.5899963378906,304.7049865722656,304.2449951171875,304.2449951171875,4318
2026-08-31 12:54:00-04:00,304.55999755859375,304.55999755859375,304.54998779296875,304.55499267578125,972
2026-08-31 12:55:00-04:00,304.489990234375,304.6199951171875,304.489990234375,304.6099853515625,2957
2026-08-31 12:56:00-04:00,305.17999267578125,305.17999267578125,304.57000732421875,304.57000732421875,8448
2026-08-31 12:57:00-04:00,305.42498779296875,306.67999267578125,304.8800048828125,305.1449890136719,26413
2026-08-31 12:58:00-04:00,305.760009765625,306.17999267578125,305.69000244140625,305.70001220703125,7179
2026-08-31 12:59:00-04:00,305.989990234375,306.0899963378906,305.9200134277344,305.9200134277344,9264
2026-08-31 13:00:00-04:00,305.1600036621094,305.82000732421875,304.94000244140625,305.82000732421875,7084
2026-08-31 13:01:00-04:00,304.9700927734375,305.1600036621094,304.9649963378906,305.1600036621094,1485
2026-08-31 13:02:00-04:00,304.8800048828125,305.1600036621094,304.8800048828125,305.1600036621094,1778
2026-08-31 13:03:00-04:00,304.95001220703125,304.95001220703125,304.75,304.8900146484375,3660
2026-08-31 13:04:00-04:00,304.70001220703125,304.9549865722656,304.70001220703125,304.9549865722656,2729
2026-08-31 13:05:00-04:00,304.6449890136719,304.82989501953125,304.54998779296875,304.7749938964844,6192
2026-08-31 13:06:00-04:00,304.7550048828125,304.7550048828125,304.6199951171875,304.6199951171875,2377
2026-08-31 13:07:00-04:00,304.6600036621094,304.760009765625,304.6600036621094,304.760009765625,2884
2026-08-31 13:08:00-04:00,304.7650146484375,304.8800048828125,304.7300109863281,304.7650146484375,1764
2026-08-31 13:09:00-04:00,304.57000732421875,304.7699890136719,304.57000732421875,304.7699890136719,2655
2026-08-31 13:10:00-04:00,304.5899963378906,304.65948486328125,304.4862060546875,304.56500244140625,9383
2026-08-31 13:11:00-04:00,304.739990234375,304.739990234375,304.6400146484375,304.6499938964844,9847
2026-08-31 13:12:00-04:00,304.75,304.75,304.75,304.75,338
2026-08-31 13:13:00-04:00,304.68499755859375,304.82000732421875,304.6400146484375,304.6400146484375,3367
2026-08-31 13:14:00-04:00,304.3900146484375,304.6499938964844,304.3900146484375,304.6499938964844,2090
2026-08-31 13:15:00-04:00,304.8399963378906,304.8500061035156,304.29998779296875,304.5400085449219,3039
2026-08-31 13:16:00-04:00,304.6600036621094,305.09991455078125,304.6600036621094,304.78759765625,6184
2026-08-31 13:17:00-04:00,304.6600036621094,304.760009765625,304.2650146484375,304.6000061035156,5384
2026-08-31 13:18:00-04:00,304.6000061035156,304.6300048828125,304.5899963378906,304.5899963378906,754
2026-08-31 13:19:00-04:00,304.4849853515625,304.6449890136719,304.3900146484375,304.6449890136719,3110
2026-08-31 13:20:00-04:00,304.6199951171875,304.6199951171875,304.42999267578125,304.42999267578125,1223
2026-08-31 13:21:00-04:00,304.5849914550781,304.5849914550781,304.489990234375,304.57000732421875,1887
2026-08-31 13:22:00-04:00,304.8699951171875,304.8699951171875,304.6000061035156,304.6000061035156,3393
2026-08-31 13:23:00-04:00,305.20001220703125,305.30499267578125,304.8157958984375,304.8157958984375,7263
2026-08-31 13:24:00-04:00,305.4200134277344,305.4200134277344,305.2049865722656,305.2049865722656,1240
2026-08-31 13:25:00-04:00,305.5,305.67999267578125,305.20001220703125,305.4800109863281,8144
2026-08-31 13:26:00-04:00,305.6199951171875,305.7799987792969,305.3699951171875,305.44500732421875,2669
2026-08-31 13:27:00-04:00,305.67999267578125,305.67999267578125,305.67999267578125,305.67999267578125,415
2026-08-31 13:28:00-04:00,305.7099914550781,305.7799987792969,305.5350036621094,305.5350036621094,2150
2026-08-31 13:29:00-04:00,305.5899963378906,305.760009765625,305.5899963378906,305.760009765625,946
2026-08-31 13:30:00-04:00,305.3800048828125,305.4200134277344,305.2099914550781,305.4200134277344,2585
2026-08-31 13:31:00-04:00,304.8900146484375,305.1400146484375,304.8900146484375,305.1400146484375,4069
2026-08-31 13:32:00-04:00,305.3550109863281,305.3550109863281,304.81500244140625,304.94000244140625,4087
2026-08-31 13:34:00-04:00,305.4200134277344,305.5799865722656,305.260009765625,305.3999938964844,4212
2026-08-31 13:35:00-04:00,305.5899963378906,305.5899963378906,305.45001220703125,305.54998779296875,1470
2026-08-31 13:36:00-04:00,305.3900146484375,305.55999755859375,305.3800048828125,305.4599914550781,1597
2026-08-31 13:37:00-04:00,305.6099853515625,305.6199951171875,305.25,305.4599914550781,5916
2026-08-31 13:38:00-04:00,305.79998779296875,305.79998779296875,305.55499267578125,305.55499267578125,936
2026-08-31 13:39:00-04:00,305.6000061035156,305.7900085449219,305.6000061035156,305.760009765625,2580
2026-08-31 13:40:00-04:00,305.8493957519531,306.0,305.6449890136719,305.6600036621094,5478
2026-08-31 13:41:00-04:00,305.9800109863281,306.0,305.75,305.75,3122
2026-08-31 13:42:00-04:00,306.0050048828125,306.0050048828125,305.80999755859375,305.80999755859375,1936
2026-08-31 13:43:00-04:00,306.54998779296875,306.5799865722656,305.9800109863281,306.04998779296875,10501
2026-08-31 13:44:00-04:00,307.0,307.0,306.44000244140625,306.5199890136719,6199
2026-08-31 13:45:00-04:00,306.7200012207031,307.2900085449219,306.5299987792969,306.92498779296875,14003
2026-08-31 13:46:00-04:00,306.7699890136719,306.7699890136719,306.70989990234375,306.70989990234375,3448
2026-08-31 13:47:00-04:00,307.2900085449219,307.2900085449219,306.989990234375,307.010009765625,9811
2026-08-31 13:48:00-04:00,306.54998779296875,307.2300109863281,306.54998779296875,307.20001220703125,12231
2026-08-31 13:50:00-04:00,306.54998779296875,306.5851135253906,306.50750732421875,306.50750732421875,1408
2026-08-31 13:51:00-04:00,306.57000732421875,306.57000732421875,306.4599914550781,306.4599914550781,949
2026-08-31 13:52:00-04:00,306.8450012207031,306.8450012207031,306.4599914550781,306.55999755859375,6313
2026-08-31 13:53:00-04:00,306.6600036621094,306.6600036621094,306.5199890136719,306.5199890136719,572
2026-08-31 13:54:00-04:00,306.70001220703125,306.70001220703125,306.67999267578125,306.67999267578125,1723
2026-08-31 13:55:00-04:00,306.7200012207031,306.7200012207031,306.5899963378906,306.7200012207031,7943
2026-08-31 13:56:00-04:00,306.69000244140625,306.7300109863281,306.69000244140625,306.69000244140625,1278
2026-08-31 13:57:00-04:00,306.239990234375,306.6404113769531,306.239990234375,306.6404113769531,4961
2026-08-31 13:58:00-04:00,306.3399963378906,306.510009765625,306.3399963378906,306.510009765625,1384
2026-08-31 13:59:00-04:00,306.25,306.4200134277344,306.25,306.4200134277344,2829
2026-08-31 14:00:00-04:00,306.04998779296875,306.2300109863281,306.0,306.2300109863281,3692
2026-08-31 14:01:00-04:00,306.8599853515625,306.8599853515625,306.29998779296875,306.29998779296875,4638
2026-08-31 14:02:00-04:00,307.4100036621094,307.4100036621094,306.9700012207031,306.9700012207031,4063
2026-08-31 14:03:00-04:00,307.19500732421875,307.364990234375,307.19500732421875,307.364990234375,3009
2026-08-31 14:04:00-04:00,307.239990234375,307.2699890136719,307.239990234375,307.2699890136719,813
2026-08-31 14:05:00-04:00,307.19000244140625,307.31500244140625,307.17999267578125,307.2900085449219,2895
2026-08-31 14:06:00-04:00,307.0799865722656,307.20001220703125,306.9599914550781,307.20001220703125,6097
2026-08-31 14:07:00-04:00,306.8550109863281,307.010009765625,306.8550109863281,306.864990234375,1631
2026-08-31 14:08:00-04:00,307.0,307.0199890136719,306.8500061035156,307.0,2185
2026-08-31 14:09:00-04:00,306.9649963378906,306.9649963378906,306.9649963378906,306.9649963378906,1319
2026-08-31 14:10:00-04:00,307.1499938964844,307.42999267578125,306.9649963378906,306.9649963378906,6417
2026-08-31 14:12:00-04:00,307.2950134277344,307.3800048828125,307.2950134277344,307.3699951171875,1684
2026-08-31 14:13:00-04:00,306.7099914550781,307.239990234375,306.6000061035156,307.239990234375,3564
2026-08-31 14:14:00-04:00,306.6600036621094,306.6600036621094,306.489990234375,306.6549987792969,2084
2026-08-31 14:15:00-04:00,306.6650085449219,306.6650085449219,306.6650085449219,306.6650085449219,625
2026-08-31 14:16:00-04:00,306.8999938964844,306.8999938964844,306.7449951171875,306.8399963378906,1141
2026-08-31 14:17:00-04:00,306.760009765625,306.95001220703125,306.760009765625,306.94000244140625,3302
2026-08-31 14:18:00-04:00,306.69000244140625,306.7900085449219,306.69000244140625,306.7900085449219,1954
2026-08-31 14:20:00-04:00,306.739990234375,306.739990234375,306.739990234375,306.739990234375,316
2026-08-31 14:21:00-04:00,306.8599853515625,306.8699951171875,306.42999267578125,306.42999267578125,1267
2026-08-31 14:22:00-04:00,306.44000244140625,306.889892578125,306.44000244140625,306.5791931152344,3667
2026-08-31 14:23:00-04:00,306.3290100097656,306.4599914550781,306.3290100097656,306.45001220703125,2358
2026-08-31 14:24:00-04:00,306.3399963378906,306.45001220703125,306.3399963378906,306.3550109863281,566
2026-08-31 14:25:00-04:00,306.2349853515625,306.3399963378906,306.2349853515625,306.3399963378906,1662
2026-08-31 14:26:00-04:00,305.9049987792969,306.2200012207031,305.9049987792969,306.1199951171875,2340
2026-08-31 14:27:00-04:00,306.2300109863281,306.2300109863281,306.0199890136719,306.04998779296875,2801
2026-08-31 14:28:00-04:00,306.0299987792969,306.0299987792969,306.0299987792969,306.0299987792969,648
2026-08-31 14:29:00-04:00,305.92999267578125,306.0,305.92999267578125,306.0,1097
2026-08-31 14:30:00-04:00,305.7699890136719,305.989990234375,305.7699890136719,305.94000244140625,1591
2026-08-31 14:31:00-04:00,305.7349853515625,305.92999267578125,305.7349853515625,305.739990234375,10818
2026-08-31 14:32:00-04:00,305.7699890136719,305.7699890136719,305.67999267578125,305.739990234375,1488
2026-08-31 14:33:00-04:00,305.5299987792969,305.68499755859375,305.5299987792969,305.6061096191406,2385
2026-08-31 14:34:00-04:00,305.69659423828125,305.69659423828125,305.69659423828125,305.69659423828125,675
2026-08-31 14:35:00-04:00,305.3500061035156,305.3900146484375,305.239990234375,305.3900146484375,3342
2026-08-31 14:36:00-04:00,305.5899963378906,305.6400146484375,305.3450012207031,305.3450012207031,4999
2026-08-31 14:37:00-04:00,305.4549865722656,305.4700012207031,305.3290100097656,305.3290100097656,1470
2026-08-31 14:38:00-04:00,305.44000244140625,305.45001220703125,305.2900085449219,305.45001220703125,1505
2026-08-31 14:39:00-04:00,305.3424987792969,305.3900146484375,305.32501220703125,305.3900146484375,859
2026-08-31 14:40:00-04:00,305.5199890136719,305.5199890136719,305.30999755859375,305.30999755859375,1708
2026-08-31 14:41:00-04:00,304.9800109863281,305.2300109863281,304.67999267578125,305.2200012207031,10555
2026-08-31 14:42:00-04:00,305.1099853515625,305.20001220703125,305.1099853515625,305.1400146484375,2341
2026-08-31 14:43:00-04:00,305.3500061035156,305.54998779296875,304.97509765625,304.97509765625,3862
2026-08-31 14:44:00-04:00,305.7650146484375,305.7650146484375,305.3999938964844,305.4800109863281,3365
2026-08-31 14:45:00-04:00,305.5150146484375,305.7650146484375,305.5150146484375,305.7650146484375,45871
2026-08-31 14:46:00-04:00,305.19000244140625,305.3999938964844,305.17999267578125,305.17999267578125,30838
2026-08-31 14:47:00-04:00,305.375,305.5899963378906,305.3699951171875,305.385009765625,4577
2026-08-31 14:48:00-04:00,305.6400146484375,305.6400146484375,305.1650085449219,305.19000244140625,5405
2026-08-31 14:49:00-04:00,305.3900146484375,305.6400146484375,305.3900146484375,305.6400146484375,2643
2026-08-31 14:50:00-04:00,306.2550048828125,306.29998779296875,305.32000732421875,305.552490234375,8345
2026-08-31 14:51:00-04:00,306.44000244140625,306.44000244140625,306.3900146484375,306.3900146484375,1023
2026-08-31 14:52:00-04:00,306.31500244140625,306.46929931640625,306.07000732421875,306.43499755859375,3510
2026-08-31 14:53:00-04:00,306.4649963378906,306.57000732421875,306.0799865722656,306.32000732421875,9290
2026-08-31 14:54:00-04:00,306.6600036621094,306.6600036621094,306.5799865722656,306.5799865722656,1863
2026-08-31 14:55:00-04:00,306.79998779296875,306.79998779296875,306.3800964355469,306.614990234375,1678
2026-08-31 14:56:00-04:00,306.8599853515625,306.8599853515625,306.460205078125,306.79998779296875,4499
2026-08-31 14:57:00-04:00,306.6600036621094,306.95001220703125,306.6600036621094,306.7650146484375,4910
2026-08-31 14:58:00-04:00,306.7900085449219,306.8599853515625,306.7900085449219,306.8599853515625,1272
2026-08-31 14:59:00-04:00,306.20001220703125,306.8500061035156,305.864990234375,306.8399963378906,27673
2026-08-31 15:00:00-04:00,306.30499267578125,306.44000244140625,305.8338928222656,305.8338928222656,42205
2026-08-31 15:01:00-04:00,306.3949890136719,306.54998779296875,306.2099914550781,306.4599914550781,5038
2026-08-31 15:02:00-04:00,306.15008544921875,306.6300048828125,306.15008544921875,306.5299987792969,2166
2026-08-31 15:03:00-04:00,306.625,306.67999267578125,306.55999755859375,306.67999267578125,943
2026-08-31 15:04:00-04:00,306.4949951171875,306.625,306.489990234375,306.625,731
2026-08-31 15:05:00-04:00,306.3699951171875,306.4949951171875,306.30999755859375,306.4949951171875,1562
2026-08-31 15:06:00-04:00,306.1400146484375,306.4750061035156,306.1400146484375,306.4750061035156,5836
2026-08-31 15:07:00-04:00,306.3399963378906,306.3999938964844,306.0,306.3299865722656,4225
2026-08-31 15:08:00-04:00,306.4599914550781,306.489990234375,306.3500061035156,306.3599853515625,2588
2026-08-31 15:09:00-04:00,306.80999755859375,306.80999755859375,306.4800109863281,306.489990234375,20708
2026-08-31 15:10:00-04:00,307.0201110839844,307.0899963378906,306.8599853515625,306.9200134277344,4975
2026-08-31 15:11:00-04:00,307.2950134277344,307.4599914550781,306.8500061035156,306.8500061035156,4419
2026-08-31 15:12:00-04:00,307.1675109863281,307.2099914550781,306.93011474609375,306.93011474609375,1930
2026-08-31 15:13:00-04:00,307.1524963378906,307.3800048828125,307.1524963378906,307.32000732421875,1681
2026-08-31 15:14:00-04:00,307.44000244140625,307.4599914550781,307.17999267578125,307.17999267578125,3067
2026-08-31 15:15:00-04:00,307.5,307.5,307.1499938964844,307.3699951171875,4906
2026-08-31 15:16:00-04:00,307.9599914550781,308.0899963378906,307.510009765625,307.57000732421875,9044
2026-08-31 15:17:00-04:00,308.0400085449219,308.1000061035156,307.92498779296875,307.92498779296875,8450
2026-08-31 15:18:00-04:00,308.0,308.0,307.93499755859375,307.93499755859375,1573
2026-08-31 15:19:00-04:00,308.07000732421875,308.1600036621094,307.9700012207031,307.989990234375,3126
2026-08-31 15:20:00-04:00,308.70001220703125,308.70001220703125,308.06500244140625,308.06500244140625,10215
2026-08-31 15:21:00-04:00,308.8699951171875,309.29998779296875,308.4200134277344,308.67999267578125,24500
2026-08-31 15:22:00-04:00,309.0924987792969,309.1000061035156,308.7099914550781,309.0199890136719,4563
2026-08-31 15:23:00-04:00,308.7449951171875,309.25,308.3800048828125,308.989990234375,8408
2026-08-31 15:24:00-04:00,308.3575134277344,308.7149963378906,308.3299865722656,308.7149963378906,4457
2026-08-31 15:25:00-04:00,308.3599853515625,308.7250061035156,308.3550109863281,308.3550109863281,5568
2026-08-31 15:26:00-04:00,308.42999267578125,308.4949951171875,308.1600036621094,308.3599853515625,5683
2026-08-31 15:27:00-04:00,308.739990234375,308.7900085449219,308.385009765625,308.4100036621094,5219
2026-08-31 15:28:00-04:00,308.4800109863281,308.7900085449219,308.4800109863281,308.7200012207031,5985
2026-08-31 15:29:00-04:00,308.8290100097656,308.8299865722656,308.3999938964844,308.3999938964844,17306
2026-08-31 15:30:00-04:00,308.44000244140625,308.70001220703125,308.3699951171875,308.70001220703125,11719
2026-08-31 15:31:00-04:00,308.29998779296875,308.510009765625,308.2799987792969,308.4100036621094,13994
2026-08-31 15:32:00-04:00,308.18499755859375,308.5299987792969,308.18499755859375,308.3999938964844,5679
2026-08-31 15:33:00-04:00,308.75,308.8299865722656,308.2099914550781,308.2099914550781,5335
2026-08-31 15:34:00-04:00,308.7550048828125,308.8399963378906,308.5199890136719,308.6700134277344,5405
2026-08-31 15:35:00-04:00,308.2550048828125,308.67999267578125,308.17999267578125,308.5400085449219,3770
2026-08-31 15:36:00-04:00,307.739990234375,308.2650146484375,307.739990234375,308.2650146484375,6852
2026-08-31 15:37:00-04:00,307.65008544921875,307.7049865722656,307.5,307.6400146484375,3689
2026-08-31 15:38:00-04:00,307.6499938964844,307.7900085449219,307.54998779296875,307.70001220703125,9452
2026-08-31 15:39:00-04:00,307.4849853515625,307.8290100097656,307.4849853515625,307.6499938964844,6331
2026-08-31 15:40:00-04:00,307.239990234375,307.57000732421875,307.239990234375,307.4079895019531,3454
2026-08-31 15:41:00-04:00,306.7699890136719,307.239990234375,306.7699890136719,307.1199951171875,3922
2026-08-31 15:42:00-04:00,306.74249267578125,306.8800048828125,306.625,306.7099914550781,5271
2026-08-31 15:43:00-04:00,306.6300048828125,306.82000732421875,306.6300048828125,306.7200012207031,4987
2026-08-31 15:44:00-04:00,306.3349914550781,306.8699951171875,306.3349914550781,306.6300048828125,8545
2026-08-31 15:45:00-04:00,306.2699890136719,306.3399963378906,306.0400085449219,306.3349914550781,10312
2026-08-31 15:46:00-04:00,306.5350036621094,306.7200012207031,306.1400146484375,306.1400146484375,13668
2026-08-31 15:47:00-04:00,306.57501220703125,306.8999938964844,306.3900146484375,306.5350036621094,11850
2026-08-31 15:48:00-04:00,306.6300048828125,306.8500061035156,306.57501220703125,306.57501220703125,8107
2026-08-31 15:49:00-04:00,307.2900085449219,307.82000732421875,306.82000732421875,306.82000732421875,24224
2026-08-31 15:50:00-04:00,306.6499938964844,307.2200012207031,306.510009765625,307.1099853515625,9930
2026-08-31 15:51:00-04:00,306.5199890136719,306.7300109863281,306.3500061035156,306.5799865722656,16124
2026-08-31 15:52:00-04:00,306.5899963378906,306.7300109863281,306.3500061035156,306.510009765625,14429
2026-08-31 15:53:00-04:00,306.5299987792969,306.75250244140625,306.4649963378906,306.6050109863281,13482
2026-08-31 15:54:00-04:00,307.04998779296875,307.29998779296875,306.489990234375,306.5299987792969,14477
2026-08-31 15:55:00-04:00,306.45001220703125,307.04998779296875,306.20001220703125,307.04998779296875,29205
2026-08-31 15:56:00-04:00,306.4750061035156,306.8399963378906,306.3999938964844,306.4649963378906,24672
2026-08-31 15:57:00-04:00,306.1449890136719,306.55999755859375,305.82000732421875,306.55999755859375,47287
2026-08-31 15:58:00-04:00,306.4100036621094,306.5199890136719,306.01220703125,306.1449890136719,44672
2026-08-31 15:59:00-04:00,305.260009765625,306.4599914550781,305.1700134277344,306.385009765625,83814
2026-09-01 09:30:00-04:00,306.3800048828125,306.4700012207031,299.9656982421875,301.6199951171875,43751
2026-09-01 09:31:00-04:00,305.3800048828125,306.19000244140625,304.7799987792969,304.7799987792969,8736
2026-09-01 09:32:00-04:00,305.5799865722656,305.968994140625,304.2349853515625,304.2900085449219,5039
2026-09-01 09:33:00-04:00,305.489990234375,305.489990234375,304.0,304.3599853515625,3570
2026-09-01 09:34:00-04:00,302.1499938964844,305.1600036621094,302.1499938964844,304.6947021484375,8475
2026-09-01 09:35:00-04:00,302.1549987792969,303.2099914550781,301.5,302.42498779296875,10578
2026-09-01 09:36:00-04:00,299.3699951171875,301.55889892578125,298.8399963378906,301.29998779296875,7707
2026-09-01 09:37:00-04:00,299.625,300.6400146484375,298.5,299.7749938964844,7908
2026-09-01 09:38:00-04:00,297.05999755859375,299.5400085449219,297.05999755859375,299.5400085449219,8511
2026-09-01 09:39:00-04:00,297.20001220703125,297.3699951171875,296.010009765625,297.1400146484375,13184
2026-09-01 09:40:00-04:00,297.0299987792969,297.70001220703125,296.4190979003906,296.4190979003906,7539
2026-09-01 09:41:00-04:00,295.7900085449219,296.9599914550781,295.1000061035156,296.9599914550781,22559
2026-09-01 09:42:00-04:00,297.44500732421875,297.44500732421875,295.7900085449219,296.20001220703125,3336
2026-09-01 09:43:00-04:00,297.2799987792969,298.58990478515625,296.1300048828125,298.30999755859375,8530
2026-09-01 09:44:00-04:00,298.177490234375,298.177490234375,296.75,297.11041259765625,6172
2026-09-01 09:45:00-04:00,298.69940185546875,298.7900085449219,297.32879638671875,298.3999938964844,7783
2026-09-01 09:46:00-04:00,299.8609924316406,300.0,298.760009765625,298.760009765625,5292
2026-09-01 09:47:00-04:00,299.2300109863281,300.1300048828125,299.2300109863281,299.8699951171875,5262
2026-09-01 09:48:00-04:00,299.05499267578125,299.1050109863281,299.010009765625,299.010009765625,2516
2026-09-01 09:49:00-04:00,299.489990234375,299.489990234375,298.30499267578125,299.05999755859375,6854
2026-09-01 09:50:00-04:00,297.6000061035156,299.5,297.5975036621094,298.9100036621094,9434
2026-09-01 09:51:00-04:00,296.0,296.9800109863281,295.6000061035156,296.6549987792969,5815
2026-09-01 09:52:00-04:00,294.5979919433594,295.6000061035156,294.5350036621094,295.54998779296875,18334
2026-09-01 09:53:00-04:00,293.875,294.4849853515625,293.4599914550781,294.1499938964844,14593
2026-09-01 09:54:00-04:00,294.4949951171875,294.5,293.5,293.864990234375,5192
2026-09-01 09:55:00-04:00,296.30499267578125,296.30499267578125,294.5,294.843994140625,9779
2026-09-01 09:56:00-04:00,296.760009765625,296.760009765625,295.93499755859375,296.30499267578125,10772
2026-09-01 09:57:00-04:00,297.3399963378906,297.4700012207031,296.385009765625,296.385009765625,8669
2026-09-01 09:58:00-04:00,297.5801086425781,297.7900085449219,297.2900085449219,297.29998779296875,2777
2026-09-01 09:59:00-04:00,296.70001220703125,298.0,296.5950012207031,297.7850036621094,5186
2026-09-01 10:00:00-04:00,297.4700012207031,297.4700012207031,296.4599914550781,296.5899963378906,6827
2026-09-01 10:01:00-04:00,298.3699951171875,298.3699951171875,297.30499267578125,297.6099853515625,6139
2026-09-01 10:02:00-04:00,297.0,297.7149963378906,297.0,297.7149963378906,6735
2026-09-01 10:03:00-04:00,297.45001220703125,297.45001220703125,296.7950134277344,296.7950134277344,2591
2026-09-01 10:04:00-04:00,297.260009765625,297.7099914550781,297.260009765625,297.5,2340
2026-09-01 10:05:00-04:00,298.0199890136719,298.0199890136719,297.4100036621094,297.4100036621094,2547
2026-09-01 10:06:00-04:00,298.3599853515625,298.6000061035156,297.93499755859375,297.93499755859375,5521
2026-09-01 10:07:00-04:00,297.82501220703125,298.6199951171875,297.6300048828125,298.2950134277344,11935
2026-09-01 10:08:00-04:00,297.5,297.93499755859375,297.5,297.93499755859375,695
2026-09-01 10:09:00-04:00,297.3999938964844,297.7699890136719,297.0,297.5003356933594,3345
2026-09-01 10:10:00-04:00,297.55999755859375,297.94000244140625,297.06500244140625,297.06500244140625,3547
2026-09-01 10:11:00-04:00,297.17999267578125,297.4649963378906,297.1600036621094,297.30999755859375,3169
2026-09-01 10:12:00-04:00,296.55999755859375,297.2300109863281,296.55999755859375,297.2300109863281,1137
2026-09-01 10:13:00-04:00,296.7200012207031,296.7650146484375,296.2500915527344,296.7650146484375,2360
2026-09-01 10:14:00-04:00,295.7200012207031,296.32000732421875,295.5899963378906,296.32000732421875,3937
2026-09-01 10:15:00-04:00,297.1050109863281,297.1199951171875,295.8017883300781,295.8017883300781,4249
2026-09-01 10:16:00-04:00,296.6600036621094,297.2699890136719,296.6600036621094,296.6610107421875,5708
2026-09-01 10:17:00-04:00,295.8949890136719,296.98431396484375,295.7300109863281,296.489990234375,4057
2026-09-01 10:18:00-04:00,295.9150085449219,296.0199890136719,295.9125061035156,296.0199890136719,1743
2026-09-01 10:19:00-04:00,295.6300048828125,295.6300048828125,295.6300048828125,295.6300048828125,877
2026-09-01 10:20:00-04:00,295.3500061035156,296.0899963378906,295.3500061035156,296.010009765625,5401
2026-09-01 10:21:00-04:00,295.8999938964844,295.8999938964844,295.3999938964844,295.3999938964844,734
2026-09-01 10:22:00-04:00,295.6300048828125,296.0249938964844,295.6099853515625,295.6400146484375,2599
2026-09-01 10:23:00-04:00,294.20001220703125,295.67999267578125,294.20001220703125,295.0,4568
2026-09-01 10:24:00-04:00,292.0,294.760009765625,292.0,294.760009765625,25925
2026-09-01 10:25:00-04:00,292.5350036621094,292.7799987792969,292.0,292.15350341796875,7616
2026-09-01 10:26:00-04:00,292.5799865722656,293.125,292.2900085449219,292.2900085449219,4845
2026-09-01 10:27:00-04:00,292.010009765625,292.8999938964844,292.010009765625,292.8999938964844,3131
2026-09-01 10:28:00-04:00,292.32000732421875,293.0150146484375,292.32000732421875,292.69000244140625,9157
2026-09-01 10:29:00-04:00,292.0849914550781,292.489990234375,291.7099914550781,292.489990234375,18467
2026-09-01 10:30:00-04:00,292.8500061035156,293.6199951171875,292.07000732421875,292.07000732421875,18441
2026-09-01 10:31:00-04:00,293.1099853515625,294.0,292.99200439453125,293.25,8059
2026-09-01 10:32:00-04:00,294.114990234375,294.114990234375,293.5249938964844,293.5249938964844,3385
2026-09-01 10:33:00-04:00,294.6499938964844,295.0498962402344,294.489990234375,294.489990234375,3436
2026-09-01 10:34:00-04:00,294.0199890136719,294.8800048828125,294.0,294.8800048828125,4358
2026-09-01 10:35:00-04:00,294.3349914550781,294.6199951171875,294.19000244140625,294.2049865722656,3598
2026-09-01 10:36:00-04:00,293.42999267578125,294.6199035644531,293.3500061035156,294.3349914550781,11773
2026-09-01 10:37:00-04:00,294.36199951171875,294.36199951171875,293.6199951171875,293.6300048828125,3949
2026-09-01 10:39:00-04:00,294.7200012207031,294.7200012207031,294.4674987792969,294.55499267578125,2979
2026-09-01 10:40:00-04:00,294.8299865722656,294.8299865722656,294.8299865722656,294.8299865722656,1360
2026-09-01 10:41:00-04:00,295.1000061035156,295.1000061035156,294.67999267578125,294.7200012207031,2881
2026-09-01 10:42:00-04:00,295.1000061035156,295.1000061035156,295.1000061035156,295.1000061035156,263
2026-09-01 10:43:00-04:00,294.4200134277344,294.8900146484375,294.4200134277344,294.8900146484375,2461
2026-09-01 10:44:00-04:00,295.489990234375,295.6199951171875,294.6000061035156,294.6000061035156,1959
2026-09-01 10:45:00-04:00,296.0,296.44000244140625,295.44000244140625,295.489990234375,1919
2026-09-01 10:46:00-04:00,295.3399963378906,296.0249938964844,295.3399963378906,296.0249938964844,4892
2026-09-01 10:47:00-04:00,295.3699951171875,295.3699951171875,294.9700012207031,295.3399963378906,4043
2026-09-01 10:48:00-04:00,296.4200134277344,296.4200134277344,295.95001220703125,295.95001220703125,1116
2026-09-01 10:49:00-04:00,295.8699951171875,296.1300048828125,295.8699951171875,295.8800048828125,1857
2026-09-01 10:50:00-04:00,295.63720703125,295.9549865722656,295.3800048828125,295.9549865722656,971
2026-09-01 10:51:00-04:00,295.239990234375,295.3900146484375,295.1600036621094,295.2900085449219,3003
2026-09-01 10:52:00-04:00,295.0899963378906,295.2099914550781,294.94000244140625,294.9800109863281,1952
2026-09-01 10:53:00-04:00,294.7099914550781,294.9700012207031,294.6199951171875,294.9700012207031,3456
2026-09-01 10:54:00-04:00,293.510009765625,294.4837951660156,293.510009765625,294.4800109863281,3815
2026-09-01 10:55:00-04:00,294.0849914550781,294.2099914550781,293.7699890136719,293.7699890136719,15608
2026-09-01 10:56:00-04:00,294.07000732421875,294.30999755859375,294.07000732421875,294.30999755859375,6164
2026-09-01 10:57:00-04:00,293.7099914550781,293.8999938964844,293.7099914550781,293.8299865722656,1965
2026-09-01 10:58:00-04:00,293.3999938964844,293.3999938964844,293.3999938964844,293.3999938964844,442
2026-09-01 10:59:00-04:00,293.8599853515625,293.8599853515625,293.3999938964844,293.69000244140625,1822
2026-09-01 11:00:00-04:00,293.8500061035156,294.1199951171875,293.8500061035156,293.9700012207031,1363
2026-09-01 11:01:00-04:00,293.8399963378906,293.8399963378906,293.5950012207031,293.67999267578125,2853
2026-09-01 11:02:00-04:00,293.8299865722656,293.8399963378906,293.7200012207031,293.739990234375,2603
2026-09-01 11:03:00-04:00,293.6499938964844,293.92498779296875,293.6000061035156,293.92498779296875,1891
2026-09-01 11:04:00-04:00,293.25,293.55999755859375,293.25,293.5249938964844,2354
2026-09-01 11:05:00-04:00,293.3999938964844,293.8299865722656,293.1600036621094,293.1600036621094,4317
2026-09-01 11:06:00-04:00,293.2200012207031,293.3999938964844,293.1000061035156,293.2699890136719,2141
2026-09-01 11:07:00-04:00,292.9800109863281,293.4049987792969,292.9700012207031,293.239990234375,1472
2026-09-01 11:08:00-04:00,293.0799865722656,293.0799865722656,292.9649963378906,292.9750061035156,3176
2026-09-01 11:09:00-04:00,292.9549865722656,293.1400146484375,292.9549865722656,293.1000061035156,1353
2026-09-01 11:10:00-04:00,292.8299865722656,293.2699890136719,292.8299865722656,293.05999755859375,1883
2026-09-01 11:11:00-04:00,292.614990234375,292.9501037597656,292.5799865722656,292.9200134277344,2823
2026-09-01 11:12:00-04:00,292.32000732421875,292.55999755859375,292.2087097167969,292.3599853515625,5456
2026-09-01 11:13:00-04:00,292.4049987792969,292.489990234375,292.32000732421875,292.32000732421875,4015
2026-09-01 11:14:00-04:00,292.9800109863281,292.9800109863281,292.54998779296875,292.54998779296875,997
2026-09-01 11:15:00-04:00,292.56500244140625,292.6300048828125,292.56500244140625,292.6099853515625,1411
2026-09-01 11:16:00-04:00,292.07000732421875,292.2925109863281,292.0,292.1700134277344,6844
2026-09-01 11:17:00-04:00,291.4100036621094,292.07000732421875,291.385009765625,292.07000732421875,14135
2026-09-01 11:18:00-04:00,291.3349914550781,291.3901062011719,291.1199951171875,291.20001220703125,4838
2026-09-01 11:19:00-04:00,290.6700134277344,291.32000732421875,290.6000061035156,291.32000732421875,26362
2026-09-01 11:20:00-04:00,290.7799987792969,290.9100036621094,290.5899963378906,290.5899963378906,17191
2026-09-01 11:21:00-04:00,290.7950134277344,290.92498779296875,290.760009765625,290.760009765625,3138
2026-09-01 11:22:00-04:00,290.54998779296875,290.8999938964844,290.54998779296875,290.8900146484375,4093
2026-09-01 11:23:00-04:00,290.80999755859375,290.80999755859375,290.4949951171875,290.56500244140625,3471
2026-09-01 11:24:00-04:00,291.20001220703125,291.20001220703125,290.3999938964844,290.5,5227
2026-09-01 11:25:00-04:00,290.82501220703125,291.239990234375,290.82501220703125,291.17498779296875,3312
2026-09-01 11:26:00-04:00,290.9949951171875,290.9949951171875,290.7250061035156,290.7250061035156,10213
2026-09-01 11:27:00-04:00,291.4898986816406,291.489990234375,291.1401062011719,291.17999267578125,5843
2026-09-01 11:28:00-04:00,291.30999755859375,291.30999755859375,291.1499938964844,291.1600036621094,2042
2026-09-01 11:29:00-04:00,290.8299865722656,291.30999755859375,290.8299865722656,291.30999755859375,2422
2026-09-01 11:30:00-04:00,291.32000732421875,291.32000732421875,290.8299865722656,290.8299865722656,2300
2026-09-01 11:31:00-04:00,291.1600036621094,291.6899108886719,290.8999938964844,291.6899108886719,4331
2026-09-01 11:33:00-04:00,290.9649963378906,290.9649963378906,290.82000732421875,290.8900146484375,3588
2026-09-01 11:34:00-04:00,291.1600036621094,291.1600036621094,291.1499938964844,291.1499938964844,1151
2026-09-01 11:35:00-04:00,290.25,291.0824890136719,290.010009765625,291.0824890136719,5240
2026-09-01 11:36:00-04:00,290.32000732421875,290.4800109863281,290.17498779296875,290.25,5098
2026-09-01 11:37:00-04:00,290.4200134277344,290.4200134277344,290.1675109863281,290.3699951171875,4125
2026-09-01 11:38:00-04:00,290.6600036621094,290.6600036621094,290.2048034667969,290.57000732421875,8162
2026-09-01 11:39:00-04:00,290.31500244140625,290.3900146484375,290.31500244140625,290.3900146484375,823
2026-09-01 11:40:00-04:00,290.32000732421875,290.32000732421875,289.5502014160156,290.18499755859375,11695
2026-09-01 11:41:00-04:00,290.0,290.3800048828125,290.0,290.0950012207031,9298
2026-09-01 11:42:00-04:00,289.68499755859375,290.0,289.6199951171875,290.0,8588
2026-09-01 11:43:00-04:00,290.04998779296875,290.2900085449219,289.67999267578125,289.67999267578125,14327
2026-09-01 11:44:00-04:00,290.1000061035156,290.114990234375,289.8699951171875,290.114990234375,2086
2026-09-01 11:45:00-04:00,290.3299865722656,290.4800109863281,289.9800109863281,290.0,8617
2026-09-01 11:46:00-04:00,289.67999267578125,290.4197082519531,289.67999267578125,290.3299865722656,3522
2026-09-01 11:47:00-04:00,290.0,290.1449890136719,289.67999267578125,289.9949951171875,4589
2026-09-01 11:48:00-04:00,290.2799987792969,290.2799987792969,289.94500732421875,290.1300048828125,3654
2026-09-01 11:49:00-04:00,290.0,290.1549987792969,289.9599914550781,290.0899963378906,4191
2026-09-01 11:50:00-04:00,289.989990234375,289.989990234375,289.6199951171875,289.8399963378906,2218
2026-09-01 11:51:00-04:00,289.8500061035156,289.8999938964844,289.8500061035156,289.8999938964844,923
2026-09-01 11:52:00-04:00,289.6700134277344,289.70001220703125,289.20001220703125,289.70001220703125,4863
2026-09-01 11:53:00-04:00,289.8399963378906,289.8399963378906,289.510009765625,289.510009765625,2249
2026-09-01 11:54:00-04:00,289.44000244140625,289.6650085449219,289.44000244140625,289.6650085449219,8488
2026-09-01 11:55:00-04:00,289.8699951171875,289.8699951171875,289.44000244140625,289.44000244140625,2319
2026-09-01 11:56:00-04:00,290.0849914550781,290.0849914550781,289.6600036621094,289.8500061035156,4384
2026-09-01 11:57:00-04:00,289.7950134277344,290.1400146484375,289.7950134277344,289.8800048828125,1288
2026-09-01 11:58:00-04:00,289.7850036621094,289.7850036621094,289.510009765625,289.5299987792969,940
2026-09-01 11:59:00-04:00,289.7099914550781,290.04998779296875,289.5201110839844,289.8299865722656,3807
2026-09-01 12:00:00-04:00,289.5400085449219,290.1000061035156,289.5400085449219,289.9200134277344,11542
2026-09-01 12:01:00-04:00,289.3800048828125,289.3800048828125,289.0,289.29998779296875,2941
2026-09-01 12:02:00-04:00,289.4599914550781,289.4599914550781,289.2250061035156,289.2250061035156,1735
2026-09-01 12:03:00-04:00,289.4700012207031,289.6300048828125,289.4700012207031,289.5,1659
2026-09-01 12:04:00-04:00,289.20001220703125,289.3699951171875,289.0,289.3699951171875,7786
2026-09-01 12:05:00-04:00,289.04998779296875,289.4700012207031,289.0,289.010009765625,4076
2026-09-01 12:06:00-04:00,289.1499938964844,289.1499938964844,289.0899963378906,289.0899963378906,1892
2026-09-01 12:07:00-04:00,289.1199951171875,289.1499938964844,288.8500061035156,288.9700012207031,2841
2026-09-01 12:08:00-04:00,288.7699890136719,289.1495056152344,288.7699890136719,289.114990234375,4721
2026-09-01 12:09:00-04:00,288.8599853515625,289.16339111328125,288.8599853515625,288.94000244140625,3842
2026-09-01 12:10:00-04:00,288.9100036621094,289.0719909667969,288.6199951171875,289.0719909667969,4450
2026-09-01 12:11:00-04:00,288.9100036621094,289.0,288.6300048828125,288.6300048828125,4426
2026-09-01 12:12:00-04:00,288.9700012207031,289.1400146484375,288.82000732421875,288.94000244140625,8325
2026-09-01 12:13:00-04:00,288.5799865722656,288.8200988769531,288.5799865722656,288.82000732421875,2484
2026-09-01 12:14:00-04:00,288.6600036621094,288.67999267578125,288.5400085449219,288.5400085449219,1768
2026-09-01 12:15:00-04:00,288.55999755859375,288.6199951171875,288.17999267578125,288.6199951171875,3133
2026-09-01 12:16:00-04:00,288.57000732421875,288.5799865722656,288.4599914550781,288.5799865722656,3342
2026-09-01 12:17:00-04:00,288.3583068847656,288.82000732421875,288.2200012207031,288.5150146484375,14251
2026-09-01 12:18:00-04:00,288.55499267578125,288.55499267578125,288.5199890136719,288.5299987792969,3102
2026-09-01 12:19:00-04:00,288.4549865722656,288.6700134277344,288.45001220703125,288.6700134277344,2689
2026-09-01 12:20:00-04:00,287.75,288.2650146484375,287.5799865722656,288.20001220703125,8545
2026-09-01 12:21:00-04:00,287.45001220703125,287.7699890136719,287.45001220703125,287.68499755859375,2232
2026-09-01 12:22:00-04:00,287.3900146484375,287.625,287.1449890136719,287.4519958496094,8896
2026-09-01 12:23:00-04:00,287.2650146484375,287.2650146484375,287.20001220703125,287.20001220703125,1341
2026-09-01 12:24:00-04:00,287.3900146484375,287.3900146484375,287.1499938964844,287.20001220703125,2403
2026-09-01 12:25:00-04:00,287.2650146484375,287.3900146484375,287.1402893066406,287.1402893066406,3335
2026-09-01 12:26:00-04:00,287.010009765625,287.2850036621094,287.010009765625,287.2850036621094,3659
2026-09-01 12:27:00-04:00,286.94000244140625,287.0851135253906,286.54998779296875,287.0299987792969,10615
2026-09-01 12:28:00-04:00,286.9599914550781,286.9599914550781,286.8299865722656,286.8299865722656,949
2026-09-01 12:29:00-04:00,286.8399963378906,287.0,286.8349914550781,286.8349914550781,1196
2026-09-01 12:30:00-04:00,286.3399963378906,286.989990234375,286.3399963378906,286.8399963378906,4462
2026-09-01 12:31:00-04:00,286.05499267578125,286.6600036621094,285.9800109863281,286.6600036621094,4086
2026-09-01 12:32:00-04:00,285.739990234375,285.80999755859375,285.6856994628906,285.80999755859375,2906
2026-09-01 12:33:00-04:00,285.7950134277344,285.79998779296875,285.6700134277344,285.715087890625,2451
2026-09-01 12:34:00-04:00,285.0820007324219,285.78509521484375,285.05999755859375,285.78509521484375,8227
2026-09-01 12:35:00-04:00,285.94000244140625,286.17999267578125,285.4100036621094,285.5299987792969,5771
2026-09-01 12:36:00-04:00,286.25,286.6300048828125,286.1400146484375,286.19000244140625,3356
2026-09-01 12:37:00-04:00,286.0299987792969,286.4800109863281,285.9649963378906,286.3800048828125,3404
2026-09-01 12:38:00-04:00,285.739990234375,286.4049987792969,285.7099914550781,286.17999267578125,2871
2026-09-01 12:39:00-04:00,285.7950134277344,285.7950134277344,285.7950134277344,285.7950134277344,342
2026-09-01 12:40:00-04:00,285.7950134277344,285.7950134277344,285.510009765625,285.510009765625,1299
2026-09-01 12:41:00-04:00,285.45001220703125,285.6499938964844,285.45001220703125,285.6499938964844,1183
2026-09-01 12:42:00-04:00,285.239990234375,285.45001220703125,285.239990234375,285.3500061035156,4857
2026-09-01 12:43:00-04:00,285.3999938964844,285.3999938964844,285.2950134277344,285.302490234375,2262
2026-09-01 12:44:00-04:00,285.2049865722656,285.3999938964844,285.1300048828125,285.1300048828125,5143
2026-09-01 12:45:00-04:00,285.4750061035156,285.5199890136719,285.3999938964844,285.3999938964844,3091
2026-09-01 12:46:00-04:00,285.4200134277344,285.7799987792969,285.3699951171875,285.4700012207031,2325
2026-09-01 12:48:00-04:00,285.5350036621094,285.6700134277344,285.4200134277344,285.4200134277344,2207
2026-09-01 12:49:00-04:00,286.0150146484375,286.1199951171875,285.7049865722656,285.7049865722656,4501
2026-09-01 12:50:00-04:00,285.8599853515625,286.0,285.8450012207031,286.0,2418
2026-09-01 12:51:00-04:00,285.6199951171875,286.3699035644531,285.6199951171875,285.9100036621094,2725
2026-09-01 12:52:00-04:00,285.70001220703125,285.760009765625,285.2099914550781,285.6099853515625,4304
2026-09-01 12:53:00-04:00,285.760009765625,285.760009765625,285.5950012207031,285.5950012207031,777
2026-09-01 12:54:00-04:00,285.5299987792969,285.5950012207031,285.2200012207031,285.54998779296875,4065
2026-09-01 12:55:00-04:00,285.6400146484375,286.010009765625,285.5150146484375,285.5150146484375,3935
2026-09-01 12:56:00-04:00,286.0350036621094,286.0350036621094,286.010009765625,286.010009765625,1940
2026-09-01 12:57:00-04:00,286.6199951171875,286.6199951171875,286.0,286.0450134277344,8879
2026-09-01 12:58:00-04:00,286.75,287.1600036621094,286.75,286.7900085449219,6115
2026-09-01 12:59:00-04:00,286.5899963378906,286.8999938964844,286.4700012207031,286.7099914550781,3500
2026-09-01 13:00:00-04:00,286.05999755859375,286.6759948730469,286.04998779296875,286.6759948730469,3656
2026-09-01 13:01:00-04:00,286.1099853515625,286.32000732421875,286.1099853515625,286.29998779296875,1991
2026-09-01 13:02:00-04:00,285.864990234375,286.1099853515625,285.864990234375,286.1099853515625,3007
2026-09-01 13:03:00-04:00,285.739990234375,286.0,285.7300109863281,285.82000732421875,1952
2026-09-01 13:04:00-04:00,286.07501220703125,286.07501220703125,285.739990234375,285.739990234375,2941
2026-09-01 13:05:00-04:00,286.07501220703125,286.239990234375,285.8999938964844,286.239990234375,2848
2026-09-01 13:06:00-04:00,285.8999938964844,286.010009765625,285.8999938964844,286.010009765625,1597
2026-09-01 13:07:00-04:00,285.364990234375,285.8349914550781,285.2099914550781,285.8349914550781,4727
2026-09-01 13:08:00-04:00,285.6723937988281,285.6723937988281,285.20001220703125,285.2099914550781,5804
2026-09-01 13:09:00-04:00,285.80999755859375,285.80999755859375,285.20001220703125,285.5,4592
2026-09-01 13:10:00-04:00,286.1099853515625,286.1099853515625,285.7950134277344,285.79998779296875,4145
2026-09-01 13:11:00-04:00,286.0199890136719,286.3699951171875,286.0199890136719,286.07501220703125,3434
2026-09-01 13:12:00-04:00,286.8599853515625,286.8599853515625,286.0700988769531,286.42999267578125,3085
2026-09-01 13:13:00-04:00,286.4849853515625,286.57000732421875,286.010009765625,286.57000732421875,4985
2026-09-01 13:14:00-04:00,286.54998779296875,286.54998779296875,286.5,286.5,1701
2026-09-01 13:15:00-04:00,286.17999267578125,286.5,286.17999267578125,286.5,5947
2026-09-01 13:16:00-04:00,286.2650146484375,286.3399963378906,286.1700134277344,286.3349914550781,2652
2026-09-01 13:17:00-04:00,286.2699890136719,286.2699890136719,286.04998779296875,286.04998779296875,2220
2026-09-01 13:18:00-04:00,286.17999267578125,286.2900085449219,286.1000061035156,286.1499938964844,4195
2026-09-01 13:19:00-04:00,286.1400146484375,286.17999267578125,286.1400146484375,286.17999267578125,1579
2026-09-01 13:20:00-04:00,285.94000244140625,286.239990234375,285.94000244140625,286.239990234375,2341
2026-09-01 13:21:00-04:00,285.92279052734375,285.9797058105469,285.635009765625,285.635009765625,4070
2026-09-01 13:22:00-04:00,285.55999755859375,285.75,285.5400085449219,285.6650085449219,1950
2026-09-01 13:23:00-04:00,285.2300109863281,285.4200134277344,285.2300109863281,285.4200134277344,3152
2026-09-01 13:24:00-04:00,285.1300048828125,285.4100036621094,285.0400085449219,285.4100036621094,3861
2026-09-01 13:25:00-04:00,285.0799865722656,285.239990234375,284.6000061035156,285.1700134277344,11820
2026-09-01 13:26:00-04:00,285.4200134277344,285.489990234375,285.1400146484375,285.17999267578125,5192
2026-09-01 13:27:00-04:00,285.32000732421875,285.32000732421875,285.32000732421875,285.32000732421875,1523
2026-09-01 13:28:00-04:00,285.1401062011719,285.3999938964844,285.1401062011719,285.32000732421875,4815
2026-09-01 13:29:00-04:00,286.1300048828125,286.1300048828125,285.3500061035156,285.3550109863281,8384
2026-09-01 13:30:00-04:00,286.29998779296875,286.4100036621094,286.0,286.1499938964844,9705
2026-09-01 13:31:00-04:00,286.5799865722656,286.5799865722656,286.3900146484375,286.4100036621094,5416
2026-09-01 13:32:00-04:00,286.8550109863281,286.8550109863281,286.5,286.6099853515625,6107
2026-09-01 13:33:00-04:00,286.79998779296875,286.875,286.5799865722656,286.875,4147
2026-09-01 13:34:00-04:00,286.79998779296875,286.9049987792969,286.7900085449219,286.9049987792969,3091
2026-09-01 13:35:00-04:00,287.0249938964844,287.07000732421875,286.95001220703125,286.95001220703125,2541
2026-09-01 13:36:00-04:00,287.489990234375,287.489990234375,287.1099853515625,287.1099853515625,2700
2026-09-01 13:37:00-04:00,287.19500732421875,287.4200134277344,287.19500732421875,287.2799987792969,2616
2026-09-01 13:38:00-04:00,287.6199951171875,287.6199951171875,287.19000244140625,287.19000244140625,6172
2026-09-01 13:39:00-04:00,287.55999755859375,287.55999755859375,287.55999755859375,287.55999755859375,371
2026-09-01 13:40:00-04:00,287.5299987792969,287.6099853515625,287.4200134277344,287.44000244140625,2862
2026-09-01 13:41:00-04:00,287.552490234375,287.55999755859375,287.42999267578125,287.489990234375,2994
2026-09-01 13:42:00-04:00,287.32000732421875,287.5299987792969,287.1600036621094,287.5299987792969,3353
2026-09-01 13:43:00-04:00,287.4150085449219,287.4150085449219,287.31500244140625,287.31500244140625,2162
2026-09-01 13:44:00-04:00,287.2200012207031,287.375,287.1400146484375,287.375,1424
2026-09-01 13:45:00-04:00,287.2950134277344,287.3299865722656,287.1549987792969,287.1549987792969,5083
2026-09-01 13:46:00-04:00,286.8599853515625,287.1499938964844,286.8599853515625,287.010009765625,2652
2026-09-01 13:47:00-04:00,286.8299865722656,286.8900146484375,286.80999755859375,286.8800048828125,2899
2026-09-01 13:48:00-04:00,286.7900085449219,286.8900146484375,286.7850036621094,286.7850036621094,1834
2026-09-01 13:49:00-04:00,286.8399963378906,287.1000061035156,286.7900085449219,287.1000061035156,3030
2026-09-01 13:50:00-04:00,286.55999755859375,286.7099914550781,286.55999755859375,286.7099914550781,2583
2026-09-01 13:51:00-04:00,286.41009521484375,286.55999755859375,286.3699951171875,286.55999755859375,2309
2026-09-01 13:52:00-04:00,286.3450012207031,286.55999755859375,286.3450012207031,286.55999755859375,4464
2026-09-01 13:53:00-04:00,286.1449890136719,286.385009765625,286.1000061035156,286.25,5617
2026-09-01 13:54:00-04:00,286.1499938964844,286.260009765625,286.04998779296875,286.1400146484375,1617
2026-09-01 13:55:00-04:00,285.70001220703125,286.1499938964844,285.70001220703125,286.1499938964844,8053
2026-09-01 13:56:00-04:00,285.3349914550781,285.7650146484375,284.95001220703125,285.7650146484375,27962
2026-09-01 13:57:00-04:00,286.29150390625,286.29150390625,285.3399963378906,285.3399963378906,4420
2026-09-01 13:58:00-04:00,286.0400085449219,286.05999755859375,285.92999267578125,286.0400085449219,2108
2026-09-01 13:59:00-04:00,286.0799865722656,286.0799865722656,286.0799865722656,286.0799865722656,1002
2026-09-01 14:00:00-04:00,286.04998779296875,286.1449890136719,285.8699951171875,286.114990234375,7968
2026-09-01 14:01:00-04:00,285.875,285.8800048828125,285.875,285.8800048828125,403
2026-09-01 14:02:00-04:00,286.45001220703125,286.57000732421875,285.82000732421875,285.82000732421875,26966
2026-09-01 14:03:00-04:00,286.7799987792969,286.79998779296875,286.5,286.5,2958
2026-09-01 14:04:00-04:00,286.6300048828125,286.69000244140625,286.510009765625,286.6099853515625,2118
2026-09-01 14:05:00-04:00,286.4200134277344,286.6300048828125,286.4200134277344,286.42999267578125,1321
2026-09-01 14:06:00-04:00,286.4750061035156,286.4849853515625,286.3699951171875,286.3999938964844,1260
2026-09-01 14:07:00-04:00,286.7099914550781,286.7099914550781,286.3301086425781,286.3301086425781,3355
2026-09-01 14:08:00-04:00,286.95001220703125,286.989990234375,286.7099914550781,286.7099914550781,1935
2026-09-01 14:09:00-04:00,286.8500061035156,287.0350036621094,286.8500061035156,287.0350036621094,2041
2026-09-01 14:10:00-04:00,287.1400146484375,287.1600036621094,286.8500061035156,286.8500061035156,2889
2026-09-01 14:11:00-04:00,287.25,287.25,287.2449951171875,287.2449951171875,754
2026-09-01 14:12:00-04:00,287.1000061035156,287.4800109863281,287.1000061035156,287.25,3619
2026-09-01 14:13:00-04:00,286.9700012207031,287.2449951171875,286.9700012207031,287.2449951171875,1532
2026-09-01 14:14:00-04:00,286.8544921875,286.8599853515625,286.57000732421875,286.8599853515625,3757
2026-09-01 14:15:00-04:00,286.7200012207031,286.9700012207031,286.5600891113281,286.8399963378906,2290
2026-09-01 14:16:00-04:00,287.1000061035156,287.1199951171875,286.8349914550781,287.0799865722656,2273
2026-09-01 14:17:00-04:00,287.010009765625,287.010009765625,286.6000061035156,286.6000061035156,3589
2026-09-01 14:18:00-04:00,287.0199890136719,287.20001220703125,286.87213134765625,286.87213134765625,1791
2026-09-01 14:19:00-04:00,287.1099853515625,287.1099853515625,286.9599914550781,286.9599914550781,926
2026-09-01 14:20:00-04:00,287.1199951171875,287.1199951171875,287.114990234375,287.114990234375,2385
2026-09-01 14:21:00-04:00,286.9599914550781,287.2900085449219,286.9599914550781,287.2900085449219,3524
2026-09-01 14:22:00-04:00,287.05999755859375,287.1199951171875,286.885009765625,286.885009765625,2036
2026-09-01 14:23:00-04:00,286.92498779296875,287.1400146484375,286.92498779296875,287.0,2791
2026-09-01 14:24:00-04:00,286.94000244140625,286.94000244140625,286.93499755859375,286.93499755859375,619
2026-09-01 14:25:00-04:00,287.1400146484375,287.1400146484375,286.9599914550781,286.9599914550781,2392
2026-09-01 14:27:00-04:00,287.0,287.25,286.8900146484375,286.92999267578125,3251
2026-09-01 14:28:00-04:00,286.7200012207031,286.7799987792969,286.7200012207031,286.7799987792969,1790
2026-09-01 14:30:00-04:00,286.32000732421875,286.5899963378906,286.30999755859375,286.5899963378906,4910
2026-09-01 14:31:00-04:00,286.3500061035156,286.6300048828125,286.3500061035156,286.3900146484375,8147
2026-09-01 14:32:00-04:00,286.6400146484375,286.6400146484375,286.3599853515625,286.4200134277344,1909
2026-09-01 14:33:00-04:00,285.6400146484375,286.29998779296875,285.6400146484375,286.2300109863281,3850
2026-09-01 14:34:00-04:00,285.32501220703125,285.5975036621094,285.2875061035156,285.5975036621094,1810
2026-09-01 14:35:00-04:00,285.3500061035156,285.5899963378906,285.1499938964844,285.1499938964844,5320
2026-09-01 14:36:00-04:00,285.1099853515625,285.4049987792969,285.1099853515625,285.4049987792969,913
2026-09-01 14:37:00-04:00,285.05999755859375,285.05999755859375,285.0,285.0,3839
2026-09-01 14:38:00-04:00,285.3900146484375,285.3900146484375,285.010009765625,285.010009765625,6786
2026-09-01 14:39:00-04:00,285.3599853515625,285.3599853515625,285.2550048828125,285.2550048828125,1066
2026-09-01 14:40:00-04:00,285.4700012207031,285.4700012207031,285.0899963378906,285.2799987792969,12014
2026-09-01 14:41:00-04:00,285.4599914550781,285.7099914550781,285.3450012207031,285.3900146484375,8781
2026-09-01 14:42:00-04:00,285.3399963378906,285.3699951171875,285.3399963378906,285.3699951171875,1125
2026-09-01 14:43:00-04:00,285.1700134277344,285.2749938964844,285.1300048828125,285.17999267578125,1237
2026-09-01 14:44:00-04:00,284.9800109863281,285.1700134277344,284.9700012207031,285.1700134277344,2676
2026-09-01 14:45:00-04:00,285.1400146484375,285.1400146484375,284.8999938964844,285.0,5585
2026-09-01 14:47:00-04:00,285.14801025390625,285.25,285.14801025390625,285.25,1297
2026-09-01 14:48:00-04:00,285.0249938964844,285.2950134277344,285.0050048828125,285.1199951171875,5369
2026-09-01 14:49:00-04:00,285.67999267578125,285.9599914550781,285.1300048828125,285.1650085449219,32208
2026-09-01 14:50:00-04:00,285.7349853515625,285.739990234375,285.6300048828125,285.6300048828125,1642
2026-09-01 14:51:00-04:00,285.260009765625,285.75,285.260009765625,285.7349853515625,5949
2026-09-01 14:52:00-04:00,285.55999755859375,285.55999755859375,285.3550109863281,285.3550109863281,1370
2026-09-01 14:53:00-04:00,285.4100036621094,285.4100036621094,285.2799987792969,285.2799987792969,1751
2026-09-01 14:54:00-04:00,285.3999938964844,285.3999938964844,285.3999938964844,285.3999938964844,960
2026-09-01 14:55:00-04:00,285.6099853515625,285.79998779296875,285.54998779296875,285.54998779296875,5462
2026-09-01 14:56:00-04:00,286.55999755859375,286.55999755859375,285.82000732421875,285.82000732421875,2177
2026-09-01 14:57:00-04:00,286.2705993652344,286.30999755859375,286.0,286.0799865722656,3513
2026-09-01 14:58:00-04:00,286.1400146484375,286.1400146484375,286.1400146484375,286.1400146484375,196
2026-09-01 14:59:00-04:00,286.1700134277344,286.17999267578125,285.989990234375,285.989990234375,2064
2026-09-01 15:00:00-04:00,286.5849914550781,286.6000061035156,286.25,286.25,2069
2026-09-01 15:01:00-04:00,286.3900146484375,286.65948486328125,286.3800048828125,286.3900146484375,5588
2026-09-01 15:03:00-04:00,286.5,286.5050048828125,286.5,286.5050048828125,984
2026-09-01 15:04:00-04:00,286.6600036621094,286.6600036621094,286.3299865722656,286.3299865722656,3230
2026-09-01 15:05:00-04:00,286.2900085449219,286.3599853515625,286.2900085449219,286.3599853515625,1315
2026-09-01 15:06:00-04:00,286.80999755859375,286.80999755859375,286.44000244140625,286.44000244140625,4662
2026-09-01 15:08:00-04:00,286.5849914550781,286.5849914550781,286.55999755859375,286.55999755859375,1018
2026-09-01 15:09:00-04:00,286.6099853515625,286.6099853515625,286.45001220703125,286.45001220703125,3699
2026-09-01 15:10:00-04:00,287.010009765625,287.1700134277344,286.67999267578125,286.7300109863281,4456
2026-09-01 15:11:00-04:00,286.885009765625,286.8999938964844,286.885009765625,286.8999938964844,488
2026-09-01 15:12:00-04:00,286.7699890136719,286.9649963378906,286.7699890136719,286.8299865722656,2714
2026-09-01 15:13:00-04:00,286.5899963378906,286.5899963378906,286.5299987792969,286.5299987792969,747
2026-09-01 15:14:00-04:00,286.989990234375,287.0799865722656,286.43011474609375,286.43011474609375,4766
2026-09-01 15:15:00-04:00,286.8599853515625,287.1050109863281,286.8599853515625,287.1050109863281,2424
2026-09-01 15:16:00-04:00,286.79998779296875,287.0799865722656,286.70001220703125,286.82000732421875,2218
2026-09-01 15:17:00-04:00,286.7449951171875,286.8999938964844,286.7449951171875,286.8999938964844,1207
2026-09-01 15:18:00-04:00,287.0799865722656,287.0799865722656,287.0,287.0,2385
2026-09-01 15:19:00-04:00,287.010009765625,287.010009765625,286.9599914550781,286.9599914550781,943
2026-09-01 15:20:00-04:00,286.6199951171875,287.0299987792969,286.6199951171875,287.0299987792969,4528
2026-09-01 15:21:00-04:00,286.5400085449219,286.7799987792969,286.4700012207031,286.6199951171875,5682
2026-09-01 15:22:00-04:00,286.44000244140625,286.4599914550781,286.44000244140625,286.4599914550781,1475
2026-09-01 15:23:00-04:00,285.79998779296875,286.3800048828125,285.79998779296875,286.3800048828125,2875
2026-09-01 15:24:00-04:00,285.6099853515625,286.0249938964844,285.4200134277344,285.79998779296875,5748
2026-09-01 15:25:00-04:00,285.8999938964844,285.8999938964844,285.5799865722656,285.5799865722656,4164
2026-09-01 15:26:00-04:00,285.79998779296875,285.95001220703125,285.7550048828125,285.7550048828125,3303
2026-09-01 15:27:00-04:00,285.8500061035156,285.8500061035156,285.8450012207031,285.8450012207031,1823
2026-09-01 15:28:00-04:00,285.8800048828125,286.05999755859375,285.739990234375,285.8800048828125,8171
2026-09-01 15:29:00-04:00,286.0799865722656,286.0799865722656,285.82000732421875,285.8399963378906,3182
2026-09-01 15:30:00-04:00,286.2149963378906,286.239990234375,285.80999755859375,285.82000732421875,11868
2026-09-01 15:31:00-04:00,286.1600036621094,286.1600036621094,285.92999267578125,286.0899963378906,5048
2026-09-01 15:32:00-04:00,286.8299865722656,286.8299865722656,286.3900146484375,286.489990234375,4598
2026-09-01 15:33:00-04:00,286.8999938964844,286.9800109863281,286.8800048828125,286.92999267578125,3735
2026-09-01 15:34:00-04:00,287.3999938964844,287.42999267578125,286.7099914550781,286.8999938964844,21353
2026-09-01 15:35:00-04:00,287.29998779296875,287.3999938964844,287.0,287.3999938964844,8612
2026-09-01 15:36:00-04:00,287.3500061035156,287.4700012207031,287.010009765625,287.4700012207031,7634
2026-09-01 15:37:00-04:00,287.3900146484375,287.3900146484375,286.94830322265625,287.1300048828125,4862
2026-09-01 15:38:00-04:00,287.5299987792969,287.70001220703125,287.4049987792969,287.5199890136719,6957
2026-09-01 15:39:00-04:00,287.80999755859375,287.80999755859375,287.5799865722656,287.5799865722656,2262
2026-09-01 15:40:00-04:00,287.3599853515625,287.6600036621094,287.2550048828125,287.6600036621094,40177
2026-09-01 15:41:00-04:00,287.0199890136719,287.5,286.8699951171875,287.44500732421875,8879
2026-09-01 15:42:00-04:00,286.7900085449219,286.9599914550781,286.6199951171875,286.8999938964844,3819
2026-09-01 15:43:00-04:00,287.0899963378906,287.0899963378906,286.6199951171875,286.7300109863281,7070
2026-09-01 15:44:00-04:00,286.67498779296875,287.1199951171875,286.6400146484375,286.9639892578125,7893
2026-09-01 15:45:00-04:00,286.7699890136719,287.1600036621094,286.5400085449219,286.67498779296875,28216
2026-09-01 15:46:00-04:00,286.7900085449219,286.9599914550781,286.75,286.8399963378906,7642
2026-09-01 15:47:00-04:00,286.7850036621094,286.94000244140625,286.7200012207031,286.79998779296875,5059
2026-09-01 15:48:00-04:00,286.989990234375,287.4100036621094,286.7850036621094,286.7850036621094,18729
2026-09-01 15:49:00-04:00,286.93499755859375,287.0799865722656,286.9200134277344,286.9200134277344,5989
2026-09-01 15:50:00-04:00,286.7699890136719,287.54998779296875,286.7699890136719,287.07000732421875,15981
2026-09-01 15:51:00-04:00,287.25,287.2900085449219,286.95001220703125,286.95001220703125,10161
2026-09-01 15:52:00-04:00,286.94000244140625,287.2749938964844,286.94000244140625,287.2749938964844,12064
2026-09-01 15:53:00-04:00,286.3349914550781,286.92999267578125,286.32000732421875,286.92999267578125,16260
2026-09-01 15:54:00-04:00,286.6099853515625,286.6099853515625,286.3699951171875,286.510009765625,8938
2026-09-01 15:55:00-04:00,286.239990234375,286.7200012207031,286.2200012207031,286.6199951171875,19133
2026-09-01 15:56:00-04:00,285.5849914550781,286.25,285.57000732421875,286.239990234375,34705
2026-09-01 15:57:00-04:00,285.3699951171875,285.7749938964844,285.3699951171875,285.5849914550781,26445
2026-09-01 15:58:00-04:00,285.67498779296875,285.92999267578125,285.239990234375,285.3599853515625,53199
2026-09-01 15:59:00-04:00,285.4700012207031,285.7300109863281,285.239990234375,285.6199951171875,59983
2026-09-02 09:30:00-04:00,282.3900146484375,284.95001220703125,282.2799987792969,284.0799865722656,38785
2026-09-02 09:31:00-04:00,282.75,282.75,281.3599853515625,282.04998779296875,10684
2026-09-02 09:32:00-04:00,280.20001220703125,282.0,279.2413024902344,281.42999267578125,13402
2026-09-02 09:33:00-04:00,279.82000732421875,280.260009765625,279.2300109863281,280.0,6029
2026-09-02 09:34:00-04:00,278.49749755859375,280.0350036621094,278.49749755859375,280.0350036621094,9666
2026-09-02 09:35:00-04:00,277.4205017089844,279.2560119628906,277.4200134277344,278.61749267578125,6562
2026-09-02 09:36:00-04:00,278.04998779296875,278.20001220703125,277.5,278.19000244140625,8109
2026-09-02 09:37:00-04:00,278.25,278.625,277.4200134277344,277.6199951171875,7220
2026-09-02 09:38:00-04:00,277.7687072753906,278.6700134277344,277.42999267578125,278.6700134277344,4238
2026-09-02 09:39:00-04:00,277.0000915527344,278.30499267578125,277.0,278.30499267578125,5979
2026-09-02 09:40:00-04:00,280.8599853515625,280.8599853515625,277.69000244140625,277.69000244140625,5202
2026-09-02 09:41:00-04:00,278.05999755859375,280.06500244140625,278.05999755859375,280.06500244140625,3378
2026-09-02 09:42:00-04:00,279.6199951171875,279.6199951171875,278.760009765625,278.760009765625,2350
2026-09-02 09:43:00-04:00,278.8299865722656,279.9200134277344,278.8299865722656,279.4280090332031,3463
2026-09-02 09:44:00-04:00,281.4800109863281,281.4800109863281,279.29998779296875,279.3999938964844,17700
2026-09-02 09:45:00-04:00,281.2250061035156,282.760009765625,280.7900085449219,281.5,18147
2026-09-02 09:46:00-04:00,282.0,282.3999938964844,281.07000732421875,281.2300109863281,5107
2026-09-02 09:47:00-04:00,282.635009765625,283.3500061035156,281.92010498046875,282.4100036621094,6784
2026-09-02 09:48:00-04:00,282.8800048828125,284.239990234375,282.60009765625,283.5199890136719,4861
2026-09-02 09:49:00-04:00,283.4898986816406,284.0,282.6499938964844,283.8399963378906,16934
2026-09-02 09:50:00-04:00,283.0452575683594,283.4800109863281,282.6199951171875,283.0249938964844,5686
2026-09-02 09:51:00-04:00,282.3750915527344,283.489990234375,282.3750915527344,283.489990234375,14467
2026-09-02 09:52:00-04:00,282.0199890136719,282.79998779296875,281.54998779296875,282.3900146484375,9646
2026-09-02 09:53:00-04:00,281.6300048828125,282.0299987792969,281.54998779296875,281.54998779296875,6547
2026-09-02 09:54:00-04:00,281.2900085449219,281.7900085449219,280.9910888671875,281.1199951171875,13497
2026-09-02 09:55:00-04:00,281.29998779296875,281.29998779296875,280.82000732421875,280.8900146484375,2924
2026-09-02 09:56:00-04:00,282.1400146484375,282.3799133300781,281.2099914550781,281.3086853027344,7187
2026-09-02 09:57:00-04:00,281.77508544921875,282.2325134277344,281.6600036621094,281.67010498046875,2921
2026-09-02 09:58:00-04:00,280.0,281.2250061035156,279.9200134277344,281.2250061035156,15259
2026-09-02 09:59:00-04:00,279.29998779296875,279.79998779296875,279.0,279.79998779296875,9655
2026-09-02 10:00:00-04:00,278.32501220703125,279.010009765625,278.0198059082031,279.010009765625,13562
2026-09-02 10:01:00-04:00,278.4898986816406,278.5,277.625,278.32501220703125,8562
2026-09-02 10:02:00-04:00,277.5400085449219,278.4898986816406,277.2799987792969,278.4898986816406,4406
2026-09-02 10:03:00-04:00,277.2799987792969,277.489990234375,277.0,277.489990234375,5920
2026-09-02 10:04:00-04:00,279.3500061035156,279.3500061035156,277.010009765625,277.5599060058594,6402
2026-09-02 10:05:00-04:00,280.6499938964844,281.30999755859375,279.8699951171875,279.8699951171875,5988
2026-09-02 10:06:00-04:00,279.7099914550781,280.760009765625,279.68499755859375,280.6499938964844,3248
2026-09-02 10:07:00-04:00,280.18499755859375,281.32000732421875,279.17999267578125,279.7099914550781,3399
2026-09-02 10:08:00-04:00,279.0249938964844,280.42999267578125,278.69000244140625,279.9100036621094,5635
2026-09-02 10:09:00-04:00,279.8800048828125,279.8800048828125,278.9549865722656,279.0899963378906,14292
2026-09-02 10:10:00-04:00,280.4800109863281,280.8500061035156,279.55499267578125,279.55999755859375,6851
2026-09-02 10:11:00-04:00,279.81500244140625,280.2250061035156,279.54998779296875,280.1099853515625,5721
2026-09-02 10:12:00-04:00,279.0249938964844,280.0199890136719,279.0249938964844,279.81500244140625,5027
2026-09-02 10:13:00-04:00,278.3500061035156,279.5,278.32000732421875,279.1099853515625,4826
2026-09-02 10:14:00-04:00,277.5,278.82000732421875,277.5,278.375,8080
2026-09-02 10:15:00-04:00,278.1099853515625,278.1099853515625,277.4649963378906,277.6000061035156,14435
2026-09-02 10:16:00-04:00,277.9800109863281,278.0,277.54998779296875,277.82000732421875,8281
2026-09-02 10:17:00-04:00,277.1499938964844,277.5,277.1499938964844,277.3399963378906,7914
2026-09-02 10:18:00-04:00,277.69000244140625,277.94000244140625,277.0,277.1700134277344,23434
2026-09-02 10:19:00-04:00,278.32000732421875,278.635009765625,277.2699890136719,277.7300109863281,12894
2026-09-02 10:20:00-04:00,279.42999267578125,279.42999267578125,277.67999267578125,278.0,11160
2026-09-02 10:21:00-04:00,280.0,280.0,278.8399963378906,279.239990234375,5505
2026-09-02 10:22:00-04:00,280.2049865722656,280.489990234375,279.5199890136719,280.0050048828125,3477
2026-09-02 10:23:00-04:00,279.8800964355469,280.4800109863281,279.8800964355469,280.19000244140625,6317
2026-09-02 10:24:00-04:00,280.0299987792969,280.5249938964844,279.8399963378906,280.19000244140625,8416
2026-09-02 10:25:00-04:00,280.5400085449219,280.8900146484375,280.0350036621094,280.0350036621094,6296
2026-09-02 10:26:00-04:00,280.80999755859375,281.3500061035156,280.7650146484375,280.92999267578125,5506
2026-09-02 10:27:00-04:00,281.2099914550781,281.3562927246094,280.75250244140625,280.8999938964844,2263
2026-09-02 10:28:00-04:00,281.4700012207031,281.80999755859375,281.2099914550781,281.2099914550781,2433
2026-09-02 10:29:00-04:00,281.2900085449219,281.625,281.2099914550781,281.4549865722656,4368
2026-09-02 10:30:00-04:00,280.92498779296875,281.2550048828125,280.8399963378906,281.07000732421875,3453
2026-09-02 10:31:00-04:00,279.82000732421875,280.92498779296875,279.7900085449219,280.92498779296875,5165
2026-09-02 10:32:00-04:00,279.7650146484375,280.2900085449219,279.7650146484375,280.2900085449219,1932
2026-09-02 10:33:00-04:00,279.7025146484375,279.760009765625,279.1449890136719,279.760009765625,5401
2026-09-02 10:34:00-04:00,280.2099914550781,280.2699890136719,279.239990234375,280.2698974609375,5345
2026-09-02 10:35:00-04:00,280.5978088378906,281.06988525390625,279.80010986328125,280.3550109863281,1899
2026-09-02 10:36:00-04:00,280.42999267578125,280.44000244140625,280.42999267578125,280.44000244140625,1220
2026-09-02 10:37:00-04:00,279.8800048828125,280.45001220703125,279.68011474609375,280.44000244140625,8612
2026-09-02 10:38:00-04:00,279.7449951171875,279.88079833984375,279.45001220703125,279.88079833984375,3527
2026-09-02 10:39:00-04:00,280.1000061035156,280.1000061035156,279.80999755859375,279.80999755859375,4741
2026-09-02 10:40:00-04:00,280.44500732421875,280.55999755859375,279.9800109863281,280.2099914550781,7913
2026-09-02 10:41:00-04:00,280.5,280.95989990234375,280.20001220703125,280.4150085449219,14210
2026-09-02 10:42:00-04:00,279.94500732421875,280.5199890136719,279.9200134277344,280.4700012207031,5530
2026-09-02 10:43:00-04:00,280.5199890136719,280.5299987792969,279.66009521484375,280.0,3410
2026-09-02 10:44:00-04:00,280.8699951171875,281.1099853515625,280.5199890136719,280.5299987792969,6364
2026-09-02 10:45:00-04:00,281.1199951171875,281.1199951171875,280.6300964355469,280.8699951171875,3592
2026-09-02 10:46:00-04:00,280.6199951171875,280.9200134277344,280.4400939941406,280.8699951171875,2632
2026-09-02 10:47:00-04:00,280.94000244140625,280.9599914550781,280.6199951171875,280.6199951171875,2076
2026-09-02 10:48:00-04:00,281.0199890136719,281.0199890136719,280.8599853515625,280.8599853515625,1378
2026-09-02 10:49:00-04:00,280.69000244140625,281.010009765625,280.69000244140625,281.010009765625,2758
2026-09-02 10:50:00-04:00,280.3800048828125,280.6650085449219,280.3800048828125,280.510009765625,2667
2026-09-02 10:51:00-04:00,279.7799987792969,279.864990234375,279.7799987792969,279.864990234375,935
2026-09-02 10:52:00-04:00,279.6199951171875,279.7900085449219,279.6199951171875,279.7900085449219,848
2026-09-02 10:53:00-04:00,279.7900085449219,279.7900085449219,279.57000732421875,279.57000732421875,1323
2026-09-02 10:54:00-04:00,279.0799865722656,279.7650146484375,279.0,279.4200134277344,3500
2026-09-02 10:55:00-04:00,279.1431884765625,279.20001220703125,278.9700012207031,279.0799865722656,4507
2026-09-02 10:56:00-04:00,278.0,278.54998779296875,278.0,278.54998779296875,6533
2026-09-02 10:57:00-04:00,277.739990234375,277.79998779296875,277.32000732421875,277.760009765625,4362
2026-09-02 10:58:00-04:00,277.29010009765625,277.6300048828125,277.2900085449219,277.6300048828125,1060
2026-09-02 10:59:00-04:00,277.29998779296875,277.57000732421875,277.2900085449219,277.57000732421875,1706
2026-09-02 11:00:00-04:00,277.8299865722656,277.83990478515625,277.2900085449219,277.2900085449219,4520
2026-09-02 11:01:00-04:00,278.8900146484375,278.9200134277344,277.8500061035156,277.8500061035156,9261
2026-09-02 11:02:00-04:00,278.05499267578125,278.875,278.05499267578125,278.875,2795
2026-09-02 11:03:00-04:00,278.4700012207031,278.8800048828125,277.94000244140625,278.2604064941406,6066
2026-09-02 11:04:00-04:00,278.43499755859375,278.8699951171875,278.1000061035156,278.4750061035156,2541
2026-09-02 11:05:00-04:00,278.4849853515625,278.6000061035156,278.4849853515625,278.55499267578125,1208
2026-09-02 11:06:00-04:00,278.5050048828125,279.0,278.30999755859375,278.55999755859375,3869
2026-09-02 11:07:00-04:00,278.5199890136719,278.5299987792969,278.5151062011719,278.5299987792969,1443
2026-09-02 11:08:00-04:00,278.625,278.79998779296875,278.17999267578125,278.45001220703125,2734
2026-09-02 11:09:00-04:00,278.4599914550781,278.489990234375,278.30999755859375,278.3700866699219,2665
2026-09-02 11:10:00-04:00,278.43499755859375,278.69989013671875,278.1700134277344,278.43499755859375,2851
2026-09-02 11:11:00-04:00,278.1050109863281,278.45001220703125,277.8900146484375,278.45001220703125,7980
2026-09-02 11:12:00-04:00,279.139892578125,279.57000732421875,277.9100036621094,278.44000244140625,18545
2026-09-02 11:13:00-04:00,278.614990234375,279.57000732421875,278.4700012207031,279.135009765625,3070
2026-09-02 11:14:00-04:00,278.6050109863281,279.14990234375,278.510009765625,278.510009765625,1976
2026-09-02 11:15:00-04:00,278.510009765625,278.94989013671875,278.04998779296875,278.94989013671875,1331
2026-09-02 11:16:00-04:00,278.989990234375,279.1499938964844,278.3900146484375,278.510009765625,4143
2026-09-02 11:17:00-04:00,278.67498779296875,278.67999267578125,278.6600036621094,278.6600036621094,1875
2026-09-02 11:18:00-04:00,278.5,278.67999267578125,278.5,278.67999267578125,1374
2026-09-02 11:19:00-04:00,278.635009765625,278.635009765625,278.635009765625,278.635009765625,685
2026-09-02 11:20:00-04:00,278.6401062011719,278.8214111328125,278.6401062011719,278.6549987792969,2083
2026-09-02 11:21:00-04:00,278.2900085449219,278.42999267578125,278.1600036621094,278.30999755859375,4329
2026-09-02 11:22:00-04:00,278.0450134277344,278.375,278.0450134277344,278.19000244140625,3332
2026-09-02 11:23:00-04:00,277.7099914550781,277.9599914550781,277.7099914550781,277.9599914550781,1184
2026-09-02 11:24:00-04:00,277.7699890136719,277.7699890136719,277.5799865722656,277.5799865722656,1136
2026-09-02 11:25:00-04:00,277.79998779296875,277.82000732421875,277.5950012207031,277.5950012207031,2940
2026-09-02 11:26:00-04:00,277.7698974609375,277.7698974609375,277.25,277.3349914550781,10556
2026-09-02 11:27:00-04:00,277.32000732421875,277.5299987792969,277.2799987792969,277.3299865722656,11801
2026-09-02 11:28:00-04:00,277.0450134277344,277.4599914550781,277.0450134277344,277.42498779296875,12056
2026-09-02 11:29:00-04:00,276.2049865722656,277.0799865722656,276.1000061035156,277.07000732421875,12773
2026-09-02 11:30:00-04:00,276.1000061035156,276.4700012207031,276.1000061035156,276.2099914550781,10525
2026-09-02 11:31:00-04:00,276.3900146484375,276.3900146484375,276.0299987792969,276.0299987792969,3110
2026-09-02 11:32:00-04:00,276.19000244140625,276.489990234375,276.1000061035156,276.2799987792969,7260
2026-09-02 11:33:00-04:00,275.9700012207031,276.1400146484375,275.84100341796875,276.1000061035156,8199
2026-09-02 11:34:00-04:00,275.82000732421875,275.9649963378906,275.7900085449219,275.8399963378906,6161
2026-09-02 11:35:00-04:00,275.8900146484375,275.94000244140625,275.67999267578125,275.67999267578125,15148
2026-09-02 11:36:00-04:00,275.9501037597656,276.1050109863281,275.7900085449219,275.8500061035156,27828
2026-09-02 11:37:00-04:00,275.88751220703125,275.9549865722656,275.7651062011719,275.7651062011719,3892
2026-09-02 11:38:00-04:00,275.79998779296875,276.0199890136719,275.79998779296875,276.0199890136719,1591
2026-09-02 11:39:00-04:00,275.8299865722656,275.8299865722656,275.6099853515625,275.6099853515625,724
2026-09-02 11:40:00-04:00,276.1700134277344,276.1700134277344,275.81500244140625,275.81500244140625,3450
2026-09-02 11:41:00-04:00,275.92999267578125,275.92999267578125,275.79998779296875,275.9200134277344,1958
2026-09-02 11:42:00-04:00,275.6549987792969,275.92999267578125,275.3999938964844,275.92999267578125,4523
2026-09-02 11:43:00-04:00,274.9150085449219,275.3299865722656,274.75,275.3299865722656,10620
2026-09-02 11:44:00-04:00,275.3599853515625,275.3599853515625,274.7200012207031,274.7200012207031,7061
2026-09-02 11:45:00-04:00,275.18499755859375,275.20001220703125,275.18499755859375,275.19500732421875,976
2026-09-02 11:46:00-04:00,275.44000244140625,275.6099853515625,275.1400146484375,275.1400146484375,5747
2026-09-02 11:47:00-04:00,275.635009765625,275.635009765625,275.6099853515625,275.6300048828125,595
2026-09-02 11:48:00-04:00,275.1099853515625,275.6400146484375,275.1099853515625,275.6400146484375,3896
2026-09-02 11:49:00-04:00,274.8800048828125,275.1099853515625,274.6600036621094,275.1099853515625,6086
2026-09-02 11:50:00-04:00,274.65509033203125,275.0899963378906,274.2699890136719,274.8382873535156,9971
2026-09-02 11:51:00-04:00,274.6549987792969,274.8699951171875,274.6549987792969,274.68499755859375,2520
2026-09-02 11:52:00-04:00,274.4100036621094,274.5299987792969,274.3399963378906,274.5299987792969,5577
2026-09-02 11:53:00-04:00,273.92999267578125,274.55999755859375,273.739990234375,274.54998779296875,7885
2026-09-02 11:54:00-04:00,273.385009765625,273.8900146484375,273.3800048828125,273.8900146484375,6217
2026-09-02 11:55:00-04:00,273.57000732421875,273.739990234375,273.3550109863281,273.5,12069
2026-09-02 11:56:00-04:00,273.5400085449219,274.04998779296875,273.3900146484375,273.75,9410
2026-09-02 11:57:00-04:00,273.75,273.9999084472656,273.6050109863281,273.6050109863281,8159
2026-09-02 11:58:00-04:00,273.75,273.9200134277344,273.4100036621094,273.4100036621094,7048
2026-09-02 11:59:00-04:00,273.67999267578125,273.9700012207031,273.6000061035156,273.9200134277344,15214
2026-09-02 12:00:00-04:00,273.7049865722656,273.90618896484375,273.5799865722656,273.760009765625,4306
2026-09-02 12:01:00-04:00,273.510009765625,273.9200134277344,273.4901123046875,273.9200134277344,2976
2026-09-02 12:02:00-04:00,273.43499755859375,273.6650085449219,273.20001220703125,273.5,2040
2026-09-02 12:03:00-04:00,273.5,273.5899963378906,273.43499755859375,273.44000244140625,3335
2026-09-02 12:04:00-04:00,273.7799987792969,273.909912109375,273.6000061035156,273.614990234375,9908
2026-09-02 12:05:00-04:00,273.45001220703125,273.9100036621094,273.44000244140625,273.7449951171875,8992
2026-09-02 12:06:00-04:00,273.20001220703125,273.8900146484375,273.20001220703125,273.69000244140625,6546
2026-09-02 12:07:00-04:00,272.989990234375,273.0,272.8699951171875,273.0,5341
2026-09-02 12:08:00-04:00,273.0899963378906,273.2799987792969,272.989990234375,272.989990234375,2200
2026-09-02 12:09:00-04:00,272.9599914550781,273.1650085449219,272.9599914550781,273.090087890625,1902
2026-09-02 12:10:00-04:00,273.135009765625,273.32989501953125,272.7500915527344,272.79998779296875,2141
2026-09-02 12:11:00-04:00,273.20550537109375,273.25,272.8900146484375,273.2099914550781,6007
2026-09-02 12:12:00-04:00,273.05499267578125,273.05499267578125,272.8299865722656,272.94000244140625,1729
2026-09-02 12:13:00-04:00,273.3500061035156,273.44000244140625,272.93011474609375,273.05999755859375,15194
2026-09-02 12:14:00-04:00,272.80499267578125,273.3500061035156,272.760009765625,273.3299865722656,9349
2026-09-02 12:15:00-04:00,273.17999267578125,273.2099914550781,272.70001220703125,272.70001220703125,10280
2026-09-02 12:16:00-04:00,272.8349914550781,273.19500732421875,272.5,273.04998779296875,8873
2026-09-02 12:17:00-04:00,272.5899963378906,272.82000732421875,272.5899963378906,272.7699890136719,1018
2026-09-02 12:18:00-04:00,272.3999938964844,272.80499267578125,272.3699951171875,272.5509948730469,5967
2026-09-02 12:19:00-04:00,272.3500061035156,272.55999755859375,272.1600036621094,272.55999755859375,5485
2026-09-02 12:20:00-04:00,272.32000732421875,272.3800048828125,272.0299987792969,272.3175048828125,4589
2026-09-02 12:21:00-04:00,272.2950134277344,272.30499267578125,272.1099853515625,272.30499267578125,2174
2026-09-02 12:22:00-04:00,272.05999755859375,272.3900146484375,272.010009765625,272.2099914550781,10100
2026-09-02 12:23:00-04:00,272.3599853515625,272.44000244140625,271.82000732421875,272.3149108886719,18560
2026-09-02 12:24:00-04:00,272.66229248046875,272.66229248046875,272.3450012207031,272.3450012207031,3677
2026-09-02 12:25:00-04:00,272.3301086425781,272.6700134277344,272.3301086425781,272.5450134277344,2932
2026-09-02 12:26:00-04:00,272.42999267578125,272.7799987792969,272.4100036621094,272.5199890136719,7883
2026-09-02 12:27:00-04:00,272.45001220703125,272.7699890136719,272.3900146484375,272.4100036621094,2756
2026-09-02 12:28:00-04:00,271.94000244140625,272.5899963378906,271.69000244140625,272.5899963378906,12380
2026-09-02 12:29:00-04:00,271.7900085449219,271.9200134277344,271.6600036621094,271.75,1362
2026-09-02 12:30:00-04:00,271.79998779296875,271.93499755859375,271.7699890136719,271.8699951171875,2990
2026-09-02 12:31:00-04:00,271.8699951171875,272.0899963378906,271.80999755859375,271.95001220703125,4494
2026-09-02 12:32:00-04:00,271.6700134277344,271.90411376953125,271.6300048828125,271.79998779296875,4428
2026-09-02 12:33:00-04:00,271.81500244140625,271.95001220703125,271.6400146484375,271.7900085449219,4162
2026-09-02 12:34:00-04:00,271.9224853515625,271.9224853515625,271.68011474609375,271.8125,1716
2026-09-02 12:35:00-04:00,271.67999267578125,271.8399963378906,271.67999267578125,271.7099914550781,3015
2026-09-02 12:36:00-04:00,271.6650085449219,271.7900085449219,271.56500244140625,271.7449951171875,7948
2026-09-02 12:37:00-04:00,272.0,272.0,271.64801025390625,271.64801025390625,6662
2026-09-02 12:38:00-04:00,272.364990234375,272.6799011230469,271.92999267578125,272.1099853515625,6976
2026-09-02 12:39:00-04:00,272.1499938964844,272.40399169921875,272.1000061035156,272.364990234375,2755
2026-09-02 12:40:00-04:00,272.385009765625,272.5760803222656,272.110107421875,272.5760803222656,1802
2026-09-02 12:41:00-04:00,271.9599914550781,272.4747009277344,271.8900146484375,272.42999267578125,10577
2026-09-02 12:42:00-04:00,271.32000732421875,272.1000061035156,271.2300109863281,271.9599914550781,13239
2026-09-02 12:43:00-04:00,271.4100036621094,271.42498779296875,271.1700134277344,271.32501220703125,2538
2026-09-02 12:44:00-04:00,270.760009765625,271.239990234375,270.760009765625,271.2049865722656,12890
2026-09-02 12:45:00-04:00,270.82000732421875,270.95001220703125,270.7099914550781,270.7099914550781,3586
2026-09-02 12:46:00-04:00,270.8500061035156,270.9200134277344,270.82000732421875,270.8599853515625,3094
2026-09-02 12:47:00-04:00,270.6000061035156,270.79998779296875,270.6000061035156,270.67999267578125,3499
2026-09-02 12:48:00-04:00,270.8299865722656,271.0,270.5950012207031,270.6000061035156,5333
2026-09-02 12:49:00-04:00,270.82000732421875,270.82000732421875,270.6075134277344,270.6549987792969,2105
2026-09-02 12:50:00-04:00,270.4549865722656,270.5400085449219,270.25,270.5400085449219,3352
2026-09-02 12:51:00-04:00,269.75,270.2900085449219,269.6499938964844,270.2900085449219,18848
2026-09-02 12:52:00-04:00,269.8349914550781,269.989990234375,269.7300109863281,269.8500061035156,7702
2026-09-02 12:53:00-04:00,269.54998779296875,270.010009765625,269.54998779296875,269.7349853515625,3703
2026-09-02 12:54:00-04:00,269.6499938964844,269.7699890136719,269.5299987792969,269.54229736328125,3693
2026-09-02 12:55:00-04:00,269.7449951171875,269.9599914550781,269.54998779296875,269.6499938964844,27235
2026-09-02 12:56:00-04:00,269.4949951171875,269.9599914550781,269.4197082519531,269.9599914550781,7001
2026-09-02 12:57:00-04:00,269.3876953125,269.5972900390625,269.3299865722656,269.5050048828125,4348
2026-09-02 12:58:00-04:00,269.44000244140625,269.5,269.29998779296875,269.4549865722656,15457
2026-09-02 12:59:00-04:00,269.7200012207031,269.75,269.30999755859375,269.44000244140625,7734
2026-09-02 13:00:00-04:00,269.6625061035156,269.9599914550781,269.4801025390625,269.7200012207031,5025
2026-09-02 13:01:00-04:00,269.8349914550781,269.8349914550781,269.7049865722656,269.739990234375,7043
2026-09-02 13:02:00-04:00,270.07000732421875,270.4200134277344,269.8399963378906,269.8399963378906,3669
2026-09-02 13:03:00-04:00,270.4700012207031,270.4700012207031,269.92999267578125,270.0799865722656,4663
2026-09-02 13:04:00-04:00,269.7900085449219,270.1650085449219,269.7900085449219,270.1650085449219,2482
2026-09-02 13:05:00-04:00,269.8949890136719,270.04998779296875,269.7550048828125,269.96728515625,1675
2026-09-02 13:06:00-04:00,269.8900146484375,269.9888916015625,269.7799987792969,269.8900146484375,1980
2026-09-02 13:07:00-04:00,269.9200134277344,270.010009765625,269.7650146484375,269.7650146484375,2977
2026-09-02 13:08:00-04:00,270.0450134277344,270.239990234375,269.739990234375,269.9150085449219,6031
2026-09-02 13:09:00-04:00,269.739990234375,270.29998779296875,269.739990234375,270.0849914550781,6732
2026-09-02 13:10:00-04:00,270.1650085449219,270.1650085449219,269.92498779296875,270.0299987792969,4658
2026-09-02 13:11:00-04:00,270.05999755859375,270.17999267578125,270.05999755859375,270.1499938964844,1371
2026-09-02 13:12:00-04:00,270.3399963378906,270.3399963378906,270.05999755859375,270.1499938964844,6333
2026-09-02 13:13:00-04:00,270.9599914550781,271.0,270.3349914550781,270.3349914550781,2441
2026-09-02 13:14:00-04:00,271.0,271.29998779296875,270.7900085449219,270.9100036621094,5735
2026-09-02 13:15:00-04:00,270.875,270.95001220703125,270.5899963378906,270.8299865722656,2007
2026-09-02 13:16:00-04:00,270.6000061035156,271.010009765625,270.6000061035156,271.010009765625,3320
2026-09-02 13:17:00-04:00,270.5,270.6300048828125,270.5,270.54998779296875,1844
2026-09-02 13:18:00-04:00,270.375,270.5799865722656,270.2699890136719,270.481201171875,2488
2026-09-02 13:19:00-04:00,270.6199951171875,270.8800048828125,270.30999755859375,270.3800048828125,7666
2026-09-02 13:20:00-04:00,270.6700134277344,270.79998779296875,270.3599853515625,270.3599853515625,1831
2026-09-02 13:21:00-04:00,270.489990234375,270.8399963378906,270.489990234375,270.8399963378906,2592
2026-09-02 13:22:00-04:00,271.04998779296875,271.04998779296875,270.8800048828125,270.8800048828125,2477
2026-09-02 13:23:00-04:00,271.0425109863281,271.29949951171875,271.0350036621094,271.1700134277344,4399
2026-09-02 13:24:00-04:00,270.8800048828125,271.1899108886719,270.8800048828125,271.06500244140625,3398
2026-09-02 13:25:00-04:00,271.0199890136719,271.0799865722656,270.8399963378906,270.9049987792969,2446
2026-09-02 13:26:00-04:00,270.95001220703125,270.95001220703125,270.95001220703125,270.95001220703125,2072
2026-09-02 13:27:00-04:00,270.5350036621094,270.7950134277344,270.5350036621094,270.7950134277344,2210
2026-09-02 13:28:00-04:00,270.8550109863281,270.8550109863281,270.6499938964844,270.6499938964844,2230
2026-09-02 13:29:00-04:00,270.5899963378906,270.9360046386719,270.5899963378906,270.8550109863281,1632
2026-09-02 13:30:00-04:00,270.7550048828125,270.94000244140625,270.75,270.75,1831
2026-09-02 13:31:00-04:00,270.7699890136719,270.82000732421875,270.75,270.82000732421875,1678
2026-09-02 13:32:00-04:00,270.7799987792969,270.7799987792969,270.7799987792969,270.7799987792969,1573
2026-09-02 13:33:00-04:00,270.760009765625,270.9100036621094,270.760009765625,270.9100036621094,1810
2026-09-02 13:34:00-04:00,271.0799865722656,271.2099914550781,270.739990234375,270.739990234375,7725
2026-09-02 13:35:00-04:00,270.92498779296875,271.2099914550781,270.92498779296875,271.0799865722656,6004
2026-09-02 13:36:00-04:00,270.6499938964844,270.92999267578125,270.625,270.92999267578125,2603
2026-09-02 13:37:00-04:00,270.6499938964844,270.7300109863281,270.6499938964844,270.7300109863281,1536
2026-09-02 13:38:00-04:00,270.5899963378906,270.5899963378906,270.5899963378906,270.5899963378906,906
2026-09-02 13:39:00-04:00,270.489990234375,270.489990234375,270.4800109863281,270.4800109863281,1353
2026-09-02 13:40:00-04:00,270.69500732421875,270.75,270.56500244140625,270.56500244140625,1419
2026-09-02 13:41:00-04:00,270.3800048828125,270.67498779296875,270.3599853515625,270.67498779296875,4166
2026-09-02 13:42:00-04:00,270.2699890136719,270.4909973144531,270.2699890136719,270.42999267578125,2582
2026-09-02 13:43:00-04:00,270.18499755859375,270.2651062011719,270.010009765625,270.2651062011719,7420
2026-09-02 13:44:00-04:00,270.1600036621094,270.25,270.0199890136719,270.0299987792969,2114
2026-09-02 13:45:00-04:00,271.0,271.1300048828125,270.2099914550781,270.2099914550781,3900
2026-09-02 13:46:00-04:00,270.8399963378906,270.9849853515625,270.7099914550781,270.9849853515625,2128
2026-09-02 13:47:00-04:00,271.0050048828125,271.1199951171875,270.68011474609375,270.8349914550781,4615
2026-09-02 13:48:00-04:00,271.010009765625,271.1600036621094,270.860107421875,271.0050048828125,1945
2026-09-02 13:49:00-04:00,271.20001220703125,271.29998779296875,270.8699951171875,271.1600036621094,2957
2026-09-02 13:50:00-04:00,271.2598876953125,271.2598876953125,270.9624938964844,270.9624938964844,936
2026-09-02 13:51:00-04:00,271.1376037597656,271.260009765625,271.03009033203125,271.05999755859375,2653
2026-09-02 13:52:00-04:00,271.0299987792969,271.29998779296875,270.989990234375,271.29998779296875,2575
2026-09-02 13:53:00-04:00,270.80999755859375,271.0400085449219,270.80999755859375,271.0299987792969,2413
2026-09-02 13:54:00-04:00,270.7200927734375,270.8999938964844,270.7200927734375,270.7900085449219,1579
2026-09-02 13:55:00-04:00,270.9700012207031,270.9700012207031,270.79998779296875,270.83099365234375,2732
2026-09-02 13:56:00-04:00,270.2699890136719,270.92498779296875,270.2699890136719,270.92498779296875,4882
2026-09-02 13:57:00-04:00,270.6099853515625,270.6099853515625,270.260009765625,270.3070068359375,4269
2026-09-02 13:58:00-04:00,270.7900085449219,270.7900085449219,270.5087890625,270.6050109863281,2063
2026-09-02 13:59:00-04:00,270.52490234375,270.6050109863281,270.489990234375,270.6000061035156,2982
2026-09-02 14:00:00-04:00,270.7300109863281,270.7300109863281,270.4200134277344,270.4200134277344,2560
2026-09-02 14:01:00-04:00,270.3999938964844,270.5050048828125,270.2950134277344,270.4755859375,7945
2026-09-02 14:02:00-04:00,270.5849914550781,270.69390869140625,270.43499755859375,270.43499755859375,2164
2026-09-02 14:03:00-04:00,271.0400085449219,271.0450134277344,270.6199951171875,270.70001220703125,10131
2026-09-02 14:04:00-04:00,271.135009765625,271.31988525390625,270.95001220703125,271.20001220703125,7307
2026-09-02 14:05:00-04:00,271.0799865722656,271.30999755859375,270.9643859863281,271.1000061035156,8739
2026-09-02 14:06:00-04:00,270.9800109863281,271.17498779296875,270.8599853515625,271.17498779296875,3776
2026-09-02 14:07:00-04:00,270.8699951171875,270.95001220703125,270.8699951171875,270.8999938964844,2337
2026-09-02 14:08:00-04:00,270.8949890136719,271.0,270.8699951171875,270.8949890136719,4254
2026-09-02 14:09:00-04:00,270.9049987792969,270.94500732421875,270.8949890136719,270.8949890136719,1076
2026-09-02 14:10:00-04:00,270.9100036621094,270.9100036621094,270.8949890136719,270.8949890136719,1000
2026-09-02 14:11:00-04:00,270.82000732421875,270.9798889160156,270.4800109863281,270.8800048828125,9196
2026-09-02 14:12:00-04:00,271.2099914550781,271.2300109863281,270.9100036621094,270.9100036621094,5119
2026-09-02 14:13:00-04:00,271.4750061035156,271.6199951171875,271.2099914550781,271.2099914550781,9128
2026-09-02 14:14:00-04:00,271.4700012207031,271.6199035644531,271.4100036621094,271.6199035644531,5136
2026-09-02 14:15:00-04:00,271.4700012207031,271.54998779296875,271.3299865722656,271.3299865722656,3018
2026-09-02 14:16:00-04:00,271.69000244140625,271.69000244140625,271.3299865722656,271.3299865722656,1925
2026-09-02 14:17:00-04:00,271.7149963378906,271.7200012207031,271.6499938964844,271.7099914550781,2242
2026-09-02 14:18:00-04:00,271.8800048828125,272.0498962402344,271.6000061035156,271.787109375,5794
2026-09-02 14:19:00-04:00,272.0199890136719,272.07000732421875,271.80999755859375,271.80999755859375,10654
2026-09-02 14:20:00-04:00,271.8999938964844,271.9800109863281,271.80999755859375,271.9800109863281,2040
2026-09-02 14:21:00-04:00,271.8949890136719,271.8949890136719,271.8699951171875,271.8924865722656,1219
2026-09-02 14:22:00-04:00,271.93499755859375,272.0199890136719,271.88751220703125,271.92999267578125,3411
2026-09-02 14:23:00-04:00,271.92999267578125,271.9800109863281,271.7699890136719,271.79998779296875,3890
2026-09-02 14:24:00-04:00,272.239990234375,272.2449951171875,271.8999938964844,271.8999938964844,4675
2026-09-02 14:25:00-04:00,272.239990234375,272.239990234375,272.239990234375,272.239990234375,558
2026-09-02 14:26:00-04:00,271.93499755859375,272.239990234375,271.9100036621094,272.239990234375,5824
2026-09-02 14:27:00-04:00,271.8900146484375,271.96990966796875,271.760009765625,271.8599853515625,2195
2026-09-02 14:28:00-04:00,272.23638916015625,272.23638916015625,271.79998779296875,271.95989990234375,7416
2026-09-02 14:29:00-04:00,271.3200988769531,272.0849914550781,271.3200988769531,272.0849914550781,8479
2026-09-02 14:30:00-04:00,271.29998779296875,271.44000244140625,271.29998779296875,271.44000244140625,1115
2026-09-02 14:31:00-04:00,271.2749938964844,271.3999938964844,271.2749938964844,271.3999938964844,3245
2026-09-02 14:32:00-04:00,271.239990234375,271.239990234375,271.1199951171875,271.1199951171875,1304
2026-09-02 14:33:00-04:00,271.2200012207031,271.2900085449219,271.1199951171875,271.1199951171875,3101
2026-09-02 14:34:00-04:00,271.0,271.1549987792969,271.0,271.1549987792969,2011
2026-09-02 14:35:00-04:00,270.1700134277344,270.9100036621094,270.1700134277344,270.8500061035156,5749
2026-09-02 14:36:00-04:00,270.2799987792969,270.4800109863281,270.0199890136719,270.1400146484375,7319
2026-09-02 14:37:00-04:00,270.2300109863281,270.364990234375,270.2300109863281,270.364990234375,1798
2026-09-02 14:38:00-04:00,270.2200012207031,270.25,270.2200012207031,270.2349853515625,1840
2026-09-02 14:39:00-04:00,270.135009765625,270.409912109375,270.135009765625,270.409912109375,2028
2026-09-02 14:40:00-04:00,269.9200134277344,270.1300048828125,269.7204895019531,270.0299987792969,7269
2026-09-02 14:41:00-04:00,270.0950012207031,270.0950012207031,269.9200134277344,269.9200134277344,2626
2026-09-02 14:42:00-04:00,269.7449951171875,270.0,269.70001220703125,269.95001220703125,4244
2026-09-02 14:43:00-04:00,269.9599914550781,270.0150146484375,269.80999755859375,269.80999755859375,4770
2026-09-02 14:44:00-04:00,269.5849914550781,269.6400146484375,269.5849914550781,269.6400146484375,552
2026-09-02 14:45:00-04:00,269.79998779296875,269.79998779296875,269.5299987792969,269.5849914550781,4165
2026-09-02 14:46:00-04:00,269.8500061035156,269.8500061035156,269.7250061035156,269.7250061035156,2040
2026-09-02 14:47:00-04:00,269.7300109863281,269.96990966796875,269.7300109863281,269.8500061035156,3705
2026-09-02 14:48:00-04:00,269.8699951171875,269.8699951171875,269.6400146484375,269.7200012207031,1869
2026-09-02 14:49:00-04:00,269.81500244140625,269.9200134277344,269.7099914550781,269.82000732421875,1973
2026-09-02 14:50:00-04:00,269.6700134277344,269.80499267578125,269.6700134277344,269.7200012207031,2194
2026-09-02 14:51:00-04:00,269.8450012207031,269.8450012207031,269.7200012207031,269.7200012207031,3457
2026-09-02 14:52:00-04:00,270.0799865722656,270.12249755859375,269.7900085449219,269.8900146484375,16494
2026-09-02 14:53:00-04:00,270.4750061035156,270.4800109863281,270.0899963378906,270.0899963378906,0
2026-09-02 14:54:00-04:00,270.4750061035156,270.4750061035156,270.4750061035156,270.4750061035156,1939
2026-09-02 14:55:00-04:00,270.32000732421875,270.34600830078125,270.32000732421875,270.32000732421875,1505
2026-09-02 14:56:00-04:00,270.32000732421875,270.32000732421875,270.19000244140625,270.19000244140625,3312
2026-09-02 14:57:00-04:00,270.5299987792969,270.6499938964844,270.32000732421875,270.3999938964844,8717
2026-09-02 14:58:00-04:00,270.6050109863281,270.61248779296875,270.4549865722656,270.4549865722656,1685
2026-09-02 14:59:00-04:00,270.6050109863281,270.6199951171875,270.6050109863281,270.6099853515625,1667
2026-09-02 15:00:00-04:00,272.0199890136719,272.2900085449219,270.7200012207031,270.7200012207031,17364
2026-09-02 15:01:00-04:00,272.2174987792969,272.2699890136719,271.92498779296875,271.92498779296875,5164
2026-09-02 15:02:00-04:00,272.5249938964844,272.5249938964844,272.2200012207031,272.4750061035156,2836
2026-09-02 15:03:00-04:00,272.5249938964844,272.8399963378906,272.5249938964844,272.6300048828125,3609
2026-09-02 15:04:00-04:00,272.9949951171875,273.0,272.3800048828125,272.3800048828125,10100
2026-09-02 15:05:00-04:00,272.6600036621094,272.9949951171875,272.635009765625,272.9949951171875,9382
2026-09-02 15:06:00-04:00,272.6499938964844,273.4200134277344,272.6499938964844,272.79998779296875,10451
2026-09-02 15:07:00-04:00,272.3800048828125,272.5299987792969,272.3800048828125,272.5050048828125,4151
2026-09-02 15:08:00-04:00,272.20001220703125,272.20001220703125,272.20001220703125,272.20001220703125,0
