Price,Close,High,Low,Open,Volume
Ticker,PFE,PFE,PFE,PFE,PFE
Datetime,,,,,
2026-08-27 09:30:00-04:00,27.889999389648438,28.0,27.8700008392334,27.969999313354492,378363
2026-08-27 09:31:00-04:00,27.889999389648438,27.979999542236328,27.88010025024414,27.920000076293945,671732
2026-08-27 09:32:00-04:00,27.886999130249023,27.940000534057617,27.8700008392334,27.889999389648438,298853
2026-08-27 09:33:00-04:00,27.94499969482422,27.959999084472656,27.850000381469727,27.889999389648438,172679
2026-08-27 09:34:00-04:00,27.93950080871582,27.959999084472656,27.885000228881836,27.940000534057617,78893
2026-08-27 09:35:00-04:00,27.954999923706055,28.0049991607666,27.920000076293945,27.940000534057617,201469
2026-08-27 09:36:00-04:00,27.940000534057617,27.97800064086914,27.920000076293945,27.954999923706055,105389
2026-08-27 09:37:00-04:00,27.96500015258789,28.0,27.934999465942383,27.934999465942383,157125
2026-08-27 09:38:00-04:00,28.020000457763672,28.03499984741211,27.924999237060547,27.959999084472656,244738
2026-08-27 09:39:00-04:00,28.07200050354004,28.079999923706055,28.020000457763672,28.020000457763672,159537
2026-08-27 09:40:00-04:00,28.010000228881836,28.06999969482422,28.010000228881836,28.06999969482422,71452
2026-08-27 09:41:00-04:00,28.0049991607666,28.049999237060547,27.9950008392334,28.010000228881836,66115
2026-08-27 09:42:00-04:00,27.94499969482422,28.021400451660156,27.940000534057617,28.0049991607666,73969
2026-08-27 09:43:00-04:00,27.96500015258789,27.979999542236328,27.940000534057617,27.940000534057617,52606
2026-08-27 09:44:00-04:00,27.959999084472656,27.96500015258789,27.920000076293945,27.959999084472656,50137
2026-08-27 09:45:00-04:00,27.952499389648438,27.96500015258789,27.94499969482422,27.959999084472656,54021
2026-08-27 09:46:00-04:00,27.989999771118164,27.989999771118164,27.950000762939453,27.959999084472656,54982
2026-08-27 09:47:00-04:00,28.014999389648438,28.047550201416016,27.975000381469727,27.979999542236328,86494
2026-08-27 09:48:00-04:00,28.0049991607666,28.020000457763672,27.989999771118164,28.014999389648438,57657
2026-08-27 09:49:00-04:00,28.020000457763672,28.059999465942383,28.0049991607666,28.0049991607666,104889
2026-08-27 09:50:00-04:00,27.934999465942383,28.013399124145508,27.924999237060547,28.013399124145508,85204
2026-08-27 09:51:00-04:00,27.969999313354492,27.979999542236328,27.93000030517578,27.934999465942383,40262
2026-08-27 09:52:00-04:00,27.93400001525879,27.985000610351562,27.93400001525879,27.97010040283203,65884
2026-08-27 09:53:00-04:00,27.882200241088867,27.940000534057617,27.8799991607666,27.93000030517578,461880
2026-08-27 09:54:00-04:00,27.905000686645508,27.90999984741211,27.8799991607666,27.884000778198242,91069
2026-08-27 09:55:00-04:00,27.875,27.905000686645508,27.87019920349121,27.905000686645508,67389
2026-08-27 09:56:00-04:00,27.870100021362305,27.8799991607666,27.860000610351562,27.8700008392334,62599
2026-08-27 09:57:00-04:00,27.915000915527344,27.940000534057617,27.8700008392334,27.875,87984
2026-08-27 09:58:00-04:00,27.924999237060547,27.93000030517578,27.90999984741211,27.915000915527344,38864
2026-08-27 09:59:00-04:00,27.895000457763672,27.924999237060547,27.889999389648438,27.924999237060547,30841
2026-08-27 10:00:00-04:00,27.860000610351562,27.905000686645508,27.860000610351562,27.895000457763672,77812
2026-08-27 10:01:00-04:00,27.854999542236328,27.875,27.850000381469727,27.860000610351562,62183
2026-08-27 10:02:00-04:00,27.864999771118164,27.864999771118164,27.829999923706055,27.854999542236328,129770
2026-08-27 10:03:00-04:00,27.864999771118164,27.878000259399414,27.854999542236328,27.860000610351562,53672
2026-08-27 10:04:00-04:00,27.895000457763672,27.905000686645508,27.864999771118164,27.8700008392334,69895
2026-08-27 10:05:00-04:00,27.889999389648438,27.920000076293945,27.8799991607666,27.889999389648438,115978
2026-08-27 10:06:00-04:00,27.875,27.889999389648438,27.860000610351562,27.885000228881836,37472
2026-08-27 10:07:00-04:00,27.915000915527344,27.920000076293945,27.8799991607666,27.8799991607666,46783
2026-08-27 10:08:00-04:00,27.905500411987305,27.924999237060547,27.899999618530273,27.920000076293945,88366
2026-08-27 10:09:00-04:00,27.885000228881836,27.915000915527344,27.885000228881836,27.905000686645508,49998
2026-08-27 10:10:00-04:00,27.860000610351562,27.8799991607666,27.854999542236328,27.8799991607666,68129
2026-08-27 10:11:00-04:00,27.864999771118164,27.878000259399414,27.854999542236328,27.860000610351562,77236
2026-08-27 10:12:00-04:00,27.844999313354492,27.8700008392334,27.84000015258789,27.864999771118164,48355
2026-08-27 10:13:00-04:00,27.834999084472656,27.850000381469727,27.829999923706055,27.841999053955078,55052
2026-08-27 10:14:00-04:00,27.84000015258789,27.850000381469727,27.83009910583496,27.834999084472656,54487
2026-08-27 10:15:00-04:00,27.875,27.8799991607666,27.832000732421875,27.84000015258789,72448
2026-08-27 10:16:00-04:00,27.8799991607666,27.899999618530273,27.875,27.876249313354492,65252
2026-08-27 10:17:00-04:00,27.915000915527344,27.920000076293945,27.8700008392334,27.885000228881836,113970
2026-08-27 10:18:00-04:00,27.895099639892578,27.924999237060547,27.889999389648438,27.915000915527344,76904
2026-08-27 10:19:00-04:00,27.905000686645508,27.90999984741211,27.889999389648438,27.899999618530273,55810
2026-08-27 10:20:00-04:00,27.934999465942383,27.940000534057617,27.905000686645508,27.905000686645508,61479
2026-08-27 10:21:00-04:00,27.924999237060547,27.934999465942383,27.915000915527344,27.934999465942383,38862
2026-08-27 10:22:00-04:00,27.934999465942383,27.940000534057617,27.924999237060547,27.93000030517578,27110
2026-08-27 10:23:00-04:00,27.954999923706055,27.954999923706055,27.93000030517578,27.934999465942383,26237
2026-08-27 10:24:00-04:00,27.940000534057617,27.954999923706055,27.934999465942383,27.950000762939453,29246
2026-08-27 10:25:00-04:00,27.934999465942383,27.954999923706055,27.934999465942383,27.94499969482422,42298
2026-08-27 10:26:00-04:00,27.90999984741211,27.934999465942383,27.899999618530273,27.933000564575195,57446
2026-08-27 10:27:00-04:00,27.8799991607666,27.90999984741211,27.8799991607666,27.905000686645508,62077
2026-08-27 10:28:00-04:00,27.889999389648438,27.895000457763672,27.8700008392334,27.8799991607666,65831
2026-08-27 10:29:00-04:00,27.895000457763672,27.899999618530273,27.883317947387695,27.889999389648438,34288
2026-08-27 10:30:00-04:00,27.920000076293945,27.920000076293945,27.885000228881836,27.895000457763672,48313
2026-08-27 10:31:00-04:00,27.934999465942383,27.940000534057617,27.91160011291504,27.924999237060547,71875
2026-08-27 10:32:00-04:00,27.954999923706055,27.955299377441406,27.934999465942383,27.940000534057617,44742
2026-08-27 10:33:00-04:00,27.950000762939453,27.969999313354492,27.950000762939453,27.95800018310547,65171
2026-08-27 10:34:00-04:00,27.989999771118164,27.989999771118164,27.95009994506836,27.954999923706055,47558
2026-08-27 10:35:00-04:00,28.065000534057617,28.069700241088867,27.985000610351562,27.989999771118164,151170
2026-08-27 10:36:00-04:00,28.052099227905273,28.065000534057617,28.049999237060547,28.065000534057617,24452
2026-08-27 10:37:00-04:00,28.075000762939453,28.079999923706055,28.052099227905273,28.05500030517578,43505
2026-08-27 10:38:00-04:00,28.09000015258789,28.09000015258789,28.070199966430664,28.07270050048828,25649
2026-08-27 10:39:00-04:00,28.08449935913086,28.09000015258789,28.08009910583496,28.084999084472656,41209
2026-08-27 10:40:00-04:00,28.104999542236328,28.110000610351562,28.079999923706055,28.09000015258789,52439
2026-08-27 10:41:00-04:00,28.094999313354492,28.1200008392334,28.090099334716797,28.104999542236328,36648
2026-08-27 10:42:00-04:00,28.094999313354492,28.09749984741211,28.09000015258789,28.094999313354492,13614
2026-08-27 10:43:00-04:00,28.084999084472656,28.099300384521484,28.06999969482422,28.09000015258789,45101
2026-08-27 10:44:00-04:00,28.07379913330078,28.09000015258789,28.07379913330078,28.079999923706055,31753
2026-08-27 10:45:00-04:00,28.082599639892578,28.084999084472656,28.06999969482422,28.077999114990234,62443
2026-08-27 10:46:00-04:00,28.079999923706055,28.09000015258789,28.06999969482422,28.09000015258789,47540
2026-08-27 10:47:00-04:00,28.075000762939453,28.084999084472656,28.065000534057617,28.079999923706055,39091
2026-08-27 10:48:00-04:00,28.075000762939453,28.079999923706055,28.06999969482422,28.07200050354004,14018
2026-08-27 10:49:00-04:00,28.075000762939453,28.079999923706055,28.06999969482422,28.075000762939453,21803
2026-08-27 10:50:00-04:00,28.075000762939453,28.09000015258789,28.059999465942383,28.075000762939453,74062
2026-08-27 10:51:00-04:00,28.100000381469727,28.100000381469727,28.06999969482422,28.06999969482422,31493
2026-08-27 10:52:00-04:00,28.07200050354004,28.100000381469727,28.06999969482422,28.100000381469727,31511
2026-08-27 10:53:00-04:00,28.075000762939453,28.09000015258789,28.06999969482422,28.0762996673584,40388
2026-08-27 10:54:00-04:00,28.05500030517578,28.079999923706055,28.05500030517578,28.075000762939453,27764
2026-08-27 10:55:00-04:00,28.059999465942383,28.065000534057617,28.049999237060547,28.05500030517578,52396
2026-08-27 10:56:00-04:00,28.03499984741211,28.06999969482422,28.030000686645508,28.065000534057617,74025
2026-08-27 10:57:00-04:00,28.020000457763672,28.03499984741211,28.010000228881836,28.03499984741211,31960
2026-08-27 10:58:00-04:00,28.014999389648438,28.020000457763672,28.010000228881836,28.01930046081543,23546
2026-08-27 10:59:00-04:00,28.059999465942383,28.059999465942383,28.010000228881836,28.014999389648438,63402
2026-08-27 11:00:00-04:00,28.05500030517578,28.065000534057617,28.045000076293945,28.059999465942383,102970
2026-08-27 11:01:00-04:00,28.059900283813477,28.075000762939453,28.049999237060547,28.05500030517578,92843
2026-08-27 11:02:00-04:00,28.069499969482422,28.079999923706055,28.058000564575195,28.059999465942383,40384
2026-08-27 11:03:00-04:00,28.024999618530273,28.065000534057617,28.024999618530273,28.065000534057617,87069
2026-08-27 11:04:00-04:00,28.075000762939453,28.075000762939453,28.024999618530273,28.030000686645508,40265
2026-08-27 11:05:00-04:00,28.079999923706055,28.09000015258789,28.075000762939453,28.075000762939453,31150
2026-08-27 11:06:00-04:00,28.094999313354492,28.100000381469727,28.07200050354004,28.084999084472656,64029
2026-08-27 11:07:00-04:00,28.075000762939453,28.100000381469727,28.07200050354004,28.094999313354492,25181
2026-08-27 11:08:00-04:00,28.065000534057617,28.079999923706055,28.06049919128418,28.075000762939453,41786
2026-08-27 11:09:00-04:00,28.059999465942383,28.06999969482422,28.05500030517578,28.065000534057617,22738
2026-08-27 11:10:00-04:00,28.05500030517578,28.059999465942383,28.049999237060547,28.05500030517578,32936
2026-08-27 11:11:00-04:00,28.065000534057617,28.06999969482422,28.049999237060547,28.055099487304688,39284
2026-08-27 11:12:00-04:00,28.086299896240234,28.09000015258789,28.065000534057617,28.065000534057617,35986
2026-08-27 11:13:00-04:00,28.084999084472656,28.100000381469727,28.075000762939453,28.09000015258789,86878
2026-08-27 11:14:00-04:00,28.084999084472656,28.094999313354492,28.06999969482422,28.084999084472656,51994
2026-08-27 11:15:00-04:00,28.094999313354492,28.100000381469727,28.079999923706055,28.083499908447266,72452
2026-08-27 11:16:00-04:00,28.094999313354492,28.100000381469727,28.09000015258789,28.090099334716797,22846
2026-08-27 11:17:00-04:00,28.100000381469727,28.104999542236328,28.09000015258789,28.100000381469727,54837
2026-08-27 11:18:00-04:00,28.079999923706055,28.100000381469727,28.075000762939453,28.094999313354492,64728
2026-08-27 11:19:00-04:00,28.079999923706055,28.09000015258789,28.06999969482422,28.079999923706055,34012
2026-08-27 11:20:00-04:00,28.094999313354492,28.094999313354492,28.06999969482422,28.079999923706055,38922
2026-08-27 11:21:00-04:00,28.084999084472656,28.100000381469727,28.079999923706055,28.094999313354492,24947
2026-08-27 11:22:00-04:00,28.075000762939453,28.084999084472656,28.070100784301758,28.084999084472656,27855
2026-08-27 11:23:00-04:00,28.07229995727539,28.079999923706055,28.06999969482422,28.075000762939453,20078
2026-08-27 11:24:00-04:00,28.094999313354492,28.100000381469727,28.079999923706055,28.079999923706055,73909
2026-08-27 11:25:00-04:00,28.110000610351562,28.1200008392334,28.09000015258789,28.097078323364258,205304
2026-08-27 11:26:00-04:00,28.094999313354492,28.1200008392334,28.09000015258789,28.114999771118164,87068
2026-08-27 11:27:00-04:00,28.06999969482422,28.094999313354492,28.06999969482422,28.094999313354492,41353
2026-08-27 11:28:00-04:00,28.075000762939453,28.09000015258789,28.065000534057617,28.06999969482422,40184
2026-08-27 11:29:00-04:00,28.065000534057617,28.079999923706055,28.059999465942383,28.075000762939453,40507
2026-08-27 11:30:00-04:00,28.060100555419922,28.075000762939453,28.059999465942383,28.065000534057617,63464
2026-08-27 11:31:00-04:00,28.059999465942383,28.079999923706055,28.059999465942383,28.06999969482422,49378
2026-08-27 11:32:00-04:00,28.059999465942383,28.065099716186523,28.045000076293945,28.065000534057617,51204
2026-08-27 11:33:00-04:00,28.075000762939453,28.079999923706055,28.052000045776367,28.059999465942383,133878
2026-08-27 11:34:00-04:00,28.075000762939453,28.079999923706055,28.06999969482422,28.075000762939453,97598
2026-08-27 11:35:00-04:00,28.084999084472656,28.084999084472656,28.06999969482422,28.075000762939453,38902
2026-08-27 11:36:00-04:00,28.097999572753906,28.100000381469727,28.079999923706055,28.084999084472656,109369
2026-08-27 11:37:00-04:00,28.104999542236328,28.110000610351562,28.081899642944336,28.100000381469727,77644
2026-08-27 11:38:00-04:00,28.094999313354492,28.100000381469727,28.084999084472656,28.100000381469727,60914
2026-08-27 11:39:00-04:00,28.084999084472656,28.094999313354492,28.079999923706055,28.09000015258789,21697
2026-08-27 11:40:00-04:00,28.1023006439209,28.110000610351562,28.084999084472656,28.084999084472656,48050
2026-08-27 11:41:00-04:00,28.1200008392334,28.1299991607666,28.100000381469727,28.110000610351562,71775
2026-08-27 11:42:00-04:00,28.100000381469727,28.1200008392334,28.100000381469727,28.114999771118164,23242
2026-08-27 11:43:00-04:00,28.104999542236328,28.110000610351562,28.094999313354492,28.100000381469727,41950
2026-08-27 11:44:00-04:00,28.1200008392334,28.1200008392334,28.104999542236328,28.104999542236328,11702
2026-08-27 11:45:00-04:00,28.114999771118164,28.1200008392334,28.11009979248047,28.114999771118164,24018
2026-08-27 11:46:00-04:00,28.125,28.145000457763672,28.104999542236328,28.114999771118164,127281
2026-08-27 11:47:00-04:00,28.125,28.135000228881836,28.1200008392334,28.1299991607666,18557
2026-08-27 11:48:00-04:00,28.135000228881836,28.139999389648438,28.1200008392334,28.1200008392334,44835
2026-08-27 11:49:00-04:00,28.125,28.139999389648438,28.1200008392334,28.139999389648438,65656
2026-08-27 11:50:00-04:00,28.125,28.1299991607666,28.1200008392334,28.1200008392334,32215
2026-08-27 11:51:00-04:00,28.125,28.1299991607666,28.1200008392334,28.125,19025
2026-08-27 11:52:00-04:00,28.135000228881836,28.139999389648438,28.110000610351562,28.125,68644
2026-08-27 11:53:00-04:00,28.135000228881836,28.138599395751953,28.1299991607666,28.135000228881836,24074
2026-08-27 11:54:00-04:00,28.1200008392334,28.1299991607666,28.1200008392334,28.1299991607666,32531
2026-08-27 11:55:00-04:00,28.1200008392334,28.1299991607666,28.114999771118164,28.125,56523
2026-08-27 11:56:00-04:00,28.114999771118164,28.1200008392334,28.110000610351562,28.110000610351562,44333
2026-08-27 11:57:00-04:00,28.1299991607666,28.1299991607666,28.110000610351562,28.114999771118164,56937
2026-08-27 11:58:00-04:00,28.155000686645508,28.15999984741211,28.1200008392334,28.125,72706
2026-08-27 11:59:00-04:00,28.155000686645508,28.15999984741211,28.145000457763672,28.155000686645508,32931
2026-08-27 12:00:00-04:00,28.135000228881836,28.155000686645508,28.135000228881836,28.155000686645508,72868
2026-08-27 12:01:00-04:00,28.135000228881836,28.139999389648438,28.1200008392334,28.135000228881836,45715
2026-08-27 12:02:00-04:00,28.135000228881836,28.139999389648438,28.1200008392334,28.13010025024414,51085
2026-08-27 12:03:00-04:00,28.135000228881836,28.139999389648438,28.1299991607666,28.1299991607666,16683
2026-08-27 12:04:00-04:00,28.131099700927734,28.139999389648438,28.1299991607666,28.139999389648438,20574
2026-08-27 12:05:00-04:00,28.125,28.139999389648438,28.125,28.13010025024414,20848
2026-08-27 12:06:00-04:00,28.139999389648438,28.139999389648438,28.114999771118164,28.125,50907
2026-08-27 12:07:00-04:00,28.145000457763672,28.149999618530273,28.1299991607666,28.137500762939453,71589
2026-08-27 12:08:00-04:00,28.14069938659668,28.149999618530273,28.139999389648438,28.143964767456055,29693
2026-08-27 12:09:00-04:00,28.135000228881836,28.149999618530273,28.135000228881836,28.139999389648438,88522
2026-08-27 12:10:00-04:00,28.130699157714844,28.145000457763672,28.1299991607666,28.13010025024414,49026
2026-08-27 12:11:00-04:00,28.12220001220703,28.135000228881836,28.1200008392334,28.135000228881836,30991
2026-08-27 12:12:00-04:00,28.139999389648438,28.139999389648438,28.122499465942383,28.1299991607666,44093
2026-08-27 12:13:00-04:00,28.15999984741211,28.15999984741211,28.139999389648438,28.139999389648438,49748
2026-08-27 12:14:00-04:00,28.155000686645508,28.15999984741211,28.149999618530273,28.156299591064453,64149
2026-08-27 12:15:00-04:00,28.155000686645508,28.15999984741211,28.139999389648438,28.149999618530273,29882
2026-08-27 12:16:00-04:00,28.15999984741211,28.15999984741211,28.149999618530273,28.15999984741211,17243
2026-08-27 12:17:00-04:00,28.165000915527344,28.170000076293945,28.155000686645508,28.15999984741211,30691
2026-08-27 12:18:00-04:00,28.150100708007812,28.165000915527344,28.149999618530273,28.15999984741211,72983
2026-08-27 12:19:00-04:00,28.125621795654297,28.149999618530273,28.125,28.149999618530273,107839
2026-08-27 12:20:00-04:00,28.135000228881836,28.139999389648438,28.1299991607666,28.135000228881836,21196
2026-08-27 12:21:00-04:00,28.125,28.135000228881836,28.1200008392334,28.1299991607666,42511
2026-08-27 12:22:00-04:00,28.114999771118164,28.1299991607666,28.110000610351562,28.128999710083008,33080
2026-08-27 12:23:00-04:00,28.1200008392334,28.1200008392334,28.110000610351562,28.110000610351562,17725
2026-08-27 12:24:00-04:00,28.128000259399414,28.1299991607666,28.114999771118164,28.118000030517578,54837
2026-08-27 12:25:00-04:00,28.120100021362305,28.1299991607666,28.1200008392334,28.125,35935
2026-08-27 12:26:00-04:00,28.135000228881836,28.139999389648438,28.1200008392334,28.125,35063
2026-08-27 12:27:00-04:00,28.131999969482422,28.149999618530273,28.1299991607666,28.135000228881836,45943
2026-08-27 12:28:00-04:00,28.142000198364258,28.149999618530273,28.135000228881836,28.135000228881836,17911
2026-08-27 12:29:00-04:00,28.145000457763672,28.149999618530273,28.140100479125977,28.149999618530273,5452
2026-08-27 12:30:00-04:00,28.145000457763672,28.149999618530273,28.139999389648438,28.145000457763672,9487
2026-08-27 12:31:00-04:00,28.149999618530273,28.149999618530273,28.142099380493164,28.145000457763672,22062
2026-08-27 12:32:00-04:00,28.145099639892578,28.149999618530273,28.142099380493164,28.145000457763672,17997
2026-08-27 12:33:00-04:00,28.135000228881836,28.149999618530273,28.135000228881836,28.139999389648438,35049
2026-08-27 12:34:00-04:00,28.140100479125977,28.145000457763672,28.1299991607666,28.1299991607666,34811
2026-08-27 12:35:00-04:00,28.139999389648438,28.149999618530273,28.135000228881836,28.145000457763672,27683
2026-08-27 12:36:00-04:00,28.135000228881836,28.145000457763672,28.1299991607666,28.145000457763672,17189
2026-08-27 12:37:00-04:00,28.1200008392334,28.139999389648438,28.1200008392334,28.139999389648438,37381
2026-08-27 12:38:00-04:00,28.114999771118164,28.1299991607666,28.110000610351562,28.1299991607666,40910
2026-08-27 12:39:00-04:00,28.125,28.1299991607666,28.110000610351562,28.110000610351562,40908
2026-08-27 12:40:00-04:00,28.128000259399414,28.128000259399414,28.114999771118164,28.125,29363
2026-08-27 12:41:00-04:00,28.145000457763672,28.149999618530273,28.125,28.125,40221
2026-08-27 12:42:00-04:00,28.145000457763672,28.149999618530273,28.139999389648438,28.145000457763672,11897
2026-08-27 12:43:00-04:00,28.155000686645508,28.15999984741211,28.139999389648438,28.145099639892578,47519
2026-08-27 12:44:00-04:00,28.155000686645508,28.16572380065918,28.149999618530273,28.15999984741211,44179
2026-08-27 12:45:00-04:00,28.165000915527344,28.16990089416504,28.153900146484375,28.159900665283203,44063
2026-08-27 12:46:00-04:00,28.174999237060547,28.18000030517578,28.162500381469727,28.165000915527344,58556
2026-08-27 12:47:00-04:00,28.174999237060547,28.17970085144043,28.165000915527344,28.174999237060547,27955
2026-08-27 12:48:00-04:00,28.15999984741211,28.176799774169922,28.15999984741211,28.174999237060547,15135
2026-08-27 12:49:00-04:00,28.16080093383789,28.174999237060547,28.15999984741211,28.165000915527344,38058
2026-08-27 12:50:00-04:00,28.17329978942871,28.18000030517578,28.165000915527344,28.165000915527344,18170
2026-08-27 12:51:00-04:00,28.174999237060547,28.18000030517578,28.170000076293945,28.170000076293945,17907
2026-08-27 12:52:00-04:00,28.165000915527344,28.174999237060547,28.15999984741211,28.170000076293945,19556
2026-08-27 12:53:00-04:00,28.155000686645508,28.170000076293945,28.149999618530273,28.160999298095703,35486
2026-08-27 12:54:00-04:00,28.139999389648438,28.15999984741211,28.139999389648438,28.15999984741211,20994
2026-08-27 12:55:00-04:00,28.125,28.149999618530273,28.125,28.149999618530273,29760
2026-08-27 12:56:00-04:00,28.1200008392334,28.1299991607666,28.1200008392334,28.125,13605
2026-08-27 12:57:00-04:00,28.1200008392334,28.1299991607666,28.1200008392334,28.1299991607666,43064
2026-08-27 12:58:00-04:00,28.135000228881836,28.139999389648438,28.1200008392334,28.125,69913
2026-08-27 12:59:00-04:00,28.131999969482422,28.13610076904297,28.1299991607666,28.135000228881836,23649
2026-08-27 13:00:00-04:00,28.109899520874023,28.1299991607666,28.100000381469727,28.1299991607666,65282
2026-08-27 13:01:00-04:00,28.075000762939453,28.110000610351562,28.07200050354004,28.104999542236328,45086
2026-08-27 13:02:00-04:00,28.079299926757812,28.079999923706055,28.06999969482422,28.06999969482422,16631
2026-08-27 13:03:00-04:00,28.075000762939453,28.079999923706055,28.06999969482422,28.075000762939453,28716
2026-08-27 13:04:00-04:00,28.075000762939453,28.079999923706055,28.06999969482422,28.07229995727539,18528
2026-08-27 13:05:00-04:00,28.125,28.139999389648438,28.065000534057617,28.06999969482422,217341
2026-08-27 13:06:00-04:00,28.104999542236328,28.12857437133789,28.104999542236328,28.1200008392334,24983
2026-08-27 13:07:00-04:00,28.104272842407227,28.110000610351562,28.100000381469727,28.104999542236328,24780
2026-08-27 13:08:00-04:00,28.114999771118164,28.1200008392334,28.094999313354492,28.100000381469727,44597
2026-08-27 13:09:00-04:00,28.117599487304688,28.1200008392334,28.104999542236328,28.1200008392334,37561
2026-08-27 13:10:00-04:00,28.125,28.125,28.110000610351562,28.114999771118164,26535
2026-08-27 13:11:00-04:00,28.125,28.1299991607666,28.1200008392334,28.125,29534
2026-08-27 13:12:00-04:00,28.125,28.1299991607666,28.114999771118164,28.1200008392334,32551
2026-08-27 13:13:00-04:00,28.1299991607666,28.139999389648438,28.1200008392334,28.125,35458
2026-08-27 13:14:00-04:00,28.132400512695312,28.135000228881836,28.125,28.125,30795
2026-08-27 13:15:00-04:00,28.149999618530273,28.149999618530273,28.125,28.1299991607666,53063
2026-08-27 13:16:00-04:00,28.145000457763672,28.145000457763672,28.1299991607666,28.139999389648438,50885
2026-08-27 13:17:00-04:00,28.145000457763672,28.149999618530273,28.135000228881836,28.142099380493164,45897
2026-08-27 13:18:00-04:00,28.145000457763672,28.149999618530273,28.139999389648438,28.139999389648438,27262
2026-08-27 13:19:00-04:00,28.145000457763672,28.149999618530273,28.139999389648438,28.145000457763672,19422
2026-08-27 13:20:00-04:00,28.13990020751953,28.147899627685547,28.1299991607666,28.145000457763672,38310
2026-08-27 13:21:00-04:00,28.139999389648438,28.139999389648438,28.1299991607666,28.135000228881836,29090
2026-08-27 13:22:00-04:00,28.135000228881836,28.139999389648438,28.1299991607666,28.135000228881836,17281
2026-08-27 13:23:00-04:00,28.1299991607666,28.138568878173828,28.125,28.131999969482422,51537
2026-08-27 13:24:00-04:00,28.135000228881836,28.135000228881836,28.125,28.125,15024
2026-08-27 13:25:00-04:00,28.14929962158203,28.149999618530273,28.135000228881836,28.139999389648438,20713
2026-08-27 13:26:00-04:00,28.145000457763672,28.149999618530273,28.139999389648438,28.145000457763672,7464
2026-08-27 13:27:00-04:00,28.139999389648438,28.149999618530273,28.139999389648438,28.145000457763672,12553
2026-08-27 13:28:00-04:00,28.15999984741211,28.15999984741211,28.14229965209961,28.149999618530273,33132
2026-08-27 13:29:00-04:00,28.139999389648438,28.15999984741211,28.139999389648438,28.15999984741211,38850
2026-08-27 13:30:00-04:00,28.145099639892578,28.149999618530273,28.139999389648438,28.145000457763672,11292
2026-08-27 13:31:00-04:00,28.145000457763672,28.149999618530273,28.135000228881836,28.145000457763672,40321
2026-08-27 13:32:00-04:00,28.139999389648438,28.149999618530273,28.135000228881836,28.139999389648438,30859
2026-08-27 13:33:00-04:00,28.145000457763672,28.149999618530273,28.139999389648438,28.145000457763672,11155
2026-08-27 13:34:00-04:00,28.145599365234375,28.149999618530273,28.139999389648438,28.145000457763672,9807
2026-08-27 13:35:00-04:00,28.145000457763672,28.149999618530273,28.141399383544922,28.145000457763672,10850
2026-08-27 13:36:00-04:00,28.145000457763672,28.149999618530273,28.139999389648438,28.139999389648438,23614
2026-08-27 13:37:00-04:00,28.139999389648438,28.149999618530273,28.139999389648438,28.139999389648438,12825
2026-08-27 13:38:00-04:00,28.135000228881836,28.139999389648438,28.135000228881836,28.139999389648438,38653
2026-08-27 13:39:00-04:00,28.155000686645508,28.155000686645508,28.135000228881836,28.135000228881836,29764
2026-08-27 13:40:00-04:00,28.165000915527344,28.170000076293945,28.149999618530273,28.155799865722656,69522
2026-08-27 13:41:00-04:00,28.174999237060547,28.18000030517578,28.15999984741211,28.165000915527344,37680
2026-08-27 13:42:00-04:00,28.165000915527344,28.170000076293945,28.15999984741211,28.170000076293945,14619
2026-08-27 13:43:00-04:00,28.155399322509766,28.165000915527344,28.149999618530273,28.165000915527344,14121
2026-08-27 13:44:00-04:00,28.145000457763672,28.15999984741211,28.139999389648438,28.155000686645508,53302
2026-08-27 13:45:00-04:00,28.145000457763672,28.149999618530273,28.139999389648438,28.145000457763672,12503
2026-08-27 13:46:00-04:00,28.155000686645508,28.15999984741211,28.139999389648438,28.149999618530273,28459
2026-08-27 13:47:00-04:00,28.155000686645508,28.15999984741211,28.139999389648438,28.15999984741211,44475
2026-08-27 13:48:00-04:00,28.155000686645508,28.15999984741211,28.149999618530273,28.155000686645508,17472
2026-08-27 13:49:00-04:00,28.15999984741211,28.15999984741211,28.149999618530273,28.155000686645508,7691
2026-08-27 13:50:00-04:00,28.145000457763672,28.15999984741211,28.145000457763672,28.155000686645508,39739
2026-08-27 13:51:00-04:00,28.145000457763672,28.145099639892578,28.139999389648438,28.145000457763672,10170
2026-08-27 13:52:00-04:00,28.145000457763672,28.149999618530273,28.139999389648438,28.145000457763672,6660
2026-08-27 13:53:00-04:00,28.135000228881836,28.149999618530273,28.1299991607666,28.145000457763672,25261
2026-08-27 13:54:00-04:00,28.130300521850586,28.139999389648438,28.1299991607666,28.135000228881836,8632
2026-08-27 13:55:00-04:00,28.1299991607666,28.139999389648438,28.1200008392334,28.135000228881836,38132
2026-08-27 13:56:00-04:00,28.114999771118164,28.1299991607666,28.110000610351562,28.125,38890
2026-08-27 13:57:00-04:00,28.114999771118164,28.1299991607666,28.110000610351562,28.114999771118164,126660
2026-08-27 13:58:00-04:00,28.114999771118164,28.1200008392334,28.110000610351562,28.114999771118164,8195
2026-08-27 13:59:00-04:00,28.114999771118164,28.11989974975586,28.100000381469727,28.110000610351562,38266
2026-08-27 14:00:00-04:00,28.114999771118164,28.12660026550293,28.100000381469727,28.114999771118164,39796
2026-08-27 14:01:00-04:00,28.100000381469727,28.114999771118164,28.09000015258789,28.110000610351562,74187
2026-08-27 14:02:00-04:00,28.100000381469727,28.118000030517578,28.093799591064453,28.100000381469727,95158
2026-08-27 14:03:00-04:00,28.094999313354492,28.104999542236328,28.09000015258789,28.100000381469727,68792
2026-08-27 14:04:00-04:00,28.094999313354492,28.104999542236328,28.084999084472656,28.094999313354492,56453
2026-08-27 14:05:00-04:00,28.094999313354492,28.100000381469727,28.084999084472656,28.09000015258789,26131
2026-08-27 14:06:00-04:00,28.094999313354492,28.100000381469727,28.09000015258789,28.094999313354492,13242
2026-08-27 14:07:00-04:00,28.094999313354492,28.100000381469727,28.084199905395508,28.09000015258789,31863
2026-08-27 14:08:00-04:00,28.094999313354492,28.100000381469727,28.09000015258789,28.09000015258789,11489
2026-08-27 14:09:00-04:00,28.101999282836914,28.104999542236328,28.094999313354492,28.094999313354492,27872
2026-08-27 14:10:00-04:00,28.094999313354492,28.110000610351562,28.094999313354492,28.100000381469727,53372
2026-08-27 14:11:00-04:00,28.100000381469727,28.100000381469727,28.090999603271484,28.094999313354492,15177
2026-08-27 14:12:00-04:00,28.104999542236328,28.110000610351562,28.100000381469727,28.100000381469727,23913
2026-08-27 14:13:00-04:00,28.110000610351562,28.110000610351562,28.100000381469727,28.110000610351562,22788
2026-08-27 14:14:00-04:00,28.104999542236328,28.110000610351562,28.100000381469727,28.110000610351562,8013
2026-08-27 14:15:00-04:00,28.107999801635742,28.110000610351562,28.100000381469727,28.110000610351562,11046
2026-08-27 14:16:00-04:00,28.104000091552734,28.110000610351562,28.100000381469727,28.104999542236328,10610
2026-08-27 14:17:00-04:00,28.09309959411621,28.110000610351562,28.09000015258789,28.100000381469727,48033
2026-08-27 14:18:00-04:00,28.094999313354492,28.100000381469727,28.08009910583496,28.09000015258789,27719
2026-08-27 14:19:00-04:00,28.09000015258789,28.104999542236328,28.09000015258789,28.094999313354492,36718
2026-08-27 14:20:00-04:00,28.084999084472656,28.09000015258789,28.082000732421875,28.09000015258789,35262
2026-08-27 14:21:00-04:00,28.094999313354492,28.094999313354492,28.079999923706055,28.084999084472656,34921
2026-08-27 14:22:00-04:00,28.084999084472656,28.09000015258789,28.079999923706055,28.09000015258789,81146
2026-08-27 14:23:00-04:00,28.084999084472656,28.09000015258789,28.079999923706055,28.084999084472656,23239
2026-08-27 14:24:00-04:00,28.099199295043945,28.100000381469727,28.084999084472656,28.09000015258789,21735
2026-08-27 14:25:00-04:00,28.094999313354492,28.100000381469727,28.09000015258789,28.094999313354492,19875
2026-08-27 14:26:00-04:00,28.084999084472656,28.094999313354492,28.079999923706055,28.094999313354492,30562
2026-08-27 14:27:00-04:00,28.066299438476562,28.079999923706055,28.059999465942383,28.079999923706055,46091
2026-08-27 14:28:00-04:00,28.065000534057617,28.06999969482422,28.059999465942383,28.065000534057617,34881
2026-08-27 14:29:00-04:00,28.075000762939453,28.079999923706055,28.065000534057617,28.06999969482422,39147
2026-08-27 14:30:00-04:00,28.08060073852539,28.09000015258789,28.06999969482422,28.079999923706055,30284
2026-08-27 14:31:00-04:00,28.07360076904297,28.079999923706055,28.07360076904297,28.079999923706055,37873
2026-08-27 14:32:00-04:00,28.065000534057617,28.079999923706055,28.060100555419922,28.079999923706055,45054
2026-08-27 14:33:00-04:00,28.065000534057617,28.06999969482422,28.059999465942383,28.065000534057617,31596
2026-08-27 14:34:00-04:00,28.05500030517578,28.06999969482422,28.049999237060547,28.06999969482422,44362
2026-08-27 14:35:00-04:00,28.065000534057617,28.06999969482422,28.049999237060547,28.05500030517578,29070
2026-08-27 14:36:00-04:00,28.049999237060547,28.06999969482422,28.049999237060547,28.059999465942383,33437
2026-08-27 14:37:00-04:00,28.040000915527344,28.059999465942383,28.040000915527344,28.059999465942383,27644
2026-08-27 14:38:00-04:00,28.05500030517578,28.059999465942383,28.040000915527344,28.040000915527344,27329
2026-08-27 14:39:00-04:00,28.04990005493164,28.059900283813477,28.040000915527344,28.049999237060547,28780
2026-08-27 14:40:00-04:00,28.049999237060547,28.049999237060547,28.040000915527344,28.045000076293945,11373
2026-08-27 14:41:00-04:00,28.045000076293945,28.049999237060547,28.030000686645508,28.040000915527344,33535
2026-08-27 14:42:00-04:00,28.040000915527344,28.059999465942383,28.040000915527344,28.045000076293945,29261
2026-08-27 14:43:00-04:00,28.03499984741211,28.040000915527344,28.03499984741211,28.040000915527344,26904
2026-08-27 14:44:00-04:00,28.03499984741211,28.040000915527344,28.030000686645508,28.040000915527344,17166
2026-08-27 14:45:00-04:00,28.045000076293945,28.049999237060547,28.030099868774414,28.040000915527344,41494
2026-08-27 14:46:00-04:00,28.044700622558594,28.045000076293945,28.031999588012695,28.040000915527344,36013
2026-08-27 14:47:00-04:00,28.045000076293945,28.049999237060547,28.040000915527344,28.045000076293945,19020
2026-08-27 14:48:00-04:00,28.045000076293945,28.049999237060547,28.040000915527344,28.049999237060547,11245
2026-08-27 14:49:00-04:00,28.03499984741211,28.049999237060547,28.030000686645508,28.040000915527344,31972
2026-08-27 14:50:00-04:00,28.024999618530273,28.040000915527344,28.024900436401367,28.03499984741211,30177
2026-08-27 14:51:00-04:00,28.03499984741211,28.040000915527344,28.020000457763672,28.02630043029785,40033
2026-08-27 14:52:00-04:00,28.030000686645508,28.040000915527344,28.030000686645508,28.030000686645508,16194
2026-08-27 14:53:00-04:00,28.020000457763672,28.03499984741211,28.020000457763672,28.03499984741211,25549
2026-08-27 14:54:00-04:00,28.024999618530273,28.030000686645508,28.020000457763672,28.030000686645508,18729
2026-08-27 14:55:00-04:00,28.020000457763672,28.030000686645508,28.010000228881836,28.024999618530273,41312
2026-08-27 14:56:00-04:00,28.020000457763672,28.030000686645508,28.020000457763672,28.030000686645508,38367
2026-08-27 14:57:00-04:00,28.03499984741211,28.040000915527344,28.014999389648438,28.020000457763672,68387
2026-08-27 14:58:00-04:00,28.03499984741211,28.040000915527344,28.020000457763672,28.03499984741211,28859
2026-08-27 14:59:00-04:00,28.03499984741211,28.03809928894043,28.030000686645508,28.03499984741211,8414
2026-08-27 15:00:00-04:00,28.024999618530273,28.049100875854492,28.024999618530273,28.031999588012695,47539
2026-08-27 15:01:00-04:00,28.024999618530273,28.030000686645508,28.020000457763672,28.020000457763672,19609
2026-08-27 15:02:00-04:00,27.985000610351562,28.030000686645508,27.985000610351562,28.024999618530273,68550
2026-08-27 15:03:00-04:00,28.010000228881836,28.010000228881836,27.979999542236328,27.987699508666992,61026
2026-08-27 15:04:00-04:00,28.0049991607666,28.014999389648438,28.0,28.0049991607666,29369
2026-08-27 15:05:00-04:00,28.002099990844727,28.014999389648438,28.0,28.010000228881836,35714
2026-08-27 15:06:00-04:00,27.9950008392334,28.010000228881836,27.9950008392334,28.0049991607666,31974
2026-08-27 15:07:00-04:00,27.985000610351562,28.0,27.985000610351562,27.9950008392334,29389
2026-08-27 15:08:00-04:00,27.9950008392334,28.0,27.979999542236328,27.98509979248047,31936
2026-08-27 15:09:00-04:00,27.989999771118164,28.0,27.989999771118164,27.9950008392334,19728
2026-08-27 15:10:00-04:00,28.0049991607666,28.010000228881836,27.989999771118164,28.0,43766
2026-08-27 15:11:00-04:00,27.989999771118164,28.009899139404297,27.989999771118164,28.0049991607666,20724
2026-08-27 15:12:00-04:00,27.989999771118164,28.0,27.985000610351562,27.9950008392334,48202
2026-08-27 15:13:00-04:00,28.0049991607666,28.0049991607666,27.985000610351562,27.985000610351562,45361
2026-08-27 15:14:00-04:00,28.0049991607666,28.010000228881836,28.0,28.0049991607666,17038
2026-08-27 15:15:00-04:00,28.0049991607666,28.010000228881836,28.0,28.0049991607666,13309
2026-08-27 15:16:00-04:00,27.979999542236328,28.010000228881836,27.979999542236328,28.0,36806
2026-08-27 15:17:00-04:00,27.989999771118164,27.989999771118164,27.969999313354492,27.985000610351562,54436
2026-08-27 15:18:00-04:00,27.980499267578125,27.989999771118164,27.979999542236328,27.985000610351562,19543
2026-08-27 15:19:00-04:00,27.980100631713867,27.989999771118164,27.979999542236328,27.980199813842773,15773
2026-08-27 15:20:00-04:00,27.975000381469727,27.989999771118164,27.969999313354492,27.979999542236328,42221
2026-08-27 15:21:00-04:00,27.954999923706055,27.979999542236328,27.954999923706055,27.975000381469727,87373
2026-08-27 15:22:00-04:00,27.934999465942383,27.959999084472656,27.93000030517578,27.950000762939453,76388
2026-08-27 15:23:00-04:00,27.924999237060547,27.934999465942383,27.920000076293945,27.93000030517578,93964
2026-08-27 15:24:00-04:00,27.915000915527344,27.93000030517578,27.905000686645508,27.924999237060547,82112
2026-08-27 15:25:00-04:00,27.915000915527344,27.920000076293945,27.905000686645508,27.915000915527344,30539
2026-08-27 15:26:00-04:00,27.924999237060547,27.924999237060547,27.90999984741211,27.915000915527344,38291
2026-08-27 15:27:00-04:00,27.924999237060547,27.93000030517578,27.90999984741211,27.920000076293945,42434
2026-08-27 15:28:00-04:00,27.924999237060547,27.93000030517578,27.920000076293945,27.924999237060547,40332
2026-08-27 15:29:00-04:00,27.90999984741211,27.93000030517578,27.899999618530273,27.920000076293945,285755
2026-08-27 15:30:00-04:00,27.924999237060547,27.924999237060547,27.90999984741211,27.915000915527344,83602
2026-08-27 15:31:00-04:00,27.954999923706055,27.954999923706055,27.920000076293945,27.924999237060547,51944
2026-08-27 15:32:00-04:00,27.954999923706055,27.969999313354492,27.950000762939453,27.954999923706055,64819
2026-08-27 15:33:00-04:00,27.96500015258789,27.969999313354492,27.950000762939453,27.950000762939453,36278
2026-08-27 15:34:00-04:00,27.969999313354492,27.969999313354492,27.950000762939453,27.96500015258789,69951
2026-08-27 15:35:00-04:00,27.975000381469727,27.979999542236328,27.96500015258789,27.96500015258789,64531
2026-08-27 15:36:00-04:00,27.96500015258789,27.979999542236328,27.959999084472656,27.975000381469727,54045
2026-08-27 15:37:00-04:00,27.96500015258789,27.979999542236328,27.959999084472656,27.969999313354492,106385
2026-08-27 15:38:00-04:00,27.959999084472656,27.969999313354492,27.959999084472656,27.962400436401367,15182
2026-08-27 15:39:00-04:00,27.954999923706055,27.96500015258789,27.940000534057617,27.959999084472656,85208
2026-08-27 15:40:00-04:00,27.959999084472656,27.96500015258789,27.950000762939453,27.954999923706055,76718
2026-08-27 15:41:00-04:00,27.96500015258789,27.969999313354492,27.959999084472656,27.969999313354492,22861
2026-08-27 15:42:00-04:00,27.96500015258789,27.969999313354492,27.959999084472656,27.96500015258789,74198
2026-08-27 15:43:00-04:00,27.979999542236328,27.979999542236328,27.954999923706055,27.959999084472656,97771
2026-08-27 15:44:00-04:00,27.97439956665039,27.979999542236328,27.969999313354492,27.979999542236328,61768
2026-08-27 15:45:00-04:00,27.985000610351562,28.0,27.975000381469727,27.979999542236328,111663
2026-08-27 15:46:00-04:00,27.999300003051758,28.0,27.989299774169922,27.989999771118164,46144
2026-08-27 15:47:00-04:00,28.0049991607666,28.010000228881836,27.989999771118164,28.0,56063
2026-08-27 15:48:00-04:00,27.9950008392334,28.010000228881836,27.989999771118164,28.0049991607666,136004
2026-08-27 15:49:00-04:00,27.989999771118164,28.014999389648438,27.979999542236328,27.9950008392334,109034
2026-08-27 15:50:00-04:00,27.969999313354492,28.0049991607666,27.969999313354492,27.9950008392334,144985
2026-08-27 15:51:00-04:00,27.96500015258789,27.979999542236328,27.950000762939453,27.975000381469727,143127
2026-08-27 15:52:00-04:00,27.954999923706055,27.969999313354492,27.950000762939453,27.959999084472656,80693
2026-08-27 15:53:00-04:00,27.94499969482422,27.95599937438965,27.934999465942383,27.950000762939453,94097
2026-08-27 15:54:00-04:00,27.975000381469727,27.985000610351562,27.94499969482422,27.94499969482422,128589
2026-08-27 15:55:00-04:00,28.0,28.014999389648438,27.96500015258789,27.969999313354492,369813
2026-08-27 15:56:00-04:00,28.014999389648438,28.040000915527344,28.0,28.0049991607666,246330
2026-08-27 15:57:00-04:00,27.985000610351562,28.030000686645508,27.979999542236328,28.020000457763672,252001
2026-08-27 15:58:00-04:00,28.0049991607666,28.010000228881836,27.985000610351562,27.985000610351562,370802
2026-08-27 15:59:00-04:00,28.0049991607666,28.020000457763672,28.0,28.0049991607666,502881
2026-08-28 09:30:00-04:00,27.924999237060547,28.0,27.889999389648438,28.0,1069648
2026-08-28 09:31:00-04:00,27.899999618530273,27.979999542236328,27.889999389648438,27.93000030517578,124361
2026-08-28 09:32:00-04:00,27.959999084472656,27.975000381469727,27.90999984741211,27.90999984741211,150178
2026-08-28 09:33:00-04:00,27.940000534057617,27.989999771118164,27.920000076293945,27.979999542236328,43461
2026-08-28 09:34:00-04:00,27.93000030517578,27.985000610351562,27.93000030517578,27.940000534057617,41336
2026-08-28 09:35:00-04:00,27.924999237060547,27.94499969482422,27.899999618530273,27.93000030517578,134212
2026-08-28 09:36:00-04:00,27.905000686645508,27.94499969482422,27.905000686645508,27.920000076293945,77687
2026-08-28 09:37:00-04:00,27.94499969482422,27.950000762939453,27.899999618530273,27.905000686645508,74894
2026-08-28 09:38:00-04:00,27.929500579833984,27.959999084472656,27.92009925842285,27.94499969482422,40173
2026-08-28 09:39:00-04:00,27.889999389648438,27.94499969482422,27.8799991607666,27.93000030517578,93255
2026-08-28 09:40:00-04:00,27.905000686645508,27.915000915527344,27.875,27.903024673461914,76956
2026-08-28 09:41:00-04:00,27.885000228881836,27.920000076293945,27.885000228881836,27.905000686645508,58462
2026-08-28 09:42:00-04:00,27.889999389648438,27.899999618530273,27.8700008392334,27.885000228881836,71981
2026-08-28 09:43:00-04:00,27.885000228881836,27.905000686645508,27.860000610351562,27.889999389648438,49221
2026-08-28 09:44:00-04:00,27.915000915527344,27.920000076293945,27.889999389648438,27.889999389648438,62944
2026-08-28 09:45:00-04:00,27.915000915527344,27.93000030517578,27.899999618530273,27.915000915527344,67410
2026-08-28 09:46:00-04:00,27.94499969482422,27.954999923706055,27.90999984741211,27.915000915527344,44457
2026-08-28 09:47:00-04:00,27.93000030517578,27.947500228881836,27.90999984741211,27.943405151367188,42379
2026-08-28 09:48:00-04:00,27.94499969482422,27.96500015258789,27.920000076293945,27.924999237060547,166518
2026-08-28 09:49:00-04:00,27.979999542236328,27.985000610351562,27.940000534057617,27.94499969482422,87143
2026-08-28 09:50:00-04:00,27.954999923706055,27.989999771118164,27.950000762939453,27.989999771118164,73782
2026-08-28 09:51:00-04:00,27.962099075317383,27.975000381469727,27.950000762939453,27.959999084472656,52875
2026-08-28 09:52:00-04:00,27.975000381469727,27.979999542236328,27.940000534057617,27.959999084472656,31766
2026-08-28 09:53:00-04:00,27.94499969482422,27.975000381469727,27.940000534057617,27.969999313354492,50453
2026-08-28 09:54:00-04:00,27.985000610351562,27.9950008392334,27.940000534057617,27.950000762939453,55078
2026-08-28 09:55:00-04:00,27.985000610351562,27.989999771118164,27.979999542236328,27.98200035095215,16603
2026-08-28 09:56:00-04:00,27.969999313354492,27.9906005859375,27.969999313354492,27.989999771118164,74674
2026-08-28 09:57:00-04:00,27.985000610351562,27.989999771118164,27.969999313354492,27.975000381469727,16013
2026-08-28 09:58:00-04:00,27.975000381469727,27.9950008392334,27.975000381469727,27.985000610351562,22964
2026-08-28 09:59:00-04:00,27.969999313354492,27.975000381469727,27.950000762939453,27.975000381469727,27686
2026-08-28 10:00:00-04:00,27.980100631713867,27.996400833129883,27.969999313354492,27.969999313354492,43117
2026-08-28 10:01:00-04:00,27.985000610351562,28.0,27.969999313354492,27.989999771118164,80239
2026-08-28 10:02:00-04:00,27.9950008392334,28.010000228881836,27.979999542236328,27.989999771118164,114243
2026-08-28 10:03:00-04:00,27.975000381469727,27.9950008392334,27.969999313354492,27.9950008392334,86519
2026-08-28 10:04:00-04:00,27.972000122070312,27.979999542236328,27.959999084472656,27.969999313354492,38647
2026-08-28 10:05:00-04:00,27.96500015258789,27.979999542236328,27.940000534057617,27.975000381469727,57591
2026-08-28 10:06:00-04:00,27.934999465942383,27.969999313354492,27.934999465942383,27.969999313354492,36096
2026-08-28 10:07:00-04:00,27.95400047302246,27.959999084472656,27.93000030517578,27.934999465942383,60577
2026-08-28 10:08:00-04:00,27.947999954223633,27.96500015258789,27.941499710083008,27.953800201416016,22629
2026-08-28 10:09:00-04:00,27.94499969482422,27.959999084472656,27.93000030517578,27.94499969482422,42967
2026-08-28 10:10:00-04:00,27.959999084472656,27.959999084472656,27.940000534057617,27.94499969482422,31055
2026-08-28 10:11:00-04:00,27.950000762939453,27.966999053955078,27.94499969482422,27.966999053955078,25187
2026-08-28 10:12:00-04:00,27.975000381469727,27.975000381469727,27.940000534057617,27.950000762939453,27303
2026-08-28 10:13:00-04:00,27.975000381469727,27.979999542236328,27.969999313354492,27.969999313354492,20147
2026-08-28 10:14:00-04:00,27.959999084472656,27.989999771118164,27.959999084472656,27.975000381469727,33123
2026-08-28 10:15:00-04:00,27.975000381469727,27.989999771118164,27.959999084472656,27.96500015258789,31587
2026-08-28 10:16:00-04:00,27.985000610351562,27.989999771118164,27.969999313354492,27.979999542236328,24779
2026-08-28 10:17:00-04:00,27.985000610351562,27.989999771118164,27.979999542236328,27.985000610351562,19365
2026-08-28 10:18:00-04:00,28.010000228881836,28.014999389648438,27.979999542236328,27.985000610351562,63614
2026-08-28 10:19:00-04:00,27.9950008392334,28.020000457763672,27.989999771118164,28.020000457763672,25685
2026-08-28 10:20:00-04:00,27.979999542236328,27.99880027770996,27.970199584960938,27.9950008392334,25376
2026-08-28 10:21:00-04:00,27.96500015258789,27.979999542236328,27.950000762939453,27.975000381469727,52662
2026-08-28 10:22:00-04:00,27.924999237060547,27.969900131225586,27.920000076293945,27.962099075317383,48437
2026-08-28 10:23:00-04:00,27.940000534057617,27.959999084472656,27.920000076293945,27.924999237060547,29969
2026-08-28 10:24:00-04:00,27.95989990234375,27.95989990234375,27.920000076293945,27.940000534057617,41767
2026-08-28 10:25:00-04:00,27.934999465942383,27.954999923706055,27.93000030517578,27.954999923706055,16557
2026-08-28 10:26:00-04:00,27.934999465942383,27.950000762939453,27.93000030517578,27.934999465942383,34267
2026-08-28 10:27:00-04:00,27.899999618530273,27.940000534057617,27.899999618530273,27.93000030517578,98844
2026-08-28 10:28:00-04:00,27.885000228881836,27.905000686645508,27.8700008392334,27.905000686645508,50446
2026-08-28 10:29:00-04:00,27.8863525390625,27.895999908447266,27.8700008392334,27.889999389648438,81153
2026-08-28 10:30:00-04:00,27.905000686645508,27.90999984741211,27.889999389648438,27.889999389648438,25121
2026-08-28 10:31:00-04:00,27.902000427246094,27.915000915527344,27.899999618530273,27.905000686645508,63386
2026-08-28 10:32:00-04:00,27.93000030517578,27.93000030517578,27.90060043334961,27.905000686645508,30345
2026-08-28 10:33:00-04:00,27.934999465942383,27.94499969482422,27.920000076293945,27.934999465942383,37005
2026-08-28 10:34:00-04:00,27.934999465942383,27.945999145507812,27.93000030517578,27.93939971923828,26810
2026-08-28 10:35:00-04:00,27.96500015258789,27.96500015258789,27.940000534057617,27.940000534057617,51458
2026-08-28 10:36:00-04:00,27.954999923706055,27.966299057006836,27.950000762939453,27.966299057006836,20480
2026-08-28 10:37:00-04:00,27.93000030517578,27.954999923706055,27.920000076293945,27.950000762939453,52201
2026-08-28 10:38:00-04:00,27.934999465942383,27.940000534057617,27.922000885009766,27.934999465942383,29582
2026-08-28 10:39:00-04:00,27.929899215698242,27.950000762939453,27.9242000579834,27.934999465942383,23534
2026-08-28 10:40:00-04:00,27.915000915527344,27.93000030517578,27.90999984741211,27.920000076293945,20796
2026-08-28 10:41:00-04:00,27.924999237060547,27.93000030517578,27.90999984741211,27.915000915527344,24391
2026-08-28 10:42:00-04:00,27.920000076293945,27.93000030517578,27.91200065612793,27.93000030517578,10517
2026-08-28 10:43:00-04:00,27.905000686645508,27.915000915527344,27.899999618530273,27.91200065612793,25762
2026-08-28 10:44:00-04:00,27.895000457763672,27.90440559387207,27.885000228881836,27.90440559387207,48874
2026-08-28 10:45:00-04:00,27.895000457763672,27.899999618530273,27.889999389648438,27.895000457763672,13255
2026-08-28 10:46:00-04:00,27.885000228881836,27.899999618530273,27.8799991607666,27.89069938659668,59726
2026-08-28 10:47:00-04:00,27.885000228881836,27.899999618530273,27.850000381469727,27.8799991607666,367631
2026-08-28 10:48:00-04:00,27.854999542236328,27.885000228881836,27.852800369262695,27.885000228881836,18033
2026-08-28 10:49:00-04:00,27.864999771118164,27.8700008392334,27.850000381469727,27.854999542236328,14852
2026-08-28 10:50:00-04:00,27.81100082397461,27.8700008392334,27.809999465942383,27.864999771118164,95527
2026-08-28 10:51:00-04:00,27.815000534057617,27.829999923706055,27.809999465942383,27.815000534057617,46004
2026-08-28 10:52:00-04:00,27.836599349975586,27.838600158691406,27.809999465942383,27.815000534057617,74890
2026-08-28 10:53:00-04:00,27.841400146484375,27.844999313354492,27.829999923706055,27.84000015258789,22365
2026-08-28 10:54:00-04:00,27.84000015258789,27.850000381469727,27.81999969482422,27.844999313354492,48113
2026-08-28 10:55:00-04:00,27.837600708007812,27.850000381469727,27.834999084472656,27.850000381469727,23672
2026-08-28 10:56:00-04:00,27.859899520874023,27.864999771118164,27.829999923706055,27.834999084472656,37095
2026-08-28 10:57:00-04:00,27.8700008392334,27.8799991607666,27.860000610351562,27.860000610351562,25265
2026-08-28 10:58:00-04:00,27.864999771118164,27.8799991607666,27.864999771118164,27.875,17139
2026-08-28 10:59:00-04:00,27.875,27.8799991607666,27.860000610351562,27.864999771118164,47225
2026-08-28 11:00:00-04:00,27.8799991607666,27.889999389648438,27.8700008392334,27.875,47319
2026-08-28 11:01:00-04:00,27.885000228881836,27.889999389648438,27.8799991607666,27.885000228881836,24605
2026-08-28 11:02:00-04:00,27.875,27.889999389648438,27.860000610351562,27.885000228881836,56149
2026-08-28 11:03:00-04:00,27.8799991607666,27.8799991607666,27.8700008392334,27.875,54577
2026-08-28 11:04:00-04:00,27.854999542236328,27.8799991607666,27.850000381469727,27.8700008392334,19890
2026-08-28 11:05:00-04:00,27.844999313354492,27.860000610351562,27.829999923706055,27.854999542236328,47303
2026-08-28 11:06:00-04:00,27.844999313354492,27.850000381469727,27.834999084472656,27.850000381469727,20158
2026-08-28 11:07:00-04:00,27.860000610351562,27.860000610351562,27.825000762939453,27.844999313354492,33346
2026-08-28 11:08:00-04:00,27.851999282836914,27.8700008392334,27.84000015258789,27.860000610351562,27506
2026-08-28 11:09:00-04:00,27.8705997467041,27.8799991607666,27.860000610351562,27.860000610351562,58583
2026-08-28 11:10:00-04:00,27.910499572753906,27.920000076293945,27.8700008392334,27.8700008392334,60909
2026-08-28 11:11:00-04:00,27.954999923706055,27.959999084472656,27.915000915527344,27.915000915527344,41145
2026-08-28 11:12:00-04:00,27.934999465942383,27.959999084472656,27.93000030517578,27.954999923706055,36145
2026-08-28 11:13:00-04:00,27.900100708007812,27.934999465942383,27.899999618530273,27.93000030517578,106888
2026-08-28 11:14:00-04:00,27.905000686645508,27.90999984741211,27.889999389648438,27.899999618530273,33725
2026-08-28 11:15:00-04:00,27.88800048828125,27.905000686645508,27.88800048828125,27.899999618530273,35898
2026-08-28 11:16:00-04:00,27.90999984741211,27.90999984741211,27.8799991607666,27.889999389648438,32901
2026-08-28 11:17:00-04:00,27.915000915527344,27.915000915527344,27.889999389648438,27.90999984741211,38243
2026-08-28 11:18:00-04:00,27.94499969482422,27.950000762939453,27.915000915527344,27.915000915527344,68875
2026-08-28 11:19:00-04:00,27.94499969482422,27.94499969482422,27.93199920654297,27.94499969482422,32873
2026-08-28 11:20:00-04:00,27.95009994506836,27.96500015258789,27.950000762939453,27.950000762939453,52166
2026-08-28 11:21:00-04:00,27.954999923706055,27.959999084472656,27.950000762939453,27.954999923706055,27989
2026-08-28 11:22:00-04:00,27.954999923706055,27.96500015258789,27.95199966430664,27.954999923706055,34445
2026-08-28 11:23:00-04:00,27.94499969482422,27.979999542236328,27.940000534057617,27.954999923706055,252556
2026-08-28 11:24:00-04:00,27.93000030517578,27.94569969177246,27.93000030517578,27.94499969482422,25145
2026-08-28 11:25:00-04:00,27.940000534057617,27.94499969482422,27.93000030517578,27.934999465942383,40709
2026-08-28 11:26:00-04:00,27.969999313354492,27.969999313354492,27.93000030517578,27.934999465942383,144145
2026-08-28 11:27:00-04:00,27.94499969482422,27.96500015258789,27.93000030517578,27.96500015258789,42525
2026-08-28 11:28:00-04:00,27.940000534057617,27.949899673461914,27.93000030517578,27.940000534057617,24607
2026-08-28 11:29:00-04:00,27.91010093688965,27.94499969482422,27.90999984741211,27.93000030517578,63286
2026-08-28 11:30:00-04:00,27.90999984741211,27.920000076293945,27.90999984741211,27.91200065612793,46289
2026-08-28 11:31:00-04:00,27.90999984741211,27.915000915527344,27.899999618530273,27.913225173950195,51070
2026-08-28 11:32:00-04:00,27.915000915527344,27.920000076293945,27.90049934387207,27.90999984741211,74003
2026-08-28 11:33:00-04:00,27.924999237060547,27.924999237060547,27.90999984741211,27.920000076293945,40170
2026-08-28 11:34:00-04:00,27.915000915527344,27.93000030517578,27.899999618530273,27.92009925842285,28672
2026-08-28 11:35:00-04:00,27.915000915527344,27.920000076293945,27.91010093688965,27.91200065612793,18565
2026-08-28 11:36:00-04:00,27.915000915527344,27.920000076293945,27.895000457763672,27.920000076293945,37487
2026-08-28 11:37:00-04:00,27.915000915527344,27.920000076293945,27.90999984741211,27.915000915527344,31793
2026-08-28 11:38:00-04:00,27.90999984741211,27.920000076293945,27.90999984741211,27.920000076293945,38672
2026-08-28 11:39:00-04:00,27.93000030517578,27.93000030517578,27.91010093688965,27.920000076293945,36541
2026-08-28 11:40:00-04:00,27.924999237060547,27.93000030517578,27.920000076293945,27.924999237060547,16679
2026-08-28 11:41:00-04:00,27.929399490356445,27.93000030517578,27.90999984741211,27.920000076293945,52939
2026-08-28 11:42:00-04:00,27.920000076293945,27.93000030517578,27.920000076293945,27.924999237060547,37662
2026-08-28 11:43:00-04:00,27.924999237060547,27.93000030517578,27.920000076293945,27.92009925842285,9186
2026-08-28 11:44:00-04:00,27.934999465942383,27.940000534057617,27.924999237060547,27.924999237060547,26670
2026-08-28 11:45:00-04:00,27.920000076293945,27.940000534057617,27.920000076293945,27.939899444580078,77172
2026-08-28 11:46:00-04:00,27.92009925842285,27.924999237060547,27.91010093688965,27.920000076293945,67985
2026-08-28 11:47:00-04:00,27.915000915527344,27.93000030517578,27.915000915527344,27.924999237060547,65904
2026-08-28 11:48:00-04:00,27.920000076293945,27.93000030517578,27.91080093383789,27.915000915527344,37546
2026-08-28 11:49:00-04:00,27.905000686645508,27.915000915527344,27.899999618530273,27.915000915527344,17554
2026-08-28 11:50:00-04:00,27.915000915527344,27.920000076293945,27.899999618530273,27.905000686645508,97688
2026-08-28 11:51:00-04:00,27.924999237060547,27.93000030517578,27.915000915527344,27.917299270629883,22588
2026-08-28 11:52:00-04:00,27.915000915527344,27.93000030517578,27.915000915527344,27.93000030517578,43411
2026-08-28 11:53:00-04:00,27.924999237060547,27.93000030517578,27.915000915527344,27.920000076293945,33859
2026-08-28 11:54:00-04:00,27.93000030517578,27.940000534057617,27.92020034790039,27.92020034790039,39208
2026-08-28 11:55:00-04:00,27.940000534057617,27.940000534057617,27.920000076293945,27.93000030517578,64987
2026-08-28 11:56:00-04:00,27.920000076293945,27.940000534057617,27.920000076293945,27.937999725341797,56848
2026-08-28 11:57:00-04:00,27.915000915527344,27.920000076293945,27.90999984741211,27.920000076293945,24841
2026-08-28 11:58:00-04:00,27.924999237060547,27.924999237060547,27.90999984741211,27.920000076293945,28076
2026-08-28 11:59:00-04:00,27.93000030517578,27.93000030517578,27.920000076293945,27.924999237060547,14002
2026-08-28 12:00:00-04:00,27.940000534057617,27.940000534057617,27.920000076293945,27.924999237060547,26025
2026-08-28 12:01:00-04:00,27.94499969482422,27.959999084472656,27.93000030517578,27.937400817871094,42867
2026-08-28 12:02:00-04:00,27.969999313354492,27.969999313354492,27.94499969482422,27.94499969482422,20040
2026-08-28 12:03:00-04:00,27.975000381469727,27.977699279785156,27.959999084472656,27.96500015258789,25451
2026-08-28 12:04:00-04:00,27.96500015258789,27.979999542236328,27.959999084472656,27.969999313354492,24641
2026-08-28 12:05:00-04:00,27.954999923706055,27.969999313354492,27.954999923706055,27.96500015258789,17177
2026-08-28 12:06:00-04:00,27.93000030517578,27.959999084472656,27.93000030517578,27.959999084472656,69700
2026-08-28 12:07:00-04:00,27.915000915527344,27.940000534057617,27.90999984741211,27.93000030517578,27843
2026-08-28 12:08:00-04:00,27.899999618530273,27.915000915527344,27.899999618530273,27.91010093688965,48743
2026-08-28 12:09:00-04:00,27.895000457763672,27.90999984741211,27.889999389648438,27.90999984741211,79225
2026-08-28 12:10:00-04:00,27.885000228881836,27.895000457763672,27.8799991607666,27.895000457763672,27643
2026-08-28 12:11:00-04:00,27.889999389648438,27.889999389648438,27.875,27.885000228881836,20795
2026-08-28 12:12:00-04:00,27.860000610351562,27.889999389648438,27.860000610351562,27.885000228881836,57082
2026-08-28 12:13:00-04:00,27.864999771118164,27.8700008392334,27.860000610351562,27.8700008392334,13030
2026-08-28 12:14:00-04:00,27.860000610351562,27.8700008392334,27.860000610351562,27.860000610351562,10549
2026-08-28 12:15:00-04:00,27.878000259399414,27.8799991607666,27.860000610351562,27.860000610351562,29015
2026-08-28 12:16:00-04:00,27.8700008392334,27.8799991607666,27.86199951171875,27.875,44434
2026-08-28 12:17:00-04:00,27.8700008392334,27.8799991607666,27.864999771118164,27.864999771118164,17088
2026-08-28 12:18:00-04:00,27.844999313354492,27.8700008392334,27.84000015258789,27.8700008392334,49219
2026-08-28 12:19:00-04:00,27.854999542236328,27.860000610351562,27.84000015258789,27.850000381469727,35817
2026-08-28 12:20:00-04:00,27.864999771118164,27.8799991607666,27.854999542236328,27.854999542236328,66734
2026-08-28 12:21:00-04:00,27.875,27.875,27.860000610351562,27.864999771118164,43667
2026-08-28 12:22:00-04:00,27.850000381469727,27.8700008392334,27.850000381469727,27.8700008392334,32071
2026-08-28 12:23:00-04:00,27.875,27.875,27.850000381469727,27.854999542236328,31459
2026-08-28 12:24:00-04:00,27.84000015258789,27.8799991607666,27.84000015258789,27.875,20271
2026-08-28 12:25:00-04:00,27.84000015258789,27.844999313354492,27.829999923706055,27.844999313354492,35199
2026-08-28 12:26:00-04:00,27.84000015258789,27.850000381469727,27.84000015258789,27.84000015258789,5950
2026-08-28 12:27:00-04:00,27.829999923706055,27.850000381469727,27.829999923706055,27.844999313354492,37536
2026-08-28 12:28:00-04:00,27.83009910583496,27.84000015258789,27.81999969482422,27.829999923706055,19776
2026-08-28 12:29:00-04:00,27.834999084472656,27.839799880981445,27.829999923706055,27.829999923706055,7607
2026-08-28 12:30:00-04:00,27.834999084472656,27.84000015258789,27.829999923706055,27.834999084472656,28827
2026-08-28 12:31:00-04:00,27.832000732421875,27.84000015258789,27.81999969482422,27.83449935913086,54068
2026-08-28 12:32:00-04:00,27.844999313354492,27.850000381469727,27.829999923706055,27.834999084472656,29810
2026-08-28 12:33:00-04:00,27.844999313354492,27.850000381469727,27.84000015258789,27.847999572753906,12133
2026-08-28 12:34:00-04:00,27.844356536865234,27.850000381469727,27.829999923706055,27.844999313354492,49746
2026-08-28 12:35:00-04:00,27.850000381469727,27.860000610351562,27.84000015258789,27.84000015258789,22219
2026-08-28 12:36:00-04:00,27.864999771118164,27.864999771118164,27.850000381469727,27.851999282836914,19832
2026-08-28 12:37:00-04:00,27.854999542236328,27.864999771118164,27.850000381469727,27.864999771118164,30206
2026-08-28 12:38:00-04:00,27.855899810791016,27.860000610351562,27.850000381469727,27.854999542236328,5411
2026-08-28 12:39:00-04:00,27.850000381469727,27.860000610351562,27.84000015258789,27.860000610351562,21482
2026-08-28 12:40:00-04:00,27.844999313354492,27.857999801635742,27.844999313354492,27.84749984741211,17443
2026-08-28 12:41:00-04:00,27.844999313354492,27.860000610351562,27.84000015258789,27.84000015258789,15106
2026-08-28 12:42:00-04:00,27.841999053955078,27.850000381469727,27.84000015258789,27.844999313354492,22872
2026-08-28 12:43:00-04:00,27.843599319458008,27.850000381469727,27.829999923706055,27.844999313354492,71463
2026-08-28 12:44:00-04:00,27.844999313354492,27.844999313354492,27.834999084472656,27.844999313354492,17473
2026-08-28 12:45:00-04:00,27.850000381469727,27.850000381469727,27.841999053955078,27.84440040588379,5820
2026-08-28 12:46:00-04:00,27.84000015258789,27.850000381469727,27.84000015258789,27.844999313354492,10450
2026-08-28 12:47:00-04:00,27.844999313354492,27.850000381469727,27.84000015258789,27.844999313354492,6178
2026-08-28 12:48:00-04:00,27.844999313354492,27.846500396728516,27.84000015258789,27.84000015258789,9751
2026-08-28 12:49:00-04:00,27.83009910583496,27.844999313354492,27.829999923706055,27.84000015258789,30661
2026-08-28 12:50:00-04:00,27.834999084472656,27.834999084472656,27.81999969482422,27.829999923706055,50205
2026-08-28 12:51:00-04:00,27.834999084472656,27.84000015258789,27.833555221557617,27.834999084472656,10757
2026-08-28 12:52:00-04:00,27.834999084472656,27.84000015258789,27.829999923706055,27.834999084472656,32267
2026-08-28 12:53:00-04:00,27.834999084472656,27.84000015258789,27.829999923706055,27.834999084472656,12686
2026-08-28 12:54:00-04:00,27.834999084472656,27.84000015258789,27.834999084472656,27.834999084472656,8033
2026-08-28 12:55:00-04:00,27.844999313354492,27.844999313354492,27.829999923706055,27.829999923706055,9387
2026-08-28 12:56:00-04:00,27.834999084472656,27.850000381469727,27.834999084472656,27.844999313354492,12777
2026-08-28 12:57:00-04:00,27.833799362182617,27.84000015258789,27.829999923706055,27.84000015258789,53164
2026-08-28 12:58:00-04:00,27.844999313354492,27.850000381469727,27.829999923706055,27.834999084472656,68782
2026-08-28 12:59:00-04:00,27.86989974975586,27.8700008392334,27.844999313354492,27.844999313354492,73785
2026-08-28 13:00:00-04:00,27.864999771118164,27.86989974975586,27.850000381469727,27.860000610351562,69703
2026-08-28 13:01:00-04:00,27.864999771118164,27.8700008392334,27.854999542236328,27.864999771118164,106428
2026-08-28 13:02:00-04:00,27.875,27.889999389648438,27.860000610351562,27.8700008392334,232494
2026-08-28 13:03:00-04:00,27.875,27.8799991607666,27.8700008392334,27.8799991607666,22845
2026-08-28 13:04:00-04:00,27.868000030517578,27.8799991607666,27.861400604248047,27.875,26879
2026-08-28 13:05:00-04:00,27.875,27.879899978637695,27.8700008392334,27.8700008392334,12909
2026-08-28 13:06:00-04:00,27.88759994506836,27.889999389648438,27.8700008392334,27.875,45784
2026-08-28 13:07:00-04:00,27.885000228881836,27.895000457763672,27.8799991607666,27.8799991607666,28477
2026-08-28 13:08:00-04:00,27.875,27.889999389648438,27.870100021362305,27.889999389648438,23699
2026-08-28 13:09:00-04:00,27.875,27.8799991607666,27.8700008392334,27.875,15510
2026-08-28 13:10:00-04:00,27.8700008392334,27.8799991607666,27.8700008392334,27.878000259399414,10299
2026-08-28 13:11:00-04:00,27.854999542236328,27.8799991607666,27.850000381469727,27.87929916381836,60118
2026-08-28 13:12:00-04:00,27.850000381469727,27.85930061340332,27.829999923706055,27.85930061340332,58266
2026-08-28 13:13:00-04:00,27.844999313354492,27.854999542236328,27.84000015258789,27.850000381469727,61241
2026-08-28 13:14:00-04:00,27.81999969482422,27.850000381469727,27.81999969482422,27.84000015258789,133963
2026-08-28 13:15:00-04:00,27.834999084472656,27.834999084472656,27.81999969482422,27.825000762939453,74442
2026-08-28 13:16:00-04:00,27.834999084472656,27.84000015258789,27.829999923706055,27.84000015258789,13176
2026-08-28 13:17:00-04:00,27.829999923706055,27.834999084472656,27.81999969482422,27.834999084472656,36579
2026-08-28 13:18:00-04:00,27.834999084472656,27.844999313354492,27.83009910583496,27.834999084472656,26983
2026-08-28 13:19:00-04:00,27.829999923706055,27.84000015258789,27.829999923706055,27.834999084472656,20696
2026-08-28 13:20:00-04:00,27.825000762939453,27.834999084472656,27.81999969482422,27.834999084472656,27864
2026-08-28 13:21:00-04:00,27.834999084472656,27.834999084472656,27.81999969482422,27.825000762939453,26722
2026-08-28 13:22:00-04:00,27.81999969482422,27.84000015258789,27.81999969482422,27.84000015258789,19180
2026-08-28 13:23:00-04:00,27.835599899291992,27.835599899291992,27.81999969482422,27.8257999420166,20307
2026-08-28 13:24:00-04:00,27.84000015258789,27.84000015258789,27.829999923706055,27.84000015258789,14605
2026-08-28 13:25:00-04:00,27.834999084472656,27.84000015258789,27.829999923706055,27.829999923706055,31871
2026-08-28 13:26:00-04:00,27.834999084472656,27.84000015258789,27.829999923706055,27.834999084472656,5626
2026-08-28 13:27:00-04:00,27.83970069885254,27.84000015258789,27.81999969482422,27.834999084472656,39469
2026-08-28 13:28:00-04:00,27.834999084472656,27.84000015258789,27.829999923706055,27.834999084472656,13509
2026-08-28 13:29:00-04:00,27.825000762939453,27.84000015258789,27.81999969482422,27.834999084472656,24990
2026-08-28 13:30:00-04:00,27.825000762939453,27.829999923706055,27.81999969482422,27.81999969482422,7556
2026-08-28 13:31:00-04:00,27.834999084472656,27.84000015258789,27.825000762939453,27.825000762939453,31483
2026-08-28 13:32:00-04:00,27.829999923706055,27.832000732421875,27.81999969482422,27.829999923706055,25149
2026-08-28 13:33:00-04:00,27.834999084472656,27.84000015258789,27.829999923706055,27.834999084472656,16309
2026-08-28 13:34:00-04:00,27.834999084472656,27.84000015258789,27.829999923706055,27.84000015258789,19680
2026-08-28 13:35:00-04:00,27.834999084472656,27.850000381469727,27.829999923706055,27.834999084472656,46568
2026-08-28 13:36:00-04:00,27.829999923706055,27.850000381469727,27.829999923706055,27.84000015258789,50230
2026-08-28 13:37:00-04:00,27.850000381469727,27.850000381469727,27.829999923706055,27.834999084472656,20289
2026-08-28 13:38:00-04:00,27.832000732421875,27.844999313354492,27.832000732421875,27.841999053955078,16061
2026-08-28 13:39:00-04:00,27.84000015258789,27.844999313354492,27.829999923706055,27.84000015258789,76542
2026-08-28 13:40:00-04:00,27.844999313354492,27.850000381469727,27.84000015258789,27.84000015258789,5126
2026-08-28 13:41:00-04:00,27.844999313354492,27.850000381469727,27.84000015258789,27.849199295043945,9190
2026-08-28 13:42:00-04:00,27.84000015258789,27.850000381469727,27.829999923706055,27.84000015258789,46145
2026-08-28 13:43:00-04:00,27.84000015258789,27.850000381469727,27.84000015258789,27.84000015258789,25362
2026-08-28 13:44:00-04:00,27.859899520874023,27.859899520874023,27.829999923706055,27.840499877929688,35503
2026-08-28 13:45:00-04:00,27.854999542236328,27.860000610351562,27.850000381469727,27.854999542236328,10919
2026-08-28 13:46:00-04:00,27.851999282836914,27.857999801635742,27.850000381469727,27.857999801635742,26017
2026-08-28 13:47:00-04:00,27.84000015258789,27.854999542236328,27.84000015258789,27.850000381469727,25014
2026-08-28 13:48:00-04:00,27.834999084472656,27.850000381469727,27.829999923706055,27.844999313354492,21603
2026-08-28 13:49:00-04:00,27.829999923706055,27.837900161743164,27.829999923706055,27.829999923706055,9948
2026-08-28 13:50:00-04:00,27.834999084472656,27.84000015258789,27.829999923706055,27.829999923706055,8606
2026-08-28 13:51:00-04:00,27.825000762939453,27.834999084472656,27.81999969482422,27.834999084472656,18536
2026-08-28 13:52:00-04:00,27.825000762939453,27.829999923706055,27.81999969482422,27.81999969482422,12184
2026-08-28 13:53:00-04:00,27.81999969482422,27.829999923706055,27.81999969482422,27.825000762939453,14732
2026-08-28 13:54:00-04:00,27.795000076293945,27.81999969482422,27.790000915527344,27.81999969482422,106811
2026-08-28 13:55:00-04:00,27.780000686645508,27.795000076293945,27.770000457763672,27.790000915527344,87767
2026-08-28 13:56:00-04:00,27.795000076293945,27.799999237060547,27.780000686645508,27.780000686645508,78645
2026-08-28 13:57:00-04:00,27.795000076293945,27.799999237060547,27.780000686645508,27.790199279785156,64037
2026-08-28 13:58:00-04:00,27.795000076293945,27.79990005493164,27.790000915527344,27.79010009765625,59547
2026-08-28 13:59:00-04:00,27.795000076293945,27.799999237060547,27.790000915527344,27.795000076293945,22599
2026-08-28 14:00:00-04:00,27.815000534057617,27.81999969482422,27.795000076293945,27.799999237060547,36140
2026-08-28 14:01:00-04:00,27.815000534057617,27.81999969482422,27.809999465942383,27.815000534057617,11531
2026-08-28 14:02:00-04:00,27.834999084472656,27.834999084472656,27.815000534057617,27.815000534057617,17023
2026-08-28 14:03:00-04:00,27.834999084472656,27.84000015258789,27.829999923706055,27.84000015258789,11408
2026-08-28 14:04:00-04:00,27.829999923706055,27.84000015258789,27.81999969482422,27.834999084472656,30392
2026-08-28 14:05:00-04:00,27.854999542236328,27.860000610351562,27.829999923706055,27.829999923706055,42517
2026-08-28 14:06:00-04:00,27.860000610351562,27.8700008392334,27.854999542236328,27.860000610351562,22266
2026-08-28 14:07:00-04:00,27.850000381469727,27.8700008392334,27.850000381469727,27.854999542236328,23871
2026-08-28 14:08:00-04:00,27.84000015258789,27.857999801635742,27.84000015258789,27.850000381469727,7866
2026-08-28 14:09:00-04:00,27.84000015258789,27.847999572753906,27.84000015258789,27.844999313354492,15015
2026-08-28 14:10:00-04:00,27.829999923706055,27.84000015258789,27.829999923706055,27.84000015258789,13181
2026-08-28 14:11:00-04:00,27.825000762939453,27.834999084472656,27.81999969482422,27.829999923706055,22279
2026-08-28 14:12:00-04:00,27.81999969482422,27.829999923706055,27.81999969482422,27.82229995727539,14823
2026-08-28 14:13:00-04:00,27.834999084472656,27.84000015258789,27.825000762939453,27.829999923706055,34674
2026-08-28 14:14:00-04:00,27.834999084472656,27.84000015258789,27.829999923706055,27.834999084472656,22457
2026-08-28 14:15:00-04:00,27.834999084472656,27.84000015258789,27.829999923706055,27.829999923706055,9746
2026-08-28 14:16:00-04:00,27.834999084472656,27.84000015258789,27.829999923706055,27.84000015258789,21117
2026-08-28 14:17:00-04:00,27.829999923706055,27.84000015258789,27.829999923706055,27.829999923706055,17611
2026-08-28 14:18:00-04:00,27.854999542236328,27.854999542236328,27.829999923706055,27.829999923706055,36470
2026-08-28 14:19:00-04:00,27.850000381469727,27.860000610351562,27.850000381469727,27.860000610351562,27962
2026-08-28 14:20:00-04:00,27.854999542236328,27.854999542236328,27.850000381469727,27.854999542236328,22711
2026-08-28 14:21:00-04:00,27.854999542236328,27.860000610351562,27.850000381469727,27.854999542236328,15349
2026-08-28 14:22:00-04:00,27.854999542236328,27.860000610351562,27.850000381469727,27.850000381469727,18501
2026-08-28 14:23:00-04:00,27.854999542236328,27.854999542236328,27.84000015258789,27.854999542236328,30007
2026-08-28 14:24:00-04:00,27.864999771118164,27.864999771118164,27.850000381469727,27.851999282836914,25698
2026-08-28 14:25:00-04:00,27.864999771118164,27.8700008392334,27.860000610351562,27.864999771118164,8314
2026-08-28 14:26:00-04:00,27.864999771118164,27.86989974975586,27.860000610351562,27.864999771118164,14054
2026-08-28 14:27:00-04:00,27.860000610351562,27.8700008392334,27.860000610351562,27.864999771118164,11539
2026-08-28 14:28:00-04:00,27.875,27.8799991607666,27.860000610351562,27.864999771118164,216514
2026-08-28 14:29:00-04:00,27.875,27.8799991607666,27.864999771118164,27.8700008392334,44165
2026-08-28 14:30:00-04:00,27.88789939880371,27.889999389648438,27.8700008392334,27.878999710083008,26710
2026-08-28 14:31:00-04:00,27.885000228881836,27.889999389648438,27.8799991607666,27.885000228881836,11070
2026-08-28 14:32:00-04:00,27.885000228881836,27.889999389648438,27.8799991607666,27.8799991607666,23595
2026-08-28 14:33:00-04:00,27.895000457763672,27.895000457763672,27.880699157714844,27.885000228881836,118314
2026-08-28 14:34:00-04:00,27.895000457763672,27.899999618530273,27.889999389648438,27.895099639892578,12431
2026-08-28 14:35:00-04:00,27.899999618530273,27.899999618530273,27.889999389648438,27.889999389648438,10770
2026-08-28 14:36:00-04:00,27.885000228881836,27.905000686645508,27.8799991607666,27.899999618530273,70458
2026-08-28 14:37:00-04:00,27.8799991607666,27.889999389648438,27.8700008392334,27.885000228881836,25594
2026-08-28 14:38:00-04:00,27.8700008392334,27.8799991607666,27.8700008392334,27.875,11121
2026-08-28 14:39:00-04:00,27.875,27.8799991607666,27.8700008392334,27.875,8304
2026-08-28 14:40:00-04:00,27.834999084472656,27.879899978637695,27.825000762939453,27.8700008392334,69901
2026-08-28 14:41:00-04:00,27.829999923706055,27.834999084472656,27.829999923706055,27.834999084472656,7085
2026-08-28 14:42:00-04:00,27.834999084472656,27.84000015258789,27.829999923706055,27.84000015258789,15142
2026-08-28 14:43:00-04:00,27.829999923706055,27.83989906311035,27.829999923706055,27.834999084472656,14780
2026-08-28 14:44:00-04:00,27.834999084472656,27.84000015258789,27.829999923706055,27.84000015258789,28824
2026-08-28 14:45:00-04:00,27.844999313354492,27.850000381469727,27.829999923706055,27.829999923706055,47312
2026-08-28 14:46:00-04:00,27.844999313354492,27.860000610351562,27.840700149536133,27.844999313354492,30113
2026-08-28 14:47:00-04:00,27.854999542236328,27.860000610351562,27.844999313354492,27.844999313354492,20977
2026-08-28 14:48:00-04:00,27.844999313354492,27.860000610351562,27.84000015258789,27.854999542236328,21505
2026-08-28 14:49:00-04:00,27.844999313354492,27.850000381469727,27.84000015258789,27.850000381469727,41850
2026-08-28 14:50:00-04:00,27.844999313354492,27.850000381469727,27.84000015258789,27.844999313354492,37702
2026-08-28 14:51:00-04:00,27.844999313354492,27.850000381469727,27.84000015258789,27.850000381469727,22158
2026-08-28 14:52:00-04:00,27.84000015258789,27.850000381469727,27.84000015258789,27.844999313354492,32573
2026-08-28 14:53:00-04:00,27.854999542236328,27.860000610351562,27.84000015258789,27.850000381469727,69388
2026-08-28 14:54:00-04:00,27.854999542236328,27.860000610351562,27.850000381469727,27.858999252319336,49390
2026-08-28 14:55:00-04:00,27.864999771118164,27.8700008392334,27.850000381469727,27.854999542236328,46862
2026-08-28 14:56:00-04:00,27.850000381469727,27.8700008392334,27.850000381469727,27.864999771118164,49186
2026-08-28 14:57:00-04:00,27.854999542236328,27.857799530029297,27.850000381469727,27.854999542236328,17687
2026-08-28 14:58:00-04:00,27.854999542236328,27.860000610351562,27.850000381469727,27.854999542236328,22969
2026-08-28 14:59:00-04:00,27.854999542236328,27.8700008392334,27.850000381469727,27.854999542236328,42940
2026-08-28 15:00:00-04:00,27.864999771118164,27.864999771118164,27.850000381469727,27.851499557495117,24780
2026-08-28 15:01:00-04:00,27.864999771118164,27.8700008392334,27.864999771118164,27.864999771118164,15678
2026-08-28 15:02:00-04:00,27.854999542236328,27.8700008392334,27.850000381469727,27.864999771118164,24691
2026-08-28 15:03:00-04:00,27.857999801635742,27.860000610351562,27.844999313354492,27.854999542236328,39800
2026-08-28 15:04:00-04:00,27.84000015258789,27.868000030517578,27.84000015258789,27.857999801635742,45264
2026-08-28 15:05:00-04:00,27.844999313354492,27.850000381469727,27.829999923706055,27.850000381469727,25509
2026-08-28 15:06:00-04:00,27.834999084472656,27.841899871826172,27.81999969482422,27.841899871826172,23422
2026-08-28 15:07:00-04:00,27.834999084472656,27.84000015258789,27.829999923706055,27.84000015258789,10895
2026-08-28 15:08:00-04:00,27.829999923706055,27.834999084472656,27.829999923706055,27.834999084472656,27109
2026-08-28 15:09:00-04:00,27.850000381469727,27.850000381469727,27.829999923706055,27.84000015258789,29851
2026-08-28 15:10:00-04:00,27.864999771118164,27.8700008392334,27.844999313354492,27.850000381469727,50661
2026-08-28 15:11:00-04:00,27.875,27.8799991607666,27.861299514770508,27.8700008392334,50367
2026-08-28 15:12:00-04:00,27.860000610351562,27.8799991607666,27.860000610351562,27.875,19752
2026-08-28 15:13:00-04:00,27.8700008392334,27.875,27.860000610351562,27.865999221801758,48154
2026-08-28 15:14:00-04:00,27.860000610351562,27.8799991607666,27.860000610351562,27.864999771118164,60785
2026-08-28 15:15:00-04:00,27.860000610351562,27.8700008392334,27.860000610351562,27.864999771118164,12951
2026-08-28 15:16:00-04:00,27.864999771118164,27.8700008392334,27.860000610351562,27.864999771118164,19560
2026-08-28 15:17:00-04:00,27.860000610351562,27.8700008392334,27.860000610351562,27.864999771118164,7809
2026-08-28 15:18:00-04:00,27.860000610351562,27.86989974975586,27.860000610351562,27.864999771118164,24572
2026-08-28 15:19:00-04:00,27.856300354003906,27.860000610351562,27.850000381469727,27.860000610351562,46097
2026-08-28 15:20:00-04:00,27.864999771118164,27.8700008392334,27.850000381469727,27.854999542236328,52757
2026-08-28 15:21:00-04:00,27.864999771118164,27.8700008392334,27.850000381469727,27.86199951171875,31053
2026-08-28 15:22:00-04:00,27.864999771118164,27.8700008392334,27.860000610351562,27.8700008392334,14424
2026-08-28 15:23:00-04:00,27.8700008392334,27.8700008392334,27.860000610351562,27.864999771118164,54144
2026-08-28 15:24:00-04:00,27.875,27.878999710083008,27.860000610351562,27.8700008392334,28743
2026-08-28 15:25:00-04:00,27.8799991607666,27.8799991607666,27.8700008392334,27.8799991607666,18918
2026-08-28 15:26:00-04:00,27.8700008392334,27.8799991607666,27.860000610351562,27.875,122670
2026-08-28 15:27:00-04:00,27.875,27.875,27.8700008392334,27.875,19665
2026-08-28 15:28:00-04:00,27.875,27.8799991607666,27.8700008392334,27.875,44230
2026-08-28 15:29:00-04:00,27.860000610351562,27.8799991607666,27.860000610351562,27.875,53995
2026-08-28 15:30:00-04:00,27.850000381469727,27.864999771118164,27.850000381469727,27.864999771118164,41107
2026-08-28 15:31:00-04:00,27.841999053955078,27.860000610351562,27.84000015258789,27.860000610351562,87041
2026-08-28 15:32:00-04:00,27.850000381469727,27.854999542236328,27.84000015258789,27.844999313354492,59500
2026-08-28 15:33:00-04:00,27.859899520874023,27.860000610351562,27.84000015258789,27.844999313354492,51202
2026-08-28 15:34:00-04:00,27.844999313354492,27.854999542236328,27.84000015258789,27.854999542236328,53020
2026-08-28 15:35:00-04:00,27.854999542236328,27.856599807739258,27.850000381469727,27.850000381469727,29299
2026-08-28 15:36:00-04:00,27.889999389648438,27.889999389648438,27.854999542236328,27.854999542236328,49258
2026-08-28 15:37:00-04:00,27.889999389648438,27.899999618530273,27.8799991607666,27.88629913330078,39814
2026-08-28 15:38:00-04:00,27.895000457763672,27.899999618530273,27.8799991607666,27.895000457763672,50411
2026-08-28 15:39:00-04:00,27.895000457763672,27.899999618530273,27.889999389648438,27.895000457763672,29742
2026-08-28 15:40:00-04:00,27.889999389648438,27.905000686645508,27.889999389648438,27.89900016784668,125005
2026-08-28 15:41:00-04:00,27.905000686645508,27.90999984741211,27.895000457763672,27.895000457763672,76224
2026-08-28 15:42:00-04:00,27.905000686645508,27.90999984741211,27.899999618530273,27.905000686645508,20897
2026-08-28 15:43:00-04:00,27.895000457763672,27.90999984741211,27.885000228881836,27.905000686645508,91056
2026-08-28 15:44:00-04:00,27.905000686645508,27.905000686645508,27.889999389648438,27.895000457763672,52527
2026-08-28 15:45:00-04:00,27.90999984741211,27.920000076293945,27.899999618530273,27.905000686645508,60056
2026-08-28 15:46:00-04:00,27.920000076293945,27.920000076293945,27.90999984741211,27.912900924682617,51616
2026-08-28 15:47:00-04:00,27.920799255371094,27.93000030517578,27.915000915527344,27.920000076293945,50134
2026-08-28 15:48:00-04:00,27.90999984741211,27.924999237060547,27.900400161743164,27.924999237060547,66614
2026-08-28 15:49:00-04:00,27.895000457763672,27.90999984741211,27.894262313842773,27.905000686645508,172507
2026-08-28 15:50:00-04:00,27.915000915527344,27.950000762939453,27.8700008392334,27.895000457763672,351775
2026-08-28 15:51:00-04:00,27.917999267578125,27.920000076293945,27.899999618530273,27.90999984741211,132939
2026-08-28 15:52:00-04:00,27.905000686645508,27.920000076293945,27.899999618530273,27.915000915527344,74540
2026-08-28 15:53:00-04:00,27.905000686645508,27.90999984741211,27.899999618530273,27.90999984741211,100018
2026-08-28 15:54:00-04:00,27.93000030517578,27.93000030517578,27.899999618530273,27.905000686645508,100655
2026-08-28 15:55:00-04:00,27.905000686645508,27.93000030517578,27.899999618530273,27.93000030517578,148616
2026-08-28 15:56:00-04:00,27.950000762939453,27.950000762939453,27.899999618530273,27.909000396728516,240895
2026-08-28 15:57:00-04:00,27.954999923706055,27.959999084472656,27.940000534057617,27.94499969482422,213815
2026-08-28 15:58:00-04:00,27.94499969482422,27.959999084472656,27.93000030517578,27.954999923706055,372217
2026-08-28 15:59:00-04:00,27.959999084472656,27.959999084472656,27.93000030517578,27.94499969482422,556592
2026-08-31 09:30:00-04:00,27.850000381469727,27.860000610351562,27.790000915527344,27.850000381469727,649717
2026-08-31 09:31:00-04:00,27.829999923706055,27.844999313354492,27.809999465942383,27.844999313354492,59297
2026-08-31 09:32:00-04:00,27.774999618530273,27.84000015258789,27.770000457763672,27.81999969482422,94685
2026-08-31 09:33:00-04:00,27.764999389648438,27.78969955444336,27.75,27.774999618530273,132038
2026-08-31 09:34:00-04:00,27.684999465942383,27.7549991607666,27.65999984741211,27.7549991607666,202430
2026-08-31 09:35:00-04:00,27.725000381469727,27.725000381469727,27.639999389648438,27.68000030517578,85967
2026-08-31 09:36:00-04:00,27.795000076293945,27.795000076293945,27.719999313354492,27.719999313354492,88286
2026-08-31 09:37:00-04:00,27.81999969482422,27.844999313354492,27.795000076293945,27.795000076293945,60669
2026-08-31 09:38:00-04:00,27.885000228881836,27.889999389648438,27.815000534057617,27.81800079345703,141146
2026-08-31 09:39:00-04:00,27.885000228881836,27.899999618530273,27.86400032043457,27.899999618530273,72254
2026-08-31 09:40:00-04:00,27.864999771118164,27.8799991607666,27.83049964904785,27.8799991607666,109433
2026-08-31 09:41:00-04:00,27.875,27.888599395751953,27.860000610351562,27.864200592041016,45573
2026-08-31 09:42:00-04:00,27.8700008392334,27.89627456665039,27.8700008392334,27.875,61129
2026-08-31 09:43:00-04:00,27.864999771118164,27.895000457763672,27.850000381469727,27.8700008392334,63403
2026-08-31 09:44:00-04:00,27.84000015258789,27.864999771118164,27.829999923706055,27.860000610351562,33641
2026-08-31 09:45:00-04:00,27.885000228881836,27.889999389648438,27.834999084472656,27.834999084472656,43148
2026-08-31 09:46:00-04:00,27.864999771118164,27.895000457763672,27.850000381469727,27.889999389648438,33075
2026-08-31 09:47:00-04:00,27.844999313354492,27.864999771118164,27.829999923706055,27.86400032043457,47391
2026-08-31 09:48:00-04:00,27.81999969482422,27.850000381469727,27.815000534057617,27.844999313354492,52751
2026-08-31 09:49:00-04:00,27.844999313354492,27.850000381469727,27.815000534057617,27.81999969482422,25175
2026-08-31 09:50:00-04:00,27.825000762939453,27.850000381469727,27.823999404907227,27.844999313354492,21595
2026-08-31 09:51:00-04:00,27.795000076293945,27.829999923706055,27.790000915527344,27.825000762939453,43327
2026-08-31 09:52:00-04:00,27.80500030517578,27.815000534057617,27.790000915527344,27.790000915527344,27643
2026-08-31 09:53:00-04:00,27.78499984741211,27.80500030517578,27.774999618530273,27.80500030517578,66003
2026-08-31 09:54:00-04:00,27.825000762939453,27.829999923706055,27.790000915527344,27.790000915527344,38206
2026-08-31 09:55:00-04:00,27.82029914855957,27.829999923706055,27.815000534057617,27.81999969482422,28573
2026-08-31 09:56:00-04:00,27.834999084472656,27.834999084472656,27.815000534057617,27.825000762939453,32343
2026-08-31 09:57:00-04:00,27.825000762939453,27.834999084472656,27.81999969482422,27.834999084472656,27697
2026-08-31 09:58:00-04:00,27.83650016784668,27.83650016784668,27.81999969482422,27.825000762939453,23182
2026-08-31 09:59:00-04:00,27.875,27.8799991607666,27.834999084472656,27.834999084472656,36276
2026-08-31 10:00:00-04:00,27.90999984741211,27.90999984741211,27.8700008392334,27.8799991607666,69625
2026-08-31 10:01:00-04:00,27.915000915527344,27.93000030517578,27.899999618530273,27.908000946044922,53220
2026-08-31 10:02:00-04:00,27.954999923706055,27.954999923706055,27.920000076293945,27.920000076293945,87578
2026-08-31 10:03:00-04:00,27.94499969482422,27.954999923706055,27.93000030517578,27.954999923706055,56541
2026-08-31 10:04:00-04:00,27.96500015258789,27.96500015258789,27.940000534057617,27.94499969482422,53491
2026-08-31 10:05:00-04:00,27.959999084472656,27.979999542236328,27.959999084472656,27.959999084472656,35535
2026-08-31 10:06:00-04:00,27.975000381469727,27.979999542236328,27.954999923706055,27.954999923706055,49366
2026-08-31 10:07:00-04:00,27.959999084472656,27.979999542236328,27.94499969482422,27.975000381469727,48266
2026-08-31 10:08:00-04:00,27.94499969482422,27.959999084472656,27.934999465942383,27.959999084472656,41075
2026-08-31 10:09:00-04:00,28.00200080871582,28.020000457763672,27.905000686645508,27.94499969482422,932416
2026-08-31 10:10:00-04:00,27.975000381469727,28.049999237060547,27.96500015258789,28.0,250157
2026-08-31 10:11:00-04:00,27.985000610351562,28.0,27.950000762939453,27.975000381469727,405580
2026-08-31 10:12:00-04:00,28.065000534057617,28.06999969482422,27.950000762939453,27.989999771118164,287110
2026-08-31 10:13:00-04:00,28.084999084472656,28.09000015258789,27.950000762939453,28.065000534057617,229228
2026-08-31 10:14:00-04:00,28.125,28.139999389648438,28.084999084472656,28.084999084472656,129690
2026-08-31 10:15:00-04:00,28.174999237060547,28.18000030517578,28.125,28.125,143841
2026-08-31 10:16:00-04:00,28.174999237060547,28.18000030517578,28.165000915527344,28.174999237060547,100707
2026-08-31 10:17:00-04:00,28.139999389648438,28.18000030517578,28.139999389648438,28.174999237060547,99438
2026-08-31 10:18:00-04:00,28.170000076293945,28.170000076293945,28.139999389648438,28.145000457763672,46359
2026-08-31 10:19:00-04:00,28.21500015258789,28.218000411987305,28.170000076293945,28.170000076293945,174591
2026-08-31 10:20:00-04:00,28.174999237060547,28.219999313354492,28.174999237060547,28.219999313354492,68549
2026-08-31 10:21:00-04:00,28.155000686645508,28.190000534057617,28.149999618530273,28.174999237060547,48579
2026-08-31 10:22:00-04:00,28.165000915527344,28.167999267578125,28.139999389648438,28.155000686645508,61221
2026-08-31 10:23:00-04:00,28.155000686645508,28.18000030517578,28.149999618530273,28.165000915527344,68687
2026-08-31 10:24:00-04:00,28.149999618530273,28.170000076293945,28.142099380493164,28.155000686645508,59827
2026-08-31 10:25:00-04:00,28.125,28.155000686645508,28.1200008392334,28.149999618530273,45636
2026-08-31 10:26:00-04:00,28.100000381469727,28.1299991607666,28.094999313354492,28.125,48403
2026-08-31 10:27:00-04:00,28.104999542236328,28.110000610351562,28.100000381469727,28.101999282836914,22438
2026-08-31 10:28:00-04:00,28.104999542236328,28.110000610351562,28.090099334716797,28.100099563598633,36319
2026-08-31 10:29:00-04:00,28.145999908447266,28.155000686645508,28.104999542236328,28.104999542236328,36266
2026-08-31 10:30:00-04:00,28.165000915527344,28.170000076293945,28.135000228881836,28.149999618530273,106581
2026-08-31 10:31:00-04:00,28.174999237060547,28.200000762939453,28.15999984741211,28.165000915527344,198438
2026-08-31 10:32:00-04:00,28.165000915527344,28.174999237060547,28.155000686645508,28.174999237060547,44606
2026-08-31 10:33:00-04:00,28.1299991607666,28.165000915527344,28.125,28.165000915527344,53726
2026-08-31 10:34:00-04:00,28.114999771118164,28.139999389648438,28.110000610351562,28.1299991607666,54558
2026-08-31 10:35:00-04:00,28.1299991607666,28.1299991607666,28.110000610351562,28.110000610351562,28182
2026-08-31 10:36:00-04:00,28.129899978637695,28.1299991607666,28.1200008392334,28.125,29659
2026-08-31 10:37:00-04:00,28.1299991607666,28.1299991607666,28.1200008392334,28.1299991607666,34785
2026-08-31 10:38:00-04:00,28.165000915527344,28.170000076293945,28.125,28.125,57435
2026-08-31 10:39:00-04:00,28.184999465942383,28.190000534057617,28.165000915527344,28.165000915527344,55011
2026-08-31 10:40:00-04:00,28.18000030517578,28.190000534057617,28.170000076293945,28.190000534057617,43558
2026-08-31 10:41:00-04:00,28.19499969482422,28.209999084472656,28.174999237060547,28.179899215698242,88166
2026-08-31 10:42:00-04:00,28.15999984741211,28.19499969482422,28.15999984741211,28.19499969482422,59381
2026-08-31 10:43:00-04:00,28.171100616455078,28.18000030517578,28.155000686645508,28.15999984741211,34145
2026-08-31 10:44:00-04:00,28.204999923706055,28.209999084472656,28.165000915527344,28.170000076293945,61407
2026-08-31 10:45:00-04:00,28.204999923706055,28.209999084472656,28.190000534057617,28.204999923706055,47148
2026-08-31 10:46:00-04:00,28.165000915527344,28.209999084472656,28.165000915527344,28.204999923706055,58321
2026-08-31 10:47:00-04:00,28.165000915527344,28.170000076293945,28.15999984741211,28.165000915527344,34930
2026-08-31 10:48:00-04:00,28.174999237060547,28.17770004272461,28.162099838256836,28.170000076293945,20917
2026-08-31 10:49:00-04:00,28.165000915527344,28.174999237060547,28.15999984741211,28.174999237060547,48868
2026-08-31 10:50:00-04:00,28.170000076293945,28.18000030517578,28.15999984741211,28.165000915527344,31948
2026-08-31 10:51:00-04:00,28.204999923706055,28.219999313354492,28.170000076293945,28.18000030517578,91114
2026-08-31 10:52:00-04:00,28.2549991607666,28.260000228881836,28.201400756835938,28.204999923706055,306743
2026-08-31 10:53:00-04:00,28.235000610351562,28.260000228881836,28.229999542236328,28.2549991607666,336457
2026-08-31 10:54:00-04:00,28.235000610351562,28.260000228881836,28.235000610351562,28.239999771118164,325991
2026-08-31 10:55:00-04:00,28.190099716186523,28.239999771118164,28.190099716186523,28.239999771118164,144482
2026-08-31 10:56:00-04:00,28.219999313354492,28.219999313354492,28.190000534057617,28.19499969482422,80770
2026-08-31 10:57:00-04:00,28.229999542236328,28.229999542236328,28.209999084472656,28.219999313354492,146033
2026-08-31 10:58:00-04:00,28.2450008392334,28.25,28.209999084472656,28.225000381469727,59537
2026-08-31 10:59:00-04:00,28.225000381469727,28.25,28.21500015258789,28.2450008392334,69044
2026-08-31 11:00:00-04:00,28.210100173950195,28.235000610351562,28.210100173950195,28.225000381469727,58966
2026-08-31 11:01:00-04:00,28.229999542236328,28.229999542236328,28.209999084472656,28.21500015258789,28775
2026-08-31 11:02:00-04:00,28.239999771118164,28.25,28.219999313354492,28.225000381469727,89987
2026-08-31 11:03:00-04:00,28.2450008392334,28.2549991607666,28.239999771118164,28.2450008392334,45663
2026-08-31 11:04:00-04:00,28.235000610351562,28.2450008392334,28.219999313354492,28.2450008392334,57185
2026-08-31 11:05:00-04:00,28.222455978393555,28.239999771118164,28.222000122070312,28.239999771118164,34995
2026-08-31 11:06:00-04:00,28.225000381469727,28.238000869750977,28.219999313354492,28.225000381469727,61569
2026-08-31 11:07:00-04:00,28.225000381469727,28.235000610351562,28.219999313354492,28.225000381469727,55382
2026-08-31 11:08:00-04:00,28.21500015258789,28.229999542236328,28.209999084472656,28.225000381469727,36561
2026-08-31 11:09:00-04:00,28.225000381469727,28.239999771118164,28.21500015258789,28.21500015258789,50993
2026-08-31 11:10:00-04:00,28.225000381469727,28.239999771118164,28.219999313354492,28.229999542236328,27257
2026-08-31 11:11:00-04:00,28.225000381469727,28.229999542236328,28.219999313354492,28.225000381469727,35972
2026-08-31 11:12:00-04:00,28.22949981689453,28.229999542236328,28.200000762939453,28.225000381469727,60401
2026-08-31 11:13:00-04:00,28.225000381469727,28.239999771118164,28.222000122070312,28.229400634765625,90409
2026-08-31 11:14:00-04:00,28.225000381469727,28.235000610351562,28.219999313354492,28.219999313354492,86724
2026-08-31 11:15:00-04:00,28.219999313354492,28.219999313354492,28.200000762939453,28.219999313354492,60898
2026-08-31 11:16:00-04:00,28.225000381469727,28.229999542236328,28.211999893188477,28.219999313354492,47980
2026-08-31 11:17:00-04:00,28.21500015258789,28.225000381469727,28.209999084472656,28.225000381469727,47622
2026-08-31 11:18:00-04:00,28.21500015258789,28.219999313354492,28.209999084472656,28.219999313354492,15719
2026-08-31 11:19:00-04:00,28.204999923706055,28.219999313354492,28.200000762939453,28.21500015258789,52457
2026-08-31 11:20:00-04:00,28.21500015258789,28.21500015258789,28.200000762939453,28.204999923706055,31245
2026-08-31 11:21:00-04:00,28.204999923706055,28.219999313354492,28.200000762939453,28.21500015258789,103992
2026-08-31 11:22:00-04:00,28.204999923706055,28.209999084472656,28.200000762939453,28.204999923706055,51704
2026-08-31 11:23:00-04:00,28.209999084472656,28.219999313354492,28.204999923706055,28.204999923706055,68898
2026-08-31 11:24:00-04:00,28.2450008392334,28.25,28.200000762939453,28.20199966430664,271365
2026-08-31 11:25:00-04:00,28.280099868774414,28.28499984741211,28.240100860595703,28.25,186407
2026-08-31 11:26:00-04:00,28.28499984741211,28.290000915527344,28.270000457763672,28.280000686645508,169031
2026-08-31 11:27:00-04:00,28.290000915527344,28.299999237060547,28.280000686645508,28.28499984741211,114922
2026-08-31 11:28:00-04:00,28.30500030517578,28.309999465942383,28.280000686645508,28.290000915527344,97056
2026-08-31 11:29:00-04:00,28.325000762939453,28.329999923706055,28.299999237060547,28.299999237060547,52998
2026-08-31 11:30:00-04:00,28.31800079345703,28.34000015258789,28.309999465942383,28.325000762939453,120140
2026-08-31 11:31:00-04:00,28.325000762939453,28.34000015258789,28.315000534057617,28.315000534057617,51455
2026-08-31 11:32:00-04:00,28.33009910583496,28.34000015258789,28.31999969482422,28.325000762939453,20300
2026-08-31 11:33:00-04:00,28.334999084472656,28.34000015258789,28.325000762939453,28.334999084472656,62733
2026-08-31 11:34:00-04:00,28.334999084472656,28.34000015258789,28.31999969482422,28.334999084472656,53124
2026-08-31 11:35:00-04:00,28.344999313354492,28.350000381469727,28.325000762939453,28.334999084472656,90394
2026-08-31 11:36:00-04:00,28.334999084472656,28.350000381469727,28.329999923706055,28.34000015258789,56671
2026-08-31 11:37:00-04:00,28.329999923706055,28.34000015258789,28.31999969482422,28.334999084472656,51154
2026-08-31 11:38:00-04:00,28.334999084472656,28.34000015258789,28.329999923706055,28.334999084472656,26657
2026-08-31 11:39:00-04:00,28.31999969482422,28.334999084472656,28.309999465942383,28.329999923706055,46297
2026-08-31 11:40:00-04:00,28.329999923706055,28.34000015258789,28.30500030517578,28.315000534057617,45097
2026-08-31 11:41:00-04:00,28.32309913635254,28.334999084472656,28.315000534057617,28.329999923706055,43131
2026-08-31 11:42:00-04:00,28.315000534057617,28.334999084472656,28.315000534057617,28.325000762939453,38644
2026-08-31 11:43:00-04:00,28.315000534057617,28.325000762939453,28.309999465942383,28.315000534057617,35746
2026-08-31 11:44:00-04:00,28.325000762939453,28.329999923706055,28.312000274658203,28.315000534057617,58697
2026-08-31 11:45:00-04:00,28.329999923706055,28.34000015258789,28.31999969482422,28.325000762939453,41215
2026-08-31 11:46:00-04:00,28.329999923706055,28.329999923706055,28.31999969482422,28.325000762939453,24144
2026-08-31 11:47:00-04:00,28.325000762939453,28.34000015258789,28.31999969482422,28.325000762939453,55747
2026-08-31 11:48:00-04:00,28.30500030517578,28.329999923706055,28.299999237060547,28.325000762939453,43885
2026-08-31 11:49:00-04:00,28.30500030517578,28.31999969482422,28.299999237060547,28.309999465942383,45647
2026-08-31 11:50:00-04:00,28.30500030517578,28.309999465942383,28.299999237060547,28.30500030517578,32760
2026-08-31 11:51:00-04:00,28.295000076293945,28.309999465942383,28.290000915527344,28.299999237060547,37664
2026-08-31 11:52:00-04:00,28.295000076293945,28.299999237060547,28.290000915527344,28.295000076293945,17258
2026-08-31 11:53:00-04:00,28.295000076293945,28.299999237060547,28.290000915527344,28.296199798583984,24403
2026-08-31 11:54:00-04:00,28.30500030517578,28.309999465942383,28.290000915527344,28.299999237060547,38865
2026-08-31 11:55:00-04:00,28.30500030517578,28.309999465942383,28.299999237060547,28.30500030517578,35626
2026-08-31 11:56:00-04:00,28.305099487304688,28.309999465942383,28.299999237060547,28.309999465942383,20575
2026-08-31 11:57:00-04:00,28.295000076293945,28.309999465942383,28.28499984741211,28.30500030517578,60011
2026-08-31 11:58:00-04:00,28.299999237060547,28.309999465942383,28.283777236938477,28.295000076293945,55726
2026-08-31 11:59:00-04:00,28.299999237060547,28.309999465942383,28.290000915527344,28.30500030517578,40211
2026-08-31 12:00:00-04:00,28.299999237060547,28.309999465942383,28.290000915527344,28.30500030517578,43358
2026-08-31 12:01:00-04:00,28.315000534057617,28.31999969482422,28.290000915527344,28.295000076293945,42083
2026-08-31 12:02:00-04:00,28.295000076293945,28.315000534057617,28.290000915527344,28.309999465942383,59097
2026-08-31 12:03:00-04:00,28.30500030517578,28.309999465942383,28.295000076293945,28.299999237060547,46850
2026-08-31 12:04:00-04:00,28.302200317382812,28.309999465942383,28.299999237060547,28.30500030517578,21537
2026-08-31 12:05:00-04:00,28.309999465942383,28.31999969482422,28.300100326538086,28.309999465942383,31487
2026-08-31 12:06:00-04:00,28.315000534057617,28.31999969482422,28.309999465942383,28.315000534057617,15157
2026-08-31 12:07:00-04:00,28.309999465942383,28.31999969482422,28.309999465942383,28.315000534057617,13965
2026-08-31 12:08:00-04:00,28.325000762939453,28.329999923706055,28.309999465942383,28.315000534057617,40382
2026-08-31 12:09:00-04:00,28.309999465942383,28.329999923706055,28.309999465942383,28.325000762939453,47683
2026-08-31 12:10:00-04:00,28.30500030517578,28.31999969482422,28.300100326538086,28.315000534057617,46889
2026-08-31 12:11:00-04:00,28.30500030517578,28.309999465942383,28.299999237060547,28.30500030517578,37764
2026-08-31 12:12:00-04:00,28.315000534057617,28.31999969482422,28.299999237060547,28.30500030517578,101447
2026-08-31 12:13:00-04:00,28.325000762939453,28.325000762939453,28.309999465942383,28.309999465942383,26843
2026-08-31 12:14:00-04:00,28.334400177001953,28.350000381469727,28.325000762939453,28.325000762939453,81059
2026-08-31 12:15:00-04:00,28.30500030517578,28.34000015258789,28.30500030517578,28.329999923706055,46689
2026-08-31 12:16:00-04:00,28.30500030517578,28.309999465942383,28.299999237060547,28.30500030517578,27524
2026-08-31 12:17:00-04:00,28.30500030517578,28.309999465942383,28.290000915527344,28.30500030517578,48642
2026-08-31 12:18:00-04:00,28.315000534057617,28.31999969482422,28.299999237060547,28.30500030517578,212604
2026-08-31 12:19:00-04:00,28.325000762939453,28.325000762939453,28.309999465942383,28.31999969482422,54750
2026-08-31 12:20:00-04:00,28.325000762939453,28.329999923706055,28.31999969482422,28.31999969482422,22766
2026-08-31 12:21:00-04:00,28.315000534057617,28.329999923706055,28.315000534057617,28.323299407958984,60620
2026-08-31 12:22:00-04:00,28.315000534057617,28.31999969482422,28.309999465942383,28.315000534057617,12599
2026-08-31 12:23:00-04:00,28.325000762939453,28.329999923706055,28.310100555419922,28.315000534057617,40039
2026-08-31 12:24:00-04:00,28.344999313354492,28.350000381469727,28.315000534057617,28.329999923706055,148508
2026-08-31 12:25:00-04:00,28.334999084472656,28.350000381469727,28.329999923706055,28.345600128173828,30730
2026-08-31 12:26:00-04:00,28.334999084472656,28.34000015258789,28.329999923706055,28.337299346923828,9863
2026-08-31 12:27:00-04:00,28.334999084472656,28.3700008392334,28.329999923706055,28.334999084472656,180960
2026-08-31 12:28:00-04:00,28.34000015258789,28.34000015258789,28.329999923706055,28.34000015258789,13434
2026-08-31 12:29:00-04:00,28.34000015258789,28.350000381469727,28.329999923706055,28.334999084472656,27750
2026-08-31 12:30:00-04:00,28.34600067138672,28.34600067138672,28.31999969482422,28.34000015258789,58858
2026-08-31 12:31:00-04:00,28.344999313354492,28.350000381469727,28.329999923706055,28.344999313354492,45712
2026-08-31 12:32:00-04:00,28.344999313354492,28.350000381469727,28.34000015258789,28.344999313354492,11578
2026-08-31 12:33:00-04:00,28.344999313354492,28.350000381469727,28.329999923706055,28.344999313354492,112030
2026-08-31 12:34:00-04:00,28.344999313354492,28.350000381469727,28.34000015258789,28.344999313354492,14127
2026-08-31 12:35:00-04:00,28.334999084472656,28.350000381469727,28.334999084472656,28.344999313354492,30539
2026-08-31 12:36:00-04:00,28.315000534057617,28.34000015258789,28.309999465942383,28.334999084472656,58378
2026-08-31 12:37:00-04:00,28.315000534057617,28.31999969482422,28.309999465942383,28.309999465942383,44572
2026-08-31 12:38:00-04:00,28.309999465942383,28.31999969482422,28.309999465942383,28.315000534057617,29481
2026-08-31 12:39:00-04:00,28.325000762939453,28.329999923706055,28.309999465942383,28.315000534057617,81445
2026-08-31 12:40:00-04:00,28.334999084472656,28.34000015258789,28.31999969482422,28.325000762939453,70258
2026-08-31 12:41:00-04:00,28.334999084472656,28.337099075317383,28.31999969482422,28.334999084472656,46260
2026-08-31 12:42:00-04:00,28.344999313354492,28.350000381469727,28.329999923706055,28.329999923706055,62505
2026-08-31 12:43:00-04:00,28.344999313354492,28.350000381469727,28.34000015258789,28.344999313354492,58028
2026-08-31 12:44:00-04:00,28.340099334716797,28.350000381469727,28.34000015258789,28.344999313354492,19615
2026-08-31 12:45:00-04:00,28.344999313354492,28.350000381469727,28.34000015258789,28.350000381469727,12344
2026-08-31 12:46:00-04:00,28.360000610351562,28.360000610351562,28.34000015258789,28.350000381469727,28884
2026-08-31 12:47:00-04:00,28.364999771118164,28.375,28.354999542236328,28.360000610351562,69287
2026-08-31 12:48:00-04:00,28.380699157714844,28.389999389648438,28.364999771118164,28.364999771118164,106302
2026-08-31 12:49:00-04:00,28.385000228881836,28.389999389648438,28.38010025024414,28.385000228881836,16782
2026-08-31 12:50:00-04:00,28.375,28.38990020751953,28.370100021362305,28.385000228881836,59086
2026-08-31 12:51:00-04:00,28.375,28.389999389648438,28.372299194335938,28.375,52452
2026-08-31 12:52:00-04:00,28.375,28.3799991607666,28.3700008392334,28.37849998474121,12080
2026-08-31 12:53:00-04:00,28.364999771118164,28.3799991607666,28.364999771118164,28.3700008392334,29754
2026-08-31 12:54:00-04:00,28.364999771118164,28.3700008392334,28.360000610351562,28.364999771118164,12280
2026-08-31 12:55:00-04:00,28.364999771118164,28.3700008392334,28.360000610351562,28.364999771118164,31628
2026-08-31 12:56:00-04:00,28.354999542236328,28.375,28.350000381469727,28.364999771118164,78920
2026-08-31 12:57:00-04:00,28.354999542236328,28.360000610351562,28.350000381469727,28.354999542236328,21652
2026-08-31 12:58:00-04:00,28.3700008392334,28.3700008392334,28.354999542236328,28.360000610351562,25001
2026-08-31 12:59:00-04:00,28.360000610351562,28.3700008392334,28.360000610351562,28.364999771118164,60420
2026-08-31 13:00:00-04:00,28.350000381469727,28.3700008392334,28.350000381469727,28.364999771118164,38919
2026-08-31 13:01:00-04:00,28.354999542236328,28.360000610351562,28.350000381469727,28.354999542236328,15562
2026-08-31 13:02:00-04:00,28.354999542236328,28.360000610351562,28.344999313354492,28.351999282836914,29797
2026-08-31 13:03:00-04:00,28.364999771118164,28.3700008392334,28.354999542236328,28.354999542236328,31356
2026-08-31 13:04:00-04:00,28.364999771118164,28.3700008392334,28.360000610351562,28.364999771118164,24169
2026-08-31 13:05:00-04:00,28.371400833129883,28.375,28.350000381469727,28.3700008392334,97491
2026-08-31 13:06:00-04:00,28.375,28.3799991607666,28.3700008392334,28.3700008392334,21816
2026-08-31 13:07:00-04:00,28.375,28.3799991607666,28.3700008392334,28.372299194335938,20811
2026-08-31 13:08:00-04:00,28.395000457763672,28.399999618530273,28.370100021362305,28.370100021362305,66348
2026-08-31 13:09:00-04:00,28.385000228881836,28.399999618530273,28.375,28.399099349975586,57648
2026-08-31 13:10:00-04:00,28.399999618530273,28.399999618530273,28.3799991607666,28.389999389648438,21389
2026-08-31 13:11:00-04:00,28.389999389648438,28.399999618530273,28.389999389648438,28.395000457763672,21836
2026-08-31 13:12:00-04:00,28.385000228881836,28.399999618530273,28.3799991607666,28.395000457763672,31183
2026-08-31 13:13:00-04:00,28.385000228881836,28.389999389648438,28.3799991607666,28.3799991607666,31868
2026-08-31 13:14:00-04:00,28.405000686645508,28.40999984741211,28.389999389648438,28.389999389648438,90779
2026-08-31 13:15:00-04:00,28.405000686645508,28.420000076293945,28.399999618530273,28.405000686645508,56242
2026-08-31 13:16:00-04:00,28.399999618530273,28.40999984741211,28.389999389648438,28.402000427246094,49107
2026-08-31 13:17:00-04:00,28.395000457763672,28.399999618530273,28.389999389648438,28.395000457763672,11428
2026-08-31 13:18:00-04:00,28.3981990814209,28.399999618530273,28.385000228881836,28.395000457763672,42496
2026-08-31 13:19:00-04:00,28.395000457763672,28.399999618530273,28.389999389648438,28.395000457763672,16165
2026-08-31 13:20:00-04:00,28.395000457763672,28.399999618530273,28.389999389648438,28.399900436401367,13396
2026-08-31 13:21:00-04:00,28.385000228881836,28.399999618530273,28.3799991607666,28.399999618530273,60204
2026-08-31 13:22:00-04:00,28.395000457763672,28.399999618530273,28.38050079345703,28.385000228881836,75399
2026-08-31 13:23:00-04:00,28.395000457763672,28.399999618530273,28.389999389648438,28.395000457763672,48722
2026-08-31 13:24:00-04:00,28.385000228881836,28.399999618530273,28.3799991607666,28.395000457763672,29706
2026-08-31 13:25:00-04:00,28.3799991607666,28.389999389648438,28.375,28.385000228881836,55089
2026-08-31 13:26:00-04:00,28.399999618530273,28.399999618530273,28.3799991607666,28.385000228881836,28287
2026-08-31 13:27:00-04:00,28.395000457763672,28.399999618530273,28.389999389648438,28.392499923706055,12387
2026-08-31 13:28:00-04:00,28.399999618530273,28.399999618530273,28.389999389648438,28.39080047607422,12596
2026-08-31 13:29:00-04:00,28.395000457763672,28.399999618530273,28.389999389648438,28.395000457763672,15791
2026-08-31 13:30:00-04:00,28.3799991607666,28.395099639892578,28.3799991607666,28.389999389648438,83804
2026-08-31 13:31:00-04:00,28.375,28.389999389648438,28.372499465942383,28.389999389648438,50642
2026-08-31 13:32:00-04:00,28.385000228881836,28.389999389648438,28.375,28.375,37052
2026-08-31 13:33:00-04:00,28.424999237060547,28.43000030517578,28.385000228881836,28.389999389648438,147781
2026-08-31 13:34:00-04:00,28.420000076293945,28.43000030517578,28.40999984741211,28.424999237060547,104572
2026-08-31 13:35:00-04:00,28.40999984741211,28.420000076293945,28.405000686645508,28.415000915527344,88000
2026-08-31 13:36:00-04:00,28.420000076293945,28.420000076293945,28.395000457763672,28.405000686645508,75335
2026-08-31 13:37:00-04:00,28.440000534057617,28.440000534057617,28.40999984741211,28.415000915527344,53567
2026-08-31 13:38:00-04:00,28.434999465942383,28.440000534057617,28.43000030517578,28.434999465942383,38887
2026-08-31 13:39:00-04:00,28.449899673461914,28.450000762939453,28.434999465942383,28.434999465942383,85483
2026-08-31 13:40:00-04:00,28.450000762939453,28.450000762939453,28.44499969482422,28.44499969482422,39875
2026-08-31 13:41:00-04:00,28.44499969482422,28.459999084472656,28.440000534057617,28.44499969482422,91751
2026-08-31 13:42:00-04:00,28.450599670410156,28.459999084472656,28.440000534057617,28.44499969482422,76147
2026-08-31 13:43:00-04:00,28.454999923706055,28.459999084472656,28.450000762939453,28.450000762939453,50771
2026-08-31 13:44:00-04:00,28.454999923706055,28.459999084472656,28.450000762939453,28.459999084472656,18298
2026-08-31 13:45:00-04:00,28.479999542236328,28.479999542236328,28.454999923706055,28.459999084472656,57885
2026-08-31 13:46:00-04:00,28.454999923706055,28.479999542236328,28.450000762939453,28.479999542236328,88599
2026-08-31 13:47:00-04:00,28.46500015258789,28.469999313354492,28.454999923706055,28.459999084472656,25107
2026-08-31 13:48:00-04:00,28.46500015258789,28.469999313354492,28.461000442504883,28.46500015258789,12819
2026-08-31 13:49:00-04:00,28.489999771118164,28.489999771118164,28.459999084472656,28.469999313354492,89183
2026-08-31 13:50:00-04:00,28.485000610351562,28.489999771118164,28.479999542236328,28.489999771118164,47525
2026-08-31 13:51:00-04:00,28.485000610351562,28.489999771118164,28.479999542236328,28.479999542236328,22207
2026-08-31 13:52:00-04:00,28.485000610351562,28.489999771118164,28.479999542236328,28.48509979248047,29266
2026-08-31 13:53:00-04:00,28.485000610351562,28.489999771118164,28.479999542236328,28.485000610351562,15384
2026-08-31 13:54:00-04:00,28.485000610351562,28.489999771118164,28.479999542236328,28.48200035095215,54949
2026-08-31 13:55:00-04:00,28.479900360107422,28.489999771118164,28.459999084472656,28.485000610351562,209274
2026-08-31 13:56:00-04:00,28.485000610351562,28.510000228881836,28.475000381469727,28.475000381469727,327018
2026-08-31 13:57:00-04:00,28.48740005493164,28.5,28.485000610351562,28.485000610351562,132571
2026-08-31 13:58:00-04:00,28.510000228881836,28.510000228881836,28.485000610351562,28.485000610351562,58472
2026-08-31 13:59:00-04:00,28.514999389648438,28.520000457763672,28.5049991607666,28.510000228881836,112212
2026-08-31 14:00:00-04:00,28.530000686645508,28.530000686645508,28.510000228881836,28.510000228881836,77784
2026-08-31 14:01:00-04:00,28.55500030517578,28.559999465942383,28.524999618530273,28.524999618530273,133405
2026-08-31 14:02:00-04:00,28.545000076293945,28.559999465942383,28.5403995513916,28.559999465942383,113405
2026-08-31 14:03:00-04:00,28.559999465942383,28.559999465942383,28.540000915527344,28.540000915527344,42922
2026-08-31 14:04:00-04:00,28.56999969482422,28.579999923706055,28.549999237060547,28.559999465942383,178457
2026-08-31 14:05:00-04:00,28.575000762939453,28.59000015258789,28.56999969482422,28.575000762939453,129804
2026-08-31 14:06:00-04:00,28.582000732421875,28.59000015258789,28.56999969482422,28.575000762939453,156859
2026-08-31 14:07:00-04:00,28.545000076293945,28.59000015258789,28.530000686645508,28.59000015258789,87473
2026-08-31 14:08:00-04:00,28.545000076293945,28.549999237060547,28.530000686645508,28.54490089416504,81260
2026-08-31 14:09:00-04:00,28.555099487304688,28.559999465942383,28.540000915527344,28.540000915527344,68388
2026-08-31 14:10:00-04:00,28.559999465942383,28.559999465942383,28.549999237060547,28.559999465942383,71013
2026-08-31 14:11:00-04:00,28.59000015258789,28.59000015258789,28.559999465942383,28.559999465942383,51215
2026-08-31 14:12:00-04:00,28.56999969482422,28.59000015258789,28.56999969482422,28.584999084472656,101099
2026-08-31 14:13:00-04:00,28.565000534057617,28.579999923706055,28.565000534057617,28.56999969482422,54953
2026-08-31 14:14:00-04:00,28.579999923706055,28.579999923706055,28.565000534057617,28.56999969482422,77770
2026-08-31 14:15:00-04:00,28.565000534057617,28.579999923706055,28.565000534057617,28.575000762939453,31427
2026-08-31 14:16:00-04:00,28.559999465942383,28.575000762939453,28.55500030517578,28.565000534057617,97970
2026-08-31 14:17:00-04:00,28.520000457763672,28.559999465942383,28.520000457763672,28.555099487304688,57325
2026-08-31 14:18:00-04:00,28.545000076293945,28.549999237060547,28.520000457763672,28.520000457763672,64425
2026-08-31 14:19:00-04:00,28.549999237060547,28.559999465942383,28.540000915527344,28.545000076293945,72695
2026-08-31 14:20:00-04:00,28.55500030517578,28.559999465942383,28.549999237060547,28.549999237060547,27441
2026-08-31 14:21:00-04:00,28.559999465942383,28.559999465942383,28.549999237060547,28.55500030517578,17851
2026-08-31 14:22:00-04:00,28.55500030517578,28.55970001220703,28.549999237060547,28.55500030517578,39646
2026-08-31 14:23:00-04:00,28.55500030517578,28.559999465942383,28.545000076293945,28.559999465942383,56598
2026-08-31 14:24:00-04:00,28.55500030517578,28.559999465942383,28.549999237060547,28.55500030517578,14321
2026-08-31 14:25:00-04:00,28.545000076293945,28.559999465942383,28.540000915527344,28.559999465942383,67509
2026-08-31 14:26:00-04:00,28.549999237060547,28.549999237060547,28.540000915527344,28.545000076293945,28610
2026-08-31 14:27:00-04:00,28.55500030517578,28.559999465942383,28.549999237060547,28.549999237060547,18913
2026-08-31 14:28:00-04:00,28.55500030517578,28.559999465942383,28.549999237060547,28.55500030517578,43878
2026-08-31 14:29:00-04:00,28.559999465942383,28.559999465942383,28.549999237060547,28.55500030517578,27277
2026-08-31 14:30:00-04:00,28.545000076293945,28.559999465942383,28.540000915527344,28.55500030517578,68034
2026-08-31 14:31:00-04:00,28.55500030517578,28.559999465942383,28.549999237060547,28.549999237060547,39966
2026-08-31 14:32:00-04:00,28.545000076293945,28.559999465942383,28.540000915527344,28.550199508666992,60191
2026-08-31 14:33:00-04:00,28.539899826049805,28.549999237060547,28.530000686645508,28.545000076293945,92316
2026-08-31 14:34:00-04:00,28.545000076293945,28.549999237060547,28.53230094909668,28.53230094909668,47222
2026-08-31 14:35:00-04:00,28.540000915527344,28.549999237060547,28.530000686645508,28.545000076293945,84607
2026-08-31 14:36:00-04:00,28.53499984741211,28.540000915527344,28.530000686645508,28.53499984741211,30121
2026-08-31 14:37:00-04:00,28.545000076293945,28.545000076293945,28.530000686645508,28.53499984741211,38386
2026-08-31 14:38:00-04:00,28.53499984741211,28.549999237060547,28.530000686645508,28.545000076293945,138890
2026-08-31 14:39:00-04:00,28.565000534057617,28.565000534057617,28.530000686645508,28.539899826049805,80747
2026-08-31 14:40:00-04:00,28.565000534057617,28.56999969482422,28.559999465942383,28.565000534057617,49095
2026-08-31 14:41:00-04:00,28.565000534057617,28.569900512695312,28.559999465942383,28.565000534057617,28332
2026-08-31 14:42:00-04:00,28.559999465942383,28.56999969482422,28.559999465942383,28.565000534057617,37782
2026-08-31 14:43:00-04:00,28.569000244140625,28.56999969482422,28.559999465942383,28.56999969482422,27134
2026-08-31 14:44:00-04:00,28.575000762939453,28.579999923706055,28.559999465942383,28.566699981689453,72824
2026-08-31 14:45:00-04:00,28.575000762939453,28.579999923706055,28.56999969482422,28.572500228881836,40951
2026-08-31 14:46:00-04:00,28.575000762939453,28.579999923706055,28.56999969482422,28.575000762939453,70715
2026-08-31 14:47:00-04:00,28.56999969482422,28.579999923706055,28.56999969482422,28.575000762939453,33947
2026-08-31 14:48:00-04:00,28.584999084472656,28.59000015258789,28.575000762939453,28.575000762939453,63655
2026-08-31 14:49:00-04:00,28.59000015258789,28.59000015258789,28.579999923706055,28.59000015258789,32382
2026-08-31 14:50:00-04:00,28.579999923706055,28.59000015258789,28.56999969482422,28.59000015258789,143655
2026-08-31 14:51:00-04:00,28.594999313354492,28.600000381469727,28.579999923706055,28.59000015258789,128182
2026-08-31 14:52:00-04:00,28.594999313354492,28.600000381469727,28.59000015258789,28.594999313354492,58556
2026-08-31 14:53:00-04:00,28.600000381469727,28.600000381469727,28.579999923706055,28.594999313354492,65340
2026-08-31 14:54:00-04:00,28.600000381469727,28.6200008392334,28.59000015258789,28.594999313354492,381035
2026-08-31 14:55:00-04:00,28.6200008392334,28.6200008392334,28.600200653076172,28.610000610351562,91187
2026-08-31 14:56:00-04:00,28.6200008392334,28.6200008392334,28.610000610351562,28.6200008392334,36939
2026-08-31 14:57:00-04:00,28.612300872802734,28.6299991607666,28.610000610351562,28.614999771118164,155800
2026-08-31 14:58:00-04:00,28.614999771118164,28.625,28.610000610351562,28.614999771118164,81065
2026-08-31 14:59:00-04:00,28.617799758911133,28.6299991607666,28.612300872802734,28.6200008392334,114325
2026-08-31 15:00:00-04:00,28.604999542236328,28.6200008392334,28.594999313354492,28.614999771118164,98638
2026-08-31 15:01:00-04:00,28.610000610351562,28.6299991607666,28.600000381469727,28.610000610351562,148354
2026-08-31 15:02:00-04:00,28.594999313354492,28.610000610351562,28.592300415039062,28.604999542236328,46045
2026-08-31 15:03:00-04:00,28.575000762939453,28.600000381469727,28.56999969482422,28.59950065612793,67130
2026-08-31 15:04:00-04:00,28.579999923706055,28.59000015258789,28.56999969482422,28.579999923706055,49689
2026-08-31 15:05:00-04:00,28.575000762939453,28.594999313354492,28.565000534057617,28.584999084472656,146049
2026-08-31 15:06:00-04:00,28.575000762939453,28.579999923706055,28.570100784301758,28.575000762939453,20883
2026-08-31 15:07:00-04:00,28.575000762939453,28.59000015258789,28.575000762939453,28.575000762939453,77134
2026-08-31 15:08:00-04:00,28.584999084472656,28.59000015258789,28.56999969482422,28.575000762939453,51008
2026-08-31 15:09:00-04:00,28.565000534057617,28.59000015258789,28.565000534057617,28.584999084472656,69201
2026-08-31 15:10:00-04:00,28.545000076293945,28.56999969482422,28.540000915527344,28.565000534057617,56382
2026-08-31 15:11:00-04:00,28.56999969482422,28.56999969482422,28.545000076293945,28.545000076293945,36949
2026-08-31 15:12:00-04:00,28.55500030517578,28.56999969482422,28.549999237060547,28.56999969482422,131925
2026-08-31 15:13:00-04:00,28.55500030517578,28.559999465942383,28.545000076293945,28.55500030517578,65399
2026-08-31 15:14:00-04:00,28.559999465942383,28.559999465942383,28.549999237060547,28.55500030517578,34284
2026-08-31 15:15:00-04:00,28.57900047302246,28.579999923706055,28.55500030517578,28.55929946899414,83448
2026-08-31 15:16:00-04:00,28.625,28.6299991607666,28.56999969482422,28.579999923706055,114663
2026-08-31 15:17:00-04:00,28.6200008392334,28.6299991607666,28.604999542236328,28.6299991607666,166426
2026-08-31 15:18:00-04:00,28.6299991607666,28.6299991607666,28.610000610351562,28.610000610351562,49694
2026-08-31 15:19:00-04:00,28.629499435424805,28.6299991607666,28.6200008392334,28.625,27587
2026-08-31 15:20:00-04:00,28.625,28.639999389648438,28.6200008392334,28.625,124839
2026-08-31 15:21:00-04:00,28.594999313354492,28.6299991607666,28.59000015258789,28.6200008392334,82014
2026-08-31 15:22:00-04:00,28.600000381469727,28.610000610351562,28.59000015258789,28.594999313354492,34866
2026-08-31 15:23:00-04:00,28.604999542236328,28.610000610351562,28.600000381469727,28.600000381469727,53800
2026-08-31 15:24:00-04:00,28.600000381469727,28.6200008392334,28.59000015258789,28.604999542236328,122222
2026-08-31 15:25:00-04:00,28.6200008392334,28.6200008392334,28.594999313354492,28.600000381469727,115480
2026-08-31 15:26:00-04:00,28.614999771118164,28.6200008392334,28.610000610351562,28.614999771118164,33916
2026-08-31 15:27:00-04:00,28.625,28.6299991607666,28.610000610351562,28.614999771118164,68232
2026-08-31 15:28:00-04:00,28.625,28.6299991607666,28.610000610351562,28.625,80261
2026-08-31 15:29:00-04:00,28.61090087890625,28.6200008392334,28.604999542236328,28.614999771118164,79743
2026-08-31 15:30:00-04:00,28.6200008392334,28.6200008392334,28.600000381469727,28.614999771118164,137826
2026-08-31 15:31:00-04:00,28.645000457763672,28.649999618530273,28.614999771118164,28.614999771118164,219422
2026-08-31 15:32:00-04:00,28.64389991760254,28.649999618530273,28.6299991607666,28.645000457763672,74231
2026-08-31 15:33:00-04:00,28.639999389648438,28.649999618530273,28.635000228881836,28.645000457763672,80767
2026-08-31 15:34:00-04:00,28.649999618530273,28.65999984741211,28.64229965209961,28.645000457763672,111470
2026-08-31 15:35:00-04:00,28.665000915527344,28.670000076293945,28.645000457763672,28.645000457763672,103333
2026-08-31 15:36:00-04:00,28.674999237060547,28.68000030517578,28.65999984741211,28.665000915527344,129742
2026-08-31 15:37:00-04:00,28.665000915527344,28.68000030517578,28.655000686645508,28.674999237060547,145917
2026-08-31 15:38:00-04:00,28.674999237060547,28.68000030517578,28.65999984741211,28.665000915527344,68869
2026-08-31 15:39:00-04:00,28.670000076293945,28.68000030517578,28.65999984741211,28.673500061035156,128325
2026-08-31 15:40:00-04:00,28.68000030517578,28.68000030517578,28.65999984741211,28.665000915527344,211921
2026-08-31 15:41:00-04:00,28.68000030517578,28.68000030517578,28.670000076293945,28.674999237060547,87861
2026-08-31 15:42:00-04:00,28.684999465942383,28.700000762939453,28.670000076293945,28.68000030517578,217539
2026-08-31 15:43:00-04:00,28.690000534057617,28.690000534057617,28.68000030517578,28.684999465942383,40601
2026-08-31 15:44:00-04:00,28.700000762939453,28.700000762939453,28.674999237060547,28.689199447631836,144430
2026-08-31 15:45:00-04:00,28.6299991607666,28.700000762939453,28.625,28.699899673461914,334196
2026-08-31 15:46:00-04:00,28.625,28.649999618530273,28.625,28.635000228881836,163675
2026-08-31 15:47:00-04:00,28.625,28.639999389648438,28.620100021362305,28.625,98293
2026-08-31 15:48:00-04:00,28.614999771118164,28.639999389648438,28.61009979248047,28.625,131948
2026-08-31 15:49:00-04:00,28.565000534057617,28.6200008392334,28.559999465942383,28.614999771118164,288847
2026-08-31 15:50:00-04:00,28.530000686645508,28.579999923706055,28.524999618530273,28.56999969482422,286468
2026-08-31 15:51:00-04:00,28.549999237060547,28.549999237060547,28.53499984741211,28.53499984741211,174979
2026-08-31 15:52:00-04:00,28.565000534057617,28.56999969482422,28.540000915527344,28.549999237060547,181162
2026-08-31 15:53:00-04:00,28.53499984741211,28.56999969482422,28.530000686645508,28.565000534057617,242686
2026-08-31 15:54:00-04:00,28.549999237060547,28.549999237060547,28.530000686645508,28.53499984741211,161994
2026-08-31 15:55:00-04:00,28.5049991607666,28.549999237060547,28.485000610351562,28.549999237060547,321327
2026-08-31 15:56:00-04:00,28.514999389648438,28.520000457763672,28.485000610351562,28.5049991607666,349479
2026-08-31 15:57:00-04:00,28.514999389648438,28.530000686645508,28.5049991607666,28.514999389648438,351446
2026-08-31 15:58:00-04:00,28.5,28.520000457763672,28.4950008392334,28.514999389648438,492568
2026-08-31 15:59:00-04:00,28.459999084472656,28.540000915527344,28.459999084472656,28.510000228881836,1114103
2026-09-01 09:30:00-04:00,28.844999313354492,28.8700008392334,28.770000457763672,28.81800079345703,2215482
2026-09-01 09:31:00-04:00,28.920000076293945,28.924999237060547,28.7549991607666,28.864999771118164,1787022
2026-09-01 09:32:00-04:00,29.049999237060547,29.09000015258789,28.889999389648438,28.920000076293945,1915247
2026-09-01 09:33:00-04:00,28.9960994720459,29.065000534057617,28.969999313354492,29.059499740600586,203548
2026-09-01 09:34:00-04:00,29.024999618530273,29.040000915527344,28.979999542236328,29.0,172905
2026-09-01 09:35:00-04:00,28.851999282836914,29.030000686645508,28.84000015258789,29.020000457763672,146312
2026-09-01 09:36:00-04:00,28.875,28.889999389648438,28.821399688720703,28.858699798583984,186845
2026-09-01 09:37:00-04:00,28.905000686645508,28.9950008392334,28.854999542236328,28.8799991607666,269158
2026-09-01 09:38:00-04:00,28.915000915527344,28.94499969482422,28.8700008392334,28.90999984741211,204365
2026-09-01 09:39:00-04:00,28.905000686645508,28.940000534057617,28.905000686645508,28.920000076293945,116269
2026-09-01 09:40:00-04:00,28.959999084472656,28.969999313354492,28.909095764160156,28.909095764160156,190073
2026-09-01 09:41:00-04:00,29.010000228881836,29.030000686645508,28.959999084472656,28.969999313354492,291809
2026-09-01 09:42:00-04:00,28.985000610351562,29.030000686645508,28.979999542236328,29.020000457763672,131362
2026-09-01 09:43:00-04:00,29.014999389648438,29.014999389648438,28.979999542236328,28.985000610351562,84333
2026-09-01 09:44:00-04:00,29.039899826049805,29.045000076293945,29.0,29.014999389648438,176142
2026-09-01 09:45:00-04:00,29.0,29.040000915527344,28.972000122070312,29.030000686645508,238048
2026-09-01 09:46:00-04:00,28.885000228881836,29.0049991607666,28.8700008392334,29.0,114471
2026-09-01 09:47:00-04:00,28.78499984741211,28.885000228881836,28.780000686645508,28.885000228881836,117915
2026-09-01 09:48:00-04:00,28.81999969482422,28.84000015258789,28.770000457763672,28.78499984741211,171090
2026-09-01 09:49:00-04:00,28.735000610351562,28.809999465942383,28.72010040283203,28.809999465942383,106097
2026-09-01 09:50:00-04:00,28.700000762939453,28.7549991607666,28.700000762939453,28.735000610351562,175386
2026-09-01 09:51:00-04:00,28.665000915527344,28.704999923706055,28.66200065612793,28.704999923706055,91128
2026-09-01 09:52:00-04:00,28.649999618530273,28.704999923706055,28.649999618530273,28.65999984741211,234299
2026-09-01 09:53:00-04:00,28.65999984741211,28.670000076293945,28.635000228881836,28.649999618530273,70807
2026-09-01 09:54:00-04:00,28.639999389648438,28.66900062561035,28.6299991607666,28.649999618530273,78394
2026-09-01 09:55:00-04:00,28.635000228881836,28.645000457763672,28.610000610351562,28.639999389648438,98225
2026-09-01 09:56:00-04:00,28.645000457763672,28.665000915527344,28.6299991607666,28.635000228881836,105909
2026-09-01 09:57:00-04:00,28.65999984741211,28.665000915527344,28.6299991607666,28.639999389648438,75461
2026-09-01 09:58:00-04:00,28.690099716186523,28.700000762939453,28.649999618530273,28.665000915527344,33068
2026-09-01 09:59:00-04:00,28.670000076293945,28.69499969482422,28.670000076293945,28.69499969482422,38756
2026-09-01 10:00:00-04:00,28.700000762939453,28.739999771118164,28.68000030517578,28.68000030517578,125889
2026-09-01 10:01:00-04:00,28.75,28.75,28.700000762939453,28.709999084472656,123145
2026-09-01 10:02:00-04:00,28.735000610351562,28.770000457763672,28.729999542236328,28.7549991607666,61229
2026-09-01 10:03:00-04:00,28.7450008392334,28.7450008392334,28.700000762939453,28.735000610351562,28764
2026-09-01 10:04:00-04:00,28.740100860595703,28.760000228881836,28.739999771118164,28.75,50262
2026-09-01 10:05:00-04:00,28.709999084472656,28.7549991607666,28.704999923706055,28.75,62656
2026-09-01 10:06:00-04:00,28.684999465942383,28.725000381469727,28.68000030517578,28.712099075317383,74499
2026-09-01 10:07:00-04:00,28.684999465942383,28.719999313354492,28.68000030517578,28.689699172973633,66356
2026-09-01 10:08:00-04:00,28.69499969482422,28.709999084472656,28.68000030517578,28.684999465942383,85743
2026-09-01 10:09:00-04:00,28.704999923706055,28.704999923706055,28.68000030517578,28.69499969482422,69219
2026-09-01 10:10:00-04:00,28.7549991607666,28.760000228881836,28.69499969482422,28.704999923706055,113956
2026-09-01 10:11:00-04:00,28.7450008392334,28.760000228881836,28.735000610351562,28.7549991607666,62117
2026-09-01 10:12:00-04:00,28.799999237060547,28.80500030517578,28.739999771118164,28.740100860595703,151167
2026-09-01 10:13:00-04:00,28.834999084472656,28.837400436401367,28.790000915527344,28.799999237060547,115910
2026-09-01 10:14:00-04:00,28.850000381469727,28.860000610351562,28.81999969482422,28.834999084472656,118740
2026-09-01 10:15:00-04:00,28.820100784301758,28.854999542236328,28.780000686645508,28.854999542236328,84628
2026-09-01 10:16:00-04:00,28.864999771118164,28.8799991607666,28.81999969482422,28.829999923706055,165089
2026-09-01 10:17:00-04:00,28.875,28.8799991607666,28.851999282836914,28.860000610351562,76538
2026-09-01 10:18:00-04:00,28.875,28.8799991607666,28.864999771118164,28.879899978637695,66310
2026-09-01 10:19:00-04:00,28.889999389648438,28.899999618530273,28.854999542236328,28.875099182128906,57399
2026-09-01 10:20:00-04:00,28.864999771118164,28.889999389648438,28.860000610351562,28.8799991607666,45649
2026-09-01 10:21:00-04:00,28.854999542236328,28.8700008392334,28.854999542236328,28.864999771118164,47662
2026-09-01 10:22:00-04:00,28.844999313354492,28.864999771118164,28.834999084472656,28.854999542236328,83280
2026-09-01 10:23:00-04:00,28.860000610351562,28.860000610351562,28.820100784301758,28.844999313354492,94557
2026-09-01 10:24:00-04:00,28.885000228881836,28.895000457763672,28.860000610351562,28.860000610351562,54771
2026-09-01 10:25:00-04:00,28.8799991607666,28.905000686645508,28.860000610351562,28.889999389648438,107813
2026-09-01 10:26:00-04:00,28.844999313354492,28.8799991607666,28.84000015258789,28.8799991607666,63030
2026-09-01 10:27:00-04:00,28.83209991455078,28.860000610351562,28.829999923706055,28.844999313354492,65325
2026-09-01 10:28:00-04:00,28.815000534057617,28.850000381469727,28.809999465942383,28.834999084472656,38605
2026-09-01 10:29:00-04:00,28.80500030517578,28.815000534057617,28.780000686645508,28.815000534057617,57827
2026-09-01 10:30:00-04:00,28.770000457763672,28.809999465942383,28.770000457763672,28.80500030517578,59589
2026-09-01 10:31:00-04:00,28.774999618530273,28.780000686645508,28.764999389648438,28.774999618530273,28265
2026-09-01 10:32:00-04:00,28.844999313354492,28.844999313354492,28.764999389648438,28.774999618530273,270713
2026-09-01 10:33:00-04:00,28.80500030517578,28.8700008392334,28.80500030517578,28.84000015258789,138144
2026-09-01 10:34:00-04:00,28.78499984741211,28.80500030517578,28.770099639892578,28.799999237060547,63654
2026-09-01 10:35:00-04:00,28.75,28.78499984741211,28.735000610351562,28.78499984741211,72231
2026-09-01 10:36:00-04:00,28.760000228881836,28.78499984741211,28.74329948425293,28.7450008392334,91733
2026-09-01 10:37:00-04:00,28.780000686645508,28.799999237060547,28.760000228881836,28.764999389648438,53027
2026-09-01 10:38:00-04:00,28.78499984741211,28.805099487304688,28.777999877929688,28.777999877929688,118384
2026-09-01 10:39:00-04:00,28.809999465942383,28.827999114990234,28.782100677490234,28.78499984741211,141571
2026-09-01 10:40:00-04:00,28.809999465942383,28.829999923706055,28.790000915527344,28.809999465942383,200562
2026-09-01 10:41:00-04:00,28.799999237060547,28.829999923706055,28.799999237060547,28.819700241088867,95486
2026-09-01 10:42:00-04:00,28.774999618530273,28.80500030517578,28.75,28.795000076293945,80158
2026-09-01 10:43:00-04:00,28.750099182128906,28.774999618530273,28.75,28.770000457763672,96684
2026-09-01 10:44:00-04:00,28.764999389648438,28.780000686645508,28.742000579833984,28.757091522216797,89145
2026-09-01 10:45:00-04:00,28.7450008392334,28.770000457763672,28.729999542236328,28.760000228881836,64659
2026-09-01 10:46:00-04:00,28.760000228881836,28.764999389648438,28.739999771118164,28.7450008392334,75430
2026-09-01 10:47:00-04:00,28.709999084472656,28.75779914855957,28.704999923706055,28.7549991607666,174096
2026-09-01 10:48:00-04:00,28.71500015258789,28.719999313354492,28.709999084472656,28.71500015258789,38433
2026-09-01 10:49:00-04:00,28.709999084472656,28.729999542236328,28.700000762939453,28.71500015258789,69967
2026-09-01 10:50:00-04:00,28.729900360107422,28.729900360107422,28.700000762939453,28.704999923706055,101644
2026-09-01 10:51:00-04:00,28.690000534057617,28.719999313354492,28.690000534057617,28.719999313354492,284962
2026-09-01 10:52:00-04:00,28.684999465942383,28.690000534057617,28.65999984741211,28.684999465942383,81388
2026-09-01 10:53:00-04:00,28.665000915527344,28.71500015258789,28.665000915527344,28.690000534057617,36214
2026-09-01 10:54:00-04:00,28.645000457763672,28.667999267578125,28.639999389648438,28.665000915527344,54039
2026-09-01 10:55:00-04:00,28.665000915527344,28.674999237060547,28.639999389648438,28.645000457763672,58178
2026-09-01 10:56:00-04:00,28.670000076293945,28.690000534057617,28.65999984741211,28.665000915527344,52403
2026-09-01 10:57:00-04:00,28.655000686645508,28.670000076293945,28.649999618530273,28.665000915527344,31375
2026-09-01 10:58:00-04:00,28.665000915527344,28.665000915527344,28.649999618530273,28.655000686645508,44715
2026-09-01 10:59:00-04:00,28.665000915527344,28.670000076293945,28.655000686645508,28.66200065612793,43059
2026-09-01 11:00:00-04:00,28.635000228881836,28.65999984741211,28.6200008392334,28.65999984741211,85213
2026-09-01 11:01:00-04:00,28.625,28.645000457763672,28.6200008392334,28.6299991607666,59974
2026-09-01 11:02:00-04:00,28.6200008392334,28.639999389648438,28.6200008392334,28.628000259399414,137358
2026-09-01 11:03:00-04:00,28.635000228881836,28.635000228881836,28.614999771118164,28.614999771118164,47478
2026-09-01 11:04:00-04:00,28.64579963684082,28.655000686645508,28.6299991607666,28.635000228881836,65689
2026-09-01 11:05:00-04:00,28.635000228881836,28.655000686645508,28.6299991607666,28.645000457763672,128645
2026-09-01 11:06:00-04:00,28.635000228881836,28.635000228881836,28.6200008392334,28.625,21149
2026-09-01 11:07:00-04:00,28.632299423217773,28.655000686645508,28.6200008392334,28.6299991607666,51473
2026-09-01 11:08:00-04:00,28.625,28.635000228881836,28.6200008392334,28.631999969482422,48751
2026-09-01 11:09:00-04:00,28.625,28.6299991607666,28.610000610351562,28.625,45454
2026-09-01 11:10:00-04:00,28.621999740600586,28.639999389648438,28.610000610351562,28.625,72488
2026-09-01 11:11:00-04:00,28.614999771118164,28.62619972229004,28.610000610351562,28.6200008392334,38229
2026-09-01 11:12:00-04:00,28.61199951171875,28.6200008392334,28.600000381469727,28.614999771118164,79124
2026-09-01 11:13:00-04:00,28.614999771118164,28.6200008392334,28.600000381469727,28.614999771118164,47024
2026-09-01 11:14:00-04:00,28.604999542236328,28.614999771118164,28.59000015258789,28.614999771118164,67842
2026-09-01 11:15:00-04:00,28.594999313354492,28.610000610351562,28.584999084472656,28.604999542236328,40531
2026-09-01 11:16:00-04:00,28.600000381469727,28.614999771118164,28.59000015258789,28.594999313354492,59033
2026-09-01 11:17:00-04:00,28.614999771118164,28.614999771118164,28.59749984741211,28.604999542236328,68587
2026-09-01 11:18:00-04:00,28.610000610351562,28.6200008392334,28.610000610351562,28.614999771118164,20999
2026-09-01 11:19:00-04:00,28.59000015258789,28.625,28.59000015258789,28.614999771118164,89299
2026-09-01 11:20:00-04:00,28.59000015258789,28.600000381469727,28.579999923706055,28.594999313354492,97206
2026-09-01 11:21:00-04:00,28.625099182128906,28.628000259399414,28.59000015258789,28.594999313354492,69952
2026-09-01 11:22:00-04:00,28.625,28.639999389648438,28.6200008392334,28.625,56931
2026-09-01 11:23:00-04:00,28.642000198364258,28.645000457763672,28.610000610351562,28.625,71422
2026-09-01 11:24:00-04:00,28.6299991607666,28.649999618530273,28.625,28.645000457763672,30906
2026-09-01 11:25:00-04:00,28.625,28.639999389648438,28.6200008392334,28.6299991607666,78303
2026-09-01 11:26:00-04:00,28.646499633789062,28.649999618530273,28.6200008392334,28.625,117420
2026-09-01 11:27:00-04:00,28.657499313354492,28.657499313354492,28.639999389648438,28.640100479125977,75468
2026-09-01 11:28:00-04:00,28.645000457763672,28.659900665283203,28.639999389648438,28.655000686645508,41898
2026-09-01 11:29:00-04:00,28.6299991607666,28.649999618530273,28.6299991607666,28.639999389648438,69983
2026-09-01 11:30:00-04:00,28.6299991607666,28.639999389648438,28.6200008392334,28.635000228881836,52220
2026-09-01 11:31:00-04:00,28.635000228881836,28.639999389648438,28.6299991607666,28.635000228881836,43519
2026-09-01 11:32:00-04:00,28.625099182128906,28.639999389648438,28.6200008392334,28.6299991607666,47318
2026-09-01 11:33:00-04:00,28.625,28.6299991607666,28.6200008392334,28.625,39366
2026-09-01 11:34:00-04:00,28.635000228881836,28.635000228881836,28.6200008392334,28.625,63308
2026-09-01 11:35:00-04:00,28.635000228881836,28.639999389648438,28.6200008392334,28.635000228881836,80035
2026-09-01 11:36:00-04:00,28.625,28.635000228881836,28.6200008392334,28.6299991607666,64400
2026-09-01 11:37:00-04:00,28.625,28.629899978637695,28.6200008392334,28.6200008392334,23715
2026-09-01 11:38:00-04:00,28.625,28.6299991607666,28.6200008392334,28.625,60314
2026-09-01 11:39:00-04:00,28.635000228881836,28.635000228881836,28.6200008392334,28.625,40372
2026-09-01 11:40:00-04:00,28.625,28.639999389648438,28.6200008392334,28.635000228881836,56552
2026-09-01 11:41:00-04:00,28.59000015258789,28.625497817993164,28.59000015258789,28.6205997467041,66353
2026-09-01 11:42:00-04:00,28.584999084472656,28.58989906311035,28.579999923706055,28.584999084472656,15548
2026-09-01 11:43:00-04:00,28.565000534057617,28.59000015258789,28.559999465942383,28.580400466918945,40381
2026-09-01 11:44:00-04:00,28.555099487304688,28.569900512695312,28.549999237060547,28.569900512695312,124631
2026-09-01 11:45:00-04:00,28.55500030517578,28.565000534057617,28.549999237060547,28.55500030517578,64287
2026-09-01 11:46:00-04:00,28.600000381469727,28.600000381469727,28.55500030517578,28.55500030517578,61232
2026-09-01 11:47:00-04:00,28.583599090576172,28.600000381469727,28.582000732421875,28.59830093383789,66924
2026-09-01 11:48:00-04:00,28.575000762939453,28.582000732421875,28.559999465942383,28.579999923706055,64826
2026-09-01 11:49:00-04:00,28.575000762939453,28.579999923706055,28.565000534057617,28.56999969482422,38598
2026-09-01 11:50:00-04:00,28.565000534057617,28.579999923706055,28.559999465942383,28.575000762939453,66469
2026-09-01 11:51:00-04:00,28.565000534057617,28.56999969482422,28.549999237060547,28.56999969482422,27309
2026-09-01 11:52:00-04:00,28.565000534057617,28.579999923706055,28.559999465942383,28.559999465942383,41275
2026-09-01 11:53:00-04:00,28.564800262451172,28.56999969482422,28.559999465942383,28.565000534057617,30596
2026-09-01 11:54:00-04:00,28.54990005493164,28.565000534057617,28.540000915527344,28.565000534057617,42575
2026-09-01 11:55:00-04:00,28.55500030517578,28.559999465942383,28.540000915527344,28.540000915527344,25604
2026-09-01 11:56:00-04:00,28.55500030517578,28.558637619018555,28.540000915527344,28.549999237060547,44366
2026-09-01 11:57:00-04:00,28.549999237060547,28.559999465942383,28.545000076293945,28.55500030517578,37597
2026-09-01 11:58:00-04:00,28.55500030517578,28.559900283813477,28.549999237060547,28.55500030517578,20843
2026-09-01 11:59:00-04:00,28.545000076293945,28.559999465942383,28.540000915527344,28.55500030517578,28582
2026-09-01 12:00:00-04:00,28.55500030517578,28.559999465942383,28.540000915527344,28.545000076293945,66311
2026-09-01 12:01:00-04:00,28.540700912475586,28.559900283813477,28.540700912475586,28.549999237060547,65580
2026-09-01 12:02:00-04:00,28.520000457763672,28.549999237060547,28.520000457763672,28.540000915527344,79995
2026-09-01 12:03:00-04:00,28.514999389648438,28.530000686645508,28.510000228881836,28.520000457763672,46347
2026-09-01 12:04:00-04:00,28.514999389648438,28.520000457763672,28.510000228881836,28.514999389648438,34199
2026-09-01 12:05:00-04:00,28.524999618530273,28.524999618530273,28.510000228881836,28.510000228881836,55012
2026-09-01 12:06:00-04:00,28.545000076293945,28.559999465942383,28.524999618530273,28.52790069580078,56963
2026-09-01 12:07:00-04:00,28.549999237060547,28.559999465942383,28.540000915527344,28.549699783325195,44711
2026-09-01 12:08:00-04:00,28.55500030517578,28.559999465942383,28.549999237060547,28.55500030517578,54078
2026-09-01 12:09:00-04:00,28.549999237060547,28.559999465942383,28.549999237060547,28.558000564575195,15626
2026-09-01 12:10:00-04:00,28.575000762939453,28.579999923706055,28.549999237060547,28.55500030517578,47614
2026-09-01 12:11:00-04:00,28.57200050354004,28.584999084472656,28.56999969482422,28.56999969482422,57596
2026-09-01 12:12:00-04:00,28.575000762939453,28.579999923706055,28.56999969482422,28.575000762939453,36681
2026-09-01 12:13:00-04:00,28.565000534057617,28.575000762939453,28.559999465942383,28.56999969482422,44847
2026-09-01 12:14:00-04:00,28.559999465942383,28.56999969482422,28.559999465942383,28.559999465942383,61928
2026-09-01 12:15:00-04:00,28.56999969482422,28.579999923706055,28.559999465942383,28.565000534057617,25605
2026-09-01 12:16:00-04:00,28.565000534057617,28.579999923706055,28.559999465942383,28.579999923706055,24642
2026-09-01 12:17:00-04:00,28.540000915527344,28.56999969482422,28.530000686645508,28.565000534057617,33058
2026-09-01 12:18:00-04:00,28.53070068359375,28.54990005493164,28.530000686645508,28.54199981689453,66482
2026-09-01 12:19:00-04:00,28.545000076293945,28.545000076293945,28.530000686645508,28.53499984741211,67030
2026-09-01 12:20:00-04:00,28.54800033569336,28.54800033569336,28.53499984741211,28.544099807739258,83763
2026-09-01 12:21:00-04:00,28.531200408935547,28.549999237060547,28.530000686645508,28.540000915527344,30439
2026-09-01 12:22:00-04:00,28.53499984741211,28.540000915527344,28.530000686645508,28.530000686645508,29266
2026-09-01 12:23:00-04:00,28.524999618530273,28.530000686645508,28.5,28.530000686645508,81554
2026-09-01 12:24:00-04:00,28.524999618530273,28.530000686645508,28.521799087524414,28.524999618530273,13888
2026-09-01 12:25:00-04:00,28.531200408935547,28.53499984741211,28.520000457763672,28.527999877929688,23790
2026-09-01 12:26:00-04:00,28.526399612426758,28.53499984741211,28.520000457763672,28.530000686645508,67796
2026-09-01 12:27:00-04:00,28.520000457763672,28.530000686645508,28.514999389648438,28.524999618530273,41707
2026-09-01 12:28:00-04:00,28.53499984741211,28.538999557495117,28.524999618530273,28.524999618530273,11733
2026-09-01 12:29:00-04:00,28.540000915527344,28.545000076293945,28.530000686645508,28.532499313354492,33837
2026-09-01 12:30:00-04:00,28.554540634155273,28.559999465942383,28.540000915527344,28.540000915527344,34239
2026-09-01 12:31:00-04:00,28.54010009765625,28.559999465942383,28.540000915527344,28.549999237060547,72823
2026-09-01 12:32:00-04:00,28.545000076293945,28.549999237060547,28.530000686645508,28.540000915527344,22196
2026-09-01 12:33:00-04:00,28.545000076293945,28.549999237060547,28.540000915527344,28.545000076293945,13362
2026-09-01 12:34:00-04:00,28.53499984741211,28.545000076293945,28.530000686645508,28.540000915527344,30997
2026-09-01 12:35:00-04:00,28.524999618530273,28.540000915527344,28.520000457763672,28.53510093688965,53131
2026-09-01 12:36:00-04:00,28.514999389648438,28.53499984741211,28.510000228881836,28.524999618530273,48431
2026-09-01 12:37:00-04:00,28.530000686645508,28.530000686645508,28.510000228881836,28.511699676513672,32231
2026-09-01 12:38:00-04:00,28.524999618530273,28.530000686645508,28.514999389648438,28.524999618530273,26341
2026-09-01 12:39:00-04:00,28.530000686645508,28.530000686645508,28.520000457763672,28.525400161743164,23079
2026-09-01 12:40:00-04:00,28.524999618530273,28.530000686645508,28.520000457763672,28.530000686645508,25228
2026-09-01 12:41:00-04:00,28.53499984741211,28.53499984741211,28.520000457763672,28.530000686645508,33432
2026-09-01 12:42:00-04:00,28.54642105102539,28.54642105102539,28.530799865722656,28.53499984741211,27548
2026-09-01 12:43:00-04:00,28.540700912475586,28.545000076293945,28.530000686645508,28.545000076293945,54319
2026-09-01 12:44:00-04:00,28.545000076293945,28.549999237060547,28.54010009765625,28.545000076293945,18382
2026-09-01 12:45:00-04:00,28.540000915527344,28.545000076293945,28.530000686645508,28.540000915527344,44314
2026-09-01 12:46:00-04:00,28.549999237060547,28.584999084472656,28.530000686645508,28.530000686645508,519197
2026-09-01 12:47:00-04:00,28.559999465942383,28.579999923706055,28.549999237060547,28.55500030517578,130999
2026-09-01 12:48:00-04:00,28.565000534057617,28.56999969482422,28.55500030517578,28.565000534057617,39138
2026-09-01 12:49:00-04:00,28.575000762939453,28.579999923706055,28.559999465942383,28.563400268554688,21037
2026-09-01 12:50:00-04:00,28.565000534057617,28.579999923706055,28.559999465942383,28.56999969482422,31531
2026-09-01 12:51:00-04:00,28.540000915527344,28.56999969482422,28.540000915527344,28.56999969482422,21086
2026-09-01 12:52:00-04:00,28.53499984741211,28.541200637817383,28.530000686645508,28.540000915527344,21305
2026-09-01 12:53:00-04:00,28.55500030517578,28.55500030517578,28.530000686645508,28.53499984741211,50082
2026-09-01 12:54:00-04:00,28.55500030517578,28.559999465942383,28.549999237060547,28.549999237060547,18671
2026-09-01 12:55:00-04:00,28.530000686645508,28.559999465942383,28.530000686645508,28.55500030517578,33207
2026-09-01 12:56:00-04:00,28.510000228881836,28.53499984741211,28.510000228881836,28.530000686645508,140905
2026-09-01 12:57:00-04:00,28.514999389648438,28.530000686645508,28.510000228881836,28.514999389648438,48445
2026-09-01 12:58:00-04:00,28.530000686645508,28.530000686645508,28.514999389648438,28.514999389648438,26761
2026-09-01 12:59:00-04:00,28.514999389648438,28.527099609375,28.510000228881836,28.520000457763672,40681
2026-09-01 13:00:00-04:00,28.524999618530273,28.53499984741211,28.510000228881836,28.514999389648438,74679
2026-09-01 13:01:00-04:00,28.53499984741211,28.539400100708008,28.520000457763672,28.52079963684082,15801
2026-09-01 13:02:00-04:00,28.56999969482422,28.56999969482422,28.53230094909668,28.53499984741211,49532
2026-09-01 13:03:00-04:00,28.594999313354492,28.604999542236328,28.559999465942383,28.565000534057617,100509
2026-09-01 13:04:00-04:00,28.59000015258789,28.600000381469727,28.58209991455078,28.59000015258789,43107
2026-09-01 13:05:00-04:00,28.594999313354492,28.604999542236328,28.59000015258789,28.594999313354492,233751
2026-09-01 13:06:00-04:00,28.590700149536133,28.610000610351562,28.59000015258789,28.594999313354492,55190
2026-09-01 13:07:00-04:00,28.600000381469727,28.600000381469727,28.59000015258789,28.59000015258789,27070
2026-09-01 13:08:00-04:00,28.604999542236328,28.606599807739258,28.59000015258789,28.599899291992188,24408
2026-09-01 13:09:00-04:00,28.618000030517578,28.618000030517578,28.600000381469727,28.600000381469727,17001
2026-09-01 13:10:00-04:00,28.639999389648438,28.639999389648438,28.610000610351562,28.610000610351562,38489
2026-09-01 13:11:00-04:00,28.635000228881836,28.645000457763672,28.6299991607666,28.6299991607666,74010
2026-09-01 13:12:00-04:00,28.625,28.639999389648438,28.6200008392334,28.635000228881836,44001
2026-09-01 13:13:00-04:00,28.614999771118164,28.625099182128906,28.614999771118164,28.625,29556
2026-09-01 13:14:00-04:00,28.6200008392334,28.6299991607666,28.610000610351562,28.610000610351562,27492
2026-09-01 13:15:00-04:00,28.625,28.6299991607666,28.6200008392334,28.625,8620
2026-09-01 13:16:00-04:00,28.625,28.6299991607666,28.6200008392334,28.625,22893
2026-09-01 13:17:00-04:00,28.614999771118164,28.6299991607666,28.610000610351562,28.625,48961
2026-09-01 13:18:00-04:00,28.61949920654297,28.6299991607666,28.610000610351562,28.614999771118164,38005
2026-09-01 13:19:00-04:00,28.614999771118164,28.625,28.610000610351562,28.610000610351562,35017
2026-09-01 13:20:00-04:00,28.6200008392334,28.6200008392334,28.610000610351562,28.614999771118164,19002
2026-09-01 13:21:00-04:00,28.610000610351562,28.6200008392334,28.610000610351562,28.610000610351562,25792
2026-09-01 13:22:00-04:00,28.601999282836914,28.6200008392334,28.600000381469727,28.610000610351562,23503
2026-09-01 13:23:00-04:00,28.610000610351562,28.610000610351562,28.600000381469727,28.601999282836914,66740
2026-09-01 13:24:00-04:00,28.610000610351562,28.610000610351562,28.600000381469727,28.600000381469727,13129
2026-09-01 13:25:00-04:00,28.614999771118164,28.614999771118164,28.600000381469727,28.604999542236328,41359
2026-09-01 13:26:00-04:00,28.6299991607666,28.6299991607666,28.61989974975586,28.6200008392334,46162
2026-09-01 13:27:00-04:00,28.6299991607666,28.6299991607666,28.6200008392334,28.625,34585
2026-09-01 13:28:00-04:00,28.614999771118164,28.6299991607666,28.610000610351562,28.625,30334
2026-09-01 13:29:00-04:00,28.614999771118164,28.6299991607666,28.610000610351562,28.614999771118164,45696
2026-09-01 13:30:00-04:00,28.604999542236328,28.6200008392334,28.59000015258789,28.614999771118164,58920
2026-09-01 13:31:00-04:00,28.604999542236328,28.610000610351562,28.600000381469727,28.604999542236328,25530
2026-09-01 13:32:00-04:00,28.604999542236328,28.610000610351562,28.600000381469727,28.600000381469727,20341
2026-09-01 13:33:00-04:00,28.604999542236328,28.610000610351562,28.600000381469727,28.604999542236328,53754
2026-09-01 13:34:00-04:00,28.614999771118164,28.6200008392334,28.600000381469727,28.604999542236328,205190
2026-09-01 13:35:00-04:00,28.625,28.6299991607666,28.610000610351562,28.614999771118164,119790
2026-09-01 13:36:00-04:00,28.645000457763672,28.645000457763672,28.6200008392334,28.625,71802
2026-09-01 13:37:00-04:00,28.625,28.649999618530273,28.624500274658203,28.645000457763672,104048
2026-09-01 13:38:00-04:00,28.6200008392334,28.635000228881836,28.610000610351562,28.6299991607666,56593
2026-09-01 13:39:00-04:00,28.604999542236328,28.6299991607666,28.600000381469727,28.625,57168
2026-09-01 13:40:00-04:00,28.610000610351562,28.6200008392334,28.600000381469727,28.604999542236328,51463
2026-09-01 13:41:00-04:00,28.594999313354492,28.610000610351562,28.59000015258789,28.604999542236328,19735
2026-09-01 13:42:00-04:00,28.600000381469727,28.600000381469727,28.59000015258789,28.594999313354492,26559
2026-09-01 13:43:00-04:00,28.594999313354492,28.600000381469727,28.59000015258789,28.594999313354492,34399
2026-09-01 13:44:00-04:00,28.584999084472656,28.600000381469727,28.579999923706055,28.594999313354492,25374
2026-09-01 13:45:00-04:00,28.604999542236328,28.610000610351562,28.584999084472656,28.584999084472656,78231
2026-09-01 13:46:00-04:00,28.614999771118164,28.6200008392334,28.600000381469727,28.604999542236328,57122
2026-09-01 13:47:00-04:00,28.604999542236328,28.6200008392334,28.600000381469727,28.614999771118164,31056
2026-09-01 13:48:00-04:00,28.594999313354492,28.610000610351562,28.59000015258789,28.604999542236328,61892
2026-09-01 13:49:00-04:00,28.590700149536133,28.610000610351562,28.59000015258789,28.599899291992188,37292
2026-09-01 13:50:00-04:00,28.594999313354492,28.600000381469727,28.59000015258789,28.59000015258789,13575
2026-09-01 13:51:00-04:00,28.594999313354492,28.600000381469727,28.579999923706055,28.59000015258789,43276
2026-09-01 13:52:00-04:00,28.594999313354492,28.610000610351562,28.59000015258789,28.594999313354492,42929
2026-09-01 13:53:00-04:00,28.59000015258789,28.600000381469727,28.582399368286133,28.59000015258789,50165
2026-09-01 13:54:00-04:00,28.594999313354492,28.600000381469727,28.59000015258789,28.600000381469727,14701
2026-09-01 13:55:00-04:00,28.594999313354492,28.600000381469727,28.59000015258789,28.594999313354492,36465
2026-09-01 13:56:00-04:00,28.604999542236328,28.610000610351562,28.59000015258789,28.594999313354492,55776
2026-09-01 13:57:00-04:00,28.598899841308594,28.604999542236328,28.59000015258789,28.604999542236328,37701
2026-09-01 13:58:00-04:00,28.591999053955078,28.610000610351562,28.591999053955078,28.594999313354492,45685
2026-09-01 13:59:00-04:00,28.604999542236328,28.610000610351562,28.594999313354492,28.597999572753906,29213
2026-09-01 14:00:00-04:00,28.594999313354492,28.604999542236328,28.584999084472656,28.604999542236328,62651
2026-09-01 14:01:00-04:00,28.575000762939453,28.600000381469727,28.56999969482422,28.594999313354492,43712
2026-09-01 14:02:00-04:00,28.565000534057617,28.579999923706055,28.559999465942383,28.575000762939453,27488
2026-09-01 14:03:00-04:00,28.559999465942383,28.56999969482422,28.559999465942383,28.565000534057617,26253
2026-09-01 14:04:00-04:00,28.559999465942383,28.56999969482422,28.549999237060547,28.565000534057617,82211
2026-09-01 14:05:00-04:00,28.559999465942383,28.56999969482422,28.559999465942383,28.56999969482422,25833
2026-09-01 14:06:00-04:00,28.565000534057617,28.56999969482422,28.545000076293945,28.565200805664062,66068
2026-09-01 14:07:00-04:00,28.559999465942383,28.56999969482422,28.559999465942383,28.565000534057617,7999
2026-09-01 14:08:00-04:00,28.59000015258789,28.59000015258789,28.559999465942383,28.565000534057617,87977
2026-09-01 14:09:00-04:00,28.56999969482422,28.59000015258789,28.56999969482422,28.59000015258789,58158
2026-09-01 14:10:00-04:00,28.565000534057617,28.579999923706055,28.549999237060547,28.575000762939453,78344
2026-09-01 14:11:00-04:00,28.55500030517578,28.59000015258789,28.549999237060547,28.565000534057617,122683
2026-09-01 14:12:00-04:00,28.565000534057617,28.56999969482422,28.549999237060547,28.55500030517578,34011
2026-09-01 14:13:00-04:00,28.56999969482422,28.56999969482422,28.559999465942383,28.56999969482422,24707
2026-09-01 14:14:00-04:00,28.55500030517578,28.56999969482422,28.549999237060547,28.559999465942383,75210
2026-09-01 14:15:00-04:00,28.565000534057617,28.565000534057617,28.549999237060547,28.55500030517578,25181
2026-09-01 14:16:00-04:00,28.575000762939453,28.579999923706055,28.559999465942383,28.565000534057617,39853
2026-09-01 14:17:00-04:00,28.584999084472656,28.584999084472656,28.56999969482422,28.575000762939453,18453
2026-09-01 14:18:00-04:00,28.570100784301758,28.584999084472656,28.565000534057617,28.584999084472656,58709
2026-09-01 14:19:00-04:00,28.565000534057617,28.56999969482422,28.559999465942383,28.56999969482422,20569
2026-09-01 14:20:00-04:00,28.565000534057617,28.56999969482422,28.559999465942383,28.559999465942383,21908
2026-09-01 14:21:00-04:00,28.565000534057617,28.575000762939453,28.564199447631836,28.565000534057617,33276
2026-09-01 14:22:00-04:00,28.545000076293945,28.565000534057617,28.540000915527344,28.565000534057617,168496
2026-09-01 14:23:00-04:00,28.533000946044922,28.549999237060547,28.530000686645508,28.540000915527344,29758
2026-09-01 14:24:00-04:00,28.520000457763672,28.53499984741211,28.520000457763672,28.53499984741211,27120
2026-09-01 14:25:00-04:00,28.520000457763672,28.530000686645508,28.520000457763672,28.520000457763672,33926
2026-09-01 14:26:00-04:00,28.524999618530273,28.530000686645508,28.520000457763672,28.530000686645508,12330
2026-09-01 14:27:00-04:00,28.514999389648438,28.530000686645508,28.510000228881836,28.524999618530273,31016
2026-09-01 14:28:00-04:00,28.514999389648438,28.520000457763672,28.5049991607666,28.510000228881836,128311
2026-09-01 14:29:00-04:00,28.524999618530273,28.524999618530273,28.5049991607666,28.510000228881836,64256
2026-09-01 14:30:00-04:00,28.53499984741211,28.540000915527344,28.520000457763672,28.524999618530273,23533
2026-09-01 14:31:00-04:00,28.530000686645508,28.540000915527344,28.530000686645508,28.53499984741211,58470
2026-09-01 14:32:00-04:00,28.530000686645508,28.540000915527344,28.520000457763672,28.5310001373291,59559
2026-09-01 14:33:00-04:00,28.53499984741211,28.540000915527344,28.520000457763672,28.53499984741211,27702
2026-09-01 14:34:00-04:00,28.53499984741211,28.53499984741211,28.520000457763672,28.530000686645508,49878
2026-09-01 14:35:00-04:00,28.524999618530273,28.540000915527344,28.524999618530273,28.530000686645508,45819
2026-09-01 14:36:00-04:00,28.53499984741211,28.540000915527344,28.520000457763672,28.527999877929688,53385
2026-09-01 14:37:00-04:00,28.524999618530273,28.540000915527344,28.524999618530273,28.53499984741211,47299
2026-09-01 14:38:00-04:00,28.516199111938477,28.524999618530273,28.514999389648438,28.520000457763672,38859
2026-09-01 14:39:00-04:00,28.516199111938477,28.518999099731445,28.510000228881836,28.514999389648438,28625
2026-09-01 14:40:00-04:00,28.514999389648438,28.519899368286133,28.510000228881836,28.514999389648438,26258
2026-09-01 14:41:00-04:00,28.510000228881836,28.520000457763672,28.5,28.510099411010742,42212
2026-09-01 14:42:00-04:00,28.510799407958984,28.520000457763672,28.510000228881836,28.51799964904785,27062
2026-09-01 14:43:00-04:00,28.514999389648438,28.520000457763672,28.510000228881836,28.510000228881836,29307
2026-09-01 14:44:00-04:00,28.514999389648438,28.520000457763672,28.510000228881836,28.514999389648438,18047
2026-09-01 14:45:00-04:00,28.489999771118164,28.514999389648438,28.489999771118164,28.510000228881836,91230
2026-09-01 14:46:00-04:00,28.4950008392334,28.5,28.489999771118164,28.489999771118164,28300
2026-09-01 14:47:00-04:00,28.469999313354492,28.5,28.46500015258789,28.4950008392334,113052
2026-09-01 14:48:00-04:00,28.4950008392334,28.4950008392334,28.469999313354492,28.469999313354492,48607
2026-09-01 14:49:00-04:00,28.489999771118164,28.5,28.489999771118164,28.492300033569336,21757
2026-09-01 14:50:00-04:00,28.485000610351562,28.499900817871094,28.479999542236328,28.4950008392334,66279
2026-09-01 14:51:00-04:00,28.500600814819336,28.510000228881836,28.479999542236328,28.479999542236328,52960
2026-09-01 14:52:00-04:00,28.4950008392334,28.5049991607666,28.489999771118164,28.5049991607666,40009
2026-09-01 14:53:00-04:00,28.485000610351562,28.5,28.485000610351562,28.490999221801758,31036
2026-09-01 14:54:00-04:00,28.485000610351562,28.489999771118164,28.479999542236328,28.485000610351562,21253
2026-09-01 14:55:00-04:00,28.480600357055664,28.489999771118164,28.479999542236328,28.485000610351562,27195
2026-09-01 14:56:00-04:00,28.480100631713867,28.489999771118164,28.479999542236328,28.479999542236328,46795
2026-09-01 14:57:00-04:00,28.485000610351562,28.489999771118164,28.479999542236328,28.485000610351562,19364
2026-09-01 14:58:00-04:00,28.485000610351562,28.489999771118164,28.479999542236328,28.485000610351562,28884
2026-09-01 14:59:00-04:00,28.475000381469727,28.489999771118164,28.475000381469727,28.485000610351562,40793
2026-09-01 15:00:00-04:00,28.469999313354492,28.489999771118164,28.469999313354492,28.475000381469727,90341
2026-09-01 15:01:00-04:00,28.469999313354492,28.479999542236328,28.469999313354492,28.479999542236328,23874
2026-09-01 15:02:00-04:00,28.469999313354492,28.479999542236328,28.469999313354492,28.469999313354492,20257
2026-09-01 15:03:00-04:00,28.485000610351562,28.489999771118164,28.469999313354492,28.472000122070312,51164
2026-09-01 15:04:00-04:00,28.4950008392334,28.5,28.479999542236328,28.479999542236328,30911
2026-09-01 15:05:00-04:00,28.475000381469727,28.4950008392334,28.47330093383789,28.4950008392334,38814
2026-09-01 15:06:00-04:00,28.4783992767334,28.485000610351562,28.47010040283203,28.475000381469727,56473
2026-09-01 15:07:00-04:00,28.49169921875,28.5,28.469999313354492,28.469999313354492,59439
2026-09-01 15:08:00-04:00,28.5049991607666,28.507999420166016,28.489999771118164,28.4950008392334,30716
2026-09-01 15:09:00-04:00,28.485000610351562,28.5049991607666,28.479999542236328,28.5049991607666,30896
2026-09-01 15:10:00-04:00,28.4950008392334,28.5,28.479999542236328,28.489999771118164,36729
2026-09-01 15:11:00-04:00,28.4950008392334,28.5,28.489999771118164,28.489999771118164,25211
2026-09-01 15:12:00-04:00,28.5049991607666,28.510000228881836,28.489999771118164,28.4950008392334,21273
2026-09-01 15:13:00-04:00,28.51580047607422,28.520000457763672,28.5,28.5049991607666,75416
2026-09-01 15:14:00-04:00,28.5049991607666,28.514999389648438,28.5,28.510000228881836,53753
2026-09-01 15:15:00-04:00,28.510000228881836,28.520000457763672,28.5049991607666,28.5049991607666,49258
2026-09-01 15:16:00-04:00,28.5049991607666,28.520000457763672,28.489999771118164,28.514999389648438,60478
2026-09-01 15:17:00-04:00,28.5049991607666,28.510000228881836,28.5,28.5049991607666,22494
2026-09-01 15:18:00-04:00,28.489999771118164,28.514999389648438,28.489999771118164,28.510000228881836,89566
2026-09-01 15:19:00-04:00,28.507999420166016,28.510000228881836,28.489999771118164,28.4950008392334,24103
2026-09-01 15:20:00-04:00,28.5049991607666,28.510000228881836,28.4950008392334,28.5,41570
2026-09-01 15:21:00-04:00,28.5049991607666,28.510000228881836,28.489999771118164,28.509300231933594,58305
2026-09-01 15:22:00-04:00,28.510099411010742,28.520000457763672,28.5,28.5049991607666,44913
2026-09-01 15:23:00-04:00,28.5049991607666,28.520000457763672,28.5049991607666,28.510000228881836,32092
2026-09-01 15:24:00-04:00,28.5049991607666,28.510000228881836,28.5,28.5049991607666,14127
2026-09-01 15:25:00-04:00,28.524999618530273,28.524999618530273,28.5,28.50640869140625,69806
2026-09-01 15:26:00-04:00,28.520000457763672,28.530000686645508,28.520000457763672,28.524999618530273,51088
2026-09-01 15:27:00-04:00,28.520000457763672,28.530000686645508,28.520000457763672,28.524999618530273,47760
2026-09-01 15:28:00-04:00,28.524999618530273,28.53499984741211,28.520000457763672,28.520099639892578,66895
2026-09-01 15:29:00-04:00,28.514999389648438,28.524999618530273,28.510000228881836,28.524999618530273,28016
2026-09-01 15:30:00-04:00,28.53499984741211,28.53499984741211,28.510000228881836,28.514999389648438,100793
2026-09-01 15:31:00-04:00,28.53499984741211,28.547800064086914,28.520000457763672,28.53499984741211,90044
2026-09-01 15:32:00-04:00,28.524999618530273,28.53499984741211,28.524999618530273,28.53499984741211,54568
2026-09-01 15:33:00-04:00,28.52899932861328,28.530000686645508,28.520000457763672,28.530000686645508,34550
2026-09-01 15:34:00-04:00,28.520000457763672,28.530000686645508,28.510000228881836,28.524999618530273,65007
2026-09-01 15:35:00-04:00,28.514999389648438,28.530000686645508,28.514999389648438,28.520000457763672,104535
2026-09-01 15:36:00-04:00,28.514999389648438,28.520000457763672,28.5,28.51180076599121,60531
2026-09-01 15:37:00-04:00,28.510000228881836,28.520000457763672,28.510000228881836,28.514999389648438,36091
2026-09-01 15:38:00-04:00,28.530000686645508,28.540000915527344,28.5049991607666,28.514999389648438,178322
2026-09-01 15:39:00-04:00,28.545000076293945,28.54990005493164,28.530000686645508,28.53499984741211,71009
2026-09-01 15:40:00-04:00,28.545000076293945,28.549999237060547,28.540000915527344,28.545000076293945,59200
2026-09-01 15:41:00-04:00,28.530000686645508,28.549999237060547,28.530000686645508,28.545000076293945,52140
2026-09-01 15:42:00-04:00,28.53499984741211,28.53499984741211,28.530000686645508,28.530099868774414,22224
2026-09-01 15:43:00-04:00,28.524999618530273,28.540000915527344,28.520000457763672,28.530000686645508,59045
2026-09-01 15:44:00-04:00,28.5049991607666,28.530000686645508,28.5,28.524999618530273,55507
2026-09-01 15:45:00-04:00,28.530000686645508,28.530000686645508,28.5,28.5049991607666,75217
2026-09-01 15:46:00-04:00,28.530000686645508,28.530000686645508,28.520000457763672,28.52739906311035,38529
2026-09-01 15:47:00-04:00,28.5226993560791,28.53499984741211,28.520000457763672,28.530000686645508,99536
2026-09-01 15:48:00-04:00,28.510000228881836,28.530000686645508,28.510000228881836,28.520000457763672,60105
2026-09-01 15:49:00-04:00,28.4950008392334,28.520000457763672,28.489999771118164,28.510000228881836,102924
2026-09-01 15:50:00-04:00,28.514999389648438,28.520000457763672,28.4950008392334,28.5,190797
2026-09-01 15:51:00-04:00,28.5,28.520000457763672,28.5,28.514999389648438,80097
2026-09-01 15:52:00-04:00,28.510000228881836,28.510000228881836,28.5,28.5049991607666,77506
2026-09-01 15:53:00-04:00,28.514999389648438,28.524999618530273,28.489999771118164,28.5049991607666,338468
2026-09-01 15:54:00-04:00,28.510000228881836,28.520000457763672,28.5,28.514999389648438,179638
2026-09-01 15:55:00-04:00,28.485000610351562,28.520000457763672,28.479999542236328,28.510000228881836,180342
2026-09-01 15:56:00-04:00,28.545000076293945,28.549999237060547,28.479999542236328,28.485000610351562,585180
2026-09-01 15:57:00-04:00,28.545000076293945,28.559999465942383,28.540000915527344,28.549999237060547,276960
2026-09-01 15:58:00-04:00,28.565000534057617,28.56999969482422,28.545000076293945,28.545000076293945,274709
2026-09-01 15:59:00-04:00,28.56999969482422,28.56999969482422,28.540000915527344,28.565000534057617,589364
2026-09-02 09:30:00-04:00,28.809999465942383,28.81999969482422,28.719999313354492,28.790000915527344,740607
2026-09-02 09:31:00-04:00,28.780000686645508,28.815000534057617,28.704999923706055,28.809999465942383,154344
2026-09-02 09:32:00-04:00,28.78499984741211,28.84000015258789,28.76059913635254,28.780000686645508,85680
2026-09-02 09:33:00-04:00,28.828100204467773,28.829999923706055,28.781999588012695,28.784099578857422,47573
2026-09-02 09:34:00-04:00,28.895000457763672,28.899999618530273,28.80500030517578,28.81999969482422,133126
2026-09-02 09:35:00-04:00,28.915000915527344,28.920000076293945,28.885000228881836,28.895000457763672,205441
2026-09-02 09:36:00-04:00,28.934999465942383,28.96500015258789,28.90999984741211,28.920000076293945,167209
2026-09-02 09:37:00-04:00,28.854999542236328,28.940000534057617,28.854999542236328,28.93000030517578,125327
2026-09-02 09:38:00-04:00,28.86009979248047,28.885000228881836,28.84000015258789,28.854999542236328,93027
2026-09-02 09:39:00-04:00,28.8799991607666,28.889999389648438,28.860000610351562,28.864999771118164,46268
2026-09-02 09:40:00-04:00,28.864999771118164,28.89629554748535,28.850000381469727,28.887195587158203,45843
2026-09-02 09:41:00-04:00,28.8799991607666,28.899999618530273,28.862499237060547,28.867399215698242,65290
2026-09-02 09:42:00-04:00,28.859899520874023,28.895000457763672,28.850000381469727,28.8799991607666,81089
2026-09-02 09:43:00-04:00,28.875,28.899999618530273,28.860000610351562,28.860000610351562,59608
2026-09-02 09:44:00-04:00,28.885000228881836,28.895000457763672,28.850000381469727,28.864999771118164,81787
2026-09-02 09:45:00-04:00,28.864999771118164,28.93000030517578,28.864999771118164,28.885000228881836,179583
2026-09-02 09:46:00-04:00,28.870100021362305,28.881999969482422,28.860000610351562,28.869400024414062,60522
2026-09-02 09:47:00-04:00,28.87969970703125,28.8799991607666,28.84000015258789,28.8700008392334,51922
2026-09-02 09:48:00-04:00,28.915000915527344,28.924999237060547,28.875,28.8799991607666,207781
2026-09-02 09:49:00-04:00,28.950000762939453,29.0049991607666,28.915000915527344,28.915000915527344,610061
2026-09-02 09:50:00-04:00,28.905000686645508,28.950000762939453,28.895000457763672,28.94809913635254,101793
2026-09-02 09:51:00-04:00,28.915000915527344,28.920000076293945,28.899999618530273,28.90999984741211,101157
2026-09-02 09:52:00-04:00,28.94499969482422,28.950000762939453,28.915000915527344,28.915000915527344,62152
2026-09-02 09:53:00-04:00,28.959999084472656,28.96500015258789,28.920000076293945,28.950000762939453,217091
2026-09-02 09:54:00-04:00,28.979999542236328,28.989999771118164,28.954999923706055,28.954999923706055,163287
2026-09-02 09:55:00-04:00,28.934999465942383,28.979999542236328,28.924999237060547,28.97010040283203,102455
2026-09-02 09:56:00-04:00,28.94499969482422,29.0,28.934999465942383,28.937999725341797,64575
2026-09-02 09:57:00-04:00,28.93000030517578,28.94499969482422,28.90999984741211,28.94499969482422,63551
2026-09-02 09:58:00-04:00,28.90999984741211,28.940000534057617,28.905000686645508,28.924999237060547,56294
2026-09-02 09:59:00-04:00,28.927799224853516,28.950000762939453,28.905000686645508,28.915000915527344,124671
2026-09-02 10:00:00-04:00,28.989999771118164,28.989999771118164,28.915000915527344,28.924999237060547,152371
2026-09-02 10:01:00-04:00,29.045000076293945,29.045000076293945,28.989999771118164,28.989999771118164,2993093
2026-09-02 10:02:00-04:00,29.077499389648438,29.09000015258789,29.04010009765625,29.045000076293945,224207
2026-09-02 10:03:00-04:00,29.040000915527344,29.079999923706055,29.020000457763672,29.075000762939453,85378
2026-09-02 10:04:00-04:00,28.975000381469727,29.03499984741211,28.975000381469727,29.03019905090332,120185
2026-09-02 10:05:00-04:00,28.950000762939453,29.0,28.93000030517578,28.979999542236328,114943
2026-09-02 10:06:00-04:00,28.975000381469727,28.979999542236328,28.940000534057617,28.950000762939453,63674
2026-09-02 10:07:00-04:00,28.950000762939453,28.979999542236328,28.94499969482422,28.975000381469727,120566
2026-09-02 10:08:00-04:00,28.889999389648438,28.94499969482422,28.885000228881836,28.94499969482422,110402
2026-09-02 10:09:00-04:00,28.875,28.899999618530273,28.8700008392334,28.889999389648438,71276
2026-09-02 10:10:00-04:00,28.864999771118164,28.8794002532959,28.860000610351562,28.872100830078125,67500
2026-09-02 10:11:00-04:00,28.836299896240234,28.8700008392334,28.81999969482422,28.86199951171875,78156
2026-09-02 10:12:00-04:00,28.851299285888672,28.864999771118164,28.832000732421875,28.834999084472656,72057
2026-09-02 10:13:00-04:00,28.854999542236328,28.860000610351562,28.84000015258789,28.854999542236328,48349
2026-09-02 10:14:00-04:00,28.829999923706055,28.860000610351562,28.829999923706055,28.854999542236328,42580
2026-09-02 10:15:00-04:00,28.809999465942383,28.825000762939453,28.795000076293945,28.825000762939453,68665
2026-09-02 10:16:00-04:00,28.825000762939453,28.829999923706055,28.795000076293945,28.809999465942383,64643
2026-09-02 10:17:00-04:00,28.81999969482422,28.81999969482422,28.78499984741211,28.81999969482422,62867
2026-09-02 10:18:00-04:00,28.81800079345703,28.829999923706055,28.795000076293945,28.815000534057617,87701
2026-09-02 10:19:00-04:00,28.78499984741211,28.819900512695312,28.780000686645508,28.815000534057617,104222
2026-09-02 10:20:00-04:00,28.81999969482422,28.81999969482422,28.780000686645508,28.78499984741211,83697
2026-09-02 10:21:00-04:00,28.81999969482422,28.81999969482422,28.799999237060547,28.815000534057617,148441
2026-09-02 10:22:00-04:00,28.78499984741211,28.825000762939453,28.780000686645508,28.825000762939453,36994
2026-09-02 10:23:00-04:00,28.785999298095703,28.785999298095703,28.770000457763672,28.78499984741211,53068
2026-09-02 10:24:00-04:00,28.81999969482422,28.8262996673584,28.78499984741211,28.788000106811523,29191
2026-09-02 10:25:00-04:00,28.825000762939453,28.84000015258789,28.80500030517578,28.825000762939453,55305
2026-09-02 10:26:00-04:00,28.829999923706055,28.834999084472656,28.815000534057617,28.825000762939453,43095
2026-09-02 10:27:00-04:00,28.854999542236328,28.860000610351562,28.829999923706055,28.834999084472656,45744
2026-09-02 10:28:00-04:00,28.834999084472656,28.854999542236328,28.834999084472656,28.854999542236328,61714
2026-09-02 10:29:00-04:00,28.829999923706055,28.83307647705078,28.815000534057617,28.83307647705078,34718
2026-09-02 10:30:00-04:00,28.838300704956055,28.857093811035156,28.829999923706055,28.829999923706055,46967
2026-09-02 10:31:00-04:00,28.834999084472656,28.844999313354492,28.83009910583496,28.834999084472656,37991
2026-09-02 10:32:00-04:00,28.825000762939453,28.850000381469727,28.81999969482422,28.833200454711914,38642
2026-09-02 10:33:00-04:00,28.78499984741211,28.825000762939453,28.78499984741211,28.825000762939453,77693
2026-09-02 10:34:00-04:00,28.809999465942383,28.809999465942383,28.770000457763672,28.78070068359375,45302
2026-09-02 10:35:00-04:00,28.809999465942383,28.81999969482422,28.795000076293945,28.80500030517578,49644
2026-09-02 10:36:00-04:00,28.780000686645508,28.809999465942383,28.774999618530273,28.799999237060547,43317
2026-09-02 10:37:00-04:00,28.790000915527344,28.799999237060547,28.770099639892578,28.780000686645508,19563
2026-09-02 10:38:00-04:00,28.79010009765625,28.80500030517578,28.774999618530273,28.799999237060547,53273
2026-09-02 10:39:00-04:00,28.795000076293945,28.809999465942383,28.790000915527344,28.795000076293945,36967
2026-09-02 10:40:00-04:00,28.80500030517578,28.809999465942383,28.790000915527344,28.795000076293945,35006
2026-09-02 10:41:00-04:00,28.80500030517578,28.809999465942383,28.790000915527344,28.799999237060547,33989
2026-09-02 10:42:00-04:00,28.810699462890625,28.810699462890625,28.790000915527344,28.80500030517578,29905
2026-09-02 10:43:00-04:00,28.829299926757812,28.829299926757812,28.810100555419922,28.810100555419922,40176
2026-09-02 10:44:00-04:00,28.84000015258789,28.847742080688477,28.825000762939453,28.825000762939453,28712
2026-09-02 10:45:00-04:00,28.825000762939453,28.844999313354492,28.81999969482422,28.84000015258789,54803
2026-09-02 10:46:00-04:00,28.825000762939453,28.827999114990234,28.815000534057617,28.82200050354004,27309
2026-09-02 10:47:00-04:00,28.809999465942383,28.829999923706055,28.809999465942383,28.825000762939453,32377
2026-09-02 10:48:00-04:00,28.825000762939453,28.825000762939453,28.810699462890625,28.810699462890625,31554
2026-09-02 10:49:00-04:00,28.809999465942383,28.829999923706055,28.809999465942383,28.825000762939453,25885
2026-09-02 10:50:00-04:00,28.80500030517578,28.81999969482422,28.799999237060547,28.813800811767578,22615
2026-09-02 10:51:00-04:00,28.795000076293945,28.80500030517578,28.780000686645508,28.802099227905273,46607
2026-09-02 10:52:00-04:00,28.80069923400879,28.809999465942383,28.780000686645508,28.795000076293945,41103
2026-09-02 10:53:00-04:00,28.799999237060547,28.809999465942383,28.790000915527344,28.80500030517578,27387
2026-09-02 10:54:00-04:00,28.816200256347656,28.81999969482422,28.795000076293945,28.807300567626953,49236
2026-09-02 10:55:00-04:00,28.809999465942383,28.81999969482422,28.80500030517578,28.809999465942383,23316
2026-09-02 10:56:00-04:00,28.81999969482422,28.81999969482422,28.802000045776367,28.809499740600586,25006
2026-09-02 10:57:00-04:00,28.815000534057617,28.829999923706055,28.810100555419922,28.81999969482422,168298
2026-09-02 10:58:00-04:00,28.815000534057617,28.819499969482422,28.80500030517578,28.815000534057617,43832
2026-09-02 10:59:00-04:00,28.834999084472656,28.84000015258789,28.810100555419922,28.815000534057617,83377
2026-09-02 11:00:00-04:00,28.809999465942383,28.829999923706055,28.809999465942383,28.829999923706055,35254
2026-09-02 11:01:00-04:00,28.815000534057617,28.81999969482422,28.80500030517578,28.81999969482422,58430
2026-09-02 11:02:00-04:00,28.829999923706055,28.829999923706055,28.815000534057617,28.815000534057617,42177
2026-09-02 11:03:00-04:00,28.831600189208984,28.834999084472656,28.81999969482422,28.825000762939453,36073
2026-09-02 11:04:00-04:00,28.829999923706055,28.83799934387207,28.822099685668945,28.834999084472656,56137
2026-09-02 11:05:00-04:00,28.841999053955078,28.850000381469727,28.820100784301758,28.834999084472656,68506
2026-09-02 11:06:00-04:00,28.825000762939453,28.849899291992188,28.825000762939453,28.844999313354492,37920
2026-09-02 11:07:00-04:00,28.81999969482422,28.827600479125977,28.809999465942383,28.825000762939453,41418
2026-09-02 11:08:00-04:00,28.815000534057617,28.84000015258789,28.810100555419922,28.825000762939453,66172
2026-09-02 11:09:00-04:00,28.82990074157715,28.82990074157715,28.809999465942383,28.815000534057617,27978
2026-09-02 11:10:00-04:00,28.834999084472656,28.837499618530273,28.82069969177246,28.825000762939453,24048
2026-09-02 11:11:00-04:00,28.844999313354492,28.844999313354492,28.83289909362793,28.834999084472656,16585
2026-09-02 11:12:00-04:00,28.854999542236328,28.860000610351562,28.829999923706055,28.844999313354492,61157
2026-09-02 11:13:00-04:00,28.834999084472656,28.859899520874023,28.829999923706055,28.859899520874023,51702
2026-09-02 11:14:00-04:00,28.815000534057617,28.834999084472656,28.809999465942383,28.834999084472656,36107
2026-09-02 11:15:00-04:00,28.815000534057617,28.81999969482422,28.809999465942383,28.811100006103516,41088
2026-09-02 11:16:00-04:00,28.825000762939453,28.825000762939453,28.809999465942383,28.815000534057617,46974
2026-09-02 11:17:00-04:00,28.825000762939453,28.829999923706055,28.81999969482422,28.825000762939453,19808
2026-09-02 11:18:00-04:00,28.834999084472656,28.834999084472656,28.81999969482422,28.829999923706055,46391
2026-09-02 11:19:00-04:00,28.857999801635742,28.860000610351562,28.834999084472656,28.834999084472656,36670
2026-09-02 11:20:00-04:00,28.852500915527344,28.860000610351562,28.850000381469727,28.854999542236328,58588
2026-09-02 11:21:00-04:00,28.84000015258789,28.859899520874023,28.84000015258789,28.854999542236328,38786
2026-09-02 11:22:00-04:00,28.850000381469727,28.854999542236328,28.840099334716797,28.844499588012695,54384
2026-09-02 11:23:00-04:00,28.8799991607666,28.887300491333008,28.844999313354492,28.844999313354492,66798
2026-09-02 11:24:00-04:00,28.885000228881836,28.899999618530273,28.875,28.885000228881836,60435
2026-09-02 11:25:00-04:00,28.8799991607666,28.895000457763672,28.8799991607666,28.8799991607666,49155
2026-09-02 11:26:00-04:00,28.8799991607666,28.889999389648438,28.871999740600586,28.8799991607666,50199
2026-09-02 11:27:00-04:00,28.8700008392334,28.88990020751953,28.8700008392334,28.885000228881836,37863
2026-09-02 11:28:00-04:00,28.881999969482422,28.889999389648438,28.8700008392334,28.875,47244
2026-09-02 11:29:00-04:00,28.875,28.889999389648438,28.8700008392334,28.885000228881836,145687
2026-09-02 11:30:00-04:00,28.878000259399414,28.905000686645508,28.8700008392334,28.87619972229004,82055
2026-09-02 11:31:00-04:00,28.864999771118164,28.8799991607666,28.850000381469727,28.876995086669922,98963
2026-09-02 11:32:00-04:00,28.84000015258789,28.8700008392334,28.84000015258789,28.860000610351562,38666
2026-09-02 11:33:00-04:00,28.844999313354492,28.889999389648438,28.829999923706055,28.84000015258789,124187
2026-09-02 11:34:00-04:00,28.84000015258789,28.849899291992188,28.834999084472656,28.844999313354492,26940
2026-09-02 11:35:00-04:00,28.844999313354492,28.850000381469727,28.829999923706055,28.829999923706055,19186
2026-09-02 11:36:00-04:00,28.825000762939453,28.849300384521484,28.820100784301758,28.849300384521484,42341
2026-09-02 11:37:00-04:00,28.825000762939453,28.829999923706055,28.81999969482422,28.829999923706055,47270
2026-09-02 11:38:00-04:00,28.834999084472656,28.84000015258789,28.81999969482422,28.825000762939453,60003
2026-09-02 11:39:00-04:00,28.83799934387207,28.84000015258789,28.829999923706055,28.832000732421875,13045
2026-09-02 11:40:00-04:00,28.825000762939453,28.84000015258789,28.820100784301758,28.83799934387207,45253
2026-09-02 11:41:00-04:00,28.829999923706055,28.829999923706055,28.81999969482422,28.825000762939453,20096
2026-09-02 11:42:00-04:00,28.834999084472656,28.844999313354492,28.821399688720703,28.829999923706055,33191
2026-09-02 11:43:00-04:00,28.834999084472656,28.850000381469727,28.829999923706055,28.834999084472656,44292
2026-09-02 11:44:00-04:00,28.815000534057617,28.834999084472656,28.815000534057617,28.834999084472656,42263
2026-09-02 11:45:00-04:00,28.795000076293945,28.809999465942383,28.781999588012695,28.809999465942383,61274
2026-09-02 11:46:00-04:00,28.795000076293945,28.79990005493164,28.790000915527344,28.795000076293945,33290
2026-09-02 11:47:00-04:00,28.78499984741211,28.790000915527344,28.780000686645508,28.790000915527344,29690
2026-09-02 11:48:00-04:00,28.774999618530273,28.790000915527344,28.770000457763672,28.78499984741211,40317
2026-09-02 11:49:00-04:00,28.78499984741211,28.78499984741211,28.760000228881836,28.774999618530273,94895
2026-09-02 11:50:00-04:00,28.84000015258789,28.844999313354492,28.780000686645508,28.788000106811523,94171
2026-09-02 11:51:00-04:00,28.793800354003906,28.84000015258789,28.793800354003906,28.84000015258789,123248
2026-09-02 11:52:00-04:00,28.815000534057617,28.815000534057617,28.790000915527344,28.791000366210938,120283
2026-09-02 11:53:00-04:00,28.815000534057617,28.81999969482422,28.809999465942383,28.819900512695312,131336
2026-09-02 11:54:00-04:00,28.80500030517578,28.825000762939453,28.799999237060547,28.815000534057617,64786
2026-09-02 11:55:00-04:00,28.795000076293945,28.799999237060547,28.790000915527344,28.799999237060547,21563
2026-09-02 11:56:00-04:00,28.795000076293945,28.799999237060547,28.790000915527344,28.795000076293945,28011
2026-09-02 11:57:00-04:00,28.790000915527344,28.799999237060547,28.790000915527344,28.795000076293945,47684
2026-09-02 11:58:00-04:00,28.799999237060547,28.809999465942383,28.790000915527344,28.795000076293945,119014
2026-09-02 11:59:00-04:00,28.819900512695312,28.84000015258789,28.795000076293945,28.795000076293945,413179
2026-09-02 12:00:00-04:00,28.84000015258789,28.84000015258789,28.80500030517578,28.815000534057617,84054
2026-09-02 12:01:00-04:00,28.84600067138672,28.860000610351562,28.83139991760254,28.834999084472656,77466
2026-09-02 12:02:00-04:00,28.844999313354492,28.850000381469727,28.834999084472656,28.844999313354492,24870
2026-09-02 12:03:00-04:00,28.844999313354492,28.860000610351562,28.84000015258789,28.849899291992188,65787
2026-09-02 12:04:00-04:00,28.8700008392334,28.8700008392334,28.844999313354492,28.844999313354492,57620
2026-09-02 12:05:00-04:00,28.860000610351562,28.8700008392334,28.854999542236328,28.864999771118164,68955
2026-09-02 12:06:00-04:00,28.844999313354492,28.860000610351562,28.84000015258789,28.854999542236328,55302
2026-09-02 12:07:00-04:00,28.834999084472656,28.850000381469727,28.8341007232666,28.844999313354492,35765
2026-09-02 12:08:00-04:00,28.834999084472656,28.84000015258789,28.820100784301758,28.834999084472656,48226
2026-09-02 12:09:00-04:00,28.844999313354492,28.846200942993164,28.81999969482422,28.834999084472656,82327
2026-09-02 12:10:00-04:00,28.844999313354492,28.850000381469727,28.84000015258789,28.844999313354492,18232
2026-09-02 12:11:00-04:00,28.844999313354492,28.850000381469727,28.84000015258789,28.844999313354492,36171
2026-09-02 12:12:00-04:00,28.859899520874023,28.860000610351562,28.844999313354492,28.84950065612793,48386
2026-09-02 12:13:00-04:00,28.854999542236328,28.8700008392334,28.850000381469727,28.854999542236328,55109
2026-09-02 12:14:00-04:00,28.829999923706055,28.860000610351562,28.829999923706055,28.854999542236328,39137
2026-09-02 12:15:00-04:00,28.838199615478516,28.84000015258789,28.81999969482422,28.84000015258789,55208
2026-09-02 12:16:00-04:00,28.850000381469727,28.850000381469727,28.825000762939453,28.829999923706055,69881
2026-09-02 12:17:00-04:00,28.844999313354492,28.850000381469727,28.84000015258789,28.844999313354492,30029
2026-09-02 12:18:00-04:00,28.834999084472656,28.850000381469727,28.834999084472656,28.84000015258789,34922
2026-09-02 12:19:00-04:00,28.844999313354492,28.850000381469727,28.829999923706055,28.84000015258789,31469
2026-09-02 12:20:00-04:00,28.854999542236328,28.860000610351562,28.844999313354492,28.844999313354492,40242
2026-09-02 12:21:00-04:00,28.859500885009766,28.860000610351562,28.850000381469727,28.850000381469727,17354
2026-09-02 12:22:00-04:00,28.864999771118164,28.8700008392334,28.850000381469727,28.850000381469727,23028
2026-09-02 12:23:00-04:00,28.875,28.8799991607666,28.8700008392334,28.8700008392334,39166
2026-09-02 12:24:00-04:00,28.868000030517578,28.8799991607666,28.860000610351562,28.8700008392334,30728
2026-09-02 12:25:00-04:00,28.864999771118164,28.8700008392334,28.860000610351562,28.864999771118164,27157
2026-09-02 12:26:00-04:00,28.864999771118164,28.8700008392334,28.860000610351562,28.864999771118164,26082
2026-09-02 12:27:00-04:00,28.875,28.8799991607666,28.86009979248047,28.864999771118164,43828
2026-09-02 12:28:00-04:00,28.864999771118164,28.8799991607666,28.86199951171875,28.8700008392334,18730
2026-09-02 12:29:00-04:00,28.873699188232422,28.8799991607666,28.860000610351562,28.864999771118164,104673
2026-09-02 12:30:00-04:00,28.8700008392334,28.8799991607666,28.8700008392334,28.875,30174
2026-09-02 12:31:00-04:00,28.885000228881836,28.88640022277832,28.860000610351562,28.8700008392334,81884
2026-09-02 12:32:00-04:00,28.895000457763672,28.899999618530273,28.88800048828125,28.88800048828125,18058
2026-09-02 12:33:00-04:00,28.885000228881836,28.899999618530273,28.8799991607666,28.893800735473633,65242
2026-09-02 12:34:00-04:00,28.885000228881836,28.889999389648438,28.884899139404297,28.885000228881836,16180
2026-09-02 12:35:00-04:00,28.885000228881836,28.889999389648438,28.8799991607666,28.8799991607666,18569
2026-09-02 12:36:00-04:00,28.885000228881836,28.889999389648438,28.881999969482422,28.881999969482422,18994
2026-09-02 12:37:00-04:00,28.895000457763672,28.898000717163086,28.8799991607666,28.889999389648438,56085
2026-09-02 12:38:00-04:00,28.8799991607666,28.895099639892578,28.875,28.895099639892578,106606
2026-09-02 12:39:00-04:00,28.8700008392334,28.885000228881836,28.8700008392334,28.884563446044922,40051
2026-09-02 12:40:00-04:00,28.8700008392334,28.8799991607666,28.8700008392334,28.875,21064
2026-09-02 12:41:00-04:00,28.885000228881836,28.889999389648438,28.875,28.875,134428
2026-09-02 12:42:00-04:00,28.88010025024414,28.889999389648438,28.8799991607666,28.885000228881836,16037
2026-09-02 12:43:00-04:00,28.905000686645508,28.915000915527344,28.8799991607666,28.885000228881836,86710
2026-09-02 12:44:00-04:00,28.90999984741211,28.915000915527344,28.905000686645508,28.90999984741211,19959
2026-09-02 12:45:00-04:00,28.920000076293945,28.920000076293945,28.90999984741211,28.90999984741211,127857
2026-09-02 12:46:00-04:00,28.915000915527344,28.920000076293945,28.90999984741211,28.915000915527344,21941
2026-09-02 12:47:00-04:00,28.915000915527344,28.920000076293945,28.91200065612793,28.920000076293945,23864
2026-09-02 12:48:00-04:00,28.93000030517578,28.93000030517578,28.915000915527344,28.915000915527344,64213
2026-09-02 12:49:00-04:00,28.929899215698242,28.93000030517578,28.920000076293945,28.929899215698242,46124
2026-09-02 12:50:00-04:00,28.94499969482422,28.94499969482422,28.93000030517578,28.93000030517578,37551
2026-09-02 12:51:00-04:00,28.94499969482422,28.959999084472656,28.940000534057617,28.94499969482422,72300
2026-09-02 12:52:00-04:00,28.94499969482422,28.959999084472656,28.94499969482422,28.954999923706055,46580
2026-09-02 12:53:00-04:00,28.954999923706055,28.954999923706055,28.940000534057617,28.94499969482422,18831
2026-09-02 12:54:00-04:00,28.954999923706055,28.95800018310547,28.950000762939453,28.95199966430664,16791
2026-09-02 12:55:00-04:00,28.950000762939453,28.959999084472656,28.950000762939453,28.954999923706055,42609
2026-09-02 12:56:00-04:00,28.954999923706055,28.959999084472656,28.950000762939453,28.954999923706055,11153
2026-09-02 12:57:00-04:00,28.954999923706055,28.959999084472656,28.950000762939453,28.954999923706055,49401
2026-09-02 12:58:00-04:00,28.96500015258789,28.969999313354492,28.954999923706055,28.959999084472656,48828
2026-09-02 12:59:00-04:00,28.96500015258789,28.969999313354492,28.954999923706055,28.96500015258789,43105
2026-09-02 13:00:00-04:00,28.975000381469727,28.98509979248047,28.962499618530273,28.962499618530273,122201
2026-09-02 13:01:00-04:00,28.975000381469727,28.979999542236328,28.969999313354492,28.975000381469727,23777
2026-09-02 13:02:00-04:00,28.979999542236328,28.989999771118164,28.969999313354492,28.979999542236328,41871
2026-09-02 13:03:00-04:00,28.96500015258789,28.975000381469727,28.959999084472656,28.975000381469727,54310
2026-09-02 13:04:00-04:00,28.988500595092773,28.989999771118164,28.962099075317383,28.962099075317383,52570
2026-09-02 13:05:00-04:00,28.985000610351562,28.989999771118164,28.979999542236328,28.989999771118164,64807
2026-09-02 13:06:00-04:00,28.97800064086914,28.989999771118164,28.970199584960938,28.985000610351562,56477
2026-09-02 13:07:00-04:00,28.9950008392334,28.9950008392334,28.969999313354492,28.975000381469727,55839
2026-09-02 13:08:00-04:00,28.989999771118164,29.0,28.979999542236328,28.9950008392334,51038
2026-09-02 13:09:00-04:00,28.979999542236328,28.985000610351562,28.969999313354492,28.985000610351562,91522
2026-09-02 13:10:00-04:00,28.975000381469727,28.979999542236328,28.969999313354492,28.979999542236328,42592
2026-09-02 13:11:00-04:00,28.975000381469727,28.989999771118164,28.969999313354492,28.969999313354492,120589
2026-09-02 13:12:00-04:00,28.96500015258789,28.979999542236328,28.959999084472656,28.979999542236328,132792
2026-09-02 13:13:00-04:00,28.954999923706055,28.96500015258789,28.95009994506836,28.96500015258789,22442
2026-09-02 13:14:00-04:00,28.954999923706055,28.959999084472656,28.94499969482422,28.954999923706055,86980
2026-09-02 13:15:00-04:00,28.954999923706055,28.959999084472656,28.94499969482422,28.954999923706055,132840
2026-09-02 13:16:00-04:00,28.96500015258789,28.965099334716797,28.954999923706055,28.954999923706055,46241
2026-09-02 13:17:00-04:00,28.954999923706055,28.969999313354492,28.950000762939453,28.969999313354492,69266
2026-09-02 13:18:00-04:00,28.91010093688965,28.954999923706055,28.90999984741211,28.954999923706055,153300
2026-09-02 13:19:00-04:00,28.905000686645508,28.920000076293945,28.905000686645508,28.90999984741211,26981
2026-09-02 13:20:00-04:00,28.917999267578125,28.920000076293945,28.899999618530273,28.905000686645508,48377
2026-09-02 13:21:00-04:00,28.88990020751953,28.919300079345703,28.885000228881836,28.919300079345703,40184
2026-09-02 13:22:00-04:00,28.864999771118164,28.889999389648438,28.860000610351562,28.885000228881836,69188
2026-09-02 13:23:00-04:00,28.875,28.8799991607666,28.860000610351562,28.864999771118164,29196
2026-09-02 13:24:00-04:00,28.920000076293945,28.920000076293945,28.8700008392334,28.875,58284
2026-09-02 13:25:00-04:00,28.915000915527344,28.924999237060547,28.90999984741211,28.915000915527344,76442
2026-09-02 13:26:00-04:00,28.915000915527344,28.924999237060547,28.911399841308594,28.918899536132812,28276
2026-09-02 13:27:00-04:00,28.919200897216797,28.920000076293945,28.90999984741211,28.915000915527344,35419
2026-09-02 13:28:00-04:00,28.90999984741211,28.91860008239746,28.90999984741211,28.915000915527344,30659
2026-09-02 13:29:00-04:00,28.905000686645508,28.919200897216797,28.899999618530273,28.915000915527344,49835
2026-09-02 13:30:00-04:00,28.905000686645508,28.90999984741211,28.899999618530273,28.905000686645508,27562
2026-09-02 13:31:00-04:00,28.905000686645508,28.90999984741211,28.899999618530273,28.905000686645508,20769
2026-09-02 13:32:00-04:00,28.905000686645508,28.90999984741211,28.899999618530273,28.905000686645508,10104
2026-09-02 13:33:00-04:00,28.905000686645508,28.90999984741211,28.899999618530273,28.905000686645508,47628
2026-09-02 13:34:00-04:00,28.915000915527344,28.924999237060547,28.899999618530273,28.905000686645508,185118
2026-09-02 13:35:00-04:00,28.920000076293945,28.93000030517578,28.899999618530273,28.90999984741211,154671
2026-09-02 13:36:00-04:00,28.924999237060547,28.92799949645996,28.915000915527344,28.920000076293945,60537
2026-09-02 13:37:00-04:00,28.93000030517578,28.940000534057617,28.920000076293945,28.924999237060547,58088
2026-09-02 13:38:00-04:00,28.915000915527344,28.937999725341797,28.915000915527344,28.937999725341797,51688
2026-09-02 13:39:00-04:00,28.91950035095215,28.920000076293945,28.900100708007812,28.915000915527344,108666
2026-09-02 13:40:00-04:00,28.915000915527344,28.91990089416504,28.90999984741211,28.91010093688965,19347
2026-09-02 13:41:00-04:00,28.915000915527344,28.920000076293945,28.90999984741211,28.915000915527344,19059
2026-09-02 13:42:00-04:00,28.915000915527344,28.920000076293945,28.90999984741211,28.915000915527344,28090
2026-09-02 13:43:00-04:00,28.920000076293945,28.93000030517578,28.90999984741211,28.90999984741211,95850
2026-09-02 13:44:00-04:00,28.94499969482422,28.94499969482422,28.920000076293945,28.924999237060547,67104
2026-09-02 13:45:00-04:00,28.954999923706055,28.959999084472656,28.940000534057617,28.94499969482422,39151
2026-09-02 13:46:00-04:00,28.959999084472656,28.96500015258789,28.950000762939453,28.954999923706055,61722
2026-09-02 13:47:00-04:00,28.954999923706055,28.959999084472656,28.950000762939453,28.954999923706055,36007
2026-09-02 13:48:00-04:00,28.954999923706055,28.959999084472656,28.950000762939453,28.959999084472656,35154
2026-09-02 13:49:00-04:00,28.949899673461914,28.959999084472656,28.940000534057617,28.954999923706055,62877
2026-09-02 13:50:00-04:00,28.969999313354492,28.969999313354492,28.940000534057617,28.94499969482422,126637
2026-09-02 13:51:00-04:00,28.960100173950195,28.969999313354492,28.959999084472656,28.96500015258789,45796
2026-09-02 13:52:00-04:00,28.96500015258789,28.969999313354492,28.959999084472656,28.96500015258789,30498
2026-09-02 13:53:00-04:00,28.954999923706055,28.969999313354492,28.950000762939453,28.96500015258789,44397
2026-09-02 13:54:00-04:00,28.950000762939453,28.959999084472656,28.950000762939453,28.954999923706055,41731
2026-09-02 13:55:00-04:00,28.934999465942383,28.954999923706055,28.93000030517578,28.954999923706055,77426
2026-09-02 13:56:00-04:00,28.93000030517578,28.940000534057617,28.93000030517578,28.934999465942383,33246
2026-09-02 13:57:00-04:00,28.937999725341797,28.940000534057617,28.920000076293945,28.93000030517578,63671
2026-09-02 13:58:00-04:00,28.934999465942383,28.940000534057617,28.93000030517578,28.934999465942383,26445
2026-09-02 13:59:00-04:00,28.924999237060547,28.936199188232422,28.920000076293945,28.934999465942383,32412
2026-09-02 14:00:00-04:00,28.915000915527344,28.93000030517578,28.90999984741211,28.924999237060547,29227
2026-09-02 14:01:00-04:00,28.915000915527344,28.9197998046875,28.90999984741211,28.913999557495117,18252
2026-09-02 14:02:00-04:00,28.915000915527344,28.920000076293945,28.90999984741211,28.915000915527344,28129
2026-09-02 14:03:00-04:00,28.934999465942383,28.93899917602539,28.90999984741211,28.915000915527344,74000
2026-09-02 14:04:00-04:00,28.922000885009766,28.940000534057617,28.920000076293945,28.934999465942383,29959
2026-09-02 14:05:00-04:00,28.915000915527344,28.920000076293945,28.90999984741211,28.920000076293945,37923
2026-09-02 14:06:00-04:00,28.910999298095703,28.920000076293945,28.90999984741211,28.915000915527344,17447
2026-09-02 14:07:00-04:00,28.924999237060547,28.93000030517578,28.90999984741211,28.915000915527344,36682
2026-09-02 14:08:00-04:00,28.93000030517578,28.93000030517578,28.90999984741211,28.924999237060547,63911
2026-09-02 14:09:00-04:00,28.915000915527344,28.93000030517578,28.91189956665039,28.92799949645996,26700
2026-09-02 14:10:00-04:00,28.92799949645996,28.93000030517578,28.90999984741211,28.915000915527344,39815
2026-09-02 14:11:00-04:00,28.934999465942383,28.940000534057617,28.920000076293945,28.920000076293945,41397
2026-09-02 14:12:00-04:00,28.934999465942383,28.940000534057617,28.934999465942383,28.934999465942383,15434
2026-09-02 14:13:00-04:00,28.940000534057617,28.94499969482422,28.93000030517578,28.934999465942383,36925
2026-09-02 14:14:00-04:00,28.950000762939453,28.950000762939453,28.940000534057617,28.950000762939453,17892
2026-09-02 14:15:00-04:00,28.94499969482422,28.959999084472656,28.940000534057617,28.950000762939453,42150
2026-09-02 14:16:00-04:00,28.969999313354492,28.969999313354492,28.94230079650879,28.94230079650879,40443
2026-09-02 14:17:00-04:00,28.959999084472656,28.96500015258789,28.950000762939453,28.96500015258789,26303
2026-09-02 14:18:00-04:00,28.954999923706055,28.959999084472656,28.94499969482422,28.950000762939453,87634
2026-09-02 14:19:00-04:00,28.94499969482422,28.959999084472656,28.940000534057617,28.954999923706055,48786
2026-09-02 14:20:00-04:00,28.954999923706055,28.959999084472656,28.940000534057617,28.94499969482422,91608
2026-09-02 14:21:00-04:00,28.94499969482422,28.954999923706055,28.940000534057617,28.954999923706055,87172
2026-09-02 14:22:00-04:00,28.934999465942383,28.949899673461914,28.93000030517578,28.94499969482422,32269
2026-09-02 14:23:00-04:00,28.930700302124023,28.939199447631836,28.93000030517578,28.934999465942383,32018
2026-09-02 14:24:00-04:00,28.924999237060547,28.93000030517578,28.920000076293945,28.93000030517578,56667
2026-09-02 14:25:00-04:00,28.920000076293945,28.929899215698242,28.920000076293945,28.924999237060547,27660
2026-09-02 14:26:00-04:00,28.915000915527344,28.93000030517578,28.90999984741211,28.924999237060547,34609
2026-09-02 14:27:00-04:00,28.924999237060547,28.93000030517578,28.90999984741211,28.920000076293945,33177
2026-09-02 14:28:00-04:00,28.90999984741211,28.920000076293945,28.90999984741211,28.920000076293945,43362
2026-09-02 14:29:00-04:00,28.90999984741211,28.920000076293945,28.90999984741211,28.913799285888672,12312
2026-09-02 14:30:00-04:00,28.899999618530273,28.920000076293945,28.899999618530273,28.90999984741211,46091
2026-09-02 14:31:00-04:00,28.920000076293945,28.920000076293945,28.899999618530273,28.905000686645508,37403
2026-09-02 14:32:00-04:00,28.920000076293945,28.920000076293945,28.90999984741211,28.915000915527344,21790
2026-09-02 14:33:00-04:00,28.922100067138672,28.93000030517578,28.915000915527344,28.915000915527344,30034
2026-09-02 14:34:00-04:00,28.93000030517578,28.940000534057617,28.920000076293945,28.93000030517578,32496
2026-09-02 14:35:00-04:00,28.920000076293945,28.93000030517578,28.920000076293945,28.924999237060547,23952
2026-09-02 14:36:00-04:00,28.924999237060547,28.93000030517578,28.920000076293945,28.93000030517578,13037
2026-09-02 14:37:00-04:00,28.924999237060547,28.93000030517578,28.924999237060547,28.924999237060547,18374
2026-09-02 14:38:00-04:00,28.915000915527344,28.924999237060547,28.902000427246094,28.920000076293945,44356
2026-09-02 14:39:00-04:00,28.934999465942383,28.940000534057617,28.914199829101562,28.915000915527344,44709
2026-09-02 14:40:00-04:00,28.934999465942383,28.940000534057617,28.93000030517578,28.937999725341797,19205
2026-09-02 14:41:00-04:00,28.950000762939453,28.950000762939453,28.93239974975586,28.940000534057617,20814
2026-09-02 14:42:00-04:00,28.94499969482422,28.950000762939453,28.940000534057617,28.94499969482422,17038
2026-09-02 14:43:00-04:00,28.975000381469727,28.979999542236328,28.940000534057617,28.94499969482422,117651
2026-09-02 14:44:00-04:00,28.975000381469727,28.979900360107422,28.969999313354492,28.969999313354492,16952
2026-09-02 14:45:00-04:00,28.975000381469727,28.979999542236328,28.969999313354492,28.975000381469727,59782
2026-09-02 14:46:00-04:00,29.0,29.0,28.969999313354492,28.969999313354492,250372
2026-09-02 14:47:00-04:00,29.014999389648438,29.020000457763672,28.989999771118164,29.0,105726
2026-09-02 14:48:00-04:00,29.014999389648438,29.020000457763672,29.010000228881836,29.020000457763672,16489
2026-09-02 14:49:00-04:00,29.0049991607666,29.020000457763672,29.002099990844727,29.014999389648438,55280
2026-09-02 14:50:00-04:00,29.014999389648438,29.020000457763672,29.0,29.010000228881836,24587
2026-09-02 14:51:00-04:00,29.014999389648438,29.020000457763672,29.010000228881836,29.014999389648438,24328
2026-09-02 14:52:00-04:00,29.014999389648438,29.020000457763672,29.010000228881836,29.014999389648438,52567
2026-09-02 14:53:00-04:00,29.014999389648438,29.020000457763672,29.010000228881836,29.010000228881836,0
2026-09-02 14:54:00-04:00,29.014999389648438,29.020000457763672,29.010000228881836,29.010000228881836,16896
2026-09-02 14:55:00-04:00,29.024999618530273,29.024999618530273,29.010099411010742,29.014999389648438,80908
2026-09-02 14:56:00-04:00,29.024999618530273,29.030000686645508,29.020000457763672,29.020000457763672,77230
2026-09-02 14:57:00-04:00,29.014999389648438,29.030000686645508,29.010000228881836,29.024999618530273,51023
2026-09-02 14:58:00-04:00,29.0049991607666,29.020000457763672,29.002099990844727,29.012500762939453,43296
2026-09-02 14:59:00-04:00,29.020000457763672,29.020000457763672,29.0,29.0049991607666,27768
2026-09-02 15:00:00-04:00,29.01930046081543,29.020000457763672,29.00029945373535,29.010000228881836,52562
2026-09-02 15:01:00-04:00,29.014999389648438,29.020000457763672,29.010000228881836,29.014999389648438,21486
2026-09-02 15:02:00-04:00,29.020000457763672,29.030000686645508,29.010000228881836,29.014999389648438,68858
2026-09-02 15:03:00-04:00,29.014999389648438,29.020000457763672,29.010000228881836,29.010000228881836,29142
2026-09-02 15:04:00-04:00,29.0049991607666,29.020000457763672,29.0,29.010900497436523,37353
2026-09-02 15:05:00-04:00,29.010000228881836,29.020000457763672,29.0,29.010000228881836,38524
2026-09-02 15:06:00-04:00,29.014999389648438,29.020000457763672,29.010000228881836,29.014999389648438,17642
2026-09-02 15:07:00-04:00,29.014999389648438,29.019699096679688,29.0,29.014999389648438,124583
2026-09-02 15:08:00-04:00,29.010099411010742,29.010099411010742,29.010099411010742,29.010099411010742,0
