Price,Close,High,Low,Open,Volume
Ticker,PLTR,PLTR,PLTR,PLTR,PLTR
Datetime,,,,,
2026-08-27 09:30:00-04:00,179.94009399414062,181.17999267578125,178.8000030517578,178.92999267578125,1599944
2026-08-27 09:31:00-04:00,178.0800018310547,180.25990295410156,178.01100158691406,180.05990600585938,262202
2026-08-27 09:32:00-04:00,178.40499877929688,179.02420043945312,178.00999450683594,178.08999633789062,127875
2026-08-27 09:33:00-04:00,179.2100067138672,179.5,178.38999938964844,178.40499877929688,160746
2026-08-27 09:34:00-04:00,179.14999389648438,179.59840393066406,178.35009765625,179.4600067138672,125216
2026-08-27 09:35:00-04:00,180.36000061035156,180.4600067138672,178.89999389648438,179.1999969482422,147192
2026-08-27 09:36:00-04:00,181.125,181.17999267578125,180.21600341796875,180.5,262523
2026-08-27 09:37:00-04:00,181.08590698242188,181.3175048828125,180.2100067138672,181.17999267578125,156336
2026-08-27 09:38:00-04:00,181.3699951171875,181.39999389648438,180.7550048828125,181.17999267578125,171540
2026-08-27 09:39:00-04:00,180.75999450683594,181.42999267578125,180.5,181.36500549316406,132984
2026-08-27 09:40:00-04:00,181.7449951171875,181.8249969482422,180.66969299316406,180.8000030517578,217006
2026-08-27 09:41:00-04:00,182.1699981689453,182.35000610351562,181.6638946533203,181.7899932861328,351174
2026-08-27 09:42:00-04:00,182.31500244140625,182.63999938964844,181.7100067138672,182.125,243161
2026-08-27 09:43:00-04:00,183.02499389648438,183.02499389648438,182.35000610351562,182.35000610351562,328601
2026-08-27 09:44:00-04:00,183.94740295410156,183.97999572753906,182.95010375976562,182.95010375976562,338995
2026-08-27 09:45:00-04:00,184.27000427246094,184.64999389648438,183.96499633789062,183.96499633789062,422961
2026-08-27 09:46:00-04:00,184.4199981689453,184.8800048828125,184.22000122070312,184.3000030517578,309236
2026-08-27 09:47:00-04:00,183.52430725097656,184.72000122070312,183.5200958251953,184.3975067138672,263647
2026-08-27 09:48:00-04:00,183.6999053955078,183.89959716796875,183.33999633789062,183.5399932861328,203742
2026-08-27 09:49:00-04:00,183.2949981689453,183.6898956298828,183.04010009765625,183.63999938964844,138431
2026-08-27 09:50:00-04:00,184.3800048828125,184.39999389648438,183.32000732421875,183.32000732421875,190253
2026-08-27 09:51:00-04:00,184.5399932861328,184.7899932861328,184.27099609375,184.36000061035156,224453
2026-08-27 09:52:00-04:00,184.47000122070312,184.74000549316406,184.08009338378906,184.61000061035156,134407
2026-08-27 09:53:00-04:00,184.24000549316406,184.49989318847656,184.08399963378906,184.4499969482422,80132
2026-08-27 09:54:00-04:00,184.2899932861328,184.4499969482422,183.91000366210938,184.22500610351562,131443
2026-08-27 09:55:00-04:00,184.1750030517578,184.32000732421875,183.85000610351562,184.25509643554688,119143
2026-08-27 09:56:00-04:00,183.48500061035156,184.24000549316406,183.27000427246094,184.1750030517578,304350
2026-08-27 09:57:00-04:00,183.8699951171875,184.125,183.3000030517578,183.48500061035156,174573
2026-08-27 09:58:00-04:00,184.56500244140625,184.60000610351562,183.77999877929688,183.89999389648438,160190
2026-08-27 09:59:00-04:00,184.0800018310547,184.6199951171875,184.0,184.5814971923828,144059
2026-08-27 10:00:00-04:00,183.7100067138672,184.47999572753906,183.61000061035156,184.052001953125,125272
2026-08-27 10:01:00-04:00,182.57000732421875,183.6999969482422,182.50999450683594,183.69000244140625,226286
2026-08-27 10:02:00-04:00,183.1300048828125,183.25990295410156,182.3000030517578,182.59500122070312,196324
2026-08-27 10:03:00-04:00,183.9698944091797,184.41000366210938,182.75,183.1558074951172,183739
2026-08-27 10:04:00-04:00,183.58900451660156,184.0,183.4199981689453,183.86619567871094,111334
2026-08-27 10:05:00-04:00,184.0,184.0998992919922,183.57000732421875,183.60000610351562,111921
2026-08-27 10:06:00-04:00,183.8560028076172,184.60000610351562,183.75010681152344,184.03500366210938,158708
2026-08-27 10:07:00-04:00,184.00999450683594,184.05999755859375,183.7100067138672,183.86500549316406,79542
2026-08-27 10:08:00-04:00,183.4199981689453,184.0384063720703,183.2301025390625,184.0384063720703,112066
2026-08-27 10:09:00-04:00,182.8000030517578,183.58999633789062,182.63999938964844,183.44500732421875,106695
2026-08-27 10:10:00-04:00,183.00999450683594,183.0850067138672,182.69500732421875,182.77499389648438,114787
2026-08-27 10:11:00-04:00,183.0749969482422,183.14999389648438,182.97999572753906,183.02000427246094,120638
2026-08-27 10:12:00-04:00,183.57000732421875,183.58090209960938,182.97999572753906,183.02000427246094,134118
2026-08-27 10:13:00-04:00,183.1678924560547,183.6199951171875,183.14500427246094,183.60000610351562,91823
2026-08-27 10:14:00-04:00,183.3699951171875,183.3950958251953,183.00999450683594,183.1750030517578,69008
2026-08-27 10:15:00-04:00,183.6999969482422,183.74000549316406,183.32009887695312,183.3699951171875,116641
2026-08-27 10:16:00-04:00,184.16000366210938,184.32000732421875,183.6999969482422,183.6999969482422,228789
2026-08-27 10:17:00-04:00,184.63999938964844,184.64999389648438,183.94000244140625,184.13499450683594,203586
2026-08-27 10:18:00-04:00,184.77999877929688,184.8699951171875,184.5399932861328,184.6199951171875,241790
2026-08-27 10:19:00-04:00,184.1649932861328,184.99000549316406,184.14999389648438,184.82000732421875,276642
2026-08-27 10:20:00-04:00,183.9709014892578,184.32749938964844,183.72999572753906,184.1649932861328,102891
2026-08-27 10:21:00-04:00,184.05999755859375,184.44000244140625,183.9199981689453,184.00999450683594,110937
2026-08-27 10:22:00-04:00,184.3300018310547,184.5,184.0500030517578,184.05999755859375,85841
2026-08-27 10:23:00-04:00,184.63999938964844,185.22000122070312,184.33999633789062,184.3800048828125,756064
2026-08-27 10:24:00-04:00,185.0699005126953,185.13999938964844,184.60000610351562,184.63999938964844,137882
2026-08-27 10:25:00-04:00,184.4600067138672,185.03500366210938,184.11000061035156,185.03500366210938,123239
2026-08-27 10:26:00-04:00,184.8000030517578,184.8300018310547,184.16380310058594,184.4001007080078,94904
2026-08-27 10:27:00-04:00,185.00999450683594,185.19000244140625,184.61500549316406,184.75999450683594,188205
2026-08-27 10:28:00-04:00,184.72999572753906,185.07000732421875,184.68380737304688,185.0050048828125,107799
2026-08-27 10:29:00-04:00,184.59500122070312,184.75999450683594,184.31500244140625,184.74000549316406,107548
2026-08-27 10:30:00-04:00,184.7100067138672,184.7550048828125,184.41000366210938,184.6051025390625,169903
2026-08-27 10:31:00-04:00,184.97000122070312,185.02000427246094,184.4600067138672,184.7449951171875,109240
2026-08-27 10:32:00-04:00,184.77000427246094,185.02999877929688,184.6300048828125,184.98500061035156,123837
2026-08-27 10:33:00-04:00,184.94000244140625,185.1510009765625,184.80999755859375,184.80999755859375,95702
2026-08-27 10:34:00-04:00,184.31500244140625,184.97999572753906,184.27000427246094,184.89999389648438,104743
2026-08-27 10:35:00-04:00,184.22999572753906,184.60000610351562,184.13999938964844,184.2760009765625,99024
2026-08-27 10:36:00-04:00,184.41000366210938,184.47000122070312,184.12469482421875,184.22999572753906,81975
2026-08-27 10:37:00-04:00,184.35000610351562,184.5,184.1999969482422,184.3699951171875,59890
2026-08-27 10:38:00-04:00,184.47500610351562,184.47500610351562,184.16000366210938,184.2899932861328,52299
2026-08-27 10:39:00-04:00,184.43499755859375,184.49000549316406,184.22000122070312,184.4600067138672,72988
2026-08-27 10:40:00-04:00,184.69500732421875,184.75,184.27000427246094,184.4600067138672,83313
2026-08-27 10:41:00-04:00,185.02859497070312,185.32000732421875,184.63009643554688,184.7100067138672,211230
2026-08-27 10:42:00-04:00,184.84500122070312,185.15989685058594,184.80999755859375,185.07000732421875,65697
2026-08-27 10:43:00-04:00,184.82000732421875,184.94000244140625,184.72999572753906,184.7899932861328,56296
2026-08-27 10:44:00-04:00,185.11000061035156,185.25,184.64999389648438,184.8000030517578,108831
2026-08-27 10:45:00-04:00,185.0449981689453,185.3000030517578,184.89019775390625,185.19070434570312,89472
2026-08-27 10:46:00-04:00,184.7899932861328,185.05999755859375,184.56500244140625,185.00999450683594,55531
2026-08-27 10:47:00-04:00,184.39999389648438,184.80999755859375,184.30999755859375,184.75,62476
2026-08-27 10:48:00-04:00,184.35000610351562,184.5699005126953,184.30999755859375,184.42999267578125,50012
2026-08-27 10:49:00-04:00,184.67999267578125,184.74989318847656,184.42010498046875,184.42010498046875,75314
2026-08-27 10:50:00-04:00,184.60000610351562,184.6300048828125,184.25559997558594,184.6300048828125,72802
2026-08-27 10:51:00-04:00,184.61000061035156,184.6999969482422,184.40460205078125,184.55999755859375,62057
2026-08-27 10:52:00-04:00,184.6199951171875,184.82000732421875,184.48060607910156,184.61520385742188,166683
2026-08-27 10:53:00-04:00,184.9149932861328,184.9199981689453,184.5,184.67999267578125,96857
2026-08-27 10:54:00-04:00,184.67999267578125,184.97999572753906,184.65499877929688,184.89500427246094,43474
2026-08-27 10:55:00-04:00,184.94000244140625,185.00999450683594,184.66000366210938,184.66000366210938,77966
2026-08-27 10:56:00-04:00,184.99009704589844,185.14999389648438,184.8800048828125,184.94000244140625,69554
2026-08-27 10:57:00-04:00,185.2100067138672,185.24000549316406,184.85000610351562,185.0,80525
2026-08-27 10:58:00-04:00,184.83700561523438,185.22999572753906,184.75999450683594,185.2100067138672,101584
2026-08-27 10:59:00-04:00,184.9199981689453,184.92250061035156,184.57000732421875,184.85000610351562,76632
2026-08-27 11:00:00-04:00,184.99000549316406,185.13999938964844,184.9102020263672,184.94000244140625,66239
2026-08-27 11:01:00-04:00,185.3300018310547,185.5800018310547,184.98219299316406,185.07000732421875,205659
2026-08-27 11:02:00-04:00,184.5500030517578,185.4199981689453,184.5,185.41799926757812,152327
2026-08-27 11:03:00-04:00,185.05499267578125,185.25,184.5500030517578,184.58990478515625,157785
2026-08-27 11:04:00-04:00,185.3249969482422,185.45989990234375,185.0,185.05499267578125,83479
2026-08-27 11:05:00-04:00,185.19000244140625,185.39990234375,185.13009643554688,185.31500244140625,44338
2026-08-27 11:06:00-04:00,185.26499938964844,185.35499572753906,185.19000244140625,185.2449951171875,45005
2026-08-27 11:07:00-04:00,185.15359497070312,185.52000427246094,185.1300048828125,185.24049377441406,79919
2026-08-27 11:08:00-04:00,185.125,185.19000244140625,184.8699951171875,185.1199951171875,83902
2026-08-27 11:09:00-04:00,185.05999755859375,185.15960693359375,184.9499969482422,185.14999389648438,54597
2026-08-27 11:10:00-04:00,185.13009643554688,185.2100067138672,185.01010131835938,185.07000732421875,44128
2026-08-27 11:11:00-04:00,184.88499450683594,185.30999755859375,184.8529052734375,185.1824951171875,69131
2026-08-27 11:12:00-04:00,184.69000244140625,185.02999877929688,184.63999938964844,184.91000366210938,77374
2026-08-27 11:13:00-04:00,184.8699951171875,184.97999572753906,184.44009399414062,184.69500732421875,131271
2026-08-27 11:14:00-04:00,185.27999877929688,185.27999877929688,184.86839294433594,184.88999938964844,120709
2026-08-27 11:15:00-04:00,185.00379943847656,185.375,184.90040588378906,185.3000030517578,106739
2026-08-27 11:16:00-04:00,185.1199951171875,185.24000549316406,184.9739990234375,184.97999572753906,30186
2026-08-27 11:17:00-04:00,185.27940368652344,185.3000030517578,185.10000610351562,185.110595703125,54352
2026-08-27 11:18:00-04:00,185.27940368652344,185.39999389648438,185.22000122070312,185.26499938964844,58245
2026-08-27 11:19:00-04:00,185.23500061035156,185.32000732421875,185.16000366210938,185.25,36570
2026-08-27 11:20:00-04:00,185.33999633789062,185.33999633789062,185.17849731445312,185.25999450683594,72306
2026-08-27 11:21:00-04:00,185.27999877929688,185.44000244140625,185.16000366210938,185.32000732421875,18882
2026-08-27 11:22:00-04:00,185.3800048828125,185.71499633789062,185.2449951171875,185.30999755859375,181198
2026-08-27 11:23:00-04:00,185.65530395507812,185.6999969482422,185.24130249023438,185.36500549316406,81938
2026-08-27 11:24:00-04:00,185.17999267578125,185.64500427246094,185.10000610351562,185.6300048828125,91573
2026-08-27 11:25:00-04:00,184.94500732421875,185.22999572753906,184.91000366210938,185.2100067138672,69928
2026-08-27 11:26:00-04:00,185.27000427246094,185.28599548339844,184.93499755859375,184.95399475097656,40095
2026-08-27 11:27:00-04:00,185.14500427246094,185.2899932861328,184.97999572753906,185.25999450683594,49032
2026-08-27 11:28:00-04:00,185.0850067138672,185.17739868164062,185.04010009765625,185.1699981689453,33592
2026-08-27 11:29:00-04:00,184.94000244140625,185.17999267578125,184.9001007080078,185.10000610351562,36686
2026-08-27 11:30:00-04:00,184.39999389648438,184.9499969482422,184.1199951171875,184.9250030517578,279059
2026-08-27 11:31:00-04:00,184.2899932861328,184.5699005126953,184.27999877929688,184.39999389648438,75462
2026-08-27 11:32:00-04:00,184.36000061035156,184.50999450683594,184.2700958251953,184.30999755859375,59275
2026-08-27 11:33:00-04:00,184.14999389648438,184.39999389648438,184.1300048828125,184.36000061035156,54056
2026-08-27 11:34:00-04:00,183.6699981689453,184.17999267578125,183.61000061035156,184.15060424804688,116250
2026-08-27 11:35:00-04:00,184.3699951171875,184.52000427246094,183.69000244140625,183.6999969482422,152463
2026-08-27 11:36:00-04:00,184.75999450683594,184.8000030517578,184.38999938964844,184.38999938964844,130825
2026-08-27 11:37:00-04:00,184.89999389648438,185.08999633789062,184.7550048828125,184.75999450683594,81354
2026-08-27 11:38:00-04:00,184.66000366210938,184.95899963378906,184.60000610351562,184.94000244140625,40436
2026-08-27 11:39:00-04:00,184.78500366210938,184.82000732421875,184.55999755859375,184.6699981689453,33580
2026-08-27 11:40:00-04:00,184.84500122070312,184.89999389648438,184.7301025390625,184.8300018310547,24444
2026-08-27 11:41:00-04:00,184.63999938964844,184.8800048828125,184.42999267578125,184.8800048828125,98193
2026-08-27 11:42:00-04:00,184.4600067138672,184.69000244140625,184.4001007080078,184.66000366210938,37569
2026-08-27 11:43:00-04:00,184.25999450683594,184.4600067138672,184.13999938964844,184.44000244140625,84434
2026-08-27 11:44:00-04:00,184.02999877929688,184.27499389648438,183.97999572753906,184.24380493164062,64098
2026-08-27 11:45:00-04:00,184.1699981689453,184.3699951171875,184.0800018310547,184.0800018310547,63700
2026-08-27 11:46:00-04:00,184.52499389648438,184.58999633789062,184.1199951171875,184.17999267578125,65328
2026-08-27 11:47:00-04:00,184.5850067138672,184.7550048828125,184.50999450683594,184.52499389648438,48208
2026-08-27 11:48:00-04:00,184.8000030517578,184.8498992919922,184.4600067138672,184.60000610351562,96036
2026-08-27 11:49:00-04:00,185.44970703125,185.44970703125,184.7301025390625,184.835205078125,148444
2026-08-27 11:50:00-04:00,185.48770141601562,185.8000030517578,185.42999267578125,185.42999267578125,190379
2026-08-27 11:51:00-04:00,185.28480529785156,185.5,185.23330688476562,185.49000549316406,53891
2026-08-27 11:52:00-04:00,185.8000030517578,185.8800048828125,185.19000244140625,185.27000427246094,114030
2026-08-27 11:53:00-04:00,186.09500122070312,186.3000030517578,185.6699981689453,185.79510498046875,356048
2026-08-27 11:54:00-04:00,186.25,186.27000427246094,185.9499969482422,186.0850067138672,161228
2026-08-27 11:55:00-04:00,186.17999267578125,186.27999877929688,186.1199951171875,186.2100067138672,91380
2026-08-27 11:56:00-04:00,186.13499450683594,186.32000732421875,186.060302734375,186.16000366210938,117127
2026-08-27 11:57:00-04:00,186.22500610351562,186.22500610351562,186.06500244140625,186.11000061035156,48792
2026-08-27 11:58:00-04:00,186.1199951171875,186.24000549316406,186.05999755859375,186.22000122070312,50246
2026-08-27 11:59:00-04:00,186.01600646972656,186.19000244140625,185.85000610351562,186.1020050048828,73881
2026-08-27 12:00:00-04:00,185.83839416503906,186.15499877929688,185.72500610351562,186.02000427246094,124302
2026-08-27 12:01:00-04:00,185.80499267578125,185.86500549316406,185.69000244140625,185.8350067138672,43677
2026-08-27 12:02:00-04:00,185.77000427246094,185.8699951171875,185.58999633789062,185.85000610351562,60074
2026-08-27 12:03:00-04:00,185.13999938964844,185.86000061035156,184.9600067138672,185.7899932861328,126525
2026-08-27 12:04:00-04:00,185.1199951171875,185.19000244140625,184.97000122070312,185.16000366210938,80170
2026-08-27 12:05:00-04:00,185.80499267578125,185.8083953857422,184.92999267578125,185.08999633789062,146849
2026-08-27 12:06:00-04:00,186.02999877929688,186.1300048828125,185.6999969482422,185.7899932861328,127971
2026-08-27 12:07:00-04:00,185.88999938964844,186.02999877929688,185.82000732421875,185.97999572753906,53059
2026-08-27 12:08:00-04:00,185.7698974609375,185.91000366210938,185.6999969482422,185.88999938964844,28846
2026-08-27 12:09:00-04:00,185.8000030517578,185.86000061035156,185.72000122070312,185.77999877929688,30973
2026-08-27 12:10:00-04:00,185.85000610351562,185.9499969482422,185.8000030517578,185.83999633789062,37959
2026-08-27 12:11:00-04:00,185.57949829101562,185.89529418945312,185.52999877929688,185.89010620117188,41327
2026-08-27 12:12:00-04:00,185.57000732421875,185.5998992919922,185.3800048828125,185.5800018310547,34450
2026-08-27 12:13:00-04:00,185.60000610351562,185.6699981689453,185.5399932861328,185.55499267578125,26935
2026-08-27 12:14:00-04:00,185.6300048828125,185.64999389648438,185.4857940673828,185.63999938964844,23746
2026-08-27 12:15:00-04:00,185.42999267578125,185.6699981689453,185.42999267578125,185.63999938964844,28404
2026-08-27 12:16:00-04:00,185.75999450683594,185.82000732421875,185.47000122070312,185.49000549316406,33164
2026-08-27 12:17:00-04:00,185.8350067138672,185.92999267578125,185.7100067138672,185.74000549316406,33472
2026-08-27 12:18:00-04:00,185.8300018310547,185.88999938964844,185.79010009765625,185.85369873046875,29187
2026-08-27 12:19:00-04:00,185.74569702148438,185.8300018310547,185.74000549316406,185.80999755859375,46164
2026-08-27 12:20:00-04:00,185.6649932861328,185.75,185.61000061035156,185.75,33264
2026-08-27 12:21:00-04:00,185.62770080566406,185.7200927734375,185.5500030517578,185.66079711914062,30792
2026-08-27 12:22:00-04:00,185.55499267578125,185.6898956298828,185.5399932861328,185.67750549316406,24240
2026-08-27 12:23:00-04:00,185.44500732421875,185.60740661621094,185.42999267578125,185.55999755859375,29643
2026-08-27 12:24:00-04:00,185.3000030517578,185.52000427246094,185.2899932861328,185.42999267578125,34099
2026-08-27 12:25:00-04:00,185.5399932861328,185.5399932861328,185.30999755859375,185.32400512695312,35952
2026-08-27 12:26:00-04:00,185.77000427246094,185.80999755859375,185.46499633789062,185.5399932861328,50529
2026-08-27 12:27:00-04:00,185.82000732421875,185.85989379882812,185.7100067138672,185.7899932861328,37980
2026-08-27 12:28:00-04:00,185.86000061035156,185.89999389648438,185.80999755859375,185.84190368652344,36182
2026-08-27 12:29:00-04:00,185.8155975341797,185.86000061035156,185.77999877929688,185.86000061035156,18384
2026-08-27 12:30:00-04:00,185.72999572753906,185.82000732421875,185.72999572753906,185.8000030517578,18052
2026-08-27 12:31:00-04:00,185.82000732421875,185.85499572753906,185.7100067138672,185.72000122070312,29629
2026-08-27 12:32:00-04:00,185.8699951171875,185.88499450683594,185.8000030517578,185.82000732421875,29072
2026-08-27 12:33:00-04:00,185.8000030517578,185.90609741210938,185.75999450683594,185.89999389648438,29844
2026-08-27 12:34:00-04:00,186.13999938964844,186.47000122070312,185.6999969482422,185.77499389648438,178033
2026-08-27 12:35:00-04:00,186.1699981689453,186.19960021972656,185.91000366210938,186.14500427246094,85554
2026-08-27 12:36:00-04:00,186.10000610351562,186.22999572753906,186.02000427246094,186.154296875,56965
2026-08-27 12:37:00-04:00,186.23899841308594,186.27000427246094,186.02000427246094,186.08999633789062,38570
2026-08-27 12:38:00-04:00,186.33999633789062,186.47000122070312,186.19000244140625,186.22999572753906,50134
2026-08-27 12:39:00-04:00,186.3300018310547,186.4199981689453,186.27000427246094,186.36000061035156,44265
2026-08-27 12:40:00-04:00,186.3415069580078,186.375,186.25,186.33999633789062,26209
2026-08-27 12:41:00-04:00,186.33999633789062,186.44000244140625,186.30999755859375,186.36000061035156,48321
2026-08-27 12:42:00-04:00,186.22999572753906,186.33999633789062,186.22999572753906,186.32000732421875,37206
2026-08-27 12:43:00-04:00,186.05499267578125,186.23989868164062,186.05499267578125,186.23989868164062,34032
2026-08-27 12:44:00-04:00,186.17999267578125,186.1999969482422,186.0500030517578,186.05999755859375,39125
2026-08-27 12:45:00-04:00,186.2100067138672,186.27499389648438,186.13169860839844,186.19000244140625,49136
2026-08-27 12:46:00-04:00,186.22000122070312,186.24000549316406,186.1699981689453,186.22509765625,24303
2026-08-27 12:47:00-04:00,186.27000427246094,186.27999877929688,186.11000061035156,186.2100067138672,35654
2026-08-27 12:48:00-04:00,186.3300018310547,186.39999389648438,186.27000427246094,186.2779998779297,39472
2026-08-27 12:49:00-04:00,186.25,186.33999633789062,186.1999969482422,186.33999633789062,22979
2026-08-27 12:50:00-04:00,186.3800048828125,186.41000366210938,186.25,186.25,37720
2026-08-27 12:51:00-04:00,186.41000366210938,186.4499969482422,186.32000732421875,186.3699951171875,39165
2026-08-27 12:52:00-04:00,186.24000549316406,186.52999877929688,186.24000549316406,186.41009521484375,84317
2026-08-27 12:53:00-04:00,186.38999938964844,186.39999389648438,186.24000549316406,186.25999450683594,27104
2026-08-27 12:54:00-04:00,186.31500244140625,186.44500732421875,186.2899932861328,186.40020751953125,57428
2026-08-27 12:55:00-04:00,186.24200439453125,186.31500244140625,186.19000244140625,186.30999755859375,37013
2026-08-27 12:56:00-04:00,186.4499969482422,186.4600067138672,186.22999572753906,186.2344970703125,40624
2026-08-27 12:57:00-04:00,186.4199981689453,186.49989318847656,186.4199981689453,186.47000122070312,44047
2026-08-27 12:58:00-04:00,186.2949981689453,186.38999938964844,186.2949981689453,186.3800048828125,35125
2026-08-27 12:59:00-04:00,186.26499938964844,186.35000610351562,186.1699981689453,186.2899932861328,35182
2026-08-27 13:00:00-04:00,186.29510498046875,186.35000610351562,186.15499877929688,186.27999877929688,48620
2026-08-27 13:01:00-04:00,186.57000732421875,186.6699981689453,186.2949981689453,186.2949981689453,73947
2026-08-27 13:02:00-04:00,186.47500610351562,186.63999938964844,186.46499633789062,186.57000732421875,60907
2026-08-27 13:03:00-04:00,186.58999633789062,186.7100067138672,186.47000122070312,186.476806640625,64751
2026-08-27 13:04:00-04:00,186.39500427246094,186.63999938964844,186.3699951171875,186.6199951171875,33518
2026-08-27 13:05:00-04:00,186.41009521484375,186.5,186.30999755859375,186.39500427246094,44848
2026-08-27 13:06:00-04:00,186.49459838867188,186.50999450683594,186.2899932861328,186.406005859375,39887
2026-08-27 13:07:00-04:00,186.5,186.52999877929688,186.42999267578125,186.5050048828125,46302
2026-08-27 13:08:00-04:00,186.63499450683594,186.67999267578125,186.50999450683594,186.50999450683594,44922
2026-08-27 13:09:00-04:00,186.6300048828125,186.67990112304688,186.57000732421875,186.64999389648438,38496
2026-08-27 13:10:00-04:00,186.71499633789062,186.72999572753906,186.64439392089844,186.64999389648438,60266
2026-08-27 13:11:00-04:00,186.75050354003906,186.84500122070312,186.70010375976562,186.72000122070312,86159
2026-08-27 13:12:00-04:00,186.8000030517578,186.85000610351562,186.6999969482422,186.75999450683594,42735
2026-08-27 13:13:00-04:00,186.75,186.85000610351562,186.75,186.79049682617188,39868
2026-08-27 13:14:00-04:00,186.80999755859375,186.83799743652344,186.73500061035156,186.77000427246094,54861
2026-08-27 13:15:00-04:00,186.73500061035156,186.85000610351562,186.6800994873047,186.8000030517578,54840
2026-08-27 13:16:00-04:00,186.68499755859375,186.7899932861328,186.6699981689453,186.73190307617188,36061
2026-08-27 13:17:00-04:00,186.4611053466797,186.68499755859375,186.38999938964844,186.67999267578125,74585
2026-08-27 13:18:00-04:00,186.42999267578125,186.5399932861328,186.3802032470703,186.4499969482422,48313
2026-08-27 13:19:00-04:00,186.47500610351562,186.47500610351562,186.3300018310547,186.39999389648438,32272
2026-08-27 13:20:00-04:00,186.4199981689453,186.5500030517578,186.4199981689453,186.46499633789062,31360
2026-08-27 13:21:00-04:00,186.4499969482422,186.4499969482422,186.3300018310547,186.40499877929688,40925
2026-08-27 13:22:00-04:00,186.50999450683594,186.52000427246094,186.41000366210938,186.4499969482422,50744
2026-08-27 13:23:00-04:00,186.14999389648438,186.49000549316406,186.14999389648438,186.49000549316406,50288
2026-08-27 13:24:00-04:00,186.1699981689453,186.22999572753906,186.1300048828125,186.17999267578125,35488
2026-08-27 13:25:00-04:00,186.14999389648438,186.25,186.10000610351562,186.19000244140625,40168
2026-08-27 13:26:00-04:00,185.83999633789062,186.14999389648438,185.78500366210938,186.14999389648438,103021
2026-08-27 13:27:00-04:00,185.72500610351562,185.91000366210938,185.6999969482422,185.83999633789062,34944
2026-08-27 13:28:00-04:00,185.72500610351562,185.7550048828125,185.64999389648438,185.7100067138672,58006
2026-08-27 13:29:00-04:00,185.58999633789062,185.77999877929688,185.55999755859375,185.7100067138672,55814
2026-08-27 13:30:00-04:00,185.625,185.74000549316406,185.39999389648438,185.51780700683594,62879
2026-08-27 13:31:00-04:00,185.72000122070312,185.72000122070312,185.55999755859375,185.63999938964844,40063
2026-08-27 13:32:00-04:00,185.5850067138672,185.76510620117188,185.56500244140625,185.71499633789062,43086
2026-08-27 13:33:00-04:00,185.6699981689453,185.6699981689453,185.55999755859375,185.58999633789062,33898
2026-08-27 13:34:00-04:00,185.33999633789062,185.6699981689453,185.3000946044922,185.6699981689453,47538
2026-08-27 13:35:00-04:00,185.36000061035156,185.36990356445312,185.1999969482422,185.3000030517578,42620
2026-08-27 13:36:00-04:00,185.50999450683594,185.57000732421875,185.33999633789062,185.33999633789062,37911
2026-08-27 13:37:00-04:00,185.45309448242188,185.5500030517578,185.4199981689453,185.49000549316406,42034
2026-08-27 13:38:00-04:00,185.50999450683594,185.5998992919922,185.4550018310547,185.4550018310547,36561
2026-08-27 13:39:00-04:00,185.4499969482422,185.5164031982422,185.4149932861328,185.50999450683594,30729
2026-08-27 13:40:00-04:00,185.5800018310547,185.6199951171875,185.41000366210938,185.4470977783203,69512
2026-08-27 13:41:00-04:00,185.32000732421875,185.61500549316406,185.1199951171875,185.5850067138672,132956
2026-08-27 13:42:00-04:00,185.5399932861328,185.58999633789062,185.3000030517578,185.3000030517578,52056
2026-08-27 13:43:00-04:00,185.56500244140625,185.58999633789062,185.52999877929688,185.5500030517578,22759
2026-08-27 13:44:00-04:00,185.39999389648438,185.58799743652344,185.3000030517578,185.57000732421875,37908
2026-08-27 13:45:00-04:00,185.32000732421875,185.4600067138672,185.24000549316406,185.4499969482422,44834
2026-08-27 13:46:00-04:00,185.2949981689453,185.39999389648438,185.25,185.39999389648438,26122
2026-08-27 13:47:00-04:00,185.27999877929688,185.39999389648438,185.27000427246094,185.2949981689453,25644
2026-08-27 13:48:00-04:00,185.6649932861328,185.69000244140625,185.24000549316406,185.2949981689453,54176
2026-08-27 13:49:00-04:00,185.5399932861328,185.75289916992188,185.52000427246094,185.6649932861328,41092
2026-08-27 13:50:00-04:00,185.60159301757812,185.6649932861328,185.5500030517578,185.5500030517578,27131
2026-08-27 13:51:00-04:00,185.6898956298828,185.7100067138672,185.52000427246094,185.6199951171875,57743
2026-08-27 13:52:00-04:00,185.8000030517578,185.85000610351562,185.6199951171875,185.6699981689453,32493
2026-08-27 13:53:00-04:00,186.17999267578125,186.3800048828125,185.71499633789062,185.8000030517578,121019
2026-08-27 13:54:00-04:00,186.15499877929688,186.48500061035156,186.10000610351562,186.17999267578125,93216
2026-08-27 13:55:00-04:00,186.02999877929688,186.18499755859375,186.0,186.15499877929688,41386
2026-08-27 13:56:00-04:00,186.06500244140625,186.0850067138672,185.97000122070312,186.03990173339844,30876
2026-08-27 13:57:00-04:00,186.06500244140625,186.19500732421875,185.8699951171875,186.06500244140625,48327
2026-08-27 13:58:00-04:00,185.875,186.10000610351562,185.86000061035156,186.05999755859375,36855
2026-08-27 13:59:00-04:00,185.88999938964844,185.99000549316406,185.86000061035156,185.9001007080078,33394
2026-08-27 14:00:00-04:00,185.97500610351562,185.97500610351562,185.87640380859375,185.88999938964844,52934
2026-08-27 14:01:00-04:00,185.83999633789062,185.97500610351562,185.7899932861328,185.97500610351562,30439
2026-08-27 14:02:00-04:00,185.69000244140625,185.86500549316406,185.60000610351562,185.86500549316406,46216
2026-08-27 14:03:00-04:00,185.83999633789062,185.83999633789062,185.6300048828125,185.7100067138672,28615
2026-08-27 14:04:00-04:00,185.60000610351562,185.8800048828125,185.55999755859375,185.83999633789062,38804
2026-08-27 14:05:00-04:00,185.8300018310547,185.8300018310547,185.59010314941406,185.59010314941406,25085
2026-08-27 14:06:00-04:00,185.83999633789062,185.94000244140625,185.72999572753906,185.85000610351562,52899
2026-08-27 14:07:00-04:00,185.9600067138672,186.02000427246094,185.80999755859375,185.89999389648438,52307
2026-08-27 14:08:00-04:00,185.88499450683594,185.9499969482422,185.75,185.94000244140625,31720
2026-08-27 14:09:00-04:00,185.82000732421875,185.9010009765625,185.78480529785156,185.86419677734375,32098
2026-08-27 14:10:00-04:00,185.88999938964844,185.91000366210938,185.7700958251953,185.8350067138672,31797
2026-08-27 14:11:00-04:00,185.918701171875,185.97999572753906,185.8699951171875,185.88409423828125,25023
2026-08-27 14:12:00-04:00,185.8350067138672,186.0,185.75999450683594,185.9199981689453,47404
2026-08-27 14:13:00-04:00,185.47500610351562,185.9199981689453,185.4600067138672,185.83999633789062,48968
2026-08-27 14:14:00-04:00,185.52000427246094,185.55999755859375,185.36000061035156,185.4499969482422,28706
2026-08-27 14:15:00-04:00,185.77000427246094,185.80999755859375,185.52999877929688,185.52999877929688,38769
2026-08-27 14:16:00-04:00,185.72000122070312,185.7899932861328,185.58999633789062,185.74000549316406,31677
2026-08-27 14:17:00-04:00,185.75,185.7949981689453,185.6699981689453,185.6999969482422,25299
2026-08-27 14:18:00-04:00,185.89999389648438,185.9499053955078,185.6999969482422,185.75999450683594,47284
2026-08-27 14:19:00-04:00,185.74000549316406,185.89999389648438,185.66000366210938,185.89999389648438,24743
2026-08-27 14:20:00-04:00,185.7100067138672,185.81910705566406,185.67999267578125,185.72000122070312,35758
2026-08-27 14:21:00-04:00,185.67999267578125,185.82000732421875,185.67010498046875,185.72000122070312,30931
2026-08-27 14:22:00-04:00,185.8000030517578,185.8300018310547,185.6699981689453,185.67999267578125,30125
2026-08-27 14:23:00-04:00,185.6699981689453,185.8699951171875,185.6699981689453,185.77999877929688,28851
2026-08-27 14:24:00-04:00,185.66000366210938,185.67999267578125,185.60009765625,185.67999267578125,40242
2026-08-27 14:25:00-04:00,185.63999938964844,185.7100067138672,185.61000061035156,185.67999267578125,27013
2026-08-27 14:26:00-04:00,185.5,185.64999389648438,185.47999572753906,185.6300048828125,27789
2026-08-27 14:27:00-04:00,185.29989624023438,185.50999450683594,185.27000427246094,185.5,39292
2026-08-27 14:28:00-04:00,185.4499969482422,185.4499969482422,185.16000366210938,185.28399658203125,58504
2026-08-27 14:29:00-04:00,185.63999938964844,185.64999389648438,185.4499969482422,185.4499969482422,37107
2026-08-27 14:30:00-04:00,185.60000610351562,185.6699981689453,185.52999877929688,185.63999938964844,30027
2026-08-27 14:31:00-04:00,185.80599975585938,185.83990478515625,185.6300048828125,185.6300048828125,36204
2026-08-27 14:32:00-04:00,185.92999267578125,185.92999267578125,185.8000030517578,185.80999755859375,49013
2026-08-27 14:33:00-04:00,185.8800048828125,185.97999572753906,185.860107421875,185.9199981689453,39919
2026-08-27 14:34:00-04:00,185.88499450683594,185.92999267578125,185.83009338378906,185.88999938964844,26119
2026-08-27 14:35:00-04:00,185.83999633789062,185.88999938964844,185.72999572753906,185.8699951171875,30392
2026-08-27 14:36:00-04:00,185.82000732421875,185.85009765625,185.77029418945312,185.82510375976562,31299
2026-08-27 14:37:00-04:00,185.90029907226562,185.94000244140625,185.83999633789062,185.83999633789062,25979
2026-08-27 14:38:00-04:00,185.93499755859375,185.94000244140625,185.78500366210938,185.8800048828125,24608
2026-08-27 14:39:00-04:00,185.97000122070312,185.97000122070312,185.85000610351562,185.92010498046875,29077
2026-08-27 14:40:00-04:00,185.89999389648438,186.01600646972656,185.8800048828125,185.9600067138672,52134
2026-08-27 14:41:00-04:00,185.78500366210938,185.89999389648438,185.77000427246094,185.89999389648438,21522
2026-08-27 14:42:00-04:00,185.7449951171875,185.8800048828125,185.74000549316406,185.78500366210938,25131
2026-08-27 14:43:00-04:00,185.86000061035156,185.92379760742188,185.74380493164062,185.7449951171875,40265
2026-08-27 14:44:00-04:00,185.82000732421875,185.8699951171875,185.75999450683594,185.83999633789062,23486
2026-08-27 14:45:00-04:00,185.84500122070312,185.9199981689453,185.8000030517578,185.8300018310547,28230
2026-08-27 14:46:00-04:00,185.86000061035156,185.89999389648438,185.80999755859375,185.8699951171875,28942
2026-08-27 14:47:00-04:00,185.95809936523438,185.97999572753906,185.84010314941406,185.84010314941406,39067
2026-08-27 14:48:00-04:00,186.125,186.17999267578125,185.9499969482422,185.97509765625,88356
2026-08-27 14:49:00-04:00,185.7949981689453,186.13999938964844,185.75999450683594,186.125,55638
2026-08-27 14:50:00-04:00,185.9199981689453,185.9199981689453,185.75,185.7899932861328,76540
2026-08-27 14:51:00-04:00,186.07510375976562,186.08999633789062,185.92869567871094,185.93499755859375,28130
2026-08-27 14:52:00-04:00,186.00999450683594,186.05999755859375,185.86000061035156,186.05999755859375,36989
2026-08-27 14:53:00-04:00,185.91000366210938,186.02000427246094,185.89999389648438,186.00999450683594,28565
2026-08-27 14:54:00-04:00,185.8000030517578,185.89999389648438,185.76499938964844,185.89999389648438,26574
2026-08-27 14:55:00-04:00,185.84500122070312,185.889892578125,185.78660583496094,185.8249969482422,22857
2026-08-27 14:56:00-04:00,185.94000244140625,185.9550018310547,185.80999755859375,185.86000061035156,39466
2026-08-27 14:57:00-04:00,186.07000732421875,186.0749969482422,185.91490173339844,185.9499969482422,62152
2026-08-27 14:58:00-04:00,186.22999572753906,186.27999877929688,186.05999755859375,186.0800018310547,67414
2026-08-27 14:59:00-04:00,186.14999389648438,186.3300018310547,186.10000610351562,186.2615966796875,68959
2026-08-27 15:00:00-04:00,185.9199981689453,186.1699981689453,185.9199981689453,186.13499450683594,42923
2026-08-27 15:01:00-04:00,185.88499450683594,186.03500366210938,185.88499450683594,185.9499969482422,30632
2026-08-27 15:02:00-04:00,185.77000427246094,185.90989685058594,185.77000427246094,185.89999389648438,29342
2026-08-27 15:03:00-04:00,185.8800048828125,185.9199981689453,185.76400756835938,185.76400756835938,29642
2026-08-27 15:04:00-04:00,185.94000244140625,186.00999450683594,185.86000061035156,185.8699951171875,28586
2026-08-27 15:05:00-04:00,185.8800048828125,186.10000610351562,185.86000061035156,185.94000244140625,53037
2026-08-27 15:06:00-04:00,185.89500427246094,186.02000427246094,185.875,185.8896026611328,32818
2026-08-27 15:07:00-04:00,185.98500061035156,186.11500549316406,185.89999389648438,185.89999389648438,40840
2026-08-27 15:08:00-04:00,186.0,186.02999877929688,185.92999267578125,185.99000549316406,38194
2026-08-27 15:09:00-04:00,185.9949951171875,186.08999633789062,185.97000122070312,186.00999450683594,31223
2026-08-27 15:10:00-04:00,185.9864959716797,186.19000244140625,185.97000122070312,186.02000427246094,38418
2026-08-27 15:11:00-04:00,186.11000061035156,186.1300048828125,186.0,186.0,23107
2026-08-27 15:12:00-04:00,186.375,186.375,186.1300048828125,186.14999389648438,50518
2026-08-27 15:13:00-04:00,186.24749755859375,186.4499053955078,186.24000549316406,186.3780059814453,55876
2026-08-27 15:14:00-04:00,186.1699981689453,186.3249969482422,186.13999938964844,186.24000549316406,46780
2026-08-27 15:15:00-04:00,186.2100067138672,186.22999572753906,186.13999938964844,186.1699981689453,23523
2026-08-27 15:16:00-04:00,186.21499633789062,186.27499389648438,186.10000610351562,186.1909942626953,38742
2026-08-27 15:17:00-04:00,186.02000427246094,186.25999450683594,186.0,186.24000549316406,43320
2026-08-27 15:18:00-04:00,185.88999938964844,186.02000427246094,185.88499450683594,186.02000427246094,37842
2026-08-27 15:19:00-04:00,185.99000549316406,186.13999938964844,185.89999389648438,185.9040069580078,42356
2026-08-27 15:20:00-04:00,186.18499755859375,186.1999053955078,185.99000549316406,185.99000549316406,57501
2026-08-27 15:21:00-04:00,186.14999389648438,186.2449951171875,186.1199951171875,186.18499755859375,47339
2026-08-27 15:22:00-04:00,186.22999572753906,186.22999572753906,186.14500427246094,186.14500427246094,35961
2026-08-27 15:23:00-04:00,186.375,186.39999389648438,186.22999572753906,186.25,62924
2026-08-27 15:24:00-04:00,186.47999572753906,186.4949951171875,186.3699951171875,186.38999938964844,63960
2026-08-27 15:25:00-04:00,186.36500549316406,186.47500610351562,186.27999877929688,186.47500610351562,53885
2026-08-27 15:26:00-04:00,186.32000732421875,186.38999938964844,186.27999877929688,186.3699951171875,40141
2026-08-27 15:27:00-04:00,186.22000122070312,186.3249969482422,186.22000122070312,186.3249969482422,45864
2026-08-27 15:28:00-04:00,186.44000244140625,186.49000549316406,186.22000122070312,186.22500610351562,82168
2026-08-27 15:29:00-04:00,186.5500030517578,186.5800018310547,186.42999267578125,186.42999267578125,87340
2026-08-27 15:30:00-04:00,186.33999633789062,186.5449981689453,186.1999969482422,186.5449981689453,71503
2026-08-27 15:31:00-04:00,186.39999389648438,186.41000366210938,186.30999755859375,186.32000732421875,43391
2026-08-27 15:32:00-04:00,186.30999755859375,186.39999389648438,186.2899932861328,186.39500427246094,42074
2026-08-27 15:33:00-04:00,186.36000061035156,186.38999938964844,186.2899932861328,186.3350067138672,42045
2026-08-27 15:34:00-04:00,186.33999633789062,186.52499389648438,186.32000732421875,186.38999938964844,53551
2026-08-27 15:35:00-04:00,186.30999755859375,186.3350067138672,186.24000549316406,186.3350067138672,48547
2026-08-27 15:36:00-04:00,186.34500122070312,186.36000061035156,186.3000030517578,186.32000732421875,26207
2026-08-27 15:37:00-04:00,186.4199981689453,186.4199981689453,186.3300018310547,186.3300018310547,50326
2026-08-27 15:38:00-04:00,186.375,186.4499969482422,186.3699951171875,186.4199981689453,51310
2026-08-27 15:39:00-04:00,186.56500244140625,186.56500244140625,186.33999633789062,186.3699951171875,55063
2026-08-27 15:40:00-04:00,186.4600067138672,186.55499267578125,186.43519592285156,186.5500030517578,66446
2026-08-27 15:41:00-04:00,186.36000061035156,186.55999755859375,186.32000732421875,186.47999572753906,74109
2026-08-27 15:42:00-04:00,186.3300018310547,186.3800048828125,186.2899932861328,186.3300018310547,47452
2026-08-27 15:43:00-04:00,186.17999267578125,186.33990478515625,186.13999938964844,186.3300018310547,51522
2026-08-27 15:44:00-04:00,186.33999633789062,186.35000610351562,186.13999938964844,186.17999267578125,48932
2026-08-27 15:45:00-04:00,186.25,186.36000061035156,186.22000122070312,186.3350067138672,47679
2026-08-27 15:46:00-04:00,186.33999633789062,186.485107421875,186.24000549316406,186.25,66758
2026-08-27 15:47:00-04:00,186.25010681152344,186.3800048828125,186.25010681152344,186.35000610351562,58368
2026-08-27 15:48:00-04:00,186.24000549316406,186.29989624023438,186.17999267578125,186.25999450683594,49525
2026-08-27 15:49:00-04:00,186.26499938964844,186.32000732421875,186.22000122070312,186.25,72534
2026-08-27 15:50:00-04:00,185.67999267578125,186.25,185.60000610351562,186.25,426724
2026-08-27 15:51:00-04:00,185.86000061035156,185.91000366210938,185.69500732421875,185.69500732421875,130203
2026-08-27 15:52:00-04:00,186.0760040283203,186.10000610351562,185.86000061035156,185.86000061035156,105772
2026-08-27 15:53:00-04:00,186.02000427246094,186.16000366210938,186.00999450683594,186.0800018310547,124312
2026-08-27 15:54:00-04:00,186.2899932861328,186.4199981689453,186.0399932861328,186.0399932861328,150074
2026-08-27 15:55:00-04:00,186.0399932861328,186.44000244140625,186.02000427246094,186.27999877929688,263316
2026-08-27 15:56:00-04:00,185.99000549316406,186.10000610351562,185.97999572753906,186.0399932861328,125076
2026-08-27 15:57:00-04:00,186.0399932861328,186.0800018310547,185.77000427246094,186.00999450683594,198744
2026-08-27 15:58:00-04:00,186.0500030517578,186.10499572753906,186.02000427246094,186.0500030517578,303143
2026-08-27 15:59:00-04:00,185.89999389648438,186.0800018310547,185.86500549316406,186.0500030517578,629162
2026-08-28 09:30:00-04:00,186.83839416503906,187.1999969482422,184.6529998779297,184.94000244140625,1073409
2026-08-28 09:31:00-04:00,186.38319396972656,187.3000030517578,186.20010375976562,186.69000244140625,135118
2026-08-28 09:32:00-04:00,186.01499938964844,186.89999389648438,185.84500122070312,186.3800048828125,109391
2026-08-28 09:33:00-04:00,186.106201171875,186.42050170898438,185.77000427246094,186.02499389648438,71962
2026-08-28 09:34:00-04:00,186.6199951171875,186.889892578125,185.64999389648438,186.10000610351562,133998
2026-08-28 09:35:00-04:00,186.39999389648438,186.9499969482422,185.7200927734375,186.67999267578125,110808
2026-08-28 09:36:00-04:00,186.7449951171875,186.87989807128906,186.25999450683594,186.36399841308594,91378
2026-08-28 09:37:00-04:00,186.80999755859375,186.9499969482422,186.5449981689453,186.69500732421875,80639
2026-08-28 09:38:00-04:00,187.0,187.14999389648438,186.52999877929688,186.86000061035156,122496
2026-08-28 09:39:00-04:00,186.60879516601562,187.1699981689453,186.5677947998047,187.05499267578125,69745
2026-08-28 09:40:00-04:00,186.9499969482422,187.17990112304688,186.64999389648438,186.67669677734375,99658
2026-08-28 09:41:00-04:00,186.63999938964844,187.0998992919922,186.47000122070312,186.97000122070312,74353
2026-08-28 09:42:00-04:00,186.69000244140625,186.72999572753906,186.3000030517578,186.67999267578125,62890
2026-08-28 09:43:00-04:00,186.52999877929688,187.08999633789062,186.47999572753906,186.68499755859375,69090
2026-08-28 09:44:00-04:00,186.9600067138672,186.99000549316406,186.42999267578125,186.5,67277
2026-08-28 09:45:00-04:00,186.64999389648438,187.0,186.51010131835938,186.94000244140625,63368
2026-08-28 09:46:00-04:00,185.61000061035156,186.72950744628906,185.61000061035156,186.67999267578125,176431
2026-08-28 09:47:00-04:00,186.57000732421875,186.57000732421875,185.6125030517578,185.6125030517578,98213
2026-08-28 09:48:00-04:00,186.42999267578125,186.73500061035156,186.17010498046875,186.57000732421875,121156
2026-08-28 09:49:00-04:00,186.5146942138672,186.72999572753906,186.17999267578125,186.3699951171875,136989
2026-08-28 09:50:00-04:00,186.82000732421875,187.3699951171875,186.69000244140625,186.69000244140625,121937
2026-08-28 09:51:00-04:00,187.1199951171875,187.22000122070312,186.77639770507812,186.8249969482422,86746
2026-08-28 09:52:00-04:00,186.77980041503906,187.34649658203125,186.77000427246094,187.11599731445312,107496
2026-08-28 09:53:00-04:00,186.84500122070312,187.17999267578125,186.75999450683594,186.84829711914062,84410
2026-08-28 09:54:00-04:00,186.91000366210938,187.05870056152344,186.55499267578125,186.82000732421875,72383
2026-08-28 09:55:00-04:00,186.5800018310547,186.94000244140625,186.52000427246094,186.89999389648438,64329
2026-08-28 09:56:00-04:00,186.3000030517578,186.9199981689453,185.95010375976562,186.50999450683594,74139
2026-08-28 09:57:00-04:00,185.44000244140625,186.4199981689453,185.42999267578125,186.25999450683594,69931
2026-08-28 09:58:00-04:00,185.34500122070312,185.5299072265625,185.02999877929688,185.4573974609375,74145
2026-08-28 09:59:00-04:00,185.6199951171875,185.94000244140625,185.32000732421875,185.35000610351562,65271
2026-08-28 10:00:00-04:00,185.97000122070312,186.1300048828125,185.375,185.63499450683594,66231
2026-08-28 10:01:00-04:00,185.3300018310547,186.01499938964844,185.30999755859375,185.94000244140625,54397
2026-08-28 10:02:00-04:00,185.4510040283203,185.60499572753906,185.3300018310547,185.4149932861328,43705
2026-08-28 10:03:00-04:00,185.38999938964844,185.74000549316406,185.3800048828125,185.4499969482422,47369
2026-08-28 10:04:00-04:00,185.8300018310547,185.8350067138672,185.37010192871094,185.43499755859375,47381
2026-08-28 10:05:00-04:00,185.6750030517578,185.9676971435547,185.64999389648438,185.75999450683594,62811
2026-08-28 10:06:00-04:00,185.5,185.77000427246094,185.38999938964844,185.64010620117188,72306
2026-08-28 10:07:00-04:00,185.64999389648438,185.8300018310547,185.3800048828125,185.4600067138672,66346
2026-08-28 10:08:00-04:00,185.44729614257812,185.72000122070312,185.2100067138672,185.6699981689453,55931
2026-08-28 10:09:00-04:00,185.23480224609375,185.5800018310547,185.1699981689453,185.48500061035156,37916
2026-08-28 10:10:00-04:00,184.90220642089844,185.33999633789062,184.86000061035156,185.22000122070312,70084
2026-08-28 10:11:00-04:00,184.9600067138672,185.0749969482422,184.74000549316406,184.9199981689453,71283
2026-08-28 10:12:00-04:00,184.72000122070312,184.95989990234375,184.4600067138672,184.95989990234375,94597
2026-08-28 10:13:00-04:00,184.5800018310547,184.8199005126953,184.3800048828125,184.8199005126953,67597
2026-08-28 10:14:00-04:00,184.8000030517578,185.05999755859375,184.5500030517578,184.58999633789062,76359
2026-08-28 10:15:00-04:00,184.89500427246094,185.1999969482422,184.8300018310547,184.8699951171875,63588
2026-08-28 10:16:00-04:00,184.77000427246094,185.0,184.52000427246094,184.91000366210938,43428
2026-08-28 10:17:00-04:00,184.99000549316406,185.0800018310547,184.66000366210938,184.73500061035156,39784
2026-08-28 10:18:00-04:00,184.91000366210938,185.125,184.85000610351562,185.02000427246094,43580
2026-08-28 10:19:00-04:00,184.97500610351562,185.1999969482422,184.88059997558594,184.94000244140625,45496
2026-08-28 10:20:00-04:00,185.2698974609375,185.36000061035156,184.95799255371094,185.02000427246094,57019
2026-08-28 10:21:00-04:00,185.39999389648438,185.52999877929688,185.07000732421875,185.28500366210938,48572
2026-08-28 10:22:00-04:00,185.4199981689453,185.49000549316406,185.3101043701172,185.39999389648438,46506
2026-08-28 10:23:00-04:00,185.4093017578125,185.47999572753906,185.25,185.44000244140625,33849
2026-08-28 10:24:00-04:00,185.19500732421875,185.4250030517578,185.02000427246094,185.38999938964844,40009
2026-08-28 10:25:00-04:00,184.64999389648438,185.22500610351562,184.64999389648438,185.1800994873047,87702
2026-08-28 10:26:00-04:00,185.05999755859375,185.05999755859375,184.5,184.6470947265625,45816
2026-08-28 10:27:00-04:00,185.0800018310547,185.40499877929688,185.05999755859375,185.0749969482422,42800
2026-08-28 10:28:00-04:00,185.3249969482422,185.44000244140625,185.10000610351562,185.10000610351562,29664
2026-08-28 10:29:00-04:00,185.39999389648438,185.4199981689453,185.2373046875,185.3249969482422,30335
2026-08-28 10:30:00-04:00,185.73500061035156,185.77999877929688,185.27000427246094,185.38999938964844,82541
2026-08-28 10:31:00-04:00,185.55999755859375,185.79989624023438,185.4199981689453,185.72799682617188,46605
2026-08-28 10:32:00-04:00,185.7397003173828,185.8800048828125,185.58999633789062,185.58999633789062,51604
2026-08-28 10:33:00-04:00,185.72999572753906,185.83990478515625,185.64999389648438,185.8000030517578,36842
2026-08-28 10:34:00-04:00,185.78480529785156,185.89999389648438,185.70889282226562,185.75,37064
2026-08-28 10:35:00-04:00,185.64999389648438,185.78750610351562,185.5399932861328,185.78750610351562,44538
2026-08-28 10:36:00-04:00,185.7100067138672,185.77999877929688,185.5399932861328,185.64500427246094,29072
2026-08-28 10:37:00-04:00,185.6199951171875,185.7799072265625,185.40049743652344,185.7100067138672,21407
2026-08-28 10:38:00-04:00,185.72500610351562,185.8300018310547,185.61000061035156,185.61000061035156,25962
2026-08-28 10:39:00-04:00,185.85000610351562,185.90989685058594,185.70010375976562,185.75,35580
2026-08-28 10:40:00-04:00,185.72000122070312,185.85000610351562,185.5500030517578,185.85000610351562,39954
2026-08-28 10:41:00-04:00,185.77999877929688,185.83999633789062,185.61500549316406,185.74000549316406,32516
2026-08-28 10:42:00-04:00,185.6699981689453,185.77000427246094,185.6199951171875,185.72500610351562,29240
2026-08-28 10:43:00-04:00,185.9199981689453,185.9199981689453,185.64999389648438,185.66000366210938,31471
2026-08-28 10:44:00-04:00,185.68499755859375,185.97000122070312,185.68499755859375,185.84500122070312,32220
2026-08-28 10:45:00-04:00,185.72000122070312,185.86109924316406,185.64999389648438,185.67999267578125,29233
2026-08-28 10:46:00-04:00,186.02000427246094,186.08990478515625,185.72999572753906,185.74000549316406,74320
2026-08-28 10:47:00-04:00,186.1199951171875,186.22500610351562,185.97999572753906,186.06199645996094,66743
2026-08-28 10:48:00-04:00,186.1999969482422,186.36000061035156,186.125,186.14849853515625,70244
2026-08-28 10:49:00-04:00,186.53500366210938,186.67990112304688,186.2086944580078,186.24000549316406,73610
2026-08-28 10:50:00-04:00,186.51499938964844,186.72999572753906,186.41000366210938,186.50999450683594,70585
2026-08-28 10:51:00-04:00,186.56210327148438,186.57949829101562,186.3000030517578,186.5594940185547,41998
2026-08-28 10:52:00-04:00,186.64010620117188,186.74000549316406,186.4199981689453,186.5500030517578,37892
2026-08-28 10:53:00-04:00,186.25999450683594,186.6802978515625,186.25999450683594,186.6802978515625,47209
2026-08-28 10:54:00-04:00,186.52000427246094,186.56129455566406,186.2100067138672,186.2550048828125,42308
2026-08-28 10:55:00-04:00,186.61000061035156,186.86000061035156,186.50999450683594,186.50999450683594,61514
2026-08-28 10:56:00-04:00,186.61000061035156,186.7299041748047,186.46499633789062,186.63999938964844,41539
2026-08-28 10:57:00-04:00,186.64999389648438,186.72000122070312,186.50999450683594,186.57000732421875,39795
2026-08-28 10:58:00-04:00,186.50999450683594,186.69000244140625,186.47999572753906,186.6750030517578,28500
2026-08-28 10:59:00-04:00,186.44009399414062,186.55499267578125,186.42999267578125,186.52999877929688,25426
2026-08-28 11:00:00-04:00,186.5399932861328,186.5800018310547,186.4600067138672,186.47239685058594,31433
2026-08-28 11:01:00-04:00,186.57000732421875,186.6999969482422,186.47999572753906,186.51499938964844,34953
2026-08-28 11:02:00-04:00,186.4700927734375,186.60609436035156,186.4600067138672,186.57000732421875,31406
2026-08-28 11:03:00-04:00,186.6699981689453,186.6999969482422,186.49000549316406,186.50999450683594,33585
2026-08-28 11:04:00-04:00,186.82000732421875,186.8300018310547,186.6060028076172,186.66270446777344,49740
2026-08-28 11:05:00-04:00,186.9582977294922,186.97999572753906,186.7899932861328,186.81500244140625,51476
2026-08-28 11:06:00-04:00,187.0500030517578,187.17999267578125,186.9398956298828,186.9398956298828,91097
2026-08-28 11:07:00-04:00,187.21499633789062,187.27000427246094,186.8800048828125,187.08399963378906,64358
2026-08-28 11:08:00-04:00,186.9949951171875,187.2899932861328,186.82000732421875,187.24000549316406,82416
2026-08-28 11:09:00-04:00,187.0500030517578,187.16000366210938,186.94000244140625,186.99000549316406,78838
2026-08-28 11:10:00-04:00,187.110107421875,187.36000061035156,187.02999877929688,187.0399932861328,82095
2026-08-28 11:11:00-04:00,187.13999938964844,187.2698974609375,187.02000427246094,187.13999938964844,40736
2026-08-28 11:12:00-04:00,187.314697265625,187.314697265625,187.02000427246094,187.14999389648438,44492
2026-08-28 11:13:00-04:00,187.25,187.33999633789062,187.10000610351562,187.3000030517578,56766
2026-08-28 11:14:00-04:00,187.1699981689453,187.35000610351562,187.00010681152344,187.25,73520
2026-08-28 11:15:00-04:00,187.44000244140625,187.5,187.12010192871094,187.12010192871094,78664
2026-08-28 11:16:00-04:00,187.73500061035156,187.85000610351562,187.360107421875,187.39999389648438,117550
2026-08-28 11:17:00-04:00,187.58999633789062,187.8000030517578,187.4600067138672,187.73500061035156,108419
2026-08-28 11:18:00-04:00,187.3592987060547,187.6999969482422,187.28500366210938,187.591796875,77960
2026-08-28 11:19:00-04:00,187.37989807128906,187.71499633789062,187.26499938964844,187.4250030517578,63343
2026-08-28 11:20:00-04:00,187.5,187.52999877929688,187.27000427246094,187.30499267578125,53355
2026-08-28 11:21:00-04:00,187.4550018310547,187.5074005126953,187.38999938964844,187.4600067138672,26557
2026-08-28 11:22:00-04:00,187.5749969482422,187.60000610351562,187.3699951171875,187.4550018310547,54752
2026-08-28 11:23:00-04:00,187.92990112304688,187.92990112304688,187.56500244140625,187.67999267578125,79580
2026-08-28 11:24:00-04:00,187.72500610351562,187.94000244140625,187.66079711914062,187.91000366210938,79041
2026-08-28 11:25:00-04:00,187.82000732421875,187.90530395507812,187.67999267578125,187.72500610351562,47096
2026-08-28 11:26:00-04:00,187.75230407714844,187.9499053955078,187.67999267578125,187.82000732421875,40832
2026-08-28 11:27:00-04:00,187.8000030517578,187.85000610351562,187.6999969482422,187.6999969482422,16476
2026-08-28 11:28:00-04:00,187.92999267578125,187.9600067138672,187.72000122070312,187.82989501953125,64884
2026-08-28 11:29:00-04:00,188.0,188.0850067138672,187.91000366210938,187.94000244140625,238233
2026-08-28 11:30:00-04:00,188.1300048828125,188.22999572753906,187.97999572753906,188.00999450683594,595644
2026-08-28 11:31:00-04:00,188.19500732421875,188.3699951171875,188.08999633789062,188.1300048828125,132525
2026-08-28 11:32:00-04:00,187.9600067138672,188.2899932861328,187.9199981689453,188.17999267578125,107265
2026-08-28 11:33:00-04:00,188.1898956298828,188.1898956298828,187.96949768066406,187.97999572753906,65332
2026-08-28 11:34:00-04:00,188.31500244140625,188.31500244140625,188.02999877929688,188.1750030517578,71134
2026-08-28 11:35:00-04:00,188.13499450683594,188.3498992919922,188.08999633789062,188.3220977783203,77390
2026-08-28 11:36:00-04:00,188.13999938964844,188.1999053955078,188.0198974609375,188.08999633789062,42708
2026-08-28 11:37:00-04:00,187.96499633789062,188.1699981689453,187.85009765625,188.15420532226562,70687
2026-08-28 11:38:00-04:00,187.8719940185547,188.13999938964844,187.8699951171875,187.94000244140625,46968
2026-08-28 11:39:00-04:00,187.68800354003906,187.91000366210938,187.6300048828125,187.875,53177
2026-08-28 11:40:00-04:00,187.42999267578125,187.74940490722656,187.38009643554688,187.6999969482422,57063
2026-08-28 11:41:00-04:00,187.6300048828125,187.63499450683594,187.25999450683594,187.41000366210938,79413
2026-08-28 11:42:00-04:00,187.27000427246094,187.63999938964844,187.22000122070312,187.60000610351562,41048
2026-08-28 11:43:00-04:00,187.3300018310547,187.39999389648438,187.2550048828125,187.28500366210938,46375
2026-08-28 11:44:00-04:00,187.08999633789062,187.35000610351562,187.08999633789062,187.3249969482422,47680
2026-08-28 11:45:00-04:00,187.0749969482422,187.22999572753906,187.0399932861328,187.09910583496094,70696
2026-08-28 11:46:00-04:00,187.2050018310547,187.33999633789062,187.0,187.07000732421875,62262
2026-08-28 11:47:00-04:00,187.0399932861328,187.27999877929688,186.99000549316406,187.1999053955078,75169
2026-08-28 11:48:00-04:00,186.77999877929688,187.02999877929688,186.77000427246094,187.01950073242188,60146
2026-08-28 11:49:00-04:00,186.63999938964844,186.7899932861328,186.5500946044922,186.7899932861328,71306
2026-08-28 11:50:00-04:00,186.72500610351562,186.8498992919922,186.60000610351562,186.6999969482422,35375
2026-08-28 11:51:00-04:00,186.71499633789062,186.75,186.60000610351562,186.7449951171875,59473
2026-08-28 11:52:00-04:00,186.77000427246094,186.85499572753906,186.6699981689453,186.73989868164062,36845
2026-08-28 11:53:00-04:00,186.6999969482422,186.9499969482422,186.6300048828125,186.74000549316406,67506
2026-08-28 11:54:00-04:00,186.81500244140625,186.83990478515625,186.5399932861328,186.66000366210938,66007
2026-08-28 11:55:00-04:00,186.4600067138672,186.9499969482422,186.44000244140625,186.83999633789062,62086
2026-08-28 11:56:00-04:00,186.47000122070312,186.56500244140625,186.4243927001953,186.4949951171875,43528
2026-08-28 11:57:00-04:00,186.44500732421875,186.49000549316406,186.19749450683594,186.4600067138672,91798
2026-08-28 11:58:00-04:00,186.60000610351562,186.60000610351562,186.30999755859375,186.44500732421875,59563
2026-08-28 11:59:00-04:00,186.27000427246094,186.5399932861328,186.13999938964844,186.5399932861328,147844
2026-08-28 12:00:00-04:00,186.11000061035156,186.27999877929688,186.11000061035156,186.25,92256
2026-08-28 12:01:00-04:00,186.0500030517578,186.14500427246094,185.77999877929688,186.14500427246094,118877
2026-08-28 12:02:00-04:00,186.125,186.14999389648438,185.92999267578125,186.02999877929688,68429
2026-08-28 12:03:00-04:00,186.38999938964844,186.4499969482422,186.125,186.1300048828125,71517
2026-08-28 12:04:00-04:00,186.17999267578125,186.55999755859375,186.13999938964844,186.39999389648438,46851
2026-08-28 12:05:00-04:00,186.3000030517578,186.3249969482422,186.08999633789062,186.19000244140625,32810
2026-08-28 12:06:00-04:00,186.2899932861328,186.47500610351562,186.0800018310547,186.3300018310547,73748
2026-08-28 12:07:00-04:00,186.41000366210938,186.4499969482422,186.27000427246094,186.30999755859375,30549
2026-08-28 12:08:00-04:00,186.36000061035156,186.4698944091797,186.30999755859375,186.4149932861328,31427
2026-08-28 12:09:00-04:00,186.27000427246094,186.46710205078125,186.27000427246094,186.38999938964844,28537
2026-08-28 12:10:00-04:00,186.3300018310547,186.40499877929688,186.2100067138672,186.25999450683594,26177
2026-08-28 12:11:00-04:00,186.33999633789062,186.46499633789062,186.22000122070312,186.34500122070312,55498
2026-08-28 12:12:00-04:00,186.6999969482422,186.75999450683594,186.30999755859375,186.36500549316406,54730
2026-08-28 12:13:00-04:00,186.52499389648438,186.67999267578125,186.47999572753906,186.67999267578125,49863
2026-08-28 12:14:00-04:00,186.33999633789062,186.5500030517578,186.32000732421875,186.50999450683594,47105
2026-08-28 12:15:00-04:00,186.19000244140625,186.5050048828125,186.1699981689453,186.35000610351562,43256
2026-08-28 12:16:00-04:00,186.13999938964844,186.27000427246094,186.02999877929688,186.22000122070312,47351
2026-08-28 12:17:00-04:00,185.97000122070312,186.16510009765625,185.92999267578125,186.16510009765625,41024
2026-08-28 12:18:00-04:00,185.67999267578125,186.0,185.66000366210938,185.97000122070312,66266
2026-08-28 12:19:00-04:00,185.9199981689453,185.99000549316406,185.6699981689453,185.6699981689453,55395
2026-08-28 12:20:00-04:00,185.81320190429688,186.0850067138672,185.80999755859375,185.9199981689453,54062
2026-08-28 12:21:00-04:00,185.97000122070312,185.97999572753906,185.5,185.8000030517578,71918
2026-08-28 12:22:00-04:00,185.61000061035156,186.0299072265625,185.52000427246094,185.99000549316406,44512
2026-08-28 12:23:00-04:00,185.60000610351562,185.6199951171875,185.30999755859375,185.5800018310547,59800
2026-08-28 12:24:00-04:00,185.61000061035156,185.64999389648438,185.38999938964844,185.59500122070312,38995
2026-08-28 12:25:00-04:00,185.8000030517578,185.82809448242188,185.38999938964844,185.60499572753906,50052
2026-08-28 12:26:00-04:00,185.75,185.875,185.6199951171875,185.77999877929688,42561
2026-08-28 12:27:00-04:00,185.91000366210938,185.91000366210938,185.7100067138672,185.75,58079
2026-08-28 12:28:00-04:00,185.8300018310547,186.11000061035156,185.8300018310547,185.9138946533203,43411
2026-08-28 12:29:00-04:00,185.38999938964844,185.7998046875,185.38999938964844,185.75999450683594,33962
2026-08-28 12:30:00-04:00,185.52000427246094,185.60499572753906,185.35000610351562,185.35000610351562,27691
2026-08-28 12:31:00-04:00,185.52969360351562,185.64630126953125,185.47999572753906,185.52999877929688,24765
2026-08-28 12:32:00-04:00,185.8000030517578,185.88340759277344,185.47000122070312,185.47000122070312,30238
2026-08-28 12:33:00-04:00,185.94000244140625,185.99989318847656,185.78729248046875,185.80499267578125,31749
2026-08-28 12:34:00-04:00,185.60000610351562,185.9250030517578,185.57000732421875,185.9250030517578,32339
2026-08-28 12:35:00-04:00,186.02000427246094,186.02000427246094,185.58999633789062,185.5998992919922,29215
2026-08-28 12:36:00-04:00,185.91000366210938,186.04989624023438,185.86500549316406,186.00999450683594,31877
2026-08-28 12:37:00-04:00,185.92999267578125,186.0,185.85000610351562,185.9499969482422,37108
2026-08-28 12:38:00-04:00,185.96499633789062,186.0500030517578,185.89999389648438,185.94500732421875,25539
2026-08-28 12:39:00-04:00,185.8300018310547,186.02960205078125,185.78500366210938,185.94009399414062,34355
2026-08-28 12:40:00-04:00,185.6999969482422,185.82000732421875,185.61070251464844,185.8000030517578,34022
2026-08-28 12:41:00-04:00,185.59109497070312,185.67999267578125,185.42999267578125,185.67999267578125,27601
2026-08-28 12:42:00-04:00,185.66000366210938,185.72999572753906,185.58999633789062,185.6300048828125,26762
2026-08-28 12:43:00-04:00,185.72000122070312,185.80999755859375,185.64999389648438,185.69009399414062,19639
2026-08-28 12:44:00-04:00,185.77999877929688,185.79989624023438,185.63999938964844,185.72000122070312,23457
2026-08-28 12:45:00-04:00,186.39990234375,186.39990234375,185.75999450683594,185.75999450683594,46928
2026-08-28 12:46:00-04:00,186.41000366210938,186.5,186.2100067138672,186.38999938964844,64377
2026-08-28 12:47:00-04:00,186.37669372558594,186.41990661621094,186.22999572753906,186.41200256347656,23051
2026-08-28 12:48:00-04:00,186.13999938964844,186.36000061035156,186.02000427246094,186.36000061035156,26962
2026-08-28 12:49:00-04:00,186.17999267578125,186.17999267578125,185.9199981689453,186.13999938964844,58064
2026-08-28 12:50:00-04:00,186.15919494628906,186.4600067138672,186.14999389648438,186.2100067138672,28964
2026-08-28 12:51:00-04:00,186.3000030517578,186.4199981689453,186.08999633789062,186.08999633789062,24966
2026-08-28 12:52:00-04:00,186.32989501953125,186.42990112304688,186.25,186.3249969482422,91907
2026-08-28 12:53:00-04:00,186.30499267578125,186.39999389648438,186.25999450683594,186.30389404296875,21582
2026-08-28 12:54:00-04:00,186.1300048828125,186.39999389648438,186.0800018310547,186.27999877929688,38696
2026-08-28 12:55:00-04:00,186.13499450683594,186.16000366210938,186.0200958251953,186.1199951171875,22149
2026-08-28 12:56:00-04:00,186.17999267578125,186.24000549316406,186.0500030517578,186.1999969482422,22120
2026-08-28 12:57:00-04:00,186.19000244140625,186.22999572753906,186.11000061035156,186.13470458984375,20261
2026-08-28 12:58:00-04:00,186.13499450683594,186.27000427246094,186.02000427246094,186.22500610351562,18104
2026-08-28 12:59:00-04:00,185.9698944091797,186.125,185.8800048828125,186.0800018310547,48920
2026-08-28 13:00:00-04:00,185.64999389648438,185.9949951171875,185.61000061035156,185.94000244140625,54989
2026-08-28 13:01:00-04:00,185.8300018310547,185.889892578125,185.64999389648438,185.6999969482422,23416
2026-08-28 13:02:00-04:00,185.94500732421875,185.95989990234375,185.7949981689453,185.8000030517578,28379
2026-08-28 13:03:00-04:00,185.88999938964844,185.9499969482422,185.7899932861328,185.9001007080078,18381
2026-08-28 13:04:00-04:00,185.8000946044922,186.0,185.8000946044922,185.88999938964844,17774
2026-08-28 13:05:00-04:00,185.75,185.8300018310547,185.69500732421875,185.8000030517578,24702
2026-08-28 13:06:00-04:00,185.77000427246094,185.8699951171875,185.70730590820312,185.76499938964844,16068
2026-08-28 13:07:00-04:00,185.81500244140625,185.8300018310547,185.6699981689453,185.7899932861328,22755
2026-08-28 13:08:00-04:00,185.82000732421875,185.83999633789062,185.7100067138672,185.8300018310547,516786
2026-08-28 13:09:00-04:00,185.66000366210938,185.8350067138672,185.63999938964844,185.8300018310547,33038
2026-08-28 13:10:00-04:00,185.6300048828125,185.69000244140625,185.52999877929688,185.63999938964844,20592
2026-08-28 13:11:00-04:00,185.77000427246094,185.8000030517578,185.6699981689453,185.6699981689453,23218
2026-08-28 13:12:00-04:00,185.78500366210938,185.9499969482422,185.7200927734375,185.77000427246094,30997
2026-08-28 13:13:00-04:00,185.86500549316406,185.90989685058594,185.74000549316406,185.80499267578125,18807
2026-08-28 13:14:00-04:00,185.8699951171875,185.8800048828125,185.8000030517578,185.86500549316406,9438
2026-08-28 13:15:00-04:00,185.89999389648438,185.92999267578125,185.83909606933594,185.83909606933594,15445
2026-08-28 13:16:00-04:00,185.9149932861328,185.93629455566406,185.77999877929688,185.8939971923828,19317
2026-08-28 13:17:00-04:00,186.0,186.04989624023438,185.85000610351562,185.9398956298828,22051
2026-08-28 13:18:00-04:00,185.99000549316406,186.0500030517578,185.9600067138672,186.0,18798
2026-08-28 13:19:00-04:00,185.92999267578125,186.0500030517578,185.89999389648438,185.9949951171875,17626
2026-08-28 13:20:00-04:00,185.85499572753906,186.00999450683594,185.84129333496094,185.9199981689453,15088
2026-08-28 13:21:00-04:00,185.6699981689453,185.84500122070312,185.60000610351562,185.82000732421875,27328
2026-08-28 13:22:00-04:00,185.6999969482422,185.77000427246094,185.610107421875,185.64999389648438,24348
2026-08-28 13:23:00-04:00,185.65499877929688,185.7899932861328,185.57000732421875,185.6999969482422,35056
2026-08-28 13:24:00-04:00,185.8699951171875,185.8800048828125,185.610107421875,185.610107421875,28713
2026-08-28 13:25:00-04:00,185.77000427246094,185.92990112304688,185.74000549316406,185.91000366210938,24136
2026-08-28 13:26:00-04:00,185.8000030517578,185.86000061035156,185.72999572753906,185.77000427246094,31537
2026-08-28 13:27:00-04:00,185.86000061035156,185.91000366210938,185.74000549316406,185.8300018310547,13028
2026-08-28 13:28:00-04:00,186.0800018310547,186.1199951171875,185.89999389648438,185.89999389648438,31975
2026-08-28 13:29:00-04:00,185.875,186.05990600585938,185.875,186.0399932861328,218947
2026-08-28 13:30:00-04:00,185.80999755859375,185.9199981689453,185.75999450683594,185.8800048828125,23667
2026-08-28 13:31:00-04:00,185.75,185.8300018310547,185.60000610351562,185.8300018310547,27690
2026-08-28 13:32:00-04:00,185.8800048828125,185.8800048828125,185.7100067138672,185.80999755859375,54335
2026-08-28 13:33:00-04:00,186.02999877929688,186.0800018310547,185.8800048828125,185.91000366210938,43856
2026-08-28 13:34:00-04:00,186.07000732421875,186.08250427246094,185.99000549316406,186.02000427246094,18937
2026-08-28 13:35:00-04:00,185.94400024414062,186.1300048828125,185.94400024414062,186.02999877929688,35586
2026-08-28 13:36:00-04:00,185.99000549316406,186.03990173339844,185.89999389648438,185.93499755859375,23010
2026-08-28 13:37:00-04:00,185.8300018310547,185.94000244140625,185.77000427246094,185.94000244140625,15290
2026-08-28 13:38:00-04:00,185.94000244140625,185.9698944091797,185.8249969482422,185.8249969482422,21459
2026-08-28 13:39:00-04:00,185.68499755859375,185.97999572753906,185.63999938964844,185.9799041748047,28159
2026-08-28 13:40:00-04:00,185.75,185.75999450683594,185.63999938964844,185.68499755859375,23495
2026-08-28 13:41:00-04:00,185.8300018310547,185.85000610351562,185.69000244140625,185.75,29935
2026-08-28 13:42:00-04:00,185.875,185.94000244140625,185.7877960205078,185.7899932861328,8935
2026-08-28 13:43:00-04:00,186.05499267578125,186.10000610351562,185.85000610351562,185.8699951171875,44881
2026-08-28 13:44:00-04:00,185.88499450683594,186.13250732421875,185.8300018310547,186.1300048828125,24399
2026-08-28 13:45:00-04:00,185.83999633789062,186.00999450683594,185.7899932861328,185.89500427246094,27353
2026-08-28 13:46:00-04:00,186.02000427246094,186.07000732421875,185.7899932861328,185.82000732421875,24253
2026-08-28 13:47:00-04:00,185.83999633789062,186.0399932861328,185.83999633789062,186.02999877929688,30424
2026-08-28 13:48:00-04:00,185.8249969482422,185.910400390625,185.75,185.910400390625,22700
2026-08-28 13:49:00-04:00,185.89999389648438,185.9799041748047,185.83999633789062,185.83999633789062,20656
2026-08-28 13:50:00-04:00,185.9499969482422,185.97999572753906,185.88999938964844,185.91000366210938,13507
2026-08-28 13:51:00-04:00,185.86000061035156,186.0,185.86000061035156,185.97000122070312,23845
2026-08-28 13:52:00-04:00,186.05999755859375,186.05999755859375,185.9149932861328,185.9199981689453,22488
2026-08-28 13:53:00-04:00,186.1199951171875,186.14990234375,186.0500030517578,186.07000732421875,14370
2026-08-28 13:54:00-04:00,186.05999755859375,186.125,186.05999755859375,186.10000610351562,15202
2026-08-28 13:55:00-04:00,186.02000427246094,186.0500030517578,185.97500610351562,186.0399932861328,20498
2026-08-28 13:56:00-04:00,185.9499969482422,185.98500061035156,185.91000366210938,185.98500061035156,15175
2026-08-28 13:57:00-04:00,185.85000610351562,185.9600067138672,185.85000610351562,185.9149932861328,14697
2026-08-28 13:58:00-04:00,186.01199340820312,186.0399932861328,185.83999633789062,185.86500549316406,26445
2026-08-28 13:59:00-04:00,185.99000549316406,186.05990600585938,185.96499633789062,186.02000427246094,18101
2026-08-28 14:00:00-04:00,185.9149932861328,186.0399932861328,185.91000366210938,185.99000549316406,10853
2026-08-28 14:01:00-04:00,185.7899932861328,185.88999938964844,185.74000549316406,185.88999938964844,26400
2026-08-28 14:02:00-04:00,185.92999267578125,186.00990295410156,185.7899932861328,185.7899932861328,30335
2026-08-28 14:03:00-04:00,186.17999267578125,186.24200439453125,185.9550018310547,185.9550018310547,48802
2026-08-28 14:04:00-04:00,186.1300048828125,186.41000366210938,186.11000061035156,186.17999267578125,59225
2026-08-28 14:05:00-04:00,186.1658935546875,186.2821044921875,186.08999633789062,186.1199951171875,25569
2026-08-28 14:06:00-04:00,186.0399932861328,186.1699981689453,186.03500366210938,186.1699981689453,33943
2026-08-28 14:07:00-04:00,186.07000732421875,186.1300048828125,185.97000122070312,186.0500030517578,21380
2026-08-28 14:08:00-04:00,186.1300048828125,186.1300048828125,185.9492950439453,186.0800018310547,16149
2026-08-28 14:09:00-04:00,186.22000122070312,186.27499389648438,186.0800018310547,186.1300048828125,32298
2026-08-28 14:10:00-04:00,186.2550048828125,186.2899932861328,186.1739959716797,186.25599670410156,17002
2026-08-28 14:11:00-04:00,186.27499389648438,186.33999633789062,186.24000549316406,186.2794952392578,33367
2026-08-28 14:12:00-04:00,186.17999267578125,186.27499389648438,186.0399932861328,186.25999450683594,27768
2026-08-28 14:13:00-04:00,185.8350067138672,186.17999267578125,185.82000732421875,186.14500427246094,31180
2026-08-28 14:14:00-04:00,185.72999572753906,185.91000366210938,185.6999969482422,185.83999633789062,45613
2026-08-28 14:15:00-04:00,185.90989685058594,185.9550018310547,185.7100067138672,185.74000549316406,42490
2026-08-28 14:16:00-04:00,185.97999572753906,185.97999572753906,185.83999633789062,185.88499450683594,24462
2026-08-28 14:17:00-04:00,186.0500030517578,186.11000061035156,185.92999267578125,185.97999572753906,51956
2026-08-28 14:18:00-04:00,185.94500732421875,186.0500030517578,185.83999633789062,186.0500030517578,25389
2026-08-28 14:19:00-04:00,186.03419494628906,186.0500030517578,185.9499969482422,185.9499969482422,12432
2026-08-28 14:20:00-04:00,185.88999938964844,186.0800018310547,185.860107421875,186.01499938964844,16014
2026-08-28 14:21:00-04:00,186.0050048828125,186.00999450683594,185.8800048828125,185.9114990234375,10918
2026-08-28 14:22:00-04:00,185.97999572753906,186.0,185.92999267578125,186.0,10440
2026-08-28 14:23:00-04:00,185.72500610351562,185.97999572753906,185.71400451660156,185.97999572753906,42643
2026-08-28 14:24:00-04:00,185.85000610351562,185.85000610351562,185.58999633789062,185.75,73233
2026-08-28 14:25:00-04:00,185.86000061035156,185.9199981689453,185.8323974609375,185.83999633789062,42589
2026-08-28 14:26:00-04:00,186.0200958251953,186.0408935546875,185.8699951171875,185.8800048828125,18112
2026-08-28 14:27:00-04:00,186.02000427246094,186.15499877929688,186.02000427246094,186.06500244140625,32079
2026-08-28 14:28:00-04:00,186.0449981689453,186.0800018310547,185.97999572753906,186.0,12958
2026-08-28 14:29:00-04:00,186.05999755859375,186.05999755859375,185.98170471191406,186.0500030517578,19203
2026-08-28 14:30:00-04:00,186.10000610351562,186.2100067138672,186.05479431152344,186.05479431152344,23077
2026-08-28 14:31:00-04:00,186.13009643554688,186.1649932861328,186.02999877929688,186.08999633789062,22762
2026-08-28 14:32:00-04:00,186.13999938964844,186.17990112304688,186.10499572753906,186.15499877929688,13655
2026-08-28 14:33:00-04:00,186.19000244140625,186.3000030517578,186.16000366210938,186.16000366210938,62134
2026-08-28 14:34:00-04:00,186.14999389648438,186.31500244140625,186.13999938964844,186.22999572753906,28316
2026-08-28 14:35:00-04:00,186.11000061035156,186.1999969482422,186.11000061035156,186.13999938964844,24170
2026-08-28 14:36:00-04:00,185.97999572753906,186.0800018310547,185.9499969482422,186.0800018310547,17278
2026-08-28 14:37:00-04:00,185.91000366210938,186.02999877929688,185.91000366210938,185.9801025390625,11320
2026-08-28 14:38:00-04:00,185.8699951171875,185.92379760742188,185.77999877929688,185.9199981689453,35446
2026-08-28 14:39:00-04:00,185.86000061035156,185.96359252929688,185.86000061035156,185.8699951171875,13538
2026-08-28 14:40:00-04:00,185.91000366210938,185.9199981689453,185.8249969482422,185.8249969482422,10389
2026-08-28 14:41:00-04:00,185.875,186.02000427246094,185.86000061035156,185.97000122070312,26503
2026-08-28 14:42:00-04:00,185.81500244140625,185.88999938964844,185.77999877929688,185.86000061035156,23538
2026-08-28 14:43:00-04:00,185.85000610351562,185.889892578125,185.8000030517578,185.82000732421875,21336
2026-08-28 14:44:00-04:00,185.96499633789062,185.96499633789062,185.86000061035156,185.875,17348
2026-08-28 14:45:00-04:00,185.9199981689453,186.0,185.91000366210938,185.97999572753906,19890
2026-08-28 14:46:00-04:00,185.9149932861328,185.9600067138672,185.88999938964844,185.9499969482422,20187
2026-08-28 14:47:00-04:00,185.8800048828125,185.92999267578125,185.8800048828125,185.9149932861328,11558
2026-08-28 14:48:00-04:00,185.82000732421875,185.9149932861328,185.80999755859375,185.88499450683594,12585
2026-08-28 14:49:00-04:00,185.80999755859375,185.88499450683594,185.76010131835938,185.83999633789062,46609
2026-08-28 14:50:00-04:00,185.7100067138672,185.875,185.6999969482422,185.81500244140625,29631
2026-08-28 14:51:00-04:00,185.88999938964844,185.9398956298828,185.68020629882812,185.6999969482422,36498
2026-08-28 14:52:00-04:00,185.8300018310547,185.9600067138672,185.8249969482422,185.88499450683594,16146
2026-08-28 14:53:00-04:00,185.9499969482422,185.9499969482422,185.82000732421875,185.8699951171875,16081
2026-08-28 14:54:00-04:00,185.8000030517578,185.97999572753906,185.77999877929688,185.97999572753906,16473
2026-08-28 14:55:00-04:00,185.80499267578125,185.83999633789062,185.75,185.80999755859375,33315
2026-08-28 14:56:00-04:00,185.75010681152344,185.81500244140625,185.74000549316406,185.81500244140625,21530
2026-08-28 14:57:00-04:00,185.80999755859375,185.85000610351562,185.75,185.8000030517578,23293
2026-08-28 14:58:00-04:00,185.75,185.8300018310547,185.75,185.80499267578125,24724
2026-08-28 14:59:00-04:00,185.72999572753906,185.79010009765625,185.67999267578125,185.74000549316406,23845
2026-08-28 15:00:00-04:00,185.62120056152344,185.77999877929688,185.60789489746094,185.7100067138672,25815
2026-08-28 15:01:00-04:00,185.8000030517578,185.81500244140625,185.6649932861328,185.6649932861328,14941
2026-08-28 15:02:00-04:00,185.82000732421875,185.8699951171875,185.7899932861328,185.8300018310547,24048
2026-08-28 15:03:00-04:00,185.7899932861328,185.8415985107422,185.6999969482422,185.8415985107422,18878
2026-08-28 15:04:00-04:00,185.81500244140625,185.86500549316406,185.79319763183594,185.7949981689453,18507
2026-08-28 15:05:00-04:00,185.85000610351562,185.8800048828125,185.82000732421875,185.82460021972656,20366
2026-08-28 15:06:00-04:00,185.94500732421875,185.9739990234375,185.85000610351562,185.85000610351562,24051
2026-08-28 15:07:00-04:00,185.93760681152344,186.0050048828125,185.88999938964844,185.94509887695312,60367
2026-08-28 15:08:00-04:00,186.20599365234375,186.2899932861328,185.97000122070312,185.97500610351562,55481
2026-08-28 15:09:00-04:00,186.27999877929688,186.32000732421875,186.125,186.17999267578125,42172
2026-08-28 15:10:00-04:00,186.1750030517578,186.3300018310547,186.10409545898438,186.27999877929688,34050
2026-08-28 15:11:00-04:00,186.25210571289062,186.2998046875,186.1999969482422,186.1999969482422,26301
2026-08-28 15:12:00-04:00,186.3070068359375,186.31739807128906,186.25,186.27999877929688,22771
2026-08-28 15:13:00-04:00,186.3000030517578,186.3300018310547,186.2100067138672,186.30499267578125,26036
2026-08-28 15:14:00-04:00,186.0800018310547,186.2949981689453,186.05999755859375,186.28799438476562,47964
2026-08-28 15:15:00-04:00,186.10000610351562,186.1697998046875,186.0941925048828,186.1300048828125,40862
2026-08-28 15:16:00-04:00,185.99000549316406,186.12840270996094,185.99000549316406,186.08200073242188,23465
2026-08-28 15:17:00-04:00,186.01499938964844,186.04420471191406,185.97999572753906,186.0,21707
2026-08-28 15:18:00-04:00,185.9600067138672,186.03619384765625,185.9600067138672,186.02000427246094,18451
2026-08-28 15:19:00-04:00,185.9550018310547,186.00999450683594,185.6699981689453,185.97000122070312,51247
2026-08-28 15:20:00-04:00,185.94500732421875,186.02000427246094,185.86500549316406,185.97000122070312,35150
2026-08-28 15:21:00-04:00,186.0850067138672,186.0850067138672,185.92999267578125,185.94000244140625,28266
2026-08-28 15:22:00-04:00,186.19000244140625,186.2550048828125,186.08999633789062,186.09500122070312,35051
2026-08-28 15:23:00-04:00,186.0449981689453,186.19000244140625,186.0399932861328,186.19000244140625,24889
2026-08-28 15:24:00-04:00,186.0399932861328,186.0699005126953,185.97520446777344,186.0449981689453,21942
2026-08-28 15:25:00-04:00,186.10400390625,186.1699981689453,186.05999755859375,186.05999755859375,24876
2026-08-28 15:26:00-04:00,186.02499389648438,186.13330078125,185.97999572753906,186.1199951171875,24818
2026-08-28 15:27:00-04:00,186.02999877929688,186.0449981689453,185.92999267578125,186.02499389648438,54542
2026-08-28 15:28:00-04:00,185.9199981689453,186.05999755859375,185.9199981689453,186.0500030517578,26161
2026-08-28 15:29:00-04:00,186.00990295410156,186.02499389648438,185.68499755859375,185.93499755859375,46252
2026-08-28 15:30:00-04:00,186.14999389648438,186.16000366210938,185.97000122070312,186.0,33368
2026-08-28 15:31:00-04:00,186.3800048828125,186.44000244140625,186.1824951171875,186.19000244140625,55721
2026-08-28 15:32:00-04:00,186.4801025390625,186.50999450683594,186.375,186.3800048828125,53336
2026-08-28 15:33:00-04:00,186.6199951171875,186.63999938964844,186.42999267578125,186.47999572753906,61273
2026-08-28 15:34:00-04:00,186.6699981689453,186.6999969482422,186.45010375976562,186.6300048828125,74962
2026-08-28 15:35:00-04:00,186.76499938964844,186.875,186.66000366210938,186.67999267578125,103074
2026-08-28 15:36:00-04:00,186.74000549316406,186.77000427246094,186.61000061035156,186.77000427246094,74447
2026-08-28 15:37:00-04:00,186.7550048828125,186.82989501953125,186.72999572753906,186.74000549316406,44108
2026-08-28 15:38:00-04:00,186.8990020751953,186.89990234375,186.72000122070312,186.7698974609375,49333
2026-08-28 15:39:00-04:00,186.78709411621094,186.89950561523438,186.64999389648438,186.8800048828125,51466
2026-08-28 15:40:00-04:00,186.8249969482422,186.86000061035156,186.63999938964844,186.77999877929688,61956
2026-08-28 15:41:00-04:00,186.75,186.8699951171875,186.6699981689453,186.8466033935547,53114
2026-08-28 15:42:00-04:00,186.72000122070312,186.82989501953125,186.67999267578125,186.72999572753906,68664
2026-08-28 15:43:00-04:00,186.48500061035156,186.74000549316406,186.4499969482422,186.74000549316406,97829
2026-08-28 15:44:00-04:00,186.72999572753906,186.7465057373047,186.44000244140625,186.48500061035156,68645
2026-08-28 15:45:00-04:00,186.5399932861328,186.85000610351562,186.5,186.75,93105
2026-08-28 15:46:00-04:00,186.80589294433594,186.80589294433594,186.49000549316406,186.60000610351562,67209
2026-08-28 15:47:00-04:00,186.93499755859375,186.9499969482422,186.77000427246094,186.77499389648438,76263
2026-08-28 15:48:00-04:00,187.0399932861328,187.0955047607422,186.85000610351562,186.95010375976562,123767
2026-08-28 15:49:00-04:00,187.08999633789062,187.16000366210938,186.97999572753906,187.0399932861328,108503
2026-08-28 15:50:00-04:00,187.0500030517578,187.25,186.8800048828125,187.08999633789062,238185
2026-08-28 15:51:00-04:00,186.7100067138672,187.10000610351562,186.64999389648438,187.02999877929688,147774
2026-08-28 15:52:00-04:00,186.42999267578125,186.7949981689453,186.41000366210938,186.72000122070312,108194
2026-08-28 15:53:00-04:00,186.12969970703125,186.52499389648438,186.0601043701172,186.44000244140625,735122
2026-08-28 15:54:00-04:00,186.49000549316406,186.55499267578125,186.11000061035156,186.14999389648438,184583
2026-08-28 15:55:00-04:00,186.2899932861328,186.5500030517578,186.1699981689453,186.50999450683594,153750
2026-08-28 15:56:00-04:00,186.55499267578125,186.57000732421875,186.22000122070312,186.30999755859375,122183
2026-08-28 15:57:00-04:00,186.41000366210938,186.55999755859375,186.38499450683594,186.52999877929688,129077
2026-08-28 15:58:00-04:00,186.4250030517578,186.4499969482422,186.3249969482422,186.42999267578125,183588
2026-08-28 15:59:00-04:00,186.25,186.4250030517578,186.17999267578125,186.4250030517578,338146
2026-08-31 09:30:00-04:00,185.51499938964844,185.86990356445312,184.32000732421875,184.4949951171875,964822
2026-08-31 09:31:00-04:00,185.67799377441406,186.94000244140625,185.49000549316406,185.92999267578125,228958
2026-08-31 09:32:00-04:00,185.28500366210938,185.95989990234375,185.08999633789062,185.69000244140625,106513
2026-08-31 09:33:00-04:00,186.02000427246094,186.3000030517578,185.3000946044922,185.41000366210938,118915
2026-08-31 09:34:00-04:00,186.1898956298828,186.39999389648438,185.625,185.9199981689453,100761
2026-08-31 09:35:00-04:00,185.19000244140625,186.0500030517578,185.00999450683594,186.0500030517578,71605
2026-08-31 09:36:00-04:00,185.2550048828125,185.69189453125,185.00999450683594,185.1300048828125,87048
2026-08-31 09:37:00-04:00,185.22000122070312,185.60000610351562,184.7301025390625,185.28500366210938,111323
2026-08-31 09:38:00-04:00,185.27000427246094,185.9199981689453,185.05999755859375,185.22000122070312,80646
2026-08-31 09:39:00-04:00,185.75999450683594,186.2895965576172,185.33999633789062,185.39500427246094,110118
2026-08-31 09:40:00-04:00,185.77499389648438,186.3300018310547,185.5500030517578,185.72999572753906,69867
2026-08-31 09:41:00-04:00,185.23500061035156,186.22999572753906,185.05999755859375,185.82460021972656,86381
2026-08-31 09:42:00-04:00,185.39259338378906,185.64999389648438,185.0,185.24000549316406,73952
2026-08-31 09:43:00-04:00,185.35000610351562,185.6300048828125,185.1968994140625,185.3699951171875,52528
2026-08-31 09:44:00-04:00,185.79049682617188,185.79989624023438,185.39500427246094,185.39500427246094,57567
2026-08-31 09:45:00-04:00,186.0,186.32000732421875,185.43539428710938,185.6300048828125,86798
2026-08-31 09:46:00-04:00,185.52000427246094,186.00999450683594,185.48300170898438,185.93499755859375,70352
2026-08-31 09:47:00-04:00,185.3800048828125,185.52000427246094,184.9600067138672,185.4949951171875,122033
2026-08-31 09:48:00-04:00,185.52999877929688,185.8000030517578,185.1649932861328,185.375,61806
2026-08-31 09:49:00-04:00,186.35000610351562,186.4199981689453,185.52000427246094,185.54190063476562,59590
2026-08-31 09:50:00-04:00,185.59500122070312,186.75,185.14999389648438,186.3800048828125,147675
2026-08-31 09:51:00-04:00,185.81500244140625,185.99000549316406,185.52000427246094,185.60000610351562,62658
2026-08-31 09:52:00-04:00,185.41000366210938,185.9600067138672,185.1999969482422,185.91000366210938,44737
2026-08-31 09:53:00-04:00,185.375,185.4499969482422,184.9600067138672,185.41000366210938,60849
2026-08-31 09:54:00-04:00,185.46499633789062,185.6488037109375,185.24000549316406,185.47000122070312,40479
2026-08-31 09:55:00-04:00,185.2899932861328,185.58999633789062,185.25,185.4600067138672,49194
2026-08-31 09:56:00-04:00,185.4499969482422,185.5449981689453,185.0299072265625,185.35000610351562,38437
2026-08-31 09:57:00-04:00,185.3300018310547,185.77999877929688,185.23699951171875,185.5399932861328,46546
2026-08-31 09:58:00-04:00,185.3000030517578,185.37989807128906,185.0,185.3249969482422,39842
2026-08-31 09:59:00-04:00,185.16000366210938,185.27000427246094,185.00599670410156,185.26499938964844,31287
2026-08-31 10:00:00-04:00,184.83999633789062,185.25999450683594,184.82000732421875,185.13999938964844,93775
2026-08-31 10:01:00-04:00,184.92010498046875,185.11000061035156,184.7899932861328,184.8800048828125,48578
2026-08-31 10:02:00-04:00,184.78509521484375,185.0749969482422,184.66000366210938,184.91000366210938,53461
2026-08-31 10:03:00-04:00,184.87010192871094,184.99000549316406,184.7301025390625,184.80740356445312,25275
2026-08-31 10:04:00-04:00,184.91360473632812,185.10000610351562,184.85499572753906,184.85499572753906,50474
2026-08-31 10:05:00-04:00,184.85499572753906,185.0050048828125,184.77000427246094,184.86000061035156,28790
2026-08-31 10:06:00-04:00,184.61129760742188,185.04989624023438,184.5460968017578,184.86500549316406,39633
2026-08-31 10:07:00-04:00,184.46009826660156,184.7899932861328,184.46009826660156,184.5767059326172,76020
2026-08-31 10:08:00-04:00,184.89999389648438,184.97219848632812,184.43519592285156,184.58900451660156,34707
2026-08-31 10:09:00-04:00,184.7899932861328,184.99000549316406,184.75999450683594,184.97000122070312,34307
2026-08-31 10:10:00-04:00,185.30499267578125,185.4499969482422,184.781005859375,184.83999633789062,81760
2026-08-31 10:11:00-04:00,185.02000427246094,185.3800048828125,185.00100708007812,185.30999755859375,60159
2026-08-31 10:12:00-04:00,184.7899932861328,185.05999755859375,184.75999450683594,185.0500030517578,31020
2026-08-31 10:13:00-04:00,184.84750366210938,184.9199981689453,184.7550048828125,184.77000427246094,35266
2026-08-31 10:14:00-04:00,184.75999450683594,184.85000610351562,184.64999389648438,184.83999633789062,41883
2026-08-31 10:15:00-04:00,183.8300018310547,184.74440002441406,183.80999755859375,184.74440002441406,205848
2026-08-31 10:16:00-04:00,184.24000549316406,184.24000549316406,183.7899932861328,183.85000610351562,69979
2026-08-31 10:17:00-04:00,184.42999267578125,184.42999267578125,184.0749969482422,184.17140197753906,46662
2026-08-31 10:18:00-04:00,184.36000061035156,184.5,184.28729248046875,184.42999267578125,38647
2026-08-31 10:19:00-04:00,184.6300048828125,184.65480041503906,184.33999633789062,184.39999389648438,51537
2026-08-31 10:20:00-04:00,184.52000427246094,184.72999572753906,184.4700927734375,184.60499572753906,85618
2026-08-31 10:21:00-04:00,184.55999755859375,184.63999938964844,184.49000549316406,184.52499389648438,38370
2026-08-31 10:22:00-04:00,184.5301055908203,184.7100067138672,184.50999450683594,184.57000732421875,19291
2026-08-31 10:23:00-04:00,184.40499877929688,184.63999938964844,184.2801055908203,184.5,32379
2026-08-31 10:24:00-04:00,184.32000732421875,184.44000244140625,184.0500030517578,184.3800048828125,41373
2026-08-31 10:25:00-04:00,184.5,184.86000061035156,184.25999450683594,184.31500244140625,132170
2026-08-31 10:26:00-04:00,184.66000366210938,184.77999877929688,184.49009704589844,184.5500030517578,68074
2026-08-31 10:27:00-04:00,184.7899932861328,184.83999633789062,184.52239990234375,184.63999938964844,54728
2026-08-31 10:28:00-04:00,185.63009643554688,185.70989990234375,184.74000549316406,184.78799438476562,110226
2026-08-31 10:29:00-04:00,185.5449981689453,185.74989318847656,185.4940948486328,185.7198944091797,36176
2026-08-31 10:30:00-04:00,185.65499877929688,185.74000549316406,185.47999572753906,185.50999450683594,29141
2026-08-31 10:31:00-04:00,185.66000366210938,185.6999969482422,185.52999877929688,185.6999969482422,21031
2026-08-31 10:32:00-04:00,185.6699981689453,185.8000030517578,185.57000732421875,185.6649932861328,46858
2026-08-31 10:33:00-04:00,185.4499969482422,185.7100067138672,185.39999389648438,185.610107421875,22701
2026-08-31 10:34:00-04:00,185.09800720214844,185.49899291992188,185.01649475097656,185.46009826660156,43928
2026-08-31 10:35:00-04:00,185.4799041748047,185.47999572753906,184.9600067138672,185.1300048828125,62017
2026-08-31 10:36:00-04:00,185.41000366210938,185.54100036621094,185.30999755859375,185.44000244140625,28544
2026-08-31 10:37:00-04:00,185.4199981689453,185.49989318847656,185.2899932861328,185.40499877929688,19554
2026-08-31 10:38:00-04:00,185.3300018310547,185.4799041748047,185.26010131835938,185.4199981689453,17195
2026-08-31 10:39:00-04:00,185.27000427246094,185.3699951171875,185.27000427246094,185.34429931640625,20900
2026-08-31 10:40:00-04:00,185.10000610351562,185.27999877929688,185.0709991455078,185.25,19522
2026-08-31 10:41:00-04:00,185.1999969482422,185.22000122070312,185.07000732421875,185.10000610351562,18741
2026-08-31 10:42:00-04:00,185.25999450683594,185.35000610351562,185.16000366210938,185.1999969482422,18214
2026-08-31 10:43:00-04:00,185.2550048828125,185.3300018310547,185.22999572753906,185.23129272460938,21474
2026-08-31 10:44:00-04:00,185.14630126953125,185.281494140625,185.1300048828125,185.2550048828125,22969
2026-08-31 10:45:00-04:00,185.13999938964844,185.22500610351562,185.07000732421875,185.22000122070312,17390
2026-08-31 10:46:00-04:00,185.1999969482422,185.20989990234375,185.0,185.1699981689453,36557
2026-08-31 10:47:00-04:00,185.16000366210938,185.24000549316406,185.0572052001953,185.16099548339844,32709
2026-08-31 10:48:00-04:00,185.05999755859375,185.19000244140625,185.01100158691406,185.14999389648438,31598
2026-08-31 10:49:00-04:00,185.05499267578125,185.11500549316406,185.0,185.07000732421875,23346
2026-08-31 10:50:00-04:00,185.13479614257812,185.13479614257812,184.9600067138672,185.0532989501953,23077
2026-08-31 10:51:00-04:00,185.23500061035156,185.25999450683594,185.02999877929688,185.0800018310547,35792
2026-08-31 10:52:00-04:00,185.625,185.65499877929688,185.22000122070312,185.22000122070312,84231
2026-08-31 10:53:00-04:00,185.6750030517578,185.77000427246094,185.61000061035156,185.64999389648438,57465
2026-08-31 10:54:00-04:00,185.80999755859375,185.93499755859375,185.67999267578125,185.67999267578125,59100
2026-08-31 10:55:00-04:00,185.75,185.9600067138672,185.75,185.81500244140625,54823
2026-08-31 10:56:00-04:00,185.625,186.1750030517578,185.625,185.77499389648438,99712
2026-08-31 10:57:00-04:00,185.44500732421875,185.66000366210938,185.38499450683594,185.61000061035156,76055
2026-08-31 10:58:00-04:00,185.5050048828125,185.60000610351562,185.39999389648438,185.44000244140625,47166
2026-08-31 10:59:00-04:00,185.5,185.60000610351562,185.44000244140625,185.47999572753906,67392
2026-08-31 11:00:00-04:00,186.08999633789062,186.10000610351562,185.5,185.5,58206
2026-08-31 11:01:00-04:00,186.23500061035156,186.3800048828125,186.00010681152344,186.00010681152344,70625
2026-08-31 11:02:00-04:00,185.9600067138672,186.27000427246094,185.875,186.25,61354
2026-08-31 11:03:00-04:00,186.19000244140625,186.1999969482422,185.97000122070312,186.0050048828125,18693
2026-08-31 11:04:00-04:00,186.06289672851562,186.30999755859375,185.9700927734375,186.1842041015625,37877
2026-08-31 11:05:00-04:00,186.1699981689453,186.1699981689453,185.98680114746094,186.02000427246094,25669
2026-08-31 11:06:00-04:00,186.24000549316406,186.3000030517578,186.10000610351562,186.16000366210938,29496
2026-08-31 11:07:00-04:00,186.23500061035156,186.33999633789062,186.22000122070312,186.25999450683594,36835
2026-08-31 11:08:00-04:00,186.11000061035156,186.35000610351562,186.0800018310547,186.23500061035156,67032
2026-08-31 11:09:00-04:00,186.08999633789062,186.1699981689453,186.07009887695312,186.13999938964844,18862
2026-08-31 11:10:00-04:00,186.0850067138672,186.17990112304688,186.02999877929688,186.08999633789062,18994
2026-08-31 11:11:00-04:00,186.07000732421875,186.1999969482422,186.0500030517578,186.0500030517578,30848
2026-08-31 11:12:00-04:00,186.1300048828125,186.1999969482422,186.08349609375,186.11000061035156,27022
2026-08-31 11:13:00-04:00,186.13499450683594,186.17649841308594,186.11000061035156,186.13999938964844,22780
2026-08-31 11:14:00-04:00,186.16000366210938,186.19000244140625,186.11000061035156,186.16000366210938,12441
2026-08-31 11:15:00-04:00,186.17999267578125,186.2899932861328,186.125,186.19000244140625,45665
2026-08-31 11:16:00-04:00,186.1300048828125,186.25,186.1300048828125,186.16000366210938,41862
2026-08-31 11:17:00-04:00,186.10000610351562,186.17849731445312,186.0500030517578,186.0500030517578,34036
2026-08-31 11:18:00-04:00,186.13710021972656,186.1999969482422,186.0601043701172,186.10000610351562,36112
2026-08-31 11:19:00-04:00,186.0948028564453,186.1999969482422,186.02499389648438,186.14999389648438,22595
2026-08-31 11:20:00-04:00,186.03500366210938,186.1199951171875,186.00010681152344,186.1199951171875,16232
2026-08-31 11:21:00-04:00,186.07000732421875,186.1439971923828,185.8699951171875,186.0449981689453,45055
2026-08-31 11:22:00-04:00,186.01499938964844,186.08250427246094,185.9001007080078,186.08250427246094,44847
2026-08-31 11:23:00-04:00,186.1699981689453,186.1699981689453,185.875,185.9949951171875,80145
2026-08-31 11:24:00-04:00,186.3300018310547,186.35000610351562,186.0800018310547,186.13999938964844,23198
2026-08-31 11:25:00-04:00,186.18499755859375,186.36000061035156,186.1300048828125,186.2801055908203,45993
2026-08-31 11:26:00-04:00,186.22500610351562,186.25999450683594,186.16000366210938,186.1999969482422,766509
2026-08-31 11:27:00-04:00,186.38720703125,186.38720703125,186.1199951171875,186.22500610351562,22986
2026-08-31 11:28:00-04:00,186.23500061035156,186.42550659179688,186.23500061035156,186.3699951171875,28531
2026-08-31 11:29:00-04:00,186.16000366210938,186.25999450683594,186.14999389648438,186.2200927734375,40628
2026-08-31 11:30:00-04:00,185.8699951171875,186.14999389648438,185.7100067138672,186.14999389648438,47860
2026-08-31 11:31:00-04:00,185.97500610351562,185.97500610351562,185.7801055908203,185.8699951171875,21436
2026-08-31 11:32:00-04:00,185.78500366210938,185.92999267578125,185.78500366210938,185.92999267578125,16377
2026-08-31 11:33:00-04:00,185.72500610351562,185.86279296875,185.72500610351562,185.77450561523438,24053
2026-08-31 11:34:00-04:00,185.75999450683594,185.92999267578125,185.67999267578125,185.7100067138672,24750
2026-08-31 11:35:00-04:00,185.69000244140625,185.86000061035156,185.61000061035156,185.75999450683594,24480
2026-08-31 11:36:00-04:00,185.7174072265625,185.74000549316406,185.58200073242188,185.6649932861328,51830
2026-08-31 11:37:00-04:00,186.05999755859375,186.18499755859375,185.72500610351562,185.77000427246094,39341
2026-08-31 11:38:00-04:00,185.75999450683594,186.02999877929688,185.72000122070312,186.02999877929688,25547
2026-08-31 11:39:00-04:00,185.8300018310547,185.8386993408203,185.6999969482422,185.77000427246094,23714
2026-08-31 11:40:00-04:00,185.6199951171875,185.85890197753906,185.60009765625,185.85580444335938,37037
2026-08-31 11:41:00-04:00,185.59500122070312,185.61000061035156,185.44000244140625,185.60499572753906,24352
2026-08-31 11:42:00-04:00,185.6999969482422,185.6999969482422,185.5,185.58250427246094,26586
2026-08-31 11:43:00-04:00,185.57000732421875,185.6999969482422,185.55999755859375,185.6999969482422,15354
2026-08-31 11:44:00-04:00,185.88499450683594,185.92999267578125,185.57000732421875,185.5800018310547,17930
2026-08-31 11:45:00-04:00,185.63999938964844,185.9199981689453,185.5906982421875,185.88999938964844,17054
2026-08-31 11:46:00-04:00,185.80999755859375,185.85000610351562,185.67999267578125,185.697998046875,36413
2026-08-31 11:47:00-04:00,185.67999267578125,185.81500244140625,185.6199951171875,185.77999877929688,16513
2026-08-31 11:48:00-04:00,185.89999389648438,185.9600067138672,185.58999633789062,185.58999633789062,38119
2026-08-31 11:49:00-04:00,186.14999389648438,186.14999389648438,185.8699951171875,185.89999389648438,31471
2026-08-31 11:50:00-04:00,186.3000030517578,186.34500122070312,186.11000061035156,186.14500427246094,35838
2026-08-31 11:51:00-04:00,186.3000030517578,186.35000610351562,186.22000122070312,186.3074951171875,32299
2026-08-31 11:52:00-04:00,186.293701171875,186.35000610351562,186.22000122070312,186.2899932861328,54659
2026-08-31 11:53:00-04:00,186.2899932861328,186.39999389648438,186.24000549316406,186.30499267578125,25575
2026-08-31 11:54:00-04:00,186.3800048828125,186.38499450683594,186.24000549316406,186.27499389648438,14284
2026-08-31 11:55:00-04:00,186.27999877929688,186.360107421875,186.25010681152344,186.360107421875,16142
2026-08-31 11:56:00-04:00,186.30999755859375,186.35000610351562,186.22999572753906,186.3000030517578,24426
2026-08-31 11:57:00-04:00,186.26499938964844,186.375,186.2550048828125,186.2949981689453,17149
2026-08-31 11:58:00-04:00,186.28500366210938,186.3000030517578,186.2100067138672,186.22999572753906,23336
2026-08-31 11:59:00-04:00,185.91000366210938,186.2899932861328,185.88999938964844,186.28500366210938,117898
2026-08-31 12:00:00-04:00,186.0,186.02999877929688,185.86000061035156,185.9499969482422,37410
2026-08-31 12:01:00-04:00,185.9499969482422,185.9949951171875,185.8300018310547,185.9949951171875,32546
2026-08-31 12:02:00-04:00,185.8300018310547,185.94000244140625,185.8000030517578,185.94000244140625,42515
2026-08-31 12:03:00-04:00,185.91000366210938,185.91000366210938,185.75,185.85000610351562,22645
2026-08-31 12:04:00-04:00,185.89500427246094,185.95379638671875,185.77439880371094,185.92999267578125,18699
2026-08-31 12:05:00-04:00,185.97000122070312,186.08999633789062,185.9199981689453,185.92999267578125,37270
2026-08-31 12:06:00-04:00,185.99000549316406,186.0,185.89999389648438,185.99000549316406,18115
2026-08-31 12:07:00-04:00,186.0399932861328,186.0399932861328,185.9600067138672,185.9600067138672,17733
2026-08-31 12:08:00-04:00,185.9949951171875,186.02999877929688,185.9600067138672,186.02630615234375,11785
2026-08-31 12:09:00-04:00,186.00999450683594,186.07000732421875,185.9600067138672,185.9949951171875,78383
2026-08-31 12:10:00-04:00,186.0800018310547,186.09500122070312,185.97000122070312,185.97000122070312,18657
2026-08-31 12:11:00-04:00,186.25,186.25,186.08999633789062,186.09500122070312,19648
2026-08-31 12:12:00-04:00,186.2050018310547,186.26809692382812,186.1999969482422,186.22999572753906,17314
2026-08-31 12:13:00-04:00,186.1300048828125,186.2050018310547,186.1199951171875,186.2050018310547,16579
2026-08-31 12:14:00-04:00,186.27499389648438,186.2899932861328,186.0500030517578,186.08999633789062,13202
2026-08-31 12:15:00-04:00,186.10000610351562,186.3000030517578,186.10000610351562,186.3000030517578,14710
2026-08-31 12:16:00-04:00,186.0,186.14999389648438,186.0,186.13999938964844,17818
2026-08-31 12:17:00-04:00,185.94000244140625,186.031005859375,185.88999938964844,186.031005859375,20955
2026-08-31 12:18:00-04:00,185.9600067138672,186.0399932861328,185.88999938964844,185.92999267578125,18080
2026-08-31 12:19:00-04:00,186.25999450683594,186.25999450683594,185.9199981689453,185.97000122070312,24332
2026-08-31 12:20:00-04:00,186.74000549316406,186.8300018310547,186.25999450683594,186.25999450683594,134798
2026-08-31 12:21:00-04:00,186.4300994873047,186.77000427246094,186.4300994873047,186.76800537109375,52049
2026-08-31 12:22:00-04:00,186.46200561523438,186.49000549316406,186.3249969482422,186.44500732421875,32215
2026-08-31 12:23:00-04:00,186.44500732421875,186.52999877929688,186.41000366210938,186.4550018310547,26212
2026-08-31 12:24:00-04:00,186.4149932861328,186.47000122070312,186.375,186.4199981689453,17988
2026-08-31 12:25:00-04:00,186.625,186.6300048828125,186.4210968017578,186.4210968017578,34915
2026-08-31 12:26:00-04:00,186.6699981689453,186.72000122070312,186.5850067138672,186.625,1090071
2026-08-31 12:27:00-04:00,186.7100067138672,186.7100067138672,186.5,186.6699981689453,26970
2026-08-31 12:28:00-04:00,187.0399932861328,187.0500030517578,186.7028045654297,186.72000122070312,102524
2026-08-31 12:29:00-04:00,187.22000122070312,187.25999450683594,186.9199981689453,187.0500030517578,114398
2026-08-31 12:30:00-04:00,187.07000732421875,187.22999572753906,187.0,187.19000244140625,71159
2026-08-31 12:31:00-04:00,187.3000030517578,187.46910095214844,187.07000732421875,187.07000732421875,71557
2026-08-31 12:32:00-04:00,187.33999633789062,187.34500122070312,187.05999755859375,187.25999450683594,63728
2026-08-31 12:33:00-04:00,187.75,187.7978057861328,187.2899932861328,187.35000610351562,126178
2026-08-31 12:34:00-04:00,187.75999450683594,187.77999877929688,187.6501007080078,187.75,66797
2026-08-31 12:35:00-04:00,187.89999389648438,187.94000244140625,187.72500610351562,187.75999450683594,86897
2026-08-31 12:36:00-04:00,187.6300048828125,187.875,187.61000061035156,187.8699951171875,66162
2026-08-31 12:37:00-04:00,187.30999755859375,187.62899780273438,187.3000030517578,187.6199951171875,72830
2026-08-31 12:38:00-04:00,187.125,187.4398956298828,187.0850067138672,187.3271942138672,55790
2026-08-31 12:39:00-04:00,187.1699981689453,187.24000549316406,187.07000732421875,187.1199951171875,39894
2026-08-31 12:40:00-04:00,187.1649932861328,187.20899963378906,186.9600067138672,187.1300048828125,40762
2026-08-31 12:41:00-04:00,187.42999267578125,187.47999572753906,187.1199951171875,187.1300048828125,48270
2026-08-31 12:42:00-04:00,187.31500244140625,187.57000732421875,187.2899932861328,187.39549255371094,37668
2026-08-31 12:43:00-04:00,187.44000244140625,187.4600067138672,187.25,187.27000427246094,25778
2026-08-31 12:44:00-04:00,187.27000427246094,187.4600067138672,187.23500061035156,187.45399475097656,24313
2026-08-31 12:45:00-04:00,187.3249969482422,187.3699951171875,187.25999450683594,187.25999450683594,23647
2026-08-31 12:46:00-04:00,187.25999450683594,187.3800048828125,187.24130249023438,187.3300018310547,22764
2026-08-31 12:47:00-04:00,187.22500610351562,187.3350067138672,187.17999267578125,187.2769012451172,46505
2026-08-31 12:48:00-04:00,187.3699951171875,187.3699951171875,187.14999389648438,187.22500610351562,42863
2026-08-31 12:49:00-04:00,187.41000366210938,187.44500732421875,187.3300018310547,187.33999633789062,23730
2026-08-31 12:50:00-04:00,187.5,187.5,187.4199981689453,187.43209838867188,38781
2026-08-31 12:51:00-04:00,187.4499969482422,187.5,187.32000732421875,187.5,29337
2026-08-31 12:52:00-04:00,187.23500061035156,187.4149932861328,187.2100067138672,187.4149932861328,51557
2026-08-31 12:53:00-04:00,187.27999877929688,187.39999389648438,187.22000122070312,187.25,26614
2026-08-31 12:54:00-04:00,187.2550048828125,187.31500244140625,187.1699981689453,187.27999877929688,37605
2026-08-31 12:55:00-04:00,187.3000030517578,187.3300018310547,187.07000732421875,187.22000122070312,46911
2026-08-31 12:56:00-04:00,187.27999877929688,187.39500427246094,187.25999450683594,187.2899932861328,27009
2026-08-31 12:57:00-04:00,186.75,187.2700958251953,186.71499633789062,187.2700958251953,54449
2026-08-31 12:58:00-04:00,186.35000610351562,186.8000030517578,186.30999755859375,186.71499633789062,55801
2026-08-31 12:59:00-04:00,186.63499450683594,186.6999969482422,186.22000122070312,186.35000610351562,61596
2026-08-31 13:00:00-04:00,186.66000366210938,186.66000366210938,186.4499969482422,186.58999633789062,30332
2026-08-31 13:01:00-04:00,186.72999572753906,186.7899932861328,186.66000366210938,186.69000244140625,46135
2026-08-31 13:02:00-04:00,186.89999389648438,186.89999389648438,186.7100067138672,186.75999450683594,28302
2026-08-31 13:03:00-04:00,186.52000427246094,186.8800048828125,186.3699951171875,186.85000610351562,56707
2026-08-31 13:04:00-04:00,186.55999755859375,186.63619995117188,186.510498046875,186.51499938964844,18092
2026-08-31 13:05:00-04:00,186.50950622558594,186.58999633789062,186.47000122070312,186.58990478515625,18892
2026-08-31 13:06:00-04:00,186.4199981689453,186.50999450683594,186.3424072265625,186.4801025390625,30539
2026-08-31 13:07:00-04:00,186.47000122070312,186.47999572753906,186.35000610351562,186.4001007080078,26560
2026-08-31 13:08:00-04:00,186.34500122070312,186.4698944091797,186.32009887695312,186.4698944091797,22948
2026-08-31 13:09:00-04:00,186.24000549316406,186.39999389648438,186.2100067138672,186.389892578125,22177
2026-08-31 13:10:00-04:00,186.0576934814453,186.27999877929688,185.9001007080078,186.2698974609375,54348
2026-08-31 13:11:00-04:00,185.72999572753906,186.05990600585938,185.72999572753906,186.0399932861328,33870
2026-08-31 13:12:00-04:00,185.4550018310547,185.85560607910156,185.4499969482422,185.72500610351562,71518
2026-08-31 13:13:00-04:00,185.6999969482422,185.75,185.4499969482422,185.4499969482422,61403
2026-08-31 13:14:00-04:00,185.8000030517578,185.8800048828125,185.66000366210938,185.7100067138672,52742
2026-08-31 13:15:00-04:00,186.0500030517578,186.0800018310547,185.7449951171875,185.78500366210938,34042
2026-08-31 13:16:00-04:00,186.3195037841797,186.35000610351562,185.93499755859375,186.0500030517578,99888
2026-08-31 13:17:00-04:00,186.0,186.3800048828125,186.0,186.31500244140625,38383
2026-08-31 13:18:00-04:00,185.9499969482422,186.02000427246094,185.9499969482422,185.97500610351562,16948
2026-08-31 13:19:00-04:00,185.91000366210938,185.92999267578125,185.85000610351562,185.92999267578125,26068
2026-08-31 13:20:00-04:00,185.9499969482422,186.0399932861328,185.85000610351562,185.8800048828125,22805
2026-08-31 13:21:00-04:00,186.02999877929688,186.07989501953125,185.92010498046875,185.97000122070312,11774
2026-08-31 13:22:00-04:00,185.92999267578125,186.03500366210938,185.8800048828125,186.00999450683594,25917
2026-08-31 13:23:00-04:00,185.94500732421875,185.95599365234375,185.91000366210938,185.9250030517578,9429
2026-08-31 13:24:00-04:00,185.77000427246094,185.94000244140625,185.75059509277344,185.94000244140625,93231
2026-08-31 13:25:00-04:00,185.79600524902344,185.82000732421875,185.75999450683594,185.78500366210938,26959
2026-08-31 13:26:00-04:00,185.8300018310547,185.8699951171875,185.80499267578125,185.80499267578125,19238
2026-08-31 13:27:00-04:00,185.86500549316406,185.9149932861328,185.80999755859375,185.8343963623047,22925
2026-08-31 13:28:00-04:00,185.80499267578125,185.92999267578125,185.7899932861328,185.86500549316406,20804
2026-08-31 13:29:00-04:00,185.59500122070312,185.8249969482422,185.42999267578125,185.80499267578125,52633
2026-08-31 13:30:00-04:00,185.81500244140625,185.83990478515625,185.57000732421875,185.57000732421875,35864
2026-08-31 13:31:00-04:00,185.97000122070312,185.97000122070312,185.7899932861328,185.7899932861328,24014
2026-08-31 13:32:00-04:00,185.97999572753906,186.0,185.9499969482422,185.97000122070312,18452
2026-08-31 13:33:00-04:00,185.98599243164062,186.07000732421875,185.9499969482422,185.9600067138672,14594
2026-08-31 13:34:00-04:00,185.94000244140625,185.97999572753906,185.91000366210938,185.97999572753906,20163
2026-08-31 13:35:00-04:00,186.02999877929688,186.0738067626953,185.89999389648438,185.89999389648438,20408
2026-08-31 13:36:00-04:00,185.97500610351562,186.05999755859375,185.9600067138672,186.0500030517578,12539
2026-08-31 13:37:00-04:00,185.86000061035156,186.00999450683594,185.83009338378906,185.98609924316406,28111
2026-08-31 13:38:00-04:00,185.65499877929688,185.86000061035156,185.6300048828125,185.86000061035156,19009
2026-08-31 13:39:00-04:00,185.53419494628906,185.67999267578125,185.5009002685547,185.65499877929688,23620
2026-08-31 13:40:00-04:00,185.76519775390625,185.77000427246094,185.5301055908203,185.5800018310547,32584
2026-08-31 13:41:00-04:00,185.7899932861328,185.8300018310547,185.69000244140625,185.7779998779297,25123
2026-08-31 13:42:00-04:00,185.90499877929688,185.93499755859375,185.78500366210938,185.78500366210938,22602
2026-08-31 13:43:00-04:00,186.125,186.16000366210938,185.88999938964844,185.89999389648438,43708
2026-08-31 13:44:00-04:00,186.1300048828125,186.14999389648438,186.08009338378906,186.1300048828125,9473
2026-08-31 13:45:00-04:00,186.00999450683594,186.1300048828125,186.00999450683594,186.1199951171875,17219
2026-08-31 13:46:00-04:00,186.10000610351562,186.13999938964844,186.0500030517578,186.0500030517578,10491
2026-08-31 13:47:00-04:00,186.2100067138672,186.25999450683594,186.125,186.125,23214
2026-08-31 13:48:00-04:00,186.2050018310547,186.24000549316406,186.16000366210938,186.22999572753906,19048
2026-08-31 13:49:00-04:00,186.22500610351562,186.2899932861328,186.1800994873047,186.2050018310547,16506
2026-08-31 13:50:00-04:00,186.3300018310547,186.35499572753906,186.22000122070312,186.22999572753906,23134
2026-08-31 13:51:00-04:00,186.39999389648438,186.4499969482422,186.34500122070312,186.35000610351562,20866
2026-08-31 13:52:00-04:00,186.5399932861328,186.60000610351562,186.38999938964844,186.4250030517578,34021
2026-08-31 13:53:00-04:00,186.66000366210938,186.72000122070312,186.55999755859375,186.5749969482422,39193
2026-08-31 13:54:00-04:00,186.65179443359375,186.67999267578125,186.60000610351562,186.6649932861328,35783
2026-08-31 13:55:00-04:00,186.4600067138672,186.65499877929688,186.44000244140625,186.65499877929688,49263
2026-08-31 13:56:00-04:00,186.47999572753906,186.50999450683594,186.38999938964844,186.4600067138672,28773
2026-08-31 13:57:00-04:00,186.38999938964844,186.5,186.36000061035156,186.5,31204
2026-08-31 13:58:00-04:00,186.39999389648438,186.4239959716797,186.35350036621094,186.39010620117188,21431
2026-08-31 13:59:00-04:00,186.41000366210938,186.47000122070312,186.33999633789062,186.4199981689453,33108
2026-08-31 14:00:00-04:00,186.5,186.52999877929688,186.3300018310547,186.38499450683594,23569
2026-08-31 14:01:00-04:00,186.86000061035156,186.8699951171875,186.50999450683594,186.51499938964844,67398
2026-08-31 14:02:00-04:00,187.10499572753906,187.1199951171875,186.85000610351562,186.8800048828125,58573
2026-08-31 14:03:00-04:00,187.14999389648438,187.25999450683594,187.10000610351562,187.1300048828125,84816
2026-08-31 14:04:00-04:00,187.21009826660156,187.2899932861328,187.14500427246094,187.14500427246094,51174
2026-08-31 14:05:00-04:00,187.3300018310547,187.39999389648438,187.0800018310547,187.22000122070312,45990
2026-08-31 14:06:00-04:00,186.9550018310547,187.2899932861328,186.94000244140625,187.2899932861328,44157
2026-08-31 14:07:00-04:00,186.8699951171875,186.97000122070312,186.76499938964844,186.9499969482422,36881
2026-08-31 14:08:00-04:00,187.02960205078125,187.0399932861328,186.8699951171875,186.8699951171875,17975
2026-08-31 14:09:00-04:00,186.94000244140625,187.0,186.91000366210938,187.0,21810
2026-08-31 14:10:00-04:00,187.09500122070312,187.15989685058594,186.9600067138672,186.9600067138672,22811
2026-08-31 14:11:00-04:00,187.0500030517578,187.1199951171875,187.03250122070312,187.1199951171875,26848
2026-08-31 14:12:00-04:00,186.9949951171875,187.06500244140625,186.97000122070312,187.0500030517578,28154
2026-08-31 14:13:00-04:00,186.88999938964844,187.125,186.88999938964844,186.9949951171875,28815
2026-08-31 14:14:00-04:00,186.90699768066406,186.94000244140625,186.86000061035156,186.88999938964844,17933
2026-08-31 14:15:00-04:00,187.1199951171875,187.1199951171875,186.9149932861328,186.9149932861328,40840
2026-08-31 14:16:00-04:00,187.19000244140625,187.25999450683594,187.05999755859375,187.10000610351562,50735
2026-08-31 14:17:00-04:00,187.2050018310547,187.27000427246094,187.1999969482422,187.21499633789062,25632
2026-08-31 14:18:00-04:00,187.3195037841797,187.36000061035156,187.2100067138672,187.2100067138672,36958
2026-08-31 14:19:00-04:00,187.14500427246094,187.35000610351562,187.09849548339844,187.3000030517578,43735
2026-08-31 14:20:00-04:00,187.19000244140625,187.1999969482422,187.10000610351562,187.1300048828125,16834
2026-08-31 14:21:00-04:00,187.1999969482422,187.25,187.10000610351562,187.19000244140625,38643
2026-08-31 14:22:00-04:00,187.1300048828125,187.19500732421875,187.11990356445312,187.14999389648438,21969
2026-08-31 14:23:00-04:00,187.07000732421875,187.1280059814453,186.9600067138672,187.1280059814453,27363
2026-08-31 14:24:00-04:00,187.27999877929688,187.3300018310547,187.0500030517578,187.0800018310547,31545
2026-08-31 14:25:00-04:00,187.22999572753906,187.2967987060547,187.2100067138672,187.2967987060547,22553
2026-08-31 14:26:00-04:00,187.17999267578125,187.27200317382812,187.11000061035156,187.22500610351562,34329
2026-08-31 14:27:00-04:00,187.16000366210938,187.22000122070312,187.1300048828125,187.16000366210938,24939
2026-08-31 14:28:00-04:00,187.10000610351562,187.1750030517578,187.08999633789062,187.13999938964844,23098
2026-08-31 14:29:00-04:00,187.07000732421875,187.0989990234375,187.0399932861328,187.0800018310547,15218
2026-08-31 14:30:00-04:00,187.0500030517578,187.17999267578125,187.0399932861328,187.07000732421875,31531
2026-08-31 14:31:00-04:00,187.02499389648438,187.07989501953125,186.9499969482422,187.0399932861328,18132
2026-08-31 14:32:00-04:00,186.99000549316406,187.05499267578125,186.98240661621094,187.05499267578125,12531
2026-08-31 14:33:00-04:00,186.94500732421875,187.0399932861328,186.8800048828125,187.00999450683594,22805
2026-08-31 14:34:00-04:00,186.8699951171875,186.97000122070312,186.86000061035156,186.9550018310547,17535
2026-08-31 14:35:00-04:00,186.77749633789062,186.89999389648438,186.75999450683594,186.8800048828125,43604
2026-08-31 14:36:00-04:00,186.82000732421875,186.8656005859375,186.75,186.77999877929688,28911
2026-08-31 14:37:00-04:00,186.8000030517578,186.83999633789062,186.79010009765625,186.82009887695312,10876
2026-08-31 14:38:00-04:00,186.63499450683594,186.85000610351562,186.6199951171875,186.80999755859375,37637
2026-08-31 14:39:00-04:00,186.9149932861328,186.9199981689453,186.6300048828125,186.63499450683594,54447
2026-08-31 14:40:00-04:00,187.08999633789062,187.08999633789062,186.89999389648438,186.9149932861328,39829
2026-08-31 14:41:00-04:00,187.08340454101562,187.19000244140625,187.0399932861328,187.0800018310547,38541
2026-08-31 14:42:00-04:00,187.12049865722656,187.19000244140625,187.08009338378906,187.08999633789062,21171
2026-08-31 14:43:00-04:00,187.1199951171875,187.125,187.07009887695312,187.1199951171875,16174
2026-08-31 14:44:00-04:00,187.1699981689453,187.1999969482422,187.00999450683594,187.10000610351562,27254
2026-08-31 14:45:00-04:00,187.06500244140625,187.1699981689453,187.05999755859375,187.1699981689453,27714
2026-08-31 14:46:00-04:00,187.0800018310547,187.09759521484375,187.01010131835938,187.0500030517578,18239
2026-08-31 14:47:00-04:00,187.32000732421875,187.38999938964844,187.07550048828125,187.07550048828125,45108
2026-08-31 14:48:00-04:00,187.41000366210938,187.4499969482422,187.25,187.32000732421875,62308
2026-08-31 14:49:00-04:00,187.3699951171875,187.55999755859375,187.3699951171875,187.4199981689453,67882
2026-08-31 14:50:00-04:00,187.3950958251953,187.41000366210938,187.31500244140625,187.3800048828125,27305
2026-08-31 14:51:00-04:00,187.375,187.4199981689453,187.30349731445312,187.4199981689453,23470
2026-08-31 14:52:00-04:00,187.397705078125,187.41000366210938,187.35009765625,187.38999938964844,22068
2026-08-31 14:53:00-04:00,187.38999938964844,187.4185028076172,187.29010009765625,187.3800048828125,18947
2026-08-31 14:54:00-04:00,187.5989990234375,187.5989990234375,187.35000610351562,187.4149932861328,43569
2026-08-31 14:55:00-04:00,187.5,187.60000610351562,187.4600067138672,187.49000549316406,47388
2026-08-31 14:56:00-04:00,187.5449981689453,187.55999755859375,187.35009765625,187.50999450683594,31403
2026-08-31 14:57:00-04:00,187.47000122070312,187.57000732421875,187.42999267578125,187.5449981689453,27129
2026-08-31 14:58:00-04:00,187.52499389648438,187.52499389648438,187.42999267578125,187.47000122070312,22911
2026-08-31 14:59:00-04:00,187.4149932861328,187.52999877929688,187.3800048828125,187.5200958251953,19721
2026-08-31 15:00:00-04:00,187.5050048828125,187.52999877929688,187.39999389648438,187.39999389648438,14568
2026-08-31 15:01:00-04:00,187.36000061035156,187.5,187.30999755859375,187.5,20769
2026-08-31 15:02:00-04:00,187.48500061035156,187.535400390625,187.35000610351562,187.36000061035156,19482
2026-08-31 15:03:00-04:00,187.39999389648438,187.51499938964844,187.38999938964844,187.48500061035156,14164
2026-08-31 15:04:00-04:00,187.44500732421875,187.47000122070312,187.39059448242188,187.41000366210938,17743
2026-08-31 15:05:00-04:00,187.27999877929688,187.4550018310547,187.27000427246094,187.44000244140625,31114
2026-08-31 15:06:00-04:00,187.19500732421875,187.2899932861328,187.17999267578125,187.25010681152344,30932
2026-08-31 15:07:00-04:00,187.3968963623047,187.39999389648438,187.19500732421875,187.19500732421875,62045
2026-08-31 15:08:00-04:00,187.5399932861328,187.5500030517578,187.39500427246094,187.39500427246094,35411
2026-08-31 15:09:00-04:00,187.55999755859375,187.58999633789062,187.4300994873047,187.5449981689453,36453
2026-08-31 15:10:00-04:00,187.55999755859375,187.64999389648438,187.5050048828125,187.56500244140625,45888
2026-08-31 15:11:00-04:00,187.49049377441406,187.58999633789062,187.49000549316406,187.5500030517578,30711
2026-08-31 15:12:00-04:00,187.5399932861328,187.6053009033203,187.4949951171875,187.4949951171875,33883
2026-08-31 15:13:00-04:00,187.625,187.64520263671875,187.49000549316406,187.52000427246094,17700
2026-08-31 15:14:00-04:00,187.58999633789062,187.64999389648438,187.57000732421875,187.63999938964844,27945
2026-08-31 15:15:00-04:00,187.5294952392578,187.57000732421875,187.4700927734375,187.55999755859375,25754
2026-08-31 15:16:00-04:00,187.58999633789062,187.63999938964844,187.51060485839844,187.51060485839844,21725
2026-08-31 15:17:00-04:00,187.66000366210938,187.69000244140625,187.5800018310547,187.58999633789062,30198
2026-08-31 15:18:00-04:00,187.69000244140625,187.735107421875,187.62010192871094,187.66009521484375,36972
2026-08-31 15:19:00-04:00,187.72000122070312,187.77000427246094,187.6699981689453,187.6699981689453,36626
2026-08-31 15:20:00-04:00,187.58999633789062,187.7501983642578,187.57000732421875,187.7449951171875,34821
2026-08-31 15:21:00-04:00,187.49000549316406,187.625,187.47000122070312,187.5800018310547,61587
2026-08-31 15:22:00-04:00,187.67999267578125,187.67999267578125,187.4700927734375,187.49000549316406,24412
2026-08-31 15:23:00-04:00,187.67999267578125,187.7550048828125,187.66000366210938,187.7100067138672,31142
2026-08-31 15:24:00-04:00,187.52999877929688,187.6999969482422,187.5,187.6999969482422,31538
2026-08-31 15:25:00-04:00,187.40499877929688,187.52000427246094,187.40499877929688,187.5074005126953,26856
2026-08-31 15:26:00-04:00,187.3350067138672,187.5500030517578,187.3300018310547,187.40499877929688,39891
2026-08-31 15:27:00-04:00,187.52499389648438,187.52499389648438,187.30999755859375,187.32000732421875,33308
2026-08-31 15:28:00-04:00,187.43499755859375,187.64999389648438,187.38999938964844,187.55999755859375,31736
2026-08-31 15:29:00-04:00,187.4250030517578,187.47999572753906,187.30999755859375,187.41000366210938,38341
2026-08-31 15:30:00-04:00,187.39500427246094,187.4199981689453,187.1999969482422,187.38499450683594,53743
2026-08-31 15:31:00-04:00,187.15499877929688,187.4550018310547,187.1199951171875,187.41000366210938,31592
2026-08-31 15:32:00-04:00,187.21499633789062,187.2698974609375,187.11000061035156,187.1699981689453,34117
2026-08-31 15:33:00-04:00,187.30859375,187.3300018310547,187.16000366210938,187.19000244140625,35041
2026-08-31 15:34:00-04:00,187.25,187.33999633789062,187.2100067138672,187.2899932861328,33582
2026-08-31 15:35:00-04:00,187.2200927734375,187.26499938964844,187.07000732421875,187.26499938964844,43385
2026-08-31 15:36:00-04:00,187.12100219726562,187.3000030517578,187.12100219726562,187.1999969482422,53067
2026-08-31 15:37:00-04:00,187.22500610351562,187.2899932861328,187.10499572753906,187.1199951171875,30982
2026-08-31 15:38:00-04:00,187.24000549316406,187.27999877929688,187.19000244140625,187.22000122070312,23160
2026-08-31 15:39:00-04:00,187.15499877929688,187.2899932861328,187.13999938964844,187.22999572753906,27010
2026-08-31 15:40:00-04:00,186.80499267578125,187.17539978027344,186.75999450683594,187.14999389648438,61029
2026-08-31 15:41:00-04:00,186.60000610351562,186.77999877929688,186.55999755859375,186.77999877929688,68321
2026-08-31 15:42:00-04:00,187.0749969482422,187.11000061035156,186.55999755859375,186.58999633789062,68068
2026-08-31 15:43:00-04:00,187.1750030517578,187.19000244140625,186.9001007080078,187.0749969482422,56372
2026-08-31 15:44:00-04:00,187.0574951171875,187.19590759277344,187.0399932861328,187.18499755859375,40346
2026-08-31 15:45:00-04:00,187.13189697265625,187.13189697265625,186.69000244140625,187.0500030517578,55492
2026-08-31 15:46:00-04:00,186.96499633789062,187.11000061035156,186.92999267578125,187.08999633789062,27731
2026-08-31 15:47:00-04:00,187.06500244140625,187.19000244140625,186.9600067138672,186.96499633789062,43318
2026-08-31 15:48:00-04:00,187.00999450683594,187.19000244140625,186.9499969482422,187.06500244140625,111335
2026-08-31 15:49:00-04:00,187.05999755859375,187.11000061035156,186.97509765625,187.0050048828125,30881
2026-08-31 15:50:00-04:00,186.75999450683594,187.19000244140625,186.69000244140625,187.0800018310547,96105
2026-08-31 15:51:00-04:00,186.81500244140625,186.89999389648438,186.60000610351562,186.74000549316406,83963
2026-08-31 15:52:00-04:00,186.91000366210938,187.02999877929688,186.8000030517578,186.83999633789062,84623
2026-08-31 15:53:00-04:00,186.8000030517578,186.88999938964844,186.8000030517578,186.8699951171875,73680
2026-08-31 15:54:00-04:00,186.42999267578125,186.94000244140625,186.39999389648438,186.7899932861328,187661
2026-08-31 15:55:00-04:00,186.05999755859375,186.42999267578125,185.8800048828125,186.42999267578125,204241
2026-08-31 15:56:00-04:00,186.10000610351562,186.2100067138672,185.94000244140625,186.0449981689453,159448
2026-08-31 15:57:00-04:00,186.43499755859375,186.5,186.00999450683594,186.10000610351562,196199
2026-08-31 15:58:00-04:00,186.4499969482422,186.49000549316406,186.38999938964844,186.44000244140625,223540
2026-08-31 15:59:00-04:00,186.36000061035156,186.58999633789062,186.24000549316406,186.44000244140625,506640
2026-09-01 09:30:00-04:00,182.3699951171875,183.71249389648438,182.1199951171875,182.75,1419152
2026-09-01 09:31:00-04:00,182.8000030517578,183.0,181.3000030517578,182.5998992919922,190476
2026-09-01 09:32:00-04:00,183.26499938964844,183.6051025390625,182.49000549316406,182.8249969482422,133206
2026-09-01 09:33:00-04:00,183.75,183.79989624023438,182.82000732421875,183.30999755859375,147320
2026-09-01 09:34:00-04:00,183.43499755859375,183.99000549316406,183.11000061035156,183.8000030517578,123005
2026-09-01 09:35:00-04:00,183.3804931640625,183.9698944091797,183.20750427246094,183.43499755859375,101497
2026-09-01 09:36:00-04:00,183.84280395507812,184.19000244140625,182.63999938964844,183.25,158772
2026-09-01 09:37:00-04:00,184.32000732421875,184.5800018310547,183.57000732421875,183.77999877929688,133553
2026-09-01 09:38:00-04:00,183.25,184.3800048828125,183.0,184.3300018310547,96135
2026-09-01 09:39:00-04:00,182.85000610351562,183.2299041748047,182.68499755859375,183.1999969482422,124187
2026-09-01 09:40:00-04:00,183.07000732421875,183.6595001220703,182.84100341796875,182.88900756835938,96149
2026-09-01 09:41:00-04:00,182.89010620117188,183.1999969482422,182.74000549316406,183.02999877929688,102943
2026-09-01 09:42:00-04:00,183.4499969482422,183.74000549316406,182.8542938232422,182.85499572753906,127685
2026-09-01 09:43:00-04:00,183.89999389648438,183.9698944091797,183.39999389648438,183.45199584960938,78920
2026-09-01 09:44:00-04:00,183.4199981689453,183.9499969482422,183.41000366210938,183.91000366210938,104530
2026-09-01 09:45:00-04:00,184.64999389648438,184.66000366210938,183.4199981689453,183.47999572753906,146296
2026-09-01 09:46:00-04:00,184.8820037841797,184.99000549316406,184.58990478515625,184.64930725097656,111253
2026-09-01 09:47:00-04:00,185.21499633789062,185.54989624023438,184.84010314941406,184.91000366210938,169087
2026-09-01 09:48:00-04:00,184.3303985595703,185.36000061035156,184.3303985595703,185.21499633789062,103107
2026-09-01 09:49:00-04:00,184.1300048828125,184.33990478515625,183.9199981689453,184.3300018310547,90918
2026-09-01 09:50:00-04:00,183.2200927734375,184.38900756835938,183.07000732421875,184.1300048828125,104945
2026-09-01 09:51:00-04:00,182.63499450683594,183.27999877929688,182.61000061035156,183.17999267578125,77793
2026-09-01 09:52:00-04:00,182.27000427246094,182.72999572753906,182.031494140625,182.63999938964844,174668
2026-09-01 09:53:00-04:00,182.0399932861328,182.33909606933594,181.75,182.3000030517578,142285
2026-09-01 09:54:00-04:00,182.23800659179688,182.38999938964844,181.9001007080078,182.0800018310547,89477
2026-09-01 09:55:00-04:00,182.76499938964844,182.84689331054688,182.2449951171875,182.2449951171875,110289
2026-09-01 09:56:00-04:00,182.7700958251953,183.05999755859375,182.39999389648438,182.72999572753906,121170
2026-09-01 09:57:00-04:00,182.5850067138672,182.8000030517578,182.48500061035156,182.8000030517578,68823
2026-09-01 09:58:00-04:00,182.25,182.56500244140625,182.1999969482422,182.56500244140625,75308
2026-09-01 09:59:00-04:00,182.4698944091797,182.4698944091797,182.16000366210938,182.27980041503906,48990
2026-09-01 10:00:00-04:00,182.64999389648438,182.64999389648438,182.3300018310547,182.39500427246094,71908
2026-09-01 10:01:00-04:00,183.22999572753906,183.32000732421875,182.68499755859375,182.69000244140625,106316
2026-09-01 10:02:00-04:00,182.8000030517578,183.30499267578125,182.6999969482422,183.2696990966797,76089
2026-09-01 10:03:00-04:00,183.47000122070312,183.5050048828125,182.77000427246094,182.77000427246094,122401
2026-09-01 10:04:00-04:00,183.44000244140625,183.86000061035156,183.3300018310547,183.46499633789062,130438
2026-09-01 10:05:00-04:00,183.6199951171875,183.77000427246094,183.35499572753906,183.35499572753906,88441
2026-09-01 10:06:00-04:00,184.06500244140625,184.1999969482422,183.59500122070312,183.6199951171875,100407
2026-09-01 10:07:00-04:00,184.08999633789062,184.1699981689453,184.00999450683594,184.0800018310547,58787
2026-09-01 10:08:00-04:00,184.0399932861328,184.1300048828125,183.9499969482422,184.12989807128906,52317
2026-09-01 10:09:00-04:00,184.55999755859375,184.5800018310547,183.9116973876953,184.0399932861328,63660
2026-09-01 10:10:00-04:00,185.11500549316406,185.3350067138672,184.52499389648438,184.52749633789062,130522
2026-09-01 10:11:00-04:00,185.25,185.35650634765625,184.94000244140625,185.1999053955078,86782
2026-09-01 10:12:00-04:00,185.3699951171875,185.42999267578125,184.9199981689453,185.25,69699
2026-09-01 10:13:00-04:00,185.3800048828125,185.44500732421875,184.95010375976562,185.32000732421875,73332
2026-09-01 10:14:00-04:00,185.25010681152344,185.46009826660156,185.13009643554688,185.3350067138672,47405
2026-09-01 10:15:00-04:00,185.83399963378906,185.89999389648438,185.27499389648438,185.30999755859375,131661
2026-09-01 10:16:00-04:00,186.07000732421875,186.1999969482422,185.82000732421875,185.89990234375,153354
2026-09-01 10:17:00-04:00,185.7899932861328,186.02499389648438,185.64999389648438,186.02499389648438,82962
2026-09-01 10:18:00-04:00,185.57139587402344,185.7899932861328,185.52000427246094,185.74000549316406,46550
2026-09-01 10:19:00-04:00,185.65859985351562,185.78990173339844,185.50999450683594,185.55999755859375,50686
2026-09-01 10:20:00-04:00,185.63999938964844,185.79989624023438,185.60000610351562,185.6999969482422,47398
2026-09-01 10:21:00-04:00,185.58999633789062,185.7100067138672,185.4658966064453,185.60000610351562,39113
2026-09-01 10:22:00-04:00,186.26510620117188,186.39999389648438,185.60000610351562,185.60000610351562,130264
2026-09-01 10:23:00-04:00,185.798095703125,186.26499938964844,185.77650451660156,186.26499938964844,52606
2026-09-01 10:24:00-04:00,185.889892578125,185.94569396972656,185.6199951171875,185.8887939453125,45801
2026-09-01 10:25:00-04:00,186.21499633789062,186.2799072265625,185.8350067138672,185.89199829101562,41810
2026-09-01 10:26:00-04:00,186.3258056640625,186.4600067138672,186.22000122070312,186.22000122070312,83018
2026-09-01 10:27:00-04:00,186.2100067138672,186.29949951171875,185.9499969482422,186.25,63335
2026-09-01 10:28:00-04:00,185.8061065673828,186.25,185.75999450683594,186.22999572753906,53638
2026-09-01 10:29:00-04:00,185.6750030517578,185.87069702148438,185.5,185.87069702148438,62260
2026-09-01 10:30:00-04:00,185.94000244140625,186.05999755859375,185.5399932861328,185.66000366210938,121345
2026-09-01 10:31:00-04:00,186.1699981689453,186.1699981689453,185.72999572753906,185.9250030517578,47593
2026-09-01 10:32:00-04:00,186.01499938964844,186.22000122070312,185.80039978027344,186.14500427246094,84899
2026-09-01 10:33:00-04:00,185.88999938964844,186.13999938964844,185.6999969482422,186.02000427246094,94162
2026-09-01 10:34:00-04:00,186.10000610351562,186.10000610351562,185.860107421875,185.89500427246094,39976
2026-09-01 10:35:00-04:00,186.20469665527344,186.35000610351562,186.0800018310547,186.14999389648438,55568
2026-09-01 10:36:00-04:00,186.1699981689453,186.3300018310547,186.0399932861328,186.13999938964844,56295
2026-09-01 10:37:00-04:00,186.1300048828125,186.5500030517578,186.01010131835938,186.17999267578125,76926
2026-09-01 10:38:00-04:00,186.09500122070312,186.26499938964844,186.0500030517578,186.1699981689453,55077
2026-09-01 10:39:00-04:00,185.86000061035156,186.17990112304688,185.8000030517578,186.11000061035156,65773
2026-09-01 10:40:00-04:00,186.17999267578125,186.2899932861328,185.83999633789062,185.86000061035156,59295
2026-09-01 10:41:00-04:00,185.99000549316406,186.2100067138672,185.9600067138672,186.2100067138672,37752
2026-09-01 10:42:00-04:00,185.9149932861328,185.9600067138672,185.8000030517578,185.9499969482422,32658
2026-09-01 10:43:00-04:00,185.89010620117188,186.07000732421875,185.77999877929688,185.89999389648438,41602
2026-09-01 10:44:00-04:00,185.90499877929688,186.02000427246094,185.8300018310547,185.97999572753906,28021
2026-09-01 10:45:00-04:00,185.82000732421875,186.0,185.75999450683594,185.9600067138672,38189
2026-09-01 10:46:00-04:00,185.7301025390625,185.8800048828125,185.5399932861328,185.8000030517578,48470
2026-09-01 10:47:00-04:00,185.64999389648438,185.77659606933594,185.5399932861328,185.73500061035156,15234
2026-09-01 10:48:00-04:00,185.69000244140625,185.76499938964844,185.6300048828125,185.64500427246094,19820
2026-09-01 10:49:00-04:00,185.69000244140625,185.72999572753906,185.60000610351562,185.7050018310547,31511
2026-09-01 10:50:00-04:00,185.50999450683594,185.75,185.4936065673828,185.69000244140625,26505
2026-09-01 10:51:00-04:00,185.25999450683594,185.52000427246094,185.16009521484375,185.47999572753906,48854
2026-09-01 10:52:00-04:00,185.02999877929688,185.2899932861328,184.86000061035156,185.1999969482422,74617
2026-09-01 10:53:00-04:00,185.0800018310547,185.13250732421875,185.04910278320312,185.0500946044922,23461
2026-09-01 10:54:00-04:00,185.15499877929688,185.25999450683594,185.0500030517578,185.07000732421875,20932
2026-09-01 10:55:00-04:00,185.00999450683594,185.25,184.89999389648438,185.2198944091797,32190
2026-09-01 10:56:00-04:00,184.9199981689453,185.00999450683594,184.86000061035156,184.97000122070312,29217
2026-09-01 10:57:00-04:00,184.5399932861328,184.94740295410156,184.52999877929688,184.9199981689453,32532
2026-09-01 10:58:00-04:00,184.14999389648438,184.55999755859375,184.1300048828125,184.5500030517578,60274
2026-09-01 10:59:00-04:00,183.9550018310547,184.14999389648438,183.89999389648438,184.14999389648438,66475
2026-09-01 11:00:00-04:00,183.70010375976562,183.99000549316406,183.63999938964844,183.968994140625,56237
2026-09-01 11:01:00-04:00,183.89999389648438,184.13999938964844,183.64500427246094,183.6999969482422,93913
2026-09-01 11:02:00-04:00,183.77000427246094,184.10000610351562,183.69500732421875,183.8800048828125,52321
2026-09-01 11:03:00-04:00,183.7100067138672,184.07000732421875,183.6999969482422,183.7449951171875,60738
2026-09-01 11:04:00-04:00,183.652099609375,183.83999633789062,183.6199951171875,183.72999572753906,33597
2026-09-01 11:05:00-04:00,183.50999450683594,183.6999969482422,183.47999572753906,183.65499877929688,40521
2026-09-01 11:06:00-04:00,183.13499450683594,183.5399932861328,183.0399932861328,183.4600067138672,68887
2026-09-01 11:07:00-04:00,183.09500122070312,183.1750030517578,183.02999877929688,183.1300048828125,45671
2026-09-01 11:08:00-04:00,182.9149932861328,183.13650512695312,182.91000366210938,183.13650512695312,56145
2026-09-01 11:09:00-04:00,182.7991943359375,182.97999572753906,182.6999969482422,182.9149932861328,62718
2026-09-01 11:10:00-04:00,182.92999267578125,183.0500030517578,182.8000030517578,182.8000030517578,73486
2026-09-01 11:11:00-04:00,182.86839294433594,183.00999450683594,182.8000030517578,182.9250030517578,39604
2026-09-01 11:12:00-04:00,182.91000366210938,182.99000549316406,182.75010681152344,182.83999633789062,64651
2026-09-01 11:13:00-04:00,182.97000122070312,182.98779296875,182.86199951171875,182.91000366210938,42532
2026-09-01 11:14:00-04:00,183.0,183.10000610351562,182.89999389648438,182.9698944091797,51153
2026-09-01 11:15:00-04:00,183.22999572753906,183.27999877929688,182.99000549316406,183.00999450683594,60714
2026-09-01 11:16:00-04:00,183.2050018310547,183.3282928466797,183.1699981689453,183.23500061035156,59525
2026-09-01 11:17:00-04:00,183.08999633789062,183.25,183.0,183.2050018310547,53052
2026-09-01 11:18:00-04:00,183.1699981689453,183.25,183.07000732421875,183.07000732421875,31276
2026-09-01 11:19:00-04:00,183.0301055908203,183.2299041748047,183.0301055908203,183.15499877929688,31614
2026-09-01 11:20:00-04:00,183.031005859375,183.21539306640625,183.00999450683594,183.07000732421875,19992
2026-09-01 11:21:00-04:00,183.25,183.25999450683594,183.00010681152344,183.06500244140625,39497
2026-09-01 11:22:00-04:00,183.24000549316406,183.2899932861328,183.1999969482422,183.24000549316406,31389
2026-09-01 11:23:00-04:00,183.26499938964844,183.4199981689453,183.1999969482422,183.24000549316406,59320
2026-09-01 11:24:00-04:00,183.83999633789062,183.8699951171875,183.2899932861328,183.2899932861328,67415
2026-09-01 11:25:00-04:00,183.9499969482422,183.9499969482422,183.74000549316406,183.80239868164062,46225
2026-09-01 11:26:00-04:00,183.74000549316406,183.9600067138672,183.67359924316406,183.95799255371094,36403
2026-09-01 11:27:00-04:00,183.66000366210938,183.8656005859375,183.66000366210938,183.74000549316406,24487
2026-09-01 11:28:00-04:00,183.80999755859375,183.80999755859375,183.60000610351562,183.60000610351562,21492
2026-09-01 11:29:00-04:00,184.07000732421875,184.13999938964844,183.8090057373047,183.80999755859375,49543
2026-09-01 11:30:00-04:00,184.1199951171875,184.1199951171875,183.89999389648438,184.00010681152344,40989
2026-09-01 11:31:00-04:00,183.97999572753906,184.1300048828125,183.860107421875,184.0926971435547,36406
2026-09-01 11:32:00-04:00,183.94009399414062,184.0,183.91099548339844,183.97000122070312,15361
2026-09-01 11:33:00-04:00,183.94500732421875,184.0175018310547,183.91000366210938,183.97000122070312,28505
2026-09-01 11:34:00-04:00,183.90040588378906,184.0,183.89999389648438,183.94500732421875,125905
2026-09-01 11:35:00-04:00,184.05999755859375,184.07000732421875,183.8800048828125,183.9600067138672,34063
2026-09-01 11:36:00-04:00,183.97999572753906,184.0699005126953,183.94009399414062,184.0500030517578,16367
2026-09-01 11:37:00-04:00,184.15499877929688,184.17999267578125,183.92999267578125,184.05999755859375,29930
2026-09-01 11:38:00-04:00,184.19000244140625,184.2799072265625,184.05999755859375,184.14830017089844,59424
2026-09-01 11:39:00-04:00,184.19000244140625,184.3656005859375,184.16000366210938,184.19000244140625,33664
2026-09-01 11:40:00-04:00,184.18499755859375,184.1999969482422,184.110107421875,184.19000244140625,10765
2026-09-01 11:41:00-04:00,184.0800018310547,184.1999969482422,184.0,184.1999969482422,31641
2026-09-01 11:42:00-04:00,184.1199951171875,184.1699981689453,183.91000366210938,184.10000610351562,23714
2026-09-01 11:43:00-04:00,184.4600067138672,184.47999572753906,184.05560302734375,184.12989807128906,43078
2026-09-01 11:44:00-04:00,184.52000427246094,184.60000610351562,184.3800048828125,184.38999938964844,55777
2026-09-01 11:45:00-04:00,184.3699951171875,184.60000610351562,184.2899932861328,184.53500366210938,46432
2026-09-01 11:46:00-04:00,183.85499572753906,184.4199981689453,183.7949981689453,184.3350067138672,83911
2026-09-01 11:47:00-04:00,184.02999877929688,184.07000732421875,183.75999450683594,183.8551025390625,75439
2026-09-01 11:48:00-04:00,183.65499877929688,184.0543975830078,183.6199951171875,184.00999450683594,39385
2026-09-01 11:49:00-04:00,183.6199951171875,183.67999267578125,183.50010681152344,183.65499877929688,29949
2026-09-01 11:50:00-04:00,183.375,183.63999938964844,183.35499572753906,183.6199951171875,95537
2026-09-01 11:51:00-04:00,183.36000061035156,183.5010986328125,183.3000030517578,183.36129760742188,21883
2026-09-01 11:52:00-04:00,183.36000061035156,183.41119384765625,183.24000549316406,183.35000610351562,18084
2026-09-01 11:53:00-04:00,183.24000549316406,183.36500549316406,183.14999389648438,183.36000061035156,19468
2026-09-01 11:54:00-04:00,183.2899932861328,183.2949981689453,183.1649932861328,183.25,81174
2026-09-01 11:55:00-04:00,183.35499572753906,183.57839965820312,183.14999389648438,183.3000030517578,82955
2026-09-01 11:56:00-04:00,183.50999450683594,183.52999877929688,183.30999755859375,183.38999938964844,13240
2026-09-01 11:57:00-04:00,183.39999389648438,183.6999969482422,183.39999389648438,183.50999450683594,68265
2026-09-01 11:58:00-04:00,183.22999572753906,183.40859985351562,183.20010375976562,183.40859985351562,23300
2026-09-01 11:59:00-04:00,183.3800048828125,183.4199981689453,183.22999572753906,183.27999877929688,19576
2026-09-01 12:00:00-04:00,183.2949981689453,183.38499450683594,183.27999877929688,183.38499450683594,27134
2026-09-01 12:01:00-04:00,183.11500549316406,183.3000030517578,183.05999755859375,183.27499389648438,32828
2026-09-01 12:02:00-04:00,183.0966033935547,183.27999877929688,183.08999633789062,183.09500122070312,24944
2026-09-01 12:03:00-04:00,183.36500549316406,183.44000244140625,183.14999389648438,183.19000244140625,37492
2026-09-01 12:04:00-04:00,183.28500366210938,183.39999389648438,183.24000549316406,183.36500549316406,22056
2026-09-01 12:05:00-04:00,183.25,183.4499969482422,183.22999572753906,183.24000549316406,16298
2026-09-01 12:06:00-04:00,183.28500366210938,183.33999633789062,183.2449951171875,183.2449951171875,24241
2026-09-01 12:07:00-04:00,183.29640197753906,183.41000366210938,183.25999450683594,183.28500366210938,37038
2026-09-01 12:08:00-04:00,183.1999969482422,183.38999938964844,183.1999969482422,183.3000030517578,17616
2026-09-01 12:09:00-04:00,183.23460388183594,183.36000061035156,183.2100067138672,183.3000030517578,18275
2026-09-01 12:10:00-04:00,183.22999572753906,183.27999877929688,183.10009765625,183.22000122070312,33421
2026-09-01 12:11:00-04:00,183.23500061035156,183.2899932861328,183.1737060546875,183.17999267578125,12443
2026-09-01 12:12:00-04:00,183.27000427246094,183.3300018310547,183.22000122070312,183.25,19396
2026-09-01 12:13:00-04:00,183.17999267578125,183.2698974609375,183.15280151367188,183.25379943847656,19793
2026-09-01 12:14:00-04:00,183.125,183.22000122070312,183.0679931640625,183.17999267578125,191354
2026-09-01 12:15:00-04:00,183.05999755859375,183.1894989013672,182.9499969482422,183.10000610351562,74683
2026-09-01 12:16:00-04:00,182.90499877929688,183.05999755859375,182.89199829101562,183.0399932861328,41865
2026-09-01 12:17:00-04:00,182.52999877929688,182.89999389648438,182.52000427246094,182.88999938964844,58476
2026-09-01 12:18:00-04:00,182.51010131835938,182.6199951171875,182.50999450683594,182.50999450683594,27209
2026-09-01 12:19:00-04:00,182.4499969482422,182.58999633789062,182.4199981689453,182.52999877929688,87237
2026-09-01 12:20:00-04:00,182.34500122070312,182.66990661621094,182.33729553222656,182.43499755859375,59100
2026-09-01 12:21:00-04:00,182.19000244140625,182.3699951171875,182.14999389648438,182.34500122070312,42110
2026-09-01 12:22:00-04:00,182.14999389648438,182.22999572753906,182.0500030517578,182.17999267578125,32099
2026-09-01 12:23:00-04:00,182.20950317382812,182.27000427246094,182.0399932861328,182.1699981689453,23809
2026-09-01 12:24:00-04:00,182.2100067138672,182.22000122070312,182.0500030517578,182.10000610351562,33524
2026-09-01 12:25:00-04:00,182.38499450683594,182.4499969482422,182.2100067138672,182.2100067138672,33757
2026-09-01 12:26:00-04:00,182.4199981689453,182.61920166015625,182.38499450683594,182.38499450683594,60636
2026-09-01 12:27:00-04:00,182.41000366210938,182.52499389648438,182.3300018310547,182.44000244140625,32723
2026-09-01 12:28:00-04:00,182.44500732421875,182.5211944580078,182.38999938964844,182.38999938964844,18468
2026-09-01 12:29:00-04:00,182.38499450683594,182.452392578125,182.3000030517578,182.452392578125,16875
2026-09-01 12:30:00-04:00,182.17999267578125,182.38499450683594,182.11000061035156,182.35000610351562,30431
2026-09-01 12:31:00-04:00,182.0399932861328,182.2165985107422,181.91000366210938,182.17999267578125,90442
2026-09-01 12:32:00-04:00,182.08999633789062,182.1300048828125,182.0500030517578,182.0500030517578,22213
2026-09-01 12:33:00-04:00,182.06500244140625,182.1457977294922,182.00999450683594,182.07000732421875,32633
2026-09-01 12:34:00-04:00,181.99000549316406,182.0800018310547,181.9600067138672,182.02999877929688,19540
2026-09-01 12:35:00-04:00,182.08999633789062,182.22000122070312,181.98379516601562,181.99000549316406,41408
2026-09-01 12:36:00-04:00,181.97000122070312,182.15859985351562,181.90109252929688,182.11000061035156,33730
2026-09-01 12:37:00-04:00,182.15499877929688,182.16990661621094,181.94000244140625,181.97000122070312,28481
2026-09-01 12:38:00-04:00,182.14999389648438,182.22500610351562,182.125,182.1999969482422,26346
2026-09-01 12:39:00-04:00,182.11000061035156,182.2550048828125,182.10000610351562,182.14999389648438,26117
2026-09-01 12:40:00-04:00,182.11000061035156,182.16000366210938,182.05999755859375,182.1199951171875,34555
2026-09-01 12:41:00-04:00,182.16000366210938,182.19000244140625,182.0800018310547,182.10000610351562,24283
2026-09-01 12:42:00-04:00,181.9499969482422,182.1699981689453,181.94000244140625,182.15499877929688,22175
2026-09-01 12:43:00-04:00,182.13009643554688,182.19000244140625,181.89120483398438,181.94500732421875,28394
2026-09-01 12:44:00-04:00,182.24000549316406,182.27999877929688,182.1199951171875,182.13499450683594,27424
2026-09-01 12:45:00-04:00,182.35000610351562,182.37969970703125,182.22999572753906,182.22999572753906,45184
2026-09-01 12:46:00-04:00,182.36000061035156,182.39999389648438,182.32000732421875,182.37989807128906,22373
2026-09-01 12:47:00-04:00,182.31640625,182.41000366210938,182.27330017089844,182.3699951171875,35504
2026-09-01 12:48:00-04:00,182.4051055908203,182.41990661621094,182.3300018310547,182.3300018310547,17417
2026-09-01 12:49:00-04:00,182.5,182.50999450683594,182.35000610351562,182.35000610351562,12013
2026-09-01 12:50:00-04:00,182.62930297851562,182.67999267578125,182.47999572753906,182.47999572753906,21942
2026-09-01 12:51:00-04:00,182.7899932861328,182.80999755859375,182.5301055908203,182.60499572753906,44503
2026-09-01 12:52:00-04:00,183.1199951171875,183.16990661621094,182.64999389648438,182.77999877929688,58902
2026-09-01 12:53:00-04:00,182.9949951171875,183.22999572753906,182.85009765625,183.11500549316406,58330
2026-09-01 12:54:00-04:00,183.05999755859375,183.1300048828125,182.94000244140625,182.98500061035156,36082
2026-09-01 12:55:00-04:00,183.1699981689453,183.2899932861328,183.06500244140625,183.06500244140625,38964
2026-09-01 12:56:00-04:00,183.27769470214844,183.3000030517578,183.08999633789062,183.1699981689453,29682
2026-09-01 12:57:00-04:00,183.53770446777344,183.62989807128906,183.25010681152344,183.2949981689453,56043
2026-09-01 12:58:00-04:00,183.77999877929688,183.80999755859375,183.54049682617188,183.57000732421875,41604
2026-09-01 12:59:00-04:00,183.84500122070312,183.88999938964844,183.75,183.77999877929688,38078
2026-09-01 13:00:00-04:00,183.24000549316406,183.87939453125,183.2100067138672,183.86000061035156,99762
2026-09-01 13:01:00-04:00,183.07989501953125,183.4199981689453,183.01210021972656,183.24000549316406,44459
2026-09-01 13:02:00-04:00,183.17999267578125,183.22999572753906,182.8699951171875,183.05999755859375,252267
2026-09-01 13:03:00-04:00,183.11500549316406,183.35000610351562,183.10000610351562,183.17999267578125,19236
2026-09-01 13:04:00-04:00,182.94000244140625,183.1300048828125,182.94000244140625,183.0850067138672,17642
2026-09-01 13:05:00-04:00,182.90499877929688,182.97000122070312,182.82009887695312,182.92999267578125,32177
2026-09-01 13:06:00-04:00,182.71499633789062,182.93499755859375,182.63999938964844,182.9199981689453,32295
2026-09-01 13:07:00-04:00,182.5699005126953,182.7100067138672,182.52679443359375,182.69000244140625,22779
2026-09-01 13:08:00-04:00,182.71499633789062,182.92999267578125,182.55999755859375,182.55999755859375,41433
2026-09-01 13:09:00-04:00,182.88999938964844,182.92999267578125,182.58999633789062,182.6750030517578,27057
2026-09-01 13:10:00-04:00,182.9499969482422,183.10800170898438,182.8699951171875,182.9199981689453,20537
2026-09-01 13:11:00-04:00,183.0399932861328,183.0500030517578,182.94000244140625,182.94000244140625,18565
2026-09-01 13:12:00-04:00,183.1699981689453,183.1699981689453,183.0301055908203,183.0500030517578,14730
2026-09-01 13:13:00-04:00,183.122802734375,183.25,183.09620666503906,183.16000366210938,37984
2026-09-01 13:14:00-04:00,183.0800018310547,183.1699981689453,183.07000732421875,183.14370727539062,16478
2026-09-01 13:15:00-04:00,183.02000427246094,183.1199951171875,183.02000427246094,183.07000732421875,18433
2026-09-01 13:16:00-04:00,182.72000122070312,183.02999877929688,182.625,183.02999877929688,32303
2026-09-01 13:17:00-04:00,182.64999389648438,182.72999572753906,182.6199951171875,182.7100067138672,17068
2026-09-01 13:18:00-04:00,182.69000244140625,182.77000427246094,182.63299560546875,182.64500427246094,25413
2026-09-01 13:19:00-04:00,182.75,182.80999755859375,182.6800994873047,182.6999969482422,32284
2026-09-01 13:20:00-04:00,182.65499877929688,182.8350067138672,182.6199951171875,182.73500061035156,28654
2026-09-01 13:21:00-04:00,182.63499450683594,182.6999969482422,182.5500030517578,182.63999938964844,20153
2026-09-01 13:22:00-04:00,182.4250030517578,182.63510131835938,182.33999633789062,182.63499450683594,44075
2026-09-01 13:23:00-04:00,182.4199981689453,182.47999572753906,182.37010192871094,182.44000244140625,21494
2026-09-01 13:24:00-04:00,182.44000244140625,182.4600067138672,182.34010314941406,182.40499877929688,17083
2026-09-01 13:25:00-04:00,182.3350067138672,182.4499969482422,182.0500030517578,182.44000244140625,56990
2026-09-01 13:26:00-04:00,182.2949981689453,182.38999938964844,182.26010131835938,182.3350067138672,17085
2026-09-01 13:27:00-04:00,182.47999572753906,182.56410217285156,182.28140258789062,182.28140258789062,27280
2026-09-01 13:28:00-04:00,182.39999389648438,182.57000732421875,182.375,182.52499389648438,34528
2026-09-01 13:29:00-04:00,182.47000122070312,182.49319458007812,182.27000427246094,182.3800048828125,28396
2026-09-01 13:30:00-04:00,182.48500061035156,182.63999938964844,182.43679809570312,182.46499633789062,17985
2026-09-01 13:31:00-04:00,182.6699981689453,182.6699981689453,182.5,182.5050048828125,11655
2026-09-01 13:32:00-04:00,182.50999450683594,182.64999389648438,182.50999450683594,182.60000610351562,11278
2026-09-01 13:33:00-04:00,182.66000366210938,182.66000366210938,182.47999572753906,182.5500030517578,20247
2026-09-01 13:34:00-04:00,182.65499877929688,182.72000122070312,182.58999633789062,182.66000366210938,13096
2026-09-01 13:35:00-04:00,182.60000610351562,182.65499877929688,182.55499267578125,182.64999389648438,9543
2026-09-01 13:36:00-04:00,182.49000549316406,182.6199951171875,182.49000549316406,182.6199951171875,27445
2026-09-01 13:37:00-04:00,182.56500244140625,182.61019897460938,182.48500061035156,182.49000549316406,14329
2026-09-01 13:38:00-04:00,182.63999938964844,182.66000366210938,182.5,182.55999755859375,32874
2026-09-01 13:39:00-04:00,182.52000427246094,182.5800018310547,182.52000427246094,182.5800018310547,10675
2026-09-01 13:40:00-04:00,182.47500610351562,182.58009338378906,182.42999267578125,182.5449981689453,10931
2026-09-01 13:41:00-04:00,182.66000366210938,182.72560119628906,182.4499969482422,182.47000122070312,19260
2026-09-01 13:42:00-04:00,182.6999053955078,182.6999053955078,182.64999389648438,182.6649932861328,12357
2026-09-01 13:43:00-04:00,182.76499938964844,182.82989501953125,182.63999938964844,182.66000366210938,21114
2026-09-01 13:44:00-04:00,182.82000732421875,182.85499572753906,182.75999450683594,182.77000427246094,14958
2026-09-01 13:45:00-04:00,182.89999389648438,182.99000549316406,182.8000030517578,182.8000030517578,23773
2026-09-01 13:46:00-04:00,182.72779846191406,182.8699951171875,182.7100067138672,182.8699951171875,21135
2026-09-01 13:47:00-04:00,182.64999389648438,182.73500061035156,182.58999633789062,182.73500061035156,26824
2026-09-01 13:48:00-04:00,182.5850067138672,182.69000244140625,182.5850067138672,182.67999267578125,13895
2026-09-01 13:49:00-04:00,182.57000732421875,182.64999389648438,182.55999755859375,182.55999755859375,5826
2026-09-01 13:50:00-04:00,182.625,182.625,182.53500366210938,182.5500030517578,9046
2026-09-01 13:51:00-04:00,182.5399932861328,182.6898956298828,182.49009704589844,182.60499572753906,20942
2026-09-01 13:52:00-04:00,182.49000549316406,182.5399932861328,182.4114990234375,182.5399932861328,12261
2026-09-01 13:53:00-04:00,182.35000610351562,182.52999877929688,182.35000610351562,182.47000122070312,13555
2026-09-01 13:54:00-04:00,182.35000610351562,182.35400390625,182.2738037109375,182.35400390625,28547
2026-09-01 13:55:00-04:00,182.29930114746094,182.43499755859375,182.22000122070312,182.33999633789062,33667
2026-09-01 13:56:00-04:00,182.1750030517578,182.27999877929688,182.09500122070312,182.26499938964844,27541
2026-09-01 13:57:00-04:00,182.16000366210938,182.27000427246094,182.1199951171875,182.22500610351562,15419
2026-09-01 13:58:00-04:00,182.2050018310547,182.2194061279297,182.1199951171875,182.15499877929688,11033
2026-09-01 13:59:00-04:00,182.1999053955078,182.25999450683594,182.1461944580078,182.1999969482422,14941
2026-09-01 14:00:00-04:00,182.21499633789062,182.47999572753906,182.14500427246094,182.1649932861328,28969
2026-09-01 14:01:00-04:00,181.94000244140625,182.22500610351562,181.9239959716797,182.17999267578125,51920
2026-09-01 14:02:00-04:00,182.2071075439453,182.2299041748047,181.93850708007812,181.94000244140625,42743
2026-09-01 14:03:00-04:00,182.10009765625,182.3000030517578,182.0500030517578,182.125,27020
2026-09-01 14:04:00-04:00,181.85009765625,182.10000610351562,181.80999755859375,182.10000610351562,38320
2026-09-01 14:05:00-04:00,181.7100067138672,181.86000061035156,181.6999969482422,181.82000732421875,67254
2026-09-01 14:06:00-04:00,181.56100463867188,181.74000549316406,181.5500030517578,181.6999969482422,31652
2026-09-01 14:07:00-04:00,181.72000122070312,181.8000030517578,181.56309509277344,181.56309509277344,31807
2026-09-01 14:08:00-04:00,181.61000061035156,181.7899932861328,181.59010314941406,181.7100067138672,23949
2026-09-01 14:09:00-04:00,181.6999969482422,181.72000122070312,181.57000732421875,181.57000732421875,16878
2026-09-01 14:10:00-04:00,181.7050018310547,181.8000030517578,181.61129760742188,181.6699981689453,22990
2026-09-01 14:11:00-04:00,181.6999969482422,181.72500610351562,181.6699981689453,181.69000244140625,13939
2026-09-01 14:12:00-04:00,181.75999450683594,181.87989807128906,181.68499755859375,181.6999969482422,18368
2026-09-01 14:13:00-04:00,181.64999389648438,181.8000030517578,181.6300048828125,181.8000030517578,18565
2026-09-01 14:14:00-04:00,181.67999267578125,181.6999969482422,181.5574951171875,181.6300048828125,30217
2026-09-01 14:15:00-04:00,181.5749969482422,181.6898956298828,181.4600067138672,181.62869262695312,39664
2026-09-01 14:16:00-04:00,181.5850067138672,181.67999267578125,181.48049926757812,181.5850067138672,30626
2026-09-01 14:17:00-04:00,181.63499450683594,181.6885986328125,181.58999633789062,181.58999633789062,17947
2026-09-01 14:18:00-04:00,181.60000610351562,181.65989685058594,181.5,181.65989685058594,38238
2026-09-01 14:19:00-04:00,181.6654052734375,181.71290588378906,181.61000061035156,181.63999938964844,19808
2026-09-01 14:20:00-04:00,181.71009826660156,181.75,181.62379455566406,181.65499877929688,22701
2026-09-01 14:21:00-04:00,181.61000061035156,181.79150390625,181.60000610351562,181.7449951171875,54729
2026-09-01 14:22:00-04:00,181.8011932373047,181.8011932373047,181.5800018310547,181.60000610351562,23708
2026-09-01 14:23:00-04:00,181.7449951171875,181.80999755859375,181.71499633789062,181.71499633789062,22458
2026-09-01 14:24:00-04:00,181.68499755859375,181.77999877929688,181.6699981689453,181.74000549316406,22828
2026-09-01 14:25:00-04:00,181.53500366210938,181.66510009765625,181.42999267578125,181.66000366210938,34997
2026-09-01 14:26:00-04:00,181.47000122070312,181.5500030517578,181.4499969482422,181.53500366210938,29185
2026-09-01 14:27:00-04:00,181.39500427246094,181.46499633789062,181.389892578125,181.46249389648438,28250
2026-09-01 14:28:00-04:00,181.24000549316406,181.39999389648438,181.1699981689453,181.3874969482422,69033
2026-09-01 14:29:00-04:00,181.33999633789062,181.35000610351562,181.21640014648438,181.21640014648438,30703
2026-09-01 14:30:00-04:00,181.32000732421875,181.42999267578125,181.2899932861328,181.35000610351562,21937
2026-09-01 14:31:00-04:00,181.32000732421875,181.39990234375,181.1999969482422,181.35000610351562,34891
2026-09-01 14:32:00-04:00,181.25,181.43499755859375,181.2301025390625,181.3249969482422,21932
2026-09-01 14:33:00-04:00,181.0800018310547,181.27999877929688,181.0500030517578,181.2449951171875,50720
2026-09-01 14:34:00-04:00,180.97999572753906,181.1300048828125,180.89999389648438,181.10000610351562,95382
2026-09-01 14:35:00-04:00,180.97999572753906,180.97999572753906,180.77999877929688,180.92999267578125,88635
2026-09-01 14:36:00-04:00,180.92999267578125,181.1699981689453,180.89999389648438,181.0,52742
2026-09-01 14:37:00-04:00,180.90499877929688,180.94500732421875,180.8249969482422,180.94500732421875,30951
2026-09-01 14:38:00-04:00,180.82000732421875,180.92999267578125,180.82000732421875,180.92999267578125,19047
2026-09-01 14:39:00-04:00,180.80999755859375,180.87249755859375,180.78680419921875,180.81500244140625,35360
2026-09-01 14:40:00-04:00,180.8000030517578,180.89999389648438,180.75,180.81500244140625,47998
2026-09-01 14:41:00-04:00,180.75,180.8300018310547,180.74000549316406,180.7899932861328,29740
2026-09-01 14:42:00-04:00,180.64259338378906,180.8000030517578,180.64259338378906,180.72999572753906,39496
2026-09-01 14:43:00-04:00,180.57000732421875,180.7100067138672,180.5,180.6699981689453,58833
2026-09-01 14:44:00-04:00,180.49000549316406,180.65530395507812,180.4700927734375,180.58999633789062,34166
2026-09-01 14:45:00-04:00,180.42010498046875,180.61000061035156,180.4049072265625,180.5,42185
2026-09-01 14:46:00-04:00,180.64999389648438,180.7100067138672,180.4044952392578,180.4149932861328,44177
2026-09-01 14:47:00-04:00,180.78500366210938,180.78500366210938,180.6300048828125,180.66000366210938,39494
2026-09-01 14:48:00-04:00,180.80999755859375,180.97000122070312,180.75010681152344,180.78500366210938,44288
2026-09-01 14:49:00-04:00,181.02999877929688,181.02999877929688,180.82000732421875,180.82000732421875,52293
2026-09-01 14:50:00-04:00,180.9550018310547,181.0399932861328,180.92010498046875,181.0399932861328,40987
2026-09-01 14:51:00-04:00,180.89999389648438,181.00999450683594,180.86000061035156,180.94500732421875,23397
2026-09-01 14:52:00-04:00,180.88999938964844,180.9918975830078,180.86500549316406,180.8699951171875,24574
2026-09-01 14:53:00-04:00,180.88499450683594,180.9853057861328,180.8000030517578,180.91000366210938,26270
2026-09-01 14:54:00-04:00,180.92999267578125,181.0,180.86549377441406,180.86549377441406,14114
2026-09-01 14:55:00-04:00,180.8325958251953,180.9199981689453,180.76499938964844,180.91000366210938,47074
2026-09-01 14:56:00-04:00,180.97390747070312,181.0,180.75,180.8498992919922,40727
2026-09-01 14:57:00-04:00,180.80760192871094,181.0050048828125,180.7926025390625,180.96499633789062,25845
2026-09-01 14:58:00-04:00,180.85000610351562,180.91000366210938,180.77000427246094,180.80979919433594,20370
2026-09-01 14:59:00-04:00,180.94000244140625,180.9499969482422,180.83999633789062,180.85499572753906,26743
2026-09-01 15:00:00-04:00,180.99000549316406,181.0399932861328,180.89500427246094,180.9499969482422,36312
2026-09-01 15:01:00-04:00,181.0,181.0998992919922,180.92999267578125,180.9949951171875,35884
2026-09-01 15:02:00-04:00,180.97999572753906,181.11000061035156,180.8699951171875,181.01499938964844,40701
2026-09-01 15:03:00-04:00,180.97999572753906,181.02000427246094,180.8699951171875,180.92999267578125,36860
2026-09-01 15:04:00-04:00,181.11500549316406,181.1699981689453,180.9600067138672,180.97999572753906,40513
2026-09-01 15:05:00-04:00,180.97000122070312,181.10000610351562,180.97000122070312,181.10000610351562,23692
2026-09-01 15:06:00-04:00,180.86500549316406,181.02999877929688,180.86000061035156,180.9600067138672,31552
2026-09-01 15:07:00-04:00,180.9698944091797,180.9698944091797,180.80999755859375,180.80999755859375,36702
2026-09-01 15:08:00-04:00,181.02999877929688,181.0323028564453,180.85000610351562,180.97000122070312,22384
2026-09-01 15:09:00-04:00,181.09500122070312,181.11000061035156,180.9904022216797,181.03379821777344,18164
2026-09-01 15:10:00-04:00,181.31500244140625,181.32839965820312,181.08290100097656,181.08290100097656,51287
2026-09-01 15:11:00-04:00,181.4499969482422,181.52000427246094,181.31500244140625,181.31500244140625,31956
2026-09-01 15:12:00-04:00,181.4499969482422,181.49000549316406,181.40499877929688,181.47000122070312,22513
2026-09-01 15:13:00-04:00,181.52000427246094,181.5395050048828,181.42999267578125,181.44000244140625,34763
2026-09-01 15:14:00-04:00,181.64500427246094,181.64999389648438,181.47999572753906,181.52999877929688,34265
2026-09-01 15:15:00-04:00,181.6147003173828,181.69000244140625,181.5399932861328,181.64500427246094,45741
2026-09-01 15:16:00-04:00,181.54879760742188,181.63499450683594,181.4199981689453,181.63499450683594,33397
2026-09-01 15:17:00-04:00,181.5299072265625,181.60000610351562,181.4833984375,181.5449981689453,26203
2026-09-01 15:18:00-04:00,181.52999877929688,181.6322021484375,181.47000122070312,181.52000427246094,37164
2026-09-01 15:19:00-04:00,181.55999755859375,181.57000732421875,181.50999450683594,181.52999877929688,16590
2026-09-01 15:20:00-04:00,181.5399932861328,181.64999389648438,181.52000427246094,181.5500030517578,21665
2026-09-01 15:21:00-04:00,181.78860473632812,181.8300018310547,181.5800018310547,181.5800018310547,42490
2026-09-01 15:22:00-04:00,181.97999572753906,182.0399932861328,181.75,181.77000427246094,58911
2026-09-01 15:23:00-04:00,182.01040649414062,182.0886993408203,181.97000122070312,181.98500061035156,31335
2026-09-01 15:24:00-04:00,181.8292999267578,182.02999877929688,181.8292999267578,182.02999877929688,30184
2026-09-01 15:25:00-04:00,181.7301025390625,181.9199981689453,181.6999969482422,181.86000061035156,35453
2026-09-01 15:26:00-04:00,181.78500366210938,181.78500366210938,181.6699981689453,181.72999572753906,35061
2026-09-01 15:27:00-04:00,181.79420471191406,181.83999633789062,181.68499755859375,181.77000427246094,38650
2026-09-01 15:28:00-04:00,181.75,181.83990478515625,181.6699981689453,181.80999755859375,54150
2026-09-01 15:29:00-04:00,181.625,181.7799072265625,181.6114044189453,181.75999450683594,53651
2026-09-01 15:30:00-04:00,181.2899932861328,181.66000366210938,181.27999877929688,181.6199951171875,57118
2026-09-01 15:31:00-04:00,181.3000030517578,181.33999633789062,181.1699981689453,181.27000427246094,41564
2026-09-01 15:32:00-04:00,181.30499267578125,181.33999633789062,181.21170043945312,181.31500244140625,24608
2026-09-01 15:33:00-04:00,181.27999877929688,181.32989501953125,181.2100067138672,181.3148956298828,27036
2026-09-01 15:34:00-04:00,181.41000366210938,181.44000244140625,181.27000427246094,181.27499389648438,31688
2026-09-01 15:35:00-04:00,181.5,181.5500030517578,181.25,181.39999389648438,36645
2026-09-01 15:36:00-04:00,181.48800659179688,181.5491943359375,181.38999938964844,181.51499938964844,40037
2026-09-01 15:37:00-04:00,181.55990600585938,181.5749969482422,181.42999267578125,181.48500061035156,31687
2026-09-01 15:38:00-04:00,181.55999755859375,181.64999389648438,181.4801025390625,181.5,19251
2026-09-01 15:39:00-04:00,181.5500030517578,181.64999389648438,181.4499969482422,181.57000732421875,30724
2026-09-01 15:40:00-04:00,181.60499572753906,181.6374053955078,181.4499969482422,181.55499267578125,28690
2026-09-01 15:41:00-04:00,181.61500549316406,181.7093048095703,181.55999755859375,181.61000061035156,23442
2026-09-01 15:42:00-04:00,181.40499877929688,181.61500549316406,181.33999633789062,181.61500549316406,41022
2026-09-01 15:43:00-04:00,181.47000122070312,181.49000549316406,181.36000061035156,181.42999267578125,28322
2026-09-01 15:44:00-04:00,181.4949951171875,181.50999450683594,181.42999267578125,181.4499969482422,33399
2026-09-01 15:45:00-04:00,181.38999938964844,181.58999633789062,181.38999938964844,181.47999572753906,49872
2026-09-01 15:46:00-04:00,181.36000061035156,181.41160583496094,181.3300018310547,181.3883056640625,23692
2026-09-01 15:47:00-04:00,181.52999877929688,181.5500030517578,181.30999755859375,181.30999755859375,22439
2026-09-01 15:48:00-04:00,181.5500030517578,181.6407012939453,181.52999877929688,181.5500030517578,45417
2026-09-01 15:49:00-04:00,181.47000122070312,181.55999755859375,181.4091033935547,181.55499267578125,39637
2026-09-01 15:50:00-04:00,181.42999267578125,181.42999267578125,181.21099853515625,181.25,64946
2026-09-01 15:51:00-04:00,181.3000030517578,181.52000427246094,181.2476043701172,181.47999572753906,47815
2026-09-01 15:52:00-04:00,181.21499633789062,181.36900329589844,181.18499755859375,181.3000030517578,61793
2026-09-01 15:53:00-04:00,181.11830139160156,181.22999572753906,181.02999877929688,181.19000244140625,73420
2026-09-01 15:54:00-04:00,180.9600067138672,181.1199951171875,180.8000030517578,181.1199951171875,160535
2026-09-01 15:55:00-04:00,180.2100067138672,181.02000427246094,180.13999938964844,181.02000427246094,280697
2026-09-01 15:56:00-04:00,180.0800018310547,180.24000549316406,180.01499938964844,180.2100067138672,231164
2026-09-01 15:57:00-04:00,179.97999572753906,180.08999633789062,179.82000732421875,180.0800018310547,302220
2026-09-01 15:58:00-04:00,179.92999267578125,179.98500061035156,179.7899932861328,179.97999572753906,272060
2026-09-01 15:59:00-04:00,179.89999389648438,179.97000122070312,179.75,179.92999267578125,471519
2026-09-02 09:30:00-04:00,174.9340057373047,177.05999755859375,174.10000610351562,176.9949951171875,1531343
2026-09-02 09:31:00-04:00,174.30999755859375,175.80999755859375,173.6999969482422,175.00999450683594,408297
2026-09-02 09:32:00-04:00,175.13999938964844,175.67999267578125,174.34190368652344,174.34190368652344,191583
2026-09-02 09:33:00-04:00,174.9550018310547,175.27000427246094,174.5399932861328,175.10000610351562,159851
2026-09-02 09:34:00-04:00,174.4600067138672,175.15989685058594,174.4499969482422,174.8800048828125,203712
2026-09-02 09:35:00-04:00,174.02999877929688,174.48500061035156,173.8000030517578,174.42999267578125,208456
2026-09-02 09:36:00-04:00,173.23500061035156,174.30340576171875,172.72000122070312,174.00999450683594,437832
2026-09-02 09:37:00-04:00,173.2899932861328,173.4550018310547,172.8699951171875,173.34120178222656,161242
2026-09-02 09:38:00-04:00,173.6757049560547,173.78720092773438,173.1699981689453,173.2899932861328,133289
2026-09-02 09:39:00-04:00,174.39999389648438,174.42999267578125,173.5,173.59010314941406,165632
2026-09-02 09:40:00-04:00,175.57119750976562,175.5800018310547,174.3300018310547,174.37510681152344,252001
2026-09-02 09:41:00-04:00,174.41050720214844,175.55499267578125,174.4062042236328,175.55499267578125,143908
2026-09-02 09:42:00-04:00,175.0850067138672,175.22000122070312,174.22000122070312,174.4149932861328,128893
2026-09-02 09:43:00-04:00,175.25,175.36000061035156,174.94000244140625,175.07000732421875,122848
2026-09-02 09:44:00-04:00,175.38999938964844,175.49000549316406,175.10000610351562,175.31309509277344,70375
2026-09-02 09:45:00-04:00,176.02999877929688,176.27999877929688,175.30099487304688,175.32000732421875,181867
2026-09-02 09:46:00-04:00,176.25999450683594,176.49000549316406,175.860107421875,176.0200958251953,145882
2026-09-02 09:47:00-04:00,176.4149932861328,176.59500122070312,176.1999969482422,176.30999755859375,73482
2026-09-02 09:48:00-04:00,176.77000427246094,176.95989990234375,176.41000366210938,176.41000366210938,102483
2026-09-02 09:49:00-04:00,176.35000610351562,176.8000030517578,176.1999969482422,176.8000030517578,102622
2026-09-02 09:50:00-04:00,176.19000244140625,176.39990234375,176.08999633789062,176.32009887695312,71138
2026-09-02 09:51:00-04:00,175.51499938964844,176.3000030517578,175.3699951171875,176.22999572753906,106921
2026-09-02 09:52:00-04:00,175.58999633789062,175.82000732421875,175.25,175.51499938964844,107791
2026-09-02 09:53:00-04:00,176.25,176.42999267578125,175.52000427246094,175.5850067138672,80007
2026-09-02 09:54:00-04:00,176.32000732421875,176.32000732421875,175.72000122070312,176.19009399414062,53960
2026-09-02 09:55:00-04:00,176.7449951171875,176.83999633789062,176.3000030517578,176.47000122070312,90595
2026-09-02 09:56:00-04:00,177.17999267578125,177.3000030517578,176.73500061035156,176.7449951171875,145760
2026-09-02 09:57:00-04:00,176.7550048828125,177.5500030517578,176.62010192871094,177.22000122070312,106672
2026-09-02 09:58:00-04:00,176.16000366210938,176.7899932861328,176.1385955810547,176.74000549316406,89748
2026-09-02 09:59:00-04:00,175.89999389648438,176.30999755859375,175.52999877929688,176.16000366210938,98489
2026-09-02 10:00:00-04:00,175.23309326171875,175.9199981689453,175.2100067138672,175.9199981689453,97025
2026-09-02 10:01:00-04:00,174.67999267578125,175.27999877929688,174.65499877929688,175.27999877929688,106953
2026-09-02 10:02:00-04:00,174.49609375,174.8800048828125,174.38999938964844,174.67999267578125,79422
2026-09-02 10:03:00-04:00,174.63780212402344,174.66650390625,174.38999938964844,174.4539031982422,56798
2026-09-02 10:04:00-04:00,174.5800018310547,174.6699981689453,174.3699951171875,174.5500030517578,62369
2026-09-02 10:05:00-04:00,175.08999633789062,175.2794952392578,174.56430053710938,174.5800018310547,76345
2026-09-02 10:06:00-04:00,174.8699951171875,175.08999633789062,174.6999969482422,175.02999877929688,64611
2026-09-02 10:07:00-04:00,174.41000366210938,174.98410034179688,174.32000732421875,174.83999633789062,78349
2026-09-02 10:08:00-04:00,174.2550048828125,174.39999389648438,174.0500030517578,174.39990234375,106536
2026-09-02 10:09:00-04:00,173.97000122070312,174.44000244140625,173.91000366210938,174.25999450683594,64869
2026-09-02 10:10:00-04:00,174.33160400390625,174.4499969482422,173.97000122070312,174.0,82306
2026-09-02 10:11:00-04:00,174.5,174.50999450683594,174.17999267578125,174.27499389648438,49832
2026-09-02 10:12:00-04:00,174.31500244140625,174.52000427246094,174.07000732421875,174.4949951171875,61299
2026-09-02 10:13:00-04:00,174.27999877929688,174.32000732421875,174.0,174.31759643554688,63802
2026-09-02 10:14:00-04:00,174.11000061035156,174.32000732421875,174.10000610351562,174.27749633789062,47034
2026-09-02 10:15:00-04:00,174.0399932861328,174.14010620117188,173.90049743652344,174.11500549316406,59387
2026-09-02 10:16:00-04:00,173.96200561523438,174.14990234375,173.9600067138672,174.0749969482422,50597
2026-09-02 10:17:00-04:00,173.3704071044922,173.9499969482422,173.36000061035156,173.9499969482422,166645
2026-09-02 10:18:00-04:00,173.3800048828125,173.49000549316406,173.25,173.38499450683594,93013
2026-09-02 10:19:00-04:00,173.4600067138672,173.50999450683594,173.35000610351562,173.4398956298828,72527
2026-09-02 10:20:00-04:00,173.27499389648438,173.5050048828125,173.22999572753906,173.4499969482422,55760
2026-09-02 10:21:00-04:00,173.1999969482422,173.36000061035156,173.02000427246094,173.32000732421875,90822
2026-09-02 10:22:00-04:00,173.3300018310547,173.39999389648438,172.91000366210938,173.1999969482422,139135
2026-09-02 10:23:00-04:00,173.55270385742188,173.66000366210938,173.2899932861328,173.2899932861328,77813
2026-09-02 10:24:00-04:00,173.44000244140625,173.6566925048828,173.35000610351562,173.5050048828125,55745
2026-09-02 10:25:00-04:00,173.38999938964844,173.63999938964844,173.3000946044922,173.3800048828125,69986
2026-09-02 10:26:00-04:00,173.47999572753906,173.5050048828125,173.25999450683594,173.36500549316406,59019
2026-09-02 10:27:00-04:00,173.5050048828125,173.6199951171875,173.3509979248047,173.47500610351562,52241
2026-09-02 10:28:00-04:00,173.50990295410156,173.66000366210938,173.4199981689453,173.5800018310547,91939
2026-09-02 10:29:00-04:00,173.60000610351562,173.75990295410156,173.3800048828125,173.50990295410156,63416
2026-09-02 10:30:00-04:00,173.72000122070312,173.7310028076172,173.5,173.58999633789062,46951
2026-09-02 10:31:00-04:00,173.7899932861328,173.82000732421875,173.50999450683594,173.74000549316406,57275
2026-09-02 10:32:00-04:00,173.2899932861328,173.77000427246094,173.2760009765625,173.76499938964844,67220
2026-09-02 10:33:00-04:00,173.24000549316406,173.3199005126953,173.06350708007812,173.27999877929688,76732
2026-09-02 10:34:00-04:00,173.2899932861328,173.4188995361328,173.1999969482422,173.1999969482422,36096
2026-09-02 10:35:00-04:00,173.41000366210938,173.60000610351562,173.25,173.2899932861328,44042
2026-09-02 10:36:00-04:00,173.50999450683594,173.61000061035156,173.24000549316406,173.3800048828125,50025
2026-09-02 10:37:00-04:00,173.37399291992188,173.55499267578125,173.32020568847656,173.52000427246094,49934
2026-09-02 10:38:00-04:00,173.110107421875,173.36000061035156,173.09500122070312,173.35000610351562,47865
2026-09-02 10:39:00-04:00,173.39999389648438,173.4429931640625,173.11000061035156,173.13999938964844,34225
2026-09-02 10:40:00-04:00,173.6833953857422,173.72999572753906,173.36000061035156,173.39999389648438,62621
2026-09-02 10:41:00-04:00,173.52000427246094,173.72999572753906,173.49000549316406,173.69500732421875,81933
2026-09-02 10:42:00-04:00,173.44000244140625,173.5998992919922,173.3800048828125,173.51190185546875,30042
2026-09-02 10:43:00-04:00,173.5050048828125,173.5299072265625,173.4199981689453,173.44400024414062,35139
2026-09-02 10:44:00-04:00,173.42999267578125,173.57000732421875,173.3699951171875,173.4600067138672,73205
2026-09-02 10:45:00-04:00,173.37319946289062,173.5399932861328,173.3000946044922,173.47000122070312,33888
2026-09-02 10:46:00-04:00,173.02000427246094,173.3800048828125,173.02000427246094,173.36000061035156,46509
2026-09-02 10:47:00-04:00,173.13999938964844,173.1750030517578,172.9550018310547,173.0399932861328,98286
2026-09-02 10:48:00-04:00,172.97999572753906,173.3699951171875,172.9250030517578,173.16000366210938,85210
2026-09-02 10:49:00-04:00,173.1300048828125,173.2100067138672,172.89999389648438,173.0,39014
2026-09-02 10:50:00-04:00,172.88999938964844,173.19500732421875,172.88999938964844,173.16000366210938,44725
2026-09-02 10:51:00-04:00,173.17999267578125,173.21490478515625,172.86000061035156,172.91000366210938,46931
2026-09-02 10:52:00-04:00,173.16000366210938,173.2100067138672,173.02000427246094,173.14999389648438,39271
2026-09-02 10:53:00-04:00,173.125,173.14999389648438,172.99000549316406,173.10000610351562,55925
2026-09-02 10:54:00-04:00,172.99000549316406,173.17999267578125,172.92999267578125,173.1199951171875,132100
2026-09-02 10:55:00-04:00,172.8300018310547,173.07000732421875,172.6300048828125,172.9600067138672,120819
2026-09-02 10:56:00-04:00,172.65130615234375,172.8800048828125,172.6300048828125,172.8300018310547,89080
2026-09-02 10:57:00-04:00,172.60000610351562,172.82000732421875,172.33009338378906,172.66000366210938,123785
2026-09-02 10:58:00-04:00,172.38999938964844,172.64999389648438,172.25,172.62789916992188,79405
2026-09-02 10:59:00-04:00,172.33999633789062,172.40499877929688,172.22000122070312,172.40499877929688,76838
2026-09-02 11:00:00-04:00,172.62669372558594,172.6898956298828,172.30999755859375,172.30999755859375,69499
2026-09-02 11:01:00-04:00,172.50869750976562,172.6699981689453,172.4499969482422,172.60000610351562,41815
2026-09-02 11:02:00-04:00,172.25010681152344,172.49000549316406,172.2021942138672,172.46580505371094,58686
2026-09-02 11:03:00-04:00,172.32000732421875,172.33999633789062,172.22999572753906,172.2899932861328,71483
2026-09-02 11:04:00-04:00,172.0800018310547,172.3300018310547,171.9199981689453,172.3000030517578,177633
2026-09-02 11:05:00-04:00,172.06500244140625,172.1999969482422,172.00999450683594,172.0800018310547,72014
2026-09-02 11:06:00-04:00,171.94000244140625,172.1199951171875,171.61000061035156,172.0800018310547,242566
2026-09-02 11:07:00-04:00,172.0399932861328,172.0399932861328,171.76100158691406,171.9149932861328,82958
2026-09-02 11:08:00-04:00,171.66000366210938,172.02999877929688,171.61000061035156,172.00999450683594,100710
2026-09-02 11:09:00-04:00,171.32000732421875,171.74000549316406,171.32000732421875,171.66000366210938,129515
2026-09-02 11:10:00-04:00,171.1750030517578,171.35000610351562,171.0,171.27000427246094,235973
2026-09-02 11:11:00-04:00,171.05999755859375,171.1999969482422,170.88999938964844,171.1750030517578,231587
2026-09-02 11:12:00-04:00,171.0,171.17999267578125,170.9600067138672,171.05999755859375,92720
2026-09-02 11:13:00-04:00,170.68829345703125,171.02499389648438,170.60000610351562,171.0,124585
2026-09-02 11:14:00-04:00,170.80020141601562,170.8699951171875,170.63009643554688,170.6898956298828,103064
2026-09-02 11:15:00-04:00,170.89999389648438,170.92999267578125,170.55999755859375,170.80999755859375,163546
2026-09-02 11:16:00-04:00,170.8249969482422,170.95989990234375,170.69000244140625,170.89999389648438,87015
2026-09-02 11:17:00-04:00,170.65589904785156,170.9156036376953,170.60000610351562,170.86180114746094,72403
2026-09-02 11:18:00-04:00,170.39999389648438,170.66000366210938,170.25,170.64999389648438,200690
2026-09-02 11:19:00-04:00,170.59300231933594,170.61990356445312,170.3699951171875,170.39999389648438,127673
2026-09-02 11:20:00-04:00,170.4001007080078,170.66000366210938,170.38999938964844,170.5800018310547,126770
2026-09-02 11:21:00-04:00,170.24830627441406,170.49000549316406,170.2449951171875,170.44529724121094,117798
2026-09-02 11:22:00-04:00,170.22000122070312,170.45399475097656,170.19500732421875,170.25,80043
2026-09-02 11:23:00-04:00,169.78199768066406,170.22500610351562,169.72000122070312,170.22500610351562,401250
2026-09-02 11:24:00-04:00,169.79409790039062,169.88999938964844,169.67050170898438,169.77000427246094,132460
2026-09-02 11:25:00-04:00,169.47999572753906,169.80999755859375,169.46910095214844,169.79379272460938,180767
2026-09-02 11:26:00-04:00,169.35989379882812,169.50999450683594,169.16000366210938,169.50999450683594,159148
2026-09-02 11:27:00-04:00,169.3350067138672,169.5,169.2635955810547,169.35989379882812,91817
2026-09-02 11:28:00-04:00,169.25999450683594,169.49630737304688,169.19000244140625,169.32000732421875,87355
2026-09-02 11:29:00-04:00,169.1699981689453,169.3300018310547,169.11000061035156,169.26499938964844,94565
2026-09-02 11:30:00-04:00,169.01499938964844,169.22999572753906,168.77999877929688,169.14999389648438,212978
2026-09-02 11:31:00-04:00,168.47000122070312,169.0,168.39999389648438,168.9875946044922,252981
2026-09-02 11:32:00-04:00,168.26499938964844,168.58999633789062,168.16000366210938,168.50999450683594,232471
2026-09-02 11:33:00-04:00,167.8000030517578,168.28359985351562,167.66000366210938,168.25,357055
2026-09-02 11:34:00-04:00,167.92599487304688,168.11000061035156,167.75999450683594,167.79800415039062,173008
2026-09-02 11:35:00-04:00,168.1999969482422,168.22999572753906,167.50970458984375,167.9199981689453,250544
2026-09-02 11:36:00-04:00,168.19200134277344,168.47999572753906,168.10000610351562,168.20779418945312,251071
2026-09-02 11:37:00-04:00,168.0850067138672,168.22999572753906,167.97000122070312,168.22000122070312,164065
2026-09-02 11:38:00-04:00,167.89280700683594,168.12820434570312,167.7100067138672,168.11000061035156,123962
2026-09-02 11:39:00-04:00,168.00999450683594,168.03990173339844,167.75,167.86500549316406,107341
2026-09-02 11:40:00-04:00,168.125,168.3300018310547,167.91000366210938,168.02000427246094,152461
2026-09-02 11:41:00-04:00,167.89500427246094,168.1300048828125,167.8300018310547,168.0771942138672,141992
2026-09-02 11:42:00-04:00,167.90499877929688,168.13949584960938,167.87620544433594,167.87620544433594,77865
2026-09-02 11:43:00-04:00,167.80999755859375,168.02999877929688,167.74000549316406,167.90499877929688,98801
2026-09-02 11:44:00-04:00,167.8256072998047,167.8498992919922,167.55999755859375,167.8000030517578,148003
2026-09-02 11:45:00-04:00,167.406005859375,167.83990478515625,167.2899932861328,167.83949279785156,231998
2026-09-02 11:46:00-04:00,167.16990661621094,167.41000366210938,167.02000427246094,167.39999389648438,237605
2026-09-02 11:47:00-04:00,167.0500030517578,167.24000549316406,166.9600067138672,167.1199951171875,210735
2026-09-02 11:48:00-04:00,166.9499969482422,167.11000061035156,166.88999938964844,167.0449981689453,112680
2026-09-02 11:49:00-04:00,166.65029907226562,167.1439971923828,166.55999755859375,166.9199981689453,197742
2026-09-02 11:50:00-04:00,166.86639404296875,167.1300048828125,166.63499450683594,166.67820739746094,133526
2026-09-02 11:51:00-04:00,166.8249969482422,166.97999572753906,166.7100067138672,166.85000610351562,108827
2026-09-02 11:52:00-04:00,166.7899932861328,166.9499969482422,166.7100067138672,166.82000732421875,73024
2026-09-02 11:53:00-04:00,166.92320251464844,167.08999633789062,166.75999450683594,166.78500366210938,89944
2026-09-02 11:54:00-04:00,166.9600067138672,167.0399932861328,166.83009338378906,166.94500732421875,86918
2026-09-02 11:55:00-04:00,166.82000732421875,167.0,166.59010314941406,166.97000122070312,138924
2026-09-02 11:56:00-04:00,166.91000366210938,166.99000549316406,166.72000122070312,166.83999633789062,82954
2026-09-02 11:57:00-04:00,167.091796875,167.1999969482422,166.89999389648438,166.97000122070312,147237
2026-09-02 11:58:00-04:00,167.1300048828125,167.2779998779297,167.0800018310547,167.10499572753906,123541
2026-09-02 11:59:00-04:00,167.1999969482422,167.26800537109375,167.10000610351562,167.11000061035156,78876
2026-09-02 12:00:00-04:00,167.19769287109375,167.23989868164062,167.0749969482422,167.19000244140625,95006
2026-09-02 12:01:00-04:00,167.1300048828125,167.22000122070312,167.04010009765625,167.1938934326172,57615
2026-09-02 12:02:00-04:00,166.7899932861328,167.16000366210938,166.74000549316406,167.13999938964844,135609
2026-09-02 12:03:00-04:00,166.67999267578125,166.8249969482422,166.64999389648438,166.8249969482422,74125
2026-09-02 12:04:00-04:00,166.85000610351562,166.85000610351562,166.64999389648438,166.6699981689453,73844
2026-09-02 12:05:00-04:00,166.6199951171875,166.81500244140625,166.5500030517578,166.80999755859375,85211
2026-09-02 12:06:00-04:00,166.7100067138672,166.75,166.42999267578125,166.6199951171875,110274
2026-09-02 12:07:00-04:00,166.58900451660156,166.91000366210938,166.5,166.69000244140625,95210
2026-09-02 12:08:00-04:00,166.64999389648438,166.74000549316406,166.5200958251953,166.57000732421875,68032
2026-09-02 12:09:00-04:00,166.5500946044922,166.6898956298828,166.39999389648438,166.64999389648438,88915
2026-09-02 12:10:00-04:00,166.4949951171875,166.63999938964844,166.35000610351562,166.57000732421875,94430
2026-09-02 12:11:00-04:00,166.673095703125,166.8000030517578,166.25,166.47000122070312,192821
2026-09-02 12:12:00-04:00,166.54249572753906,166.6728057861328,166.44000244140625,166.6728057861328,84824
2026-09-02 12:13:00-04:00,166.5771942138672,166.7799072265625,166.50010681152344,166.55499267578125,80013
2026-09-02 12:14:00-04:00,166.3249969482422,166.60000610351562,166.1300048828125,166.55499267578125,151688
2026-09-02 12:15:00-04:00,166.139404296875,166.36990356445312,166.0601043701172,166.3249969482422,122747
2026-09-02 12:16:00-04:00,165.80999755859375,166.14999389648438,165.7100067138672,166.10009765625,258421
2026-09-02 12:17:00-04:00,165.875,165.89999389648438,165.7100067138672,165.75010681152344,124219
2026-09-02 12:18:00-04:00,165.94500732421875,165.9965057373047,165.74000549316406,165.89999389648438,96823
2026-09-02 12:19:00-04:00,166.6199951171875,166.6699981689453,165.92999267578125,165.92999267578125,220100
2026-09-02 12:20:00-04:00,166.6199951171875,166.82000732421875,166.48399353027344,166.65199279785156,149761
2026-09-02 12:21:00-04:00,167.02499389648438,167.10000610351562,166.57000732421875,166.61500549316406,180098
2026-09-02 12:22:00-04:00,166.91419982910156,167.05999755859375,166.8101043701172,167.01820373535156,105352
2026-09-02 12:23:00-04:00,167.0,167.0399932861328,166.84719848632812,166.875,106567
2026-09-02 12:24:00-04:00,167.125,167.2299041748047,166.89999389648438,167.02999877929688,93955
2026-09-02 12:25:00-04:00,166.91000366210938,167.09869384765625,166.8300018310547,167.0749969482422,122064
2026-09-02 12:26:00-04:00,167.02999877929688,167.09500122070312,166.8699951171875,166.93499755859375,87915
2026-09-02 12:27:00-04:00,167.14999389648438,167.25,166.9499969482422,167.02999877929688,79535
2026-09-02 12:28:00-04:00,167.02999877929688,167.16000366210938,166.94000244140625,167.10000610351562,62341
2026-09-02 12:29:00-04:00,167.14999389648438,167.24000549316406,167.00999450683594,167.0500030517578,103934
2026-09-02 12:30:00-04:00,167.19000244140625,167.35000610351562,167.10000610351562,167.1199951171875,66555
2026-09-02 12:31:00-04:00,167.38999938964844,167.53500366210938,167.13499450683594,167.18499755859375,122672
2026-09-02 12:32:00-04:00,167.3000030517578,167.5800018310547,167.20010375976562,167.39500427246094,124153
2026-09-02 12:33:00-04:00,167.59500122070312,167.64999389648438,167.3000030517578,167.31500244140625,89110
2026-09-02 12:34:00-04:00,167.86000061035156,167.86000061035156,167.55999755859375,167.55999755859375,276856
2026-09-02 12:35:00-04:00,167.88999938964844,168.00999450683594,167.7550048828125,167.79010009765625,150812
2026-09-02 12:36:00-04:00,168.11500549316406,168.3800048828125,167.8699951171875,167.8699951171875,226974
2026-09-02 12:37:00-04:00,168.69979858398438,168.69979858398438,168.06500244140625,168.11500549316406,182871
2026-09-02 12:38:00-04:00,168.7050018310547,168.74000549316406,168.52999877929688,168.6999969482422,140665
2026-09-02 12:39:00-04:00,168.5749969482422,168.72999572753906,168.5,168.6800994873047,97718
2026-09-02 12:40:00-04:00,168.60499572753906,168.639892578125,168.44000244140625,168.5500030517578,77791
2026-09-02 12:41:00-04:00,168.3699951171875,168.64999389648438,168.3531951904297,168.5800018310547,86940
2026-09-02 12:42:00-04:00,168.00770568847656,168.389892578125,167.92999267578125,168.3542022705078,148314
2026-09-02 12:43:00-04:00,168.2100067138672,168.27999877929688,167.99710083007812,168.01499938964844,74239
2026-09-02 12:44:00-04:00,168.13499450683594,168.27999877929688,168.10000610351562,168.2100067138672,62496
2026-09-02 12:45:00-04:00,167.9600067138672,168.1699981689453,167.8800048828125,168.1199951171875,97782
2026-09-02 12:46:00-04:00,168.02999877929688,168.13999938964844,167.89999389648438,167.97500610351562,89948
2026-09-02 12:47:00-04:00,167.94000244140625,168.0570068359375,167.8000030517578,168.03500366210938,58049
2026-09-02 12:48:00-04:00,167.8800048828125,167.97000122070312,167.82000732421875,167.9600067138672,52930
2026-09-02 12:49:00-04:00,168.3800048828125,168.3800048828125,167.86000061035156,167.8699951171875,180375
2026-09-02 12:50:00-04:00,168.7100067138672,168.97000122070312,168.35000610351562,168.36000061035156,235114
2026-09-02 12:51:00-04:00,168.39990234375,168.77000427246094,168.27000427246094,168.70599365234375,110386
2026-09-02 12:52:00-04:00,168.41000366210938,168.4499969482422,168.36000061035156,168.3699951171875,219114
2026-09-02 12:53:00-04:00,168.72000122070312,168.72000122070312,168.3699951171875,168.4001007080078,57414
2026-09-02 12:54:00-04:00,168.77000427246094,168.80999755859375,168.66000366210938,168.69000244140625,74203
2026-09-02 12:55:00-04:00,168.39500427246094,168.85000610351562,168.30999755859375,168.75999450683594,80342
2026-09-02 12:56:00-04:00,168.44000244140625,168.5198974609375,168.3300018310547,168.39500427246094,61884
2026-09-02 12:57:00-04:00,168.5,168.57989501953125,168.42210388183594,168.44000244140625,36099
2026-09-02 12:58:00-04:00,168.4149932861328,168.5399932861328,168.37930297851562,168.48440551757812,52637
2026-09-02 12:59:00-04:00,168.41000366210938,168.42999267578125,168.3000030517578,168.38999938964844,46965
2026-09-02 13:00:00-04:00,168.46009826660156,168.55810546875,168.35000610351562,168.3800048828125,46092
2026-09-02 13:01:00-04:00,168.4499969482422,168.52999877929688,168.33700561523438,168.49000549316406,38112
2026-09-02 13:02:00-04:00,168.46499633789062,168.55999755859375,168.3654022216797,168.41000366210938,29458
2026-09-02 13:03:00-04:00,168.27499389648438,168.5,168.1999969482422,168.4499969482422,75043
2026-09-02 13:04:00-04:00,168.32000732421875,168.33999633789062,168.13999938964844,168.25,48751
2026-09-02 13:05:00-04:00,168.02999877929688,168.35000610351562,167.89999389648438,168.3300018310547,102446
2026-09-02 13:06:00-04:00,168.02999877929688,168.0800018310547,167.86000061035156,168.05999755859375,42542
2026-09-02 13:07:00-04:00,167.8800048828125,168.05990600585938,167.85009765625,168.02999877929688,37107
2026-09-02 13:08:00-04:00,168.00999450683594,168.0493927001953,167.8054962158203,167.8800048828125,45570
2026-09-02 13:09:00-04:00,168.07000732421875,168.11000061035156,167.97000122070312,167.99000549316406,40707
2026-09-02 13:10:00-04:00,168.23219299316406,168.33999633789062,168.0399932861328,168.07000732421875,75768
2026-09-02 13:11:00-04:00,168.0050048828125,168.2050018310547,167.91000366210938,168.2050018310547,47823
2026-09-02 13:12:00-04:00,167.8300018310547,168.0435028076172,167.8300018310547,167.99000549316406,37301
2026-09-02 13:13:00-04:00,168.0,168.0500030517578,167.72999572753906,167.82000732421875,59443
2026-09-02 13:14:00-04:00,168.2050018310547,168.21299743652344,167.97999572753906,167.97999572753906,33954
2026-09-02 13:15:00-04:00,168.125,168.19000244140625,167.91000366210938,168.19000244140625,41171
2026-09-02 13:16:00-04:00,167.99000549316406,168.17010498046875,167.94000244140625,168.10000610351562,33378
2026-09-02 13:17:00-04:00,167.97000122070312,168.0,167.85549926757812,167.94009399414062,37823
2026-09-02 13:18:00-04:00,167.9499053955078,168.0,167.91000366210938,167.97500610351562,18558
2026-09-02 13:19:00-04:00,167.82000732421875,167.94000244140625,167.75,167.94000244140625,41884
2026-09-02 13:20:00-04:00,167.82000732421875,167.91990661621094,167.77999877929688,167.82000732421875,31945
2026-09-02 13:21:00-04:00,168.0045928955078,168.01499938964844,167.77999877929688,167.8300018310547,33028
2026-09-02 13:22:00-04:00,168.0850067138672,168.17990112304688,167.9801025390625,168.01499938964844,37580
2026-09-02 13:23:00-04:00,168.1300048828125,168.25,167.93409729003906,168.10000610351562,51887
2026-09-02 13:24:00-04:00,168.02000427246094,168.3800048828125,168.0,168.08999633789062,79280
2026-09-02 13:25:00-04:00,168.11500549316406,168.1300048828125,167.8321075439453,168.02000427246094,63338
2026-09-02 13:26:00-04:00,168.08009338378906,168.1300048828125,167.93499755859375,168.09500122070312,44784
2026-09-02 13:27:00-04:00,168.0850067138672,168.17999267578125,168.0,168.10499572753906,31061
2026-09-02 13:28:00-04:00,168.36990356445312,168.47999572753906,168.05999755859375,168.05999755859375,73131
2026-09-02 13:29:00-04:00,168.4114990234375,168.4600067138672,168.2899932861328,168.3300018310547,60396
2026-09-02 13:30:00-04:00,168.35000610351562,168.5500030517578,168.30999755859375,168.4499969482422,38733
2026-09-02 13:31:00-04:00,168.52999877929688,168.5800018310547,168.17999267578125,168.35000610351562,48014
2026-09-02 13:32:00-04:00,168.63999938964844,168.7989044189453,168.4801025390625,168.5,46073
2026-09-02 13:33:00-04:00,168.64500427246094,168.75,168.55479431152344,168.64500427246094,47783
2026-09-02 13:34:00-04:00,168.66000366210938,168.75999450683594,168.52999877929688,168.66290283203125,68574
2026-09-02 13:35:00-04:00,168.55499267578125,168.67889404296875,168.48379516601562,168.63499450683594,43223
2026-09-02 13:36:00-04:00,168.39999389648438,168.60499572753906,168.39999389648438,168.55499267578125,36624
2026-09-02 13:37:00-04:00,168.48500061035156,168.57000732421875,168.3350067138672,168.40499877929688,30678
2026-09-02 13:38:00-04:00,168.4600067138672,168.54989624023438,168.4199981689453,168.47999572753906,16344
2026-09-02 13:39:00-04:00,168.52000427246094,168.7550048828125,168.4949951171875,168.4949951171875,54931
2026-09-02 13:40:00-04:00,168.72000122070312,168.77999877929688,168.52000427246094,168.52000427246094,34010
2026-09-02 13:41:00-04:00,168.68499755859375,168.75,168.60009765625,168.67050170898438,31153
2026-09-02 13:42:00-04:00,168.75999450683594,168.79750061035156,168.53909301757812,168.66000366210938,47810
2026-09-02 13:43:00-04:00,168.6999969482422,168.8300018310547,168.6999969482422,168.75,42141
2026-09-02 13:44:00-04:00,169.08999633789062,169.14999389648438,168.64999389648438,168.73500061035156,123363
2026-09-02 13:45:00-04:00,169.13999938964844,169.17959594726562,169.00149536132812,169.07400512695312,61712
2026-09-02 13:46:00-04:00,169.25999450683594,169.27999877929688,169.05999755859375,169.13999938964844,68224
2026-09-02 13:47:00-04:00,169.3800048828125,169.42999267578125,169.16000366210938,169.22999572753906,61236
2026-09-02 13:48:00-04:00,169.4499053955078,169.4499969482422,169.33999633789062,169.38999938964844,49217
2026-09-02 13:49:00-04:00,169.52999877929688,169.59500122070312,169.43499755859375,169.43499755859375,85323
2026-09-02 13:50:00-04:00,169.68499755859375,169.69000244140625,169.5240020751953,169.5240020751953,88004
2026-09-02 13:51:00-04:00,169.83999633789062,169.83999633789062,169.5800018310547,169.6741943359375,95350
2026-09-02 13:52:00-04:00,169.94630432128906,170.11000061035156,169.8000030517578,169.83999633789062,177194
2026-09-02 13:53:00-04:00,170.1750030517578,170.19000244140625,169.94000244140625,169.94000244140625,94265
2026-09-02 13:54:00-04:00,170.2100067138672,170.25,170.11740112304688,170.18600463867188,91958
2026-09-02 13:55:00-04:00,170.05499267578125,170.2100067138672,169.85009765625,170.19000244140625,115632
2026-09-02 13:56:00-04:00,170.125,170.19000244140625,170.0399932861328,170.05999755859375,51640
2026-09-02 13:57:00-04:00,170.27999877929688,170.3300018310547,170.1300048828125,170.14999389648438,69180
2026-09-02 13:58:00-04:00,170.22000122070312,170.38999938964844,170.13340759277344,170.27499389648438,99753
2026-09-02 13:59:00-04:00,170.24000549316406,170.3000030517578,170.18780517578125,170.25999450683594,56479
2026-09-02 14:00:00-04:00,169.47000122070312,170.25,169.39999389648438,170.22999572753906,260085
2026-09-02 14:01:00-04:00,169.50999450683594,169.88999938964844,169.44009399414062,169.47999572753906,95799
2026-09-02 14:02:00-04:00,169.69000244140625,169.80499267578125,169.41000366210938,169.47509765625,78160
2026-09-02 14:03:00-04:00,169.55999755859375,169.77000427246094,169.47999572753906,169.7100067138672,58942
2026-09-02 14:04:00-04:00,169.76499938964844,169.86000061035156,169.5399932861328,169.5500030517578,73244
2026-09-02 14:05:00-04:00,169.6750030517578,169.8249969482422,169.55999755859375,169.77000427246094,42386
2026-09-02 14:06:00-04:00,169.5601043701172,169.72000122070312,169.4506072998047,169.6750030517578,63281
2026-09-02 14:07:00-04:00,169.61500549316406,169.7498016357422,169.5200958251953,169.59500122070312,38870
2026-09-02 14:08:00-04:00,169.44349670410156,169.6699981689453,169.44349670410156,169.6199951171875,26843
2026-09-02 14:09:00-04:00,169.52999877929688,169.67990112304688,169.42999267578125,169.49000549316406,55428
2026-09-02 14:10:00-04:00,169.5449981689453,169.6313934326172,169.47999572753906,169.5449981689453,63950
2026-09-02 14:11:00-04:00,169.52000427246094,169.60000610351562,169.44009399414062,169.5449981689453,36127
2026-09-02 14:12:00-04:00,169.36000061035156,169.58990478515625,169.2899932861328,169.5050048828125,58254
2026-09-02 14:13:00-04:00,169.45509338378906,169.50999450683594,169.25,169.3350067138672,62277
2026-09-02 14:14:00-04:00,169.2895965576172,169.4199981689453,169.27000427246094,169.4199981689453,19027
2026-09-02 14:15:00-04:00,169.47500610351562,169.50999450683594,169.1999969482422,169.29600524902344,41971
2026-09-02 14:16:00-04:00,169.4600067138672,169.52999877929688,169.30999755859375,169.52999877929688,19006
2026-09-02 14:17:00-04:00,169.42999267578125,169.45989990234375,169.3000030517578,169.4250030517578,35157
2026-09-02 14:18:00-04:00,169.42999267578125,169.6300048828125,169.21009826660156,169.4499053955078,47280
2026-09-02 14:19:00-04:00,169.43499755859375,169.52000427246094,169.30430603027344,169.44000244140625,23594
2026-09-02 14:20:00-04:00,169.30999755859375,169.625,169.30999755859375,169.43499755859375,45645
2026-09-02 14:21:00-04:00,169.36000061035156,169.4434051513672,169.3000946044922,169.3000946044922,16206
2026-09-02 14:22:00-04:00,169.41000366210938,169.4499969482422,169.27999877929688,169.30999755859375,29683
2026-09-02 14:23:00-04:00,169.5050048828125,169.5399932861328,169.3699951171875,169.41000366210938,19071
2026-09-02 14:24:00-04:00,169.41000366210938,169.64990234375,169.3000946044922,169.52999877929688,30063
2026-09-02 14:25:00-04:00,169.4199981689453,169.44000244140625,169.2406005859375,169.375,35605
2026-09-02 14:26:00-04:00,169.14999389648438,169.44000244140625,169.14999389648438,169.39999389648438,32701
2026-09-02 14:27:00-04:00,169.32000732421875,169.33999633789062,169.13999938964844,169.1750030517578,35866
2026-09-02 14:28:00-04:00,169.27999877929688,169.34500122070312,169.25999450683594,169.3000030517578,42564
2026-09-02 14:29:00-04:00,169.33999633789062,169.34829711914062,169.22149658203125,169.27999877929688,23874
2026-09-02 14:30:00-04:00,169.4550018310547,169.48989868164062,169.13999938964844,169.30999755859375,34802
2026-09-02 14:31:00-04:00,169.35000610351562,169.5050048828125,169.35000610351562,169.49000549316406,24238
2026-09-02 14:32:00-04:00,169.38999938964844,169.46499633789062,169.35000610351562,169.35000610351562,31960
2026-09-02 14:33:00-04:00,169.2899932861328,169.4600067138672,169.24000549316406,169.38999938964844,48821
2026-09-02 14:34:00-04:00,169.3000030517578,169.31500244140625,169.14999389648438,169.27999877929688,50508
2026-09-02 14:35:00-04:00,169.14059448242188,169.36500549316406,169.1300048828125,169.27499389648438,27391
2026-09-02 14:36:00-04:00,169.1300048828125,169.19000244140625,169.10000610351562,169.125,19698
2026-09-02 14:37:00-04:00,169.0399932861328,169.14999389648438,169.02000427246094,169.14999389648438,34513
2026-09-02 14:38:00-04:00,169.11000061035156,169.19000244140625,169.02000427246094,169.07000732421875,28693
2026-09-02 14:39:00-04:00,168.9499969482422,169.16000366210938,168.8699951171875,169.13999938964844,50969
2026-09-02 14:40:00-04:00,168.79400634765625,168.9199981689453,168.75,168.9199981689453,60815
2026-09-02 14:41:00-04:00,168.4550018310547,168.78860473632812,168.44000244140625,168.75999450683594,81394
2026-09-02 14:42:00-04:00,168.41000366210938,168.49000549316406,168.33999633789062,168.4550018310547,50925
2026-09-02 14:43:00-04:00,168.5500030517578,168.58999633789062,168.41000366210938,168.41000366210938,27038
2026-09-02 14:44:00-04:00,168.56500244140625,168.67120361328125,168.53399658203125,168.58999633789062,65328
2026-09-02 14:45:00-04:00,168.87989807128906,168.87989807128906,168.50999450683594,168.5399932861328,76587
2026-09-02 14:46:00-04:00,168.56500244140625,168.8699951171875,168.54750061035156,168.83999633789062,42225
2026-09-02 14:47:00-04:00,168.64999389648438,168.64999389648438,168.52999877929688,168.55999755859375,48326
2026-09-02 14:48:00-04:00,168.66000366210938,168.7100067138672,168.6199951171875,168.66000366210938,19522
2026-09-02 14:49:00-04:00,168.63499450683594,168.75999450683594,168.60000610351562,168.64500427246094,24978
2026-09-02 14:50:00-04:00,168.625,168.6898956298828,168.60000610351562,168.63499450683594,37048
2026-09-02 14:51:00-04:00,168.58999633789062,168.625,168.52000427246094,168.625,23043
2026-09-02 14:52:00-04:00,168.7899932861328,168.8498992919922,168.47999572753906,168.5749969482422,46277
2026-09-02 14:53:00-04:00,168.67999267578125,168.85000610351562,168.64010620117188,168.80499267578125,37243
2026-09-02 14:54:00-04:00,168.69000244140625,168.6977996826172,168.58999633789062,168.67999267578125,21279
2026-09-02 14:55:00-04:00,168.55999755859375,168.72000122070312,168.55499267578125,168.6699981689453,22332
2026-09-02 14:56:00-04:00,168.50450134277344,168.58999633789062,168.4499969482422,168.57000732421875,29179
2026-09-02 14:57:00-04:00,168.3708038330078,168.58999633789062,168.3708038330078,168.5,40203
2026-09-02 14:58:00-04:00,168.51499938964844,168.53990173339844,168.3970947265625,168.4199981689453,37624
2026-09-02 14:59:00-04:00,168.52000427246094,168.5850067138672,168.47999572753906,168.52499389648438,26896
2026-09-02 15:00:00-04:00,168.61599731445312,168.80999755859375,168.5500030517578,168.55999755859375,49066
2026-09-02 15:01:00-04:00,168.74000549316406,168.8000030517578,168.57000732421875,168.60499572753906,35403
2026-09-02 15:02:00-04:00,168.7449951171875,168.77999877929688,168.57000732421875,168.72000122070312,38489
2026-09-02 15:03:00-04:00,168.66000366210938,168.83999633789062,168.60000610351562,168.7449951171875,38464
2026-09-02 15:04:00-04:00,168.66000366210938,168.6699981689453,168.51010131835938,168.6199951171875,41761
2026-09-02 15:05:00-04:00,168.72000122070312,168.79989624023438,168.58999633789062,168.63499450683594,44077
2026-09-02 15:06:00-04:00,168.72000122070312,168.8300018310547,168.6999969482422,168.74000549316406,43518
2026-09-02 15:07:00-04:00,168.88499450683594,168.9199981689453,168.6999969482422,168.7050018310547,49330
2026-09-02 15:08:00-04:00,168.9600067138672,168.9600067138672,168.9600067138672,168.9600067138672,0
