Price,Close,High,Low,Open,Volume
Ticker,RDDT,RDDT,RDDT,RDDT,RDDT
Datetime,,,,,
2026-08-27 09:30:00-04:00,156.5478973388672,156.8000030517578,155.21499633789062,155.75999450683594,116431
2026-08-27 09:31:00-04:00,154.9936981201172,155.90499877929688,154.0,155.90499877929688,32655
2026-08-27 09:32:00-04:00,154.27499389648438,154.88319396972656,153.5,154.13999938964844,16037
2026-08-27 09:33:00-04:00,153.83999633789062,154.83999633789062,153.83999633789062,154.5500030517578,28035
2026-08-27 09:34:00-04:00,154.372802734375,154.372802734375,153.5,154.14500427246094,10237
2026-08-27 09:35:00-04:00,154.1699981689453,154.36000061035156,153.6999969482422,154.0,6752
2026-08-27 09:36:00-04:00,154.6300048828125,154.89999389648438,153.9243927001953,154.1300048828125,12458
2026-08-27 09:37:00-04:00,154.60000610351562,154.8300018310547,154.5500030517578,154.61000061035156,11198
2026-08-27 09:38:00-04:00,154.61529541015625,155.0,154.41000366210938,154.52999877929688,7077
2026-08-27 09:39:00-04:00,155.6916961669922,155.91000366210938,154.80499267578125,154.875,15611
2026-08-27 09:40:00-04:00,155.25010681152344,155.8000030517578,155.25010681152344,155.6750030517578,26867
2026-08-27 09:41:00-04:00,154.61000061035156,155.8000030517578,154.61000061035156,155.50999450683594,18398
2026-08-27 09:42:00-04:00,154.9053955078125,155.39999389648438,154.5,154.5,6031
2026-08-27 09:43:00-04:00,155.02999877929688,155.13999938964844,154.5756072998047,154.9600067138672,16029
2026-08-27 09:44:00-04:00,155.72000122070312,155.95989990234375,155.0,155.0,3697
2026-08-27 09:45:00-04:00,157.0500030517578,157.2899932861328,155.99000549316406,155.99000549316406,37169
2026-08-27 09:46:00-04:00,156.75999450683594,157.5,156.63999938964844,157.0500030517578,18685
2026-08-27 09:47:00-04:00,156.54010009765625,157.19000244140625,156.38999938964844,156.88999938964844,11797
2026-08-27 09:48:00-04:00,156.35000610351562,156.6300048828125,156.31500244140625,156.4250030517578,7924
2026-08-27 09:49:00-04:00,156.6199951171875,156.82000732421875,156.26499938964844,156.26499938964844,9873
2026-08-27 09:50:00-04:00,157.49000549316406,157.49000549316406,156.75999450683594,156.86000061035156,9594
2026-08-27 09:51:00-04:00,157.41510009765625,157.75,157.0,157.49000549316406,13169
2026-08-27 09:52:00-04:00,157.47509765625,157.58999633789062,157.21009826660156,157.39999389648438,11148
2026-08-27 09:53:00-04:00,157.36500549316406,157.58999633789062,157.2100067138672,157.2100067138672,14241
2026-08-27 09:54:00-04:00,156.39010620117188,157.24000549316406,156.39010620117188,157.24000549316406,7394
2026-08-27 09:55:00-04:00,157.125,157.125,156.64500427246094,156.69000244140625,6624
2026-08-27 09:56:00-04:00,157.27999877929688,157.375,157.06500244140625,157.25999450683594,7605
2026-08-27 09:57:00-04:00,157.26499938964844,157.64999389648438,156.99000549316406,157.33999633789062,11966
2026-08-27 09:58:00-04:00,157.64999389648438,157.72000122070312,157.01010131835938,157.44000244140625,11592
2026-08-27 09:59:00-04:00,158.10000610351562,158.11000061035156,157.65499877929688,157.77000427246094,29319
2026-08-27 10:00:00-04:00,157.6999969482422,158.1938934326172,157.6999969482422,158.08999633789062,5648
2026-08-27 10:01:00-04:00,157.1999969482422,158.0,157.1999969482422,157.72000122070312,11364
2026-08-27 10:02:00-04:00,157.36500549316406,157.4600067138672,157.02999877929688,157.16000366210938,4932
2026-08-27 10:03:00-04:00,157.7899932861328,157.7899932861328,157.27000427246094,157.27000427246094,12416
2026-08-27 10:04:00-04:00,157.7550048828125,157.82000732421875,157.6999969482422,157.77999877929688,7002
2026-08-27 10:05:00-04:00,158.14500427246094,158.2899932861328,157.89999389648438,157.89999389648438,20516
2026-08-27 10:06:00-04:00,157.99000549316406,158.6019744873047,157.5800018310547,158.18499755859375,25880
2026-08-27 10:07:00-04:00,158.2949981689453,158.35000610351562,157.85000610351562,157.85000610351562,8736
2026-08-27 10:08:00-04:00,158.1649932861328,158.2899932861328,158.10000610351562,158.2899932861328,3458
2026-08-27 10:09:00-04:00,158.35499572753906,158.5,158.10000610351562,158.2899932861328,8255
2026-08-27 10:10:00-04:00,158.99000549316406,158.99000549316406,158.43499755859375,158.52000427246094,9245
2026-08-27 10:11:00-04:00,158.6699981689453,158.85000610351562,158.52999877929688,158.71499633789062,8626
2026-08-27 10:12:00-04:00,158.60000610351562,158.69000244140625,158.21009826660156,158.69000244140625,9586
2026-08-27 10:13:00-04:00,158.25999450683594,158.4499969482422,158.24000549316406,158.4499969482422,5108
2026-08-27 10:14:00-04:00,158.35499572753906,158.3800048828125,158.0850067138672,158.25,9155
2026-08-27 10:15:00-04:00,158.375,158.60000610351562,158.2550048828125,158.2949981689453,5266
2026-08-27 10:16:00-04:00,158.5399932861328,158.75,158.375,158.375,7103
2026-08-27 10:17:00-04:00,158.7100067138672,158.7100067138672,158.5500030517578,158.67999267578125,6025
2026-08-27 10:18:00-04:00,158.4600067138672,158.6699981689453,158.35009765625,158.58999633789062,6208
2026-08-27 10:19:00-04:00,158.27999877929688,158.50999450683594,158.27000427246094,158.40499877929688,6495
2026-08-27 10:20:00-04:00,158.32000732421875,158.5500030517578,158.1999969482422,158.27999877929688,10830
2026-08-27 10:21:00-04:00,158.19749450683594,158.5699005126953,158.1300048828125,158.47999572753906,15406
2026-08-27 10:22:00-04:00,158.41000366210938,158.41000366210938,158.19000244140625,158.19500732421875,2843
2026-08-27 10:23:00-04:00,158.1300048828125,158.47059631347656,158.11000061035156,158.47059631347656,23123
2026-08-27 10:24:00-04:00,158.13999938964844,158.16000366210938,157.92999267578125,158.14999389648438,17446
2026-08-27 10:25:00-04:00,157.5,158.17999267578125,157.41000366210938,158.17999267578125,8478
2026-08-27 10:26:00-04:00,157.19540405273438,157.49000549316406,157.0301055908203,157.47999572753906,2805
2026-08-27 10:27:00-04:00,157.0800018310547,157.375,156.98330688476562,157.33999633789062,5461
2026-08-27 10:28:00-04:00,156.5800018310547,157.0749969482422,156.43460083007812,156.97999572753906,5872
2026-08-27 10:29:00-04:00,156.46389770507812,156.72999572753906,156.46389770507812,156.5800018310547,2690
2026-08-27 10:30:00-04:00,156.97000122070312,156.97000122070312,156.47000122070312,156.5500030517578,8906
2026-08-27 10:31:00-04:00,156.77499389648438,156.97000122070312,156.6300048828125,156.89999389648438,5899
2026-08-27 10:32:00-04:00,156.80499267578125,156.8616943359375,156.6999969482422,156.77000427246094,1798
2026-08-27 10:33:00-04:00,156.27999877929688,156.88999938964844,156.14999389648438,156.88999938964844,8045
2026-08-27 10:34:00-04:00,156.22999572753906,156.58999633789062,156.22999572753906,156.27999877929688,2247
2026-08-27 10:35:00-04:00,156.80999755859375,156.83999633789062,156.21499633789062,156.30599975585938,10609
2026-08-27 10:36:00-04:00,157.1300048828125,157.25,156.69000244140625,156.80999755859375,10833
2026-08-27 10:37:00-04:00,157.3350067138672,157.50860595703125,157.23500061035156,157.24000549316406,7373
2026-08-27 10:38:00-04:00,157.16000366210938,157.39010620117188,157.02999877929688,157.39010620117188,11660
2026-08-27 10:39:00-04:00,156.85000610351562,157.19000244140625,156.85000610351562,156.96499633789062,11881
2026-08-27 10:40:00-04:00,156.72999572753906,156.89999389648438,156.5800018310547,156.85000610351562,9215
2026-08-27 10:41:00-04:00,156.86000061035156,157.0,156.60000610351562,156.72999572753906,9987
2026-08-27 10:42:00-04:00,157.02999877929688,157.22000122070312,156.70530700683594,156.70530700683594,15260
2026-08-27 10:43:00-04:00,156.69020080566406,156.94000244140625,156.69020080566406,156.94000244140625,4659
2026-08-27 10:44:00-04:00,156.77999877929688,156.875,156.6999969482422,156.75,21291
2026-08-27 10:45:00-04:00,156.4499969482422,156.69500732421875,156.35000610351562,156.69000244140625,11418
2026-08-27 10:46:00-04:00,156.30209350585938,156.5749969482422,156.3000030517578,156.4600067138672,15216
2026-08-27 10:47:00-04:00,156.2899932861328,156.4499969482422,156.2899932861328,156.2899932861328,1561
2026-08-27 10:48:00-04:00,156.4600067138672,156.4600067138672,156.2899932861328,156.2899932861328,2893
2026-08-27 10:49:00-04:00,156.2949981689453,156.4600067138672,156.2949981689453,156.35000610351562,5017
2026-08-27 10:50:00-04:00,156.35000610351562,156.4499969482422,156.28500366210938,156.38999938964844,3166
2026-08-27 10:51:00-04:00,156.3800048828125,156.3800048828125,156.1999969482422,156.29029846191406,3360
2026-08-27 10:52:00-04:00,156.35499572753906,156.38499450683594,156.27999877929688,156.3699951171875,3243
2026-08-27 10:53:00-04:00,156.1999969482422,156.51499938964844,156.1999969482422,156.44000244140625,4525
2026-08-27 10:54:00-04:00,156.13999938964844,156.41000366210938,156.05999755859375,156.26499938964844,11024
2026-08-27 10:55:00-04:00,156.50999450683594,156.50999450683594,156.14999389648438,156.14999389648438,5892
2026-08-27 10:56:00-04:00,156.38999938964844,156.64990234375,156.2100067138672,156.5,3244
2026-08-27 10:57:00-04:00,156.49000549316406,156.64990234375,156.38499450683594,156.38499450683594,3392
2026-08-27 10:58:00-04:00,156.72999572753906,156.8551025390625,156.4600067138672,156.52000427246094,7556
2026-08-27 10:59:00-04:00,156.73500061035156,156.95120239257812,156.7100067138672,156.83999633789062,8776
2026-08-27 11:00:00-04:00,156.86000061035156,157.08999633789062,156.8101043701172,156.97000122070312,5435
2026-08-27 11:01:00-04:00,156.8800048828125,157.0,156.8800048828125,156.97000122070312,3296
2026-08-27 11:02:00-04:00,156.58999633789062,156.77000427246094,156.58999633789062,156.77000427246094,1514
2026-08-27 11:03:00-04:00,156.7100067138672,156.75,156.7100067138672,156.75,1048
2026-08-27 11:04:00-04:00,157.0500030517578,157.0500030517578,156.60000610351562,156.73500061035156,3065
2026-08-27 11:05:00-04:00,156.86000061035156,157.17999267578125,156.8094940185547,157.02000427246094,2752
2026-08-27 11:06:00-04:00,156.9600067138672,156.9600067138672,156.8699951171875,156.9250030517578,925
2026-08-27 11:07:00-04:00,157.15370178222656,157.42999267578125,156.8800048828125,156.8800048828125,6001
2026-08-27 11:08:00-04:00,157.1300048828125,157.32640075683594,157.07000732421875,157.13999938964844,6964
2026-08-27 11:09:00-04:00,157.19000244140625,157.24000549316406,156.97000122070312,157.10000610351562,2276
2026-08-27 11:10:00-04:00,157.5,157.60000610351562,157.19000244140625,157.19000244140625,14438
2026-08-27 11:11:00-04:00,157.50999450683594,157.6699981689453,157.50999450683594,157.5850067138672,2324
2026-08-27 11:12:00-04:00,157.39999389648438,157.60000610351562,157.3699951171875,157.5050048828125,3914
2026-08-27 11:13:00-04:00,157.22999572753906,157.375,157.15737915039062,157.3000030517578,5743
2026-08-27 11:14:00-04:00,157.33999633789062,157.3699951171875,157.22999572753906,157.32000732421875,1746
2026-08-27 11:15:00-04:00,157.33999633789062,157.33999633789062,157.32725524902344,157.3350067138672,3337
2026-08-27 11:16:00-04:00,157.39500427246094,157.39500427246094,157.33999633789062,157.33999633789062,1212
2026-08-27 11:17:00-04:00,157.77000427246094,157.8699951171875,157.47000122070312,157.47000122070312,5834
2026-08-27 11:18:00-04:00,157.83999633789062,157.83999633789062,157.66000366210938,157.77000427246094,2328
2026-08-27 11:19:00-04:00,157.80499267578125,157.86000061035156,157.68319702148438,157.7449951171875,12180
2026-08-27 11:20:00-04:00,157.66000366210938,157.77000427246094,157.5507049560547,157.77000427246094,6020
2026-08-27 11:21:00-04:00,157.5,157.72000122070312,157.38999938964844,157.7100067138672,8605
2026-08-27 11:22:00-04:00,157.3300018310547,157.5449981689453,157.3300018310547,157.4499969482422,3100
2026-08-27 11:23:00-04:00,157.17999267578125,157.30999755859375,157.1300048828125,157.1300048828125,2494
2026-08-27 11:24:00-04:00,157.0,157.09500122070312,157.0,157.08999633789062,909
2026-08-27 11:25:00-04:00,156.75999450683594,156.91000366210938,156.60009765625,156.91000366210938,1954
2026-08-27 11:26:00-04:00,156.89999389648438,156.92999267578125,156.8300018310547,156.9199981689453,1883
2026-08-27 11:27:00-04:00,156.97999572753906,157.1439971923828,156.80999755859375,157.0,17172
2026-08-27 11:28:00-04:00,156.98500061035156,156.99000549316406,156.77999877929688,156.77999877929688,1074
2026-08-27 11:29:00-04:00,156.97999572753906,156.9949951171875,156.77999877929688,156.98500061035156,3052
2026-08-27 11:30:00-04:00,156.55999755859375,156.92999267578125,156.55999755859375,156.92999267578125,3639
2026-08-27 11:31:00-04:00,156.5,156.57000732421875,156.39999389648438,156.5500030517578,2302
2026-08-27 11:32:00-04:00,156.5,156.5500030517578,156.3000030517578,156.3000030517578,2233
2026-08-27 11:33:00-04:00,156.56500244140625,156.66799926757812,156.5,156.5,1168
2026-08-27 11:34:00-04:00,156.4600067138672,156.64999389648438,156.4600067138672,156.47000122070312,2608
2026-08-27 11:35:00-04:00,156.63999938964844,156.72000122070312,156.37750244140625,156.39999389648438,7763
2026-08-27 11:36:00-04:00,156.64999389648438,156.69000244140625,156.5749969482422,156.58999633789062,1386
2026-08-27 11:37:00-04:00,156.625,156.8300018310547,156.56500244140625,156.56500244140625,5313
2026-08-27 11:38:00-04:00,156.6199951171875,156.72999572753906,156.6199951171875,156.625,1887
2026-08-27 11:39:00-04:00,156.38999938964844,156.6199951171875,156.3300018310547,156.52999877929688,3314
2026-08-27 11:40:00-04:00,156.40499877929688,156.52000427246094,156.40499877929688,156.4149932861328,1886
2026-08-27 11:41:00-04:00,156.74000549316406,156.74000549316406,156.41000366210938,156.5500030517578,5707
2026-08-27 11:42:00-04:00,156.77499389648438,156.92999267578125,156.6699981689453,156.6699981689453,1131
2026-08-27 11:43:00-04:00,156.82989501953125,156.82989501953125,156.61000061035156,156.7050018310547,2765
2026-08-27 11:44:00-04:00,156.6300048828125,156.6699981689453,156.50999450683594,156.6699981689453,2646
2026-08-27 11:45:00-04:00,156.58999633789062,156.7799072265625,156.47000122070312,156.47000122070312,2886
2026-08-27 11:46:00-04:00,156.5050048828125,156.5800018310547,156.39999389648438,156.47000122070312,4915
2026-08-27 11:47:00-04:00,156.39999389648438,156.67750549316406,156.3800048828125,156.41000366210938,9092
2026-08-27 11:48:00-04:00,156.47000122070312,156.53500366210938,156.35009765625,156.38999938964844,4977
2026-08-27 11:49:00-04:00,156.53500366210938,156.61000061035156,156.47500610351562,156.47500610351562,5235
2026-08-27 11:50:00-04:00,156.52000427246094,156.7447967529297,156.52000427246094,156.67999267578125,4445
2026-08-27 11:51:00-04:00,156.55999755859375,156.5800018310547,156.3800048828125,156.52000427246094,6234
2026-08-27 11:52:00-04:00,156.44009399414062,156.5491943359375,156.44009399414062,156.4949951171875,3296
2026-08-27 11:53:00-04:00,156.50999450683594,156.68569946289062,156.50999450683594,156.68569946289062,2447
2026-08-27 11:54:00-04:00,156.7982940673828,156.7982940673828,156.51499938964844,156.6300048828125,7036
2026-08-27 11:55:00-04:00,156.67999267578125,156.73500061035156,156.6699981689453,156.72500610351562,2484
2026-08-27 11:56:00-04:00,156.86000061035156,156.92999267578125,156.67999267578125,156.67999267578125,4712
2026-08-27 11:57:00-04:00,156.84500122070312,156.86000061035156,156.7899932861328,156.86000061035156,1279
2026-08-27 11:58:00-04:00,157.02999877929688,157.0399932861328,156.92999267578125,156.92999267578125,3610
2026-08-27 11:59:00-04:00,156.77999877929688,157.02999877929688,156.77999877929688,156.9199981689453,2858
2026-08-27 12:00:00-04:00,156.7324981689453,156.83999633789062,156.6699981689453,156.75,2114
2026-08-27 12:01:00-04:00,156.7899932861328,156.90020751953125,156.625,156.66000366210938,10966
2026-08-27 12:02:00-04:00,156.82749938964844,156.82749938964844,156.78500366210938,156.78500366210938,1265
2026-08-27 12:03:00-04:00,156.8000030517578,156.97999572753906,156.7100067138672,156.97999572753906,1843
2026-08-27 12:04:00-04:00,156.7899932861328,156.9499969482422,156.7449951171875,156.94000244140625,2221
2026-08-27 12:05:00-04:00,156.88250732421875,156.88250732421875,156.75,156.7899932861328,1938
2026-08-27 12:06:00-04:00,156.9571075439453,156.97999572753906,156.72999572753906,156.86500549316406,5081
2026-08-27 12:07:00-04:00,156.82000732421875,156.97000122070312,156.82000732421875,156.9600067138672,2375
2026-08-27 12:08:00-04:00,156.7100067138672,156.91000366210938,156.7100067138672,156.88999938964844,2448
2026-08-27 12:09:00-04:00,156.82000732421875,156.89999389648438,156.67999267578125,156.7100067138672,4821
2026-08-27 12:10:00-04:00,156.88999938964844,156.88999938964844,156.7100067138672,156.82000732421875,1452
2026-08-27 12:11:00-04:00,156.77000427246094,156.80810546875,156.69000244140625,156.8000030517578,3708
2026-08-27 12:12:00-04:00,156.6510009765625,156.8000030517578,156.6510009765625,156.67999267578125,3401
2026-08-27 12:13:00-04:00,156.83999633789062,156.8800048828125,156.7449951171875,156.7449951171875,3220
2026-08-27 12:14:00-04:00,156.9600067138672,156.9600067138672,156.9600067138672,156.9600067138672,502
2026-08-27 12:15:00-04:00,156.82000732421875,156.82000732421875,156.72999572753906,156.72999572753906,740
2026-08-27 12:16:00-04:00,156.64999389648438,156.80999755859375,156.64999389648438,156.80999755859375,844
2026-08-27 12:17:00-04:00,156.80499267578125,156.80499267578125,156.7100067138672,156.80499267578125,801
2026-08-27 12:18:00-04:00,156.77000427246094,156.88999938964844,156.77000427246094,156.77000427246094,2918
2026-08-27 12:19:00-04:00,156.8000030517578,156.8000030517578,156.6300048828125,156.64999389648438,4719
2026-08-27 12:20:00-04:00,156.72999572753906,156.75999450683594,156.6999969482422,156.7550048828125,2256
2026-08-27 12:21:00-04:00,156.50999450683594,156.57000732421875,156.39999389648438,156.57000732421875,4767
2026-08-27 12:22:00-04:00,156.32000732421875,156.52000427246094,156.32000732421875,156.52000427246094,1748
2026-08-27 12:23:00-04:00,156.4199981689453,156.44000244140625,156.3300018310547,156.4149932861328,2118
2026-08-27 12:24:00-04:00,156.17999267578125,156.4199981689453,156.17999267578125,156.4199981689453,6524
2026-08-27 12:25:00-04:00,156.1649932861328,156.19500732421875,156.1649932861328,156.19000244140625,1396
2026-08-27 12:26:00-04:00,156.14500427246094,156.22000122070312,156.14500427246094,156.2194061279297,4632
2026-08-27 12:27:00-04:00,156.2550048828125,156.2550048828125,156.13999938964844,156.13999938964844,7485
2026-08-27 12:28:00-04:00,156.39999389648438,156.39999389648438,156.3000030517578,156.3000030517578,3951
2026-08-27 12:29:00-04:00,156.3350067138672,156.3350067138672,156.27000427246094,156.27000427246094,562
2026-08-27 12:30:00-04:00,156.14999389648438,156.25,156.14999389648438,156.25,2403
2026-08-27 12:31:00-04:00,156.25999450683594,156.27999877929688,156.25,156.27999877929688,1209
2026-08-27 12:32:00-04:00,156.30999755859375,156.30999755859375,156.27999877929688,156.27999877929688,1635
2026-08-27 12:33:00-04:00,156.17999267578125,156.28500366210938,156.05999755859375,156.28500366210938,5915
2026-08-27 12:34:00-04:00,156.02000427246094,156.10499572753906,155.9600067138672,156.0800018310547,6781
2026-08-27 12:35:00-04:00,155.91000366210938,156.11990356445312,155.8699951171875,155.9506072998047,4978
2026-08-27 12:36:00-04:00,155.9199981689453,155.99000549316406,155.9199981689453,155.99000549316406,3028
2026-08-27 12:37:00-04:00,156.0749969482422,156.1199951171875,155.93499755859375,156.0,4365
2026-08-27 12:38:00-04:00,156.0,156.0399932861328,155.91000366210938,156.0399932861328,936
2026-08-27 12:39:00-04:00,156.01010131835938,156.07000732421875,156.00999450683594,156.07000732421875,1422
2026-08-27 12:40:00-04:00,156.01499938964844,156.23989868164062,155.97000122070312,156.07000732421875,1955
2026-08-27 12:41:00-04:00,155.90499877929688,156.02000427246094,155.85000610351562,156.01499938964844,4027
2026-08-27 12:42:00-04:00,156.0,156.0,155.8699951171875,155.8699951171875,2157
2026-08-27 12:43:00-04:00,155.83999633789062,155.85000610351562,155.83999633789062,155.85000610351562,514
2026-08-27 12:44:00-04:00,156.00059509277344,156.00059509277344,155.83999633789062,155.83999633789062,4999
2026-08-27 12:45:00-04:00,156.0,156.00999450683594,156.0,156.00999450683594,1115
2026-08-27 12:46:00-04:00,155.9949951171875,156.05999755859375,155.94509887695312,155.94509887695312,3418
2026-08-27 12:47:00-04:00,156.00999450683594,156.02000427246094,155.9600067138672,155.99000549316406,5530
2026-08-27 12:48:00-04:00,156.23500061035156,156.23500061035156,156.01649475097656,156.01649475097656,2665
2026-08-27 12:49:00-04:00,156.08999633789062,156.23500061035156,156.08999633789062,156.2100067138672,1840
2026-08-27 12:50:00-04:00,156.00999450683594,156.1300048828125,156.00999450683594,156.1300048828125,1847
2026-08-27 12:51:00-04:00,156.17999267578125,156.19000244140625,156.01499938964844,156.01499938964844,2290
2026-08-27 12:52:00-04:00,156.2100067138672,156.25,156.0800018310547,156.25,1060
2026-08-27 12:53:00-04:00,156.08999633789062,156.1699981689453,156.08999633789062,156.1699981689453,1422
2026-08-27 12:54:00-04:00,156.16000366210938,156.17999267578125,156.05499267578125,156.14999389648438,1259
2026-08-27 12:55:00-04:00,156.14999389648438,156.3000030517578,156.14999389648438,156.22999572753906,1657
2026-08-27 12:56:00-04:00,156.2100067138672,156.2100067138672,156.13999938964844,156.13999938964844,1243
2026-08-27 12:57:00-04:00,156.11000061035156,156.13999938964844,156.06500244140625,156.06500244140625,833
2026-08-27 12:58:00-04:00,156.10000610351562,156.14500427246094,156.00999450683594,156.00999450683594,3527
2026-08-27 12:59:00-04:00,156.02000427246094,156.0500030517578,156.02000427246094,156.0500030517578,534
2026-08-27 13:00:00-04:00,156.08999633789062,156.14999389648438,156.05499267578125,156.05499267578125,3334
2026-08-27 13:01:00-04:00,155.95249938964844,156.0,155.95249938964844,156.0,4891
2026-08-27 13:02:00-04:00,155.9600067138672,156.1898956298828,155.91000366210938,155.96499633789062,8529
2026-08-27 13:03:00-04:00,155.96499633789062,155.96499633789062,155.96499633789062,155.96499633789062,770
2026-08-27 13:04:00-04:00,156.0399932861328,156.0449981689453,155.91000366210938,155.96499633789062,2632
2026-08-27 13:05:00-04:00,156.10000610351562,156.13999938964844,156.08999633789062,156.08999633789062,1852
2026-08-27 13:06:00-04:00,155.97999572753906,156.07000732421875,155.97999572753906,156.05999755859375,4075
2026-08-27 13:07:00-04:00,155.8300018310547,155.92999267578125,155.8300018310547,155.91000366210938,1934
2026-08-27 13:08:00-04:00,155.99000549316406,155.99000549316406,155.8699951171875,155.88999938964844,1935
2026-08-27 13:09:00-04:00,156.0800018310547,156.0800018310547,155.91000366210938,155.91000366210938,4009
2026-08-27 13:10:00-04:00,155.97500610351562,155.97999572753906,155.97500610351562,155.97999572753906,1221
2026-08-27 13:11:00-04:00,156.14999389648438,156.14999389648438,155.97500610351562,156.0800018310547,2369
2026-08-27 13:12:00-04:00,156.09500122070312,156.16000366210938,156.09500122070312,156.13999938964844,1815
2026-08-27 13:13:00-04:00,156.1699981689453,156.1699981689453,156.10000610351562,156.10499572753906,1123
2026-08-27 13:14:00-04:00,156.19000244140625,156.2100067138672,156.1199951171875,156.19000244140625,3269
2026-08-27 13:15:00-04:00,156.0399932861328,156.2100067138672,156.02999877929688,156.1300048828125,3191
2026-08-27 13:16:00-04:00,155.9499969482422,156.0399932861328,155.9499969482422,156.0399932861328,2339
2026-08-27 13:17:00-04:00,155.85000610351562,155.9949951171875,155.85000610351562,155.9949951171875,1842
2026-08-27 13:18:00-04:00,155.85000610351562,155.94000244140625,155.85000610351562,155.88999938964844,3201
2026-08-27 13:19:00-04:00,155.98500061035156,155.98500061035156,155.85000610351562,155.85000610351562,2330
2026-08-27 13:20:00-04:00,155.98500061035156,156.0399932861328,155.98500061035156,155.98500061035156,1767
2026-08-27 13:21:00-04:00,155.9409942626953,155.99000549316406,155.9409942626953,155.99000549316406,2648
2026-08-27 13:22:00-04:00,155.9199981689453,155.9600067138672,155.91000366210938,155.94000244140625,3576
2026-08-27 13:23:00-04:00,155.90499877929688,155.92999267578125,155.8699951171875,155.89999389648438,1800
2026-08-27 13:24:00-04:00,155.97999572753906,156.05999755859375,155.90499877929688,155.90499877929688,13257
2026-08-27 13:25:00-04:00,155.92999267578125,155.9600067138672,155.92999267578125,155.9600067138672,824
2026-08-27 13:26:00-04:00,155.94000244140625,155.94000244140625,155.92999267578125,155.92999267578125,944
2026-08-27 13:27:00-04:00,156.0,156.11500549316406,155.95269775390625,155.95269775390625,4312
2026-08-27 13:28:00-04:00,155.91000366210938,156.00999450683594,155.91000366210938,155.99000549316406,1890
2026-08-27 13:29:00-04:00,156.0,156.0,155.82000732421875,155.9149932861328,5037
2026-08-27 13:30:00-04:00,156.0500030517578,156.0500030517578,155.99009704589844,155.99009704589844,1324
2026-08-27 13:31:00-04:00,156.0500030517578,156.0500030517578,155.9600067138672,155.9600067138672,540
2026-08-27 13:32:00-04:00,156.1999969482422,156.24000549316406,156.00999450683594,156.0399932861328,3146
2026-08-27 13:33:00-04:00,155.97500610351562,156.1999969482422,155.97500610351562,156.1999969482422,5508
2026-08-27 13:34:00-04:00,155.82000732421875,156.0,155.82000732421875,156.0,3035
2026-08-27 13:35:00-04:00,155.77000427246094,155.8000030517578,155.66000366210938,155.6999969482422,2464
2026-08-27 13:36:00-04:00,155.76499938964844,155.7899932861328,155.76499938964844,155.7899932861328,649
2026-08-27 13:37:00-04:00,155.8350067138672,155.89999389648438,155.8249969482422,155.8249969482422,3407
2026-08-27 13:38:00-04:00,155.94500732421875,155.97000122070312,155.89999389648438,155.89999389648438,2319
2026-08-27 13:39:00-04:00,156.02000427246094,156.0399932861328,155.94000244140625,155.94000244140625,5761
2026-08-27 13:40:00-04:00,155.92300415039062,156.0500030517578,155.8800048828125,156.00999450683594,4971
2026-08-27 13:41:00-04:00,155.9199981689453,155.9499969482422,155.9199981689453,155.9499969482422,956
2026-08-27 13:42:00-04:00,155.9199981689453,155.98880004882812,155.89999389648438,155.89999389648438,843
2026-08-27 13:43:00-04:00,156.0988006591797,156.0988006591797,155.94500732421875,155.94500732421875,3187
2026-08-27 13:44:00-04:00,155.88999938964844,155.99000549316406,155.8800048828125,155.97999572753906,3376
2026-08-27 13:45:00-04:00,155.9550018310547,156.05990600585938,155.90499877929688,155.90499877929688,2687
2026-08-27 13:46:00-04:00,155.8804931640625,155.9550018310547,155.86000061035156,155.9499969482422,1413
2026-08-27 13:47:00-04:00,155.9499969482422,155.9550018310547,155.94500732421875,155.94500732421875,808
2026-08-27 13:48:00-04:00,155.92999267578125,156.0198974609375,155.91000366210938,155.94000244140625,1577
2026-08-27 13:49:00-04:00,155.9499969482422,155.9499969482422,155.85499572753906,155.92999267578125,2367
2026-08-27 13:50:00-04:00,155.89999389648438,155.91510009765625,155.85000610351562,155.85000610351562,1378
2026-08-27 13:51:00-04:00,155.64999389648438,155.85000610351562,155.64999389648438,155.85000610351562,5894
2026-08-27 13:52:00-04:00,155.64999389648438,155.6699981689453,155.60000610351562,155.6699981689453,3756
2026-08-27 13:53:00-04:00,155.52999877929688,155.6999969482422,155.52999877929688,155.6999969482422,2120
2026-08-27 13:54:00-04:00,155.58999633789062,155.66000366210938,155.5449981689453,155.58999633789062,2361
2026-08-27 13:55:00-04:00,155.47000122070312,155.57000732421875,155.35009765625,155.57000732421875,4048
2026-08-27 13:56:00-04:00,155.5,155.6103973388672,155.44000244140625,155.4499969482422,7035
2026-08-27 13:57:00-04:00,155.55499267578125,155.56500244140625,155.46499633789062,155.46499633789062,1356
2026-08-27 13:58:00-04:00,155.4499969482422,155.5,155.4499969482422,155.5,1533
2026-08-27 13:59:00-04:00,155.3699951171875,155.42999267578125,155.3699951171875,155.38999938964844,792
2026-08-27 14:00:00-04:00,155.35000610351562,155.47500610351562,155.24000549316406,155.3699951171875,6875
2026-08-27 14:01:00-04:00,155.1750030517578,155.1999969482422,155.1699981689453,155.1999969482422,1901
2026-08-27 14:02:00-04:00,155.10499572753906,155.10499572753906,155.10000610351562,155.10000610351562,866
2026-08-27 14:03:00-04:00,155.10000610351562,155.17999267578125,155.10000610351562,155.10499572753906,2201
2026-08-27 14:04:00-04:00,155.110107421875,155.1824951171875,155.02000427246094,155.0399932861328,5440
2026-08-27 14:05:00-04:00,155.1614990234375,155.24000549316406,155.11000061035156,155.11000061035156,3102
2026-08-27 14:06:00-04:00,155.25,155.2899932861328,155.2449951171875,155.2899932861328,3221
2026-08-27 14:07:00-04:00,155.25,155.27000427246094,155.14999389648438,155.25999450683594,5557
2026-08-27 14:08:00-04:00,155.193603515625,155.36000061035156,155.193603515625,155.35989379882812,2480
2026-08-27 14:09:00-04:00,155.16000366210938,155.1699981689453,155.16000366210938,155.1699981689453,658
2026-08-27 14:10:00-04:00,155.3699951171875,155.39500427246094,155.27000427246094,155.30999755859375,5742
2026-08-27 14:11:00-04:00,155.5800018310547,155.60000610351562,155.27000427246094,155.36000061035156,5299
2026-08-27 14:12:00-04:00,155.4499969482422,155.52499389648438,155.4499969482422,155.45010375976562,4383
2026-08-27 14:13:00-04:00,155.2100067138672,155.41000366210938,155.2100067138672,155.41000366210938,2749
2026-08-27 14:14:00-04:00,155.1699981689453,155.25999450683594,155.10000610351562,155.22000122070312,6665
2026-08-27 14:15:00-04:00,155.1999969482422,155.30999755859375,155.16000366210938,155.2050018310547,1971
2026-08-27 14:16:00-04:00,155.27499389648438,155.27499389648438,155.11500549316406,155.21499633789062,3876
2026-08-27 14:17:00-04:00,155.10000610351562,155.19000244140625,155.10000610351562,155.19000244140625,1124
2026-08-27 14:18:00-04:00,155.22999572753906,155.3300018310547,155.22999572753906,155.32000732421875,602
2026-08-27 14:19:00-04:00,155.4499969482422,155.5500030517578,155.28500366210938,155.3300018310547,4433
2026-08-27 14:20:00-04:00,155.94000244140625,155.94000244140625,155.49000549316406,155.50999450683594,2204
2026-08-27 14:21:00-04:00,155.92999267578125,155.92999267578125,155.80999755859375,155.80999755859375,1234
2026-08-27 14:22:00-04:00,156.15249633789062,156.15249633789062,155.80999755859375,155.80999755859375,3945
2026-08-27 14:23:00-04:00,155.9550018310547,155.9600067138672,155.84750366210938,155.84750366210938,1333
2026-08-27 14:24:00-04:00,155.94000244140625,155.9499969482422,155.82000732421875,155.9499969482422,4812
2026-08-27 14:25:00-04:00,155.77000427246094,155.94000244140625,155.7550048828125,155.83999633789062,2464
2026-08-27 14:26:00-04:00,155.63999938964844,155.77999877929688,155.6300048828125,155.77999877929688,2447
2026-08-27 14:27:00-04:00,155.6199951171875,155.68089294433594,155.6199951171875,155.63499450683594,1413
2026-08-27 14:28:00-04:00,155.75990295410156,155.75990295410156,155.55999755859375,155.55999755859375,2028
2026-08-27 14:29:00-04:00,155.6300048828125,155.72999572753906,155.50999450683594,155.6999969482422,3553
2026-08-27 14:30:00-04:00,155.69000244140625,155.83999633789062,155.52999877929688,155.75,9452
2026-08-27 14:31:00-04:00,155.8699951171875,155.8699951171875,155.69000244140625,155.69000244140625,1418
2026-08-27 14:32:00-04:00,155.30999755859375,155.75,155.30999755859375,155.69000244140625,11372
2026-08-27 14:33:00-04:00,155.34500122070312,155.34500122070312,155.34500122070312,155.34500122070312,275
2026-08-27 14:34:00-04:00,155.34500122070312,155.50999450683594,155.34500122070312,155.50999450683594,1903
2026-08-27 14:35:00-04:00,155.3249969482422,155.50999450683594,155.17999267578125,155.35000610351562,1956
2026-08-27 14:36:00-04:00,155.31219482421875,155.4510955810547,155.31219482421875,155.32000732421875,2132
2026-08-27 14:37:00-04:00,155.36500549316406,155.4340057373047,155.36500549316406,155.375,1922
2026-08-27 14:38:00-04:00,155.36000061035156,155.36000061035156,155.27000427246094,155.27999877929688,2283
2026-08-27 14:39:00-04:00,155.42999267578125,155.42999267578125,155.26010131835938,155.375,4908
2026-08-27 14:40:00-04:00,155.52999877929688,155.52999877929688,155.4149932861328,155.4149932861328,3147
2026-08-27 14:41:00-04:00,155.36000061035156,155.47000122070312,155.35000610351562,155.47000122070312,2449
2026-08-27 14:42:00-04:00,155.38499450683594,155.42999267578125,155.35000610351562,155.38499450683594,1847
2026-08-27 14:43:00-04:00,155.35499572753906,155.38999938964844,155.33999633789062,155.38499450683594,1144
2026-08-27 14:44:00-04:00,155.49000549316406,155.49000549316406,155.3300018310547,155.36000061035156,2383
2026-08-27 14:45:00-04:00,155.49000549316406,155.5,155.3000030517578,155.3000030517578,3393
2026-08-27 14:46:00-04:00,155.41000366210938,155.5500030517578,155.41000366210938,155.50999450683594,2022
2026-08-27 14:47:00-04:00,155.60000610351562,155.60000610351562,155.44500732421875,155.44509887695312,4425
2026-08-27 14:48:00-04:00,155.55999755859375,155.7100067138672,155.50999450683594,155.55999755859375,3281
2026-08-27 14:49:00-04:00,155.5500030517578,155.6649932861328,155.5500030517578,155.625,2395
2026-08-27 14:50:00-04:00,155.60000610351562,155.60000610351562,155.44500732421875,155.5207061767578,5207
2026-08-27 14:51:00-04:00,155.61000061035156,155.72999572753906,155.60000610351562,155.64999389648438,3265
2026-08-27 14:52:00-04:00,155.6199951171875,155.6199951171875,155.6199951171875,155.6199951171875,949
2026-08-27 14:53:00-04:00,155.75999450683594,155.75999450683594,155.6750030517578,155.72999572753906,1973
2026-08-27 14:54:00-04:00,155.6300048828125,155.73199462890625,155.61000061035156,155.61000061035156,1428
2026-08-27 14:55:00-04:00,155.6199951171875,155.67999267578125,155.60069274902344,155.60069274902344,2735
2026-08-27 14:56:00-04:00,155.58999633789062,155.66000366210938,155.5800018310547,155.61000061035156,3765
2026-08-27 14:57:00-04:00,155.63999938964844,155.69000244140625,155.5800018310547,155.69000244140625,4051
2026-08-27 14:58:00-04:00,155.61500549316406,155.64500427246094,155.60000610351562,155.64500427246094,2217
2026-08-27 14:59:00-04:00,155.55999755859375,155.61000061035156,155.5500030517578,155.61000061035156,2001
2026-08-27 15:00:00-04:00,155.53500366210938,155.5998992919922,155.51499938964844,155.52000427246094,3920
2026-08-27 15:01:00-04:00,155.66990661621094,155.66990661621094,155.52999877929688,155.53500366210938,2108
2026-08-27 15:02:00-04:00,155.5,155.64999389648438,155.5,155.64999389648438,3044
2026-08-27 15:03:00-04:00,155.47000122070312,155.6199951171875,155.47000122070312,155.6199951171875,2187
2026-08-27 15:04:00-04:00,155.42999267578125,155.53500366210938,155.42999267578125,155.49000549316406,3230
2026-08-27 15:05:00-04:00,155.35000610351562,155.50999450683594,155.3300018310547,155.42999267578125,6352
2026-08-27 15:06:00-04:00,155.35000610351562,155.3699951171875,155.3000030517578,155.3699951171875,1768
2026-08-27 15:07:00-04:00,155.16000366210938,155.3699951171875,155.1199951171875,155.3699951171875,3585
2026-08-27 15:08:00-04:00,155.02000427246094,155.1699981689453,155.02000427246094,155.1699981689453,4499
2026-08-27 15:09:00-04:00,154.94000244140625,155.1199951171875,154.91000366210938,155.07000732421875,10155
2026-08-27 15:10:00-04:00,154.8249969482422,155.0500030517578,154.8249969482422,154.94000244140625,5819
2026-08-27 15:11:00-04:00,154.8300018310547,154.9199981689453,154.8300018310547,154.89500427246094,4319
2026-08-27 15:12:00-04:00,154.88999938964844,154.92999267578125,154.77499389648438,154.77499389648438,3397
2026-08-27 15:13:00-04:00,154.91000366210938,154.9199981689453,154.85000610351562,154.90499877929688,1757
2026-08-27 15:14:00-04:00,155.02499389648438,155.14999389648438,154.97999572753906,154.97999572753906,3728
2026-08-27 15:15:00-04:00,154.98500061035156,155.1199951171875,154.9600067138672,155.1199951171875,3261
2026-08-27 15:16:00-04:00,155.05999755859375,155.10000610351562,155.0,155.0,3109
2026-08-27 15:17:00-04:00,154.8300018310547,155.13499450683594,154.8300018310547,155.1199951171875,3670
2026-08-27 15:18:00-04:00,154.72999572753906,154.8000030517578,154.63999938964844,154.8000030517578,5106
2026-08-27 15:19:00-04:00,154.77000427246094,154.82000732421875,154.68499755859375,154.68499755859375,2647
2026-08-27 15:20:00-04:00,154.72000122070312,154.85000610351562,154.72000122070312,154.83999633789062,3581
2026-08-27 15:21:00-04:00,154.74000549316406,154.85000610351562,154.6999969482422,154.76499938964844,5761
2026-08-27 15:22:00-04:00,154.72500610351562,154.80999755859375,154.69000244140625,154.69000244140625,2773
2026-08-27 15:23:00-04:00,154.80999755859375,154.8300018310547,154.73500061035156,154.8000030517578,3541
2026-08-27 15:24:00-04:00,154.80990600585938,154.80990600585938,154.72500610351562,154.72500610351562,3169
2026-08-27 15:25:00-04:00,154.67999267578125,154.7899932861328,154.64999389648438,154.7899932861328,2730
2026-08-27 15:26:00-04:00,154.69500732421875,154.739501953125,154.64999389648438,154.67999267578125,4773
2026-08-27 15:27:00-04:00,154.72999572753906,154.77999877929688,154.6699981689453,154.6699981689453,4998
2026-08-27 15:28:00-04:00,154.67999267578125,154.72999572753906,154.61000061035156,154.6699981689453,5409
2026-08-27 15:29:00-04:00,154.60000610351562,154.67999267578125,154.55999755859375,154.67999267578125,5538
2026-08-27 15:30:00-04:00,154.90789794921875,154.9499053955078,154.6300048828125,154.63999938964844,5820
2026-08-27 15:31:00-04:00,154.86000061035156,154.9499969482422,154.8350067138672,154.89999389648438,1953
2026-08-27 15:32:00-04:00,154.75999450683594,154.9199981689453,154.74000549316406,154.9199981689453,19563
2026-08-27 15:33:00-04:00,154.8300018310547,154.9199981689453,154.8249969482422,154.8249969482422,6426
2026-08-27 15:34:00-04:00,155.13999938964844,155.13999938964844,154.81500244140625,154.81500244140625,8599
2026-08-27 15:35:00-04:00,155.1300048828125,155.16000366210938,155.10000610351562,155.1199951171875,1967
2026-08-27 15:36:00-04:00,155.00010681152344,155.14999389648438,155.00010681152344,155.14999389648438,6680
2026-08-27 15:37:00-04:00,155.1999969482422,155.1999969482422,155.00999450683594,155.0449981689453,8830
2026-08-27 15:38:00-04:00,155.33999633789062,155.4199981689453,155.25999450683594,155.30999755859375,4405
2026-08-27 15:39:00-04:00,155.08999633789062,155.27999877929688,155.08189392089844,155.27999877929688,7151
2026-08-27 15:40:00-04:00,154.91000366210938,155.164306640625,154.88499450683594,155.164306640625,8654
2026-08-27 15:41:00-04:00,154.99000549316406,154.99000549316406,154.91000366210938,154.91000366210938,5777
2026-08-27 15:42:00-04:00,154.8300018310547,154.90499877929688,154.8300018310547,154.8699951171875,13888
2026-08-27 15:43:00-04:00,154.9499969482422,154.9499969482422,154.83999633789062,154.88499450683594,4361
2026-08-27 15:44:00-04:00,154.89999389648438,154.90499877929688,154.8000030517578,154.90499877929688,5950
2026-08-27 15:45:00-04:00,154.72000122070312,154.91000366210938,154.64999389648438,154.80999755859375,7754
2026-08-27 15:46:00-04:00,154.64500427246094,154.8000030517578,154.63999938964844,154.75,10086
2026-08-27 15:47:00-04:00,154.5050048828125,154.7100067138672,154.5,154.6999969482422,8879
2026-08-27 15:48:00-04:00,154.3300018310547,154.50999450683594,154.25999450683594,154.4600067138672,13835
2026-08-27 15:49:00-04:00,154.4600067138672,154.49000549316406,154.389892578125,154.389892578125,10319
2026-08-27 15:50:00-04:00,154.2899932861328,154.38999938964844,154.1999969482422,154.35000610351562,19259
2026-08-27 15:51:00-04:00,154.28500366210938,154.3300018310547,154.17999267578125,154.25900268554688,9180
2026-08-27 15:52:00-04:00,154.49000549316406,154.5449981689453,154.2949981689453,154.33999633789062,13505
2026-08-27 15:53:00-04:00,154.44000244140625,154.49000549316406,154.38499450683594,154.38999938964844,8094
2026-08-27 15:54:00-04:00,154.4499969482422,154.54600524902344,154.4199981689453,154.47000122070312,14386
2026-08-27 15:55:00-04:00,154.30999755859375,154.48500061035156,154.27000427246094,154.48500061035156,13352
2026-08-27 15:56:00-04:00,153.92999267578125,154.30999755859375,153.88999938964844,154.30999755859375,40254
2026-08-27 15:57:00-04:00,154.05360412597656,154.1699981689453,153.80999755859375,153.92999267578125,51733
2026-08-27 15:58:00-04:00,154.02999877929688,154.25,154.00999450683594,154.02499389648438,56541
2026-08-27 15:59:00-04:00,153.9499969482422,154.26499938964844,153.92999267578125,154.0500030517578,80212
2026-08-28 09:30:00-04:00,153.94000244140625,153.94500732421875,152.05650329589844,152.25,113348
2026-08-28 09:31:00-04:00,154.8699951171875,154.94000244140625,153.47000122070312,153.47000122070312,19371
2026-08-28 09:32:00-04:00,155.63999938964844,155.89999389648438,154.36000061035156,154.97999572753906,17650
2026-08-28 09:33:00-04:00,154.88999938964844,155.39999389648438,154.7602996826172,155.3000030517578,8232
2026-08-28 09:34:00-04:00,154.85000610351562,155.06979370117188,154.60000610351562,154.88999938964844,5122
2026-08-28 09:35:00-04:00,155.3300018310547,155.39999389648438,154.9149932861328,155.05999755859375,15520
2026-08-28 09:36:00-04:00,154.71009826660156,155.1699981689453,154.71009826660156,155.02999877929688,6323
2026-08-28 09:37:00-04:00,155.60499572753906,155.9727020263672,154.79010009765625,155.02499389648438,8424
2026-08-28 09:38:00-04:00,155.5749969482422,156.0,155.22999572753906,155.60499572753906,12091
2026-08-28 09:39:00-04:00,155.69500732421875,156.14999389648438,155.57000732421875,155.69500732421875,8642
2026-08-28 09:40:00-04:00,154.7899932861328,155.7584991455078,154.52499389648438,155.70010375976562,9919
2026-08-28 09:41:00-04:00,155.02000427246094,155.360595703125,154.77000427246094,154.82000732421875,11425
2026-08-28 09:42:00-04:00,154.25,154.97000122070312,154.2100067138672,154.89999389648438,10681
2026-08-28 09:43:00-04:00,154.1501007080078,154.5,154.14999389648438,154.4250030517578,21835
2026-08-28 09:44:00-04:00,154.8000030517578,154.8000030517578,154.38999938964844,154.55470275878906,3471
2026-08-28 09:45:00-04:00,154.77999877929688,155.48109436035156,154.74000549316406,155.0399932861328,5050
2026-08-28 09:46:00-04:00,154.74000549316406,154.9774932861328,154.6199951171875,154.9774932861328,5587
2026-08-28 09:47:00-04:00,155.2899932861328,155.2899932861328,154.6999969482422,154.6999969482422,4274
2026-08-28 09:48:00-04:00,155.85000610351562,155.85000610351562,155.08999633789062,155.10000610351562,8656
2026-08-28 09:49:00-04:00,155.58999633789062,156.02999877929688,155.4700927734375,155.55499267578125,15566
2026-08-28 09:50:00-04:00,155.5,155.82000732421875,155.47000122070312,155.75,4260
2026-08-28 09:51:00-04:00,155.72500610351562,155.74000549316406,155.2100067138672,155.49000549316406,7298
2026-08-28 09:52:00-04:00,155.67999267578125,155.86500549316406,155.43870544433594,155.72500610351562,5060
2026-08-28 09:53:00-04:00,155.63999938964844,155.96820068359375,155.5,155.8699951171875,8391
2026-08-28 09:54:00-04:00,155.6199951171875,155.65499877929688,155.4600067138672,155.65499877929688,5650
2026-08-28 09:55:00-04:00,155.61500549316406,155.82000732421875,155.47000122070312,155.6699981689453,4859
2026-08-28 09:56:00-04:00,155.89999389648438,155.89999389648438,155.41000366210938,155.49000549316406,3086
2026-08-28 09:57:00-04:00,155.4600067138672,155.84500122070312,155.4600067138672,155.75,6671
2026-08-28 09:58:00-04:00,155.13999938964844,155.4049072265625,155.0,155.35499572753906,4445
2026-08-28 09:59:00-04:00,156.25,156.25,155.16000366210938,155.36000061035156,13323
2026-08-28 10:00:00-04:00,156.3699951171875,156.66000366210938,155.94000244140625,155.94000244140625,30019
2026-08-28 10:01:00-04:00,156.5,156.6300048828125,156.24000549316406,156.5500030517578,14272
2026-08-28 10:02:00-04:00,156.64999389648438,156.8000030517578,156.5,156.54800415039062,5186
2026-08-28 10:03:00-04:00,156.74000549316406,156.83990478515625,156.32009887695312,156.7899932861328,12374
2026-08-28 10:04:00-04:00,156.5500030517578,156.83999633789062,156.33999633789062,156.8300018310547,10614
2026-08-28 10:05:00-04:00,156.08999633789062,156.5500030517578,156.08999633789062,156.5500030517578,11114
2026-08-28 10:06:00-04:00,155.8800048828125,156.0800018310547,155.5500030517578,155.8800048828125,6297
2026-08-28 10:07:00-04:00,155.80999755859375,155.99440002441406,155.8000030517578,155.99440002441406,5085
2026-08-28 10:08:00-04:00,155.89500427246094,155.92999267578125,155.8000030517578,155.8000030517578,4247
2026-08-28 10:09:00-04:00,155.7550048828125,156.11000061035156,155.72999572753906,155.9199981689453,21596
2026-08-28 10:10:00-04:00,155.4499969482422,155.83949279785156,155.4499969482422,155.75039672851562,4492
2026-08-28 10:11:00-04:00,155.68499755859375,155.9698944091797,155.32000732421875,155.47000122070312,10068
2026-08-28 10:12:00-04:00,155.61000061035156,155.68499755859375,155.44000244140625,155.68499755859375,2434
2026-08-28 10:13:00-04:00,155.5500030517578,155.66000366210938,155.4499969482422,155.66000366210938,3934
2026-08-28 10:14:00-04:00,155.77999877929688,155.8000030517578,155.5800018310547,155.63999938964844,2746
2026-08-28 10:15:00-04:00,155.80999755859375,156.08999633789062,155.8000030517578,155.80999755859375,6093
2026-08-28 10:16:00-04:00,156.05999755859375,156.11000061035156,155.63999938964844,155.99000549316406,9410
2026-08-28 10:17:00-04:00,156.38999938964844,156.49989318847656,156.0,156.03500366210938,9017
2026-08-28 10:18:00-04:00,156.35000610351562,156.5749969482422,156.10009765625,156.3699951171875,8511
2026-08-28 10:19:00-04:00,156.95089721679688,156.95989990234375,156.38999938964844,156.38999938964844,17314
2026-08-28 10:20:00-04:00,157.35000610351562,157.5800018310547,156.72999572753906,156.72999572753906,24121
2026-08-28 10:21:00-04:00,158.05999755859375,158.2799072265625,157.21009826660156,157.21009826660156,17106
2026-08-28 10:22:00-04:00,157.94000244140625,158.17880249023438,157.85679626464844,158.0449981689453,13512
2026-08-28 10:23:00-04:00,157.35000610351562,157.98779296875,157.31500244140625,157.97000122070312,8105
2026-08-28 10:24:00-04:00,157.3863067626953,157.4499969482422,156.75999450683594,157.24000549316406,8668
2026-08-28 10:25:00-04:00,156.99000549316406,157.22500610351562,156.97999572753906,157.22500610351562,3283
2026-08-28 10:26:00-04:00,156.9799041748047,156.9799041748047,156.34530639648438,156.69020080566406,5494
2026-08-28 10:27:00-04:00,156.86000061035156,157.00979614257812,156.8000030517578,156.9600067138672,3684
2026-08-28 10:28:00-04:00,156.92999267578125,157.0,156.64999389648438,156.85000610351562,4956
2026-08-28 10:29:00-04:00,156.9250030517578,157.00999450683594,156.8350067138672,156.83999633789062,4537
2026-08-28 10:30:00-04:00,157.05999755859375,157.11000061035156,156.6300048828125,157.10000610351562,9643
2026-08-28 10:31:00-04:00,156.9600067138672,156.97000122070312,156.66400146484375,156.84800720214844,1500
2026-08-28 10:32:00-04:00,157.3800048828125,157.4398956298828,156.77699279785156,157.0500030517578,8916
2026-08-28 10:33:00-04:00,157.35000610351562,157.35000610351562,157.0800018310547,157.25,3803
2026-08-28 10:34:00-04:00,157.56129455566406,157.56129455566406,157.2550048828125,157.2550048828125,6806
2026-08-28 10:35:00-04:00,157.61000061035156,157.63999938964844,157.40750122070312,157.40750122070312,3235
2026-08-28 10:36:00-04:00,157.8000030517578,157.85000610351562,157.49000549316406,157.6199951171875,6019
2026-08-28 10:37:00-04:00,158.3000030517578,158.39999389648438,157.8101043701172,157.89500427246094,9800
2026-08-28 10:38:00-04:00,158.3249969482422,158.5998992919922,158.28709411621094,158.42080688476562,10345
2026-08-28 10:39:00-04:00,157.58999633789062,158.31500244140625,157.5500030517578,158.31500244140625,17769
2026-08-28 10:40:00-04:00,157.7899932861328,157.9398956298828,157.58999633789062,157.60000610351562,4106
2026-08-28 10:41:00-04:00,157.8249969482422,158.0,157.50010681152344,157.72509765625,6374
2026-08-28 10:42:00-04:00,157.7449951171875,157.85000610351562,157.60000610351562,157.71499633789062,4249
2026-08-28 10:43:00-04:00,157.595703125,157.9799041748047,157.595703125,157.77000427246094,2479
2026-08-28 10:44:00-04:00,157.80499267578125,157.82000732421875,157.63999938964844,157.75999450683594,3999
2026-08-28 10:45:00-04:00,157.63999938964844,157.80499267578125,157.52999877929688,157.77000427246094,7527
2026-08-28 10:46:00-04:00,157.52000427246094,157.56210327148438,157.3000030517578,157.4499969482422,4289
2026-08-28 10:47:00-04:00,157.63999938964844,157.6699981689453,157.4600067138672,157.47000122070312,4674
2026-08-28 10:48:00-04:00,158.09500122070312,158.10000610351562,157.50999450683594,157.64999389648438,9506
2026-08-28 10:49:00-04:00,158.5500030517578,158.6699981689453,157.9199981689453,158.10000610351562,12205
2026-08-28 10:50:00-04:00,158.6699981689453,158.75,158.42999267578125,158.42999267578125,7578
2026-08-28 10:51:00-04:00,158.52000427246094,158.75,158.42999267578125,158.6699981689453,8552
2026-08-28 10:52:00-04:00,158.625,158.64999389648438,158.42999267578125,158.51499938964844,3405
2026-08-28 10:53:00-04:00,158.5850067138672,158.86000061035156,158.5,158.5500030517578,12380
2026-08-28 10:54:00-04:00,158.27000427246094,158.7100067138672,158.22999572753906,158.4499969482422,8871
2026-08-28 10:55:00-04:00,158.05999755859375,158.31500244140625,157.89999389648438,158.24000549316406,11758
2026-08-28 10:56:00-04:00,158.21839904785156,158.21839904785156,157.44000244140625,158.16000366210938,23202
2026-08-28 10:57:00-04:00,158.36000061035156,158.4499969482422,158.0800018310547,158.0800018310547,8324
2026-08-28 10:58:00-04:00,158.0,158.3699951171875,158.0,158.25999450683594,5007
2026-08-28 10:59:00-04:00,158.08999633789062,158.35000610351562,158.0800018310547,158.10000610351562,17661
2026-08-28 11:00:00-04:00,158.07000732421875,158.18499755859375,158.0050048828125,158.14999389648438,10469
2026-08-28 11:01:00-04:00,158.16000366210938,158.3300018310547,158.0,158.1699981689453,15579
2026-08-28 11:02:00-04:00,157.97000122070312,158.16000366210938,157.85000610351562,158.16000366210938,8163
2026-08-28 11:03:00-04:00,158.0,158.10000610351562,157.91000366210938,157.97000122070312,9303
2026-08-28 11:04:00-04:00,158.15499877929688,158.1999969482422,158.0,158.0,2657
2026-08-28 11:05:00-04:00,157.80999755859375,158.2100067138672,157.8000030517578,158.13499450683594,5159
2026-08-28 11:06:00-04:00,157.8800048828125,158.14990234375,157.8372039794922,158.0,7778
2026-08-28 11:07:00-04:00,157.9499969482422,157.97999572753906,157.80999755859375,157.97999572753906,2464
2026-08-28 11:08:00-04:00,157.83999633789062,158.10000610351562,157.67999267578125,158.0,5670
2026-08-28 11:09:00-04:00,157.76499938964844,157.83999633789062,157.6501007080078,157.83999633789062,3388
2026-08-28 11:10:00-04:00,157.84500122070312,157.8800048828125,157.70010375976562,157.86000061035156,1503
2026-08-28 11:11:00-04:00,157.83999633789062,158.0,157.74879455566406,157.83999633789062,5452
2026-08-28 11:12:00-04:00,158.19000244140625,158.2899932861328,157.8300018310547,157.8300018310547,5539
2026-08-28 11:13:00-04:00,158.35000610351562,158.35000610351562,158.07000732421875,158.25999450683594,3055
2026-08-28 11:14:00-04:00,158.45159912109375,158.45159912109375,158.1699981689453,158.27999877929688,6928
2026-08-28 11:15:00-04:00,158.42269897460938,158.5,158.26010131835938,158.31809997558594,3542
2026-08-28 11:16:00-04:00,158.5175018310547,158.5832061767578,158.3459930419922,158.39999389648438,6981
2026-08-28 11:17:00-04:00,158.5124969482422,158.5124969482422,158.42999267578125,158.44000244140625,3383
2026-08-28 11:18:00-04:00,158.14999389648438,158.58999633789062,158.1300048828125,158.55999755859375,8039
2026-08-28 11:19:00-04:00,158.16000366210938,158.31289672851562,158.14999389648438,158.24000549316406,2581
2026-08-28 11:20:00-04:00,158.42999267578125,158.48219299316406,158.02999877929688,158.16000366210938,4193
2026-08-28 11:21:00-04:00,158.25999450683594,158.4550018310547,158.25999450683594,158.39999389648438,6592
2026-08-28 11:22:00-04:00,158.1750030517578,158.2550048828125,158.17449951171875,158.2550048828125,4761
2026-08-28 11:23:00-04:00,158.13999938964844,158.27999877929688,158.13999938964844,158.2100067138672,3026
2026-08-28 11:24:00-04:00,158.30999755859375,158.30999755859375,158.07000732421875,158.07000732421875,4527
2026-08-28 11:25:00-04:00,158.41639709472656,158.4499969482422,158.30999755859375,158.30999755859375,1904
2026-08-28 11:26:00-04:00,158.60499572753906,158.6199951171875,158.4499969482422,158.4499969482422,5977
2026-08-28 11:27:00-04:00,158.47999572753906,158.65699768066406,158.47999572753906,158.60499572753906,3112
2026-08-28 11:28:00-04:00,158.58999633789062,158.58999633789062,158.58999633789062,158.58999633789062,706
2026-08-28 11:29:00-04:00,158.3300018310547,158.4600067138672,158.24000549316406,158.4600067138672,5772
2026-08-28 11:30:00-04:00,158.19000244140625,158.3979034423828,158.19000244140625,158.31500244140625,3165
2026-08-28 11:31:00-04:00,158.11500549316406,158.2899932861328,158.0500030517578,158.13999938964844,3042
2026-08-28 11:32:00-04:00,158.00999450683594,158.08880615234375,157.82009887695312,158.07949829101562,3953
2026-08-28 11:33:00-04:00,158.11000061035156,158.11000061035156,157.9499969482422,158.02000427246094,2977
2026-08-28 11:34:00-04:00,158.23500061035156,158.3300018310547,158.0850067138672,158.10000610351562,4107
2026-08-28 11:35:00-04:00,158.13999938964844,158.23500061035156,158.13999938964844,158.23500061035156,3275
2026-08-28 11:36:00-04:00,158.0800018310547,158.18499755859375,158.0399932861328,158.18499755859375,1348
2026-08-28 11:37:00-04:00,158.13999938964844,158.13999938964844,158.02999877929688,158.1199951171875,4140
2026-08-28 11:38:00-04:00,157.89999389648438,157.97999572753906,157.8300018310547,157.97999572753906,4312
2026-08-28 11:39:00-04:00,157.9499969482422,158.0399932861328,157.8000946044922,157.94000244140625,2024
2026-08-28 11:40:00-04:00,157.8000030517578,158.0800018310547,157.8000030517578,158.0800018310547,6620
2026-08-28 11:41:00-04:00,157.63009643554688,157.88999938964844,157.63009643554688,157.67999267578125,3034
2026-08-28 11:42:00-04:00,157.7086944580078,157.82000732421875,157.63720703125,157.82000732421875,6804
2026-08-28 11:43:00-04:00,157.9698944091797,157.97000122070312,157.64999389648438,157.7550048828125,4957
2026-08-28 11:44:00-04:00,157.42999267578125,157.6555938720703,157.42999267578125,157.6199951171875,3362
2026-08-28 11:45:00-04:00,157.72999572753906,157.77999877929688,157.3784942626953,157.42999267578125,4667
2026-08-28 11:46:00-04:00,157.55059814453125,157.8000030517578,157.52999877929688,157.53500366210938,3252
2026-08-28 11:47:00-04:00,157.69000244140625,157.75999450683594,157.69000244140625,157.75999450683594,1176
2026-08-28 11:48:00-04:00,157.64999389648438,157.72999572753906,157.49000549316406,157.72999572753906,3340
2026-08-28 11:49:00-04:00,157.4600067138672,157.4600067138672,157.42539978027344,157.42539978027344,1235
2026-08-28 11:50:00-04:00,157.375,157.5,157.375,157.4600067138672,3196
2026-08-28 11:51:00-04:00,157.22000122070312,157.43690490722656,157.14999389648438,157.3249969482422,6228
2026-08-28 11:52:00-04:00,157.1999969482422,157.22000122070312,157.0800018310547,157.10000610351562,4038
2026-08-28 11:53:00-04:00,157.0800018310547,157.19500732421875,157.01010131835938,157.15499877929688,3278
2026-08-28 11:54:00-04:00,157.02999877929688,157.1300048828125,156.8699951171875,157.1300048828125,8111
2026-08-28 11:55:00-04:00,157.25999450683594,157.25999450683594,157.0500030517578,157.24000549316406,2029
2026-08-28 11:56:00-04:00,156.72000122070312,157.0,156.7100067138672,157.0,8931
2026-08-28 11:57:00-04:00,156.58999633789062,156.6750030517578,156.49000549316406,156.6750030517578,4022
2026-08-28 11:58:00-04:00,156.53990173339844,156.69000244140625,156.3699951171875,156.4600067138672,6613
2026-08-28 11:59:00-04:00,156.3000030517578,156.3699951171875,156.10000610351562,156.30999755859375,7554
2026-08-28 12:00:00-04:00,156.3800048828125,156.43499755859375,156.1699981689453,156.18499755859375,5704
2026-08-28 12:01:00-04:00,156.16000366210938,156.34500122070312,156.1199951171875,156.3000030517578,5435
2026-08-28 12:02:00-04:00,156.16000366210938,156.38999938964844,156.16000366210938,156.25,3657
2026-08-28 12:03:00-04:00,156.30999755859375,156.41000366210938,156.1699981689453,156.27000427246094,3788
2026-08-28 12:04:00-04:00,156.22999572753906,156.49000549316406,156.05999755859375,156.3699951171875,4074
2026-08-28 12:05:00-04:00,156.16000366210938,156.25999450683594,156.14500427246094,156.25999450683594,4221
2026-08-28 12:06:00-04:00,156.09010314941406,156.51280212402344,156.09010314941406,156.35000610351562,7900
2026-08-28 12:07:00-04:00,156.4792938232422,156.49000549316406,156.28500366210938,156.3125,4671
2026-08-28 12:08:00-04:00,156.47000122070312,156.5500030517578,156.3699951171875,156.39999389648438,3985
2026-08-28 12:09:00-04:00,156.39999389648438,156.50999450683594,156.33999633789062,156.48500061035156,3749
2026-08-28 12:10:00-04:00,156.4199981689453,156.49989318847656,156.2100067138672,156.2100067138672,4698
2026-08-28 12:11:00-04:00,156.16000366210938,156.36000061035156,156.16000366210938,156.36000061035156,2879
2026-08-28 12:12:00-04:00,156.39999389648438,156.39999389648438,156.32000732421875,156.32000732421875,426
2026-08-28 12:13:00-04:00,156.1999969482422,156.3531951904297,156.1999969482422,156.32749938964844,1663
2026-08-28 12:14:00-04:00,156.3249969482422,156.33999633789062,156.26499938964844,156.27499389648438,2778
2026-08-28 12:15:00-04:00,155.97999572753906,156.26499938964844,155.97999572753906,156.26499938964844,4489
2026-08-28 12:16:00-04:00,155.86000061035156,155.8800048828125,155.75999450683594,155.8300018310547,3771
2026-08-28 12:17:00-04:00,155.64500427246094,155.77000427246094,155.6199951171875,155.77000427246094,3789
2026-08-28 12:18:00-04:00,155.4199981689453,155.78500366210938,155.3300018310547,155.64500427246094,8203
2026-08-28 12:19:00-04:00,155.43499755859375,155.59500122070312,155.32000732421875,155.5,8744
2026-08-28 12:20:00-04:00,155.39999389648438,155.7698974609375,155.39999389648438,155.47250366210938,5909
2026-08-28 12:21:00-04:00,155.36050415039062,155.52999877929688,155.24000549316406,155.38999938964844,4336
2026-08-28 12:22:00-04:00,155.3000030517578,155.49000549316406,155.3000030517578,155.49000549316406,2475
2026-08-28 12:23:00-04:00,154.76499938964844,155.24749755859375,154.76499938964844,155.1999969482422,5952
2026-08-28 12:24:00-04:00,154.77000427246094,154.9600067138672,154.52999877929688,154.85000610351562,8302
2026-08-28 12:25:00-04:00,154.8791961669922,154.8791961669922,154.5500030517578,154.6699981689453,2440
2026-08-28 12:26:00-04:00,154.77999877929688,154.89999389648438,154.74000549316406,154.74000549316406,2821
2026-08-28 12:27:00-04:00,154.9949951171875,155.02499389648438,154.74000549316406,154.74000549316406,3332
2026-08-28 12:28:00-04:00,155.16000366210938,155.25,155.0800018310547,155.0850067138672,1836
2026-08-28 12:29:00-04:00,155.00999450683594,155.14999389648438,155.00999450683594,155.14999389648438,1832
2026-08-28 12:30:00-04:00,155.25,155.25,155.125,155.1300048828125,1378
2026-08-28 12:31:00-04:00,155.33999633789062,155.4019012451172,155.30999755859375,155.30999755859375,2979
2026-08-28 12:32:00-04:00,155.6199951171875,155.7449951171875,155.3350067138672,155.3350067138672,2830
2026-08-28 12:33:00-04:00,155.58999633789062,155.63999938964844,155.58999633789062,155.6300048828125,2267
2026-08-28 12:34:00-04:00,155.19500732421875,155.5,155.19500732421875,155.5,3403
2026-08-28 12:35:00-04:00,155.3800048828125,155.41000366210938,155.2050018310547,155.2050018310547,1894
2026-08-28 12:36:00-04:00,155.5,155.5,155.44000244140625,155.4499969482422,3325
2026-08-28 12:37:00-04:00,155.5500030517578,155.63999938964844,155.0301055908203,155.30999755859375,4391
2026-08-28 12:38:00-04:00,155.44500732421875,155.52999877929688,155.27000427246094,155.52999877929688,1179
2026-08-28 12:39:00-04:00,155.14999389648438,155.4716033935547,155.14999389648438,155.41000366210938,3275
2026-08-28 12:40:00-04:00,155.02000427246094,155.1999969482422,155.0,155.1300048828125,2481
2026-08-28 12:41:00-04:00,154.9499969482422,155.2799072265625,154.83670043945312,155.0,3052
2026-08-28 12:42:00-04:00,154.94000244140625,154.94500732421875,154.69000244140625,154.94500732421875,708
2026-08-28 12:43:00-04:00,155.0428009033203,155.0428009033203,154.9250030517578,154.9250030517578,1441
2026-08-28 12:44:00-04:00,154.82009887695312,155.11000061035156,154.82009887695312,155.11000061035156,2659
2026-08-28 12:45:00-04:00,155.3000030517578,155.3000030517578,155.08999633789062,155.08999633789062,2450
2026-08-28 12:46:00-04:00,155.3350067138672,155.33999633789062,155.3350067138672,155.33999633789062,1432
2026-08-28 12:47:00-04:00,155.31500244140625,155.31500244140625,155.31500244140625,155.31500244140625,366
2026-08-28 12:48:00-04:00,155.42999267578125,155.47999572753906,155.35000610351562,155.47999572753906,1330
2026-08-28 12:49:00-04:00,155.42999267578125,155.49000549316406,155.38999938964844,155.41000366210938,4423
2026-08-28 12:50:00-04:00,155.39999389648438,155.76699829101562,155.39999389648438,155.47000122070312,7371
2026-08-28 12:51:00-04:00,155.58999633789062,155.64999389648438,155.4799041748047,155.4799041748047,2738
2026-08-28 12:52:00-04:00,155.5800018310547,155.67999267578125,155.5800018310547,155.63999938964844,2134
2026-08-28 12:53:00-04:00,155.41000366210938,155.66000366210938,155.41000366210938,155.66000366210938,1168
2026-08-28 12:54:00-04:00,155.13999938964844,155.42529296875,155.13999938964844,155.3699951171875,2768
2026-08-28 12:55:00-04:00,155.36000061035156,155.36500549316406,155.1649932861328,155.1649932861328,3365
2026-08-28 12:56:00-04:00,155.37989807128906,155.37989807128906,155.37989807128906,155.37989807128906,214
2026-08-28 12:57:00-04:00,155.19400024414062,155.35499572753906,155.19400024414062,155.2449951171875,6672
2026-08-28 12:58:00-04:00,155.24000549316406,155.24000549316406,155.24000549316406,155.24000549316406,1902
2026-08-28 12:59:00-04:00,155.32000732421875,155.33999633789062,155.27000427246094,155.33999633789062,3481
2026-08-28 13:00:00-04:00,155.0800018310547,155.1999969482422,154.9600067138672,155.1999969482422,3636
2026-08-28 13:01:00-04:00,155.22000122070312,155.22000122070312,154.9600067138672,154.9600067138672,3878
2026-08-28 13:02:00-04:00,155.22999572753906,155.24000549316406,155.14999389648438,155.14999389648438,3552
2026-08-28 13:03:00-04:00,155.14999389648438,155.22999572753906,155.00320434570312,155.22999572753906,9266
2026-08-28 13:04:00-04:00,154.8699951171875,155.1199951171875,154.8699951171875,155.1199951171875,5757
2026-08-28 13:05:00-04:00,154.83999633789062,155.15220642089844,154.83999633789062,155.15220642089844,7986
2026-08-28 13:06:00-04:00,155.02000427246094,155.1999969482422,154.8101043701172,154.83999633789062,22487
2026-08-28 13:08:00-04:00,155.0050048828125,155.0050048828125,154.99249267578125,154.99249267578125,641
2026-08-28 13:09:00-04:00,154.8000030517578,154.90499877929688,154.8000030517578,154.90499877929688,1769
2026-08-28 13:10:00-04:00,154.9799041748047,154.9799041748047,154.66000366210938,154.8000030517578,4476
2026-08-28 13:11:00-04:00,154.97000122070312,154.97999572753906,154.83999633789062,154.83999633789062,1431
2026-08-28 13:12:00-04:00,154.98500061035156,155.0,154.9600067138672,154.9600067138672,1975
2026-08-28 13:13:00-04:00,154.9600067138672,155.0,154.9149932861328,155.0,1339
2026-08-28 13:14:00-04:00,155.0800018310547,155.10000610351562,154.9600067138672,154.9600067138672,3971
2026-08-28 13:15:00-04:00,155.0,155.08999633789062,154.99000549316406,155.07000732421875,1752
2026-08-28 13:16:00-04:00,154.8699951171875,154.91000366210938,154.82000732421875,154.91000366210938,2959
2026-08-28 13:17:00-04:00,155.05999755859375,155.10000610351562,154.80499267578125,154.80999755859375,6821
2026-08-28 13:18:00-04:00,155.11000061035156,155.1199951171875,155.10000610351562,155.10000610351562,820
2026-08-28 13:19:00-04:00,155.08009338378906,155.3090057373047,155.08009338378906,155.11000061035156,2737
2026-08-28 13:20:00-04:00,155.1750030517578,155.1999969482422,155.1750030517578,155.1999969482422,947
2026-08-28 13:21:00-04:00,155.0500030517578,155.1699981689453,155.0500030517578,155.14999389648438,1385
2026-08-28 13:22:00-04:00,155.0850067138672,155.0850067138672,155.02630615234375,155.0399932861328,843
2026-08-28 13:23:00-04:00,155.19000244140625,155.22999572753906,155.0800018310547,155.0800018310547,1835
2026-08-28 13:24:00-04:00,155.09500122070312,155.13999938964844,155.0399932861328,155.09500122070312,1470
2026-08-28 13:25:00-04:00,154.8300018310547,155.09500122070312,154.64999389648438,155.09500122070312,6042
2026-08-28 13:26:00-04:00,154.8489990234375,154.8489990234375,154.8489990234375,154.8489990234375,363
2026-08-28 13:27:00-04:00,154.77000427246094,154.77000427246094,154.77000427246094,154.77000427246094,1729
2026-08-28 13:28:00-04:00,154.80999755859375,154.80999755859375,154.80999755859375,154.80999755859375,659
2026-08-28 13:29:00-04:00,154.5500030517578,154.8800048828125,154.5500030517578,154.8800048828125,3716
2026-08-28 13:30:00-04:00,154.60000610351562,154.64999389648438,154.60000610351562,154.64999389648438,1470
2026-08-28 13:31:00-04:00,154.5800018310547,154.5800018310547,154.5800018310547,154.5800018310547,331
2026-08-28 13:32:00-04:00,154.55499267578125,154.5749969482422,154.55499267578125,154.5749969482422,1198
2026-08-28 13:33:00-04:00,154.5449981689453,154.5800018310547,154.5399932861328,154.5500030517578,1537
2026-08-28 13:34:00-04:00,154.5399932861328,154.5399932861328,154.5399932861328,154.5399932861328,659
2026-08-28 13:35:00-04:00,154.52999877929688,154.5500030517578,154.52999877929688,154.5500030517578,952
2026-08-28 13:36:00-04:00,154.6199951171875,154.6300048828125,154.5050048828125,154.50999450683594,1799
2026-08-28 13:37:00-04:00,154.7100067138672,154.7100067138672,154.5500030517578,154.61500549316406,7629
2026-08-28 13:38:00-04:00,154.72000122070312,154.72000122070312,154.57000732421875,154.57000732421875,4386
2026-08-28 13:39:00-04:00,154.4965057373047,154.72999572753906,154.4600067138672,154.72999572753906,2611
2026-08-28 13:40:00-04:00,154.57000732421875,154.57000732421875,154.5543975830078,154.5543975830078,1009
2026-08-28 13:41:00-04:00,154.51499938964844,154.55999755859375,154.39999389648438,154.5,2852
2026-08-28 13:42:00-04:00,154.4600067138672,154.47000122070312,154.4600067138672,154.47000122070312,2271
2026-08-28 13:43:00-04:00,154.60000610351562,154.60000610351562,154.49000549316406,154.5,4457
2026-08-28 13:44:00-04:00,154.4499969482422,154.69000244140625,154.4499969482422,154.6699981689453,4606
2026-08-28 13:45:00-04:00,154.52499389648438,154.57000732421875,154.3350067138672,154.4499969482422,5833
2026-08-28 13:46:00-04:00,154.8000030517578,154.8000030517578,154.64999389648438,154.64999389648438,2784
2026-08-28 13:47:00-04:00,154.75,154.75,154.6999969482422,154.6999969482422,1649
2026-08-28 13:48:00-04:00,154.7949981689453,154.82940673828125,154.75,154.82940673828125,1126
2026-08-28 13:49:00-04:00,154.9499969482422,154.9499969482422,154.78500366210938,154.78500366210938,1312
2026-08-28 13:50:00-04:00,154.9499969482422,154.99000549316406,154.9499969482422,154.9550018310547,1936
2026-08-28 13:51:00-04:00,154.91000366210938,154.9499969482422,154.91000366210938,154.9499969482422,723
2026-08-28 13:52:00-04:00,155.02999877929688,155.02999877929688,154.94000244140625,154.94000244140625,2278
2026-08-28 13:53:00-04:00,155.19000244140625,155.19000244140625,155.14999389648438,155.14999389648438,941
2026-08-28 13:54:00-04:00,155.16000366210938,155.2299041748047,155.0767059326172,155.0767059326172,3639
2026-08-28 13:55:00-04:00,155.22999572753906,155.22999572753906,155.11000061035156,155.11000061035156,1946
2026-08-28 13:56:00-04:00,155.19000244140625,155.22999572753906,155.13290405273438,155.13290405273438,1462
2026-08-28 13:57:00-04:00,155.19000244140625,155.2899932861328,155.19000244140625,155.22999572753906,4585
2026-08-28 13:58:00-04:00,155.23500061035156,155.24000549316406,155.1750030517578,155.1750030517578,1822
2026-08-28 13:59:00-04:00,155.13999938964844,155.22999572753906,155.13999938964844,155.22999572753906,2401
2026-08-28 14:00:00-04:00,155.07000732421875,155.11000061035156,154.93069458007812,155.11000061035156,8339
2026-08-28 14:01:00-04:00,155.07000732421875,155.07000732421875,154.9600067138672,154.97500610351562,4018
2026-08-28 14:02:00-04:00,155.17999267578125,155.17999267578125,155.1199951171875,155.1199951171875,1016
2026-08-28 14:03:00-04:00,155.11839294433594,155.17999267578125,155.11839294433594,155.17999267578125,286
2026-08-28 14:04:00-04:00,155.13999938964844,155.22000122070312,155.07960510253906,155.13999938964844,2949
2026-08-28 14:05:00-04:00,155.0399932861328,155.13999938964844,155.0399932861328,155.0800018310547,2917
2026-08-28 14:06:00-04:00,155.0,155.0449981689453,155.0,155.0449981689453,2066
2026-08-28 14:07:00-04:00,155.13499450683594,155.17999267578125,154.97999572753906,154.97999572753906,2481
2026-08-28 14:08:00-04:00,155.10000610351562,155.10000610351562,155.07000732421875,155.07000732421875,1565
2026-08-28 14:09:00-04:00,155.1699981689453,155.24000549316406,155.0800018310547,155.10000610351562,7499
2026-08-28 14:10:00-04:00,155.13499450683594,155.1999969482422,155.13499450683594,155.1999969482422,2179
2026-08-28 14:11:00-04:00,155.19000244140625,155.19000244140625,155.19000244140625,155.19000244140625,485
2026-08-28 14:12:00-04:00,155.00999450683594,155.10000610351562,155.0,155.10000610351562,2634
2026-08-28 14:13:00-04:00,154.9600067138672,155.03919982910156,154.84500122070312,154.97500610351562,3053
2026-08-28 14:14:00-04:00,154.94000244140625,154.97500610351562,154.9199981689453,154.94000244140625,2650
2026-08-28 14:15:00-04:00,154.91000366210938,154.9779052734375,154.91000366210938,154.9199981689453,1106
2026-08-28 14:16:00-04:00,154.9499969482422,155.02000427246094,154.89500427246094,154.91000366210938,8034
2026-08-28 14:17:00-04:00,154.91000366210938,154.92999267578125,154.91000366210938,154.92999267578125,897
2026-08-28 14:18:00-04:00,154.94000244140625,154.9499969482422,154.8699951171875,154.88999938964844,3522
2026-08-28 14:19:00-04:00,154.94000244140625,155.05999755859375,154.89999389648438,154.99000549316406,4781
2026-08-28 14:20:00-04:00,154.89500427246094,155.14999389648438,154.86000061035156,154.99000549316406,10447
2026-08-28 14:21:00-04:00,154.77000427246094,154.9199981689453,154.7100067138672,154.90499877929688,5598
2026-08-28 14:22:00-04:00,154.875,154.91000366210938,154.74000549316406,154.75,3711
2026-08-28 14:23:00-04:00,154.60499572753906,154.8000030517578,154.60499572753906,154.8000030517578,5858
2026-08-28 14:24:00-04:00,154.56089782714844,154.61000061035156,154.49000549316406,154.61000061035156,2732
2026-08-28 14:25:00-04:00,154.4949951171875,154.58999633789062,154.4199981689453,154.58999633789062,2398
2026-08-28 14:26:00-04:00,154.58999633789062,154.58999633789062,154.4499969482422,154.4600067138672,3104
2026-08-28 14:27:00-04:00,154.64999389648438,154.6699981689453,154.6096954345703,154.64999389648438,4013
2026-08-28 14:28:00-04:00,154.6649932861328,154.68499755859375,154.60000610351562,154.68499755859375,1900
2026-08-28 14:29:00-04:00,154.5229034423828,154.5229034423828,154.5229034423828,154.5229034423828,628
2026-08-28 14:30:00-04:00,154.47000122070312,154.6300048828125,154.3800048828125,154.55999755859375,14387
2026-08-28 14:31:00-04:00,154.4499969482422,154.4499969482422,154.2899932861328,154.3800048828125,2429
2026-08-28 14:32:00-04:00,154.4199981689453,154.4499969482422,154.36000061035156,154.36000061035156,2480
2026-08-28 14:33:00-04:00,154.24000549316406,154.5,154.24000549316406,154.36000061035156,3205
2026-08-28 14:34:00-04:00,154.41000366210938,154.41000366210938,154.30499267578125,154.30499267578125,1837
2026-08-28 14:35:00-04:00,154.5500030517578,154.5500030517578,154.38999938964844,154.38999938964844,1887
2026-08-28 14:36:00-04:00,154.49000549316406,154.49000549316406,154.4499969482422,154.4600067138672,2903
2026-08-28 14:37:00-04:00,154.49000549316406,154.5,154.3000030517578,154.3000030517578,1869
2026-08-28 14:38:00-04:00,154.41000366210938,154.4949951171875,154.39999389648438,154.39999389648438,1919
2026-08-28 14:39:00-04:00,154.4499969482422,154.4499969482422,154.36000061035156,154.39999389648438,3530
2026-08-28 14:40:00-04:00,154.3000946044922,154.48989868164062,154.3000946044922,154.48989868164062,1729
2026-08-28 14:41:00-04:00,154.39500427246094,154.49000549316406,154.39500427246094,154.47999572753906,4050
2026-08-28 14:42:00-04:00,154.3300018310547,154.44949340820312,154.27000427246094,154.3699951171875,3277
2026-08-28 14:43:00-04:00,154.38999938964844,154.39999389648438,154.35000610351562,154.35000610351562,1527
2026-08-28 14:44:00-04:00,154.42999267578125,154.47999572753906,154.3800048828125,154.3800048828125,2969
2026-08-28 14:45:00-04:00,154.5050048828125,154.5800018310547,154.4250030517578,154.5,6768
2026-08-28 14:47:00-04:00,154.25,154.36000061035156,154.19500732421875,154.36000061035156,4698
2026-08-28 14:48:00-04:00,153.89999389648438,154.22000122070312,153.82049560546875,154.22000122070312,8671
2026-08-28 14:49:00-04:00,153.9250030517578,153.9250030517578,153.83999633789062,153.89999389648438,3530
2026-08-28 14:50:00-04:00,153.7899932861328,153.88999938964844,153.70010375976562,153.88999938964844,9345
2026-08-28 14:51:00-04:00,153.86000061035156,153.86000061035156,153.6824951171875,153.7899932861328,4837
2026-08-28 14:52:00-04:00,153.8885955810547,153.8885955810547,153.81500244140625,153.81500244140625,1761
2026-08-28 14:53:00-04:00,153.89999389648438,153.89999389648438,153.77000427246094,153.7700958251953,6385
2026-08-28 14:54:00-04:00,153.86000061035156,153.86000061035156,153.86000061035156,153.86000061035156,622
2026-08-28 14:55:00-04:00,153.8800048828125,153.9250030517578,153.875,153.875,1771
2026-08-28 14:56:00-04:00,153.8699951171875,153.9600067138672,153.86000061035156,153.90249633789062,2805
2026-08-28 14:57:00-04:00,153.8101043701172,153.97999572753906,153.8101043701172,153.9799041748047,5039
2026-08-28 14:58:00-04:00,153.8300018310547,153.88999938964844,153.77999877929688,153.85000610351562,4269
2026-08-28 14:59:00-04:00,153.86000061035156,153.9199981689453,153.8000030517578,153.8800048828125,7745
2026-08-28 15:00:00-04:00,153.875,153.8800048828125,153.875,153.8800048828125,1033
2026-08-28 15:01:00-04:00,154.0500030517578,154.0500030517578,153.85000610351562,153.85000610351562,4376
2026-08-28 15:02:00-04:00,154.0800018310547,154.1616973876953,154.0399932861328,154.0399932861328,4071
2026-08-28 15:03:00-04:00,154.0800018310547,154.13999938964844,153.97000122070312,154.0800018310547,1750
2026-08-28 15:04:00-04:00,154.06500244140625,154.1199951171875,154.06500244140625,154.0749969482422,1499
2026-08-28 15:05:00-04:00,154.0749969482422,154.14999389648438,154.05999755859375,154.05999755859375,2596
2026-08-28 15:06:00-04:00,154.07000732421875,154.12989807128906,153.97000122070312,154.02000427246094,7609
2026-08-28 15:07:00-04:00,154.16000366210938,154.22999572753906,154.0500030517578,154.05999755859375,5876
2026-08-28 15:08:00-04:00,154.2449951171875,154.36000061035156,154.1699981689453,154.25,6209
2026-08-28 15:09:00-04:00,154.32000732421875,154.3300018310547,154.19000244140625,154.19000244140625,3651
2026-08-28 15:10:00-04:00,154.27130126953125,154.4197998046875,154.22000122070312,154.34500122070312,5072
2026-08-28 15:11:00-04:00,154.30499267578125,154.31500244140625,154.2050018310547,154.3000030517578,4584
2026-08-28 15:12:00-04:00,154.36500549316406,154.42990112304688,154.36000061035156,154.39500427246094,2262
2026-08-28 15:13:00-04:00,154.27000427246094,154.33999633789062,154.27000427246094,154.33999633789062,3534
2026-08-28 15:14:00-04:00,154.27499389648438,154.27999877929688,154.24000549316406,154.24000549316406,667
2026-08-28 15:15:00-04:00,154.13999938964844,154.28500366210938,154.11500549316406,154.28500366210938,7192
2026-08-28 15:16:00-04:00,154.14999389648438,154.2449951171875,154.14999389648438,154.2100067138672,4103
2026-08-28 15:17:00-04:00,154.2050018310547,154.2050018310547,154.2050018310547,154.2050018310547,922
2026-08-28 15:18:00-04:00,154.3300018310547,154.35000610351562,154.18499755859375,154.1999969482422,5057
2026-08-28 15:19:00-04:00,154.36599731445312,154.3699951171875,154.27499389648438,154.35000610351562,2345
2026-08-28 15:20:00-04:00,154.3800048828125,154.3800048828125,154.24000549316406,154.30999755859375,3338
2026-08-28 15:21:00-04:00,154.4499969482422,154.49000549316406,154.41000366210938,154.41000366210938,4194
2026-08-28 15:22:00-04:00,154.44500732421875,154.5,154.44000244140625,154.5,2553
2026-08-28 15:23:00-04:00,154.26010131835938,154.44500732421875,154.26010131835938,154.44500732421875,4367
2026-08-28 15:24:00-04:00,154.05499267578125,154.25999450683594,154.00999450683594,154.25999450683594,6173
2026-08-28 15:25:00-04:00,154.13499450683594,154.1699981689453,154.11000061035156,154.11000061035156,3495
2026-08-28 15:26:00-04:00,154.23500061035156,154.27999877929688,154.13499450683594,154.13999938964844,6864
2026-08-28 15:27:00-04:00,154.30999755859375,154.30999755859375,154.23500061035156,154.23500061035156,2730
2026-08-28 15:28:00-04:00,154.25999450683594,154.3000030517578,154.1457977294922,154.26019287109375,7293
2026-08-28 15:29:00-04:00,154.2100067138672,154.3199005126953,154.1199951171875,154.20010375976562,3617
2026-08-28 15:30:00-04:00,153.97999572753906,154.17999267578125,153.94000244140625,154.17999267578125,8318
2026-08-28 15:31:00-04:00,153.97000122070312,154.03500366210938,153.97000122070312,153.97000122070312,2432
2026-08-28 15:32:00-04:00,153.85000610351562,153.97000122070312,153.83999633789062,153.89999389648438,7353
2026-08-28 15:33:00-04:00,153.67849731445312,153.80999755859375,153.61500549316406,153.7899932861328,4491
2026-08-28 15:34:00-04:00,153.5500030517578,153.67999267578125,153.5,153.63999938964844,13047
2026-08-28 15:35:00-04:00,153.55999755859375,153.6199951171875,153.5,153.55999755859375,10758
2026-08-28 15:36:00-04:00,153.56500244140625,153.56500244140625,153.50999450683594,153.50999450683594,1927
2026-08-28 15:37:00-04:00,153.2949981689453,153.5800018310547,153.2949981689453,153.5800018310547,10461
2026-08-28 15:38:00-04:00,153.3800048828125,153.42999267578125,153.3000030517578,153.32000732421875,8366
2026-08-28 15:39:00-04:00,153.38999938964844,153.42999267578125,153.36000061035156,153.36000061035156,8333
2026-08-28 15:40:00-04:00,153.3000030517578,153.3800048828125,153.3000030517578,153.35000610351562,5132
2026-08-28 15:41:00-04:00,153.1750030517578,153.36000061035156,153.10000610351562,153.3249969482422,10878
2026-08-28 15:42:00-04:00,153.0850067138672,153.1750030517578,153.05999755859375,153.1750030517578,3702
2026-08-28 15:43:00-04:00,153.19500732421875,153.30149841308594,153.02000427246094,153.05999755859375,13631
2026-08-28 15:44:00-04:00,153.1300048828125,153.1999969482422,153.0800018310547,153.13040161132812,8751
2026-08-28 15:45:00-04:00,152.75,153.11500549316406,152.71499633789062,153.10000610351562,27293
2026-08-28 15:46:00-04:00,152.74000549316406,152.83999633789062,152.67999267578125,152.83999633789062,11020
2026-08-28 15:47:00-04:00,152.64999389648438,152.74000549316406,152.64999389648438,152.74000549316406,8443
2026-08-28 15:48:00-04:00,152.77000427246094,152.8498992919922,152.68499755859375,152.68499755859375,23386
2026-08-28 15:49:00-04:00,152.7449951171875,152.86000061035156,152.6645050048828,152.75999450683594,13811
2026-08-28 15:50:00-04:00,153.14990234375,153.22500610351562,152.7449951171875,152.7449951171875,10293
2026-08-28 15:51:00-04:00,153.0500030517578,153.17999267578125,152.97999572753906,153.10499572753906,17114
2026-08-28 15:52:00-04:00,152.97000122070312,153.2550048828125,152.97000122070312,153.10000610351562,15176
2026-08-28 15:53:00-04:00,152.8300018310547,152.9499969482422,152.75999450683594,152.9499969482422,15373
2026-08-28 15:54:00-04:00,152.55999755859375,152.8350067138672,152.34010314941406,152.8300018310547,37097
2026-08-28 15:55:00-04:00,152.8553924560547,152.8800048828125,152.55999755859375,152.55999755859375,15196
2026-08-28 15:56:00-04:00,152.9499969482422,153.0,152.83999633789062,152.9499969482422,21676
2026-08-28 15:57:00-04:00,152.8000030517578,152.99000549316406,152.74000549316406,152.9600067138672,30441
2026-08-28 15:58:00-04:00,152.88999938964844,152.91000366210938,152.6300048828125,152.77999877929688,64039
2026-08-28 15:59:00-04:00,152.9499969482422,153.0,152.7100067138672,152.89999389648438,102502
2026-08-31 09:30:00-04:00,150.71499633789062,151.94180297851562,150.5500030517578,151.32000732421875,98666
2026-08-31 09:31:00-04:00,150.17999267578125,150.58999633789062,149.5,150.55999755859375,40285
2026-08-31 09:32:00-04:00,149.72500610351562,150.79989624023438,149.72500610351562,150.3000030517578,16287
2026-08-31 09:33:00-04:00,149.24000549316406,149.7449951171875,148.61000061035156,149.6699981689453,53979
2026-08-31 09:34:00-04:00,149.19000244140625,149.4600067138672,148.8249969482422,149.24000549316406,24410
2026-08-31 09:35:00-04:00,148.99000549316406,149.10000610351562,148.24000549316406,149.10000610351562,23746
2026-08-31 09:36:00-04:00,149.32000732421875,149.6699981689453,148.7899932861328,148.7899932861328,19192
2026-08-31 09:37:00-04:00,148.99899291992188,149.3800048828125,148.8000030517578,149.1999969482422,17504
2026-08-31 09:38:00-04:00,148.62750244140625,149.00999450683594,148.5,149.0,17484
2026-08-31 09:39:00-04:00,148.772705078125,148.9499969482422,148.5532989501953,148.625,12600
2026-08-31 09:40:00-04:00,147.57000732421875,148.88999938964844,147.47000122070312,148.69000244140625,58502
2026-08-31 09:41:00-04:00,146.7949981689453,147.55499267578125,146.6199951171875,147.47000122070312,45442
2026-08-31 09:42:00-04:00,147.55499267578125,147.6699981689453,146.7100067138672,146.74000549316406,21807
2026-08-31 09:43:00-04:00,147.4550018310547,147.97999572753906,147.26499938964844,147.77000427246094,12672
2026-08-31 09:44:00-04:00,147.3699951171875,147.55999755859375,147.3000030517578,147.4499969482422,8290
2026-08-31 09:45:00-04:00,147.3000030517578,147.9600067138672,147.3000030517578,147.49000549316406,16446
2026-08-31 09:46:00-04:00,147.36500549316406,147.47000122070312,147.239501953125,147.3000030517578,8648
2026-08-31 09:47:00-04:00,147.49000549316406,147.5399932861328,147.20010375976562,147.42999267578125,9609
2026-08-31 09:48:00-04:00,147.23500061035156,147.8000030517578,147.13999938964844,147.67990112304688,12271
2026-08-31 09:49:00-04:00,147.36000061035156,147.65440368652344,147.13999938964844,147.32809448242188,15176
2026-08-31 09:50:00-04:00,147.55999755859375,147.78329467773438,147.3188018798828,147.5,8325
2026-08-31 09:51:00-04:00,147.44500732421875,147.8300018310547,147.39999389648438,147.5850067138672,8509
2026-08-31 09:52:00-04:00,147.5850067138672,147.5850067138672,147.27999877929688,147.44500732421875,16894
2026-08-31 09:53:00-04:00,147.50999450683594,147.61000061035156,147.25,147.61000061035156,7056
2026-08-31 09:54:00-04:00,147.61000061035156,147.74000549316406,147.4250030517578,147.4250030517578,8298
2026-08-31 09:55:00-04:00,147.66000366210938,147.8300018310547,147.52000427246094,147.61000061035156,6115
2026-08-31 09:56:00-04:00,147.7550048828125,147.85000610351562,147.65499877929688,147.65499877929688,5715
2026-08-31 09:57:00-04:00,147.71499633789062,147.8699951171875,147.68499755859375,147.8123016357422,5814
2026-08-31 09:58:00-04:00,147.4600067138672,147.82000732421875,147.33999633789062,147.7550048828125,13238
2026-08-31 09:59:00-04:00,147.38999938964844,147.61000061035156,147.1999969482422,147.4600067138672,14008
2026-08-31 10:00:00-04:00,147.2550048828125,147.3699951171875,147.05999755859375,147.220703125,10050
2026-08-31 10:01:00-04:00,147.26499938964844,147.4499969482422,147.2550048828125,147.2550048828125,6067
2026-08-31 10:02:00-04:00,147.57009887695312,147.6999969482422,147.3350067138672,147.3350067138672,12750
2026-08-31 10:03:00-04:00,148.32000732421875,148.36000061035156,147.67999267578125,147.69000244140625,21478
2026-08-31 10:04:00-04:00,148.0500030517578,148.33990478515625,148.0,148.13999938964844,9679
2026-08-31 10:05:00-04:00,147.86000061035156,147.92999267578125,147.67999267578125,147.92999267578125,5483
2026-08-31 10:06:00-04:00,147.77999877929688,148.05990600585938,147.75,147.86000061035156,6665
2026-08-31 10:07:00-04:00,147.7899932861328,147.8300018310547,147.61000061035156,147.77999877929688,5242
2026-08-31 10:08:00-04:00,148.24000549316406,148.24000549316406,147.75,147.77000427246094,10318
2026-08-31 10:09:00-04:00,147.91009521484375,148.27000427246094,147.91009521484375,148.27000427246094,9970
2026-08-31 10:10:00-04:00,148.05999755859375,148.19000244140625,148.02000427246094,148.05999755859375,5353
2026-08-31 10:11:00-04:00,148.19000244140625,148.19000244140625,147.91000366210938,147.91000366210938,2069
2026-08-31 10:12:00-04:00,148.1999969482422,148.26499938964844,147.9499969482422,148.10000610351562,15310
2026-08-31 10:13:00-04:00,148.39999389648438,148.39999389648438,148.05999755859375,148.1750030517578,6275
2026-08-31 10:14:00-04:00,148.3249969482422,148.4499053955078,148.27999877929688,148.4499053955078,2560
2026-08-31 10:15:00-04:00,148.38999938964844,148.38999938964844,148.16000366210938,148.23519897460938,7537
2026-08-31 10:16:00-04:00,148.22999572753906,148.5198974609375,148.17999267578125,148.32000732421875,16976
2026-08-31 10:17:00-04:00,148.36000061035156,148.4600067138672,148.2200927734375,148.4250030517578,12749
2026-08-31 10:18:00-04:00,148.6649932861328,148.72999572753906,148.46499633789062,148.47999572753906,7522
2026-08-31 10:19:00-04:00,148.74000549316406,148.75,148.60000610351562,148.66000366210938,7369
2026-08-31 10:20:00-04:00,148.66000366210938,148.77000427246094,148.5500030517578,148.74000549316406,11789
2026-08-31 10:21:00-04:00,148.8134002685547,148.89999389648438,148.5870819091797,148.6699981689453,7772
2026-08-31 10:22:00-04:00,148.94500732421875,149.0404052734375,148.7899932861328,148.80999755859375,10232
2026-08-31 10:23:00-04:00,148.77999877929688,148.8780975341797,148.61529541015625,148.83999633789062,9612
2026-08-31 10:24:00-04:00,148.5,148.85000610351562,148.42999267578125,148.8249969482422,7451
2026-08-31 10:25:00-04:00,148.55499267578125,148.63999938964844,148.50999450683594,148.50999450683594,3493
2026-08-31 10:26:00-04:00,148.57000732421875,148.6649932861328,148.57000732421875,148.60000610351562,6670
2026-08-31 10:27:00-04:00,148.74000549316406,148.80999755859375,148.50999450683594,148.5850067138672,7026
2026-08-31 10:28:00-04:00,148.86000061035156,149.00999450683594,148.72000122070312,148.72500610351562,3678
2026-08-31 10:29:00-04:00,148.75,148.89990234375,148.57009887695312,148.75,6656
2026-08-31 10:30:00-04:00,149.0399932861328,149.0399932861328,148.60009765625,148.60009765625,4463
2026-08-31 10:31:00-04:00,149.22999572753906,149.22999572753906,149.07000732421875,149.07000732421875,9398
2026-08-31 10:32:00-04:00,149.25100708007812,149.44000244140625,149.1999969482422,149.2050018310547,11417
2026-08-31 10:33:00-04:00,149.39739990234375,149.42999267578125,149.25999450683594,149.35499572753906,3945
2026-08-31 10:34:00-04:00,149.0500030517578,149.31500244140625,149.0500030517578,149.30999755859375,10095
2026-08-31 10:35:00-04:00,149.2899932861328,149.2899932861328,149.0800018310547,149.0800018310547,7811
2026-08-31 10:36:00-04:00,149.3000030517578,149.4199981689453,149.2550048828125,149.3000030517578,2926
2026-08-31 10:37:00-04:00,149.44000244140625,149.4600067138672,149.27020263671875,149.27020263671875,17615
2026-08-31 10:38:00-04:00,149.08999633789062,149.35000610351562,149.0,149.35000610351562,4535
2026-08-31 10:39:00-04:00,149.1699981689453,149.22000122070312,149.1199951171875,149.1699981689453,3836
2026-08-31 10:40:00-04:00,149.25,149.3531951904297,149.1699981689453,149.22410583496094,2828
2026-08-31 10:41:00-04:00,149.33999633789062,149.33999633789062,149.2449951171875,149.2449951171875,1581
2026-08-31 10:42:00-04:00,149.3800048828125,149.5,149.33990478515625,149.33990478515625,5235
2026-08-31 10:43:00-04:00,149.39999389648438,149.50999450683594,149.38999938964844,149.50999450683594,4441
2026-08-31 10:44:00-04:00,149.07000732421875,149.35000610351562,149.0399932861328,149.35000610351562,10961
2026-08-31 10:45:00-04:00,148.8800048828125,149.07000732421875,148.77000427246094,149.07000732421875,8407
2026-08-31 10:46:00-04:00,148.72500610351562,148.89990234375,148.67999267578125,148.8000030517578,8784
2026-08-31 10:47:00-04:00,148.75999450683594,148.87969970703125,148.6300048828125,148.77499389648438,2740
2026-08-31 10:48:00-04:00,148.67999267578125,148.74000549316406,148.67999267578125,148.74000549316406,2335
2026-08-31 10:49:00-04:00,148.61500549316406,148.75,148.61500549316406,148.6750030517578,3644
2026-08-31 10:50:00-04:00,148.63499450683594,148.6999969482422,148.55999755859375,148.61500549316406,5391
2026-08-31 10:51:00-04:00,148.35499572753906,148.67999267578125,148.35499572753906,148.67999267578125,6389
2026-08-31 10:52:00-04:00,148.2700958251953,148.4199981689453,148.25,148.35000610351562,5448
2026-08-31 10:53:00-04:00,148.30499267578125,148.36000061035156,148.25,148.25999450683594,7084
2026-08-31 10:54:00-04:00,148.25,148.35989379882812,148.1999969482422,148.30499267578125,4974
2026-08-31 10:55:00-04:00,148.33880615234375,148.33999633789062,148.22999572753906,148.23500061035156,6210
2026-08-31 10:56:00-04:00,148.61000061035156,148.64999389648438,148.33999633789062,148.33999633789062,8177
2026-08-31 10:57:00-04:00,148.74000549316406,148.74000549316406,148.5500030517578,148.5500030517578,4179
2026-08-31 10:58:00-04:00,148.54010009765625,148.73049926757812,148.54010009765625,148.7292022705078,6056
2026-08-31 10:59:00-04:00,148.5399932861328,148.6300048828125,148.39999389648438,148.6300048828125,5944
2026-08-31 11:00:00-04:00,148.4250030517578,148.7100067138672,148.3000946044922,148.35499572753906,15261
2026-08-31 11:01:00-04:00,148.10000610351562,148.54949951171875,148.10000610351562,148.54949951171875,3973
2026-08-31 11:02:00-04:00,148.0,148.24989318847656,147.89999389648438,148.125,7353
2026-08-31 11:03:00-04:00,148.24000549316406,148.24000549316406,147.98500061035156,148.02000427246094,7485
2026-08-31 11:04:00-04:00,148.1300048828125,148.3699951171875,148.1300048828125,148.3699951171875,2124
2026-08-31 11:05:00-04:00,148.19000244140625,148.22000122070312,148.10000610351562,148.1300048828125,4286
2026-08-31 11:06:00-04:00,148.30459594726562,148.31500244140625,148.0800018310547,148.27999877929688,3076
2026-08-31 11:07:00-04:00,148.1999969482422,148.22999572753906,148.08009338378906,148.12339782714844,2894
2026-08-31 11:08:00-04:00,148.02999877929688,148.2100067138672,148.02999877929688,148.04710388183594,6234
2026-08-31 11:09:00-04:00,148.30999755859375,148.30999755859375,148.1999969482422,148.22000122070312,6514
2026-08-31 11:10:00-04:00,148.41000366210938,148.4499969482422,148.27499389648438,148.27499389648438,3782
2026-08-31 11:11:00-04:00,148.4199981689453,148.4600067138672,148.3699951171875,148.42999267578125,2979
2026-08-31 11:12:00-04:00,148.46499633789062,148.50999450683594,148.36500549316406,148.44000244140625,4093
2026-08-31 11:13:00-04:00,148.2899932861328,148.45660400390625,148.28799438476562,148.42999267578125,4696
2026-08-31 11:14:00-04:00,148.1750030517578,148.24989318847656,148.14010620117188,148.19000244140625,4957
2026-08-31 11:15:00-04:00,148.39999389648438,148.39999389648438,148.1750030517578,148.1750030517578,7611
2026-08-31 11:16:00-04:00,148.4199981689453,148.5,148.3699951171875,148.3699951171875,2995
2026-08-31 11:17:00-04:00,148.38499450683594,148.55990600585938,148.3800048828125,148.38499450683594,4002
2026-08-31 11:18:00-04:00,148.22500610351562,148.38499450683594,148.22500610351562,148.38499450683594,3532
2026-08-31 11:19:00-04:00,148.10000610351562,148.27000427246094,148.10000610351562,148.2449951171875,5123
2026-08-31 11:20:00-04:00,148.3699951171875,148.3699951171875,148.17999267578125,148.17999267578125,3924
2026-08-31 11:21:00-04:00,148.3800048828125,148.4600067138672,148.3300018310547,148.39990234375,3040
2026-08-31 11:22:00-04:00,148.4600067138672,148.55999755859375,148.4001007080078,148.47999572753906,4784
2026-08-31 11:23:00-04:00,148.52000427246094,148.5500030517578,148.41000366210938,148.41000366210938,4391
2026-08-31 11:24:00-04:00,148.63999938964844,148.63999938964844,148.48500061035156,148.50999450683594,6374
2026-08-31 11:25:00-04:00,148.52999877929688,148.64500427246094,148.52999877929688,148.64500427246094,3221
2026-08-31 11:26:00-04:00,148.5500030517578,148.5500030517578,148.39999389648438,148.49000549316406,4990
2026-08-31 11:27:00-04:00,148.44000244140625,148.49000549316406,148.4199981689453,148.49000549316406,2201
2026-08-31 11:28:00-04:00,148.4199981689453,148.52000427246094,148.41009521484375,148.52000427246094,5329
2026-08-31 11:29:00-04:00,148.30499267578125,148.47999572753906,148.30499267578125,148.46499633789062,4854
2026-08-31 11:30:00-04:00,148.07000732421875,148.30499267578125,148.07000732421875,148.30499267578125,4634
2026-08-31 11:31:00-04:00,148.1199951171875,148.16000366210938,148.07000732421875,148.1199951171875,7650
2026-08-31 11:32:00-04:00,148.125,148.1999969482422,148.11000061035156,148.19000244140625,2397
2026-08-31 11:33:00-04:00,148.07249450683594,148.11500549316406,148.0399932861328,148.0500030517578,4433
2026-08-31 11:34:00-04:00,148.0500030517578,148.08999633789062,147.9600067138672,148.02999877929688,13541
2026-08-31 11:35:00-04:00,148.10000610351562,148.10000610351562,148.0399932861328,148.07000732421875,6115
2026-08-31 11:36:00-04:00,148.22000122070312,148.25,148.02749633789062,148.02749633789062,11722
2026-08-31 11:37:00-04:00,148.3000030517578,148.32000732421875,148.22000122070312,148.3000030517578,1904
2026-08-31 11:38:00-04:00,148.22999572753906,148.22999572753906,148.13999938964844,148.2050018310547,2540
2026-08-31 11:39:00-04:00,148.10000610351562,148.19500732421875,148.0800018310547,148.19000244140625,3168
2026-08-31 11:40:00-04:00,148.08999633789062,148.1699981689453,148.05470275878906,148.14999389648438,2440
2026-08-31 11:41:00-04:00,148.1199951171875,148.1199951171875,148.00999450683594,148.08999633789062,4390
2026-08-31 11:42:00-04:00,148.32000732421875,148.32000732421875,148.0800018310547,148.0800018310547,8613
2026-08-31 11:43:00-04:00,148.1999969482422,148.36990356445312,148.1999969482422,148.3000030517578,3890
2026-08-31 11:44:00-04:00,148.1699981689453,148.25,148.1699981689453,148.2449951171875,2411
2026-08-31 11:45:00-04:00,148.19000244140625,148.27000427246094,148.13009643554688,148.22999572753906,2597
2026-08-31 11:46:00-04:00,148.25,148.27999877929688,148.1999969482422,148.1999969482422,2283
2026-08-31 11:47:00-04:00,148.22999572753906,148.30990600585938,148.16659545898438,148.30990600585938,2084
2026-08-31 11:48:00-04:00,148.22999572753906,148.2368927001953,148.19000244140625,148.19000244140625,2530
2026-08-31 11:49:00-04:00,148.24000549316406,148.27999877929688,148.2100067138672,148.2100067138672,3289
2026-08-31 11:50:00-04:00,148.2550048828125,148.30999755859375,148.21499633789062,148.27000427246094,3718
2026-08-31 11:51:00-04:00,148.3300018310547,148.38999938964844,148.1199951171875,148.1199951171875,4365
2026-08-31 11:52:00-04:00,148.25999450683594,148.38999938964844,148.25999450683594,148.3300018310547,3373
2026-08-31 11:53:00-04:00,148.2100067138672,148.2949981689453,148.2050018310547,148.25999450683594,2863
2026-08-31 11:54:00-04:00,148.2449951171875,148.33990478515625,148.19009399414062,148.2263946533203,4591
2026-08-31 11:55:00-04:00,148.24000549316406,148.3184051513672,148.24000549316406,148.2449951171875,2643
2026-08-31 11:56:00-04:00,148.2100067138672,148.27999877929688,148.2100067138672,148.24000549316406,1402
2026-08-31 11:57:00-04:00,148.0399932861328,148.16000366210938,148.0399932861328,148.16000366210938,9093
2026-08-31 11:58:00-04:00,147.875,148.02000427246094,147.8406982421875,148.02000427246094,17500
2026-08-31 11:59:00-04:00,147.85499572753906,147.89999389648438,147.8300018310547,147.875,3312
2026-08-31 12:00:00-04:00,147.75999450683594,147.83999633789062,147.75999450683594,147.8000030517578,3178
2026-08-31 12:01:00-04:00,147.7949981689453,147.85000610351562,147.72999572753906,147.8000030517578,5927
2026-08-31 12:02:00-04:00,147.8800048828125,147.8800048828125,147.75999450683594,147.8000946044922,8062
2026-08-31 12:03:00-04:00,147.93499755859375,147.97999572753906,147.8699951171875,147.8699951171875,6012
2026-08-31 12:04:00-04:00,147.9698944091797,147.97999572753906,147.89999389648438,147.97999572753906,2855
2026-08-31 12:05:00-04:00,148.02999877929688,148.0399932861328,147.97000122070312,147.97000122070312,3557
2026-08-31 12:06:00-04:00,147.92999267578125,147.93499755859375,147.92999267578125,147.93499755859375,739
2026-08-31 12:07:00-04:00,148.07000732421875,148.07000732421875,147.9600067138672,148.02999877929688,3377
2026-08-31 12:08:00-04:00,148.08999633789062,148.125,148.05499267578125,148.05499267578125,2372
2026-08-31 12:09:00-04:00,148.0850067138672,148.08999633789062,148.0850067138672,148.08999633789062,1721
2026-08-31 12:10:00-04:00,148.27999877929688,148.32000732421875,148.0850067138672,148.0850067138672,5314
2026-08-31 12:11:00-04:00,148.38999938964844,148.39999389648438,148.27999877929688,148.30999755859375,3736
2026-08-31 12:12:00-04:00,148.38999938964844,148.38999938964844,148.32000732421875,148.38999938964844,2861
2026-08-31 12:13:00-04:00,148.44000244140625,148.4499969482422,148.36000061035156,148.36000061035156,3384
2026-08-31 12:14:00-04:00,148.49000549316406,148.66000366210938,148.4156951904297,148.4156951904297,5854
2026-08-31 12:15:00-04:00,148.51600646972656,148.6199951171875,148.5,148.5800018310547,3358
2026-08-31 12:16:00-04:00,148.22999572753906,148.49000549316406,148.22999572753906,148.49000549316406,5644
2026-08-31 12:17:00-04:00,148.22500610351562,148.22999572753906,148.14999389648438,148.14999389648438,1784
2026-08-31 12:18:00-04:00,148.16000366210938,148.27000427246094,148.14999389648438,148.1999969482422,1970
2026-08-31 12:19:00-04:00,148.14500427246094,148.16000366210938,148.0800018310547,148.16000366210938,4617
2026-08-31 12:20:00-04:00,148.18499755859375,148.19000244140625,148.09500122070312,148.09500122070312,2004
2026-08-31 12:21:00-04:00,148.07000732421875,148.22000122070312,148.02999877929688,148.1750030517578,4022
2026-08-31 12:22:00-04:00,147.9199981689453,148.04600524902344,147.9199981689453,148.04600524902344,4674
2026-08-31 12:23:00-04:00,147.89999389648438,148.0399932861328,147.89999389648438,147.97999572753906,8573
2026-08-31 12:24:00-04:00,147.92999267578125,148.00999450683594,147.8800048828125,147.89999389648438,6517
2026-08-31 12:25:00-04:00,148.01499938964844,148.08999633789062,147.94500732421875,148.0,5633
2026-08-31 12:26:00-04:00,148.08999633789062,148.1300048828125,148.05999755859375,148.05999755859375,931
2026-08-31 12:27:00-04:00,148.07000732421875,148.1300048828125,148.07000732421875,148.1300048828125,6138
2026-08-31 12:28:00-04:00,148.13999938964844,148.13999938964844,148.08999633789062,148.08999633789062,1932
2026-08-31 12:29:00-04:00,148.13499450683594,148.22000122070312,148.13499450683594,148.16000366210938,5050
2026-08-31 12:30:00-04:00,148.19000244140625,148.19000244140625,148.1199951171875,148.1649932861328,3531
2026-08-31 12:31:00-04:00,148.14999389648438,148.2100067138672,148.0500030517578,148.125,5701
2026-08-31 12:32:00-04:00,148.08999633789062,148.1300048828125,148.0500030517578,148.1300048828125,1492
2026-08-31 12:33:00-04:00,148.0749969482422,148.11000061035156,148.01499938964844,148.0800018310547,1249
2026-08-31 12:34:00-04:00,148.216796875,148.216796875,148.06500244140625,148.06500244140625,5066
2026-08-31 12:35:00-04:00,148.30999755859375,148.30999755859375,148.07000732421875,148.07000732421875,3975
2026-08-31 12:36:00-04:00,148.19500732421875,148.26499938964844,148.19000244140625,148.26499938964844,2620
2026-08-31 12:37:00-04:00,148.125,148.19500732421875,148.10000610351562,148.19500732421875,3559
2026-08-31 12:38:00-04:00,148.22500610351562,148.25,148.10000610351562,148.16000366210938,3274
2026-08-31 12:39:00-04:00,148.2100067138672,148.2100067138672,148.14999389648438,148.2050018310547,2587
2026-08-31 12:40:00-04:00,148.13999938964844,148.24000549316406,148.1199951171875,148.24000549316406,2351
2026-08-31 12:41:00-04:00,148.35000610351562,148.35000610351562,148.1999969482422,148.1999969482422,3217
2026-08-31 12:42:00-04:00,148.4600067138672,148.4600067138672,148.4149932861328,148.4149932861328,702
2026-08-31 12:43:00-04:00,148.5800018310547,148.5800018310547,148.41580200195312,148.41580200195312,4951
2026-08-31 12:44:00-04:00,148.52000427246094,148.55499267578125,148.5,148.55499267578125,3259
2026-08-31 12:45:00-04:00,148.49000549316406,148.5740966796875,148.49000549316406,148.52499389648438,4111
2026-08-31 12:46:00-04:00,148.49000549316406,148.49000549316406,148.38999938964844,148.41000366210938,2078
2026-08-31 12:47:00-04:00,148.41000366210938,148.4499969482422,148.41000366210938,148.41000366210938,1488
2026-08-31 12:48:00-04:00,148.49000549316406,148.49000549316406,148.3699951171875,148.4149932861328,3679
2026-08-31 12:49:00-04:00,148.5399932861328,148.5399932861328,148.47500610351562,148.49000549316406,4563
2026-08-31 12:50:00-04:00,148.375,148.50559997558594,148.36000061035156,148.50559997558594,2997
2026-08-31 12:51:00-04:00,148.30499267578125,148.3699951171875,148.28500366210938,148.3699951171875,6139
2026-08-31 12:52:00-04:00,148.5019989013672,148.5019989013672,148.35000610351562,148.35000610351562,3971
2026-08-31 12:53:00-04:00,148.47999572753906,148.52499389648438,148.47999572753906,148.5,3753
2026-08-31 12:54:00-04:00,148.47500610351562,148.5399932861328,148.42999267578125,148.5399932861328,1740
2026-08-31 12:55:00-04:00,148.5399932861328,148.57000732421875,148.47500610351562,148.47500610351562,3839
2026-08-31 12:56:00-04:00,148.5800018310547,148.5800018310547,148.55999755859375,148.57000732421875,1201
2026-08-31 12:57:00-04:00,148.54299926757812,148.5500030517578,148.44000244140625,148.5399932861328,5149
2026-08-31 12:58:00-04:00,148.44000244140625,148.5500030517578,148.44000244140625,148.5500030517578,1750
2026-08-31 12:59:00-04:00,148.3350067138672,148.43499755859375,148.32000732421875,148.43499755859375,2540
2026-08-31 13:00:00-04:00,148.32000732421875,148.38999938964844,148.32000732421875,148.33999633789062,2558
2026-08-31 13:01:00-04:00,148.16000366210938,148.32000732421875,148.14999389648438,148.30999755859375,5523
2026-08-31 13:02:00-04:00,148.18499755859375,148.25999450683594,148.10000610351562,148.13999938964844,7386
2026-08-31 13:03:00-04:00,148.10000610351562,148.22999572753906,148.10000610351562,148.1999969482422,4152
2026-08-31 13:04:00-04:00,148.27999877929688,148.3699951171875,148.1699981689453,148.1699981689453,5574
2026-08-31 13:05:00-04:00,148.22000122070312,148.3699951171875,148.22000122070312,148.3699951171875,1213
2026-08-31 13:06:00-04:00,148.0207061767578,148.21499633789062,148.0,148.21499633789062,9545
2026-08-31 13:07:00-04:00,147.95010375976562,148.00750732421875,147.89999389648438,147.97999572753906,7848
2026-08-31 13:08:00-04:00,147.8800048828125,147.9600067138672,147.8300018310547,147.9199981689453,6285
2026-08-31 13:09:00-04:00,147.75,147.89999389648438,147.6999969482422,147.86000061035156,9153
2026-08-31 13:10:00-04:00,147.82000732421875,147.82000732421875,147.68499755859375,147.69000244140625,3870
2026-08-31 13:11:00-04:00,147.7550048828125,147.82000732421875,147.66000366210938,147.74000549316406,2671
2026-08-31 13:12:00-04:00,147.83999633789062,147.8699951171875,147.75,147.8000030517578,5048
2026-08-31 13:13:00-04:00,147.92999267578125,147.94000244140625,147.81500244140625,147.8665008544922,5130
2026-08-31 13:14:00-04:00,148.0,148.0,147.90499877929688,147.91000366210938,5094
2026-08-31 13:15:00-04:00,148.02000427246094,148.05999755859375,147.9550018310547,147.9600067138672,6027
2026-08-31 13:16:00-04:00,148.08999633789062,148.1999969482422,148.08999633789062,148.1300048828125,5825
2026-08-31 13:17:00-04:00,148.05499267578125,148.1300048828125,148.05499267578125,148.10000610351562,4161
2026-08-31 13:18:00-04:00,147.98500061035156,148.08999633789062,147.93460083007812,148.00999450683594,8146
2026-08-31 13:19:00-04:00,148.02999877929688,148.0697021484375,147.89999389648438,148.0697021484375,4454
2026-08-31 13:20:00-04:00,147.9499969482422,148.00999450683594,147.92999267578125,147.92999267578125,2241
2026-08-31 13:21:00-04:00,147.94000244140625,147.97999572753906,147.88999938964844,147.97999572753906,1669
2026-08-31 13:22:00-04:00,148.03990173339844,148.0500030517578,147.94000244140625,147.94000244140625,3031
2026-08-31 13:23:00-04:00,147.97000122070312,147.97000122070312,147.9149932861328,147.9149932861328,724
2026-08-31 13:24:00-04:00,148.0,148.0,147.9499969482422,147.9499969482422,2690
2026-08-31 13:25:00-04:00,147.84500122070312,147.9499969482422,147.82000732421875,147.93499755859375,2861
2026-08-31 13:26:00-04:00,147.78500366210938,147.92999267578125,147.78500366210938,147.92999267578125,2215
2026-08-31 13:27:00-04:00,147.77000427246094,147.78500366210938,147.72000122070312,147.78500366210938,5350
2026-08-31 13:28:00-04:00,147.7899932861328,147.83990478515625,147.7449951171875,147.8000030517578,5232
2026-08-31 13:29:00-04:00,147.7100067138672,147.8000030517578,147.7100067138672,147.8000030517578,3330
2026-08-31 13:30:00-04:00,147.8350067138672,147.8699951171875,147.67999267578125,147.7449951171875,6784
2026-08-31 13:31:00-04:00,147.9199981689453,147.9199981689453,147.85000610351562,147.8800048828125,3278
2026-08-31 13:32:00-04:00,147.86500549316406,147.97999572753906,147.80999755859375,147.94000244140625,3560
2026-08-31 13:33:00-04:00,147.8000030517578,147.88999938964844,147.8000030517578,147.88999938964844,1848
2026-08-31 13:34:00-04:00,147.889892578125,147.889892578125,147.77499389648438,147.843994140625,2134
2026-08-31 13:35:00-04:00,147.83999633789062,147.88999938964844,147.75,147.82000732421875,5402
2026-08-31 13:36:00-04:00,147.82000732421875,147.82000732421875,147.72999572753906,147.80499267578125,3719
2026-08-31 13:37:00-04:00,147.78500366210938,147.86000061035156,147.77999877929688,147.81500244140625,2555
2026-08-31 13:38:00-04:00,147.8699951171875,147.8699951171875,147.80999755859375,147.85830688476562,3829
2026-08-31 13:39:00-04:00,147.9499969482422,147.9499969482422,147.8000030517578,147.83999633789062,4371
2026-08-31 13:40:00-04:00,147.875,147.99000549316406,147.875,147.99000549316406,1443
2026-08-31 13:41:00-04:00,147.91000366210938,147.97000122070312,147.89999389648438,147.91000366210938,2457
2026-08-31 13:42:00-04:00,147.9600067138672,147.97000122070312,147.9250030517578,147.93499755859375,1601
2026-08-31 13:43:00-04:00,147.89500427246094,147.93569946289062,147.8699951171875,147.93569946289062,3666
2026-08-31 13:44:00-04:00,147.88499450683594,147.89599609375,147.88499450683594,147.88999938964844,1811
2026-08-31 13:45:00-04:00,147.75860595703125,147.8350067138672,147.69000244140625,147.8300018310547,15467
2026-08-31 13:46:00-04:00,147.84500122070312,147.86000061035156,147.7100067138672,147.75999450683594,5097
2026-08-31 13:47:00-04:00,147.80999755859375,147.8699951171875,147.80999755859375,147.82000732421875,2134
2026-08-31 13:48:00-04:00,147.8000030517578,147.8300018310547,147.77000427246094,147.80999755859375,3854
2026-08-31 13:49:00-04:00,147.77000427246094,147.8300018310547,147.77000427246094,147.7899932861328,3400
2026-08-31 13:50:00-04:00,147.72000122070312,147.8300018310547,147.72000122070312,147.77999877929688,2707
2026-08-31 13:51:00-04:00,147.77499389648438,147.8300018310547,147.77499389648438,147.77499389648438,2723
2026-08-31 13:52:00-04:00,147.76499938964844,147.77999877929688,147.74000549316406,147.74000549316406,2223
2026-08-31 13:53:00-04:00,147.69500732421875,147.72000122070312,147.69000244140625,147.72000122070312,1536
2026-08-31 13:54:00-04:00,147.64500427246094,147.74000549316406,147.61000061035156,147.69000244140625,9604
2026-08-31 13:55:00-04:00,147.5,147.6898956298828,147.46499633789062,147.64500427246094,17112
2026-08-31 13:56:00-04:00,147.57000732421875,147.57000732421875,147.49000549316406,147.52999877929688,7420
2026-08-31 13:57:00-04:00,147.47000122070312,147.55999755859375,147.3874969482422,147.55999755859375,10854
2026-08-31 13:58:00-04:00,147.47000122070312,147.49000549316406,147.4149932861328,147.447998046875,2129
2026-08-31 13:59:00-04:00,147.3000030517578,147.47000122070312,147.3000030517578,147.47000122070312,5711
2026-08-31 14:00:00-04:00,147.2100067138672,147.3000030517578,147.14500427246094,147.2899932861328,9381
2026-08-31 14:01:00-04:00,147.52999877929688,147.52999877929688,147.24000549316406,147.25,9868
2026-08-31 14:02:00-04:00,147.5500030517578,147.57000732421875,147.47500610351562,147.52000427246094,11461
2026-08-31 14:03:00-04:00,147.80999755859375,147.83999633789062,147.5800018310547,147.5800018310547,9881
2026-08-31 14:04:00-04:00,147.77999877929688,147.80999755859375,147.74749755859375,147.8000030517578,8245
2026-08-31 14:05:00-04:00,147.77000427246094,147.83999633789062,147.69000244140625,147.69000244140625,2362
2026-08-31 14:06:00-04:00,147.77999877929688,147.77999877929688,147.77000427246094,147.77000427246094,2636
2026-08-31 14:07:00-04:00,147.7375030517578,147.77999877929688,147.69000244140625,147.72000122070312,2367
2026-08-31 14:08:00-04:00,147.86000061035156,147.8699951171875,147.77499389648438,147.77499389648438,4570
2026-08-31 14:09:00-04:00,147.80499267578125,147.83999633789062,147.8000030517578,147.83999633789062,3407
2026-08-31 14:10:00-04:00,147.82000732421875,147.82000732421875,147.77000427246094,147.80999755859375,2167
2026-08-31 14:11:00-04:00,147.80499267578125,147.85899353027344,147.80499267578125,147.82000732421875,2315
2026-08-31 14:12:00-04:00,147.80499267578125,147.80499267578125,147.8000030517578,147.8000030517578,1151
2026-08-31 14:13:00-04:00,147.83999633789062,147.8800048828125,147.80999755859375,147.80999755859375,4858
2026-08-31 14:14:00-04:00,147.8000030517578,147.87989807128906,147.8000030517578,147.80999755859375,2247
2026-08-31 14:15:00-04:00,147.86500549316406,147.8800048828125,147.8000030517578,147.81500244140625,8399
2026-08-31 14:16:00-04:00,147.84500122070312,147.89999389648438,147.77000427246094,147.85000610351562,5417
2026-08-31 14:17:00-04:00,147.76499938964844,147.82000732421875,147.75999450683594,147.8000030517578,2071
2026-08-31 14:18:00-04:00,147.74000549316406,147.74000549316406,147.72999572753906,147.72999572753906,2396
2026-08-31 14:19:00-04:00,147.41000366210938,147.77000427246094,147.41000366210938,147.77000427246094,9925
2026-08-31 14:20:00-04:00,147.3800048828125,147.41000366210938,147.3000030517578,147.41000366210938,8815
2026-08-31 14:21:00-04:00,147.3000030517578,147.36500549316406,147.25999450683594,147.36500549316406,2657
2026-08-31 14:22:00-04:00,147.1999969482422,147.28799438476562,147.1999969482422,147.25999450683594,3438
2026-08-31 14:23:00-04:00,147.27000427246094,147.27000427246094,147.19000244140625,147.23500061035156,7187
2026-08-31 14:24:00-04:00,147.19509887695312,147.2794952392578,147.14999389648438,147.21499633789062,2887
2026-08-31 14:25:00-04:00,147.25,147.25,147.13999938964844,147.14999389648438,5822
2026-08-31 14:26:00-04:00,146.99000549316406,147.25999450683594,146.99000549316406,147.23500061035156,30633
2026-08-31 14:27:00-04:00,146.86500549316406,147.07000732421875,146.6999969482422,147.02999877929688,33689
2026-08-31 14:28:00-04:00,147.03500366210938,147.1300048828125,146.82000732421875,146.82000732421875,15386
2026-08-31 14:29:00-04:00,147.25,147.27000427246094,147.0200958251953,147.0449981689453,3557
2026-08-31 14:30:00-04:00,147.24000549316406,147.2899932861328,147.21499633789062,147.24000549316406,6058
2026-08-31 14:31:00-04:00,147.21499633789062,147.2899932861328,147.1999969482422,147.27000427246094,4588
2026-08-31 14:32:00-04:00,147.3000030517578,147.3184051513672,147.22000122070312,147.24000549316406,9198
2026-08-31 14:33:00-04:00,147.2949981689453,147.32000732421875,147.2550048828125,147.2550048828125,7957
2026-08-31 14:34:00-04:00,147.2100067138672,147.3699951171875,147.17999267578125,147.30999755859375,7950
2026-08-31 14:35:00-04:00,147.2899932861328,147.3699951171875,147.24000549316406,147.24000549316406,7915
2026-08-31 14:36:00-04:00,147.13009643554688,147.32899475097656,147.1300048828125,147.2550048828125,5493
2026-08-31 14:37:00-04:00,147.27000427246094,147.27000427246094,147.1999969482422,147.2100067138672,3781
2026-08-31 14:38:00-04:00,147.19000244140625,147.2550048828125,147.1300048828125,147.2550048828125,5669
2026-08-31 14:39:00-04:00,147.1699981689453,147.22999572753906,147.1699981689453,147.19000244140625,2640
2026-08-31 14:40:00-04:00,147.3000030517578,147.30999755859375,147.19000244140625,147.19000244140625,5805
2026-08-31 14:41:00-04:00,147.2899932861328,147.2899932861328,147.24000549316406,147.28500366210938,3486
2026-08-31 14:42:00-04:00,147.2899932861328,147.32000732421875,147.26499938964844,147.2899932861328,7149
2026-08-31 14:43:00-04:00,147.2899932861328,147.3195037841797,147.22000122070312,147.3000030517578,3966
2026-08-31 14:44:00-04:00,147.3000030517578,147.35000610351562,147.28500366210938,147.30999755859375,2810
2026-08-31 14:45:00-04:00,147.3000030517578,147.3000030517578,147.25,147.2949981689453,5479
2026-08-31 14:46:00-04:00,147.19500732421875,147.32000732421875,147.19000244140625,147.32000732421875,4147
2026-08-31 14:47:00-04:00,147.2299041748047,147.2299041748047,147.14999389648438,147.19500732421875,2426
2026-08-31 14:48:00-04:00,147.27000427246094,147.27000427246094,147.16000366210938,147.22999572753906,7565
2026-08-31 14:49:00-04:00,147.26499938964844,147.3114013671875,147.26499938964844,147.3114013671875,1775
2026-08-31 14:50:00-04:00,147.25999450683594,147.26499938964844,147.25,147.2550048828125,1698
2026-08-31 14:51:00-04:00,147.41000366210938,147.4600067138672,147.2899932861328,147.3000030517578,8745
2026-08-31 14:52:00-04:00,147.41000366210938,147.4499969482422,147.38999938964844,147.4199981689453,2997
2026-08-31 14:53:00-04:00,147.44500732421875,147.47000122070312,147.37940979003906,147.41000366210938,4217
2026-08-31 14:54:00-04:00,147.4600067138672,147.5299072265625,147.44500732421875,147.47999572753906,4638
2026-08-31 14:55:00-04:00,147.30499267578125,147.44509887695312,147.30499267578125,147.44509887695312,5297
2026-08-31 14:56:00-04:00,147.3350067138672,147.3699951171875,147.27000427246094,147.30499267578125,5737
2026-08-31 14:57:00-04:00,147.27999877929688,147.3350067138672,147.22000122070312,147.3350067138672,5331
2026-08-31 14:58:00-04:00,147.33999633789062,147.33999633789062,147.24000549316406,147.24000549316406,3362
2026-08-31 14:59:00-04:00,147.27999877929688,147.3699951171875,147.27999877929688,147.3000030517578,3472
2026-08-31 15:00:00-04:00,147.4199981689453,147.48300170898438,147.2899932861328,147.30999755859375,7295
2026-08-31 15:01:00-04:00,147.39999389648438,147.4499969482422,147.38999938964844,147.39999389648438,4851
2026-08-31 15:02:00-04:00,147.52999877929688,147.55999755859375,147.36549377441406,147.36549377441406,13470
2026-08-31 15:03:00-04:00,147.52000427246094,147.53750610351562,147.47999572753906,147.52999877929688,6701
2026-08-31 15:04:00-04:00,147.5850067138672,147.6300048828125,147.52000427246094,147.5399932861328,4130
2026-08-31 15:05:00-04:00,147.60000610351562,147.66000366210938,147.55999755859375,147.55999755859375,8395
2026-08-31 15:06:00-04:00,147.5399932861328,147.58999633789062,147.50999450683594,147.58999633789062,5971
2026-08-31 15:07:00-04:00,147.85000610351562,147.86000061035156,147.5399932861328,147.5399932861328,12615
2026-08-31 15:08:00-04:00,147.79269409179688,147.8762969970703,147.79269409179688,147.80499267578125,4655
2026-08-31 15:09:00-04:00,147.8917999267578,147.8917999267578,147.84500122070312,147.85000610351562,5963
2026-08-31 15:10:00-04:00,147.99000549316406,147.99000549316406,147.86000061035156,147.86000061035156,6716
2026-08-31 15:11:00-04:00,147.79010009765625,147.97999572753906,147.79010009765625,147.9600067138672,4961
2026-08-31 15:12:00-04:00,147.77000427246094,147.875,147.77000427246094,147.8699951171875,6329
2026-08-31 15:13:00-04:00,147.8699951171875,147.8800048828125,147.80999755859375,147.85560607910156,3138
2026-08-31 15:14:00-04:00,147.6699981689453,147.8800048828125,147.6300048828125,147.85000610351562,7896
2026-08-31 15:15:00-04:00,147.52999877929688,147.69749450683594,147.42999267578125,147.64999389648438,11287
2026-08-31 15:16:00-04:00,147.5,147.5998992919922,147.42999267578125,147.52999877929688,7258
2026-08-31 15:17:00-04:00,147.44000244140625,147.5570068359375,147.44000244140625,147.4499969482422,5590
2026-08-31 15:18:00-04:00,147.3800048828125,147.49000549316406,147.3800048828125,147.49000549316406,3949
2026-08-31 15:19:00-04:00,147.42999267578125,147.5,147.3800048828125,147.44500732421875,5569
2026-08-31 15:20:00-04:00,147.24000549316406,147.3800048828125,147.2301025390625,147.30999755859375,5977
2026-08-31 15:21:00-04:00,147.27000427246094,147.35989379882812,147.25,147.35989379882812,6347
2026-08-31 15:22:00-04:00,147.2899932861328,147.33999633789062,147.25,147.2899932861328,8170
2026-08-31 15:23:00-04:00,147.25999450683594,147.3300018310547,147.22000122070312,147.2949981689453,7308
2026-08-31 15:24:00-04:00,147.1999969482422,147.3249969482422,147.1999969482422,147.27999877929688,5660
2026-08-31 15:25:00-04:00,147.19000244140625,147.22999572753906,147.1199951171875,147.1699981689453,17705
2026-08-31 15:26:00-04:00,147.28900146484375,147.28900146484375,147.18499755859375,147.19000244140625,5953
2026-08-31 15:27:00-04:00,147.25,147.25999450683594,147.22000122070312,147.25999450683594,2048
2026-08-31 15:28:00-04:00,147.14999389648438,147.2698974609375,147.1199951171875,147.1699981689453,13905
2026-08-31 15:29:00-04:00,147.2187957763672,147.2187957763672,147.10000610351562,147.13999938964844,6524
2026-08-31 15:30:00-04:00,147.35000610351562,147.35000610351562,147.11000061035156,147.18499755859375,13099
2026-08-31 15:31:00-04:00,147.39999389648438,147.4600067138672,147.3699951171875,147.41000366210938,6869
2026-08-31 15:32:00-04:00,147.32000732421875,147.44000244140625,147.26499938964844,147.39999389648438,9705
2026-08-31 15:33:00-04:00,147.2655029296875,147.35000610351562,147.25,147.3134002685547,6828
2026-08-31 15:34:00-04:00,147.39999389648438,147.52000427246094,147.3397979736328,147.36000061035156,8938
2026-08-31 15:35:00-04:00,147.35000610351562,147.41000366210938,147.2100067138672,147.39999389648438,8566
2026-08-31 15:36:00-04:00,147.375,147.39999389648438,147.28500366210938,147.2899932861328,7896
2026-08-31 15:37:00-04:00,147.38999938964844,147.44000244140625,147.35000610351562,147.3551025390625,5876
2026-08-31 15:38:00-04:00,147.4600067138672,147.5,147.39500427246094,147.39500427246094,5228
2026-08-31 15:39:00-04:00,147.5449981689453,147.61000061035156,147.44500732421875,147.44500732421875,7167
2026-08-31 15:40:00-04:00,147.40499877929688,147.5675048828125,147.38999938964844,147.5449981689453,10523
2026-08-31 15:41:00-04:00,147.47000122070312,147.5,147.35000610351562,147.39500427246094,10667
2026-08-31 15:42:00-04:00,147.53500366210938,147.58999633789062,147.48500061035156,147.50999450683594,6806
2026-08-31 15:43:00-04:00,147.64500427246094,147.75,147.52000427246094,147.52000427246094,18103
2026-08-31 15:44:00-04:00,147.56500244140625,147.72500610351562,147.5399932861328,147.67999267578125,12492
2026-08-31 15:45:00-04:00,147.58999633789062,147.63999938964844,147.5500030517578,147.56500244140625,11761
2026-08-31 15:46:00-04:00,147.75,147.77999877929688,147.58999633789062,147.58999633789062,19960
2026-08-31 15:47:00-04:00,147.77000427246094,147.80999755859375,147.7100067138672,147.71499633789062,15538
2026-08-31 15:48:00-04:00,147.77000427246094,147.7949981689453,147.75999450683594,147.77000427246094,10416
2026-08-31 15:49:00-04:00,148.07000732421875,148.0800018310547,147.77000427246094,147.77000427246094,18226
2026-08-31 15:50:00-04:00,148.3699951171875,148.4199981689453,148.1199951171875,148.13999938964844,30989
2026-08-31 15:51:00-04:00,148.57000732421875,148.60000610351562,148.30999755859375,148.38999938964844,37789
2026-08-31 15:52:00-04:00,148.64999389648438,148.6699981689453,148.58999633789062,148.58999633789062,18778
2026-08-31 15:53:00-04:00,148.40499877929688,148.66000366210938,148.38999938964844,148.66000366210938,24699
2026-08-31 15:54:00-04:00,148.26499938964844,148.38999938964844,148.24000549316406,148.35000610351562,32566
2026-08-31 15:55:00-04:00,147.85000610351562,148.3800048828125,147.8000030517578,148.3000030517578,33480
2026-08-31 15:56:00-04:00,147.7899932861328,147.86000061035156,147.6300048828125,147.8300018310547,37298
2026-08-31 15:57:00-04:00,148.08999633789062,148.11000061035156,147.7899932861328,147.7899932861328,45807
2026-08-31 15:58:00-04:00,148.17999267578125,148.2100067138672,148.0399932861328,148.08999633789062,64713
2026-08-31 15:59:00-04:00,147.75999450683594,148.25999450683594,147.72000122070312,148.18499755859375,161376
2026-09-01 09:30:00-04:00,144.0399932861328,144.8000030517578,143.8000030517578,144.7899932861328,260619
2026-09-01 09:31:00-04:00,146.158203125,146.38999938964844,143.8000030517578,143.95350646972656,22374
2026-09-01 09:32:00-04:00,145.64500427246094,146.9799041748047,145.64500427246094,146.22250366210938,30771
2026-09-01 09:33:00-04:00,145.47000122070312,145.84600830078125,145.16000366210938,145.5800018310547,9465
2026-09-01 09:34:00-04:00,145.97500610351562,146.2799072265625,145.59500122070312,145.59500122070312,11249
2026-09-01 09:35:00-04:00,145.97000122070312,146.27000427246094,145.52000427246094,146.25999450683594,8038
2026-09-01 09:36:00-04:00,145.4149932861328,145.77999877929688,145.22000122070312,145.77999877929688,9709
2026-09-01 09:37:00-04:00,145.6699981689453,145.89999389648438,145.36000061035156,145.36000061035156,6605
2026-09-01 09:38:00-04:00,144.5850067138672,145.69500732421875,144.50999450683594,145.69500732421875,14669
2026-09-01 09:39:00-04:00,144.50999450683594,144.6999969482422,144.05999755859375,144.5800018310547,23927
2026-09-01 09:40:00-04:00,144.7949981689453,145.1699981689453,144.5800018310547,144.60000610351562,8067
2026-09-01 09:41:00-04:00,144.9149932861328,144.9600067138672,144.6999969482422,144.85000610351562,6156
2026-09-01 09:42:00-04:00,145.5,145.5,144.86000061035156,144.86000061035156,7047
2026-09-01 09:43:00-04:00,145.13999938964844,145.39999389648438,145.0,145.38470458984375,21297
2026-09-01 09:44:00-04:00,144.9600067138672,145.3199005126953,144.7899932861328,145.19000244140625,10078
2026-09-01 09:45:00-04:00,145.75360107421875,145.83999633789062,144.85000610351562,144.88999938964844,13414
2026-09-01 09:46:00-04:00,145.77999877929688,145.82000732421875,145.52999877929688,145.6750030517578,4924
2026-09-01 09:47:00-04:00,145.9499969482422,146.1999969482422,145.86000061035156,146.02999877929688,4084
2026-09-01 09:48:00-04:00,145.52999877929688,146.07150268554688,145.52999877929688,146.0,9254
2026-09-01 09:49:00-04:00,145.72999572753906,145.77000427246094,145.61000061035156,145.6300048828125,17336
2026-09-01 09:50:00-04:00,145.72500610351562,145.8800048828125,145.72000122070312,145.86000061035156,3717
2026-09-01 09:51:00-04:00,145.50999450683594,145.64990234375,145.44000244140625,145.6199951171875,10376
2026-09-01 09:52:00-04:00,145.4499969482422,145.72000122070312,145.4499969482422,145.5,4935
2026-09-01 09:53:00-04:00,145.8699951171875,145.91000366210938,145.4499969482422,145.50999450683594,7818
2026-09-01 09:54:00-04:00,145.5399932861328,145.91000366210938,145.47999572753906,145.8249969482422,8195
2026-09-01 09:55:00-04:00,145.56500244140625,145.67999267578125,145.3300018310547,145.60000610351562,18477
2026-09-01 09:56:00-04:00,145.6750030517578,145.6750030517578,145.37010192871094,145.37010192871094,3421
2026-09-01 09:57:00-04:00,145.61000061035156,145.72000122070312,145.38999938964844,145.5800018310547,7795
2026-09-01 09:58:00-04:00,145.01499938964844,145.60499572753906,145.01499938964844,145.47120666503906,14434
2026-09-01 09:59:00-04:00,144.98500061035156,145.14999389648438,144.8800048828125,145.00999450683594,12013
2026-09-01 10:00:00-04:00,145.1300048828125,145.1300048828125,144.6999969482422,144.99000549316406,19213
2026-09-01 10:01:00-04:00,145.49000549316406,145.5399932861328,145.14999389648438,145.1999969482422,5848
2026-09-01 10:02:00-04:00,145.13999938964844,145.44000244140625,145.13999938964844,145.44000244140625,6980
2026-09-01 10:03:00-04:00,145.36000061035156,145.5500030517578,145.08999633789062,145.13499450683594,7258
2026-09-01 10:04:00-04:00,145.1999969482422,145.3800048828125,145.07000732421875,145.33999633789062,7864
2026-09-01 10:05:00-04:00,145.27000427246094,145.3800048828125,145.0800018310547,145.1999969482422,10820
2026-09-01 10:06:00-04:00,145.40499877929688,145.41000366210938,145.22860717773438,145.2949981689453,16542
2026-09-01 10:07:00-04:00,145.89500427246094,145.97999572753906,145.40499877929688,145.40499877929688,27914
2026-09-01 10:08:00-04:00,145.8300018310547,145.97219848632812,145.61000061035156,145.97219848632812,13621
2026-09-01 10:09:00-04:00,146.1300048828125,146.5,145.82000732421875,145.82000732421875,24544
2026-09-01 10:10:00-04:00,146.0399932861328,146.24000549316406,145.89999389648438,146.13999938964844,11118
2026-09-01 10:11:00-04:00,146.0449981689453,146.27000427246094,145.8800048828125,145.9149932861328,10063
2026-09-01 10:12:00-04:00,145.9600067138672,146.05499267578125,145.83999633789062,146.02000427246094,7561
2026-09-01 10:13:00-04:00,146.2100067138672,146.3000030517578,145.9600067138672,145.9600067138672,7048
2026-09-01 10:14:00-04:00,146.50999450683594,146.61570739746094,146.10000610351562,146.2100067138672,15396
2026-09-01 10:15:00-04:00,146.5500030517578,146.7198944091797,146.38999938964844,146.50999450683594,9605
2026-09-01 10:16:00-04:00,146.61599731445312,146.61599731445312,146.4123992919922,146.55499267578125,2786
2026-09-01 10:17:00-04:00,146.39999389648438,146.6199951171875,146.27999877929688,146.5449981689453,10554
2026-09-01 10:18:00-04:00,146.25999450683594,146.5,146.25999450683594,146.39999389648438,5062
2026-09-01 10:19:00-04:00,146.6300048828125,146.63999938964844,146.27999877929688,146.32000732421875,3978
2026-09-01 10:20:00-04:00,146.6699981689453,146.7899932861328,146.63499450683594,146.64999389648438,4011
2026-09-01 10:21:00-04:00,146.57000732421875,146.77999877929688,146.5200958251953,146.7050018310547,9108
2026-09-01 10:22:00-04:00,146.6020050048828,146.6999969482422,146.54010009765625,146.6300048828125,10286
2026-09-01 10:23:00-04:00,146.6199951171875,146.64500427246094,146.52999877929688,146.64500427246094,3185
2026-09-01 10:24:00-04:00,146.75,146.75,146.50999450683594,146.57000732421875,6538
2026-09-01 10:25:00-04:00,146.75999450683594,146.75999450683594,146.68499755859375,146.75999450683594,2084
2026-09-01 10:26:00-04:00,146.77999877929688,146.92999267578125,146.72999572753906,146.8699951171875,4769
2026-09-01 10:27:00-04:00,146.8300018310547,146.8300018310547,146.60000610351562,146.77000427246094,5064
2026-09-01 10:28:00-04:00,147.02999877929688,147.0500030517578,146.80999755859375,146.80999755859375,16939
2026-09-01 10:29:00-04:00,147.01499938964844,147.07000732421875,146.94000244140625,146.94000244140625,3894
2026-09-01 10:30:00-04:00,147.10000610351562,147.11000061035156,146.9600067138672,147.01499938964844,5405
2026-09-01 10:31:00-04:00,147.19000244140625,147.3000030517578,147.11000061035156,147.13999938964844,5840
2026-09-01 10:32:00-04:00,147.27000427246094,147.27000427246094,147.14500427246094,147.16000366210938,4566
2026-09-01 10:33:00-04:00,147.75,147.8625030517578,147.27000427246094,147.27000427246094,10429
2026-09-01 10:34:00-04:00,147.6999969482422,147.8000030517578,147.61000061035156,147.7100067138672,3714
2026-09-01 10:35:00-04:00,147.5399932861328,147.75,147.5399932861328,147.72000122070312,8879
2026-09-01 10:36:00-04:00,147.63499450683594,147.7274932861328,147.5449981689453,147.5449981689453,5432
2026-09-01 10:37:00-04:00,147.5500030517578,147.66000366210938,147.50999450683594,147.66000366210938,1999
2026-09-01 10:38:00-04:00,147.4600067138672,147.5800018310547,147.4600067138672,147.46009826660156,4608
2026-09-01 10:39:00-04:00,147.28250122070312,147.48500061035156,147.25,147.42999267578125,4147
2026-09-01 10:40:00-04:00,147.13999938964844,147.30499267578125,147.13999938964844,147.3000030517578,2008
2026-09-01 10:41:00-04:00,147.17999267578125,147.4499969482422,147.16000366210938,147.30999755859375,4897
2026-09-01 10:42:00-04:00,146.98500061035156,147.22000122070312,146.92999267578125,147.22000122070312,4473
2026-09-01 10:43:00-04:00,147.1199951171875,147.2100067138672,146.89999389648438,146.89999389648438,3708
2026-09-01 10:44:00-04:00,147.00999450683594,147.11000061035156,147.00999450683594,147.02999877929688,1809
2026-09-01 10:45:00-04:00,147.0399932861328,147.1925048828125,147.0399932861328,147.1199951171875,4509
2026-09-01 10:46:00-04:00,147.2899932861328,147.2899932861328,146.9600067138672,146.9600067138672,2982
2026-09-01 10:47:00-04:00,147.0821075439453,147.32000732421875,147.0821075439453,147.1199951171875,6807
2026-09-01 10:48:00-04:00,147.2050018310547,147.28990173339844,147.08999633789062,147.10000610351562,5617
2026-09-01 10:49:00-04:00,147.11000061035156,147.22999572753906,147.11000061035156,147.20509338378906,5555
2026-09-01 10:50:00-04:00,146.9949951171875,147.08999633789062,146.9949951171875,147.08999633789062,4771
2026-09-01 10:51:00-04:00,146.39500427246094,147.07989501953125,146.30999755859375,146.9949951171875,15253
2026-09-01 10:52:00-04:00,146.4250030517578,146.58999633789062,146.36000061035156,146.3800048828125,3980
2026-09-01 10:53:00-04:00,146.69000244140625,146.75,146.38999938964844,146.57000732421875,13397
2026-09-01 10:54:00-04:00,146.93499755859375,146.99000549316406,146.72999572753906,146.75,8246
2026-09-01 10:55:00-04:00,146.98500061035156,147.19000244140625,146.90499877929688,146.94000244140625,10158
2026-09-01 10:56:00-04:00,147.0749969482422,147.0800018310547,147.0,147.0449981689453,3987
2026-09-01 10:57:00-04:00,146.86500549316406,147.07000732421875,146.86500549316406,147.07000732421875,4804
2026-09-01 10:58:00-04:00,146.75999450683594,146.92999267578125,146.6999969482422,146.86500549316406,4488
2026-09-01 10:59:00-04:00,146.66000366210938,146.82000732421875,146.66000366210938,146.8000030517578,3549
2026-09-01 11:00:00-04:00,146.83999633789062,146.89999389648438,146.68170166015625,146.77000427246094,5938
2026-09-01 11:01:00-04:00,146.5449981689453,146.7899932861328,146.5449981689453,146.7899932861328,1888
2026-09-01 11:02:00-04:00,146.64999389648438,146.64999389648438,146.5050048828125,146.5050048828125,1227
2026-09-01 11:03:00-04:00,146.4600067138672,146.63999938964844,146.4600067138672,146.55499267578125,4702
2026-09-01 11:04:00-04:00,146.13999938964844,146.3699951171875,146.1199951171875,146.3699951171875,11938
2026-09-01 11:05:00-04:00,146.0500030517578,146.25999450683594,146.00169372558594,146.25,12367
2026-09-01 11:06:00-04:00,145.8699951171875,146.10000610351562,145.8699951171875,146.0500030517578,4510
2026-09-01 11:07:00-04:00,145.5500030517578,145.8699951171875,145.5500030517578,145.8699951171875,11333
2026-09-01 11:08:00-04:00,145.4250030517578,145.64999389648438,145.38999938964844,145.6470947265625,5077
2026-09-01 11:09:00-04:00,145.64999389648438,145.64999389648438,145.3300018310547,145.33999633789062,6429
2026-09-01 11:10:00-04:00,145.75999450683594,145.94500732421875,145.68499755859375,145.72999572753906,3443
2026-09-01 11:11:00-04:00,145.6125030517578,145.94500732421875,145.60000610351562,145.94500732421875,4908
2026-09-01 11:12:00-04:00,145.7100067138672,145.72500610351562,145.52999877929688,145.5500030517578,3633
2026-09-01 11:13:00-04:00,145.75999450683594,145.8000030517578,145.7050018310547,145.74000549316406,2744
2026-09-01 11:14:00-04:00,145.94000244140625,145.94000244140625,145.74000549316406,145.75250244140625,5716
2026-09-01 11:15:00-04:00,145.97000122070312,145.97000122070312,145.74000549316406,145.83999633789062,3014
2026-09-01 11:16:00-04:00,145.9199981689453,146.0,145.90499877929688,145.90499877929688,3210
2026-09-01 11:17:00-04:00,145.9499969482422,145.97999572753906,145.88009643554688,145.94000244140625,4085
2026-09-01 11:18:00-04:00,145.9550018310547,146.0,145.9499969482422,145.9499969482422,2863
2026-09-01 11:19:00-04:00,145.8800048828125,145.97999572753906,145.8000030517578,145.94500732421875,6039
2026-09-01 11:20:00-04:00,145.7949981689453,145.99000549316406,145.7100067138672,145.8800048828125,4960
2026-09-01 11:21:00-04:00,145.78500366210938,145.88169860839844,145.69000244140625,145.69000244140625,3652
2026-09-01 11:22:00-04:00,145.72000122070312,145.8699951171875,145.72000122070312,145.77999877929688,1892
2026-09-01 11:23:00-04:00,145.75,145.8621063232422,145.75,145.8621063232422,2350
2026-09-01 11:24:00-04:00,146.0093994140625,146.0093994140625,145.77499389648438,145.77499389648438,7107
2026-09-01 11:25:00-04:00,146.00999450683594,146.0500030517578,145.9199981689453,146.00999450683594,3476
2026-09-01 11:26:00-04:00,145.86000061035156,145.92999267578125,145.83999633789062,145.91000366210938,6256
2026-09-01 11:27:00-04:00,145.90499877929688,145.9499969482422,145.8000030517578,145.82000732421875,2642
2026-09-01 11:28:00-04:00,145.83999633789062,145.91000366210938,145.67999267578125,145.91000366210938,12950
2026-09-01 11:29:00-04:00,145.77999877929688,145.86990356445312,145.77000427246094,145.83999633789062,4958
2026-09-01 11:30:00-04:00,145.8699951171875,145.89999389648438,145.75,145.83999633789062,29283
2026-09-01 11:31:00-04:00,145.8000030517578,145.86940002441406,145.72999572753906,145.86940002441406,2742
2026-09-01 11:32:00-04:00,145.8699951171875,146.00999450683594,145.8000030517578,145.8000030517578,7353
2026-09-01 11:33:00-04:00,145.9949951171875,146.0399932861328,145.9600067138672,145.9600067138672,6704
2026-09-01 11:34:00-04:00,145.97000122070312,146.1199951171875,145.97000122070312,145.9949951171875,14525
2026-09-01 11:35:00-04:00,145.97520446777344,146.0500030517578,145.8699951171875,145.97000122070312,4870
2026-09-01 11:36:00-04:00,146.11000061035156,146.19000244140625,146.02000427246094,146.07000732421875,18870
2026-09-01 11:37:00-04:00,146.22500610351562,146.36000061035156,146.13160705566406,146.25,18686
2026-09-01 11:38:00-04:00,146.2449951171875,146.30999755859375,146.13999938964844,146.22000122070312,4177
2026-09-01 11:39:00-04:00,146.27999877929688,146.27999877929688,146.1649932861328,146.2449951171875,5032
2026-09-01 11:40:00-04:00,146.28500366210938,146.38999938964844,146.22999572753906,146.27999877929688,10789
2026-09-01 11:41:00-04:00,146.19000244140625,146.2899932861328,146.10000610351562,146.28500366210938,8529
2026-09-01 11:42:00-04:00,146.14500427246094,146.24000549316406,146.14500427246094,146.22999572753906,2279
2026-09-01 11:43:00-04:00,146.22000122070312,146.22000122070312,146.10009765625,146.14500427246094,1547
2026-09-01 11:44:00-04:00,146.27000427246094,146.27000427246094,146.10000610351562,146.22000122070312,4555
2026-09-01 11:45:00-04:00,146.30999755859375,146.3300018310547,146.22999572753906,146.27000427246094,3267
2026-09-01 11:46:00-04:00,146.42999267578125,146.42999267578125,146.25,146.27999877929688,7779
2026-09-01 11:47:00-04:00,146.42999267578125,146.42999267578125,146.3260040283203,146.3260040283203,3536
2026-09-01 11:48:00-04:00,146.4197998046875,146.4600067138672,146.36000061035156,146.42999267578125,5139
2026-09-01 11:49:00-04:00,146.5800018310547,146.5800018310547,146.4199981689453,146.4199981689453,5893
2026-09-01 11:50:00-04:00,146.52999877929688,146.5399932861328,146.5,146.5,2289
2026-09-01 11:51:00-04:00,146.52999877929688,146.58999633789062,146.47000122070312,146.52999877929688,1722
2026-09-01 11:52:00-04:00,146.6699981689453,146.6699981689453,146.52000427246094,146.52999877929688,3884
2026-09-01 11:53:00-04:00,146.69000244140625,146.72999572753906,146.57000732421875,146.6699981689453,3302
2026-09-01 11:54:00-04:00,146.60000610351562,146.69500732421875,146.5800018310547,146.68499755859375,4419
2026-09-01 11:55:00-04:00,146.64999389648438,146.72999572753906,146.64999389648438,146.64999389648438,1796
2026-09-01 11:56:00-04:00,146.6999969482422,146.6999969482422,146.55999755859375,146.6300048828125,3342
2026-09-01 11:57:00-04:00,146.6300048828125,146.6999969482422,146.6300048828125,146.6300048828125,2884
2026-09-01 11:58:00-04:00,146.67999267578125,146.69000244140625,146.61000061035156,146.65499877929688,3974
2026-09-01 11:59:00-04:00,146.7100067138672,146.8300018310547,146.60000610351562,146.63999938964844,6883
2026-09-01 12:00:00-04:00,146.72000122070312,146.72999572753906,146.6699981689453,146.72999572753906,3741
2026-09-01 12:01:00-04:00,146.6199951171875,146.7050018310547,146.60000610351562,146.7050018310547,5173
2026-09-01 12:02:00-04:00,146.61000061035156,146.6699981689453,146.58999633789062,146.6699981689453,1872
2026-09-01 12:03:00-04:00,146.74000549316406,146.90499877929688,146.64999389648438,146.64999389648438,5062
2026-09-01 12:04:00-04:00,146.57000732421875,146.8000030517578,146.42999267578125,146.70509338378906,20754
2026-09-01 12:05:00-04:00,146.52999877929688,146.55999755859375,146.38009643554688,146.55999755859375,3441
2026-09-01 12:06:00-04:00,146.47999572753906,146.52999877929688,146.47999572753906,146.52999877929688,1358
2026-09-01 12:07:00-04:00,146.3000030517578,146.51499938964844,146.3000030517578,146.4499969482422,4499
2026-09-01 12:08:00-04:00,146.37750244140625,146.42999267578125,146.35499572753906,146.35499572753906,2016
2026-09-01 12:09:00-04:00,146.32000732421875,146.4499969482422,146.32000732421875,146.4199981689453,7104
2026-09-01 12:10:00-04:00,146.1199951171875,146.3000030517578,146.1199951171875,146.3000030517578,5856
2026-09-01 12:11:00-04:00,146.16000366210938,146.22999572753906,146.11500549316406,146.1199951171875,7868
2026-09-01 12:12:00-04:00,146.1699981689453,146.1699981689453,146.0800018310547,146.11000061035156,5820
2026-09-01 12:13:00-04:00,146.14999389648438,146.1699981689453,146.08999633789062,146.10499572753906,2245
2026-09-01 12:14:00-04:00,145.96319580078125,146.14999389648438,145.9550018310547,146.11000061035156,4888
2026-09-01 12:15:00-04:00,145.9199981689453,145.99000549316406,145.91000366210938,145.9600067138672,2465
2026-09-01 12:16:00-04:00,146.02000427246094,146.02999877929688,145.93499755859375,145.93499755859375,5771
2026-09-01 12:17:00-04:00,145.80999755859375,145.99000549316406,145.80999755859375,145.99000549316406,4046
2026-09-01 12:18:00-04:00,145.80499267578125,145.86500549316406,145.75,145.86500549316406,4241
2026-09-01 12:19:00-04:00,145.75,145.86000061035156,145.75,145.86000061035156,3769
2026-09-01 12:20:00-04:00,145.66000366210938,145.7899932861328,145.66000366210938,145.75,10246
2026-09-01 12:21:00-04:00,145.6999969482422,145.75999450683594,145.64999389648438,145.75,4890
2026-09-01 12:22:00-04:00,145.67999267578125,145.7899932861328,145.67999267578125,145.6999969482422,3539
2026-09-01 12:23:00-04:00,145.94500732421875,146.02000427246094,145.7050018310547,145.7050018310547,4093
2026-09-01 12:24:00-04:00,145.73500061035156,145.86000061035156,145.72999572753906,145.86000061035156,3750
2026-09-01 12:25:00-04:00,145.6999969482422,145.8300018310547,145.66000366210938,145.7899932861328,6486
2026-09-01 12:26:00-04:00,145.58999633789062,145.75999450683594,145.58999633789062,145.68499755859375,10348
2026-09-01 12:27:00-04:00,145.75999450683594,145.77000427246094,145.64500427246094,145.64500427246094,3442
2026-09-01 12:28:00-04:00,145.75999450683594,145.91000366210938,145.75,145.77999877929688,2930
2026-09-01 12:29:00-04:00,145.9199981689453,145.9199981689453,145.8249969482422,145.8249969482422,3363
2026-09-01 12:30:00-04:00,145.8000030517578,145.89999389648438,145.75,145.86000061035156,4474
2026-09-01 12:31:00-04:00,146.00999450683594,146.00999450683594,145.75,145.75999450683594,9941
2026-09-01 12:32:00-04:00,145.94500732421875,146.10000610351562,145.94500732421875,146.08999633789062,2502
2026-09-01 12:33:00-04:00,145.9499969482422,146.07000732421875,145.9499969482422,146.02999877929688,1871
2026-09-01 12:34:00-04:00,145.98500061035156,146.0500030517578,145.94000244140625,145.9499969482422,5322
2026-09-01 12:35:00-04:00,146.22000122070312,146.22000122070312,146.03500366210938,146.0399932861328,4934
2026-09-01 12:36:00-04:00,145.91000366210938,146.33999633789062,145.91000366210938,146.33999633789062,9233
2026-09-01 12:37:00-04:00,145.92999267578125,146.00990295410156,145.86000061035156,145.8699951171875,2879
2026-09-01 12:38:00-04:00,146.0800018310547,146.0800018310547,145.97500610351562,146.02999877929688,2470
2026-09-01 12:39:00-04:00,146.13999938964844,146.15989685058594,146.02499389648438,146.10000610351562,3750
2026-09-01 12:40:00-04:00,145.91000366210938,146.10000610351562,145.8699951171875,146.08299255371094,5633
2026-09-01 12:41:00-04:00,145.9250030517578,145.9499969482422,145.8699951171875,145.8699951171875,3094
2026-09-01 12:42:00-04:00,145.76499938964844,145.85000610351562,145.75,145.85000610351562,7169
2026-09-01 12:43:00-04:00,145.77999877929688,145.7899932861328,145.75,145.76499938964844,4321
2026-09-01 12:44:00-04:00,145.77999877929688,145.8699951171875,145.77999877929688,145.82000732421875,3021
2026-09-01 12:45:00-04:00,145.5800018310547,145.7899932861328,145.52999877929688,145.77000427246094,10448
2026-09-01 12:46:00-04:00,145.65750122070312,145.7100067138672,145.6300048828125,145.64999389648438,12060
2026-09-01 12:47:00-04:00,145.6322021484375,145.6999969482422,145.59500122070312,145.6999969482422,3846
2026-09-01 12:48:00-04:00,145.61500549316406,145.6999969482422,145.55999755859375,145.60499572753906,14786
2026-09-01 12:49:00-04:00,145.61000061035156,145.64999389648438,145.593994140625,145.6199951171875,12284
2026-09-01 12:50:00-04:00,145.66000366210938,145.66000366210938,145.57400512695312,145.61000061035156,3297
2026-09-01 12:51:00-04:00,145.60000610351562,145.7100067138672,145.55499267578125,145.6999969482422,4819
2026-09-01 12:52:00-04:00,145.5850067138672,145.6699981689453,145.5850067138672,145.64999389648438,1660
2026-09-01 12:53:00-04:00,145.57000732421875,145.5850067138672,145.5041046142578,145.5850067138672,1994
2026-09-01 12:54:00-04:00,145.50999450683594,145.50999450683594,145.44000244140625,145.5,5174
2026-09-01 12:55:00-04:00,145.6199951171875,145.6199951171875,145.47000122070312,145.5050048828125,4456
2026-09-01 12:56:00-04:00,145.61000061035156,145.6300048828125,145.47000122070312,145.51919555664062,2960
2026-09-01 12:57:00-04:00,145.5449981689453,145.6199951171875,145.4965057373047,145.57000732421875,2332
2026-09-01 12:58:00-04:00,145.85000610351562,145.85000610351562,145.5449981689453,145.5449981689453,5359
2026-09-01 12:59:00-04:00,145.99000549316406,146.0399932861328,145.7550048828125,145.7550048828125,16162
2026-09-01 13:00:00-04:00,146.00999450683594,146.02000427246094,145.9499969482422,146.0,3811
2026-09-01 13:01:00-04:00,146.0,146.02999877929688,145.88009643554688,145.95750427246094,3565
2026-09-01 13:02:00-04:00,145.9499969482422,145.9600067138672,145.86000061035156,145.8800048828125,5471
2026-09-01 13:03:00-04:00,145.9250030517578,146.0399932861328,145.91000366210938,145.91000366210938,3115
2026-09-01 13:04:00-04:00,145.78500366210938,145.9199981689453,145.78500366210938,145.85000610351562,3298
2026-09-01 13:05:00-04:00,145.77000427246094,145.77000427246094,145.6999969482422,145.75999450683594,5121
2026-09-01 13:06:00-04:00,145.77000427246094,145.7899932861328,145.69000244140625,145.72000122070312,1809
2026-09-01 13:07:00-04:00,145.69000244140625,145.8000030517578,145.67999267578125,145.71499633789062,2991
2026-09-01 13:08:00-04:00,145.75999450683594,145.85000610351562,145.68499755859375,145.69000244140625,3710
2026-09-01 13:09:00-04:00,145.89999389648438,145.9799041748047,145.75,145.75,3110
2026-09-01 13:10:00-04:00,146.0,146.0500030517578,145.93499755859375,145.9499969482422,3974
2026-09-01 13:11:00-04:00,146.09800720214844,146.0998992919922,146.0449981689453,146.0449981689453,2889
2026-09-01 13:12:00-04:00,146.1649932861328,146.22999572753906,146.0449981689453,146.0449981689453,3833
2026-09-01 13:13:00-04:00,146.16000366210938,146.2899932861328,146.16000366210938,146.22999572753906,2401
2026-09-01 13:14:00-04:00,146.1750030517578,146.25,146.08999633789062,146.08999633789062,4716
2026-09-01 13:15:00-04:00,146.27499389648438,146.32000732421875,146.1699981689453,146.1699981689453,3508
2026-09-01 13:16:00-04:00,146.07000732421875,146.26499938964844,146.0399932861328,146.22999572753906,5968
2026-09-01 13:17:00-04:00,146.10499572753906,146.14999389648438,146.07000732421875,146.07000732421875,5381
2026-09-01 13:18:00-04:00,146.3000030517578,146.3000030517578,146.1374969482422,146.14500427246094,1730
2026-09-01 13:19:00-04:00,146.3249969482422,146.39999389648438,146.27999877929688,146.27999877929688,3099
2026-09-01 13:20:00-04:00,146.27999877929688,146.3000030517578,146.22999572753906,146.2899932861328,3819
2026-09-01 13:21:00-04:00,146.19000244140625,146.2899932861328,146.19000244140625,146.25999450683594,4521
2026-09-01 13:22:00-04:00,146.0850067138672,146.1750030517578,146.0399932861328,146.1750030517578,2923
2026-09-01 13:23:00-04:00,146.0500030517578,146.13999938964844,146.02999877929688,146.06500244140625,3802
2026-09-01 13:24:00-04:00,146.17999267578125,146.17999267578125,146.0399932861328,146.0399932861328,1740
2026-09-01 13:25:00-04:00,146.0500030517578,146.19000244140625,145.86000061035156,146.19000244140625,10826
2026-09-01 13:26:00-04:00,145.92750549316406,146.0399932861328,145.88209533691406,146.0399932861328,2173
2026-09-01 13:27:00-04:00,145.9499969482422,146.02000427246094,145.84500122070312,145.94000244140625,9082
2026-09-01 13:28:00-04:00,145.8249969482422,145.94000244140625,145.8249969482422,145.92999267578125,5451
2026-09-01 13:29:00-04:00,145.85000610351562,145.89999389648438,145.82000732421875,145.82000732421875,4101
2026-09-01 13:30:00-04:00,145.94000244140625,145.99000549316406,145.84500122070312,145.9199981689453,3259
2026-09-01 13:31:00-04:00,146.00999450683594,146.05999755859375,145.83999633789062,145.9600067138672,4185
2026-09-01 13:32:00-04:00,145.97000122070312,146.0399932861328,145.94000244140625,146.0399932861328,5896
2026-09-01 13:33:00-04:00,145.97999572753906,146.02999877929688,145.97000122070312,146.02999877929688,4162
2026-09-01 13:34:00-04:00,146.1199951171875,146.1199951171875,145.97999572753906,145.97999572753906,1718
2026-09-01 13:35:00-04:00,146.11000061035156,146.1300048828125,146.07000732421875,146.08999633789062,2344
2026-09-01 13:36:00-04:00,146.02499389648438,146.11000061035156,146.02000427246094,146.11000061035156,2955
2026-09-01 13:37:00-04:00,145.94000244140625,146.02999877929688,145.91229248046875,146.0,4517
2026-09-01 13:38:00-04:00,145.89999389648438,145.94000244140625,145.89999389648438,145.94000244140625,1051
2026-09-01 13:39:00-04:00,145.9199981689453,145.9199981689453,145.85000610351562,145.88999938964844,5929
2026-09-01 13:40:00-04:00,145.85000610351562,145.97999572753906,145.85000610351562,145.92999267578125,5551
2026-09-01 13:41:00-04:00,146.0500030517578,146.1300048828125,145.97000122070312,145.97000122070312,1197
2026-09-01 13:42:00-04:00,146.00999450683594,146.02000427246094,145.9499969482422,145.9600067138672,2281
2026-09-01 13:43:00-04:00,145.9949951171875,146.0500030517578,145.97999572753906,146.00999450683594,1775
2026-09-01 13:44:00-04:00,146.08999633789062,146.10000610351562,145.99000549316406,146.0399932861328,3321
2026-09-01 13:45:00-04:00,146.08999633789062,146.08999633789062,146.08999633789062,146.08999633789062,872
2026-09-01 13:46:00-04:00,145.99249267578125,146.07000732421875,145.99249267578125,146.07000732421875,2402
2026-09-01 13:47:00-04:00,145.99000549316406,145.99000549316406,145.91000366210938,145.94000244140625,6593
2026-09-01 13:48:00-04:00,145.9600067138672,146.00999450683594,145.9600067138672,146.0,1535
2026-09-01 13:49:00-04:00,145.88999938964844,146.0,145.8699951171875,145.9600067138672,3616
2026-09-01 13:50:00-04:00,145.8800048828125,145.88999938964844,145.82000732421875,145.82000732421875,2885
2026-09-01 13:51:00-04:00,145.8800048828125,145.88999938964844,145.82000732421875,145.8800048828125,3497
2026-09-01 13:52:00-04:00,145.8000030517578,145.8800048828125,145.8000030517578,145.83999633789062,5498
2026-09-01 13:53:00-04:00,145.80999755859375,145.83999633789062,145.75,145.7899932861328,4041
2026-09-01 13:54:00-04:00,145.80999755859375,145.80999755859375,145.77499389648438,145.78500366210938,2401
2026-09-01 13:55:00-04:00,145.8300018310547,145.85000610351562,145.77000427246094,145.7899932861328,4377
2026-09-01 13:56:00-04:00,145.75,145.8300018310547,145.73500061035156,145.82000732421875,5847
2026-09-01 13:57:00-04:00,145.77999877929688,145.82000732421875,145.77999877929688,145.80999755859375,1290
2026-09-01 13:58:00-04:00,145.85000610351562,145.89999389648438,145.72999572753906,145.7899932861328,3419
2026-09-01 13:59:00-04:00,145.94000244140625,145.97000122070312,145.89999389648438,145.9600067138672,1923
2026-09-01 14:00:00-04:00,145.77000427246094,145.9600067138672,145.75999450683594,145.89999389648438,8933
2026-09-01 14:01:00-04:00,145.72000122070312,145.818603515625,145.6999969482422,145.75,6204
2026-09-01 14:02:00-04:00,145.72000122070312,145.75999450683594,145.67999267578125,145.72999572753906,6181
2026-09-01 14:03:00-04:00,145.77000427246094,145.8800048828125,145.7550048828125,145.7550048828125,2317
2026-09-01 14:04:00-04:00,145.80999755859375,145.80999755859375,145.6999969482422,145.6999969482422,2048
2026-09-01 14:05:00-04:00,145.76499938964844,145.83999633789062,145.76499938964844,145.82000732421875,3388
2026-09-01 14:06:00-04:00,145.5500030517578,145.77000427246094,145.47000122070312,145.76499938964844,9760
2026-09-01 14:07:00-04:00,145.67999267578125,145.74000549316406,145.5,145.5,5677
2026-09-01 14:08:00-04:00,145.71499633789062,145.74000549316406,145.65499877929688,145.69000244140625,3216
2026-09-01 14:09:00-04:00,145.6999969482422,145.8300018310547,145.6199951171875,145.7899932861328,3722
2026-09-01 14:10:00-04:00,145.77999877929688,145.8000030517578,145.64999389648438,145.64999389648438,2547
2026-09-01 14:11:00-04:00,145.72000122070312,145.77999877929688,145.67999267578125,145.77999877929688,4259
2026-09-01 14:12:00-04:00,145.8000030517578,145.8000030517578,145.72500610351562,145.75999450683594,2368
2026-09-01 14:13:00-04:00,145.6999969482422,145.7899932861328,145.6999969482422,145.7899932861328,2395
2026-09-01 14:14:00-04:00,145.72999572753906,145.74000549316406,145.66000366210938,145.6699981689453,5265
2026-09-01 14:15:00-04:00,145.75,145.75999450683594,145.71499633789062,145.75,2897
2026-09-01 14:16:00-04:00,145.7100067138672,145.77000427246094,145.67059326171875,145.75999450683594,4760
2026-09-01 14:17:00-04:00,145.69000244140625,145.77999877929688,145.6699981689453,145.71499633789062,20449
2026-09-01 14:18:00-04:00,145.68499755859375,145.72999572753906,145.63999938964844,145.72500610351562,16175
2026-09-01 14:19:00-04:00,145.80999755859375,145.8300018310547,145.69749450683594,145.72999572753906,3757
2026-09-01 14:20:00-04:00,145.88999938964844,145.88999938964844,145.72000122070312,145.72000122070312,7206
2026-09-01 14:21:00-04:00,145.5800018310547,145.88499450683594,145.57000732421875,145.88499450683594,22696
2026-09-01 14:22:00-04:00,145.57000732421875,145.67999267578125,145.52999877929688,145.67140197753906,3537
2026-09-01 14:23:00-04:00,145.5800018310547,145.5800018310547,145.5,145.52000427246094,5698
2026-09-01 14:24:00-04:00,145.88999938964844,145.88999938964844,145.55999755859375,145.57000732421875,9079
2026-09-01 14:25:00-04:00,145.80499267578125,145.89999389648438,145.75,145.8524932861328,20883
2026-09-01 14:26:00-04:00,145.66000366210938,145.8300018310547,145.66000366210938,145.8000030517578,6675
2026-09-01 14:27:00-04:00,145.5,145.64999389648438,145.5,145.64999389648438,2974
2026-09-01 14:28:00-04:00,145.44000244140625,145.5500030517578,145.4199981689453,145.5500030517578,4691
2026-09-01 14:29:00-04:00,145.50999450683594,145.50999450683594,145.4199981689453,145.4199981689453,1693
2026-09-01 14:30:00-04:00,145.4600067138672,145.50999450683594,145.42999267578125,145.47000122070312,2621
2026-09-01 14:31:00-04:00,145.35000610351562,145.4600067138672,145.33999633789062,145.4600067138672,3366
2026-09-01 14:32:00-04:00,145.34800720214844,145.4199981689453,145.34800720214844,145.3699951171875,4473
2026-09-01 14:33:00-04:00,145.41000366210938,145.41000366210938,145.32000732421875,145.38999938964844,7748
2026-09-01 14:34:00-04:00,145.3300018310547,145.42999267578125,145.2899932861328,145.375,6408
2026-09-01 14:35:00-04:00,145.41000366210938,145.42999267578125,145.34500122070312,145.36000061035156,6701
2026-09-01 14:36:00-04:00,145.44000244140625,145.44000244140625,145.32000732421875,145.3800048828125,9444
2026-09-01 14:37:00-04:00,145.52999877929688,145.52999877929688,145.3533935546875,145.44000244140625,7715
2026-09-01 14:38:00-04:00,145.5,145.6300048828125,145.5,145.52000427246094,4479
2026-09-01 14:39:00-04:00,145.35499572753906,145.47999572753906,145.35499572753906,145.47999572753906,3084
2026-09-01 14:40:00-04:00,145.24000549316406,145.4600067138672,145.2100067138672,145.39500427246094,11206
2026-09-01 14:41:00-04:00,145.1999969482422,145.24000549316406,145.19000244140625,145.2100067138672,3101
2026-09-01 14:42:00-04:00,145.139892578125,145.23989868164062,145.0800018310547,145.1999969482422,13395
2026-09-01 14:43:00-04:00,145.09500122070312,145.13999938964844,145.05999755859375,145.0644073486328,9495
2026-09-01 14:44:00-04:00,145.0500030517578,145.09500122070312,145.0500030517578,145.0800018310547,6592
2026-09-01 14:45:00-04:00,144.82000732421875,145.1699981689453,144.82000732421875,145.06500244140625,26470
2026-09-01 14:46:00-04:00,144.88999938964844,144.88999938964844,144.75340270996094,144.8249969482422,11048
2026-09-01 14:47:00-04:00,144.9300994873047,145.1199951171875,144.9300994873047,144.97000122070312,21283
2026-09-01 14:48:00-04:00,145.0500030517578,145.19000244140625,145.02000427246094,145.02000427246094,7519
2026-09-01 14:49:00-04:00,145.1699981689453,145.22999572753906,145.0399932861328,145.06500244140625,5579
2026-09-01 14:50:00-04:00,145.36000061035156,145.38999938964844,145.1699981689453,145.1699981689453,8337
2026-09-01 14:51:00-04:00,145.14999389648438,145.33999633789062,145.14999389648438,145.2899932861328,9168
2026-09-01 14:52:00-04:00,145.25999450683594,145.2949981689453,145.13999938964844,145.13999938964844,3921
2026-09-01 14:53:00-04:00,145.24000549316406,145.30999755859375,145.1959991455078,145.3000030517578,5628
2026-09-01 14:54:00-04:00,145.1750030517578,145.27000427246094,145.11000061035156,145.24000549316406,7938
2026-09-01 14:55:00-04:00,145.1649932861328,145.2100067138672,145.13999938964844,145.14500427246094,2820
2026-09-01 14:56:00-04:00,145.14990234375,145.14999389648438,145.0399932861328,145.14999389648438,5804
2026-09-01 14:57:00-04:00,145.1300048828125,145.14999389648438,145.09500122070312,145.11000061035156,1891
2026-09-01 14:58:00-04:00,145.10000610351562,145.19000244140625,145.0904998779297,145.11500549316406,3906
2026-09-01 14:59:00-04:00,145.0417022705078,145.17999267578125,145.0,145.14999389648438,9656
2026-09-01 15:00:00-04:00,145.0800018310547,145.1199951171875,145.02999877929688,145.02999877929688,2741
2026-09-01 15:01:00-04:00,145.10499572753906,145.16000366210938,145.06500244140625,145.06500244140625,3125
2026-09-01 15:02:00-04:00,145.0399932861328,145.16000366210938,145.0399932861328,145.16000366210938,5961
2026-09-01 15:03:00-04:00,145.14999389648438,145.14999389648438,145.03500366210938,145.03500366210938,3730
2026-09-01 15:04:00-04:00,145.10000610351562,145.1699981689453,145.0500030517578,145.1699981689453,6111
2026-09-01 15:05:00-04:00,145.05999755859375,145.13999938964844,145.02999877929688,145.1300048828125,6587
2026-09-01 15:06:00-04:00,145.22000122070312,145.27000427246094,145.02999877929688,145.10000610351562,16675
2026-09-01 15:07:00-04:00,145.10000610351562,145.19000244140625,145.08999633789062,145.19000244140625,6330
2026-09-01 15:08:00-04:00,145.00999450683594,145.0800018310547,144.89999389648438,145.0800018310547,12133
2026-09-01 15:09:00-04:00,144.94000244140625,145.05999755859375,144.94000244140625,145.00999450683594,3688
2026-09-01 15:10:00-04:00,144.97999572753906,145.0399932861328,144.97000122070312,145.01499938964844,4347
2026-09-01 15:11:00-04:00,144.92999267578125,145.0399932861328,144.92999267578125,144.97999572753906,8860
2026-09-01 15:12:00-04:00,144.89999389648438,144.97999572753906,144.88999938964844,144.9199981689453,8133
2026-09-01 15:13:00-04:00,144.9199981689453,144.97999572753906,144.91000366210938,144.91000366210938,5103
2026-09-01 15:14:00-04:00,144.9499969482422,144.97000122070312,144.8699951171875,144.9199981689453,8387
2026-09-01 15:15:00-04:00,144.97999572753906,144.99000549316406,144.89999389648438,144.94000244140625,7616
2026-09-01 15:16:00-04:00,145.0,145.0,144.9499969482422,144.97999572753906,7927
2026-09-01 15:17:00-04:00,144.89999389648438,145.00999450683594,144.8000030517578,145.0,16246
2026-09-01 15:18:00-04:00,144.94000244140625,144.9499969482422,144.8800048828125,144.9102020263672,8586
2026-09-01 15:19:00-04:00,145.0500030517578,145.05999755859375,144.9499969482422,144.9499969482422,11271
2026-09-01 15:20:00-04:00,145.05999755859375,145.07000732421875,145.02999877929688,145.02999877929688,4117
2026-09-01 15:21:00-04:00,145.0399932861328,145.10000610351562,145.00999450683594,145.07000732421875,8135
2026-09-01 15:22:00-04:00,145.02000427246094,145.02000427246094,144.97000122070312,144.99000549316406,5757
2026-09-01 15:23:00-04:00,145.0,145.0500030517578,144.99000549316406,145.01010131835938,7317
2026-09-01 15:24:00-04:00,144.97000122070312,145.0500030517578,144.9499969482422,145.0500030517578,11737
2026-09-01 15:25:00-04:00,145.0399932861328,145.0800018310547,144.99000549316406,144.99000549316406,6996
2026-09-01 15:26:00-04:00,145.05999755859375,145.10000610351562,145.0,145.0800018310547,5573
2026-09-01 15:27:00-04:00,145.08999633789062,145.1300048828125,145.05499267578125,145.05999755859375,8517
2026-09-01 15:28:00-04:00,145.1699981689453,145.1699981689453,145.05999755859375,145.1300048828125,7504
2026-09-01 15:29:00-04:00,145.16000366210938,145.2100067138672,145.07000732421875,145.1699981689453,13000
2026-09-01 15:30:00-04:00,144.9499969482422,145.19000244140625,144.93499755859375,145.14500427246094,10285
2026-09-01 15:31:00-04:00,144.91000366210938,144.9199981689453,144.85000610351562,144.89500427246094,12853
2026-09-01 15:32:00-04:00,144.8699951171875,144.91000366210938,144.80999755859375,144.89999389648438,15000
2026-09-01 15:33:00-04:00,144.92999267578125,144.92999267578125,144.80999755859375,144.8699951171875,12817
2026-09-01 15:34:00-04:00,145.14999389648438,145.14999389648438,144.91000366210938,144.94000244140625,10242
2026-09-01 15:35:00-04:00,145.21499633789062,145.21499633789062,145.0800018310547,145.11500549316406,6048
2026-09-01 15:36:00-04:00,145.22000122070312,145.22999572753906,145.1300048828125,145.17999267578125,6427
2026-09-01 15:37:00-04:00,145.1199951171875,145.22999572753906,145.1199951171875,145.1699981689453,6831
2026-09-01 15:38:00-04:00,145.0500030517578,145.1649932861328,145.0500030517578,145.1649932861328,6620
2026-09-01 15:39:00-04:00,145.02000427246094,145.08749389648438,145.02000427246094,145.03500366210938,3435
2026-09-01 15:40:00-04:00,144.9499969482422,145.0,144.86500549316406,145.0,26276
2026-09-01 15:41:00-04:00,144.9199981689453,145.02000427246094,144.88999938964844,144.92750549316406,6247
2026-09-01 15:42:00-04:00,144.86099243164062,144.92999267578125,144.83999633789062,144.89999389648438,10531
2026-09-01 15:43:00-04:00,144.89999389648438,144.97999572753906,144.86000061035156,144.89999389648438,11362
2026-09-01 15:44:00-04:00,144.92999267578125,144.92999267578125,144.85000610351562,144.8699951171875,8302
2026-09-01 15:45:00-04:00,144.8800048828125,144.98500061035156,144.8699951171875,144.89999389648438,13844
2026-09-01 15:46:00-04:00,144.83999633789062,144.91439819335938,144.83999633789062,144.86000061035156,18279
2026-09-01 15:47:00-04:00,144.9149932861328,144.94000244140625,144.82000732421875,144.85000610351562,16525
2026-09-01 15:48:00-04:00,144.86000061035156,144.9149932861328,144.82000732421875,144.9149932861328,14454
2026-09-01 15:49:00-04:00,144.86000061035156,144.91000366210938,144.8300018310547,144.85000610351562,28066
2026-09-01 15:50:00-04:00,144.75999450683594,145.0399932861328,144.75999450683594,144.8300018310547,51576
2026-09-01 15:51:00-04:00,144.52999877929688,144.77520751953125,144.52000427246094,144.77520751953125,48160
2026-09-01 15:52:00-04:00,144.47999572753906,144.5800018310547,144.47000122070312,144.5500030517578,29853
2026-09-01 15:53:00-04:00,144.27499389648438,144.4600067138672,144.24000549316406,144.4600067138672,34686
2026-09-01 15:54:00-04:00,144.38999938964844,144.4199981689453,144.22999572753906,144.25,28186
2026-09-01 15:55:00-04:00,144.2949981689453,144.42999267578125,144.125,144.41000366210938,47129
2026-09-01 15:56:00-04:00,144.17999267578125,144.36000061035156,144.07000732421875,144.30999755859375,49973
2026-09-01 15:57:00-04:00,144.25,144.33999633789062,144.1699981689453,144.2100067138672,39603
2026-09-01 15:58:00-04:00,144.3300018310547,144.3300018310547,144.1999969482422,144.27000427246094,62850
2026-09-01 15:59:00-04:00,144.6199951171875,144.66619873046875,144.22999572753906,144.32000732421875,135325
2026-09-02 09:30:00-04:00,146.83999633789062,146.99000549316406,143.47000122070312,144.02000427246094,115062
2026-09-02 09:31:00-04:00,148.0,148.72360229492188,146.05999755859375,146.97000122070312,43738
2026-09-02 09:32:00-04:00,148.7949981689453,149.25,148.17849731445312,148.5,25369
2026-09-02 09:33:00-04:00,148.7301025390625,149.22999572753906,148.20989990234375,149.0,35974
2026-09-02 09:34:00-04:00,148.97999572753906,149.22000122070312,148.5800018310547,148.97999572753906,21131
2026-09-02 09:35:00-04:00,148.6699981689453,148.89999389648438,148.1334991455078,148.80999755859375,20469
2026-09-02 09:36:00-04:00,147.7050018310547,148.6699981689453,147.6699981689453,148.6699981689453,52491
2026-09-02 09:37:00-04:00,147.5,147.8699951171875,147.4600067138672,147.69500732421875,12388
2026-09-02 09:38:00-04:00,148.94000244140625,149.35000610351562,147.35000610351562,147.42999267578125,23914
2026-09-02 09:39:00-04:00,149.4499969482422,149.625,148.74000549316406,148.74000549316406,20797
2026-09-02 09:40:00-04:00,149.8000030517578,149.8563995361328,149.4199981689453,149.47000122070312,16270
2026-09-02 09:41:00-04:00,149.1300048828125,149.68499755859375,149.1300048828125,149.6699981689453,16481
2026-09-02 09:42:00-04:00,149.88499450683594,150.00999450683594,149.24000549316406,149.25,31511
2026-09-02 09:43:00-04:00,149.75999450683594,150.0399932861328,149.75999450683594,149.99000549316406,21516
2026-09-02 09:44:00-04:00,150.05999755859375,150.28500366210938,149.49249267578125,149.75,11535
2026-09-02 09:45:00-04:00,150.18499755859375,150.57000732421875,149.88999938964844,149.89999389648438,26836
2026-09-02 09:46:00-04:00,150.4250030517578,150.6199951171875,150.08009338378906,150.1197052001953,16702
2026-09-02 09:47:00-04:00,151.1300048828125,151.1300048828125,150.30999755859375,150.3699951171875,16564
2026-09-02 09:48:00-04:00,151.4499969482422,151.58999633789062,151.01060485839844,151.07000732421875,47696
2026-09-02 09:49:00-04:00,151.30149841308594,151.6300048828125,151.1697998046875,151.3800048828125,18770
2026-09-02 09:50:00-04:00,151.1999969482422,151.52000427246094,151.0500030517578,151.33999633789062,24012
2026-09-02 09:51:00-04:00,151.25,151.3000030517578,151.00999450683594,151.2100067138672,13159
2026-09-02 09:52:00-04:00,151.38999938964844,151.5,151.0399932861328,151.32000732421875,35039
2026-09-02 09:53:00-04:00,151.1699981689453,151.57000732421875,151.1199951171875,151.47999572753906,24650
2026-09-02 09:54:00-04:00,151.3800048828125,151.7100067138672,151.02999877929688,151.02999877929688,29774
2026-09-02 09:55:00-04:00,151.4199981689453,151.75,151.2899932861328,151.3800048828125,15916
2026-09-02 09:56:00-04:00,152.35000610351562,152.35000610351562,151.41000366210938,151.52000427246094,31284
2026-09-02 09:57:00-04:00,152.47000122070312,152.62109375,152.3300018310547,152.41000366210938,24636
2026-09-02 09:58:00-04:00,152.22000122070312,152.58999633789062,152.110107421875,152.39999389648438,21922
2026-09-02 09:59:00-04:00,152.60000610351562,152.63999938964844,152.1199951171875,152.2100067138672,18228
2026-09-02 10:00:00-04:00,152.61500549316406,152.78990173339844,152.33999633789062,152.57940673828125,25084
2026-09-02 10:01:00-04:00,152.37010192871094,152.72349548339844,152.37010192871094,152.62249755859375,8133
2026-09-02 10:02:00-04:00,152.8300018310547,153.22000122070312,152.45799255371094,152.45799255371094,24832
2026-09-02 10:03:00-04:00,153.76499938964844,153.86000061035156,153.02000427246094,153.02000427246094,24307
2026-09-02 10:04:00-04:00,153.88999938964844,154.02000427246094,153.68060302734375,153.85000610351562,25365
2026-09-02 10:05:00-04:00,154.80499267578125,154.8498992919922,153.9199981689453,153.9199981689453,31357
2026-09-02 10:06:00-04:00,154.92999267578125,155.0,154.63999938964844,154.80499267578125,74543
2026-09-02 10:07:00-04:00,154.68499755859375,155.1699981689453,154.22999572753906,154.94000244140625,35763
2026-09-02 10:08:00-04:00,154.8300018310547,155.0,154.55999755859375,154.6199951171875,18469
2026-09-02 10:09:00-04:00,153.97000122070312,154.8800048828125,153.8300018310547,154.72000122070312,40680
2026-09-02 10:10:00-04:00,154.2050018310547,154.41000366210938,153.8000030517578,153.88999938964844,20600
2026-09-02 10:11:00-04:00,154.4499969482422,154.5500030517578,154.0102996826172,154.2050018310547,23893
2026-09-02 10:12:00-04:00,154.10000610351562,154.4949951171875,153.91000366210938,154.49000549316406,15321
2026-09-02 10:13:00-04:00,154.30999755859375,154.4199981689453,154.02000427246094,154.10000610351562,6408
2026-09-02 10:14:00-04:00,153.85240173339844,154.3260040283203,153.85240173339844,154.25999450683594,13107
2026-09-02 10:15:00-04:00,154.10499572753906,154.35000610351562,153.9499969482422,154.0,12721
2026-09-02 10:16:00-04:00,154.08900451660156,154.1999969482422,153.92999267578125,154.19000244140625,23001
2026-09-02 10:17:00-04:00,153.8300018310547,154.01499938964844,153.6699981689453,154.01499938964844,18946
2026-09-02 10:18:00-04:00,153.05999755859375,153.8300018310547,153.05999755859375,153.8300018310547,32577
2026-09-02 10:19:00-04:00,153.11000061035156,153.27999877929688,153.02789306640625,153.07000732421875,15118
2026-09-02 10:20:00-04:00,154.39999389648438,154.39999389648438,153.22999572753906,153.25,28733
2026-09-02 10:21:00-04:00,155.0399932861328,155.1999969482422,154.14010620117188,154.14010620117188,37520
2026-09-02 10:22:00-04:00,154.58999633789062,155.19500732421875,154.47850036621094,155.0749969482422,17524
2026-09-02 10:23:00-04:00,154.67999267578125,154.82000732421875,154.39999389648438,154.5500030517578,8451
2026-09-02 10:24:00-04:00,154.55999755859375,154.77999877929688,154.44500732421875,154.6750030517578,21516
2026-09-02 10:25:00-04:00,154.8300018310547,154.8300018310547,154.47999572753906,154.55999755859375,12935
2026-09-02 10:26:00-04:00,154.89999389648438,155.1999969482422,154.63009643554688,154.74000549316406,16892
2026-09-02 10:27:00-04:00,155.0449981689453,155.14999389648438,154.8000946044922,154.89500427246094,16604
2026-09-02 10:28:00-04:00,154.8000030517578,155.1300048828125,154.7899932861328,155.04510498046875,10447
2026-09-02 10:29:00-04:00,154.6649932861328,154.86000061035156,154.5500030517578,154.85499572753906,10188
2026-09-02 10:30:00-04:00,154.4600067138672,154.65499877929688,154.16009521484375,154.6199951171875,12800
2026-09-02 10:31:00-04:00,154.14999389648438,154.4980926513672,154.14999389648438,154.4949951171875,19033
2026-09-02 10:32:00-04:00,154.22999572753906,154.6199951171875,154.11940002441406,154.2100067138672,11587
2026-09-02 10:33:00-04:00,154.0500030517578,154.18499755859375,153.92999267578125,154.13999938964844,13339
2026-09-02 10:34:00-04:00,154.75,154.8000030517578,154.05999755859375,154.14999389648438,27492
2026-09-02 10:35:00-04:00,155.27760314941406,155.27760314941406,154.74000549316406,154.74000549316406,25525
2026-09-02 10:36:00-04:00,155.5,155.67999267578125,155.16000366210938,155.24000549316406,29621
2026-09-02 10:37:00-04:00,155.05499267578125,155.4199981689453,154.81959533691406,155.4199981689453,11171
2026-09-02 10:38:00-04:00,154.9949951171875,155.0,154.82000732421875,154.97000122070312,8483
2026-09-02 10:39:00-04:00,155.24000549316406,155.24000549316406,154.9499969482422,154.9499969482422,9338
2026-09-02 10:40:00-04:00,155.52000427246094,155.67999267578125,155.1199951171875,155.24000549316406,15373
2026-09-02 10:41:00-04:00,155.3217010498047,155.55999755859375,155.3000030517578,155.52000427246094,5745
2026-09-02 10:42:00-04:00,155.25,155.4351043701172,155.25,155.375,4560
2026-09-02 10:43:00-04:00,155.89639282226562,155.89639282226562,155.25999450683594,155.2899932861328,24037
2026-09-02 10:44:00-04:00,155.77999877929688,156.10000610351562,155.69659423828125,155.86500549316406,37227
2026-09-02 10:45:00-04:00,155.5500030517578,155.72999572753906,155.5500030517578,155.72999572753906,10516
2026-09-02 10:46:00-04:00,155.14010620117188,155.5500946044922,155.1300048828125,155.5500946044922,11556
2026-09-02 10:47:00-04:00,154.91000366210938,155.13999938964844,154.67999267578125,155.13999938964844,15712
2026-09-02 10:48:00-04:00,154.72999572753906,154.97000122070312,154.6300048828125,154.80999755859375,12410
2026-09-02 10:49:00-04:00,155.0,155.0,154.65359497070312,154.72999572753906,11147
2026-09-02 10:50:00-04:00,154.97000122070312,155.2899932861328,154.86500549316406,154.86500549316406,9884
2026-09-02 10:51:00-04:00,155.03500366210938,155.0399932861328,154.75,154.9550018310547,14967
2026-09-02 10:52:00-04:00,154.97999572753906,155.0,154.91000366210938,155.0,6112
2026-09-02 10:53:00-04:00,154.85000610351562,155.0050048828125,154.75999450683594,155.0050048828125,8243
2026-09-02 10:54:00-04:00,154.46499633789062,155.0,154.4499969482422,154.86000061035156,16625
2026-09-02 10:55:00-04:00,154.4600067138672,154.6300048828125,154.39500427246094,154.58590698242188,9464
2026-09-02 10:56:00-04:00,153.7480010986328,154.50999450683594,153.5399932861328,154.39500427246094,29919
2026-09-02 10:57:00-04:00,154.10000610351562,154.11709594726562,153.6699981689453,153.7899932861328,20538
2026-09-02 10:58:00-04:00,153.9149932861328,154.17999267578125,153.8300018310547,154.16000366210938,11091
2026-09-02 10:59:00-04:00,154.1699981689453,154.19000244140625,153.9600067138672,153.9600067138672,13391
2026-09-02 11:00:00-04:00,154.16000366210938,154.1999969482422,153.99000549316406,154.11000061035156,5718
2026-09-02 11:01:00-04:00,154.0399932861328,154.16000366210938,153.98049926757812,154.16000366210938,2878
2026-09-02 11:02:00-04:00,154.24000549316406,154.25,153.9499969482422,154.0800018310547,8643
2026-09-02 11:03:00-04:00,154.3000030517578,154.41000366210938,154.19000244140625,154.2550048828125,13984
2026-09-02 11:04:00-04:00,154.13009643554688,154.2550048828125,154.13009643554688,154.2550048828125,3738
2026-09-02 11:05:00-04:00,154.15499877929688,154.25,154.08999633789062,154.2100067138672,8216
2026-09-02 11:06:00-04:00,153.58999633789062,154.22000122070312,153.5,154.1649932861328,69252
2026-09-02 11:07:00-04:00,153.5500030517578,153.610107421875,153.5,153.610107421875,4056
2026-09-02 11:08:00-04:00,153.38499450683594,153.5449981689453,153.33999633789062,153.47999572753906,8879
2026-09-02 11:09:00-04:00,153.36500549316406,153.44000244140625,153.25999450683594,153.42999267578125,8343
2026-09-02 11:10:00-04:00,152.7449951171875,153.38999938964844,152.6199951171875,153.38999938964844,16538
2026-09-02 11:11:00-04:00,153.54580688476562,153.54580688476562,152.61000061035156,152.65969848632812,25934
2026-09-02 11:12:00-04:00,153.45750427246094,153.60499572753906,153.35000610351562,153.5800018310547,16529
2026-09-02 11:13:00-04:00,153.4149932861328,153.5,153.33999633789062,153.4499969482422,4953
2026-09-02 11:14:00-04:00,153.4199981689453,153.44000244140625,153.32000732421875,153.4149932861328,11543
2026-09-02 11:15:00-04:00,153.45706176757812,153.47999572753906,153.16000366210938,153.40499877929688,13507
2026-09-02 11:16:00-04:00,153.44000244140625,153.47000122070312,153.2449951171875,153.39999389648438,6572
2026-09-02 11:17:00-04:00,153.5399932861328,153.6685028076172,153.38999938964844,153.38999938964844,5567
2026-09-02 11:18:00-04:00,153.64999389648438,153.74000549316406,153.5800018310547,153.5800018310547,6297
2026-09-02 11:19:00-04:00,154.0500030517578,154.05999755859375,153.67999267578125,153.67999267578125,17876
2026-09-02 11:20:00-04:00,153.89999389648438,154.13999938964844,153.89999389648438,153.99000549316406,18157
2026-09-02 11:21:00-04:00,153.67999267578125,153.9499969482422,153.6699981689453,153.9499969482422,7133
2026-09-02 11:22:00-04:00,153.75999450683594,153.75999450683594,153.52000427246094,153.72000122070312,10141
2026-09-02 11:23:00-04:00,153.8300018310547,153.97999572753906,153.77999877929688,153.77999877929688,6177
2026-09-02 11:24:00-04:00,153.89999389648438,153.89999389648438,153.77999877929688,153.77999877929688,1912
2026-09-02 11:25:00-04:00,153.82000732421875,153.97999572753906,153.82000732421875,153.90499877929688,4196
2026-09-02 11:26:00-04:00,154.19000244140625,154.19000244140625,153.75999450683594,153.8249969482422,19992
2026-09-02 11:27:00-04:00,154.2949981689453,154.3699951171875,154.18499755859375,154.28500366210938,19509
2026-09-02 11:28:00-04:00,154.33999633789062,154.44000244140625,154.2949981689453,154.2949981689453,13441
2026-09-02 11:29:00-04:00,154.27000427246094,154.5,154.25999450683594,154.39999389648438,8707
2026-09-02 11:30:00-04:00,154.20249938964844,154.35000610351562,154.13999938964844,154.30999755859375,16742
2026-09-02 11:31:00-04:00,154.22500610351562,154.2899932861328,154.14999389648438,154.1999969482422,8117
2026-09-02 11:32:00-04:00,154.22500610351562,154.3000030517578,154.13999938964844,154.21249389648438,3014
2026-09-02 11:33:00-04:00,154.1699981689453,154.32000732421875,154.10000610351562,154.21249389648438,17056
2026-09-02 11:34:00-04:00,154.44000244140625,154.44000244140625,154.10000610351562,154.10000610351562,7177
2026-09-02 11:35:00-04:00,153.99000549316406,154.3699951171875,153.99000549316406,154.3699951171875,6196
2026-09-02 11:36:00-04:00,153.9499969482422,154.0800018310547,153.91000366210938,153.91000366210938,11183
2026-09-02 11:37:00-04:00,154.0,154.08999633789062,153.9199981689453,153.9199981689453,6447
2026-09-02 11:38:00-04:00,154.0,154.10000610351562,153.97999572753906,154.08999633789062,3555
2026-09-02 11:39:00-04:00,154.07000732421875,154.07000732421875,153.97999572753906,154.00999450683594,4550
2026-09-02 11:40:00-04:00,154.1199951171875,154.1999969482422,154.07510375976562,154.10000610351562,6958
2026-09-02 11:41:00-04:00,154.10330200195312,154.19000244140625,154.05999755859375,154.13999938964844,6123
2026-09-02 11:42:00-04:00,154.24000549316406,154.31280517578125,154.13999938964844,154.19000244140625,16189
2026-09-02 11:43:00-04:00,154.1699981689453,154.3000030517578,154.0601043701172,154.16099548339844,6185
2026-09-02 11:44:00-04:00,154.2100067138672,154.25,154.07000732421875,154.24989318847656,16123
2026-09-02 11:45:00-04:00,153.9199981689453,154.13999938964844,153.83999633789062,154.13999938964844,7580
2026-09-02 11:46:00-04:00,153.86500549316406,153.94000244140625,153.7899932861328,153.94000244140625,5485
2026-09-02 11:47:00-04:00,154.11000061035156,154.14999389648438,153.7136993408203,153.8000030517578,7158
2026-09-02 11:48:00-04:00,154.24000549316406,154.27000427246094,154.02000427246094,154.05999755859375,5001
2026-09-02 11:49:00-04:00,154.64999389648438,154.6999969482422,154.24000549316406,154.24000549316406,20188
2026-09-02 11:50:00-04:00,154.5800018310547,154.76499938964844,154.4499969482422,154.6699981689453,7327
2026-09-02 11:51:00-04:00,154.67999267578125,154.6999969482422,154.5850067138672,154.64999389648438,1620
2026-09-02 11:52:00-04:00,154.75,155.0050048828125,154.6999969482422,154.6999969482422,28089
2026-09-02 11:53:00-04:00,154.72000122070312,155.0500030517578,154.72000122070312,154.97000122070312,8596
2026-09-02 11:54:00-04:00,154.4949951171875,154.7100067138672,154.41000366210938,154.7100067138672,12664
2026-09-02 11:55:00-04:00,154.01499938964844,154.5,153.7100067138672,154.49000549316406,14666
2026-09-02 11:56:00-04:00,153.96499633789062,154.05999755859375,153.89999389648438,154.0500030517578,3087
2026-09-02 11:57:00-04:00,153.80999755859375,154.02999877929688,153.7899932861328,153.94500732421875,17662
2026-09-02 11:58:00-04:00,153.69500732421875,153.82000732421875,153.59500122070312,153.64999389648438,14660
2026-09-02 11:59:00-04:00,153.72999572753906,153.8800048828125,153.63999938964844,153.7261962890625,6656
2026-09-02 12:00:00-04:00,153.97999572753906,154.0,153.63999938964844,153.72999572753906,13743
2026-09-02 12:01:00-04:00,154.19000244140625,154.2100067138672,153.97000122070312,154.10499572753906,8830
2026-09-02 12:02:00-04:00,154.17999267578125,154.2899932861328,154.1649932861328,154.2100067138672,8723
2026-09-02 12:03:00-04:00,154.14999389648438,154.1699981689453,154.11000061035156,154.1699981689453,1087
2026-09-02 12:04:00-04:00,154.16070556640625,154.22000122070312,154.07000732421875,154.14700317382812,4697
2026-09-02 12:05:00-04:00,153.88999938964844,154.25,153.88999938964844,154.24000549316406,5871
2026-09-02 12:06:00-04:00,153.90499877929688,153.90499877929688,153.65330505371094,153.8800048828125,3332
2026-09-02 12:07:00-04:00,153.9499969482422,154.02999877929688,153.80999755859375,153.97000122070312,3558
2026-09-02 12:08:00-04:00,154.1999969482422,154.1999969482422,153.82009887695312,153.82009887695312,4753
2026-09-02 12:09:00-04:00,154.10000610351562,154.25,154.10000610351562,154.25,2529
2026-09-02 12:10:00-04:00,154.08999633789062,154.1999969482422,154.0500030517578,154.05059814453125,3277
2026-09-02 12:11:00-04:00,153.9149932861328,154.0850067138672,153.9149932861328,154.0316925048828,4716
2026-09-02 12:12:00-04:00,153.9499969482422,153.99000549316406,153.86500549316406,153.86500549316406,3754
2026-09-02 12:13:00-04:00,154.1649932861328,154.19000244140625,153.9499969482422,153.9499969482422,3861
2026-09-02 12:14:00-04:00,154.33999633789062,154.33999633789062,154.16000366210938,154.19000244140625,6792
2026-09-02 12:15:00-04:00,154.1699981689453,154.3300018310547,154.1199951171875,154.30999755859375,5936
2026-09-02 12:16:00-04:00,154.25,154.30999755859375,154.1999969482422,154.2100067138672,2914
2026-09-02 12:17:00-04:00,154.54220581054688,154.60499572753906,154.1699981689453,154.33999633789062,5811
2026-09-02 12:18:00-04:00,154.2899932861328,154.6024932861328,154.2899932861328,154.6024932861328,5599
2026-09-02 12:19:00-04:00,154.5800018310547,154.5800018310547,154.28160095214844,154.28160095214844,6022
2026-09-02 12:20:00-04:00,154.4949951171875,154.64219665527344,154.4949951171875,154.61000061035156,7156
2026-09-02 12:21:00-04:00,154.4949951171875,154.5,154.3800048828125,154.47000122070312,4714
2026-09-02 12:22:00-04:00,154.47999572753906,154.49000549316406,154.4499969482422,154.49000549316406,2076
2026-09-02 12:23:00-04:00,154.26010131835938,154.4550018310547,154.26010131835938,154.39999389648438,5613
2026-09-02 12:24:00-04:00,154.27000427246094,154.27000427246094,154.27000427246094,154.27000427246094,581
2026-09-02 12:25:00-04:00,154.52000427246094,154.58999633789062,154.42999267578125,154.42999267578125,5871
2026-09-02 12:26:00-04:00,154.46710205078125,154.58999633789062,154.46710205078125,154.47999572753906,1870
2026-09-02 12:27:00-04:00,154.4499969482422,154.52499389648438,154.4499969482422,154.52499389648438,1781
2026-09-02 12:28:00-04:00,154.50999450683594,154.50999450683594,154.39999389648438,154.49000549316406,3536
2026-09-02 12:29:00-04:00,154.57000732421875,154.60000610351562,154.5,154.50999450683594,2618
2026-09-02 12:30:00-04:00,154.72000122070312,154.8000030517578,154.6199951171875,154.63999938964844,6069
2026-09-02 12:31:00-04:00,154.77999877929688,154.8800048828125,154.75999450683594,154.7899932861328,4925
2026-09-02 12:32:00-04:00,154.73500061035156,154.78199768066406,154.64999389648438,154.77999877929688,4654
2026-09-02 12:33:00-04:00,154.80999755859375,154.9199981689453,154.75,154.83999633789062,9168
2026-09-02 12:34:00-04:00,154.7550048828125,154.83999633789062,154.72999572753906,154.83999633789062,2319
2026-09-02 12:35:00-04:00,154.92999267578125,154.9499969482422,154.71499633789062,154.71499633789062,10242
2026-09-02 12:36:00-04:00,155.0399932861328,155.10000610351562,154.88999938964844,154.88999938964844,9896
2026-09-02 12:37:00-04:00,155.02999877929688,155.0500030517578,154.8699951171875,155.02000427246094,9564
2026-09-02 12:38:00-04:00,155.13999938964844,155.13999938964844,154.91009521484375,155.0,5515
2026-09-02 12:39:00-04:00,155.07000732421875,155.13999938964844,155.0399932861328,155.08999633789062,6274
2026-09-02 12:40:00-04:00,155.05999755859375,155.05999755859375,155.05499267578125,155.05499267578125,694
2026-09-02 12:41:00-04:00,155.0050048828125,155.07000732421875,155.0,155.0,4153
2026-09-02 12:42:00-04:00,154.82000732421875,155.01499938964844,154.82000732421875,154.9600067138672,5852
2026-09-02 12:43:00-04:00,154.9499969482422,154.9499969482422,154.7982940673828,154.82000732421875,2443
2026-09-02 12:44:00-04:00,155.13999938964844,155.16000366210938,154.91000366210938,154.91000366210938,15069
2026-09-02 12:45:00-04:00,155.3524932861328,155.3524932861328,155.10110473632812,155.11749267578125,6644
2026-09-02 12:46:00-04:00,155.27499389648438,155.3800048828125,155.27499389648438,155.375,4976
2026-09-02 12:47:00-04:00,155.38999938964844,155.38999938964844,155.2050018310547,155.3000030517578,5401
2026-09-02 12:48:00-04:00,155.35499572753906,155.35499572753906,155.35499572753906,155.35499572753906,1919
2026-09-02 12:49:00-04:00,155.47000122070312,155.47000122070312,155.27999877929688,155.3699951171875,6527
2026-09-02 12:50:00-04:00,155.4600067138672,155.57989501953125,155.4600067138672,155.4600067138672,7241
2026-09-02 12:51:00-04:00,155.75999450683594,155.85000610351562,155.4600067138672,155.4600067138672,13225
2026-09-02 12:52:00-04:00,155.9199981689453,155.97999572753906,155.60000610351562,155.68800354003906,6447
2026-09-02 12:53:00-04:00,156.25,156.25,155.9149932861328,155.9149932861328,18955
2026-09-02 12:54:00-04:00,156.1750030517578,156.30999755859375,156.14999389648438,156.30999755859375,12879
2026-09-02 12:55:00-04:00,155.8300018310547,156.28500366210938,155.80999755859375,156.27999877929688,14107
2026-09-02 12:56:00-04:00,156.05999755859375,156.14999389648438,155.8300018310547,155.8300018310547,9119
2026-09-02 12:57:00-04:00,156.0449981689453,156.0449981689453,155.94500732421875,155.99000549316406,3201
2026-09-02 12:58:00-04:00,155.85000610351562,156.1199951171875,155.75999450683594,156.0,5484
2026-09-02 12:59:00-04:00,155.72999572753906,155.86000061035156,155.64999389648438,155.6800994873047,5232
2026-09-02 13:00:00-04:00,155.80389404296875,156.02000427246094,155.80389404296875,155.8800048828125,4331
2026-09-02 13:01:00-04:00,156.0299072265625,156.0299072265625,155.81100463867188,155.90499877929688,3894
2026-09-02 13:02:00-04:00,156.05999755859375,156.05999755859375,155.84970092773438,155.84970092773438,11952
2026-09-02 13:03:00-04:00,156.2198028564453,156.2198028564453,156.0261993408203,156.0449981689453,4808
2026-09-02 13:04:00-04:00,156.07000732421875,156.18310546875,156.0399932861328,156.14500427246094,4450
2026-09-02 13:05:00-04:00,156.08999633789062,156.08999633789062,156.0363006591797,156.08999633789062,2085
2026-09-02 13:06:00-04:00,156.14999389648438,156.22000122070312,156.14999389648438,156.17999267578125,3327
2026-09-02 13:07:00-04:00,156.0500030517578,156.1750030517578,155.8699951171875,156.1750030517578,18709
2026-09-02 13:08:00-04:00,155.6199951171875,156.04629516601562,155.52999877929688,156.04629516601562,9933
2026-09-02 13:09:00-04:00,155.7100067138672,155.72999572753906,155.51449584960938,155.67999267578125,11916
2026-09-02 13:10:00-04:00,156.010498046875,156.17840576171875,155.5399932861328,155.5399932861328,13068
2026-09-02 13:11:00-04:00,156.00999450683594,156.0500030517578,155.8699951171875,156.02000427246094,6633
2026-09-02 13:12:00-04:00,155.8125,156.09750366210938,155.77000427246094,155.93499755859375,7635
2026-09-02 13:13:00-04:00,155.78500366210938,155.89999389648438,155.5926055908203,155.77000427246094,5067
2026-09-02 13:14:00-04:00,155.8699951171875,155.9199981689453,155.77999877929688,155.77999877929688,8333
2026-09-02 13:15:00-04:00,155.77999877929688,155.87240600585938,155.72999572753906,155.82000732421875,7457
2026-09-02 13:16:00-04:00,156.02000427246094,156.02999877929688,155.7100067138672,155.86000061035156,26221
2026-09-02 13:17:00-04:00,156.17999267578125,156.25,156.02999877929688,156.02999877929688,9827
2026-09-02 13:18:00-04:00,156.13999938964844,156.2100067138672,156.10000610351562,156.17999267578125,5880
2026-09-02 13:19:00-04:00,156.10000610351562,156.14500427246094,155.94000244140625,156.0832977294922,4965
2026-09-02 13:20:00-04:00,156.0,156.10000610351562,155.97999572753906,156.10000610351562,2815
2026-09-02 13:21:00-04:00,156.10000610351562,156.1300048828125,156.0001983642578,156.08999633789062,5985
2026-09-02 13:22:00-04:00,156.1199951171875,156.17999267578125,156.07000732421875,156.17999267578125,1322
2026-09-02 13:23:00-04:00,156.02999877929688,156.1199951171875,156.00999450683594,156.1199951171875,5944
2026-09-02 13:24:00-04:00,156.05999755859375,156.13499450683594,156.00999450683594,156.08999633789062,5038
2026-09-02 13:25:00-04:00,155.97999572753906,156.10000610351562,155.92999267578125,156.10000610351562,6448
2026-09-02 13:26:00-04:00,156.00999450683594,156.0800018310547,156.0050048828125,156.07000732421875,2726
2026-09-02 13:27:00-04:00,155.94000244140625,156.00999450683594,155.8800048828125,156.00999450683594,4512
2026-09-02 13:28:00-04:00,155.9550018310547,155.9550018310547,155.90359497070312,155.90359497070312,3752
2026-09-02 13:29:00-04:00,155.93499755859375,156.0,155.91000366210938,156.0,5332
2026-09-02 13:30:00-04:00,155.94500732421875,156.00320434570312,155.93499755859375,155.93499755859375,4270
2026-09-02 13:31:00-04:00,155.8249969482422,155.89999389648438,155.64999389648438,155.8800048828125,8924
2026-09-02 13:32:00-04:00,155.6699981689453,155.89520263671875,155.6699981689453,155.80999755859375,4651
2026-09-02 13:33:00-04:00,155.4499969482422,155.64999389648438,155.4499969482422,155.64999389648438,15184
2026-09-02 13:34:00-04:00,155.57000732421875,155.5800018310547,155.3300018310547,155.4499969482422,12615
2026-09-02 13:35:00-04:00,155.27999877929688,155.6199951171875,155.23500061035156,155.52999877929688,8601
2026-09-02 13:36:00-04:00,155.16000366210938,155.2449951171875,155.11000061035156,155.23500061035156,4527
2026-09-02 13:37:00-04:00,155.1999969482422,155.2899932861328,154.97999572753906,155.08999633789062,15116
2026-09-02 13:38:00-04:00,155.3249969482422,155.38999938964844,155.13999938964844,155.14999389648438,7268
2026-09-02 13:39:00-04:00,155.30999755859375,155.3300018310547,155.2899932861328,155.3249969482422,4579
2026-09-02 13:40:00-04:00,155.24000549316406,155.3000030517578,155.19000244140625,155.27000427246094,5605
2026-09-02 13:41:00-04:00,155.26499938964844,155.41000366210938,155.24000549316406,155.3000030517578,8463
2026-09-02 13:42:00-04:00,154.98300170898438,155.25,154.98300170898438,155.24000549316406,5991
2026-09-02 13:43:00-04:00,155.13999938964844,155.17999267578125,155.0399932861328,155.05999755859375,6839
2026-09-02 13:44:00-04:00,155.1649932861328,155.2899932861328,155.10000610351562,155.13999938964844,4598
2026-09-02 13:45:00-04:00,155.22999572753906,155.30999755859375,155.1199951171875,155.1649932861328,4022
2026-09-02 13:46:00-04:00,155.47000122070312,155.47000122070312,155.22999572753906,155.3699951171875,5925
2026-09-02 13:47:00-04:00,155.4550018310547,155.5,155.43499755859375,155.43499755859375,6837
2026-09-02 13:48:00-04:00,155.41000366210938,155.5,155.3699951171875,155.5,8772
2026-09-02 13:49:00-04:00,155.54750061035156,155.55499267578125,155.41000366210938,155.47000122070312,9995
2026-09-02 13:50:00-04:00,155.75,155.75,155.5500030517578,155.55499267578125,4479
2026-09-02 13:51:00-04:00,155.9250030517578,155.9250030517578,155.7449951171875,155.7449951171875,4372
2026-09-02 13:52:00-04:00,155.875,155.98989868164062,155.7700958251953,155.9250030517578,8711
2026-09-02 13:53:00-04:00,156.02000427246094,156.02000427246094,155.875,155.875,3661
2026-09-02 13:54:00-04:00,156.14999389648438,156.17999267578125,156.0500030517578,156.0500030517578,7910
2026-09-02 13:55:00-04:00,156.24000549316406,156.25,156.13999938964844,156.19000244140625,5594
2026-09-02 13:56:00-04:00,156.3000030517578,156.30990600585938,156.2100067138672,156.24000549316406,3599
2026-09-02 13:57:00-04:00,156.35000610351562,156.39999389648438,156.2449951171875,156.3000030517578,14833
2026-09-02 13:58:00-04:00,156.30999755859375,156.31500244140625,156.22000122070312,156.31500244140625,2368
2026-09-02 13:59:00-04:00,156.30999755859375,156.4499969482422,156.30999755859375,156.39999389648438,4638
2026-09-02 14:00:00-04:00,156.2550048828125,156.3699951171875,156.1649932861328,156.3699951171875,7104
2026-09-02 14:01:00-04:00,156.17050170898438,156.3000030517578,156.17050170898438,156.3000030517578,3779
2026-09-02 14:02:00-04:00,156.02000427246094,156.20750427246094,155.97999572753906,156.20750427246094,13377
2026-09-02 14:03:00-04:00,156.05499267578125,156.09500122070312,156.0175018310547,156.0175018310547,4589
2026-09-02 14:04:00-04:00,155.89500427246094,156.00999450683594,155.89500427246094,155.97000122070312,5036
2026-09-02 14:05:00-04:00,155.89500427246094,155.9600067138672,155.8699951171875,155.89500427246094,3667
2026-09-02 14:06:00-04:00,155.97999572753906,156.0,155.89999389648438,155.89999389648438,3020
2026-09-02 14:07:00-04:00,155.76499938964844,155.99000549316406,155.66000366210938,155.86000061035156,9675
2026-09-02 14:08:00-04:00,156.02999877929688,156.02999877929688,155.75999450683594,155.76499938964844,7199
2026-09-02 14:09:00-04:00,156.0500030517578,156.20399475097656,156.0500030517578,156.0500030517578,6733
2026-09-02 14:10:00-04:00,156.11000061035156,156.1699981689453,155.96389770507812,156.1300048828125,3868
2026-09-02 14:11:00-04:00,156.0449981689453,156.11500549316406,156.02000427246094,156.11500549316406,3585
2026-09-02 14:12:00-04:00,156.1300048828125,156.1999969482422,156.05999755859375,156.08990478515625,6920
2026-09-02 14:13:00-04:00,156.1999969482422,156.1999969482422,156.13009643554688,156.13499450683594,1900
2026-09-02 14:14:00-04:00,156.39500427246094,156.4199981689453,156.07000732421875,156.1300048828125,11342
2026-09-02 14:15:00-04:00,156.42999267578125,156.47000122070312,156.36000061035156,156.4499969482422,5491
2026-09-02 14:16:00-04:00,156.46749877929688,156.47000122070312,156.27000427246094,156.4250030517578,13371
2026-09-02 14:17:00-04:00,156.5050048828125,156.61000061035156,156.39500427246094,156.39999389648438,16320
2026-09-02 14:18:00-04:00,156.77999877929688,156.86000061035156,156.52999877929688,156.52999877929688,12108
2026-09-02 14:19:00-04:00,156.89990234375,156.89990234375,156.66000366210938,156.77999877929688,7105
2026-09-02 14:20:00-04:00,156.72000122070312,156.86000061035156,156.63999938964844,156.86000061035156,5439
2026-09-02 14:21:00-04:00,156.68499755859375,156.74000549316406,156.63999938964844,156.72000122070312,4600
2026-09-02 14:22:00-04:00,156.68499755859375,156.7353057861328,156.68499755859375,156.68499755859375,2017
2026-09-02 14:23:00-04:00,156.95530700683594,156.97999572753906,156.58999633789062,156.58999633789062,8353
2026-09-02 14:24:00-04:00,156.8000030517578,156.8699951171875,156.77000427246094,156.8699951171875,5165
2026-09-02 14:25:00-04:00,156.55999755859375,156.77000427246094,156.47999572753906,156.75999450683594,14317
2026-09-02 14:26:00-04:00,156.24249267578125,156.67990112304688,156.24249267578125,156.67990112304688,7155
2026-09-02 14:27:00-04:00,156.25,156.3249969482422,156.0200958251953,156.3249969482422,7276
2026-09-02 14:28:00-04:00,156.3699951171875,156.42999267578125,156.1999969482422,156.21499633789062,6182
2026-09-02 14:29:00-04:00,156.4499969482422,156.47999572753906,156.32000732421875,156.44000244140625,4816
2026-09-02 14:30:00-04:00,156.47000122070312,156.51499938964844,156.375,156.47999572753906,17627
2026-09-02 14:31:00-04:00,156.47999572753906,156.5,156.39999389648438,156.47500610351562,13589
2026-09-02 14:32:00-04:00,156.3300018310547,156.49000549316406,156.3300018310547,156.42999267578125,4857
2026-09-02 14:33:00-04:00,156.39999389648438,156.39999389648438,156.27000427246094,156.3350067138672,2928
2026-09-02 14:34:00-04:00,156.19000244140625,156.39999389648438,156.1649932861328,156.38999938964844,7930
2026-09-02 14:35:00-04:00,156.27000427246094,156.33999633789062,156.2050018310547,156.27000427246094,4445
2026-09-02 14:36:00-04:00,156.2899932861328,156.39999389648438,156.27000427246094,156.36000061035156,3275
2026-09-02 14:37:00-04:00,156.3800048828125,156.38999938964844,156.2899932861328,156.35000610351562,2863
2026-09-02 14:38:00-04:00,156.35499572753906,156.4600067138672,156.2808074951172,156.38999938964844,5172
2026-09-02 14:39:00-04:00,156.375,156.45199584960938,156.35499572753906,156.35499572753906,8014
2026-09-02 14:40:00-04:00,156.35499572753906,156.42999267578125,156.35499572753906,156.42999267578125,5367
2026-09-02 14:41:00-04:00,156.2949981689453,156.38999938964844,156.2949981689453,156.3800048828125,3492
2026-09-02 14:42:00-04:00,156.1649932861328,156.2949981689453,156.1649932861328,156.2949981689453,10183
2026-09-02 14:43:00-04:00,156.25999450683594,156.2899932861328,156.2100067138672,156.2100067138672,2958
2026-09-02 14:44:00-04:00,156.55999755859375,156.57000732421875,156.3000030517578,156.3000030517578,23253
2026-09-02 14:45:00-04:00,156.64999389648438,156.71499633789062,156.55999755859375,156.57000732421875,8835
2026-09-02 14:46:00-04:00,156.6699981689453,156.67999267578125,156.52000427246094,156.63999938964844,12201
2026-09-02 14:47:00-04:00,156.85000610351562,156.85499572753906,156.6199951171875,156.6199951171875,10637
2026-09-02 14:48:00-04:00,156.84500122070312,156.88999938964844,156.7700958251953,156.84500122070312,8515
2026-09-02 14:49:00-04:00,156.94500732421875,156.97000122070312,156.83999633789062,156.89999389648438,9437
2026-09-02 14:50:00-04:00,156.88999938964844,156.94500732421875,156.8300018310547,156.94500732421875,7230
2026-09-02 14:51:00-04:00,156.8300018310547,156.9600067138672,156.8271026611328,156.88999938964844,9171
2026-09-02 14:52:00-04:00,156.39999389648438,156.85499572753906,156.3800048828125,156.85499572753906,12772
2026-09-02 14:53:00-04:00,156.25999450683594,156.33999633789062,156.2449951171875,156.33999633789062,0
2026-09-02 14:54:00-04:00,156.19500732421875,156.27999877929688,155.94000244140625,156.22999572753906,12260
2026-09-02 14:55:00-04:00,156.27499389648438,156.36000061035156,156.1999969482422,156.1999969482422,3288
2026-09-02 14:56:00-04:00,156.1999969482422,156.35000610351562,156.08059692382812,156.27499389648438,6141
2026-09-02 14:57:00-04:00,156.13999938964844,156.19000244140625,156.05999755859375,156.10000610351562,7654
2026-09-02 14:58:00-04:00,156.44000244140625,156.5449981689453,156.13499450683594,156.13499450683594,15207
2026-09-02 14:59:00-04:00,156.64500427246094,156.64500427246094,156.4600067138672,156.52499389648438,9586
2026-09-02 15:00:00-04:00,156.86500549316406,156.9499053955078,156.64500427246094,156.64500427246094,10623
2026-09-02 15:01:00-04:00,157.19500732421875,157.1999969482422,156.86500549316406,156.86500549316406,24056
2026-09-02 15:02:00-04:00,157.2550048828125,157.2550048828125,156.89500427246094,157.0749969482422,15301
2026-09-02 15:03:00-04:00,157.07000732421875,157.27000427246094,157.0601043701172,157.27000427246094,4830
2026-09-02 15:04:00-04:00,157.1999969482422,157.1999969482422,157.01010131835938,157.07000732421875,4526
2026-09-02 15:05:00-04:00,157.05999755859375,157.2100067138672,156.97000122070312,157.13999938964844,10258
2026-09-02 15:06:00-04:00,157.01499938964844,157.01510620117188,156.88999938964844,156.88999938964844,3725
2026-09-02 15:07:00-04:00,157.0399932861328,157.13999938964844,157.02000427246094,157.02000427246094,8029
2026-09-02 15:08:00-04:00,157.0,157.0,157.0,157.0,0
