Price,Close,High,Low,Open,Volume
Ticker,SNAP,SNAP,SNAP,SNAP,SNAP
Datetime,,,,,
2026-08-27 09:30:00-04:00,5.348999977111816,5.429999828338623,5.329999923706055,5.429999828338623,852588
2026-08-27 09:31:00-04:00,5.34499979019165,5.369999885559082,5.335000038146973,5.341000080108643,202377
2026-08-27 09:32:00-04:00,5.34499979019165,5.349999904632568,5.320000171661377,5.349999904632568,183092
2026-08-27 09:33:00-04:00,5.309999942779541,5.349999904632568,5.300000190734863,5.340000152587891,187030
2026-08-27 09:34:00-04:00,5.329999923706055,5.340000152587891,5.28000020980835,5.304999828338623,408552
2026-08-27 09:35:00-04:00,5.355000019073486,5.360000133514404,5.320000171661377,5.338799953460693,172369
2026-08-27 09:36:00-04:00,5.34499979019165,5.369999885559082,5.335000038146973,5.355000019073486,167711
2026-08-27 09:37:00-04:00,5.340000152587891,5.360000133514404,5.340000152587891,5.34499979019165,91217
2026-08-27 09:38:00-04:00,5.356200218200684,5.360000133514404,5.34499979019165,5.349999904632568,40933
2026-08-27 09:39:00-04:00,5.380000114440918,5.389999866485596,5.355000019073486,5.355000019073486,346484
2026-08-27 09:40:00-04:00,5.375,5.389999866485596,5.370100021362305,5.375,80626
2026-08-27 09:41:00-04:00,5.385000228881836,5.40500020980835,5.375,5.375,247845
2026-08-27 09:42:00-04:00,5.40500020980835,5.409999847412109,5.380000114440918,5.380000114440918,190138
2026-08-27 09:43:00-04:00,5.380000114440918,5.409999847412109,5.380000114440918,5.400000095367432,92187
2026-08-27 09:44:00-04:00,5.385000228881836,5.400000095367432,5.380000114440918,5.385000228881836,65913
2026-08-27 09:45:00-04:00,5.425000190734863,5.440000057220459,5.380000114440918,5.380000114440918,149427
2026-08-27 09:46:00-04:00,5.434999942779541,5.449999809265137,5.428800106048584,5.428800106048584,105568
2026-08-27 09:47:00-04:00,5.425000190734863,5.440000057220459,5.420000076293945,5.434999942779541,57169
2026-08-27 09:48:00-04:00,5.430099964141846,5.440000057220459,5.410099983215332,5.425000190734863,66315
2026-08-27 09:49:00-04:00,5.434999942779541,5.440000057220459,5.431000232696533,5.434999942779541,28563
2026-08-27 09:50:00-04:00,5.440000057220459,5.445000171661377,5.420000076293945,5.434999942779541,148237
2026-08-27 09:51:00-04:00,5.420100212097168,5.460000038146973,5.420100212097168,5.445000171661377,70514
2026-08-27 09:52:00-04:00,5.418499946594238,5.429999828338623,5.400000095367432,5.425000190734863,74324
2026-08-27 09:53:00-04:00,5.414999961853027,5.420000076293945,5.409999847412109,5.420000076293945,56034
2026-08-27 09:54:00-04:00,5.385000228881836,5.420000076293945,5.380000114440918,5.410099983215332,67415
2026-08-27 09:55:00-04:00,5.409800052642822,5.409800052642822,5.380000114440918,5.385000228881836,111955
2026-08-27 09:56:00-04:00,5.449999809265137,5.449999809265137,5.409999847412109,5.409999847412109,162591
2026-08-27 09:57:00-04:00,5.429999828338623,5.449999809265137,5.429999828338623,5.445000171661377,37187
2026-08-27 09:58:00-04:00,5.430099964141846,5.440000057220459,5.429999828338623,5.440000057220459,38534
2026-08-27 09:59:00-04:00,5.420000076293945,5.440000057220459,5.420000076293945,5.437699794769287,77961
2026-08-27 10:00:00-04:00,5.434999942779541,5.440000057220459,5.411099910736084,5.425000190734863,139193
2026-08-27 10:01:00-04:00,5.429999828338623,5.440000057220459,5.420000076293945,5.429999828338623,70799
2026-08-27 10:02:00-04:00,5.429999828338623,5.440000057220459,5.420000076293945,5.425000190734863,68997
2026-08-27 10:03:00-04:00,5.46999979019165,5.4721999168396,5.425000190734863,5.429999828338623,356631
2026-08-27 10:04:00-04:00,5.485000133514404,5.489999771118164,5.460000038146973,5.46019983291626,119330
2026-08-27 10:05:00-04:00,5.510499954223633,5.519999980926514,5.480000019073486,5.485000133514404,293469
2026-08-27 10:06:00-04:00,5.519999980926514,5.53000020980835,5.510000228881836,5.514999866485596,192250
2026-08-27 10:07:00-04:00,5.539899826049805,5.539999961853027,5.519999980926514,5.519999980926514,152212
2026-08-27 10:08:00-04:00,5.529900074005127,5.539999961853027,5.519999980926514,5.539999961853027,99364
2026-08-27 10:09:00-04:00,5.53000020980835,5.539999961853027,5.519999980926514,5.53000020980835,121551
2026-08-27 10:10:00-04:00,5.550000190734863,5.559999942779541,5.53000020980835,5.53000020980835,366555
2026-08-27 10:11:00-04:00,5.545000076293945,5.550000190734863,5.53000020980835,5.545000076293945,151170
2026-08-27 10:12:00-04:00,5.519999980926514,5.550000190734863,5.510000228881836,5.545000076293945,124925
2026-08-27 10:13:00-04:00,5.53000020980835,5.539999961853027,5.510000228881836,5.519999980926514,77882
2026-08-27 10:14:00-04:00,5.512499809265137,5.539999961853027,5.510000228881836,5.53000020980835,138197
2026-08-27 10:15:00-04:00,5.505000114440918,5.519999980926514,5.480000019073486,5.510000228881836,589429
2026-08-27 10:16:00-04:00,5.490499973297119,5.514999866485596,5.489999771118164,5.505000114440918,120903
2026-08-27 10:17:00-04:00,5.494999885559082,5.5,5.480000019073486,5.494999885559082,180874
2026-08-27 10:18:00-04:00,5.489999771118164,5.5,5.489999771118164,5.5,38424
2026-08-27 10:19:00-04:00,5.489999771118164,5.505000114440918,5.480000019073486,5.494999885559082,122881
2026-08-27 10:20:00-04:00,5.485000133514404,5.494999885559082,5.480000019073486,5.494999885559082,25956
2026-08-27 10:21:00-04:00,5.485000133514404,5.489999771118164,5.480000019073486,5.485000133514404,83785
2026-08-27 10:22:00-04:00,5.494999885559082,5.5,5.485000133514404,5.485000133514404,31089
2026-08-27 10:23:00-04:00,5.514999866485596,5.519999980926514,5.5,5.5,84511
2026-08-27 10:24:00-04:00,5.505000114440918,5.514999866485596,5.5,5.514999866485596,50169
2026-08-27 10:25:00-04:00,5.465000152587891,5.508999824523926,5.4604997634887695,5.505000114440918,97321
2026-08-27 10:26:00-04:00,5.454999923706055,5.46999979019165,5.454999923706055,5.465000152587891,19019
2026-08-27 10:27:00-04:00,5.445000171661377,5.460000038146973,5.440000057220459,5.460000038146973,98169
2026-08-27 10:28:00-04:00,5.429999828338623,5.445000171661377,5.420000076293945,5.445000171661377,54338
2026-08-27 10:29:00-04:00,5.425000190734863,5.429999828338623,5.420000076293945,5.420000076293945,72079
2026-08-27 10:30:00-04:00,5.420000076293945,5.429999828338623,5.420000076293945,5.420000076293945,26316
2026-08-27 10:31:00-04:00,5.414999961853027,5.440000057220459,5.409999847412109,5.420000076293945,199380
2026-08-27 10:32:00-04:00,5.414999961853027,5.429999828338623,5.409999847412109,5.420000076293945,82648
2026-08-27 10:33:00-04:00,5.425000190734863,5.425000190734863,5.409999847412109,5.414999961853027,153935
2026-08-27 10:34:00-04:00,5.409999847412109,5.429999828338623,5.409999847412109,5.425000190734863,138964
2026-08-27 10:35:00-04:00,5.409999847412109,5.425000190734863,5.409999847412109,5.420000076293945,111510
2026-08-27 10:36:00-04:00,5.425000190734863,5.429999828338623,5.409999847412109,5.419899940490723,150954
2026-08-27 10:37:00-04:00,5.425000190734863,5.429999828338623,5.420000076293945,5.425000190734863,43022
2026-08-27 10:38:00-04:00,5.425000190734863,5.429999828338623,5.420000076293945,5.422500133514404,34229
2026-08-27 10:39:00-04:00,5.425000190734863,5.429999828338623,5.420000076293945,5.425000190734863,41944
2026-08-27 10:40:00-04:00,5.429900169372559,5.429999828338623,5.420000076293945,5.421299934387207,56463
2026-08-27 10:41:00-04:00,5.429999828338623,5.429999828338623,5.420000076293945,5.422500133514404,34050
2026-08-27 10:42:00-04:00,5.425000190734863,5.429999828338623,5.420000076293945,5.425000190734863,40052
2026-08-27 10:43:00-04:00,5.434999942779541,5.440000057220459,5.420000076293945,5.425000190734863,81029
2026-08-27 10:44:00-04:00,5.434999942779541,5.440000057220459,5.429999828338623,5.434999942779541,23203
2026-08-27 10:45:00-04:00,5.425000190734863,5.434999942779541,5.420000076293945,5.434999942779541,146315
2026-08-27 10:46:00-04:00,5.428800106048584,5.429999828338623,5.420000076293945,5.425000190734863,106197
2026-08-27 10:47:00-04:00,5.414999961853027,5.429999828338623,5.409999847412109,5.425000190734863,88330
2026-08-27 10:48:00-04:00,5.409999847412109,5.420000076293945,5.409999847412109,5.414999961853027,51498
2026-08-27 10:49:00-04:00,5.414999961853027,5.420000076293945,5.409999847412109,5.414999961853027,60827
2026-08-27 10:50:00-04:00,5.414999961853027,5.420000076293945,5.409999847412109,5.409999847412109,69405
2026-08-27 10:51:00-04:00,5.409999847412109,5.420000076293945,5.409999847412109,5.409999847412109,40484
2026-08-27 10:52:00-04:00,5.425000190734863,5.429999828338623,5.409999847412109,5.414999961853027,105569
2026-08-27 10:53:00-04:00,5.429999828338623,5.429999828338623,5.420000076293945,5.422500133514404,22926
2026-08-27 10:54:00-04:00,5.414999961853027,5.429999828338623,5.409999847412109,5.429999828338623,121588
2026-08-27 10:55:00-04:00,5.420000076293945,5.420000076293945,5.409999847412109,5.414999961853027,105291
2026-08-27 10:56:00-04:00,5.420000076293945,5.420000076293945,5.409999847412109,5.409999847412109,40680
2026-08-27 10:57:00-04:00,5.420000076293945,5.420000076293945,5.409999847412109,5.414999961853027,18353
2026-08-27 10:58:00-04:00,5.425000190734863,5.429999828338623,5.409999847412109,5.420000076293945,93772
2026-08-27 10:59:00-04:00,5.425000190734863,5.429999828338623,5.420000076293945,5.425000190734863,16779
2026-08-27 11:00:00-04:00,5.425099849700928,5.429999828338623,5.421999931335449,5.425000190734863,71506
2026-08-27 11:01:00-04:00,5.429999828338623,5.449999809265137,5.422500133514404,5.425000190734863,156652
2026-08-27 11:02:00-04:00,5.425000190734863,5.430099964141846,5.425000190734863,5.425000190734863,94253
2026-08-27 11:03:00-04:00,5.434999942779541,5.440000057220459,5.425000190734863,5.425000190734863,39615
2026-08-27 11:04:00-04:00,5.440000057220459,5.440000057220459,5.430099964141846,5.434999942779541,73485
2026-08-27 11:05:00-04:00,5.431300163269043,5.440000057220459,5.430200099945068,5.434999942779541,37448
2026-08-27 11:06:00-04:00,5.434999942779541,5.440000057220459,5.434999942779541,5.434999942779541,72611
2026-08-27 11:07:00-04:00,5.440000057220459,5.440000057220459,5.430099964141846,5.434999942779541,25147
2026-08-27 11:08:00-04:00,5.434999942779541,5.440000057220459,5.431000232696533,5.439899921417236,11745
2026-08-27 11:09:00-04:00,5.440000057220459,5.445000171661377,5.429999828338623,5.440000057220459,127145
2026-08-27 11:10:00-04:00,5.449999809265137,5.449999809265137,5.440000057220459,5.445000171661377,49813
2026-08-27 11:11:00-04:00,5.460000038146973,5.460000038146973,5.440000057220459,5.440000057220459,63300
2026-08-27 11:12:00-04:00,5.449999809265137,5.460000038146973,5.449999809265137,5.459000110626221,34734
2026-08-27 11:13:00-04:00,5.460000038146973,5.460000038146973,5.449999809265137,5.450099945068359,20128
2026-08-27 11:14:00-04:00,5.454999923706055,5.460000038146973,5.451099872589111,5.460000038146973,13647
2026-08-27 11:15:00-04:00,5.454999923706055,5.460000038146973,5.451399803161621,5.454999923706055,15106
2026-08-27 11:16:00-04:00,5.454999923706055,5.460000038146973,5.449999809265137,5.454999923706055,10125
2026-08-27 11:17:00-04:00,5.465000152587891,5.465000152587891,5.454999923706055,5.454999923706055,50219
2026-08-27 11:18:00-04:00,5.489999771118164,5.489999771118164,5.46999979019165,5.46999979019165,27998
2026-08-27 11:19:00-04:00,5.494999885559082,5.5,5.485000133514404,5.489999771118164,57441
2026-08-27 11:20:00-04:00,5.494999885559082,5.5,5.480000019073486,5.489999771118164,127439
2026-08-27 11:21:00-04:00,5.480000019073486,5.5,5.480000019073486,5.5,43894
2026-08-27 11:22:00-04:00,5.485000133514404,5.489999771118164,5.480000019073486,5.485000133514404,31712
2026-08-27 11:23:00-04:00,5.480000019073486,5.489999771118164,5.480000019073486,5.480000019073486,27369
2026-08-27 11:24:00-04:00,5.46999979019165,5.489999771118164,5.46999979019165,5.489999771118164,167419
2026-08-27 11:25:00-04:00,5.480000019073486,5.485000133514404,5.46999979019165,5.480000019073486,86836
2026-08-27 11:26:00-04:00,5.485000133514404,5.489999771118164,5.480000019073486,5.489999771118164,30196
2026-08-27 11:27:00-04:00,5.494999885559082,5.5,5.489999771118164,5.489999771118164,60393
2026-08-27 11:28:00-04:00,5.492499828338623,5.5,5.489999771118164,5.5,42530
2026-08-27 11:29:00-04:00,5.495299816131592,5.5,5.489999771118164,5.494999885559082,75037
2026-08-27 11:30:00-04:00,5.489999771118164,5.5,5.489999771118164,5.494999885559082,99239
2026-08-27 11:31:00-04:00,5.5,5.5,5.489999771118164,5.494999885559082,27056
2026-08-27 11:32:00-04:00,5.485000133514404,5.5,5.480000019073486,5.5,49697
2026-08-27 11:33:00-04:00,5.480000019073486,5.489999771118164,5.480000019073486,5.480000019073486,10157
2026-08-27 11:34:00-04:00,5.485000133514404,5.489999771118164,5.474999904632568,5.485000133514404,90297
2026-08-27 11:35:00-04:00,5.511199951171875,5.519999980926514,5.482500076293945,5.489999771118164,259496
2026-08-27 11:36:00-04:00,5.511300086975098,5.519999980926514,5.510000228881836,5.511199951171875,8267
2026-08-27 11:37:00-04:00,5.514999866485596,5.519999980926514,5.510000228881836,5.511000156402588,29328
2026-08-27 11:38:00-04:00,5.500100135803223,5.519999980926514,5.500100135803223,5.514999866485596,60151
2026-08-27 11:39:00-04:00,5.490099906921387,5.510000228881836,5.489999771118164,5.510000228881836,49339
2026-08-27 11:40:00-04:00,5.499800205230713,5.5,5.489999771118164,5.494999885559082,45534
2026-08-27 11:41:00-04:00,5.494999885559082,5.5,5.489999771118164,5.5,9261
2026-08-27 11:42:00-04:00,5.5,5.510000228881836,5.5,5.5,55704
2026-08-27 11:43:00-04:00,5.489999771118164,5.5,5.489999771118164,5.5,42103
2026-08-27 11:44:00-04:00,5.489999771118164,5.5,5.489999771118164,5.494999885559082,12622
2026-08-27 11:45:00-04:00,5.489999771118164,5.5,5.489999771118164,5.494999885559082,13612
2026-08-27 11:46:00-04:00,5.494999885559082,5.5,5.485000133514404,5.490099906921387,109497
2026-08-27 11:47:00-04:00,5.505000114440918,5.510000228881836,5.494999885559082,5.5,57976
2026-08-27 11:48:00-04:00,5.514999866485596,5.519999980926514,5.500100135803223,5.505000114440918,88544
2026-08-27 11:49:00-04:00,5.525000095367432,5.53000020980835,5.512700080871582,5.519999980926514,127506
2026-08-27 11:50:00-04:00,5.525000095367432,5.53000020980835,5.519999980926514,5.53000020980835,73095
2026-08-27 11:51:00-04:00,5.525000095367432,5.53000020980835,5.519999980926514,5.525000095367432,19602
2026-08-27 11:52:00-04:00,5.525000095367432,5.53000020980835,5.519999980926514,5.525000095367432,12174
2026-08-27 11:53:00-04:00,5.525000095367432,5.53000020980835,5.525000095367432,5.525000095367432,6050
2026-08-27 11:54:00-04:00,5.525000095367432,5.53000020980835,5.519999980926514,5.525000095367432,24478
2026-08-27 11:55:00-04:00,5.525000095367432,5.53000020980835,5.520100116729736,5.525000095367432,16282
2026-08-27 11:56:00-04:00,5.525000095367432,5.53000020980835,5.519999980926514,5.525000095367432,10485
2026-08-27 11:57:00-04:00,5.545000076293945,5.550000190734863,5.519999980926514,5.5254998207092285,165863
2026-08-27 11:58:00-04:00,5.550000190734863,5.550000190734863,5.542600154876709,5.545000076293945,32048
2026-08-27 11:59:00-04:00,5.542799949645996,5.550000190734863,5.539999961853027,5.540946006774902,18931
2026-08-27 12:00:00-04:00,5.551199913024902,5.559999942779541,5.545000076293945,5.545000076293945,174737
2026-08-27 12:01:00-04:00,5.554999828338623,5.557499885559082,5.53000020980835,5.554999828338623,306755
2026-08-27 12:02:00-04:00,5.554999828338623,5.559999942779541,5.550000190734863,5.554999828338623,48435
2026-08-27 12:03:00-04:00,5.554999828338623,5.559999942779541,5.550000190734863,5.557499885559082,34635
2026-08-27 12:04:00-04:00,5.557700157165527,5.559999942779541,5.550000190734863,5.555099964141846,48997
2026-08-27 12:05:00-04:00,5.552299976348877,5.559999942779541,5.550000190734863,5.554999828338623,49839
2026-08-27 12:06:00-04:00,5.559999942779541,5.559999942779541,5.550000190734863,5.559999942779541,48944
2026-08-27 12:07:00-04:00,5.559999942779541,5.559999942779541,5.550000190734863,5.559999942779541,11974
2026-08-27 12:08:00-04:00,5.558800220489502,5.559999942779541,5.550000190734863,5.554999828338623,33583
2026-08-27 12:09:00-04:00,5.570000171661377,5.570000171661377,5.550000190734863,5.550000190734863,101835
2026-08-27 12:10:00-04:00,5.565000057220459,5.570000171661377,5.559999942779541,5.570000171661377,114015
2026-08-27 12:11:00-04:00,5.54010009765625,5.565000057220459,5.539999961853027,5.559999942779541,146520
2026-08-27 12:12:00-04:00,5.540999889373779,5.550000190734863,5.539999961853027,5.540999889373779,14916
2026-08-27 12:13:00-04:00,5.539999961853027,5.550000190734863,5.539999961853027,5.550000190734863,28559
2026-08-27 12:14:00-04:00,5.545000076293945,5.550000190734863,5.539999961853027,5.545000076293945,28851
2026-08-27 12:15:00-04:00,5.514999866485596,5.550000190734863,5.505000114440918,5.545000076293945,224861
2026-08-27 12:16:00-04:00,5.519999980926514,5.525000095367432,5.510000228881836,5.514999866485596,74734
2026-08-27 12:17:00-04:00,5.517499923706055,5.519999980926514,5.5100998878479,5.514999866485596,20909
2026-08-27 12:18:00-04:00,5.514999866485596,5.519999980926514,5.5106000900268555,5.5106000900268555,25813
2026-08-27 12:19:00-04:00,5.517499923706055,5.519999980926514,5.514999866485596,5.514999866485596,6999
2026-08-27 12:20:00-04:00,5.514999866485596,5.519999980926514,5.510000228881836,5.519999980926514,14323
2026-08-27 12:21:00-04:00,5.514999866485596,5.514999866485596,5.5100998878479,5.514999866485596,12863
2026-08-27 12:22:00-04:00,5.514999866485596,5.519999980926514,5.510000228881836,5.514999866485596,3576
2026-08-27 12:23:00-04:00,5.514999866485596,5.519999980926514,5.5100998878479,5.514999866485596,14329
2026-08-27 12:24:00-04:00,5.519999980926514,5.519999980926514,5.514800071716309,5.519999980926514,11238
2026-08-27 12:25:00-04:00,5.525000095367432,5.53000020980835,5.514999866485596,5.516499996185303,104366
2026-08-27 12:26:00-04:00,5.52209997177124,5.525000095367432,5.519999980926514,5.525000095367432,21258
2026-08-27 12:27:00-04:00,5.525000095367432,5.53000020980835,5.520500183105469,5.526100158691406,7656
2026-08-27 12:28:00-04:00,5.519999980926514,5.525000095367432,5.514999866485596,5.522500038146973,29975
2026-08-27 12:29:00-04:00,5.514999866485596,5.519999980926514,5.510000228881836,5.519000053405762,13522
2026-08-27 12:30:00-04:00,5.511000156402588,5.519999980926514,5.510000228881836,5.519899845123291,13577
2026-08-27 12:31:00-04:00,5.514999866485596,5.519999980926514,5.510000228881836,5.519999980926514,8315
2026-08-27 12:32:00-04:00,5.514999866485596,5.519899845123291,5.510000228881836,5.511000156402588,9996
2026-08-27 12:33:00-04:00,5.53000020980835,5.53000020980835,5.5,5.5100998878479,175242
2026-08-27 12:34:00-04:00,5.525000095367432,5.53000020980835,5.520500183105469,5.525000095367432,16320
2026-08-27 12:35:00-04:00,5.514999866485596,5.525000095367432,5.510000228881836,5.525000095367432,37315
2026-08-27 12:36:00-04:00,5.519999980926514,5.519999980926514,5.510000228881836,5.510000228881836,10664
2026-08-27 12:37:00-04:00,5.514999866485596,5.519999980926514,5.510000228881836,5.5100998878479,3182
2026-08-27 12:38:00-04:00,5.514999866485596,5.519000053405762,5.510000228881836,5.514999866485596,17696
2026-08-27 12:39:00-04:00,5.514999866485596,5.519999980926514,5.514999866485596,5.514999866485596,2493
2026-08-27 12:40:00-04:00,5.514999866485596,5.519999980926514,5.5100998878479,5.519999980926514,6940
2026-08-27 12:41:00-04:00,5.505000114440918,5.512499809265137,5.5,5.510000228881836,54785
2026-08-27 12:42:00-04:00,5.5,5.510000228881836,5.5,5.505000114440918,30665
2026-08-27 12:43:00-04:00,5.505000114440918,5.510000228881836,5.5,5.510000228881836,6472
2026-08-27 12:44:00-04:00,5.510000228881836,5.510000228881836,5.505000114440918,5.505000114440918,3081
2026-08-27 12:45:00-04:00,5.5,5.510000228881836,5.5,5.505000114440918,39443
2026-08-27 12:46:00-04:00,5.510000228881836,5.510000228881836,5.5,5.5,31686
2026-08-27 12:47:00-04:00,5.494999885559082,5.505000114440918,5.489999771118164,5.505000114440918,139353
2026-08-27 12:48:00-04:00,5.494999885559082,5.5,5.489999771118164,5.494999885559082,109190
2026-08-27 12:49:00-04:00,5.494999885559082,5.5,5.489999771118164,5.489999771118164,13787
2026-08-27 12:50:00-04:00,5.494999885559082,5.5,5.494999885559082,5.5,14741
2026-08-27 12:51:00-04:00,5.494999885559082,5.5,5.489999771118164,5.494999885559082,52983
2026-08-27 12:52:00-04:00,5.499899864196777,5.5,5.489999771118164,5.5,55080
2026-08-27 12:53:00-04:00,5.494999885559082,5.514999866485596,5.489999771118164,5.5,193111
2026-08-27 12:54:00-04:00,5.494999885559082,5.5,5.494999885559082,5.494999885559082,14271
2026-08-27 12:55:00-04:00,5.494999885559082,5.5,5.494999885559082,5.5,10842
2026-08-27 12:56:00-04:00,5.494999885559082,5.5,5.494999885559082,5.5,11086
2026-08-27 12:57:00-04:00,5.494999885559082,5.5,5.489999771118164,5.5,15814
2026-08-27 12:58:00-04:00,5.494999885559082,5.5,5.489999771118164,5.489999771118164,53630
2026-08-27 12:59:00-04:00,5.499499797821045,5.5,5.489999771118164,5.494999885559082,9058
2026-08-27 13:00:00-04:00,5.494999885559082,5.5,5.490499973297119,5.494999885559082,17961
2026-08-27 13:01:00-04:00,5.494999885559082,5.5,5.494999885559082,5.494999885559082,22541
2026-08-27 13:02:00-04:00,5.497700214385986,5.505000114440918,5.489999771118164,5.5,84099
2026-08-27 13:03:00-04:00,5.494999885559082,5.5,5.489999771118164,5.5,9452
2026-08-27 13:04:00-04:00,5.500100135803223,5.505000114440918,5.489999771118164,5.5,34413
2026-08-27 13:05:00-04:00,5.503399848937988,5.505000114440918,5.503200054168701,5.505000114440918,8871
2026-08-27 13:06:00-04:00,5.505000114440918,5.505000114440918,5.5,5.505000114440918,8450
2026-08-27 13:07:00-04:00,5.5,5.50600004196167,5.5,5.50600004196167,13936
2026-08-27 13:08:00-04:00,5.505000114440918,5.510000228881836,5.5,5.50600004196167,34019
2026-08-27 13:09:00-04:00,5.505000114440918,5.510000228881836,5.5,5.5,16773
2026-08-27 13:10:00-04:00,5.500100135803223,5.510000228881836,5.5,5.5,16394
2026-08-27 13:11:00-04:00,5.505000114440918,5.510000228881836,5.5,5.5,43265
2026-08-27 13:12:00-04:00,5.499899864196777,5.510000228881836,5.494999885559082,5.5,52252
2026-08-27 13:13:00-04:00,5.494999885559082,5.5,5.494999885559082,5.494999885559082,22325
2026-08-27 13:14:00-04:00,5.489999771118164,5.494999885559082,5.485000133514404,5.489999771118164,31303
2026-08-27 13:15:00-04:00,5.485000133514404,5.489999771118164,5.485000133514404,5.485000133514404,21618
2026-08-27 13:16:00-04:00,5.485000133514404,5.489999771118164,5.485000133514404,5.489999771118164,48325
2026-08-27 13:17:00-04:00,5.485000133514404,5.489999771118164,5.480000019073486,5.485000133514404,62172
2026-08-27 13:18:00-04:00,5.485000133514404,5.486800193786621,5.480000019073486,5.480000019073486,8060
2026-08-27 13:19:00-04:00,5.485000133514404,5.485000133514404,5.485000133514404,5.485000133514404,1304
2026-08-27 13:20:00-04:00,5.485000133514404,5.489999771118164,5.480000019073486,5.489999771118164,20043
2026-08-27 13:21:00-04:00,5.485000133514404,5.489999771118164,5.481200218200684,5.489999771118164,19436
2026-08-27 13:22:00-04:00,5.485000133514404,5.489999771118164,5.485000133514404,5.485000133514404,7172
2026-08-27 13:23:00-04:00,5.485000133514404,5.489999771118164,5.485000133514404,5.488800048828125,10433
2026-08-27 13:24:00-04:00,5.489999771118164,5.489999771118164,5.480000019073486,5.4822998046875,151041
2026-08-27 13:25:00-04:00,5.485000133514404,5.489999771118164,5.480000019073486,5.480000019073486,11189
2026-08-27 13:26:00-04:00,5.480000019073486,5.489999771118164,5.480000019073486,5.485000133514404,20705
2026-08-27 13:27:00-04:00,5.4899001121521,5.489999771118164,5.480000019073486,5.485000133514404,17447
2026-08-27 13:28:00-04:00,5.485000133514404,5.489999771118164,5.480000019073486,5.485000133514404,25715
2026-08-27 13:29:00-04:00,5.485000133514404,5.486000061035156,5.480000019073486,5.485000133514404,20287
2026-08-27 13:30:00-04:00,5.489999771118164,5.494999885559082,5.480000019073486,5.480000019073486,259269
2026-08-27 13:31:00-04:00,5.489999771118164,5.489999771118164,5.480000019073486,5.485000133514404,19366
2026-08-27 13:32:00-04:00,5.489999771118164,5.494999885559082,5.480000019073486,5.488800048828125,194574
2026-08-27 13:33:00-04:00,5.485000133514404,5.5,5.480000019073486,5.489999771118164,482897
2026-08-27 13:34:00-04:00,5.485000133514404,5.485000133514404,5.485000133514404,5.485000133514404,4098
2026-08-27 13:35:00-04:00,5.485000133514404,5.489999771118164,5.480000019073486,5.480000019073486,2458
2026-08-27 13:36:00-04:00,5.485000133514404,5.488999843597412,5.485000133514404,5.488999843597412,21586
2026-08-27 13:37:00-04:00,5.485000133514404,5.485000133514404,5.480000019073486,5.480000019073486,565
2026-08-27 13:38:00-04:00,5.489999771118164,5.489999771118164,5.485000133514404,5.486000061035156,10506
2026-08-27 13:39:00-04:00,5.488999843597412,5.489999771118164,5.480000019073486,5.485000133514404,5565
2026-08-27 13:40:00-04:00,5.485000133514404,5.489999771118164,5.480000019073486,5.4899001121521,12789
2026-08-27 13:41:00-04:00,5.46999979019165,5.485000133514404,5.46999979019165,5.485000133514404,63844
2026-08-27 13:42:00-04:00,5.474999904632568,5.480000019073486,5.46999979019165,5.474999904632568,14390
2026-08-27 13:43:00-04:00,5.474999904632568,5.480000019073486,5.46999979019165,5.480000019073486,11715
2026-08-27 13:44:00-04:00,5.46999979019165,5.480000019073486,5.46999979019165,5.474999904632568,11135
2026-08-27 13:45:00-04:00,5.474999904632568,5.480000019073486,5.46999979019165,5.474999904632568,5687
2026-08-27 13:46:00-04:00,5.480000019073486,5.480000019073486,5.474999904632568,5.474999904632568,4510
2026-08-27 13:47:00-04:00,5.46999979019165,5.480000019073486,5.46999979019165,5.474999904632568,10450
2026-08-27 13:48:00-04:00,5.474999904632568,5.480000019073486,5.46999979019165,5.480000019073486,15949
2026-08-27 13:49:00-04:00,5.474999904632568,5.474999904632568,5.46999979019165,5.474999904632568,46032
2026-08-27 13:50:00-04:00,5.474999904632568,5.485000133514404,5.46999979019165,5.480000019073486,66331
2026-08-27 13:51:00-04:00,5.46999979019165,5.474999904632568,5.465000152587891,5.46999979019165,58685
2026-08-27 13:52:00-04:00,5.464799880981445,5.46999979019165,5.460000038146973,5.465000152587891,12481
2026-08-27 13:53:00-04:00,5.46999979019165,5.46999979019165,5.460000038146973,5.460000038146973,11839
2026-08-27 13:54:00-04:00,5.465000152587891,5.46999979019165,5.460000038146973,5.465000152587891,7776
2026-08-27 13:55:00-04:00,5.460000038146973,5.46999979019165,5.454999923706055,5.46999979019165,31710
2026-08-27 13:56:00-04:00,5.450099945068359,5.460000038146973,5.449999809265137,5.460000038146973,4057
2026-08-27 13:57:00-04:00,5.454999923706055,5.460000038146973,5.449999809265137,5.449999809265137,4996
2026-08-27 13:58:00-04:00,5.452000141143799,5.460000038146973,5.449999809265137,5.449999809265137,14520
2026-08-27 13:59:00-04:00,5.449999809265137,5.460000038146973,5.449999809265137,5.454999923706055,20506
2026-08-27 14:00:00-04:00,5.449999809265137,5.460000038146973,5.449999809265137,5.454999923706055,95007
2026-08-27 14:01:00-04:00,5.454999923706055,5.460000038146973,5.449999809265137,5.449999809265137,6792
2026-08-27 14:02:00-04:00,5.445000171661377,5.460000038146973,5.442599773406982,5.460000038146973,219272
2026-08-27 14:03:00-04:00,5.465000152587891,5.465000152587891,5.445000171661377,5.445000171661377,620737
2026-08-27 14:04:00-04:00,5.46999979019165,5.46999979019165,5.460000038146973,5.46999979019165,16990
2026-08-27 14:05:00-04:00,5.460000038146973,5.46999979019165,5.460000038146973,5.460000038146973,16348
2026-08-27 14:06:00-04:00,5.46999979019165,5.46999979019165,5.460000038146973,5.46999979019165,28516
2026-08-27 14:07:00-04:00,5.465000152587891,5.46999979019165,5.460000038146973,5.460000038146973,21191
2026-08-27 14:08:00-04:00,5.46999979019165,5.46999979019165,5.460000038146973,5.46999979019165,5527
2026-08-27 14:09:00-04:00,5.460100173950195,5.46999979019165,5.460000038146973,5.465199947357178,15941
2026-08-27 14:10:00-04:00,5.465000152587891,5.46999979019165,5.460000038146973,5.462500095367432,8097
2026-08-27 14:11:00-04:00,5.460000038146973,5.46999979019165,5.460000038146973,5.465000152587891,4034
2026-08-27 14:12:00-04:00,5.454999923706055,5.46999979019165,5.454999923706055,5.460000038146973,38751
2026-08-27 14:13:00-04:00,5.449999809265137,5.460000038146973,5.440000057220459,5.454999923706055,50612
2026-08-27 14:14:00-04:00,5.445000171661377,5.449999809265137,5.440000057220459,5.445000171661377,19198
2026-08-27 14:15:00-04:00,5.44950008392334,5.449999809265137,5.440000057220459,5.440000057220459,5244
2026-08-27 14:16:00-04:00,5.449900150299072,5.449999809265137,5.440000057220459,5.449999809265137,8348
2026-08-27 14:17:00-04:00,5.440000057220459,5.449999809265137,5.429999828338623,5.440000057220459,99920
2026-08-27 14:18:00-04:00,5.440999984741211,5.449999809265137,5.429999828338623,5.429999828338623,56314
2026-08-27 14:19:00-04:00,5.434999942779541,5.449999809265137,5.434999942779541,5.440000057220459,28114
2026-08-27 14:20:00-04:00,5.448800086975098,5.449999809265137,5.429999828338623,5.429999828338623,43006
2026-08-27 14:21:00-04:00,5.445000171661377,5.449999809265137,5.440000057220459,5.446191787719727,36153
2026-08-27 14:22:00-04:00,5.449999809265137,5.449999809265137,5.440000057220459,5.44950008392334,11940
2026-08-27 14:23:00-04:00,5.445000171661377,5.449999809265137,5.440000057220459,5.440000057220459,10613
2026-08-27 14:24:00-04:00,5.445000171661377,5.449999809265137,5.440000057220459,5.449999809265137,3312
2026-08-27 14:25:00-04:00,5.445000171661377,5.449999809265137,5.440000057220459,5.441400051116943,55532
2026-08-27 14:26:00-04:00,5.440199851989746,5.449999809265137,5.434999942779541,5.445000171661377,146842
2026-08-27 14:27:00-04:00,5.440000057220459,5.449999809265137,5.440000057220459,5.449999809265137,26012
2026-08-27 14:28:00-04:00,5.445000171661377,5.449999809265137,5.440000057220459,5.445000171661377,13430
2026-08-27 14:29:00-04:00,5.445000171661377,5.449999809265137,5.440000057220459,5.440100193023682,8155
2026-08-27 14:30:00-04:00,5.440000057220459,5.449999809265137,5.440000057220459,5.445000171661377,7512
2026-08-27 14:31:00-04:00,5.445000171661377,5.449999809265137,5.440000057220459,5.440000057220459,26567
2026-08-27 14:32:00-04:00,5.445000171661377,5.449999809265137,5.440000057220459,5.445000171661377,41990
2026-08-27 14:33:00-04:00,5.449999809265137,5.449999809265137,5.440000057220459,5.440000057220459,7966
2026-08-27 14:34:00-04:00,5.429999828338623,5.449999809265137,5.429999828338623,5.449999809265137,58988
2026-08-27 14:35:00-04:00,5.429800033569336,5.440000057220459,5.420000076293945,5.440000057220459,65559
2026-08-27 14:36:00-04:00,5.420000076293945,5.429999828338623,5.420000076293945,5.429999828338623,28620
2026-08-27 14:37:00-04:00,5.434999942779541,5.440000057220459,5.420000076293945,5.420000076293945,153146
2026-08-27 14:38:00-04:00,5.434999942779541,5.440000057220459,5.429999828338623,5.434999942779541,25780
2026-08-27 14:39:00-04:00,5.434999942779541,5.440000057220459,5.429999828338623,5.429999828338623,115906
2026-08-27 14:40:00-04:00,5.434999942779541,5.440000057220459,5.429999828338623,5.434999942779541,71413
2026-08-27 14:41:00-04:00,5.434999942779541,5.440000057220459,5.429999828338623,5.429999828338623,7292
2026-08-27 14:42:00-04:00,5.434999942779541,5.440000057220459,5.429999828338623,5.434999942779541,18044
2026-08-27 14:43:00-04:00,5.434999942779541,5.440000057220459,5.429999828338623,5.434999942779541,14720
2026-08-27 14:44:00-04:00,5.434999942779541,5.440000057220459,5.429999828338623,5.434999942779541,14219
2026-08-27 14:45:00-04:00,5.437699794769287,5.440000057220459,5.429999828338623,5.434999942779541,9883
2026-08-27 14:46:00-04:00,5.434999942779541,5.440000057220459,5.429999828338623,5.434999942779541,11560
2026-08-27 14:47:00-04:00,5.434999942779541,5.440000057220459,5.429999828338623,5.434999942779541,47964
2026-08-27 14:48:00-04:00,5.445000171661377,5.449999809265137,5.429999828338623,5.434999942779541,88800
2026-08-27 14:49:00-04:00,5.445000171661377,5.449999809265137,5.440000057220459,5.440000057220459,14944
2026-08-27 14:50:00-04:00,5.445000171661377,5.449999809265137,5.440000057220459,5.440000057220459,9206
2026-08-27 14:51:00-04:00,5.445000171661377,5.449999809265137,5.440000057220459,5.445000171661377,17034
2026-08-27 14:52:00-04:00,5.440000057220459,5.449999809265137,5.440000057220459,5.445000171661377,11861
2026-08-27 14:53:00-04:00,5.445000171661377,5.449999809265137,5.440000057220459,5.449999809265137,12503
2026-08-27 14:54:00-04:00,5.445000171661377,5.449999809265137,5.440000057220459,5.445000171661377,12330
2026-08-27 14:55:00-04:00,5.445000171661377,5.449999809265137,5.440000057220459,5.440000057220459,18036
2026-08-27 14:56:00-04:00,5.445000171661377,5.449999809265137,5.440000057220459,5.440000057220459,10636
2026-08-27 14:57:00-04:00,5.445000171661377,5.449999809265137,5.440000057220459,5.449999809265137,13320
2026-08-27 14:58:00-04:00,5.445000171661377,5.449999809265137,5.440000057220459,5.445000171661377,18627
2026-08-27 14:59:00-04:00,5.445000171661377,5.449999809265137,5.440000057220459,5.449999809265137,24971
2026-08-27 15:00:00-04:00,5.445000171661377,5.449999809265137,5.440000057220459,5.440000057220459,22882
2026-08-27 15:01:00-04:00,5.449999809265137,5.449999809265137,5.440000057220459,5.445000171661377,6559
2026-08-27 15:02:00-04:00,5.440000057220459,5.449999809265137,5.440000057220459,5.445000171661377,11590
2026-08-27 15:03:00-04:00,5.454999923706055,5.460000038146973,5.440000057220459,5.440000057220459,126431
2026-08-27 15:04:00-04:00,5.454999923706055,5.460000038146973,5.449999809265137,5.460000038146973,24533
2026-08-27 15:05:00-04:00,5.454999923706055,5.460000038146973,5.449999809265137,5.454999923706055,15971
2026-08-27 15:06:00-04:00,5.445000171661377,5.449999809265137,5.440000057220459,5.449999809265137,68128
2026-08-27 15:07:00-04:00,5.445000171661377,5.449999809265137,5.440000057220459,5.440000057220459,6843
2026-08-27 15:08:00-04:00,5.440999984741211,5.445000171661377,5.440000057220459,5.445000171661377,2249
2026-08-27 15:09:00-04:00,5.440000057220459,5.445000171661377,5.440000057220459,5.440000057220459,2341
2026-08-27 15:10:00-04:00,5.434999942779541,5.449999809265137,5.429999828338623,5.444699764251709,63067
2026-08-27 15:11:00-04:00,5.429999828338623,5.440000057220459,5.429999828338623,5.429999828338623,11608
2026-08-27 15:12:00-04:00,5.434999942779541,5.440000057220459,5.429999828338623,5.440000057220459,20404
2026-08-27 15:13:00-04:00,5.434999942779541,5.434999942779541,5.431000232696533,5.434999942779541,4125
2026-08-27 15:14:00-04:00,5.434999942779541,5.440000057220459,5.429999828338623,5.429999828338623,19316
2026-08-27 15:15:00-04:00,5.434999942779541,5.440000057220459,5.429999828338623,5.434999942779541,10615
2026-08-27 15:16:00-04:00,5.425000190734863,5.430099964141846,5.420000076293945,5.429999828338623,129219
2026-08-27 15:17:00-04:00,5.409999847412109,5.428999900817871,5.409999847412109,5.425000190734863,138878
2026-08-27 15:18:00-04:00,5.40500020980835,5.4105000495910645,5.400000095367432,5.4105000495910645,99215
2026-08-27 15:19:00-04:00,5.40500020980835,5.409999847412109,5.400000095367432,5.40500020980835,23669
2026-08-27 15:20:00-04:00,5.4019999504089355,5.409999847412109,5.400000095367432,5.40500020980835,41076
2026-08-27 15:21:00-04:00,5.389999866485596,5.400000095367432,5.389999866485596,5.400000095367432,98891
2026-08-27 15:22:00-04:00,5.39900016784668,5.400000095367432,5.389999866485596,5.394999980926514,22585
2026-08-27 15:23:00-04:00,5.400000095367432,5.400000095367432,5.389999866485596,5.400000095367432,18967
2026-08-27 15:24:00-04:00,5.394999980926514,5.400000095367432,5.389999866485596,5.389999866485596,25552
2026-08-27 15:25:00-04:00,5.391900062561035,5.400000095367432,5.389999866485596,5.389999866485596,5616
2026-08-27 15:26:00-04:00,5.380000114440918,5.400000095367432,5.380000114440918,5.389999866485596,98010
2026-08-27 15:27:00-04:00,5.385000228881836,5.389999866485596,5.380000114440918,5.381999969482422,20491
2026-08-27 15:28:00-04:00,5.385000228881836,5.389999866485596,5.380000114440918,5.385000228881836,48025
2026-08-27 15:29:00-04:00,5.387499809265137,5.389999866485596,5.380000114440918,5.380000114440918,13249
2026-08-27 15:30:00-04:00,5.380000114440918,5.389999866485596,5.380000114440918,5.385000228881836,12447
2026-08-27 15:31:00-04:00,5.385000228881836,5.389999866485596,5.380000114440918,5.385000228881836,30805
2026-08-27 15:32:00-04:00,5.385000228881836,5.389999866485596,5.380000114440918,5.385000228881836,25676
2026-08-27 15:33:00-04:00,5.385000228881836,5.389999866485596,5.380000114440918,5.389999866485596,60524
2026-08-27 15:34:00-04:00,5.385000228881836,5.389999866485596,5.380000114440918,5.380000114440918,37799
2026-08-27 15:35:00-04:00,5.380000114440918,5.389999866485596,5.380000114440918,5.385000228881836,82550
2026-08-27 15:36:00-04:00,5.385000228881836,5.389999866485596,5.380000114440918,5.385000228881836,31797
2026-08-27 15:37:00-04:00,5.385000228881836,5.389999866485596,5.380000114440918,5.380000114440918,82246
2026-08-27 15:38:00-04:00,5.385000228881836,5.400000095367432,5.380000114440918,5.385000228881836,134002
2026-08-27 15:39:00-04:00,5.380000114440918,5.380000114440918,5.364999771118164,5.380000114440918,144584
2026-08-27 15:40:00-04:00,5.360000133514404,5.375,5.360000133514404,5.375,59950
2026-08-27 15:41:00-04:00,5.355000019073486,5.369999885559082,5.349999904632568,5.360000133514404,168253
2026-08-27 15:42:00-04:00,5.349999904632568,5.360000133514404,5.349999904632568,5.355000019073486,26429
2026-08-27 15:43:00-04:00,5.364999771118164,5.369999885559082,5.349999904632568,5.349999904632568,268713
2026-08-27 15:44:00-04:00,5.369999885559082,5.369999885559082,5.360000133514404,5.364999771118164,39336
2026-08-27 15:45:00-04:00,5.364999771118164,5.369999885559082,5.360000133514404,5.367300033569336,18934
2026-08-27 15:46:00-04:00,5.364999771118164,5.369999885559082,5.360000133514404,5.360000133514404,41380
2026-08-27 15:47:00-04:00,5.364999771118164,5.369999885559082,5.360000133514404,5.364999771118164,36614
2026-08-27 15:48:00-04:00,5.355000019073486,5.364999771118164,5.349999904632568,5.364999771118164,286439
2026-08-27 15:49:00-04:00,5.355000019073486,5.360000133514404,5.349999904632568,5.355000019073486,55454
2026-08-27 15:50:00-04:00,5.355000019073486,5.360000133514404,5.349999904632568,5.355000019073486,97802
2026-08-27 15:51:00-04:00,5.359499931335449,5.360000133514404,5.349999904632568,5.355199813842773,45160
2026-08-27 15:52:00-04:00,5.375,5.375,5.360000133514404,5.360000133514404,177475
2026-08-27 15:53:00-04:00,5.375,5.380000114440918,5.369999885559082,5.375,82523
2026-08-27 15:54:00-04:00,5.375,5.380000114440918,5.369999885559082,5.375,48538
2026-08-27 15:55:00-04:00,5.360000133514404,5.375,5.34499979019165,5.369999885559082,421777
2026-08-27 15:56:00-04:00,5.34499979019165,5.360000133514404,5.335000038146973,5.360000133514404,209204
2026-08-27 15:57:00-04:00,5.340000152587891,5.360000133514404,5.335000038146973,5.34499979019165,461735
2026-08-27 15:58:00-04:00,5.34499979019165,5.349999904632568,5.335000038146973,5.335000038146973,424238
2026-08-27 15:59:00-04:00,5.335000038146973,5.349999904632568,5.329999923706055,5.34499979019165,345537
2026-08-28 09:30:00-04:00,5.360000133514404,5.389999866485596,5.329999923706055,5.349999904632568,2423122
2026-08-28 09:31:00-04:00,5.394999980926514,5.394999980926514,5.34499979019165,5.364999771118164,52336
2026-08-28 09:32:00-04:00,5.409999847412109,5.420000076293945,5.380000114440918,5.400000095367432,94676
2026-08-28 09:33:00-04:00,5.423600196838379,5.429999828338623,5.400000095367432,5.409999847412109,141410
2026-08-28 09:34:00-04:00,5.465000152587891,5.469900131225586,5.429999828338623,5.429999828338623,99212
2026-08-28 09:35:00-04:00,5.5,5.519999980926514,5.460000038146973,5.460000038146973,181748
2026-08-28 09:36:00-04:00,5.489999771118164,5.499899864196777,5.480000019073486,5.494999885559082,77492
2026-08-28 09:37:00-04:00,5.519999980926514,5.5289998054504395,5.480000019073486,5.485000133514404,174188
2026-08-28 09:38:00-04:00,5.545000076293945,5.550000190734863,5.519999980926514,5.520100116729736,125715
2026-08-28 09:39:00-04:00,5.545000076293945,5.559999942779541,5.539999961853027,5.545000076293945,216437
2026-08-28 09:40:00-04:00,5.53000020980835,5.550000190734863,5.53000020980835,5.540900230407715,73461
2026-08-28 09:41:00-04:00,5.539999961853027,5.550000190734863,5.53000020980835,5.530099868774414,80197
2026-08-28 09:42:00-04:00,5.510000228881836,5.539999961853027,5.5,5.53000020980835,68180
2026-08-28 09:43:00-04:00,5.505000114440918,5.519999980926514,5.5,5.510000228881836,64593
2026-08-28 09:44:00-04:00,5.5,5.510000228881836,5.46999979019165,5.5,83259
2026-08-28 09:45:00-04:00,5.510000228881836,5.519899845123291,5.494999885559082,5.510000228881836,64295
2026-08-28 09:46:00-04:00,5.519899845123291,5.519999980926514,5.500100135803223,5.509900093078613,56366
2026-08-28 09:47:00-04:00,5.547500133514404,5.550000190734863,5.514999866485596,5.519999980926514,195659
2026-08-28 09:48:00-04:00,5.553800106048584,5.565000057220459,5.53000020980835,5.545000076293945,173313
2026-08-28 09:49:00-04:00,5.554999828338623,5.559999942779541,5.539999961853027,5.550000190734863,70670
2026-08-28 09:50:00-04:00,5.545000076293945,5.559999942779541,5.540200233459473,5.554299831390381,67319
2026-08-28 09:51:00-04:00,5.545000076293945,5.549900054931641,5.539999961853027,5.549900054931641,36381
2026-08-28 09:52:00-04:00,5.550000190734863,5.550000190734863,5.539999961853027,5.545000076293945,58086
2026-08-28 09:53:00-04:00,5.565000057220459,5.579999923706055,5.545000076293945,5.550000190734863,116152
2026-08-28 09:54:00-04:00,5.554999828338623,5.569900035858154,5.550000190734863,5.569900035858154,80424
2026-08-28 09:55:00-04:00,5.548999786376953,5.559999942779541,5.534999847412109,5.554999828338623,221766
2026-08-28 09:56:00-04:00,5.545000076293945,5.550000190734863,5.539999961853027,5.545000076293945,29361
2026-08-28 09:57:00-04:00,5.5289998054504395,5.545000076293945,5.525000095367432,5.545000076293945,195106
2026-08-28 09:58:00-04:00,5.514999866485596,5.539999961853027,5.510000228881836,5.53000020980835,110109
2026-08-28 09:59:00-04:00,5.518799781799316,5.528800010681152,5.510000228881836,5.514999866485596,22182
2026-08-28 10:00:00-04:00,5.519999980926514,5.525000095367432,5.501500129699707,5.510000228881836,50491
2026-08-28 10:01:00-04:00,5.529699802398682,5.53000020980835,5.519999980926514,5.525000095367432,18039
2026-08-28 10:02:00-04:00,5.545000076293945,5.550000190734863,5.529900074005127,5.53000020980835,18342
2026-08-28 10:03:00-04:00,5.53000020980835,5.550000190734863,5.53000020980835,5.550000190734863,53802
2026-08-28 10:04:00-04:00,5.510000228881836,5.534999847412109,5.510000228881836,5.53249979019165,33588
2026-08-28 10:05:00-04:00,5.514999866485596,5.519999980926514,5.5,5.514999866485596,107803
2026-08-28 10:06:00-04:00,5.519999980926514,5.519999980926514,5.505000114440918,5.5100998878479,50663
2026-08-28 10:07:00-04:00,5.519000053405762,5.519999980926514,5.510000228881836,5.519899845123291,34044
2026-08-28 10:08:00-04:00,5.514999866485596,5.519999980926514,5.510000228881836,5.514999866485596,19400
2026-08-28 10:09:00-04:00,5.500100135803223,5.519999980926514,5.500100135803223,5.519999980926514,34281
2026-08-28 10:10:00-04:00,5.489999771118164,5.510000228881836,5.480000019073486,5.505000114440918,76653
2026-08-28 10:11:00-04:00,5.489999771118164,5.5,5.485000133514404,5.489999771118164,32418
2026-08-28 10:12:00-04:00,5.494999885559082,5.5,5.490099906921387,5.5,63054
2026-08-28 10:13:00-04:00,5.5,5.505000114440918,5.489999771118164,5.494999885559082,77079
2026-08-28 10:14:00-04:00,5.494999885559082,5.505000114440918,5.489999771118164,5.500100135803223,31360
2026-08-28 10:15:00-04:00,5.505000114440918,5.518799781799316,5.494999885559082,5.494999885559082,359959
2026-08-28 10:16:00-04:00,5.519899845123291,5.519999980926514,5.5,5.505000114440918,75548
2026-08-28 10:17:00-04:00,5.521200180053711,5.528600215911865,5.510000228881836,5.519999980926514,75139
2026-08-28 10:18:00-04:00,5.53000020980835,5.53000020980835,5.519999980926514,5.525000095367432,33965
2026-08-28 10:19:00-04:00,5.525000095367432,5.537499904632568,5.519999980926514,5.525000095367432,56550
2026-08-28 10:20:00-04:00,5.53000020980835,5.5395002365112305,5.525000095367432,5.53000020980835,20094
2026-08-28 10:21:00-04:00,5.534999847412109,5.539999961853027,5.525000095367432,5.539999961853027,17860
2026-08-28 10:22:00-04:00,5.545000076293945,5.554999828338623,5.53000020980835,5.534999847412109,93833
2026-08-28 10:23:00-04:00,5.53000020980835,5.550000190734863,5.53000020980835,5.550000190734863,53030
2026-08-28 10:24:00-04:00,5.527500152587891,5.539999961853027,5.525000095367432,5.53000020980835,29223
2026-08-28 10:25:00-04:00,5.514999866485596,5.53000020980835,5.514999866485596,5.525000095367432,25633
2026-08-28 10:26:00-04:00,5.519999980926514,5.519999980926514,5.510000228881836,5.514999866485596,15493
2026-08-28 10:27:00-04:00,5.519999980926514,5.519999980926514,5.510000228881836,5.519999980926514,29728
2026-08-28 10:28:00-04:00,5.519700050354004,5.519999980926514,5.510000228881836,5.514999866485596,23514
2026-08-28 10:29:00-04:00,5.510000228881836,5.519999980926514,5.510000228881836,5.514999866485596,19080
2026-08-28 10:30:00-04:00,5.494999885559082,5.519999980926514,5.492599964141846,5.514999866485596,88420
2026-08-28 10:31:00-04:00,5.505000114440918,5.510000228881836,5.489999771118164,5.494999885559082,77570
2026-08-28 10:32:00-04:00,5.494999885559082,5.510000228881836,5.494999885559082,5.5,103446
2026-08-28 10:33:00-04:00,5.494999885559082,5.499000072479248,5.480100154876709,5.499000072479248,74605
2026-08-28 10:34:00-04:00,5.494999885559082,5.509900093078613,5.489999771118164,5.494999885559082,68721
2026-08-28 10:35:00-04:00,5.498799800872803,5.5,5.491099834442139,5.5,41041
2026-08-28 10:36:00-04:00,5.510000228881836,5.510000228881836,5.489999771118164,5.499899864196777,118249
2026-08-28 10:37:00-04:00,5.519999980926514,5.519999980926514,5.510000228881836,5.510000228881836,39464
2026-08-28 10:38:00-04:00,5.519999980926514,5.519999980926514,5.511300086975098,5.519999980926514,24306
2026-08-28 10:39:00-04:00,5.53000020980835,5.53000020980835,5.510000228881836,5.514999866485596,56385
2026-08-28 10:40:00-04:00,5.539899826049805,5.539999961853027,5.520100116729736,5.525000095367432,34190
2026-08-28 10:41:00-04:00,5.534999847412109,5.539999961853027,5.53000020980835,5.539999961853027,33272
2026-08-28 10:42:00-04:00,5.519999980926514,5.539999961853027,5.519999980926514,5.534999847412109,62468
2026-08-28 10:43:00-04:00,5.520100116729736,5.53000020980835,5.519999980926514,5.525000095367432,79946
2026-08-28 10:44:00-04:00,5.525000095367432,5.53000020980835,5.519999980926514,5.525000095367432,47259
2026-08-28 10:45:00-04:00,5.53000020980835,5.53000020980835,5.519999980926514,5.53000020980835,28428
2026-08-28 10:46:00-04:00,5.53000020980835,5.53000020980835,5.519999980926514,5.525000095367432,20130
2026-08-28 10:47:00-04:00,5.519999980926514,5.53000020980835,5.519999980926514,5.525000095367432,17037
2026-08-28 10:48:00-04:00,5.534999847412109,5.53879976272583,5.519999980926514,5.5295000076293945,27006
2026-08-28 10:49:00-04:00,5.545000076293945,5.550000190734863,5.53000020980835,5.53000020980835,74203
2026-08-28 10:50:00-04:00,5.554999828338623,5.554999828338623,5.539999961853027,5.545000076293945,46382
2026-08-28 10:51:00-04:00,5.554999828338623,5.559899806976318,5.554500102996826,5.554999828338623,27200
2026-08-28 10:52:00-04:00,5.554999828338623,5.568999767303467,5.550099849700928,5.550099849700928,66790
2026-08-28 10:53:00-04:00,5.571199893951416,5.579999923706055,5.554999828338623,5.554999828338623,106532
2026-08-28 10:54:00-04:00,5.565000057220459,5.579999923706055,5.559999942779541,5.574999809265137,110236
2026-08-28 10:55:00-04:00,5.565000057220459,5.565000057220459,5.559999942779541,5.564799785614014,22938
2026-08-28 10:56:00-04:00,5.570000171661377,5.579999923706055,5.545000076293945,5.565000057220459,210856
2026-08-28 10:57:00-04:00,5.585000038146973,5.590000152587891,5.559999942779541,5.570000171661377,156854
2026-08-28 10:58:00-04:00,5.574999809265137,5.585000038146973,5.570099830627441,5.585000038146973,40744
2026-08-28 10:59:00-04:00,5.559899806976318,5.579899787902832,5.551300048828125,5.572500228881836,48201
2026-08-28 11:00:00-04:00,5.549799919128418,5.559999942779541,5.54010009765625,5.559899806976318,83504
2026-08-28 11:01:00-04:00,5.54010009765625,5.550000190734863,5.539999961853027,5.550000190734863,118818
2026-08-28 11:02:00-04:00,5.539999961853027,5.550000190734863,5.539999961853027,5.550000190734863,16310
2026-08-28 11:03:00-04:00,5.5562567710876465,5.5562567710876465,5.539999961853027,5.539999961853027,44682
2026-08-28 11:04:00-04:00,5.554999828338623,5.559999942779541,5.550099849700928,5.554999828338623,39393
2026-08-28 11:05:00-04:00,5.554999828338623,5.559999942779541,5.545000076293945,5.554999828338623,174349
2026-08-28 11:06:00-04:00,5.570000171661377,5.570000171661377,5.550000190734863,5.550000190734863,74339
2026-08-28 11:07:00-04:00,5.570000171661377,5.570000171661377,5.539999961853027,5.561500072479248,90586
2026-08-28 11:08:00-04:00,5.549900054931641,5.570000171661377,5.545000076293945,5.565000057220459,68398
2026-08-28 11:09:00-04:00,5.545000076293945,5.549900054931641,5.541100025177002,5.545000076293945,15277
2026-08-28 11:10:00-04:00,5.547500133514404,5.550000190734863,5.539999961853027,5.545000076293945,15157
2026-08-28 11:11:00-04:00,5.545000076293945,5.549900054931641,5.539999961853027,5.545000076293945,7003
2026-08-28 11:12:00-04:00,5.559999942779541,5.559999942779541,5.539999961853027,5.545000076293945,35157
2026-08-28 11:13:00-04:00,5.570000171661377,5.570000171661377,5.554999828338623,5.554999828338623,28367
2026-08-28 11:14:00-04:00,5.56879997253418,5.570000171661377,5.560100078582764,5.565000057220459,48607
2026-08-28 11:15:00-04:00,5.574999809265137,5.574999809265137,5.565000057220459,5.565000057220459,38693
2026-08-28 11:16:00-04:00,5.574999809265137,5.578999996185303,5.570000171661377,5.571000099182129,37261
2026-08-28 11:17:00-04:00,5.569900035858154,5.579999923706055,5.559999942779541,5.574999809265137,58043
2026-08-28 11:18:00-04:00,5.545000076293945,5.5625,5.545000076293945,5.560500144958496,66996
2026-08-28 11:19:00-04:00,5.545000076293945,5.550000190734863,5.54010009765625,5.550000190734863,21965
2026-08-28 11:20:00-04:00,5.554999828338623,5.554999828338623,5.545000076293945,5.545000076293945,26976
2026-08-28 11:21:00-04:00,5.554999828338623,5.554999828338623,5.550099849700928,5.554999828338623,11829
2026-08-28 11:22:00-04:00,5.559999942779541,5.559999942779541,5.554999828338623,5.554999828338623,11562
2026-08-28 11:23:00-04:00,5.55049991607666,5.557700157165527,5.55049991607666,5.557700157165527,20857
2026-08-28 11:24:00-04:00,5.579999923706055,5.579999923706055,5.550000190734863,5.559999942779541,187463
2026-08-28 11:25:00-04:00,5.586400032043457,5.586400032043457,5.574999809265137,5.579999923706055,146785
2026-08-28 11:26:00-04:00,5.579500198364258,5.590000152587891,5.570099830627441,5.58459997177124,55525
2026-08-28 11:27:00-04:00,5.570000171661377,5.579999923706055,5.570000171661377,5.574999809265137,18192
2026-08-28 11:28:00-04:00,5.574999809265137,5.579999923706055,5.570099830627441,5.570099830627441,14692
2026-08-28 11:29:00-04:00,5.570099830627441,5.579999923706055,5.570000171661377,5.579999923706055,39438
2026-08-28 11:30:00-04:00,5.570099830627441,5.574999809265137,5.570000171661377,5.574999809265137,8827
2026-08-28 11:31:00-04:00,5.565000057220459,5.579999923706055,5.559999942779541,5.570000171661377,55283
2026-08-28 11:32:00-04:00,5.565000057220459,5.570000171661377,5.559999942779541,5.565000057220459,58835
2026-08-28 11:33:00-04:00,5.560100078582764,5.570000171661377,5.559999942779541,5.565000057220459,41248
2026-08-28 11:34:00-04:00,5.565000057220459,5.570000171661377,5.559999942779541,5.565000057220459,35190
2026-08-28 11:35:00-04:00,5.554999828338623,5.566400051116943,5.550000190734863,5.565000057220459,83688
2026-08-28 11:36:00-04:00,5.559999942779541,5.559999942779541,5.554999828338623,5.559999942779541,31781
2026-08-28 11:37:00-04:00,5.550000190734863,5.559999942779541,5.550000190734863,5.554999828338623,83086
2026-08-28 11:38:00-04:00,5.550000190734863,5.559999942779541,5.550000190734863,5.551344871520996,61160
2026-08-28 11:39:00-04:00,5.554999828338623,5.559999942779541,5.550000190734863,5.550099849700928,39095
2026-08-28 11:40:00-04:00,5.554999828338623,5.559999942779541,5.551300048828125,5.554999828338623,17026
2026-08-28 11:41:00-04:00,5.554999828338623,5.559999942779541,5.550099849700928,5.554999828338623,42232
2026-08-28 11:42:00-04:00,5.554999828338623,5.559999942779541,5.550000190734863,5.554999828338623,7851
2026-08-28 11:43:00-04:00,5.559999942779541,5.570000171661377,5.550000190734863,5.559999942779541,47635
2026-08-28 11:44:00-04:00,5.559999942779541,5.570000171661377,5.550000190734863,5.562300205230713,32863
2026-08-28 11:45:00-04:00,5.554999828338623,5.559999942779541,5.550000190734863,5.550000190734863,39326
2026-08-28 11:46:00-04:00,5.550000190734863,5.559999942779541,5.550000190734863,5.550300121307373,46427
2026-08-28 11:47:00-04:00,5.550000190734863,5.559999942779541,5.539999961853027,5.554999828338623,166737
2026-08-28 11:48:00-04:00,5.550000190734863,5.559999942779541,5.545000076293945,5.550000190734863,47894
2026-08-28 11:49:00-04:00,5.53000020980835,5.545000076293945,5.53000020980835,5.545000076293945,57290
2026-08-28 11:50:00-04:00,5.519999980926514,5.539999961853027,5.519999980926514,5.53000020980835,48715
2026-08-28 11:51:00-04:00,5.510200023651123,5.53000020980835,5.510000228881836,5.519999980926514,57678
2026-08-28 11:52:00-04:00,5.510000228881836,5.519999980926514,5.510000228881836,5.513000011444092,20065
2026-08-28 11:53:00-04:00,5.510000228881836,5.519999980926514,5.510000228881836,5.510000228881836,16742
2026-08-28 11:54:00-04:00,5.514999866485596,5.514999866485596,5.5,5.510000228881836,65211
2026-08-28 11:55:00-04:00,5.510000228881836,5.519999980926514,5.510000228881836,5.514999866485596,51874
2026-08-28 11:56:00-04:00,5.501999855041504,5.519999980926514,5.5,5.514999866485596,42753
2026-08-28 11:57:00-04:00,5.510000228881836,5.510000228881836,5.489999771118164,5.505000114440918,140471
2026-08-28 11:58:00-04:00,5.505000114440918,5.514999866485596,5.5,5.510000228881836,41136
2026-08-28 11:59:00-04:00,5.505000114440918,5.510000228881836,5.5,5.5,28608
2026-08-28 12:00:00-04:00,5.505099773406982,5.510000228881836,5.5,5.505000114440918,20982
2026-08-28 12:01:00-04:00,5.500100135803223,5.510000228881836,5.5,5.510000228881836,78412
2026-08-28 12:02:00-04:00,5.505899906158447,5.510000228881836,5.5,5.5,61011
2026-08-28 12:03:00-04:00,5.510000228881836,5.510000228881836,5.5,5.505000114440918,24486
2026-08-28 12:04:00-04:00,5.505000114440918,5.519999980926514,5.5,5.510000228881836,53812
2026-08-28 12:05:00-04:00,5.500100135803223,5.510000228881836,5.5,5.500999927520752,8318
2026-08-28 12:06:00-04:00,5.507999897003174,5.510000228881836,5.5,5.510000228881836,14609
2026-08-28 12:07:00-04:00,5.514999866485596,5.519999980926514,5.5,5.5,31294
2026-08-28 12:08:00-04:00,5.510000228881836,5.519999980926514,5.510000228881836,5.519999980926514,33191
2026-08-28 12:09:00-04:00,5.514999866485596,5.519999980926514,5.510000228881836,5.512499809265137,21424
2026-08-28 12:10:00-04:00,5.529900074005127,5.53000020980835,5.510000228881836,5.514999866485596,75826
2026-08-28 12:11:00-04:00,5.525000095367432,5.53000020980835,5.519999980926514,5.525000095367432,7299
2026-08-28 12:12:00-04:00,5.519999980926514,5.53000020980835,5.514999866485596,5.519999980926514,69886
2026-08-28 12:13:00-04:00,5.53000020980835,5.53000020980835,5.519999980926514,5.519999980926514,20014
2026-08-28 12:14:00-04:00,5.53000020980835,5.53000020980835,5.519999980926514,5.525000095367432,13982
2026-08-28 12:15:00-04:00,5.509900093078613,5.53000020980835,5.5,5.519999980926514,146874
2026-08-28 12:16:00-04:00,5.5,5.510000228881836,5.5,5.5,22793
2026-08-28 12:17:00-04:00,5.5,5.510000228881836,5.5,5.510000228881836,14537
2026-08-28 12:18:00-04:00,5.510000228881836,5.510000228881836,5.5,5.510000228881836,35800
2026-08-28 12:19:00-04:00,5.5,5.510000228881836,5.489999771118164,5.510000228881836,33815
2026-08-28 12:20:00-04:00,5.489999771118164,5.5,5.480000019073486,5.5,31631
2026-08-28 12:21:00-04:00,5.485000133514404,5.489999771118164,5.480000019073486,5.489999771118164,22653
2026-08-28 12:22:00-04:00,5.480999946594238,5.489999771118164,5.480000019073486,5.489999771118164,96246
2026-08-28 12:23:00-04:00,5.460000038146973,5.489999771118164,5.460000038146973,5.4822001457214355,66351
2026-08-28 12:24:00-04:00,5.460000038146973,5.46999979019165,5.460000038146973,5.460000038146973,38339
2026-08-28 12:25:00-04:00,5.474999904632568,5.474999904632568,5.460000038146973,5.465000152587891,39840
2026-08-28 12:26:00-04:00,5.46999979019165,5.480000019073486,5.460000038146973,5.470099925994873,114070
2026-08-28 12:27:00-04:00,5.480000019073486,5.480000019073486,5.46999979019165,5.480000019073486,20234
2026-08-28 12:28:00-04:00,5.489999771118164,5.489999771118164,5.46999979019165,5.474999904632568,43960
2026-08-28 12:29:00-04:00,5.48199987411499,5.489999771118164,5.480000019073486,5.480000019073486,23931
2026-08-28 12:30:00-04:00,5.489999771118164,5.489999771118164,5.480000019073486,5.485000133514404,17154
2026-08-28 12:31:00-04:00,5.5,5.5,5.480000019073486,5.480000019073486,35101
2026-08-28 12:32:00-04:00,5.5,5.510000228881836,5.489999771118164,5.494999885559082,122416
2026-08-28 12:33:00-04:00,5.510000228881836,5.510000228881836,5.5,5.510000228881836,18814
2026-08-28 12:34:00-04:00,5.489999771118164,5.510000228881836,5.489999771118164,5.505000114440918,49226
2026-08-28 12:35:00-04:00,5.5,5.510000228881836,5.489999771118164,5.5,33706
2026-08-28 12:36:00-04:00,5.505000114440918,5.510000228881836,5.5,5.510000228881836,29532
2026-08-28 12:37:00-04:00,5.510000228881836,5.510000228881836,5.5,5.5,20916
2026-08-28 12:38:00-04:00,5.5,5.510000228881836,5.489999771118164,5.5,37096
2026-08-28 12:39:00-04:00,5.485000133514404,5.5,5.46999979019165,5.489999771118164,73579
2026-08-28 12:40:00-04:00,5.46999979019165,5.489999771118164,5.46999979019165,5.489999771118164,90852
2026-08-28 12:41:00-04:00,5.46999979019165,5.480000019073486,5.460000038146973,5.480000019073486,23442
2026-08-28 12:42:00-04:00,5.460000038146973,5.46999979019165,5.460000038146973,5.465000152587891,4920
2026-08-28 12:43:00-04:00,5.46999979019165,5.46999979019165,5.460000038146973,5.465000152587891,36209
2026-08-28 12:44:00-04:00,5.460000038146973,5.46999979019165,5.460000038146973,5.460000038146973,26875
2026-08-28 12:45:00-04:00,5.480000019073486,5.480000019073486,5.460000038146973,5.465000152587891,69379
2026-08-28 12:46:00-04:00,5.480000019073486,5.480000019073486,5.46999979019165,5.471499919891357,22483
2026-08-28 12:47:00-04:00,5.480000019073486,5.480000019073486,5.46999979019165,5.46999979019165,24697
2026-08-28 12:48:00-04:00,5.5,5.5,5.46999979019165,5.479000091552734,100231
2026-08-28 12:49:00-04:00,5.494999885559082,5.510000228881836,5.489999771118164,5.499000072479248,76675
2026-08-28 12:50:00-04:00,5.5,5.510000228881836,5.489999771118164,5.5,131378
2026-08-28 12:51:00-04:00,5.508999824523926,5.510000228881836,5.5,5.5,36087
2026-08-28 12:52:00-04:00,5.510000228881836,5.510000228881836,5.5,5.5,45438
2026-08-28 12:53:00-04:00,5.5,5.510000228881836,5.5,5.505000114440918,63781
2026-08-28 12:54:00-04:00,5.494999885559082,5.5,5.489999771118164,5.490300178527832,33780
2026-08-28 12:55:00-04:00,5.489999771118164,5.5,5.489999771118164,5.5,32936
2026-08-28 12:56:00-04:00,5.5,5.5,5.489999771118164,5.499000072479248,8273
2026-08-28 12:57:00-04:00,5.5,5.5,5.489999771118164,5.494999885559082,5793
2026-08-28 12:58:00-04:00,5.5,5.5,5.489999771118164,5.489999771118164,9424
2026-08-28 12:59:00-04:00,5.491000175476074,5.5,5.489999771118164,5.489999771118164,15733
2026-08-28 13:00:00-04:00,5.465000152587891,5.493800163269043,5.460000038146973,5.489999771118164,61044
2026-08-28 13:01:00-04:00,5.460000038146973,5.46999979019165,5.460000038146973,5.465000152587891,18886
2026-08-28 13:02:00-04:00,5.449999809265137,5.46999979019165,5.449999809265137,5.4604997634887695,84417
2026-08-28 13:03:00-04:00,5.46999979019165,5.46999979019165,5.449999809265137,5.460000038146973,35617
2026-08-28 13:04:00-04:00,5.460999965667725,5.46999979019165,5.460000038146973,5.460000038146973,24352
2026-08-28 13:05:00-04:00,5.480000019073486,5.480000019073486,5.460000038146973,5.460100173950195,145317
2026-08-28 13:06:00-04:00,5.470099925994873,5.480000019073486,5.46999979019165,5.46999979019165,34046
2026-08-28 13:07:00-04:00,5.46999979019165,5.480000019073486,5.460000038146973,5.46999979019165,58720
2026-08-28 13:08:00-04:00,5.46999979019165,5.46999979019165,5.460000038146973,5.460000038146973,31464
2026-08-28 13:09:00-04:00,5.465000152587891,5.46999979019165,5.460000038146973,5.46999979019165,23232
2026-08-28 13:10:00-04:00,5.460000038146973,5.46999979019165,5.460000038146973,5.460000038146973,13084
2026-08-28 13:11:00-04:00,5.474999904632568,5.478499889373779,5.460000038146973,5.460000038146973,56256
2026-08-28 13:12:00-04:00,5.46999979019165,5.480000019073486,5.46999979019165,5.4710001945495605,37192
2026-08-28 13:13:00-04:00,5.480000019073486,5.480000019073486,5.46999979019165,5.46999979019165,27428
2026-08-28 13:14:00-04:00,5.480000019073486,5.485000133514404,5.46999979019165,5.474999904632568,65945
2026-08-28 13:15:00-04:00,5.489999771118164,5.489999771118164,5.480000019073486,5.480000019073486,22092
2026-08-28 13:16:00-04:00,5.480000019073486,5.489999771118164,5.46999979019165,5.489999771118164,34985
2026-08-28 13:17:00-04:00,5.480000019073486,5.480000019073486,5.46999979019165,5.46999979019165,16772
2026-08-28 13:18:00-04:00,5.480000019073486,5.480000019073486,5.46999979019165,5.480000019073486,24993
2026-08-28 13:19:00-04:00,5.480000019073486,5.489999771118164,5.46999979019165,5.46999979019165,50234
2026-08-28 13:20:00-04:00,5.480000019073486,5.489999771118164,5.480000019073486,5.489999771118164,10861
2026-08-28 13:21:00-04:00,5.485000133514404,5.489999771118164,5.480000019073486,5.489500045776367,12753
2026-08-28 13:22:00-04:00,5.485000133514404,5.4899001121521,5.480000019073486,5.485000133514404,24241
2026-08-28 13:23:00-04:00,5.485000133514404,5.489999771118164,5.480000019073486,5.480000019073486,35217
2026-08-28 13:24:00-04:00,5.494999885559082,5.494999885559082,5.4899001121521,5.4899001121521,43396
2026-08-28 13:25:00-04:00,5.485000133514404,5.494999885559082,5.480000019073486,5.494999885559082,30252
2026-08-28 13:26:00-04:00,5.485000133514404,5.485000133514404,5.480000019073486,5.480100154876709,10443
2026-08-28 13:27:00-04:00,5.485000133514404,5.485000133514404,5.480000019073486,5.485000133514404,8392
2026-08-28 13:28:00-04:00,5.489999771118164,5.489999771118164,5.480000019073486,5.485000133514404,11537
2026-08-28 13:29:00-04:00,5.485000133514404,5.489999771118164,5.480000019073486,5.485000133514404,8574
2026-08-28 13:30:00-04:00,5.485000133514404,5.489999771118164,5.480000019073486,5.485000133514404,49127
2026-08-28 13:31:00-04:00,5.4899001121521,5.489999771118164,5.484000205993652,5.489999771118164,6493
2026-08-28 13:32:00-04:00,5.480100154876709,5.489999771118164,5.480000019073486,5.485000133514404,11794
2026-08-28 13:33:00-04:00,5.47130012512207,5.485000133514404,5.46999979019165,5.480000019073486,56304
2026-08-28 13:34:00-04:00,5.465000152587891,5.46999979019165,5.460000038146973,5.46999979019165,30537
2026-08-28 13:35:00-04:00,5.471499919891357,5.474999904632568,5.465000152587891,5.465000152587891,28514
2026-08-28 13:36:00-04:00,5.470099925994873,5.480000019073486,5.46999979019165,5.4710001945495605,20471
2026-08-28 13:37:00-04:00,5.465000152587891,5.480000019073486,5.465000152587891,5.46999979019165,65920
2026-08-28 13:38:00-04:00,5.46999979019165,5.480000019073486,5.460000038146973,5.467800140380859,34901
2026-08-28 13:39:00-04:00,5.460000038146973,5.480000019073486,5.460000038146973,5.46999979019165,29100
2026-08-28 13:40:00-04:00,5.465000152587891,5.46999979019165,5.460000038146973,5.46999979019165,12553
2026-08-28 13:41:00-04:00,5.454999923706055,5.46999979019165,5.451000213623047,5.460000038146973,44632
2026-08-28 13:42:00-04:00,5.46999979019165,5.46999979019165,5.454999923706055,5.457300186157227,45812
2026-08-28 13:43:00-04:00,5.46999979019165,5.46999979019165,5.460000038146973,5.461100101470947,27123
2026-08-28 13:44:00-04:00,5.460000038146973,5.46999979019165,5.460000038146973,5.465000152587891,11716
2026-08-28 13:45:00-04:00,5.465000152587891,5.46999979019165,5.460000038146973,5.460000038146973,15432
2026-08-28 13:46:00-04:00,5.468999862670898,5.46999979019165,5.460000038146973,5.465000152587891,11521
2026-08-28 13:47:00-04:00,5.46999979019165,5.46999979019165,5.460000038146973,5.468400001525879,6609
2026-08-28 13:48:00-04:00,5.465000152587891,5.46999979019165,5.46120023727417,5.465000152587891,9088
2026-08-28 13:49:00-04:00,5.474999904632568,5.474999904632568,5.465000152587891,5.465000152587891,94241
2026-08-28 13:50:00-04:00,5.474999904632568,5.480000019073486,5.46999979019165,5.46999979019165,29249
2026-08-28 13:51:00-04:00,5.46999979019165,5.46999979019165,5.460000038146973,5.46999979019165,45096
2026-08-28 13:52:00-04:00,5.46999979019165,5.46999979019165,5.460000038146973,5.465000152587891,11999
2026-08-28 13:53:00-04:00,5.46999979019165,5.46999979019165,5.460000038146973,5.46999979019165,25042
2026-08-28 13:54:00-04:00,5.480000019073486,5.480000019073486,5.465000152587891,5.468999862670898,31531
2026-08-28 13:55:00-04:00,5.480000019073486,5.480000019073486,5.46999979019165,5.474999904632568,11715
2026-08-28 13:56:00-04:00,5.46999979019165,5.46999979019165,5.460000038146973,5.46999979019165,31651
2026-08-28 13:57:00-04:00,5.4704999923706055,5.479899883270264,5.465000152587891,5.465000152587891,19420
2026-08-28 13:58:00-04:00,5.474999904632568,5.474999904632568,5.460000038146973,5.46999979019165,44208
2026-08-28 13:59:00-04:00,5.480000019073486,5.480000019073486,5.46999979019165,5.474999904632568,28409
2026-08-28 14:00:00-04:00,5.474999904632568,5.480000019073486,5.46999979019165,5.474999904632568,11603
2026-08-28 14:01:00-04:00,5.474999904632568,5.480000019073486,5.46999979019165,5.46999979019165,20506
2026-08-28 14:02:00-04:00,5.474999904632568,5.480000019073486,5.46999979019165,5.46999979019165,7578
2026-08-28 14:03:00-04:00,5.475500106811523,5.480000019073486,5.473100185394287,5.474999904632568,145558
2026-08-28 14:04:00-04:00,5.480000019073486,5.480000019073486,5.46999979019165,5.46999979019165,11253
2026-08-28 14:05:00-04:00,5.465000152587891,5.480000019073486,5.465000152587891,5.474999904632568,50319
2026-08-28 14:06:00-04:00,5.460000038146973,5.46999979019165,5.449999809265137,5.465000152587891,26270
2026-08-28 14:07:00-04:00,5.465000152587891,5.46999979019165,5.449999809265137,5.451099872589111,39699
2026-08-28 14:08:00-04:00,5.46999979019165,5.46999979019165,5.460000038146973,5.465000152587891,19764
2026-08-28 14:09:00-04:00,5.460000038146973,5.46999979019165,5.460000038146973,5.46999979019165,11602
2026-08-28 14:10:00-04:00,5.465000152587891,5.46999979019165,5.460000038146973,5.460000038146973,8147
2026-08-28 14:11:00-04:00,5.465000152587891,5.46999979019165,5.460000038146973,5.465000152587891,10254
2026-08-28 14:12:00-04:00,5.460000038146973,5.465000152587891,5.450099945068359,5.460100173950195,35734
2026-08-28 14:13:00-04:00,5.445000171661377,5.460000038146973,5.445000171661377,5.455999851226807,110004
2026-08-28 14:14:00-04:00,5.445000171661377,5.449999809265137,5.440000057220459,5.440000057220459,28673
2026-08-28 14:15:00-04:00,5.445000171661377,5.449999809265137,5.445000171661377,5.445000171661377,17863
2026-08-28 14:16:00-04:00,5.449999809265137,5.449999809265137,5.440000057220459,5.445000171661377,25744
2026-08-28 14:17:00-04:00,5.454999923706055,5.454999923706055,5.445000171661377,5.445000171661377,49174
2026-08-28 14:18:00-04:00,5.454999923706055,5.460000038146973,5.449999809265137,5.460000038146973,5737
2026-08-28 14:19:00-04:00,5.454999923706055,5.460000038146973,5.450099945068359,5.454999923706055,9141
2026-08-28 14:20:00-04:00,5.445000171661377,5.460000038146973,5.445000171661377,5.454999923706055,36514
2026-08-28 14:21:00-04:00,5.445000171661377,5.449999809265137,5.440000057220459,5.445000171661377,9404
2026-08-28 14:22:00-04:00,5.434999942779541,5.445000171661377,5.429999828338623,5.445000171661377,28753
2026-08-28 14:23:00-04:00,5.430099964141846,5.440000057220459,5.429999828338623,5.434999942779541,20308
2026-08-28 14:24:00-04:00,5.425000190734863,5.431000232696533,5.422500133514404,5.430099964141846,29505
2026-08-28 14:25:00-04:00,5.425000190734863,5.429999828338623,5.420000076293945,5.425000190734863,18280
2026-08-28 14:26:00-04:00,5.428800106048584,5.429999828338623,5.422999858856201,5.425000190734863,19781
2026-08-28 14:27:00-04:00,5.440000057220459,5.440000057220459,5.422500133514404,5.429999828338623,57516
2026-08-28 14:28:00-04:00,5.434999942779541,5.440000057220459,5.429999828338623,5.43120002746582,6629
2026-08-28 14:29:00-04:00,5.434999942779541,5.440000057220459,5.429999828338623,5.440000057220459,19358
2026-08-28 14:30:00-04:00,5.434999942779541,5.439000129699707,5.429999828338623,5.434999942779541,6687
2026-08-28 14:31:00-04:00,5.429999828338623,5.440000057220459,5.429999828338623,5.434999942779541,16213
2026-08-28 14:32:00-04:00,5.434999942779541,5.440000057220459,5.431000232696533,5.434999942779541,9699
2026-08-28 14:33:00-04:00,5.429900169372559,5.440000057220459,5.425000190734863,5.429999828338623,40128
2026-08-28 14:34:00-04:00,5.429900169372559,5.429999828338623,5.425000190734863,5.425000190734863,61691
2026-08-28 14:35:00-04:00,5.434999942779541,5.440000057220459,5.425000190734863,5.429999828338623,77263
2026-08-28 14:36:00-04:00,5.434999942779541,5.440000057220459,5.429999828338623,5.434999942779541,15643
2026-08-28 14:37:00-04:00,5.43120002746582,5.440000057220459,5.429999828338623,5.440000057220459,12134
2026-08-28 14:38:00-04:00,5.434999942779541,5.440000057220459,5.425000190734863,5.434999942779541,105996
2026-08-28 14:39:00-04:00,5.434999942779541,5.440000057220459,5.429999828338623,5.429999828338623,10099
2026-08-28 14:40:00-04:00,5.439899921417236,5.440000057220459,5.429999828338623,5.439899921417236,7422
2026-08-28 14:41:00-04:00,5.436500072479248,5.440000057220459,5.429999828338623,5.434999942779541,10494
2026-08-28 14:42:00-04:00,5.434999942779541,5.440000057220459,5.429999828338623,5.434999942779541,8852
2026-08-28 14:43:00-04:00,5.436299800872803,5.440000057220459,5.429999828338623,5.429999828338623,36528
2026-08-28 14:44:00-04:00,5.434999942779541,5.440000057220459,5.429999828338623,5.434999942779541,37533
2026-08-28 14:45:00-04:00,5.445000171661377,5.449999809265137,5.434999942779541,5.440000057220459,63447
2026-08-28 14:46:00-04:00,5.445000171661377,5.449999809265137,5.440000057220459,5.445000171661377,19343
2026-08-28 14:47:00-04:00,5.434999942779541,5.449999809265137,5.429999828338623,5.440999984741211,43848
2026-08-28 14:48:00-04:00,5.429999828338623,5.434999942779541,5.429999828338623,5.434999942779541,8064
2026-08-28 14:49:00-04:00,5.434999942779541,5.439000129699707,5.429999828338623,5.430099964141846,20135
2026-08-28 14:50:00-04:00,5.420000076293945,5.429999828338623,5.420000076293945,5.429999828338623,77011
2026-08-28 14:51:00-04:00,5.425000190734863,5.429999828338623,5.420000076293945,5.420000076293945,11966
2026-08-28 14:52:00-04:00,5.420000076293945,5.429999828338623,5.420000076293945,5.429999828338623,19992
2026-08-28 14:53:00-04:00,5.425000190734863,5.429999828338623,5.420000076293945,5.425000190734863,13959
2026-08-28 14:54:00-04:00,5.425000190734863,5.429999828338623,5.420000076293945,5.425000190734863,11037
2026-08-28 14:55:00-04:00,5.420100212097168,5.425000190734863,5.420000076293945,5.425000190734863,11435
2026-08-28 14:56:00-04:00,5.425000190734863,5.429999828338623,5.420000076293945,5.420000076293945,9705
2026-08-28 14:57:00-04:00,5.425000190734863,5.429999828338623,5.420000076293945,5.425000190734863,14372
2026-08-28 14:58:00-04:00,5.420000076293945,5.429999828338623,5.420000076293945,5.420000076293945,11050
2026-08-28 14:59:00-04:00,5.429999828338623,5.429999828338623,5.420000076293945,5.425000190734863,26713
2026-08-28 15:00:00-04:00,5.425000190734863,5.429999828338623,5.420000076293945,5.429999828338623,14288
2026-08-28 15:01:00-04:00,5.434999942779541,5.440000057220459,5.420000076293945,5.425000190734863,81653
2026-08-28 15:02:00-04:00,5.429999828338623,5.440000057220459,5.429999828338623,5.429999828338623,27846
2026-08-28 15:03:00-04:00,5.429999828338623,5.440000057220459,5.420000076293945,5.429999828338623,37437
2026-08-28 15:04:00-04:00,5.429999828338623,5.440000057220459,5.420000076293945,5.425000190734863,52914
2026-08-28 15:05:00-04:00,5.449999809265137,5.449999809265137,5.429999828338623,5.429999828338623,192155
2026-08-28 15:06:00-04:00,5.445000171661377,5.449999809265137,5.440000057220459,5.445000171661377,25013
2026-08-28 15:07:00-04:00,5.440000057220459,5.449999809265137,5.440000057220459,5.449999809265137,12256
2026-08-28 15:08:00-04:00,5.445000171661377,5.449999809265137,5.440000057220459,5.440000057220459,34992
2026-08-28 15:09:00-04:00,5.449999809265137,5.449999809265137,5.440000057220459,5.449999809265137,33539
2026-08-28 15:10:00-04:00,5.449999809265137,5.449999809265137,5.440000057220459,5.448800086975098,18979
2026-08-28 15:11:00-04:00,5.445000171661377,5.449999809265137,5.440000057220459,5.445000171661377,13249
2026-08-28 15:12:00-04:00,5.449999809265137,5.460000038146973,5.440000057220459,5.449999809265137,61749
2026-08-28 15:13:00-04:00,5.460000038146973,5.460000038146973,5.449999809265137,5.449999809265137,29771
2026-08-28 15:14:00-04:00,5.454999923706055,5.460000038146973,5.449999809265137,5.451099872589111,52420
2026-08-28 15:15:00-04:00,5.445000171661377,5.460000038146973,5.440000057220459,5.449999809265137,94239
2026-08-28 15:16:00-04:00,5.440000057220459,5.449999809265137,5.440000057220459,5.440000057220459,16175
2026-08-28 15:17:00-04:00,5.445000171661377,5.449999809265137,5.440000057220459,5.448500156402588,11776
2026-08-28 15:18:00-04:00,5.445000171661377,5.449999809265137,5.440000057220459,5.445000171661377,20838
2026-08-28 15:19:00-04:00,5.448500156402588,5.449999809265137,5.440000057220459,5.440000057220459,17005
2026-08-28 15:20:00-04:00,5.448999881744385,5.449999809265137,5.440000057220459,5.449999809265137,14647
2026-08-28 15:21:00-04:00,5.445000171661377,5.454999923706055,5.440000057220459,5.449999809265137,114310
2026-08-28 15:22:00-04:00,5.440000057220459,5.449999809265137,5.440000057220459,5.445000171661377,9914
2026-08-28 15:23:00-04:00,5.440000057220459,5.449999809265137,5.440000057220459,5.440000057220459,14494
2026-08-28 15:24:00-04:00,5.434999942779541,5.440000057220459,5.429999828338623,5.440000057220459,55613
2026-08-28 15:25:00-04:00,5.434999942779541,5.440000057220459,5.429999828338623,5.434999942779541,34009
2026-08-28 15:26:00-04:00,5.440000057220459,5.440000057220459,5.429999828338623,5.440000057220459,13568
2026-08-28 15:27:00-04:00,5.445000171661377,5.449999809265137,5.429999828338623,5.434999942779541,67522
2026-08-28 15:28:00-04:00,5.445000171661377,5.449900150299072,5.440000057220459,5.445000171661377,31950
2026-08-28 15:29:00-04:00,5.440000057220459,5.449999809265137,5.440000057220459,5.440000057220459,39121
2026-08-28 15:30:00-04:00,5.445000171661377,5.449999809265137,5.440000057220459,5.445000171661377,32628
2026-08-28 15:31:00-04:00,5.445000171661377,5.449999809265137,5.440000057220459,5.445000171661377,33281
2026-08-28 15:32:00-04:00,5.454999923706055,5.460000038146973,5.440000057220459,5.449999809265137,75107
2026-08-28 15:33:00-04:00,5.45989990234375,5.460000038146973,5.449999809265137,5.449999809265137,26172
2026-08-28 15:34:00-04:00,5.454999923706055,5.460000038146973,5.449999809265137,5.454999923706055,59796
2026-08-28 15:35:00-04:00,5.445000171661377,5.454999923706055,5.440000057220459,5.454999923706055,102115
2026-08-28 15:36:00-04:00,5.449999809265137,5.449999809265137,5.440000057220459,5.440000057220459,24073
2026-08-28 15:37:00-04:00,5.445000171661377,5.449999809265137,5.440000057220459,5.445000171661377,20259
2026-08-28 15:38:00-04:00,5.445000171661377,5.449999809265137,5.440000057220459,5.440000057220459,37550
2026-08-28 15:39:00-04:00,5.454999923706055,5.460000038146973,5.440000057220459,5.440000057220459,107637
2026-08-28 15:40:00-04:00,5.441500186920166,5.460000038146973,5.440000057220459,5.454999923706055,195566
2026-08-28 15:41:00-04:00,5.445000171661377,5.449999809265137,5.440000057220459,5.440000057220459,43288
2026-08-28 15:42:00-04:00,5.429999828338623,5.445000171661377,5.425000190734863,5.445000171661377,126692
2026-08-28 15:43:00-04:00,5.445000171661377,5.449999809265137,5.425000190734863,5.434999942779541,339525
2026-08-28 15:44:00-04:00,5.434999942779541,5.449999809265137,5.429999828338623,5.440000057220459,87801
2026-08-28 15:45:00-04:00,5.434999942779541,5.440000057220459,5.429999828338623,5.440000057220459,317412
2026-08-28 15:46:00-04:00,5.440000057220459,5.440000057220459,5.429999828338623,5.434999942779541,56775
2026-08-28 15:47:00-04:00,5.434999942779541,5.440000057220459,5.420000076293945,5.440000057220459,341666
2026-08-28 15:48:00-04:00,5.434999942779541,5.440000057220459,5.429999828338623,5.429999828338623,35638
2026-08-28 15:49:00-04:00,5.434999942779541,5.440000057220459,5.429999828338623,5.434999942779541,35874
2026-08-28 15:50:00-04:00,5.445000171661377,5.449999809265137,5.434999942779541,5.440000057220459,75665
2026-08-28 15:51:00-04:00,5.429999828338623,5.449999809265137,5.429999828338623,5.449999809265137,132937
2026-08-28 15:52:00-04:00,5.425000190734863,5.439899921417236,5.420000076293945,5.429999828338623,180384
2026-08-28 15:53:00-04:00,5.409999847412109,5.425000190734863,5.409999847412109,5.424799919128418,434736
2026-08-28 15:54:00-04:00,5.414999961853027,5.420000076293945,5.40500020980835,5.410099983215332,156987
2026-08-28 15:55:00-04:00,5.425000190734863,5.425000190734863,5.410099983215332,5.414999961853027,390048
2026-08-28 15:56:00-04:00,5.439899921417236,5.445000171661377,5.420000076293945,5.425000190734863,277667
2026-08-28 15:57:00-04:00,5.421000003814697,5.440000057220459,5.414999961853027,5.434999942779541,568857
2026-08-28 15:58:00-04:00,5.425000190734863,5.429999828338623,5.420000076293945,5.425000190734863,260870
2026-08-28 15:59:00-04:00,5.445000171661377,5.449999809265137,5.420000076293945,5.425000190734863,1330382
2026-08-31 09:30:00-04:00,5.677499771118164,5.690000057220459,5.5,5.550000190734863,4871781
2026-08-31 09:31:00-04:00,5.630000114440918,5.690000057220459,5.619999885559082,5.672999858856201,360358
2026-08-31 09:32:00-04:00,5.664999961853027,5.679999828338623,5.625,5.630000114440918,157539
2026-08-31 09:33:00-04:00,5.579999923706055,5.670000076293945,5.579999923706055,5.659999847412109,234650
2026-08-31 09:34:00-04:00,5.579999923706055,5.599999904632568,5.559999942779541,5.579999923706055,145497
2026-08-31 09:35:00-04:00,5.598800182342529,5.599999904632568,5.550000190734863,5.574999809265137,110650
2026-08-31 09:36:00-04:00,5.625,5.635000228881836,5.574999809265137,5.59499979019165,229906
2026-08-31 09:37:00-04:00,5.59499979019165,5.635000228881836,5.590000152587891,5.625,93348
2026-08-31 09:38:00-04:00,5.605000019073486,5.614999771118164,5.579999923706055,5.599999904632568,83596
2026-08-31 09:39:00-04:00,5.629899978637695,5.629899978637695,5.590000152587891,5.605000019073486,167215
2026-08-31 09:40:00-04:00,5.574999809265137,5.639999866485596,5.574999809265137,5.619999885559082,148761
2026-08-31 09:41:00-04:00,5.534999847412109,5.590000152587891,5.534999847412109,5.574999809265137,247731
2026-08-31 09:42:00-04:00,5.579999923706055,5.579999923706055,5.534999847412109,5.534999847412109,39194
2026-08-31 09:43:00-04:00,5.587500095367432,5.590000152587891,5.560100078582764,5.579999923706055,97799
2026-08-31 09:44:00-04:00,5.578499794006348,5.59499979019165,5.570099830627441,5.585000038146973,34774
2026-08-31 09:45:00-04:00,5.539899826049805,5.585000038146973,5.53000020980835,5.574999809265137,92252
2026-08-31 09:46:00-04:00,5.53000020980835,5.550000190734863,5.53000020980835,5.531199932098389,333046
2026-08-31 09:47:00-04:00,5.529900074005127,5.53879976272583,5.519999980926514,5.53000020980835,113734
2026-08-31 09:48:00-04:00,5.509900093078613,5.53000020980835,5.5,5.525000095367432,44091
2026-08-31 09:49:00-04:00,5.510300159454346,5.525000095367432,5.5,5.505000114440918,65957
2026-08-31 09:50:00-04:00,5.505000114440918,5.519999980926514,5.480000019073486,5.5100998878479,161832
2026-08-31 09:51:00-04:00,5.512199878692627,5.519999980926514,5.500100135803223,5.505000114440918,54556
2026-08-31 09:52:00-04:00,5.518799781799316,5.519999980926514,5.505000114440918,5.519899845123291,80027
2026-08-31 09:53:00-04:00,5.5,5.514999866485596,5.489999771118164,5.510000228881836,38999
2026-08-31 09:54:00-04:00,5.51230001449585,5.519999980926514,5.498799800872803,5.498799800872803,54462
2026-08-31 09:55:00-04:00,5.519899845123291,5.519999980926514,5.510000228881836,5.510000228881836,17242
2026-08-31 09:56:00-04:00,5.525000095367432,5.525000095367432,5.5,5.514999866485596,44406
2026-08-31 09:57:00-04:00,5.525000095367432,5.53000020980835,5.514999866485596,5.520400047302246,148207
2026-08-31 09:58:00-04:00,5.510000228881836,5.528800010681152,5.510000228881836,5.528800010681152,12140
2026-08-31 09:59:00-04:00,5.514999866485596,5.525000095367432,5.510000228881836,5.510000228881836,32690
2026-08-31 10:00:00-04:00,5.505000114440918,5.529799938201904,5.5,5.510000228881836,126168
2026-08-31 10:01:00-04:00,5.494999885559082,5.505000114440918,5.489999771118164,5.505000114440918,32166
2026-08-31 10:02:00-04:00,5.5,5.510000228881836,5.489999771118164,5.489999771118164,57012
2026-08-31 10:03:00-04:00,5.514999866485596,5.519999980926514,5.489999771118164,5.5,43687
2026-08-31 10:04:00-04:00,5.494999885559082,5.514999866485596,5.489999771118164,5.514999866485596,77348
2026-08-31 10:05:00-04:00,5.489999771118164,5.499899864196777,5.480000019073486,5.497499942779541,58853
2026-08-31 10:06:00-04:00,5.485000133514404,5.489999771118164,5.480000019073486,5.485000133514404,26271
2026-08-31 10:07:00-04:00,5.481400012969971,5.494999885559082,5.474999904632568,5.485000133514404,65737
2026-08-31 10:08:00-04:00,5.505000114440918,5.509900093078613,5.474999904632568,5.480000019073486,50083
2026-08-31 10:09:00-04:00,5.480000019073486,5.502399921417236,5.480000019073486,5.5,63310
2026-08-31 10:10:00-04:00,5.485000133514404,5.489999771118164,5.480000019073486,5.485000133514404,11638
2026-08-31 10:11:00-04:00,5.485000133514404,5.489999771118164,5.480000019073486,5.480000019073486,40938
2026-08-31 10:12:00-04:00,5.494999885559082,5.499899864196777,5.46999979019165,5.480000019073486,129902
2026-08-31 10:13:00-04:00,5.5,5.5,5.480000019073486,5.489999771118164,80552
2026-08-31 10:14:00-04:00,5.485000133514404,5.499899864196777,5.485000133514404,5.489999771118164,44414
2026-08-31 10:15:00-04:00,5.485000133514404,5.489999771118164,5.480000019073486,5.480000019073486,43867
2026-08-31 10:16:00-04:00,5.477499961853027,5.489999771118164,5.4710001945495605,5.480000019073486,152277
2026-08-31 10:17:00-04:00,5.489999771118164,5.489999771118164,5.474999904632568,5.478799819946289,52265
2026-08-31 10:18:00-04:00,5.474999904632568,5.489999771118164,5.474999904632568,5.485000133514404,27616
2026-08-31 10:19:00-04:00,5.485000133514404,5.485000133514404,5.474999904632568,5.477499961853027,116696
2026-08-31 10:20:00-04:00,5.480000019073486,5.489999771118164,5.46999979019165,5.485000133514404,61083
2026-08-31 10:21:00-04:00,5.477099895477295,5.480000019073486,5.46999979019165,5.470099925994873,21056
2026-08-31 10:22:00-04:00,5.479899883270264,5.485000133514404,5.46999979019165,5.480000019073486,53031
2026-08-31 10:23:00-04:00,5.46999979019165,5.480000019073486,5.46999979019165,5.46999979019165,41725
2026-08-31 10:24:00-04:00,5.460999965667725,5.480000019073486,5.460000038146973,5.46999979019165,35304
2026-08-31 10:25:00-04:00,5.454999923706055,5.46120023727417,5.449999809265137,5.46120023727417,66679
2026-08-31 10:26:00-04:00,5.454999923706055,5.46999979019165,5.454999923706055,5.456147193908691,95791
2026-08-31 10:27:00-04:00,5.460100173950195,5.468800067901611,5.449999809265137,5.449999809265137,65546
2026-08-31 10:28:00-04:00,5.449999809265137,5.465000152587891,5.449999809265137,5.460000038146973,55577
2026-08-31 10:29:00-04:00,5.454999923706055,5.460000038146973,5.449999809265137,5.454999923706055,21378
2026-08-31 10:30:00-04:00,5.465000152587891,5.465000152587891,5.453999996185303,5.454999923706055,27821
2026-08-31 10:31:00-04:00,5.480000019073486,5.480000019073486,5.465000152587891,5.46999979019165,56086
2026-08-31 10:32:00-04:00,5.479899883270264,5.480000019073486,5.4710001945495605,5.480000019073486,31320
2026-08-31 10:33:00-04:00,5.474999904632568,5.480000019073486,5.4745001792907715,5.474999904632568,14597
2026-08-31 10:34:00-04:00,5.465000152587891,5.480000019073486,5.465000152587891,5.474999904632568,29723
2026-08-31 10:35:00-04:00,5.46999979019165,5.46999979019165,5.460000038146973,5.460000038146973,11824
2026-08-31 10:36:00-04:00,5.4695000648498535,5.46999979019165,5.460000038146973,5.465000152587891,35929
2026-08-31 10:37:00-04:00,5.449999809265137,5.474999904632568,5.449999809265137,5.465000152587891,105284
2026-08-31 10:38:00-04:00,5.445000171661377,5.460000038146973,5.440000057220459,5.450099945068359,112127
2026-08-31 10:39:00-04:00,5.440000057220459,5.460000038146973,5.440000057220459,5.449999809265137,160144
2026-08-31 10:40:00-04:00,5.449999809265137,5.449999809265137,5.445000171661377,5.445000171661377,9824
2026-08-31 10:41:00-04:00,5.459000110626221,5.459000110626221,5.440000057220459,5.445000171661377,160326
2026-08-31 10:42:00-04:00,5.449999809265137,5.460000038146973,5.449999809265137,5.454999923706055,29694
2026-08-31 10:43:00-04:00,5.460000038146973,5.460000038146973,5.440000057220459,5.454999923706055,341745
2026-08-31 10:44:00-04:00,5.460000038146973,5.46999979019165,5.460000038146973,5.460000038146973,80102
2026-08-31 10:45:00-04:00,5.449999809265137,5.46999979019165,5.449999809265137,5.465000152587891,69998
2026-08-31 10:46:00-04:00,5.465000152587891,5.465000152587891,5.449999809265137,5.45989990234375,21144
2026-08-31 10:47:00-04:00,5.460100173950195,5.46999979019165,5.460000038146973,5.462500095367432,51120
2026-08-31 10:48:00-04:00,5.465000152587891,5.46999979019165,5.460000038146973,5.460000038146973,59407
2026-08-31 10:49:00-04:00,5.457499980926514,5.46999979019165,5.449999809265137,5.460000038146973,77347
2026-08-31 10:50:00-04:00,5.449900150299072,5.454999923706055,5.440000057220459,5.454999923706055,60685
2026-08-31 10:51:00-04:00,5.434999942779541,5.449999809265137,5.429999828338623,5.445000171661377,70027
2026-08-31 10:52:00-04:00,5.429999828338623,5.440000057220459,5.429999828338623,5.434999942779541,37341
2026-08-31 10:53:00-04:00,5.445000171661377,5.449999809265137,5.429999828338623,5.440000057220459,53926
2026-08-31 10:54:00-04:00,5.440000057220459,5.445000171661377,5.440000057220459,5.440000057220459,59034
2026-08-31 10:55:00-04:00,5.454999923706055,5.454999923706055,5.434999942779541,5.440000057220459,146146
2026-08-31 10:56:00-04:00,5.460000038146973,5.460000038146973,5.449999809265137,5.449999809265137,125501
2026-08-31 10:57:00-04:00,5.460999965667725,5.46999979019165,5.454999923706055,5.454999923706055,67191
2026-08-31 10:58:00-04:00,5.454999923706055,5.469900131225586,5.454999923706055,5.460299968719482,80172
2026-08-31 10:59:00-04:00,5.450099945068359,5.454999923706055,5.440000057220459,5.449999809265137,87365
2026-08-31 11:00:00-04:00,5.46999979019165,5.46999979019165,5.450099945068359,5.454999923706055,82646
2026-08-31 11:01:00-04:00,5.474999904632568,5.480000019073486,5.460100173950195,5.46999979019165,108534
2026-08-31 11:02:00-04:00,5.465000152587891,5.474999904632568,5.465000152587891,5.470099925994873,35615
2026-08-31 11:03:00-04:00,5.474999904632568,5.480000019073486,5.460000038146973,5.469900131225586,50991
2026-08-31 11:04:00-04:00,5.469900131225586,5.474999904632568,5.460100173950195,5.474999904632568,56104
2026-08-31 11:05:00-04:00,5.480000019073486,5.480000019073486,5.460000038146973,5.465000152587891,42534
2026-08-31 11:06:00-04:00,5.485000133514404,5.494999885559082,5.480000019073486,5.480000019073486,80321
2026-08-31 11:07:00-04:00,5.490099906921387,5.494999885559082,5.474999904632568,5.480000019073486,128012
2026-08-31 11:08:00-04:00,5.485000133514404,5.489999771118164,5.480000019073486,5.485000133514404,89978
2026-08-31 11:09:00-04:00,5.485000133514404,5.489999771118164,5.480000019073486,5.485000133514404,63148
2026-08-31 11:10:00-04:00,5.53000020980835,5.539999961853027,5.485000133514404,5.485000133514404,519046
2026-08-31 11:11:00-04:00,5.545000076293945,5.550000190734863,5.520100116729736,5.53000020980835,129643
2026-08-31 11:12:00-04:00,5.545000076293945,5.554999828338623,5.53000020980835,5.539999961853027,360091
2026-08-31 11:13:00-04:00,5.565000057220459,5.585000038146973,5.53000020980835,5.545000076293945,851059
2026-08-31 11:14:00-04:00,5.554999828338623,5.565000057220459,5.550000190734863,5.565000057220459,159661
2026-08-31 11:15:00-04:00,5.565000057220459,5.574999809265137,5.554999828338623,5.554999828338623,309453
2026-08-31 11:16:00-04:00,5.579999923706055,5.579999923706055,5.559999942779541,5.565000057220459,152284
2026-08-31 11:17:00-04:00,5.590700149536133,5.599999904632568,5.563000202178955,5.590000152587891,454663
2026-08-31 11:18:00-04:00,5.561500072479248,5.599999904632568,5.561500072479248,5.5914998054504395,123759
2026-08-31 11:19:00-04:00,5.552499771118164,5.565000057220459,5.550000190734863,5.565000057220459,55476
2026-08-31 11:20:00-04:00,5.559500217437744,5.559999942779541,5.550000190734863,5.550000190734863,97556
2026-08-31 11:21:00-04:00,5.574999809265137,5.579899787902832,5.550000190734863,5.559999942779541,124637
2026-08-31 11:22:00-04:00,5.572428226470947,5.599999904632568,5.570000171661377,5.574999809265137,169132
2026-08-31 11:23:00-04:00,5.574999809265137,5.579999923706055,5.570000171661377,5.570000171661377,6198
2026-08-31 11:24:00-04:00,5.574999809265137,5.575799942016602,5.570000171661377,5.574999809265137,28794
2026-08-31 11:25:00-04:00,5.585000038146973,5.585000038146973,5.5625,5.570000171661377,78619
2026-08-31 11:26:00-04:00,5.568999767303467,5.585000038146973,5.559999942779541,5.585000038146973,130915
2026-08-31 11:27:00-04:00,5.550000190734863,5.561500072479248,5.545000076293945,5.561500072479248,127536
2026-08-31 11:28:00-04:00,5.559899806976318,5.559999942779541,5.545000076293945,5.548500061035156,76583
2026-08-31 11:29:00-04:00,5.550000190734863,5.559999942779541,5.550000190734863,5.5569000244140625,119598
2026-08-31 11:30:00-04:00,5.539999961853027,5.550000190734863,5.520999908447266,5.550000190734863,246703
2026-08-31 11:31:00-04:00,5.53000020980835,5.539999961853027,5.53000020980835,5.53000020980835,21408
2026-08-31 11:32:00-04:00,5.53249979019165,5.539999961853027,5.53000020980835,5.539000034332275,14548
2026-08-31 11:33:00-04:00,5.539999961853027,5.545000076293945,5.510000228881836,5.53000020980835,276826
2026-08-31 11:34:00-04:00,5.545000076293945,5.545000076293945,5.53000020980835,5.539999961853027,72199
2026-08-31 11:35:00-04:00,5.545000076293945,5.550000190734863,5.541200160980225,5.545000076293945,37826
2026-08-31 11:36:00-04:00,5.54010009765625,5.554999828338623,5.54010009765625,5.549799919128418,113630
2026-08-31 11:37:00-04:00,5.545000076293945,5.549900054931641,5.54010009765625,5.54010009765625,8042
2026-08-31 11:38:00-04:00,5.534999847412109,5.545000076293945,5.53000020980835,5.545000076293945,54410
2026-08-31 11:39:00-04:00,5.53000020980835,5.539899826049805,5.519999980926514,5.534999847412109,64102
2026-08-31 11:40:00-04:00,5.53000020980835,5.537499904632568,5.525000095367432,5.529900074005127,104009
2026-08-31 11:41:00-04:00,5.525000095367432,5.534999847412109,5.519999980926514,5.534999847412109,65827
2026-08-31 11:42:00-04:00,5.525000095367432,5.528600215911865,5.525000095367432,5.525000095367432,5163
2026-08-31 11:43:00-04:00,5.525000095367432,5.53000020980835,5.519999980926514,5.525000095367432,8856
2026-08-31 11:44:00-04:00,5.520999908447266,5.525000095367432,5.514999866485596,5.519999980926514,129410
2026-08-31 11:45:00-04:00,5.519999980926514,5.53000020980835,5.519999980926514,5.525000095367432,21679
2026-08-31 11:46:00-04:00,5.525000095367432,5.525000095367432,5.514999866485596,5.525000095367432,23498
2026-08-31 11:47:00-04:00,5.525000095367432,5.53000020980835,5.519999980926514,5.525000095367432,19326
2026-08-31 11:48:00-04:00,5.525000095367432,5.525000095367432,5.519999980926514,5.525000095367432,2219
2026-08-31 11:49:00-04:00,5.519999980926514,5.53000020980835,5.519999980926514,5.53000020980835,8323
2026-08-31 11:50:00-04:00,5.525000095367432,5.53000020980835,5.519999980926514,5.525000095367432,14208
2026-08-31 11:51:00-04:00,5.500100135803223,5.53000020980835,5.500100135803223,5.520100116729736,192464
2026-08-31 11:52:00-04:00,5.5,5.510000228881836,5.5,5.500100135803223,37569
2026-08-31 11:53:00-04:00,5.5,5.508999824523926,5.494999885559082,5.5,58763
2026-08-31 11:54:00-04:00,5.500999927520752,5.510000228881836,5.489999771118164,5.5,113867
2026-08-31 11:55:00-04:00,5.494999885559082,5.5,5.490099906921387,5.5,64759
2026-08-31 11:56:00-04:00,5.491199970245361,5.5,5.489999771118164,5.5,85817
2026-08-31 11:57:00-04:00,5.494999885559082,5.5,5.480000019073486,5.489999771118164,124619
2026-08-31 11:58:00-04:00,5.494999885559082,5.5,5.485000133514404,5.489999771118164,33507
2026-08-31 11:59:00-04:00,5.489999771118164,5.499000072479248,5.480000019073486,5.489999771118164,146324
2026-08-31 12:00:00-04:00,5.485000133514404,5.5,5.481100082397461,5.489999771118164,222048
2026-08-31 12:01:00-04:00,5.485000133514404,5.489999771118164,5.480000019073486,5.488800048828125,84598
2026-08-31 12:02:00-04:00,5.485000133514404,5.489999771118164,5.480000019073486,5.485000133514404,4831
2026-08-31 12:03:00-04:00,5.500100135803223,5.505000114440918,5.480000019073486,5.485000133514404,106561
2026-08-31 12:04:00-04:00,5.505000114440918,5.510000228881836,5.5,5.500100135803223,46598
2026-08-31 12:05:00-04:00,5.5,5.510000228881836,5.5,5.5,10811
2026-08-31 12:06:00-04:00,5.5,5.510000228881836,5.5,5.5,44154
2026-08-31 12:07:00-04:00,5.505000114440918,5.510000228881836,5.5,5.509900093078613,20348
2026-08-31 12:08:00-04:00,5.505000114440918,5.510000228881836,5.505000114440918,5.510000228881836,15378
2026-08-31 12:09:00-04:00,5.510000228881836,5.510000228881836,5.5,5.510000228881836,21593
2026-08-31 12:10:00-04:00,5.509799957275391,5.510000228881836,5.5,5.508999824523926,27217
2026-08-31 12:11:00-04:00,5.510000228881836,5.510000228881836,5.500100135803223,5.507999897003174,15240
2026-08-31 12:12:00-04:00,5.505000114440918,5.510000228881836,5.5,5.505000114440918,12295
2026-08-31 12:13:00-04:00,5.550000190734863,5.550000190734863,5.505000114440918,5.505000114440918,259919
2026-08-31 12:14:00-04:00,5.545000076293945,5.550000190734863,5.539999961853027,5.547500133514404,53823
2026-08-31 12:15:00-04:00,5.534999847412109,5.550000190734863,5.534999847412109,5.545000076293945,138740
2026-08-31 12:16:00-04:00,5.534999847412109,5.539999961853027,5.530099868774414,5.534999847412109,91943
2026-08-31 12:17:00-04:00,5.53000020980835,5.534999847412109,5.53000020980835,5.534999847412109,13930
2026-08-31 12:18:00-04:00,5.525000095367432,5.534999847412109,5.521299839019775,5.53000020980835,29722
2026-08-31 12:19:00-04:00,5.525000095367432,5.53000020980835,5.519999980926514,5.525000095367432,22679
2026-08-31 12:20:00-04:00,5.525000095367432,5.525000095367432,5.519999980926514,5.519999980926514,14667
2026-08-31 12:21:00-04:00,5.519999980926514,5.5289998054504395,5.519999980926514,5.525000095367432,20740
2026-08-31 12:22:00-04:00,5.514999866485596,5.519999980926514,5.510000228881836,5.519999980926514,48369
2026-08-31 12:23:00-04:00,5.514999866485596,5.514999866485596,5.514999866485596,5.514999866485596,3067
2026-08-31 12:24:00-04:00,5.505000114440918,5.510000228881836,5.5,5.510000228881836,30640
2026-08-31 12:25:00-04:00,5.505000114440918,5.510000228881836,5.5,5.505000114440918,10715
2026-08-31 12:26:00-04:00,5.505000114440918,5.510000228881836,5.505000114440918,5.505000114440918,12674
2026-08-31 12:27:00-04:00,5.506199836730957,5.510000228881836,5.5,5.5,9342
2026-08-31 12:28:00-04:00,5.509900093078613,5.510000228881836,5.5,5.5,30801
2026-08-31 12:29:00-04:00,5.505000114440918,5.514999866485596,5.5,5.507500171661377,86156
2026-08-31 12:30:00-04:00,5.510000228881836,5.510000228881836,5.5,5.505000114440918,44061
2026-08-31 12:31:00-04:00,5.510000228881836,5.510000228881836,5.505000114440918,5.510000228881836,41886
2026-08-31 12:32:00-04:00,5.499000072479248,5.510000228881836,5.491199970245361,5.508600234985352,66199
2026-08-31 12:33:00-04:00,5.494999885559082,5.496699810028076,5.489999771118164,5.489999771118164,17346
2026-08-31 12:34:00-04:00,5.499599933624268,5.5,5.494999885559082,5.494999885559082,55446
2026-08-31 12:35:00-04:00,5.494999885559082,5.5,5.489999771118164,5.5,137036
2026-08-31 12:36:00-04:00,5.494999885559082,5.5,5.489999771118164,5.489999771118164,5355
2026-08-31 12:37:00-04:00,5.489999771118164,5.5,5.489999771118164,5.5,4924
2026-08-31 12:38:00-04:00,5.489999771118164,5.5,5.489999771118164,5.494999885559082,2482
2026-08-31 12:39:00-04:00,5.48769998550415,5.5,5.485000133514404,5.489999771118164,52967
2026-08-31 12:40:00-04:00,5.485000133514404,5.489999771118164,5.480100154876709,5.480100154876709,3440
2026-08-31 12:41:00-04:00,5.489999771118164,5.494999885559082,5.480100154876709,5.480100154876709,77226
2026-08-31 12:42:00-04:00,5.494999885559082,5.494999885559082,5.489999771118164,5.494999885559082,17874
2026-08-31 12:43:00-04:00,5.499899864196777,5.5,5.489999771118164,5.489999771118164,18386
2026-08-31 12:44:00-04:00,5.494999885559082,5.5,5.494999885559082,5.494999885559082,11993
2026-08-31 12:45:00-04:00,5.494999885559082,5.494999885559082,5.489999771118164,5.489999771118164,8173
2026-08-31 12:46:00-04:00,5.494999885559082,5.5,5.489999771118164,5.489999771118164,4741
2026-08-31 12:47:00-04:00,5.494999885559082,5.5,5.494999885559082,5.494999885559082,3835
2026-08-31 12:48:00-04:00,5.494999885559082,5.494999885559082,5.489999771118164,5.489999771118164,4872
2026-08-31 12:49:00-04:00,5.494999885559082,5.5,5.489999771118164,5.494999885559082,6046
2026-08-31 12:50:00-04:00,5.489999771118164,5.5,5.489999771118164,5.5,28800
2026-08-31 12:51:00-04:00,5.485000133514404,5.489999771118164,5.485000133514404,5.489999771118164,62749
2026-08-31 12:52:00-04:00,5.489799976348877,5.489999771118164,5.480000019073486,5.489999771118164,15883
2026-08-31 12:53:00-04:00,5.494999885559082,5.5,5.480000019073486,5.480000019073486,164607
2026-08-31 12:54:00-04:00,5.494999885559082,5.49560022354126,5.494999885559082,5.494999885559082,7955
2026-08-31 12:55:00-04:00,5.494999885559082,5.5,5.494999885559082,5.494999885559082,2934
2026-08-31 12:56:00-04:00,5.5,5.5,5.494999885559082,5.494999885559082,12838
2026-08-31 12:57:00-04:00,5.489999771118164,5.5,5.489999771118164,5.499899864196777,23162
2026-08-31 12:58:00-04:00,5.494999885559082,5.5,5.489999771118164,5.494999885559082,9492
2026-08-31 12:59:00-04:00,5.494999885559082,5.505000114440918,5.489999771118164,5.5,156474
2026-08-31 13:00:00-04:00,5.494999885559082,5.5,5.490099906921387,5.494999885559082,5215
2026-08-31 13:01:00-04:00,5.494999885559082,5.494999885559082,5.489999771118164,5.494999885559082,31683
2026-08-31 13:02:00-04:00,5.494999885559082,5.5,5.491199970245361,5.5,10068
2026-08-31 13:03:00-04:00,5.494999885559082,5.5,5.494999885559082,5.494999885559082,10122
2026-08-31 13:04:00-04:00,5.494999885559082,5.5,5.489999771118164,5.494999885559082,75946
2026-08-31 13:05:00-04:00,5.485300064086914,5.498000144958496,5.485300064086914,5.489999771118164,33189
2026-08-31 13:06:00-04:00,5.485000133514404,5.489999771118164,5.480000019073486,5.4899001121521,20223
2026-08-31 13:07:00-04:00,5.489999771118164,5.489999771118164,5.480000019073486,5.485000133514404,8774
2026-08-31 13:08:00-04:00,5.485000133514404,5.485000133514404,5.480000019073486,5.485000133514404,10821
2026-08-31 13:09:00-04:00,5.485000133514404,5.485000133514404,5.485000133514404,5.485000133514404,4392
2026-08-31 13:10:00-04:00,5.485000133514404,5.489999771118164,5.480000019073486,5.480999946594238,12510
2026-08-31 13:11:00-04:00,5.485000133514404,5.489999771118164,5.485000133514404,5.485000133514404,48452
2026-08-31 13:12:00-04:00,5.4994001388549805,5.5,5.489999771118164,5.489999771118164,86663
2026-08-31 13:13:00-04:00,5.5,5.505000114440918,5.489999771118164,5.5,53853
2026-08-31 13:14:00-04:00,5.505000114440918,5.508999824523926,5.5,5.500999927520752,66711
2026-08-31 13:15:00-04:00,5.5,5.505000114440918,5.5,5.505000114440918,15251
2026-08-31 13:16:00-04:00,5.505000114440918,5.510000228881836,5.5,5.505000114440918,52186
2026-08-31 13:17:00-04:00,5.490099906921387,5.509900093078613,5.489999771118164,5.509900093078613,107111
2026-08-31 13:18:00-04:00,5.488999843597412,5.494999885559082,5.485000133514404,5.491199970245361,58215
2026-08-31 13:19:00-04:00,5.489999771118164,5.489999771118164,5.480100154876709,5.485000133514404,24272
2026-08-31 13:20:00-04:00,5.489999771118164,5.489999771118164,5.480000019073486,5.489999771118164,7073
2026-08-31 13:21:00-04:00,5.485000133514404,5.489999771118164,5.480000019073486,5.480000019073486,28095
2026-08-31 13:22:00-04:00,5.480000019073486,5.489999771118164,5.480000019073486,5.480000019073486,40607
2026-08-31 13:23:00-04:00,5.474999904632568,5.489999771118164,5.474999904632568,5.480100154876709,53423
2026-08-31 13:24:00-04:00,5.494999885559082,5.494999885559082,5.474999904632568,5.474999904632568,78494
2026-08-31 13:25:00-04:00,5.4899001121521,5.5,5.485000133514404,5.494999885559082,109611
2026-08-31 13:26:00-04:00,5.494999885559082,5.494999885559082,5.485000133514404,5.4899001121521,82156
2026-08-31 13:27:00-04:00,5.494999885559082,5.5,5.489999771118164,5.494999885559082,17818
2026-08-31 13:28:00-04:00,5.499899864196777,5.5,5.494999885559082,5.494999885559082,54384
2026-08-31 13:29:00-04:00,5.5,5.5,5.489999771118164,5.5,122246
2026-08-31 13:30:00-04:00,5.494999885559082,5.5,5.489999771118164,5.494999885559082,11817
2026-08-31 13:31:00-04:00,5.5,5.5,5.494999885559082,5.5,23134
2026-08-31 13:32:00-04:00,5.504799842834473,5.510000228881836,5.499000072479248,5.499899864196777,82228
2026-08-31 13:33:00-04:00,5.508999824523926,5.510000228881836,5.505000114440918,5.505000114440918,261840
2026-08-31 13:34:00-04:00,5.505000114440918,5.510000228881836,5.5,5.510000228881836,110240
2026-08-31 13:35:00-04:00,5.505000114440918,5.508800029754639,5.500100135803223,5.505000114440918,6754
2026-08-31 13:36:00-04:00,5.505000114440918,5.508800029754639,5.5,5.505000114440918,122604
2026-08-31 13:37:00-04:00,5.505000114440918,5.510000228881836,5.500199794769287,5.505000114440918,6829
2026-08-31 13:38:00-04:00,5.505000114440918,5.505499839782715,5.500199794769287,5.505000114440918,9275
2026-08-31 13:39:00-04:00,5.519899845123291,5.519999980926514,5.505000114440918,5.505000114440918,189987
2026-08-31 13:40:00-04:00,5.525000095367432,5.526199817657471,5.510200023651123,5.519899845123291,94466
2026-08-31 13:41:00-04:00,5.53000020980835,5.53000020980835,5.525000095367432,5.525000095367432,5225
2026-08-31 13:42:00-04:00,5.529900074005127,5.529900074005127,5.525000095367432,5.525000095367432,8616
2026-08-31 13:43:00-04:00,5.5289998054504395,5.53000020980835,5.519999980926514,5.525000095367432,79375
2026-08-31 13:44:00-04:00,5.53000020980835,5.53849983215332,5.519999980926514,5.519999980926514,155834
2026-08-31 13:45:00-04:00,5.525000095367432,5.539999961853027,5.520999908447266,5.534999847412109,96520
2026-08-31 13:46:00-04:00,5.53000020980835,5.539000034332275,5.519999980926514,5.525000095367432,235655
2026-08-31 13:47:00-04:00,5.53000020980835,5.534999847412109,5.519999980926514,5.534999847412109,200891
2026-08-31 13:48:00-04:00,5.525000095367432,5.534999847412109,5.520100116729736,5.53000020980835,142653
2026-08-31 13:49:00-04:00,5.525000095367432,5.53000020980835,5.519999980926514,5.525100231170654,10875
2026-08-31 13:50:00-04:00,5.528800010681152,5.53000020980835,5.519999980926514,5.53000020980835,58165
2026-08-31 13:51:00-04:00,5.53000020980835,5.539999961853027,5.519999980926514,5.525000095367432,132692
2026-08-31 13:52:00-04:00,5.548999786376953,5.550000190734863,5.53000020980835,5.534999847412109,160416
2026-08-31 13:53:00-04:00,5.539899826049805,5.550000190734863,5.53000020980835,5.548799991607666,192561
2026-08-31 13:54:00-04:00,5.530200004577637,5.539999961853027,5.53000020980835,5.53000020980835,88525
2026-08-31 13:55:00-04:00,5.529300212860107,5.534999847412109,5.525000095367432,5.53000020980835,98444
2026-08-31 13:56:00-04:00,5.525000095367432,5.53000020980835,5.523799896240234,5.5289998054504395,15130
2026-08-31 13:57:00-04:00,5.525000095367432,5.525000095367432,5.519999980926514,5.519999980926514,17016
2026-08-31 13:58:00-04:00,5.514999866485596,5.525000095367432,5.510000228881836,5.525000095367432,63697
2026-08-31 13:59:00-04:00,5.510000228881836,5.511000156402588,5.5,5.510000228881836,21648
2026-08-31 14:00:00-04:00,5.505000114440918,5.505000114440918,5.494999885559082,5.5,38021
2026-08-31 14:01:00-04:00,5.509900093078613,5.510000228881836,5.5,5.5,23597
2026-08-31 14:02:00-04:00,5.510000228881836,5.510000228881836,5.505000114440918,5.510000228881836,25667
2026-08-31 14:03:00-04:00,5.519899845123291,5.519999980926514,5.505000114440918,5.509900093078613,102761
2026-08-31 14:04:00-04:00,5.509900093078613,5.519999980926514,5.500999927520752,5.514999866485596,18952
2026-08-31 14:05:00-04:00,5.514999866485596,5.514999866485596,5.500100135803223,5.505000114440918,82182
2026-08-31 14:06:00-04:00,5.525000095367432,5.53000020980835,5.510000228881836,5.5157999992370605,99172
2026-08-31 14:07:00-04:00,5.525000095367432,5.525000095367432,5.514999866485596,5.519999980926514,70366
2026-08-31 14:08:00-04:00,5.53000020980835,5.53000020980835,5.525000095367432,5.525000095367432,11552
2026-08-31 14:09:00-04:00,5.534999847412109,5.534999847412109,5.525000095367432,5.529900074005127,129203
2026-08-31 14:10:00-04:00,5.534999847412109,5.539999961853027,5.53000020980835,5.534999847412109,105062
2026-08-31 14:11:00-04:00,5.534999847412109,5.545000076293945,5.53000020980835,5.530399799346924,272745
2026-08-31 14:12:00-04:00,5.534999847412109,5.537499904632568,5.53000020980835,5.534999847412109,23498
2026-08-31 14:13:00-04:00,5.539999961853027,5.539999961853027,5.533999919891357,5.534999847412109,284401
2026-08-31 14:14:00-04:00,5.5304999351501465,5.539999961853027,5.53000020980835,5.539999961853027,130378
2026-08-31 14:15:00-04:00,5.534999847412109,5.539899826049805,5.53000020980835,5.530099868774414,61896
2026-08-31 14:16:00-04:00,5.534999847412109,5.536200046539307,5.534999847412109,5.534999847412109,9873
2026-08-31 14:17:00-04:00,5.534999847412109,5.534999847412109,5.53000020980835,5.534999847412109,38012
2026-08-31 14:18:00-04:00,5.539700031280518,5.545000076293945,5.53000020980835,5.53000020980835,105240
2026-08-31 14:19:00-04:00,5.534999847412109,5.534999847412109,5.53000020980835,5.534999847412109,8941
2026-08-31 14:20:00-04:00,5.534999847412109,5.539999961853027,5.534999847412109,5.534999847412109,16324
2026-08-31 14:21:00-04:00,5.534999847412109,5.534999847412109,5.53000020980835,5.534999847412109,18833
2026-08-31 14:22:00-04:00,5.53000020980835,5.534999847412109,5.53000020980835,5.534999847412109,84822
2026-08-31 14:23:00-04:00,5.529900074005127,5.534999847412109,5.519999980926514,5.53000020980835,130828
2026-08-31 14:24:00-04:00,5.525000095367432,5.53000020980835,5.525000095367432,5.53000020980835,24686
2026-08-31 14:25:00-04:00,5.529900074005127,5.534999847412109,5.519999980926514,5.525000095367432,187878
2026-08-31 14:26:00-04:00,5.519999980926514,5.53000020980835,5.519999980926514,5.529900074005127,61649
2026-08-31 14:27:00-04:00,5.524799823760986,5.53000020980835,5.519999980926514,5.525000095367432,40882
2026-08-31 14:28:00-04:00,5.53000020980835,5.53000020980835,5.525000095367432,5.53000020980835,39400
2026-08-31 14:29:00-04:00,5.53000020980835,5.53000020980835,5.525000095367432,5.53000020980835,36229
2026-08-31 14:30:00-04:00,5.53000020980835,5.53000020980835,5.521500110626221,5.525000095367432,29568
2026-08-31 14:31:00-04:00,5.525000095367432,5.528800010681152,5.525000095367432,5.528800010681152,7191
2026-08-31 14:32:00-04:00,5.525000095367432,5.53000020980835,5.519999980926514,5.519999980926514,201234
2026-08-31 14:33:00-04:00,5.520199775695801,5.53000020980835,5.519999980926514,5.519999980926514,165264
2026-08-31 14:34:00-04:00,5.514999866485596,5.525000095367432,5.512199878692627,5.519999980926514,62295
2026-08-31 14:35:00-04:00,5.514999866485596,5.515100002288818,5.510000228881836,5.510000228881836,93680
2026-08-31 14:36:00-04:00,5.510000228881836,5.514999866485596,5.510000228881836,5.514999866485596,12377
2026-08-31 14:37:00-04:00,5.514999866485596,5.519999980926514,5.510000228881836,5.510000228881836,10312
2026-08-31 14:38:00-04:00,5.505000114440918,5.519999980926514,5.505000114440918,5.514999866485596,69455
2026-08-31 14:39:00-04:00,5.514999866485596,5.519999980926514,5.510000228881836,5.510000228881836,46910
2026-08-31 14:40:00-04:00,5.514999866485596,5.514999866485596,5.510499954223633,5.514999866485596,12313
2026-08-31 14:41:00-04:00,5.519999980926514,5.519999980926514,5.510000228881836,5.514999866485596,131609
2026-08-31 14:42:00-04:00,5.514999866485596,5.519999980926514,5.510000228881836,5.514999866485596,21867
2026-08-31 14:43:00-04:00,5.505000114440918,5.515100002288818,5.505000114440918,5.514999866485596,148580
2026-08-31 14:44:00-04:00,5.505000114440918,5.510000228881836,5.505000114440918,5.509900093078613,133527
2026-08-31 14:45:00-04:00,5.505000114440918,5.509900093078613,5.504700183868408,5.505000114440918,24718
2026-08-31 14:46:00-04:00,5.514999866485596,5.519899845123291,5.505000114440918,5.505000114440918,183393
2026-08-31 14:47:00-04:00,5.514999866485596,5.519899845123291,5.514999866485596,5.514999866485596,11525
2026-08-31 14:48:00-04:00,5.518799781799316,5.519999980926514,5.5100998878479,5.514999866485596,20677
2026-08-31 14:49:00-04:00,5.525000095367432,5.53000020980835,5.514999866485596,5.519999980926514,125244
2026-08-31 14:50:00-04:00,5.525000095367432,5.53000020980835,5.519999980926514,5.525000095367432,63400
2026-08-31 14:51:00-04:00,5.525000095367432,5.53000020980835,5.519999980926514,5.525000095367432,34393
2026-08-31 14:52:00-04:00,5.525000095367432,5.53000020980835,5.525000095367432,5.525000095367432,70539
2026-08-31 14:53:00-04:00,5.525000095367432,5.53000020980835,5.525000095367432,5.525000095367432,63635
2026-08-31 14:54:00-04:00,5.525000095367432,5.53000020980835,5.519999980926514,5.520100116729736,73774
2026-08-31 14:55:00-04:00,5.525000095367432,5.53000020980835,5.519999980926514,5.525000095367432,50476
2026-08-31 14:56:00-04:00,5.525000095367432,5.525000095367432,5.520100116729736,5.525000095367432,13773
2026-08-31 14:57:00-04:00,5.525000095367432,5.534999847412109,5.519999980926514,5.525000095367432,103371
2026-08-31 14:58:00-04:00,5.525000095367432,5.53000020980835,5.520100116729736,5.520999908447266,92623
2026-08-31 14:59:00-04:00,5.525000095367432,5.53000020980835,5.524799823760986,5.525000095367432,10456
2026-08-31 15:00:00-04:00,5.525000095367432,5.53000020980835,5.519999980926514,5.525000095367432,22011
2026-08-31 15:01:00-04:00,5.525000095367432,5.53000020980835,5.525000095367432,5.53000020980835,29452
2026-08-31 15:02:00-04:00,5.529900074005127,5.53000020980835,5.525000095367432,5.525000095367432,64740
2026-08-31 15:03:00-04:00,5.5295000076293945,5.53000020980835,5.525000095367432,5.525000095367432,20892
2026-08-31 15:04:00-04:00,5.533599853515625,5.537799835205078,5.525000095367432,5.53000020980835,158887
2026-08-31 15:05:00-04:00,5.534999847412109,5.539999961853027,5.53000020980835,5.53000020980835,36008
2026-08-31 15:06:00-04:00,5.534999847412109,5.539999961853027,5.53249979019165,5.534999847412109,16017
2026-08-31 15:07:00-04:00,5.534999847412109,5.545000076293945,5.53000020980835,5.534999847412109,177599
2026-08-31 15:08:00-04:00,5.534999847412109,5.539999961853027,5.53000020980835,5.534999847412109,26439
2026-08-31 15:09:00-04:00,5.534999847412109,5.539999961853027,5.53000020980835,5.534999847412109,15590
2026-08-31 15:10:00-04:00,5.545000076293945,5.545000076293945,5.534999847412109,5.534999847412109,64918
2026-08-31 15:11:00-04:00,5.545000076293945,5.550000190734863,5.539999961853027,5.545000076293945,26695
2026-08-31 15:12:00-04:00,5.543900012969971,5.545000076293945,5.539999961853027,5.545000076293945,28273
2026-08-31 15:13:00-04:00,5.545000076293945,5.550000190734863,5.539999961853027,5.545000076293945,34914
2026-08-31 15:14:00-04:00,5.545000076293945,5.550000190734863,5.539999961853027,5.549900054931641,38923
2026-08-31 15:15:00-04:00,5.53000020980835,5.545000076293945,5.53000020980835,5.539999961853027,124803
2026-08-31 15:16:00-04:00,5.539899826049805,5.539999961853027,5.534999847412109,5.534999847412109,27503
2026-08-31 15:17:00-04:00,5.53000020980835,5.534999847412109,5.53000020980835,5.534999847412109,107562
2026-08-31 15:18:00-04:00,5.530099868774414,5.534999847412109,5.53000020980835,5.531000137329102,27782
2026-08-31 15:19:00-04:00,5.531000137329102,5.534999847412109,5.53000020980835,5.53000020980835,55227
2026-08-31 15:20:00-04:00,5.530200004577637,5.534999847412109,5.53000020980835,5.530099868774414,51551
2026-08-31 15:21:00-04:00,5.5269999504089355,5.53000020980835,5.519999980926514,5.53000020980835,184687
2026-08-31 15:22:00-04:00,5.519899845123291,5.525000095367432,5.510000228881836,5.519999980926514,246166
2026-08-31 15:23:00-04:00,5.525100231170654,5.529900074005127,5.511300086975098,5.519999980926514,129524
2026-08-31 15:24:00-04:00,5.510499954223633,5.525000095367432,5.510000228881836,5.521200180053711,241523
2026-08-31 15:25:00-04:00,5.514999866485596,5.519999980926514,5.505000114440918,5.510000228881836,181518
2026-08-31 15:26:00-04:00,5.514999866485596,5.519999980926514,5.510000228881836,5.514999866485596,53813
2026-08-31 15:27:00-04:00,5.514999866485596,5.519999980926514,5.5100998878479,5.5100998878479,31087
2026-08-31 15:28:00-04:00,5.514999866485596,5.519999980926514,5.5100998878479,5.519899845123291,85605
2026-08-31 15:29:00-04:00,5.519999980926514,5.519999980926514,5.510000228881836,5.514999866485596,80943
2026-08-31 15:30:00-04:00,5.53000020980835,5.53000020980835,5.510000228881836,5.510000228881836,118778
2026-08-31 15:31:00-04:00,5.534999847412109,5.539899826049805,5.519999980926514,5.525000095367432,159925
2026-08-31 15:32:00-04:00,5.534999847412109,5.539999961853027,5.53000020980835,5.530099868774414,28380
2026-08-31 15:33:00-04:00,5.534999847412109,5.539999961853027,5.53000020980835,5.53000020980835,33443
2026-08-31 15:34:00-04:00,5.550000190734863,5.550000190734863,5.534999847412109,5.534999847412109,50311
2026-08-31 15:35:00-04:00,5.550000190734863,5.550000190734863,5.539999961853027,5.550000190734863,37577
2026-08-31 15:36:00-04:00,5.550000190734863,5.550000190734863,5.54010009765625,5.550000190734863,27141
2026-08-31 15:37:00-04:00,5.559999942779541,5.559999942779541,5.545000076293945,5.545000076293945,142858
2026-08-31 15:38:00-04:00,5.585000038146973,5.590000152587891,5.550000190734863,5.559999942779541,225836
2026-08-31 15:39:00-04:00,5.585000038146973,5.590000152587891,5.580100059509277,5.585000038146973,38176
2026-08-31 15:40:00-04:00,5.565000057220459,5.590000152587891,5.560999870300293,5.585000038146973,208034
2026-08-31 15:41:00-04:00,5.565000057220459,5.570000171661377,5.559999942779541,5.565000057220459,54414
2026-08-31 15:42:00-04:00,5.565000057220459,5.570000171661377,5.559999942779541,5.565000057220459,88510
2026-08-31 15:43:00-04:00,5.570000171661377,5.570000171661377,5.559999942779541,5.565000057220459,39371
2026-08-31 15:44:00-04:00,5.559899806976318,5.570000171661377,5.550099849700928,5.565000057220459,111007
2026-08-31 15:45:00-04:00,5.559999942779541,5.559999942779541,5.550099849700928,5.551000118255615,226623
2026-08-31 15:46:00-04:00,5.554999828338623,5.559999942779541,5.550099849700928,5.559999942779541,32145
2026-08-31 15:47:00-04:00,5.554999828338623,5.570000171661377,5.550099849700928,5.554999828338623,253045
2026-08-31 15:48:00-04:00,5.554999828338623,5.559999942779541,5.550000190734863,5.554999828338623,43642
2026-08-31 15:49:00-04:00,5.574999809265137,5.574999809265137,5.550000190734863,5.554999828338623,215564
2026-08-31 15:50:00-04:00,5.579999923706055,5.579999923706055,5.570000171661377,5.570000171661377,111886
2026-08-31 15:51:00-04:00,5.579999923706055,5.579999923706055,5.570000171661377,5.574999809265137,84391
2026-08-31 15:52:00-04:00,5.585000038146973,5.590000152587891,5.574999809265137,5.574999809265137,122362
2026-08-31 15:53:00-04:00,5.585000038146973,5.590000152587891,5.579999923706055,5.585000038146973,147808
2026-08-31 15:54:00-04:00,5.585000038146973,5.590000152587891,5.579999923706055,5.585000038146973,130666
2026-08-31 15:55:00-04:00,5.565000057220459,5.59499979019165,5.559999942779541,5.590000152587891,339344
2026-08-31 15:56:00-04:00,5.574999809265137,5.574999809265137,5.550000190734863,5.559999942779541,417654
2026-08-31 15:57:00-04:00,5.574999809265137,5.579999923706055,5.570000171661377,5.574999809265137,94106
2026-08-31 15:58:00-04:00,5.565000057220459,5.579999923706055,5.560100078582764,5.571000099182129,836307
2026-08-31 15:59:00-04:00,5.554999828338623,5.565000057220459,5.539999961853027,5.565000057220459,748497
2026-09-01 09:30:00-04:00,5.400000095367432,5.440000057220459,5.380000114440918,5.440000057220459,1276142
2026-09-01 09:31:00-04:00,5.409999847412109,5.420000076293945,5.380000114440918,5.389999866485596,51562
2026-09-01 09:32:00-04:00,5.360000133514404,5.414999961853027,5.360000133514404,5.409999847412109,125908
2026-09-01 09:33:00-04:00,5.340000152587891,5.359899997711182,5.329999923706055,5.349999904632568,82997
2026-09-01 09:34:00-04:00,5.360000133514404,5.360000133514404,5.340000152587891,5.34499979019165,73940
2026-09-01 09:35:00-04:00,5.360000133514404,5.380000114440918,5.355000019073486,5.364999771118164,106808
2026-09-01 09:36:00-04:00,5.355000019073486,5.375,5.349999904632568,5.35129976272583,55978
2026-09-01 09:37:00-04:00,5.375,5.375,5.349999904632568,5.349999904632568,55831
2026-09-01 09:38:00-04:00,5.355000019073486,5.369999885559082,5.340000152587891,5.369999885559082,92322
2026-09-01 09:39:00-04:00,5.340000152587891,5.359000205993652,5.329999923706055,5.355000019073486,62061
2026-09-01 09:40:00-04:00,5.335000038146973,5.340000152587891,5.320000171661377,5.340000152587891,107767
2026-09-01 09:41:00-04:00,5.34499979019165,5.349999904632568,5.329999923706055,5.335000038146973,85383
2026-09-01 09:42:00-04:00,5.35860013961792,5.360000133514404,5.329999923706055,5.349899768829346,61809
2026-09-01 09:43:00-04:00,5.349999904632568,5.360000133514404,5.340000152587891,5.350100040435791,89938
2026-09-01 09:44:00-04:00,5.338799953460693,5.359899997711182,5.329999923706055,5.349999904632568,64164
2026-09-01 09:45:00-04:00,5.360000133514404,5.369999885559082,5.329999923706055,5.335000038146973,411649
2026-09-01 09:46:00-04:00,5.360099792480469,5.364999771118164,5.350100040435791,5.364999771118164,65487
2026-09-01 09:47:00-04:00,5.375,5.380000114440918,5.360000133514404,5.360000133514404,281753
2026-09-01 09:48:00-04:00,5.360000133514404,5.380000114440918,5.360000133514404,5.380000114440918,57646
2026-09-01 09:49:00-04:00,5.375,5.389999866485596,5.360000133514404,5.369999885559082,72991
2026-09-01 09:50:00-04:00,5.380000114440918,5.389999866485596,5.369999885559082,5.380000114440918,69509
2026-09-01 09:51:00-04:00,5.360000133514404,5.385000228881836,5.360000133514404,5.385000228881836,44580
2026-09-01 09:52:00-04:00,5.364999771118164,5.369999885559082,5.355000019073486,5.364999771118164,74934
2026-09-01 09:53:00-04:00,5.370100021362305,5.375,5.360000133514404,5.360099792480469,46676
2026-09-01 09:54:00-04:00,5.364999771118164,5.380000114440918,5.360099792480469,5.375,147625
2026-09-01 09:55:00-04:00,5.369800090789795,5.369999885559082,5.360000133514404,5.364999771118164,45367
2026-09-01 09:56:00-04:00,5.375,5.380000114440918,5.360000133514404,5.360000133514404,128877
2026-09-01 09:57:00-04:00,5.364999771118164,5.380000114440918,5.360000133514404,5.380000114440918,85495
2026-09-01 09:58:00-04:00,5.349999904632568,5.369999885559082,5.349999904632568,5.364999771118164,39877
2026-09-01 09:59:00-04:00,5.360000133514404,5.369999885559082,5.340000152587891,5.349999904632568,62624
2026-09-01 10:00:00-04:00,5.364999771118164,5.369999885559082,5.355000019073486,5.360000133514404,59365
2026-09-01 10:01:00-04:00,5.372300148010254,5.377500057220459,5.360099792480469,5.364999771118164,40132
2026-09-01 10:02:00-04:00,5.355000019073486,5.379899978637695,5.34499979019165,5.378799915313721,51309
2026-09-01 10:03:00-04:00,5.364999771118164,5.364999771118164,5.349999904632568,5.355000019073486,95053
2026-09-01 10:04:00-04:00,5.360000133514404,5.367499828338623,5.355000019073486,5.360300064086914,26836
2026-09-01 10:05:00-04:00,5.364999771118164,5.369999885559082,5.349999904632568,5.349999904632568,58306
2026-09-01 10:06:00-04:00,5.380000114440918,5.389999866485596,5.360000133514404,5.364999771118164,99484
2026-09-01 10:07:00-04:00,5.400000095367432,5.40500020980835,5.380000114440918,5.385000228881836,87597
2026-09-01 10:08:00-04:00,5.40500020980835,5.4095001220703125,5.400000095367432,5.400000095367432,56888
2026-09-01 10:09:00-04:00,5.411200046539307,5.415999889373779,5.400000095367432,5.40500020980835,280011
2026-09-01 10:10:00-04:00,5.40500020980835,5.425000190734863,5.40500020980835,5.414999961853027,232930
2026-09-01 10:11:00-04:00,5.40500020980835,5.420000076293945,5.400000095367432,5.40500020980835,124172
2026-09-01 10:12:00-04:00,5.414999961853027,5.420000076293945,5.409999847412109,5.409999847412109,81601
2026-09-01 10:13:00-04:00,5.410099983215332,5.425099849700928,5.409999847412109,5.414999961853027,114567
2026-09-01 10:14:00-04:00,5.414999961853027,5.420000076293945,5.409999847412109,5.419899940490723,84076
2026-09-01 10:15:00-04:00,5.420000076293945,5.429999828338623,5.409999847412109,5.414999961853027,87126
2026-09-01 10:16:00-04:00,5.420000076293945,5.429999828338623,5.414999961853027,5.425000190734863,135861
2026-09-01 10:17:00-04:00,5.409999847412109,5.420000076293945,5.409999847412109,5.414999961853027,37720
2026-09-01 10:18:00-04:00,5.40500020980835,5.414999961853027,5.400000095367432,5.409999847412109,124085
2026-09-01 10:19:00-04:00,5.420000076293945,5.420000076293945,5.400000095367432,5.400000095367432,23550
2026-09-01 10:20:00-04:00,5.410099983215332,5.425000190734863,5.409999847412109,5.420000076293945,80878
2026-09-01 10:21:00-04:00,5.400100231170654,5.420000076293945,5.400000095367432,5.409999847412109,204962
2026-09-01 10:22:00-04:00,5.409999847412109,5.419000148773193,5.400000095367432,5.40500020980835,81066
2026-09-01 10:23:00-04:00,5.403299808502197,5.409999847412109,5.400000095367432,5.40500020980835,97165
2026-09-01 10:24:00-04:00,5.40500020980835,5.409999847412109,5.400000095367432,5.400000095367432,14072
2026-09-01 10:25:00-04:00,5.409999847412109,5.414999961853027,5.400000095367432,5.409200191497803,39512
2026-09-01 10:26:00-04:00,5.400000095367432,5.414999961853027,5.400000095367432,5.414999961853027,35101
2026-09-01 10:27:00-04:00,5.414999961853027,5.414999961853027,5.400000095367432,5.400000095367432,37992
2026-09-01 10:28:00-04:00,5.414999961853027,5.420000076293945,5.40500020980835,5.420000076293945,67745
2026-09-01 10:29:00-04:00,5.420100212097168,5.429999828338623,5.420000076293945,5.420000076293945,54418
2026-09-01 10:30:00-04:00,5.434999942779541,5.434999942779541,5.420000076293945,5.420000076293945,91258
2026-09-01 10:31:00-04:00,5.425000190734863,5.434999942779541,5.420000076293945,5.429999828338623,28294
2026-09-01 10:32:00-04:00,5.420000076293945,5.429999828338623,5.420000076293945,5.425000190734863,32077
2026-09-01 10:33:00-04:00,5.460000038146973,5.460000038146973,5.421299934387207,5.429999828338623,114986
2026-09-01 10:34:00-04:00,5.454999923706055,5.454999923706055,5.449999809265137,5.454999923706055,23154
2026-09-01 10:35:00-04:00,5.449999809265137,5.460000038146973,5.449999809265137,5.460000038146973,24860
2026-09-01 10:36:00-04:00,5.451200008392334,5.460000038146973,5.449999809265137,5.449999809265137,31612
2026-09-01 10:37:00-04:00,5.440100193023682,5.460000038146973,5.440000057220459,5.454999923706055,73398
2026-09-01 10:38:00-04:00,5.450099945068359,5.460000038146973,5.440000057220459,5.445000171661377,50801
2026-09-01 10:39:00-04:00,5.449999809265137,5.458799839019775,5.445000171661377,5.454999923706055,26258
2026-09-01 10:40:00-04:00,5.449999809265137,5.454999923706055,5.440000057220459,5.448800086975098,61346
2026-09-01 10:41:00-04:00,5.445000171661377,5.465000152587891,5.442599773406982,5.450099945068359,57483
2026-09-01 10:42:00-04:00,5.440000057220459,5.449999809265137,5.440000057220459,5.449999809265137,51330
2026-09-01 10:43:00-04:00,5.454999923706055,5.460000038146973,5.440000057220459,5.449999809265137,95543
2026-09-01 10:44:00-04:00,5.465000152587891,5.465000152587891,5.445000171661377,5.454999923706055,62724
2026-09-01 10:45:00-04:00,5.449999809265137,5.46999979019165,5.449999809265137,5.46999979019165,40686
2026-09-01 10:46:00-04:00,5.454999923706055,5.46999979019165,5.454999923706055,5.460000038146973,168622
2026-09-01 10:47:00-04:00,5.4593000411987305,5.465000152587891,5.449999809265137,5.460000038146973,155788
2026-09-01 10:48:00-04:00,5.454999923706055,5.460000038146973,5.449999809265137,5.454999923706055,39362
2026-09-01 10:49:00-04:00,5.447500228881836,5.460000038146973,5.445000171661377,5.460000038146973,77800
2026-09-01 10:50:00-04:00,5.445000171661377,5.449999809265137,5.440000057220459,5.445000171661377,22028
2026-09-01 10:51:00-04:00,5.434999942779541,5.449999809265137,5.429999828338623,5.447700023651123,26659
2026-09-01 10:52:00-04:00,5.414999961853027,5.440000057220459,5.414999961853027,5.429999828338623,611884
2026-09-01 10:53:00-04:00,5.394999980926514,5.429999828338623,5.394499778747559,5.414999961853027,455483
2026-09-01 10:54:00-04:00,5.394999980926514,5.400000095367432,5.392300128936768,5.394999980926514,46400
2026-09-01 10:55:00-04:00,5.409900188446045,5.409999847412109,5.393499851226807,5.394999980926514,190871
2026-09-01 10:56:00-04:00,5.414999961853027,5.420000076293945,5.400000095367432,5.401199817657471,70651
2026-09-01 10:57:00-04:00,5.394999980926514,5.419899940490723,5.390100002288818,5.414999961853027,204970
2026-09-01 10:58:00-04:00,5.394999980926514,5.400000095367432,5.389999866485596,5.394999980926514,48859
2026-09-01 10:59:00-04:00,5.394999980926514,5.400000095367432,5.389999866485596,5.400000095367432,58819
2026-09-01 11:00:00-04:00,5.390100002288818,5.400000095367432,5.385000228881836,5.394999980926514,73364
2026-09-01 11:01:00-04:00,5.388299942016602,5.400000095367432,5.383800029754639,5.394999980926514,162473
2026-09-01 11:02:00-04:00,5.387499809265137,5.394999980926514,5.383999824523926,5.385000228881836,66234
2026-09-01 11:03:00-04:00,5.380099773406982,5.389999866485596,5.375,5.387499809265137,101144
2026-09-01 11:04:00-04:00,5.380899906158447,5.389999866485596,5.375,5.380099773406982,123122
2026-09-01 11:05:00-04:00,5.370100021362305,5.380000114440918,5.369999885559082,5.380000114440918,43795
2026-09-01 11:06:00-04:00,5.380000114440918,5.380000114440918,5.364999771118164,5.370100021362305,91538
2026-09-01 11:07:00-04:00,5.355000019073486,5.380000114440918,5.355000019073486,5.380000114440918,121171
2026-09-01 11:08:00-04:00,5.350100040435791,5.360000133514404,5.340000152587891,5.360000133514404,110339
2026-09-01 11:09:00-04:00,5.360000133514404,5.367499828338623,5.355000019073486,5.355000019073486,125293
2026-09-01 11:10:00-04:00,5.377500057220459,5.380000114440918,5.364999771118164,5.364999771118164,56578
2026-09-01 11:11:00-04:00,5.355000019073486,5.380000114440918,5.350100040435791,5.377299785614014,260817
2026-09-01 11:12:00-04:00,5.364999771118164,5.369999885559082,5.360000133514404,5.360400199890137,13695
2026-09-01 11:13:00-04:00,5.360499858856201,5.369999885559082,5.360000133514404,5.364999771118164,11779
2026-09-01 11:14:00-04:00,5.367499828338623,5.380000114440918,5.360000133514404,5.360000133514404,46518
2026-09-01 11:15:00-04:00,5.364999771118164,5.380000114440918,5.360000133514404,5.369900226593018,124663
2026-09-01 11:16:00-04:00,5.369999885559082,5.380000114440918,5.360000133514404,5.369999885559082,63052
2026-09-01 11:17:00-04:00,5.375,5.380000114440918,5.369999885559082,5.375,20181
2026-09-01 11:18:00-04:00,5.375,5.380000114440918,5.364999771118164,5.375,81955
2026-09-01 11:19:00-04:00,5.361100196838379,5.380000114440918,5.360000133514404,5.380000114440918,47548
2026-09-01 11:20:00-04:00,5.360000133514404,5.369999885559082,5.360000133514404,5.364999771118164,16251
2026-09-01 11:21:00-04:00,5.364999771118164,5.369999885559082,5.360000133514404,5.360000133514404,20868
2026-09-01 11:22:00-04:00,5.364999771118164,5.369999885559082,5.360000133514404,5.364999771118164,14076
2026-09-01 11:23:00-04:00,5.360000133514404,5.369999885559082,5.360000133514404,5.364999771118164,15421
2026-09-01 11:24:00-04:00,5.364999771118164,5.369999885559082,5.360000133514404,5.360000133514404,33899
2026-09-01 11:25:00-04:00,5.369999885559082,5.369999885559082,5.360000133514404,5.369999885559082,101431
2026-09-01 11:26:00-04:00,5.371200084686279,5.380000114440918,5.364999771118164,5.364999771118164,54471
2026-09-01 11:27:00-04:00,5.370100021362305,5.375,5.360099792480469,5.369999885559082,80905
2026-09-01 11:28:00-04:00,5.364999771118164,5.369999885559082,5.360000133514404,5.369999885559082,250142
2026-09-01 11:29:00-04:00,5.364999771118164,5.369999885559082,5.364999771118164,5.365699768066406,44221
2026-09-01 11:30:00-04:00,5.369999885559082,5.369999885559082,5.360000133514404,5.36870002746582,45969
2026-09-01 11:31:00-04:00,5.364999771118164,5.369999885559082,5.360000133514404,5.36959981918335,27658
2026-09-01 11:32:00-04:00,5.364999771118164,5.369999885559082,5.360000133514404,5.364999771118164,19079
2026-09-01 11:33:00-04:00,5.369999885559082,5.369999885559082,5.360099792480469,5.366000175476074,20946
2026-09-01 11:34:00-04:00,5.375,5.380000114440918,5.369999885559082,5.369999885559082,84960
2026-09-01 11:35:00-04:00,5.369999885559082,5.380000114440918,5.369999885559082,5.375,30459
2026-09-01 11:36:00-04:00,5.360000133514404,5.380000114440918,5.360000133514404,5.380000114440918,131198
2026-09-01 11:37:00-04:00,5.370500087738037,5.370500087738037,5.364999771118164,5.369999885559082,88514
2026-09-01 11:38:00-04:00,5.380000114440918,5.385000228881836,5.369999885559082,5.370100021362305,68860
2026-09-01 11:39:00-04:00,5.380000114440918,5.387499809265137,5.380000114440918,5.380000114440918,85496
2026-09-01 11:40:00-04:00,5.375,5.388999938964844,5.369999885559082,5.388800144195557,52292
2026-09-01 11:41:00-04:00,5.375,5.379899978637695,5.369999885559082,5.379899978637695,18310
2026-09-01 11:42:00-04:00,5.36899995803833,5.375500202178955,5.364999771118164,5.375500202178955,117445
2026-09-01 11:43:00-04:00,5.369999885559082,5.375,5.360000133514404,5.369900226593018,99253
2026-09-01 11:44:00-04:00,5.375,5.380000114440918,5.364999771118164,5.369999885559082,59655
2026-09-01 11:45:00-04:00,5.375,5.380000114440918,5.369999885559082,5.370999813079834,46122
2026-09-01 11:46:00-04:00,5.364999771118164,5.380000114440918,5.360000133514404,5.369999885559082,65472
2026-09-01 11:47:00-04:00,5.375,5.375,5.360000133514404,5.369999885559082,77325
2026-09-01 11:48:00-04:00,5.369999885559082,5.380000114440918,5.369999885559082,5.369999885559082,19406
2026-09-01 11:49:00-04:00,5.375,5.380000114440918,5.375,5.375,31188
2026-09-01 11:50:00-04:00,5.375,5.380000114440918,5.369999885559082,5.375,10005
2026-09-01 11:51:00-04:00,5.375,5.380000114440918,5.369999885559082,5.369999885559082,9477
2026-09-01 11:52:00-04:00,5.379899978637695,5.380000114440918,5.369999885559082,5.380000114440918,43130
2026-09-01 11:53:00-04:00,5.369999885559082,5.389999866485596,5.369999885559082,5.379899978637695,81548
2026-09-01 11:54:00-04:00,5.366199970245361,5.379499912261963,5.366199970245361,5.379000186920166,42536
2026-09-01 11:55:00-04:00,5.364999771118164,5.369999885559082,5.364999771118164,5.369999885559082,60925
2026-09-01 11:56:00-04:00,5.364999771118164,5.369999885559082,5.360000133514404,5.364999771118164,56243
2026-09-01 11:57:00-04:00,5.360000133514404,5.364999771118164,5.360000133514404,5.364999771118164,14061
2026-09-01 11:58:00-04:00,5.364999771118164,5.369999885559082,5.360000133514404,5.360000133514404,35938
2026-09-01 11:59:00-04:00,5.360000133514404,5.369900226593018,5.360000133514404,5.368800163269043,36211
2026-09-01 12:00:00-04:00,5.361000061035156,5.369900226593018,5.360000133514404,5.364999771118164,27371
2026-09-01 12:01:00-04:00,5.349999904632568,5.367499828338623,5.349999904632568,5.364999771118164,100985
2026-09-01 12:02:00-04:00,5.340000152587891,5.360000133514404,5.340000152587891,5.349999904632568,60959
2026-09-01 12:03:00-04:00,5.355000019073486,5.360000133514404,5.340000152587891,5.340000152587891,72550
2026-09-01 12:04:00-04:00,5.349999904632568,5.360000133514404,5.349999904632568,5.355000019073486,193336
2026-09-01 12:05:00-04:00,5.355000019073486,5.360000133514404,5.349999904632568,5.355000019073486,30665
2026-09-01 12:06:00-04:00,5.360000133514404,5.360000133514404,5.34499979019165,5.350100040435791,71584
2026-09-01 12:07:00-04:00,5.349999904632568,5.360000133514404,5.349999904632568,5.355000019073486,24827
2026-09-01 12:08:00-04:00,5.355000019073486,5.364999771118164,5.349999904632568,5.359000205993652,46517
2026-09-01 12:09:00-04:00,5.355000019073486,5.360000133514404,5.349999904632568,5.360000133514404,25008
2026-09-01 12:10:00-04:00,5.350100040435791,5.360000133514404,5.349999904632568,5.360000133514404,34898
2026-09-01 12:11:00-04:00,5.349999904632568,5.358799934387207,5.34499979019165,5.355000019073486,76892
2026-09-01 12:12:00-04:00,5.349999904632568,5.359899997711182,5.34499979019165,5.349899768829346,74817
2026-09-01 12:13:00-04:00,5.349999904632568,5.355000019073486,5.349999904632568,5.349999904632568,77457
2026-09-01 12:14:00-04:00,5.355000019073486,5.360000133514404,5.349999904632568,5.356400012969971,75729
2026-09-01 12:15:00-04:00,5.34499979019165,5.355000019073486,5.340000152587891,5.355000019073486,160516
2026-09-01 12:16:00-04:00,5.349999904632568,5.349999904632568,5.340000152587891,5.34499979019165,14180
2026-09-01 12:17:00-04:00,5.339900016784668,5.349999904632568,5.329999923706055,5.34499979019165,286199
2026-09-01 12:18:00-04:00,5.34499979019165,5.349999904632568,5.330100059509277,5.340000152587891,160721
2026-09-01 12:19:00-04:00,5.349999904632568,5.349999904632568,5.340000152587891,5.34499979019165,24620
2026-09-01 12:20:00-04:00,5.34499979019165,5.349999904632568,5.340000152587891,5.34499979019165,32100
2026-09-01 12:21:00-04:00,5.347499847412109,5.347700119018555,5.340000152587891,5.34499979019165,40981
2026-09-01 12:22:00-04:00,5.339900016784668,5.34499979019165,5.329999923706055,5.34499979019165,73402
2026-09-01 12:23:00-04:00,5.34499979019165,5.360000133514404,5.335000038146973,5.335000038146973,120174
2026-09-01 12:24:00-04:00,5.340000152587891,5.349999904632568,5.340000152587891,5.341000080108643,5283
2026-09-01 12:25:00-04:00,5.349999904632568,5.349999904632568,5.340000152587891,5.340000152587891,13385
2026-09-01 12:26:00-04:00,5.351200103759766,5.355000019073486,5.340000152587891,5.349999904632568,32092
2026-09-01 12:27:00-04:00,5.355000019073486,5.360000133514404,5.349999904632568,5.35099983215332,15401
2026-09-01 12:28:00-04:00,5.355000019073486,5.360000133514404,5.355000019073486,5.359000205993652,16368
2026-09-01 12:29:00-04:00,5.355000019073486,5.360000133514404,5.349999904632568,5.360000133514404,22260
2026-09-01 12:30:00-04:00,5.355000019073486,5.360000133514404,5.349999904632568,5.355000019073486,18826
2026-09-01 12:31:00-04:00,5.34499979019165,5.360000133514404,5.34499979019165,5.35099983215332,34490
2026-09-01 12:32:00-04:00,5.349999904632568,5.359000205993652,5.340000152587891,5.34499979019165,42298
2026-09-01 12:33:00-04:00,5.360000133514404,5.360000133514404,5.349999904632568,5.355000019073486,19275
2026-09-01 12:34:00-04:00,5.35230016708374,5.360000133514404,5.349999904632568,5.360000133514404,62562
2026-09-01 12:35:00-04:00,5.364999771118164,5.369999885559082,5.355000019073486,5.355000019073486,33369
2026-09-01 12:36:00-04:00,5.364999771118164,5.369999885559082,5.360000133514404,5.364999771118164,26088
2026-09-01 12:37:00-04:00,5.364999771118164,5.369999885559082,5.364999771118164,5.369999885559082,16254
2026-09-01 12:38:00-04:00,5.370100021362305,5.375,5.360000133514404,5.369999885559082,115888
2026-09-01 12:39:00-04:00,5.370100021362305,5.380000114440918,5.369999885559082,5.375,20454
2026-09-01 12:40:00-04:00,5.375,5.380000114440918,5.369999885559082,5.375,23018
2026-09-01 12:41:00-04:00,5.375,5.380000114440918,5.369999885559082,5.369999885559082,15270
2026-09-01 12:42:00-04:00,5.364999771118164,5.375,5.364999771118164,5.375,49561
2026-09-01 12:43:00-04:00,5.360000133514404,5.364999771118164,5.360000133514404,5.364999771118164,5265
2026-09-01 12:44:00-04:00,5.360000133514404,5.369999885559082,5.360000133514404,5.360000133514404,9624
2026-09-01 12:45:00-04:00,5.364999771118164,5.369999885559082,5.360000133514404,5.364999771118164,87129
2026-09-01 12:46:00-04:00,5.364999771118164,5.364999771118164,5.360000133514404,5.360000133514404,24164
2026-09-01 12:47:00-04:00,5.364999771118164,5.369999885559082,5.360000133514404,5.364999771118164,31964
2026-09-01 12:48:00-04:00,5.364999771118164,5.369999885559082,5.360000133514404,5.360000133514404,14498
2026-09-01 12:49:00-04:00,5.364999771118164,5.364999771118164,5.360000133514404,5.361199855804443,10465
2026-09-01 12:50:00-04:00,5.364999771118164,5.369999885559082,5.360000133514404,5.364999771118164,14529
2026-09-01 12:51:00-04:00,5.360000133514404,5.369999885559082,5.360000133514404,5.369999885559082,3361
2026-09-01 12:52:00-04:00,5.364999771118164,5.369999885559082,5.360000133514404,5.364999771118164,7201
2026-09-01 12:53:00-04:00,5.360000133514404,5.364999771118164,5.360000133514404,5.364999771118164,4358
2026-09-01 12:54:00-04:00,5.34499979019165,5.369999885559082,5.340000152587891,5.369999885559082,146806
2026-09-01 12:55:00-04:00,5.340000152587891,5.349999904632568,5.340000152587891,5.34499979019165,8850
2026-09-01 12:56:00-04:00,5.340000152587891,5.34499979019165,5.340000152587891,5.340099811553955,8766
2026-09-01 12:57:00-04:00,5.34499979019165,5.349999904632568,5.340000152587891,5.340000152587891,43795
2026-09-01 12:58:00-04:00,5.34499979019165,5.349999904632568,5.341300010681152,5.34499979019165,40985
2026-09-01 12:59:00-04:00,5.34499979019165,5.34499979019165,5.340000152587891,5.34499979019165,14880
2026-09-01 13:00:00-04:00,5.340000152587891,5.349999904632568,5.340000152587891,5.34499979019165,8010
2026-09-01 13:01:00-04:00,5.340000152587891,5.34499979019165,5.329999923706055,5.340000152587891,88509
2026-09-01 13:02:00-04:00,5.335000038146973,5.3394999504089355,5.329999923706055,5.335000038146973,7034
2026-09-01 13:03:00-04:00,5.324999809265137,5.340000152587891,5.324999809265137,5.340000152587891,65705
2026-09-01 13:04:00-04:00,5.324999809265137,5.329999923706055,5.320000171661377,5.329899787902832,28586
2026-09-01 13:05:00-04:00,5.324999809265137,5.329999923706055,5.324999809265137,5.324999809265137,5070
2026-09-01 13:06:00-04:00,5.329899787902832,5.329899787902832,5.315000057220459,5.325900077819824,106944
2026-09-01 13:07:00-04:00,5.31850004196167,5.324999809265137,5.315000057220459,5.320099830627441,46113
2026-09-01 13:08:00-04:00,5.315000057220459,5.320000171661377,5.309999942779541,5.315000057220459,19616
2026-09-01 13:09:00-04:00,5.31879997253418,5.320000171661377,5.315000057220459,5.315000057220459,22998
2026-09-01 13:10:00-04:00,5.320000171661377,5.320000171661377,5.315000057220459,5.31879997253418,115128
2026-09-01 13:11:00-04:00,5.324999809265137,5.329899787902832,5.320000171661377,5.320000171661377,59031
2026-09-01 13:12:00-04:00,5.324999809265137,5.329999923706055,5.320000171661377,5.324999809265137,45068
2026-09-01 13:13:00-04:00,5.324999809265137,5.329999923706055,5.324999809265137,5.329999923706055,9929
2026-09-01 13:14:00-04:00,5.329999923706055,5.329999923706055,5.324999809265137,5.329999923706055,5037
2026-09-01 13:15:00-04:00,5.324999809265137,5.324999809265137,5.324999809265137,5.324999809265137,12178
2026-09-01 13:16:00-04:00,5.329899787902832,5.329899787902832,5.324999809265137,5.324999809265137,9850
2026-09-01 13:17:00-04:00,5.324999809265137,5.329999923706055,5.320000171661377,5.324999809265137,12211
2026-09-01 13:18:00-04:00,5.324999809265137,5.329999923706055,5.320000171661377,5.324999809265137,21141
2026-09-01 13:19:00-04:00,5.324999809265137,5.335000038146973,5.321199893951416,5.324999809265137,68090
2026-09-01 13:20:00-04:00,5.324999809265137,5.324999809265137,5.320000171661377,5.322299957275391,32762
2026-09-01 13:21:00-04:00,5.320400238037109,5.324999809265137,5.310100078582764,5.320099830627441,61108
2026-09-01 13:22:00-04:00,5.315000057220459,5.321199893951416,5.315000057220459,5.320000171661377,30298
2026-09-01 13:23:00-04:00,5.324999809265137,5.329899787902832,5.315000057220459,5.315000057220459,74029
2026-09-01 13:24:00-04:00,5.315000057220459,5.329999923706055,5.309999942779541,5.324999809265137,154917
2026-09-01 13:25:00-04:00,5.309999942779541,5.320000171661377,5.300000190734863,5.320000171661377,89658
2026-09-01 13:26:00-04:00,5.31879997253418,5.320000171661377,5.309999942779541,5.315000057220459,78209
2026-09-01 13:27:00-04:00,5.315000057220459,5.320000171661377,5.315000057220459,5.315000057220459,15975
2026-09-01 13:28:00-04:00,5.315000057220459,5.324999809265137,5.315000057220459,5.320000171661377,45456
2026-09-01 13:29:00-04:00,5.315000057220459,5.316199779510498,5.310100078582764,5.315000057220459,4560
2026-09-01 13:30:00-04:00,5.320000171661377,5.320000171661377,5.315000057220459,5.320000171661377,18301
2026-09-01 13:31:00-04:00,5.325399875640869,5.329899787902832,5.320000171661377,5.320000171661377,30480
2026-09-01 13:32:00-04:00,5.324999809265137,5.3267998695373535,5.320000171661377,5.324999809265137,8220
2026-09-01 13:33:00-04:00,5.324999809265137,5.324999809265137,5.320000171661377,5.324999809265137,23059
2026-09-01 13:34:00-04:00,5.324999809265137,5.324999809265137,5.320000171661377,5.324999809265137,16977
2026-09-01 13:35:00-04:00,5.320000171661377,5.329999923706055,5.320000171661377,5.324999809265137,4628
2026-09-01 13:36:00-04:00,5.315000057220459,5.329999923706055,5.315000057220459,5.324999809265137,57708
2026-09-01 13:37:00-04:00,5.315000057220459,5.320000171661377,5.309999942779541,5.315000057220459,35000
2026-09-01 13:38:00-04:00,5.315000057220459,5.320000171661377,5.309999942779541,5.320000171661377,9931
2026-09-01 13:39:00-04:00,5.309999942779541,5.320000171661377,5.309999942779541,5.309999942779541,4946
2026-09-01 13:40:00-04:00,5.315000057220459,5.320000171661377,5.309999942779541,5.320000171661377,6481
2026-09-01 13:41:00-04:00,5.324999809265137,5.324999809265137,5.309999942779541,5.320000171661377,58273
2026-09-01 13:42:00-04:00,5.321000099182129,5.329999923706055,5.320000171661377,5.320000171661377,92235
2026-09-01 13:43:00-04:00,5.329999923706055,5.329999923706055,5.324999809265137,5.329999923706055,4230
2026-09-01 13:44:00-04:00,5.324999809265137,5.329999923706055,5.320000171661377,5.324999809265137,8753
2026-09-01 13:45:00-04:00,5.315000057220459,5.324999809265137,5.309999942779541,5.324100017547607,70650
2026-09-01 13:46:00-04:00,5.317500114440918,5.320000171661377,5.309999942779541,5.315000057220459,6263
2026-09-01 13:47:00-04:00,5.310100078582764,5.320000171661377,5.309999942779541,5.315000057220459,2907
2026-09-01 13:48:00-04:00,5.315100193023682,5.320000171661377,5.309999942779541,5.315000057220459,22689
2026-09-01 13:49:00-04:00,5.309999942779541,5.320000171661377,5.309999942779541,5.320000171661377,23892
2026-09-01 13:50:00-04:00,5.315000057220459,5.320000171661377,5.304999828338623,5.311200141906738,121491
2026-09-01 13:51:00-04:00,5.309999942779541,5.320000171661377,5.309999942779541,5.315000057220459,7110
2026-09-01 13:52:00-04:00,5.315000057220459,5.320000171661377,5.315000057220459,5.315000057220459,16588
2026-09-01 13:53:00-04:00,5.315000057220459,5.317200183868408,5.309999942779541,5.309999942779541,10699
2026-09-01 13:54:00-04:00,5.309999942779541,5.320000171661377,5.309999942779541,5.309999942779541,5548
2026-09-01 13:55:00-04:00,5.315000057220459,5.315000057220459,5.309999942779541,5.315000057220459,15737
2026-09-01 13:56:00-04:00,5.309999942779541,5.324999809265137,5.309999942779541,5.320000171661377,52559
2026-09-01 13:57:00-04:00,5.309999942779541,5.320000171661377,5.309999942779541,5.315000057220459,10156
2026-09-01 13:58:00-04:00,5.315000057220459,5.319900035858154,5.309999942779541,5.315000057220459,7317
2026-09-01 13:59:00-04:00,5.312600135803223,5.320000171661377,5.309999942779541,5.320000171661377,77105
2026-09-01 14:00:00-04:00,5.309999942779541,5.320000171661377,5.300000190734863,5.320000171661377,105118
2026-09-01 14:01:00-04:00,5.304999828338623,5.309999942779541,5.300000190734863,5.309999942779541,163536
2026-09-01 14:02:00-04:00,5.309999942779541,5.315000057220459,5.309999942779541,5.309999942779541,58876
2026-09-01 14:03:00-04:00,5.315000057220459,5.320000171661377,5.309999942779541,5.320000171661377,22666
2026-09-01 14:04:00-04:00,5.315000057220459,5.315000057220459,5.309999942779541,5.315000057220459,11207
2026-09-01 14:05:00-04:00,5.315000057220459,5.320000171661377,5.315000057220459,5.320000171661377,7918
2026-09-01 14:06:00-04:00,5.315000057220459,5.320000171661377,5.310100078582764,5.320000171661377,69822
2026-09-01 14:07:00-04:00,5.309999942779541,5.315000057220459,5.309999942779541,5.315000057220459,7668
2026-09-01 14:08:00-04:00,5.315000057220459,5.319499969482422,5.315000057220459,5.315000057220459,5128
2026-09-01 14:09:00-04:00,5.315000057220459,5.320000171661377,5.315000057220459,5.320000171661377,6950
2026-09-01 14:10:00-04:00,5.315000057220459,5.320000171661377,5.309999942779541,5.320000171661377,7924
2026-09-01 14:11:00-04:00,5.315000057220459,5.320000171661377,5.309999942779541,5.318999767303467,8567
2026-09-01 14:12:00-04:00,5.315000057220459,5.320000171661377,5.309999942779541,5.315000057220459,42747
2026-09-01 14:13:00-04:00,5.315000057220459,5.315000057220459,5.309999942779541,5.309999942779541,5664
2026-09-01 14:14:00-04:00,5.315000057220459,5.320000171661377,5.309999942779541,5.320000171661377,5878
2026-09-01 14:15:00-04:00,5.309999942779541,5.320000171661377,5.309999942779541,5.309999942779541,3953
2026-09-01 14:16:00-04:00,5.315000057220459,5.320000171661377,5.309999942779541,5.315000057220459,41074
2026-09-01 14:17:00-04:00,5.315000057220459,5.315000057220459,5.309999942779541,5.315000057220459,15881
2026-09-01 14:18:00-04:00,5.315000057220459,5.315000057220459,5.309999942779541,5.315000057220459,3634
2026-09-01 14:19:00-04:00,5.309999942779541,5.318999767303467,5.309999942779541,5.315000057220459,13025
2026-09-01 14:20:00-04:00,5.309999942779541,5.320000171661377,5.309999942779541,5.320000171661377,13467
2026-09-01 14:21:00-04:00,5.309999942779541,5.315000057220459,5.309999942779541,5.309999942779541,5719
2026-09-01 14:22:00-04:00,5.309999942779541,5.320000171661377,5.309999942779541,5.320000171661377,14797
2026-09-01 14:23:00-04:00,5.309999942779541,5.320000171661377,5.309999942779541,5.320000171661377,19071
2026-09-01 14:24:00-04:00,5.309999942779541,5.320000171661377,5.309999942779541,5.320000171661377,18116
2026-09-01 14:25:00-04:00,5.309999942779541,5.318999767303467,5.309999942779541,5.315000057220459,10047
2026-09-01 14:26:00-04:00,5.315000057220459,5.315499782562256,5.309999942779541,5.315000057220459,5407
2026-09-01 14:27:00-04:00,5.304999828338623,5.315000057220459,5.3043999671936035,5.309999942779541,89815
2026-09-01 14:28:00-04:00,5.309999942779541,5.309999942779541,5.300000190734863,5.300000190734863,67072
2026-09-01 14:29:00-04:00,5.309000015258789,5.309999942779541,5.304999828338623,5.309999942779541,86546
2026-09-01 14:30:00-04:00,5.304999828338623,5.309999942779541,5.300000190734863,5.309899806976318,29345
2026-09-01 14:31:00-04:00,5.304999828338623,5.309999942779541,5.304999828338623,5.309999942779541,16467
2026-09-01 14:32:00-04:00,5.310100078582764,5.317500114440918,5.301300048828125,5.304999828338623,110043
2026-09-01 14:33:00-04:00,5.309999942779541,5.320000171661377,5.304999828338623,5.311200141906738,61958
2026-09-01 14:34:00-04:00,5.304999828338623,5.315000057220459,5.304999828338623,5.304999828338623,31076
2026-09-01 14:35:00-04:00,5.309899806976318,5.309999942779541,5.300000190734863,5.309999942779541,102880
2026-09-01 14:36:00-04:00,5.309999942779541,5.320000171661377,5.304999828338623,5.309999942779541,83242
2026-09-01 14:37:00-04:00,5.300099849700928,5.309999942779541,5.300000190734863,5.304999828338623,9048
2026-09-01 14:38:00-04:00,5.304999828338623,5.315000057220459,5.300000190734863,5.304999828338623,68284
2026-09-01 14:39:00-04:00,5.309999942779541,5.309999942779541,5.300000190734863,5.304999828338623,15826
2026-09-01 14:40:00-04:00,5.300000190734863,5.309899806976318,5.300000190734863,5.304999828338623,7580
2026-09-01 14:41:00-04:00,5.304999828338623,5.309999942779541,5.300000190734863,5.304999828338623,6498
2026-09-01 14:42:00-04:00,5.295000076293945,5.309999942779541,5.29010009765625,5.300000190734863,128686
2026-09-01 14:43:00-04:00,5.290200233459473,5.300000190734863,5.289999961853027,5.289999961853027,12585
2026-09-01 14:44:00-04:00,5.29010009765625,5.298999786376953,5.289999961853027,5.298500061035156,55506
2026-09-01 14:45:00-04:00,5.289999961853027,5.297999858856201,5.284999847412109,5.297999858856201,48861
2026-09-01 14:46:00-04:00,5.284999847412109,5.289999961853027,5.284999847412109,5.289999961853027,92297
2026-09-01 14:47:00-04:00,5.287300109863281,5.289999961853027,5.28000020980835,5.284999847412109,61956
2026-09-01 14:48:00-04:00,5.295000076293945,5.295000076293945,5.284999847412109,5.289999961853027,74369
2026-09-01 14:49:00-04:00,5.295000076293945,5.300000190734863,5.289999961853027,5.300000190734863,21791
2026-09-01 14:50:00-04:00,5.295000076293945,5.300000190734863,5.295000076293945,5.300000190734863,16530
2026-09-01 14:51:00-04:00,5.295000076293945,5.298500061035156,5.295000076293945,5.295000076293945,3156
2026-09-01 14:52:00-04:00,5.301499843597412,5.308499813079834,5.295000076293945,5.295000076293945,59100
2026-09-01 14:53:00-04:00,5.304999828338623,5.308599948883057,5.304999828338623,5.304999828338623,7803
2026-09-01 14:54:00-04:00,5.304999828338623,5.309999942779541,5.300000190734863,5.309999942779541,6152
2026-09-01 14:55:00-04:00,5.304999828338623,5.309999942779541,5.300000190734863,5.309999942779541,25375
2026-09-01 14:56:00-04:00,5.295000076293945,5.309999942779541,5.295000076293945,5.309999942779541,85201
2026-09-01 14:57:00-04:00,5.304999828338623,5.309999942779541,5.295000076293945,5.295000076293945,72665
2026-09-01 14:58:00-04:00,5.304999828338623,5.309999942779541,5.304999828338623,5.309999942779541,18087
2026-09-01 14:59:00-04:00,5.304999828338623,5.309999942779541,5.300000190734863,5.309999942779541,27605
2026-09-01 15:00:00-04:00,5.300000190734863,5.309999942779541,5.300000190734863,5.304999828338623,15570
2026-09-01 15:01:00-04:00,5.304999828338623,5.309999942779541,5.300000190734863,5.304999828338623,9645
2026-09-01 15:02:00-04:00,5.300000190734863,5.309999942779541,5.300000190734863,5.309999942779541,25510
2026-09-01 15:03:00-04:00,5.30049991607666,5.309999942779541,5.300000190734863,5.304999828338623,9252
2026-09-01 15:04:00-04:00,5.304999828338623,5.309999942779541,5.304999828338623,5.309999942779541,19431
2026-09-01 15:05:00-04:00,5.304999828338623,5.309999942779541,5.304999828338623,5.309999942779541,5626
2026-09-01 15:06:00-04:00,5.301199913024902,5.304999828338623,5.289999961853027,5.304999828338623,99757
2026-09-01 15:07:00-04:00,5.299799919128418,5.309999942779541,5.289999961853027,5.305099964141846,59265
2026-09-01 15:08:00-04:00,5.299499988555908,5.300000190734863,5.295000076293945,5.300000190734863,66925
2026-09-01 15:09:00-04:00,5.295000076293945,5.300000190734863,5.291100025177002,5.299799919128418,22654
2026-09-01 15:10:00-04:00,5.295000076293945,5.304999828338623,5.289999961853027,5.300000190734863,111896
2026-09-01 15:11:00-04:00,5.300000190734863,5.304999828338623,5.295000076293945,5.295000076293945,55695
2026-09-01 15:12:00-04:00,5.300000190734863,5.309999942779541,5.295000076293945,5.295000076293945,78828
2026-09-01 15:13:00-04:00,5.304999828338623,5.307499885559082,5.300000190734863,5.300000190734863,29928
2026-09-01 15:14:00-04:00,5.309999942779541,5.309999942779541,5.300000190734863,5.304999828338623,12846
2026-09-01 15:15:00-04:00,5.304999828338623,5.309999942779541,5.300000190734863,5.304999828338623,39313
2026-09-01 15:16:00-04:00,5.304999828338623,5.309999942779541,5.300099849700928,5.304999828338623,15246
2026-09-01 15:17:00-04:00,5.304999828338623,5.309999942779541,5.300000190734863,5.300000190734863,19199
2026-09-01 15:18:00-04:00,5.304999828338623,5.309999942779541,5.300000190734863,5.304999828338623,13415
2026-09-01 15:19:00-04:00,5.304999828338623,5.309999942779541,5.304999828338623,5.309999942779541,16091
2026-09-01 15:20:00-04:00,5.300000190734863,5.309999942779541,5.300000190734863,5.307499885559082,15955
2026-09-01 15:21:00-04:00,5.295000076293945,5.304999828338623,5.289999961853027,5.304999828338623,84772
2026-09-01 15:22:00-04:00,5.299600124359131,5.300000190734863,5.289999961853027,5.300000190734863,55129
2026-09-01 15:23:00-04:00,5.300000190734863,5.300000190734863,5.29010009765625,5.300000190734863,56726
2026-09-01 15:24:00-04:00,5.300000190734863,5.300000190734863,5.294099807739258,5.300000190734863,103210
2026-09-01 15:25:00-04:00,5.304999828338623,5.304999828338623,5.295000076293945,5.295000076293945,144521
2026-09-01 15:26:00-04:00,5.304999828338623,5.309999942779541,5.300000190734863,5.309999942779541,39821
2026-09-01 15:27:00-04:00,5.295000076293945,5.309999942779541,5.289999961853027,5.309999942779541,403599
2026-09-01 15:28:00-04:00,5.295000076293945,5.300000190734863,5.289999961853027,5.300000190734863,28880
2026-09-01 15:29:00-04:00,5.289999961853027,5.300000190734863,5.289999961853027,5.300000190734863,22923
2026-09-01 15:30:00-04:00,5.289999961853027,5.300000190734863,5.289999961853027,5.300000190734863,51269
2026-09-01 15:31:00-04:00,5.285900115966797,5.295000076293945,5.28000020980835,5.295000076293945,201894
2026-09-01 15:32:00-04:00,5.284999847412109,5.289999961853027,5.28000020980835,5.284999847412109,32162
2026-09-01 15:33:00-04:00,5.284999847412109,5.289999961853027,5.28000020980835,5.28000020980835,53032
2026-09-01 15:34:00-04:00,5.298099994659424,5.300000190734863,5.284999847412109,5.284999847412109,87907
2026-09-01 15:35:00-04:00,5.315000057220459,5.320000171661377,5.289999961853027,5.289999961853027,144786
2026-09-01 15:36:00-04:00,5.314799785614014,5.320000171661377,5.309999942779541,5.315000057220459,50101
2026-09-01 15:37:00-04:00,5.320300102233887,5.329999923706055,5.309999942779541,5.320000171661377,221058
2026-09-01 15:38:00-04:00,5.315000057220459,5.324999809265137,5.310999870300293,5.321199893951416,68934
2026-09-01 15:39:00-04:00,5.315000057220459,5.320000171661377,5.309999942779541,5.320000171661377,18340
2026-09-01 15:40:00-04:00,5.320000171661377,5.320000171661377,5.309999942779541,5.309999942779541,128951
2026-09-01 15:41:00-04:00,5.309999942779541,5.329999923706055,5.309999942779541,5.320000171661377,172242
2026-09-01 15:42:00-04:00,5.309999942779541,5.320000171661377,5.309999942779541,5.315000057220459,29287
2026-09-01 15:43:00-04:00,5.309899806976318,5.315000057220459,5.300000190734863,5.315000057220459,99920
2026-09-01 15:44:00-04:00,5.309899806976318,5.309999942779541,5.300000190734863,5.309999942779541,61562
2026-09-01 15:45:00-04:00,5.304999828338623,5.320000171661377,5.300000190734863,5.309599876403809,318865
2026-09-01 15:46:00-04:00,5.304999828338623,5.309999942779541,5.300000190734863,5.308199882507324,46568
2026-09-01 15:47:00-04:00,5.304999828338623,5.309999942779541,5.300000190734863,5.300000190734863,17804
2026-09-01 15:48:00-04:00,5.300000190734863,5.309999942779541,5.300000190734863,5.308000087738037,92625
2026-09-01 15:49:00-04:00,5.315000057220459,5.320000171661377,5.300000190734863,5.300000190734863,209348
2026-09-01 15:50:00-04:00,5.311500072479248,5.320000171661377,5.304999828338623,5.320000171661377,364100
2026-09-01 15:51:00-04:00,5.315000057220459,5.320000171661377,5.309999942779541,5.319900035858154,38980
2026-09-01 15:52:00-04:00,5.309999942779541,5.320000171661377,5.309999942779541,5.309999942779541,39197
2026-09-01 15:53:00-04:00,5.304999828338623,5.315000057220459,5.300000190734863,5.315000057220459,147708
2026-09-01 15:54:00-04:00,5.320000171661377,5.329999923706055,5.300000190734863,5.300000190734863,235227
2026-09-01 15:55:00-04:00,5.315000057220459,5.320000171661377,5.309999942779541,5.320000171661377,142074
2026-09-01 15:56:00-04:00,5.315000057220459,5.324999809265137,5.309999942779541,5.320000171661377,370094
2026-09-01 15:57:00-04:00,5.340000152587891,5.340000152587891,5.309999942779541,5.320000171661377,430472
2026-09-01 15:58:00-04:00,5.355000019073486,5.360000133514404,5.329999923706055,5.335000038146973,684079
2026-09-01 15:59:00-04:00,5.349999904632568,5.360000133514404,5.349999904632568,5.355000019073486,924935
2026-09-02 09:30:00-04:00,5.355000019073486,5.355000019073486,5.289999961853027,5.300000190734863,806732
2026-09-02 09:31:00-04:00,5.355000019073486,5.358799934387207,5.300000190734863,5.355000019073486,242387
2026-09-02 09:32:00-04:00,5.392000198364258,5.399899959564209,5.360000133514404,5.360000133514404,76800
2026-09-02 09:33:00-04:00,5.414999961853027,5.414999961853027,5.400000095367432,5.400000095367432,52935
2026-09-02 09:34:00-04:00,5.440000057220459,5.440000057220459,5.420000076293945,5.420000076293945,85528
2026-09-02 09:35:00-04:00,5.445000171661377,5.446000099182129,5.429999828338623,5.440000057220459,116394
2026-09-02 09:36:00-04:00,5.40500020980835,5.460000038146973,5.390999794006348,5.449999809265137,100674
2026-09-02 09:37:00-04:00,5.385000228881836,5.406199932098389,5.385000228881836,5.40500020980835,63758
2026-09-02 09:38:00-04:00,5.383699893951416,5.394999980926514,5.369999885559082,5.380000114440918,71476
2026-09-02 09:39:00-04:00,5.380000114440918,5.389999866485596,5.380000114440918,5.385000228881836,28599
2026-09-02 09:40:00-04:00,5.409999847412109,5.420000076293945,5.385000228881836,5.389999866485596,80955
2026-09-02 09:41:00-04:00,5.389999866485596,5.411600112915039,5.389999866485596,5.409999847412109,25942
2026-09-02 09:42:00-04:00,5.420000076293945,5.420000076293945,5.389999866485596,5.389999866485596,66567
2026-09-02 09:43:00-04:00,5.429999828338623,5.434999942779541,5.420000076293945,5.420000076293945,31598
2026-09-02 09:44:00-04:00,5.420199871063232,5.439899921417236,5.420000076293945,5.432499885559082,41381
2026-09-02 09:45:00-04:00,5.434999942779541,5.459000110626221,5.420000076293945,5.420000076293945,93337
2026-09-02 09:46:00-04:00,5.430099964141846,5.434999942779541,5.414999961853027,5.434999942779541,88693
2026-09-02 09:47:00-04:00,5.440000057220459,5.445000171661377,5.429999828338623,5.429999828338623,49228
2026-09-02 09:48:00-04:00,5.454999923706055,5.460000038146973,5.445000171661377,5.445000171661377,55523
2026-09-02 09:49:00-04:00,5.460000038146973,5.460000038146973,5.449999809265137,5.454999923706055,32031
2026-09-02 09:50:00-04:00,5.46999979019165,5.479000091552734,5.460000038146973,5.460000038146973,93145
2026-09-02 09:51:00-04:00,5.474999904632568,5.474999904632568,5.460000038146973,5.4704999923706055,47587
2026-09-02 09:52:00-04:00,5.474999904632568,5.480000019073486,5.460000038146973,5.4695000648498535,86884
2026-09-02 09:53:00-04:00,5.489999771118164,5.489999771118164,5.46999979019165,5.46999979019165,65803
2026-09-02 09:54:00-04:00,5.485000133514404,5.489999771118164,5.480000019073486,5.485000133514404,59884
2026-09-02 09:55:00-04:00,5.491000175476074,5.494999885559082,5.480100154876709,5.480100154876709,69246
2026-09-02 09:56:00-04:00,5.519999980926514,5.519999980926514,5.489999771118164,5.489999771118164,259656
2026-09-02 09:57:00-04:00,5.514999866485596,5.53000020980835,5.510000228881836,5.519999980926514,121992
2026-09-02 09:58:00-04:00,5.5,5.525000095367432,5.5,5.519999980926514,79593
2026-09-02 09:59:00-04:00,5.501999855041504,5.509900093078613,5.5,5.500100135803223,33408
2026-09-02 10:00:00-04:00,5.509900093078613,5.509900093078613,5.494999885559082,5.5,68856
2026-09-02 10:01:00-04:00,5.545000076293945,5.550000190734863,5.500100135803223,5.500100135803223,218092
2026-09-02 10:02:00-04:00,5.565000057220459,5.565299987792969,5.539999961853027,5.541200160980225,223956
2026-09-02 10:03:00-04:00,5.59499979019165,5.59499979019165,5.565000057220459,5.565000057220459,145133
2026-09-02 10:04:00-04:00,5.599999904632568,5.599999904632568,5.590000152587891,5.590000152587891,115062
2026-09-02 10:05:00-04:00,5.635000228881836,5.639999866485596,5.599999904632568,5.599999904632568,238434
2026-09-02 10:06:00-04:00,5.621200084686279,5.639999866485596,5.605000019073486,5.639900207519531,230246
2026-09-02 10:07:00-04:00,5.625,5.644999980926514,5.619999885559082,5.630000114440918,147842
2026-09-02 10:08:00-04:00,5.630000114440918,5.639999866485596,5.619999885559082,5.621099948883057,116432
2026-09-02 10:09:00-04:00,5.605000019073486,5.637499809265137,5.60230016708374,5.635000228881836,69380
2026-09-02 10:10:00-04:00,5.605000019073486,5.619999885559082,5.599999904632568,5.605000019073486,204608
2026-09-02 10:11:00-04:00,5.610000133514404,5.610000133514404,5.599999904632568,5.605000019073486,131356
2026-09-02 10:12:00-04:00,5.609899997711182,5.619999885559082,5.599999904632568,5.610000133514404,147985
2026-09-02 10:13:00-04:00,5.625,5.639999866485596,5.599999904632568,5.599999904632568,292554
2026-09-02 10:14:00-04:00,5.60099983215332,5.630000114440918,5.59499979019165,5.622399806976318,72672
2026-09-02 10:15:00-04:00,5.590000152587891,5.610000133514404,5.590000152587891,5.600100040435791,79235
2026-09-02 10:16:00-04:00,5.565000057220459,5.589900016784668,5.560999870300293,5.585000038146973,119977
2026-09-02 10:17:00-04:00,5.559999942779541,5.565000057220459,5.550000190734863,5.565000057220459,58930
2026-09-02 10:18:00-04:00,5.545000076293945,5.559999942779541,5.539999961853027,5.554999828338623,95243
2026-09-02 10:19:00-04:00,5.534999847412109,5.545000076293945,5.53000020980835,5.545000076293945,66995
2026-09-02 10:20:00-04:00,5.534999847412109,5.539899826049805,5.53000020980835,5.534999847412109,35329
2026-09-02 10:21:00-04:00,5.566199779510498,5.566199779510498,5.53000020980835,5.539999961853027,108518
2026-09-02 10:22:00-04:00,5.574999809265137,5.579899787902832,5.560100078582764,5.565000057220459,117453
2026-09-02 10:23:00-04:00,5.589900016784668,5.589900016784668,5.571199893951416,5.574999809265137,93337
2026-09-02 10:24:00-04:00,5.590000152587891,5.59499979019165,5.580100059509277,5.585000038146973,56367
2026-09-02 10:25:00-04:00,5.590000152587891,5.598800182342529,5.585000038146973,5.5904998779296875,78347
2026-09-02 10:26:00-04:00,5.585000038146973,5.590000152587891,5.579999923706055,5.5894999504089355,64770
2026-09-02 10:27:00-04:00,5.585000038146973,5.590000152587891,5.579999923706055,5.580100059509277,32175
2026-09-02 10:28:00-04:00,5.59499979019165,5.599899768829346,5.579999923706055,5.585000038146973,70404
2026-09-02 10:29:00-04:00,5.5914998054504395,5.599999904632568,5.590000152587891,5.599999904632568,26469
2026-09-02 10:30:00-04:00,5.579999923706055,5.590099811553955,5.570000171661377,5.590000152587891,117727
2026-09-02 10:31:00-04:00,5.570000171661377,5.579999923706055,5.570000171661377,5.574999809265137,55418
2026-09-02 10:32:00-04:00,5.574999809265137,5.585000038146973,5.570000171661377,5.574999809265137,77079
2026-09-02 10:33:00-04:00,5.574999809265137,5.579999923706055,5.570978164672852,5.574999809265137,21499
2026-09-02 10:34:00-04:00,5.579999923706055,5.579999923706055,5.570974826812744,5.574999809265137,23811
2026-09-02 10:35:00-04:00,5.59499979019165,5.59499979019165,5.571100234985352,5.579999923706055,78714
2026-09-02 10:36:00-04:00,5.592899799346924,5.610000133514404,5.590000152587891,5.590000152587891,93262
2026-09-02 10:37:00-04:00,5.599999904632568,5.599999904632568,5.585000038146973,5.59499979019165,58517
2026-09-02 10:38:00-04:00,5.59499979019165,5.599999904632568,5.590000152587891,5.59499979019165,75592
2026-09-02 10:39:00-04:00,5.605000019073486,5.614999771118164,5.59499979019165,5.599999904632568,79597
2026-09-02 10:40:00-04:00,5.614999771118164,5.619999885559082,5.590000152587891,5.605000019073486,118952
2026-09-02 10:41:00-04:00,5.619999885559082,5.625,5.599999904632568,5.614999771118164,158626
2026-09-02 10:42:00-04:00,5.600100040435791,5.630000114440918,5.599999904632568,5.621399879455566,121152
2026-09-02 10:43:00-04:00,5.612599849700928,5.614999771118164,5.605000019073486,5.605000019073486,51472
2026-09-02 10:44:00-04:00,5.605000019073486,5.619999885559082,5.605000019073486,5.614999771118164,41048
2026-09-02 10:45:00-04:00,5.599999904632568,5.614999771118164,5.599999904632568,5.605000019073486,70563
2026-09-02 10:46:00-04:00,5.605000019073486,5.606100082397461,5.59499979019165,5.599999904632568,56221
2026-09-02 10:47:00-04:00,5.59499979019165,5.600100040435791,5.591000080108643,5.599999904632568,21999
2026-09-02 10:48:00-04:00,5.612100124359131,5.614999771118164,5.590000152587891,5.59499979019165,125019
2026-09-02 10:49:00-04:00,5.614999771118164,5.614999771118164,5.610000133514404,5.614999771118164,10609
2026-09-02 10:50:00-04:00,5.610000133514404,5.619999885559082,5.610000133514404,5.614999771118164,57960
2026-09-02 10:51:00-04:00,5.610000133514404,5.619999885559082,5.605000019073486,5.605000019073486,102295
2026-09-02 10:52:00-04:00,5.614999771118164,5.619999885559082,5.610000133514404,5.614999771118164,23168
2026-09-02 10:53:00-04:00,5.619999885559082,5.619999885559082,5.605000019073486,5.614999771118164,109389
2026-09-02 10:54:00-04:00,5.618800163269043,5.630000114440918,5.614999771118164,5.619999885559082,145719
2026-09-02 10:55:00-04:00,5.614999771118164,5.619999885559082,5.610000133514404,5.619999885559082,29834
2026-09-02 10:56:00-04:00,5.614999771118164,5.618800163269043,5.605000019073486,5.611199855804443,130094
2026-09-02 10:57:00-04:00,5.614999771118164,5.619999885559082,5.610000133514404,5.610000133514404,19764
2026-09-02 10:58:00-04:00,5.614999771118164,5.619900226593018,5.610000133514404,5.614999771118164,12340
2026-09-02 10:59:00-04:00,5.614999771118164,5.619999885559082,5.610000133514404,5.614999771118164,47092
2026-09-02 11:00:00-04:00,5.599999904632568,5.614999771118164,5.599999904632568,5.614999771118164,124210
2026-09-02 11:01:00-04:00,5.59499979019165,5.599899768829346,5.590099811553955,5.59499979019165,50635
2026-09-02 11:02:00-04:00,5.590000152587891,5.599999904632568,5.585000038146973,5.59499979019165,95626
2026-09-02 11:03:00-04:00,5.589000225067139,5.590000152587891,5.579999923706055,5.579999923706055,25028
2026-09-02 11:04:00-04:00,5.585000038146973,5.589900016784668,5.579999923706055,5.585000038146973,24525
2026-09-02 11:05:00-04:00,5.59119987487793,5.59499979019165,5.579999923706055,5.584000110626221,48965
2026-09-02 11:06:00-04:00,5.59499979019165,5.599999904632568,5.5914998054504395,5.598299980163574,48375
2026-09-02 11:07:00-04:00,5.585000038146973,5.59499979019165,5.579999923706055,5.59499979019165,67438
2026-09-02 11:08:00-04:00,5.574999809265137,5.585000038146973,5.570000171661377,5.581200122833252,75661
2026-09-02 11:09:00-04:00,5.570099830627441,5.579999923706055,5.570000171661377,5.579999923706055,81605
2026-09-02 11:10:00-04:00,5.568999767303467,5.574999809265137,5.559999942779541,5.570000171661377,54760
2026-09-02 11:11:00-04:00,5.579999923706055,5.590000152587891,5.561299800872803,5.568999767303467,115302
2026-09-02 11:12:00-04:00,5.574999809265137,5.589900016784668,5.574999809265137,5.585000038146973,40275
2026-09-02 11:13:00-04:00,5.574999809265137,5.579999923706055,5.570099830627441,5.574999809265137,32493
2026-09-02 11:14:00-04:00,5.574999809265137,5.579999923706055,5.570000171661377,5.574999809265137,15396
2026-09-02 11:15:00-04:00,5.574999809265137,5.579999923706055,5.570000171661377,5.579999923706055,29393
2026-09-02 11:16:00-04:00,5.574999809265137,5.574999809265137,5.570000171661377,5.574999809265137,9572
2026-09-02 11:17:00-04:00,5.574999809265137,5.579999923706055,5.570000171661377,5.574999809265137,49542
2026-09-02 11:18:00-04:00,5.589700222015381,5.590000152587891,5.574999809265137,5.579500198364258,28039
2026-09-02 11:19:00-04:00,5.59499979019165,5.599999904632568,5.579999923706055,5.585000038146973,96479
2026-09-02 11:20:00-04:00,5.59499979019165,5.599999904632568,5.591000080108643,5.593900203704834,14782
2026-09-02 11:21:00-04:00,5.59499979019165,5.59499979019165,5.590000152587891,5.590000152587891,29369
2026-09-02 11:22:00-04:00,5.59499979019165,5.598800182342529,5.59499979019165,5.598800182342529,9429
2026-09-02 11:23:00-04:00,5.59499979019165,5.599999904632568,5.590000152587891,5.59499979019165,17108
2026-09-02 11:24:00-04:00,5.59499979019165,5.59499979019165,5.590000152587891,5.59499979019165,18683
2026-09-02 11:25:00-04:00,5.59499979019165,5.59499979019165,5.590000152587891,5.59499979019165,25586
2026-09-02 11:26:00-04:00,5.59499979019165,5.59499979019165,5.590000152587891,5.59499979019165,19872
2026-09-02 11:27:00-04:00,5.599999904632568,5.599999904632568,5.590000152587891,5.59499979019165,88858
2026-09-02 11:28:00-04:00,5.591000080108643,5.605000019073486,5.590000152587891,5.59499979019165,131042
2026-09-02 11:29:00-04:00,5.59499979019165,5.599999904632568,5.590000152587891,5.59499979019165,17478
2026-09-02 11:30:00-04:00,5.574999809265137,5.59499979019165,5.570000171661377,5.590000152587891,109816
2026-09-02 11:31:00-04:00,5.579999923706055,5.589000225067139,5.565000057220459,5.571000099182129,146022
2026-09-02 11:32:00-04:00,5.579999923706055,5.585000038146973,5.579999923706055,5.580999851226807,23736
2026-09-02 11:33:00-04:00,5.570000171661377,5.581500053405762,5.570000171661377,5.580100059509277,34888
2026-09-02 11:34:00-04:00,5.570000171661377,5.574999809265137,5.570000171661377,5.571199893951416,24341
2026-09-02 11:35:00-04:00,5.570000171661377,5.578800201416016,5.559999942779541,5.570000171661377,80445
2026-09-02 11:36:00-04:00,5.574999809265137,5.574999809265137,5.570000171661377,5.574999809265137,6973
2026-09-02 11:37:00-04:00,5.570000171661377,5.574999809265137,5.570000171661377,5.570000171661377,5401
2026-09-02 11:38:00-04:00,5.565000057220459,5.574999809265137,5.561200141906738,5.574999809265137,40068
2026-09-02 11:39:00-04:00,5.584099769592285,5.585000038146973,5.565000057220459,5.56850004196167,78375
2026-09-02 11:40:00-04:00,5.587600231170654,5.590000152587891,5.579999923706055,5.585000038146973,46386
2026-09-02 11:41:00-04:00,5.59499979019165,5.605000019073486,5.585000038146973,5.585000038146973,169893
2026-09-02 11:42:00-04:00,5.599899768829346,5.599999904632568,5.591000080108643,5.598499774932861,48480
2026-09-02 11:43:00-04:00,5.599999904632568,5.599999904632568,5.59499979019165,5.598700046539307,13668
2026-09-02 11:44:00-04:00,5.59499979019165,5.599899768829346,5.590000152587891,5.599899768829346,62858
2026-09-02 11:45:00-04:00,5.579999923706055,5.59499979019165,5.579999923706055,5.59499979019165,53035
2026-09-02 11:46:00-04:00,5.571100234985352,5.585000038146973,5.570000171661377,5.580999851226807,88503
2026-09-02 11:47:00-04:00,5.585000038146973,5.590000152587891,5.570000171661377,5.570000171661377,63999
2026-09-02 11:48:00-04:00,5.585000038146973,5.585000038146973,5.580100059509277,5.585000038146973,22452
2026-09-02 11:49:00-04:00,5.59499979019165,5.59499979019165,5.579999923706055,5.579999923706055,49920
2026-09-02 11:50:00-04:00,5.585000038146973,5.59499979019165,5.579999923706055,5.590000152587891,41367
2026-09-02 11:51:00-04:00,5.585000038146973,5.590000152587891,5.579999923706055,5.589799880981445,17645
2026-09-02 11:52:00-04:00,5.589399814605713,5.590000152587891,5.585000038146973,5.585000038146973,25794
2026-09-02 11:53:00-04:00,5.574999809265137,5.590000152587891,5.570000171661377,5.585000038146973,104411
2026-09-02 11:54:00-04:00,5.574999809265137,5.579999923706055,5.570000171661377,5.570000171661377,29809
2026-09-02 11:55:00-04:00,5.574999809265137,5.574999809265137,5.570300102233887,5.574999809265137,4035
2026-09-02 11:56:00-04:00,5.579999923706055,5.579999923706055,5.570000171661377,5.570000171661377,7405
2026-09-02 11:57:00-04:00,5.579999923706055,5.579999923706055,5.571000099182129,5.574999809265137,36340
2026-09-02 11:58:00-04:00,5.579999923706055,5.58620023727417,5.570000171661377,5.579899787902832,113753
2026-09-02 11:59:00-04:00,5.580100059509277,5.585000038146973,5.579999923706055,5.579999923706055,48290
2026-09-02 12:00:00-04:00,5.582799911499023,5.585000038146973,5.571100234985352,5.579999923706055,96781
2026-09-02 12:01:00-04:00,5.585000038146973,5.590000152587891,5.579999923706055,5.581200122833252,110884
2026-09-02 12:02:00-04:00,5.59499979019165,5.59499979019165,5.585000038146973,5.585000038146973,113530
2026-09-02 12:03:00-04:00,5.585000038146973,5.59499979019165,5.579999923706055,5.594099998474121,54222
2026-09-02 12:04:00-04:00,5.585000038146973,5.585000038146973,5.585000038146973,5.585000038146973,5179
2026-09-02 12:05:00-04:00,5.574999809265137,5.585000038146973,5.571199893951416,5.585000038146973,23766
2026-09-02 12:06:00-04:00,5.574999809265137,5.577899932861328,5.574999809265137,5.577899932861328,9970
2026-09-02 12:07:00-04:00,5.578800201416016,5.579999923706055,5.570000171661377,5.579999923706055,21480
2026-09-02 12:08:00-04:00,5.579599857330322,5.585000038146973,5.570000171661377,5.574999809265137,116147
2026-09-02 12:09:00-04:00,5.585000038146973,5.590000152587891,5.570000171661377,5.574999809265137,212454
2026-09-02 12:10:00-04:00,5.590000152587891,5.59499979019165,5.579999923706055,5.585000038146973,117653
2026-09-02 12:11:00-04:00,5.599999904632568,5.599999904632568,5.590000152587891,5.599999904632568,33952
2026-09-02 12:12:00-04:00,5.599899768829346,5.599999904632568,5.590000152587891,5.590000152587891,59984
2026-09-02 12:13:00-04:00,5.59499979019165,5.599999904632568,5.590000152587891,5.590000152587891,29023
2026-09-02 12:14:00-04:00,5.599999904632568,5.599999904632568,5.590000152587891,5.590000152587891,7553
2026-09-02 12:15:00-04:00,5.600500106811523,5.610000133514404,5.590000152587891,5.59499979019165,108926
2026-09-02 12:16:00-04:00,5.605000019073486,5.610000133514404,5.59499979019165,5.600299835205078,62712
2026-09-02 12:17:00-04:00,5.599999904632568,5.610000133514404,5.590000152587891,5.610000133514404,127399
2026-09-02 12:18:00-04:00,5.590000152587891,5.610000133514404,5.590000152587891,5.599999904632568,19064
2026-09-02 12:19:00-04:00,5.59119987487793,5.59499979019165,5.590000152587891,5.590099811553955,22679
2026-09-02 12:20:00-04:00,5.580100059509277,5.599999904632568,5.579999923706055,5.59499979019165,79208
2026-09-02 12:21:00-04:00,5.585000038146973,5.590000152587891,5.579999923706055,5.579999923706055,35038
2026-09-02 12:22:00-04:00,5.582499980926514,5.590000152587891,5.579999923706055,5.585000038146973,60695
2026-09-02 12:23:00-04:00,5.574999809265137,5.585000038146973,5.574999809265137,5.585000038146973,102106
2026-09-02 12:24:00-04:00,5.579999923706055,5.585000038146973,5.570000171661377,5.574999809265137,134985
2026-09-02 12:25:00-04:00,5.585000038146973,5.590000152587891,5.579999923706055,5.585000038146973,40846
2026-09-02 12:26:00-04:00,5.59499979019165,5.59499979019165,5.579999923706055,5.585000038146973,30582
2026-09-02 12:27:00-04:00,5.590000152587891,5.59499979019165,5.590000152587891,5.59499979019165,36621
2026-09-02 12:28:00-04:00,5.59499979019165,5.59499979019165,5.5904998779296875,5.59499979019165,18808
2026-09-02 12:29:00-04:00,5.590000152587891,5.599999904632568,5.590000152587891,5.599999904632568,27522
2026-09-02 12:30:00-04:00,5.605000019073486,5.610000133514404,5.599999904632568,5.599999904632568,47319
2026-09-02 12:31:00-04:00,5.605000019073486,5.610000133514404,5.599999904632568,5.599999904632568,15510
2026-09-02 12:32:00-04:00,5.605000019073486,5.610000133514404,5.599999904632568,5.605000019073486,13775
2026-09-02 12:33:00-04:00,5.610000133514404,5.610000133514404,5.605000019073486,5.605000019073486,8574
2026-09-02 12:34:00-04:00,5.605000019073486,5.607500076293945,5.600500106811523,5.605000019073486,10883
2026-09-02 12:35:00-04:00,5.602499961853027,5.609899997711182,5.599999904632568,5.605000019073486,39349
2026-09-02 12:36:00-04:00,5.602499961853027,5.605000019073486,5.599999904632568,5.600100040435791,24670
2026-09-02 12:37:00-04:00,5.610000133514404,5.610000133514404,5.599999904632568,5.599999904632568,58997
2026-09-02 12:38:00-04:00,5.610000133514404,5.610000133514404,5.599999904632568,5.599999904632568,12767
2026-09-02 12:39:00-04:00,5.605000019073486,5.610000133514404,5.599999904632568,5.600100040435791,8080
2026-09-02 12:40:00-04:00,5.605000019073486,5.610000133514404,5.599999904632568,5.605000019073486,23995
2026-09-02 12:41:00-04:00,5.590099811553955,5.599999904632568,5.590000152587891,5.599999904632568,74020
2026-09-02 12:42:00-04:00,5.590099811553955,5.599999904632568,5.590000152587891,5.590000152587891,41595
2026-09-02 12:43:00-04:00,5.59499979019165,5.599999904632568,5.590000152587891,5.593800067901611,59384
2026-09-02 12:44:00-04:00,5.598800182342529,5.599999904632568,5.590000152587891,5.591300010681152,71177
2026-09-02 12:45:00-04:00,5.605000019073486,5.610000133514404,5.59499979019165,5.59499979019165,67526
2026-09-02 12:46:00-04:00,5.605000019073486,5.614999771118164,5.605000019073486,5.610000133514404,44119
2026-09-02 12:47:00-04:00,5.605000019073486,5.610000133514404,5.60129976272583,5.605000019073486,4527
2026-09-02 12:48:00-04:00,5.607500076293945,5.610000133514404,5.599999904632568,5.605000019073486,36288
2026-09-02 12:49:00-04:00,5.614999771118164,5.619999885559082,5.601200103759766,5.607500076293945,79453
2026-09-02 12:50:00-04:00,5.610000133514404,5.619999885559082,5.599999904632568,5.611400127410889,69017
2026-09-02 12:51:00-04:00,5.619999885559082,5.619999885559082,5.610000133514404,5.614999771118164,17154
2026-09-02 12:52:00-04:00,5.622600078582764,5.630000114440918,5.610000133514404,5.614999771118164,89099
2026-09-02 12:53:00-04:00,5.635000228881836,5.635000228881836,5.619999885559082,5.625,68836
2026-09-02 12:54:00-04:00,5.625,5.639999866485596,5.625,5.635000228881836,95189
2026-09-02 12:55:00-04:00,5.619999885559082,5.635000228881836,5.619999885559082,5.630000114440918,76769
2026-09-02 12:56:00-04:00,5.630000114440918,5.630000114440918,5.619999885559082,5.625,62045
2026-09-02 12:57:00-04:00,5.620100021362305,5.630000114440918,5.619999885559082,5.619999885559082,15195
2026-09-02 12:58:00-04:00,5.625,5.630000114440918,5.620999813079834,5.630000114440918,18900
2026-09-02 12:59:00-04:00,5.625,5.625,5.619999885559082,5.620100021362305,48326
2026-09-02 13:00:00-04:00,5.625,5.630000114440918,5.619999885559082,5.619999885559082,24614
2026-09-02 13:01:00-04:00,5.619999885559082,5.629899978637695,5.619999885559082,5.629899978637695,6953
2026-09-02 13:02:00-04:00,5.614999771118164,5.620500087738037,5.614999771118164,5.619999885559082,57234
2026-09-02 13:03:00-04:00,5.625,5.639999866485596,5.614999771118164,5.619999885559082,273010
2026-09-02 13:04:00-04:00,5.63100004196167,5.638500213623047,5.630000114440918,5.630000114440918,40812
2026-09-02 13:05:00-04:00,5.650000095367432,5.650000095367432,5.619999885559082,5.639999866485596,247198
2026-09-02 13:06:00-04:00,5.659999847412109,5.669899940490723,5.644999980926514,5.650000095367432,354301
2026-09-02 13:07:00-04:00,5.658599853515625,5.670000076293945,5.65500020980835,5.664999961853027,90233
2026-09-02 13:08:00-04:00,5.650000095367432,5.659999847412109,5.650000095367432,5.659999847412109,46000
2026-09-02 13:09:00-04:00,5.650000095367432,5.659999847412109,5.650000095367432,5.65500020980835,23674
2026-09-02 13:10:00-04:00,5.657199859619141,5.659999847412109,5.650000095367432,5.65500020980835,12532
2026-09-02 13:11:00-04:00,5.650000095367432,5.659999847412109,5.650000095367432,5.65500020980835,16595
2026-09-02 13:12:00-04:00,5.657700061798096,5.659999847412109,5.650000095367432,5.650000095367432,18062
2026-09-02 13:13:00-04:00,5.644999980926514,5.659999847412109,5.644999980926514,5.65500020980835,142232
2026-09-02 13:14:00-04:00,5.644999980926514,5.650000095367432,5.639999866485596,5.644999980926514,84188
2026-09-02 13:15:00-04:00,5.644999980926514,5.644999980926514,5.639999866485596,5.644999980926514,12299
2026-09-02 13:16:00-04:00,5.65749979019165,5.659999847412109,5.639999866485596,5.639999866485596,132136
2026-09-02 13:17:00-04:00,5.659999847412109,5.670000076293945,5.650100231170654,5.6585001945495605,110101
2026-09-02 13:18:00-04:00,5.651000022888184,5.659999847412109,5.650000095367432,5.652299880981445,32761
2026-09-02 13:19:00-04:00,5.659999847412109,5.659999847412109,5.650000095367432,5.650000095367432,57220
2026-09-02 13:20:00-04:00,5.65500020980835,5.659999847412109,5.650000095367432,5.651500225067139,35491
2026-09-02 13:21:00-04:00,5.659900188446045,5.659999847412109,5.650000095367432,5.659999847412109,87440
2026-09-02 13:22:00-04:00,5.659999847412109,5.670000076293945,5.650000095367432,5.650000095367432,82861
2026-09-02 13:23:00-04:00,5.664999961853027,5.675000190734863,5.659999847412109,5.659999847412109,113779
2026-09-02 13:24:00-04:00,5.664999961853027,5.670000076293945,5.664999961853027,5.670000076293945,27749
2026-09-02 13:25:00-04:00,5.670000076293945,5.670000076293945,5.659999847412109,5.664999961853027,59370
2026-09-02 13:26:00-04:00,5.675000190734863,5.679999828338623,5.659999847412109,5.664999961853027,141418
2026-09-02 13:27:00-04:00,5.664999961853027,5.679999828338623,5.659999847412109,5.679999828338623,55079
2026-09-02 13:28:00-04:00,5.664999961853027,5.670000076293945,5.659999847412109,5.664999961853027,89878
2026-09-02 13:29:00-04:00,5.670000076293945,5.670000076293945,5.660099983215332,5.669899940490723,32955
2026-09-02 13:30:00-04:00,5.670000076293945,5.670000076293945,5.6605000495910645,5.670000076293945,36020
2026-09-02 13:31:00-04:00,5.670000076293945,5.670000076293945,5.659999847412109,5.664999961853027,21097
2026-09-02 13:32:00-04:00,5.65500020980835,5.670000076293945,5.65500020980835,5.670000076293945,79389
2026-09-02 13:33:00-04:00,5.650000095367432,5.659999847412109,5.650000095367432,5.65500020980835,34832
2026-09-02 13:34:00-04:00,5.65500020980835,5.659999847412109,5.650000095367432,5.659999847412109,58690
2026-09-02 13:35:00-04:00,5.659999847412109,5.659999847412109,5.651100158691406,5.659900188446045,29026
2026-09-02 13:36:00-04:00,5.65500020980835,5.659999847412109,5.650000095367432,5.65500020980835,76958
2026-09-02 13:37:00-04:00,5.6519999504089355,5.659999847412109,5.650000095367432,5.650199890136719,25129
2026-09-02 13:38:00-04:00,5.65500020980835,5.65500020980835,5.650100231170654,5.65500020980835,8122
2026-09-02 13:39:00-04:00,5.65500020980835,5.65500020980835,5.6539998054504395,5.6539998054504395,13215
2026-09-02 13:40:00-04:00,5.640999794006348,5.65500020980835,5.640999794006348,5.65500020980835,95028
2026-09-02 13:41:00-04:00,5.649799823760986,5.650000095367432,5.639999866485596,5.644999980926514,109846
2026-09-02 13:42:00-04:00,5.648799896240234,5.650000095367432,5.639999866485596,5.644999980926514,35177
2026-09-02 13:43:00-04:00,5.644999980926514,5.650000095367432,5.639999866485596,5.644999980926514,26754
2026-09-02 13:44:00-04:00,5.644999980926514,5.644999980926514,5.639999866485596,5.640399932861328,37179
2026-09-02 13:45:00-04:00,5.644999980926514,5.644999980926514,5.639999866485596,5.640900135040283,16411
2026-09-02 13:46:00-04:00,5.630000114440918,5.650000095367432,5.630000114440918,5.644999980926514,57047
2026-09-02 13:47:00-04:00,5.641200065612793,5.641200065612793,5.630000114440918,5.630300045013428,36051
2026-09-02 13:48:00-04:00,5.65500020980835,5.658999919891357,5.639999866485596,5.644999980926514,46776
2026-09-02 13:49:00-04:00,5.650199890136719,5.65500020980835,5.650000095367432,5.65500020980835,15779
2026-09-02 13:50:00-04:00,5.65500020980835,5.659999847412109,5.65500020980835,5.65500020980835,8678
2026-09-02 13:51:00-04:00,5.650000095367432,5.659900188446045,5.650000095367432,5.65500020980835,12111
2026-09-02 13:52:00-04:00,5.65500020980835,5.659999847412109,5.651199817657471,5.659999847412109,9326
2026-09-02 13:53:00-04:00,5.659999847412109,5.659999847412109,5.650000095367432,5.657100200653076,72259
2026-09-02 13:54:00-04:00,5.664999961853027,5.670000076293945,5.659999847412109,5.659999847412109,88516
2026-09-02 13:55:00-04:00,5.659999847412109,5.664999961853027,5.659999847412109,5.659999847412109,48444
2026-09-02 13:56:00-04:00,5.670000076293945,5.670000076293945,5.659999847412109,5.664999961853027,66528
2026-09-02 13:57:00-04:00,5.672399997711182,5.679999828338623,5.659999847412109,5.664999961853027,135004
2026-09-02 13:58:00-04:00,5.679999828338623,5.679999828338623,5.670000076293945,5.675000190734863,42823
2026-09-02 13:59:00-04:00,5.675000190734863,5.679999828338623,5.671000003814697,5.675000190734863,6967
2026-09-02 14:00:00-04:00,5.664999961853027,5.675000190734863,5.664999961853027,5.670000076293945,55811
2026-09-02 14:01:00-04:00,5.670000076293945,5.679999828338623,5.664999961853027,5.664999961853027,93805
2026-09-02 14:02:00-04:00,5.675000190734863,5.679999828338623,5.670000076293945,5.670000076293945,39618
2026-09-02 14:03:00-04:00,5.675000190734863,5.690000057220459,5.675000190734863,5.675000190734863,69776
2026-09-02 14:04:00-04:00,5.675000190734863,5.679999828338623,5.670000076293945,5.6717000007629395,33535
2026-09-02 14:05:00-04:00,5.659999847412109,5.675000190734863,5.659999847412109,5.675000190734863,86277
2026-09-02 14:06:00-04:00,5.6616997718811035,5.670000076293945,5.659999847412109,5.670000076293945,25508
2026-09-02 14:07:00-04:00,5.664999961853027,5.670000076293945,5.661799907684326,5.670000076293945,28977
2026-09-02 14:08:00-04:00,5.670000076293945,5.670000076293945,5.664999961853027,5.668000221252441,13477
2026-09-02 14:09:00-04:00,5.670000076293945,5.679999828338623,5.659999847412109,5.664999961853027,49195
2026-09-02 14:10:00-04:00,5.670000076293945,5.679900169372559,5.670000076293945,5.671299934387207,42784
2026-09-02 14:11:00-04:00,5.679999828338623,5.679999828338623,5.670000076293945,5.675000190734863,17079
2026-09-02 14:12:00-04:00,5.670000076293945,5.675000190734863,5.659999847412109,5.675000190734863,78692
2026-09-02 14:13:00-04:00,5.678100109100342,5.679999828338623,5.670000076293945,5.670000076293945,31201
2026-09-02 14:14:00-04:00,5.678800106048584,5.679500102996826,5.670000076293945,5.677999973297119,12687
2026-09-02 14:15:00-04:00,5.677499771118164,5.679900169372559,5.670000076293945,5.679900169372559,9119
2026-09-02 14:16:00-04:00,5.675000190734863,5.679999828338623,5.670000076293945,5.675000190734863,12063
2026-09-02 14:17:00-04:00,5.678999900817871,5.679999828338623,5.675000190734863,5.679999828338623,65345
2026-09-02 14:18:00-04:00,5.684999942779541,5.690000057220459,5.670100212097168,5.6753997802734375,32103
2026-09-02 14:19:00-04:00,5.690000057220459,5.690000057220459,5.679999828338623,5.684999942779541,18431
2026-09-02 14:20:00-04:00,5.675000190734863,5.690000057220459,5.675000190734863,5.690000057220459,57057
2026-09-02 14:21:00-04:00,5.684999942779541,5.689000129699707,5.679999828338623,5.679999828338623,47463
2026-09-02 14:22:00-04:00,5.679999828338623,5.690000057220459,5.679999828338623,5.684999942779541,44081
2026-09-02 14:23:00-04:00,5.695000171661377,5.699999809265137,5.684999942779541,5.690000057220459,148840
2026-09-02 14:24:00-04:00,5.690100193023682,5.699999809265137,5.690000057220459,5.699999809265137,39712
2026-09-02 14:25:00-04:00,5.680500030517578,5.699999809265137,5.679999828338623,5.691199779510498,39003
2026-09-02 14:26:00-04:00,5.679999828338623,5.690000057220459,5.679999828338623,5.684999942779541,34907
2026-09-02 14:27:00-04:00,5.684999942779541,5.690000057220459,5.679999828338623,5.681399822235107,24575
2026-09-02 14:28:00-04:00,5.670000076293945,5.684999942779541,5.670000076293945,5.68149995803833,289819
2026-09-02 14:29:00-04:00,5.683800220489502,5.684999942779541,5.670000076293945,5.675000190734863,65009
2026-09-02 14:30:00-04:00,5.6875,5.6875,5.679999828338623,5.684999942779541,49717
2026-09-02 14:31:00-04:00,5.680099964141846,5.690000057220459,5.679999828338623,5.68120002746582,95221
2026-09-02 14:32:00-04:00,5.675000190734863,5.690000057220459,5.671000003814697,5.680099964141846,90143
2026-09-02 14:33:00-04:00,5.670000076293945,5.675000190734863,5.670000076293945,5.675000190734863,13085
2026-09-02 14:34:00-04:00,5.670000076293945,5.675000190734863,5.670000076293945,5.670499801635742,23825
2026-09-02 14:35:00-04:00,5.664999961853027,5.670000076293945,5.661200046539307,5.670000076293945,74427
2026-09-02 14:36:00-04:00,5.664999961853027,5.664999961853027,5.659999847412109,5.66480016708374,11673
2026-09-02 14:37:00-04:00,5.664999961853027,5.664999961853027,5.664999961853027,5.664999961853027,5670
2026-09-02 14:38:00-04:00,5.669000148773193,5.669000148773193,5.659999847412109,5.659999847412109,5282
2026-09-02 14:39:00-04:00,5.662700176239014,5.664999961853027,5.659999847412109,5.659999847412109,8020
2026-09-02 14:40:00-04:00,5.659999847412109,5.664999961853027,5.659999847412109,5.659999847412109,15064
2026-09-02 14:41:00-04:00,5.65500020980835,5.664999961853027,5.65500020980835,5.664999961853027,98988
2026-09-02 14:42:00-04:00,5.650000095367432,5.659999847412109,5.650000095367432,5.659999847412109,27661
2026-09-02 14:43:00-04:00,5.650100231170654,5.65500020980835,5.650000095367432,5.652500152587891,57071
2026-09-02 14:44:00-04:00,5.65500020980835,5.659999847412109,5.650000095367432,5.659999847412109,8245
2026-09-02 14:45:00-04:00,5.659999847412109,5.659999847412109,5.650000095367432,5.650000095367432,47938
2026-09-02 14:46:00-04:00,5.652599811553955,5.659999847412109,5.650000095367432,5.659999847412109,48157
2026-09-02 14:47:00-04:00,5.639999866485596,5.650000095367432,5.639999866485596,5.650000095367432,44429
2026-09-02 14:48:00-04:00,5.639900207519531,5.639999866485596,5.635000228881836,5.639999866485596,88789
2026-09-02 14:49:00-04:00,5.639400005340576,5.639999866485596,5.630000114440918,5.635000228881836,43318
2026-09-02 14:50:00-04:00,5.635000228881836,5.639999866485596,5.630000114440918,5.639999866485596,12549
2026-09-02 14:51:00-04:00,5.635000228881836,5.639999866485596,5.630000114440918,5.637899875640869,12598
2026-09-02 14:52:00-04:00,5.630000114440918,5.639999866485596,5.630000114440918,5.635000228881836,77638
2026-09-02 14:53:00-04:00,5.619999885559082,5.635000228881836,5.619999885559082,5.630000114440918,0
2026-09-02 14:54:00-04:00,5.625,5.630000114440918,5.619999885559082,5.629000186920166,33211
2026-09-02 14:55:00-04:00,5.619999885559082,5.630000114440918,5.619999885559082,5.625,51377
2026-09-02 14:56:00-04:00,5.619999885559082,5.630000114440918,5.619999885559082,5.619999885559082,18865
2026-09-02 14:57:00-04:00,5.620200157165527,5.630000114440918,5.619999885559082,5.621200084686279,47495
2026-09-02 14:58:00-04:00,5.625,5.630000114440918,5.619999885559082,5.619999885559082,35126
2026-09-02 14:59:00-04:00,5.625,5.630000114440918,5.619999885559082,5.619999885559082,26982
2026-09-02 15:00:00-04:00,5.639999866485596,5.639999866485596,5.625,5.625,57820
2026-09-02 15:01:00-04:00,5.635000228881836,5.636199951171875,5.625,5.636199951171875,97075
2026-09-02 15:02:00-04:00,5.635000228881836,5.635000228881836,5.630000114440918,5.63129997253418,19886
2026-09-02 15:03:00-04:00,5.630000114440918,5.639999866485596,5.630000114440918,5.635000228881836,19544
2026-09-02 15:04:00-04:00,5.638999938964844,5.639999866485596,5.630000114440918,5.635000228881836,28713
2026-09-02 15:05:00-04:00,5.635000228881836,5.639999866485596,5.630000114440918,5.639800071716309,18906
2026-09-02 15:06:00-04:00,5.635000228881836,5.638800144195557,5.630000114440918,5.638800144195557,27110
2026-09-02 15:07:00-04:00,5.639999866485596,5.639999866485596,5.630000114440918,5.635000228881836,38642
2026-09-02 15:08:00-04:00,5.639999866485596,5.639999866485596,5.639999866485596,5.639999866485596,0
