Price,Close,High,Low,Open,Volume
Ticker,SNOW,SNOW,SNOW,SNOW,SNOW
Datetime,,,,,
2026-08-27 09:30:00-04:00,322.3599853515625,323.0,320.0,322.5,124920
2026-08-27 09:31:00-04:00,322.3900146484375,323.1449890136719,321.1099853515625,322.3599853515625,17463
2026-08-27 09:32:00-04:00,323.4200134277344,325.1199951171875,322.6050109863281,323.7099914550781,26594
2026-08-27 09:33:00-04:00,322.3699951171875,324.2591857910156,322.3699951171875,324.1000061035156,17473
2026-08-27 09:34:00-04:00,324.56500244140625,324.56500244140625,321.6099853515625,322.625,12719
2026-08-27 09:35:00-04:00,325.0150146484375,325.81988525390625,324.1400146484375,324.56500244140625,9071
2026-08-27 09:36:00-04:00,326.07000732421875,326.4700012207031,324.29998779296875,325.0151062011719,18901
2026-08-27 09:37:00-04:00,325.5400085449219,326.07501220703125,323.7099914550781,326.07501220703125,13354
2026-08-27 09:38:00-04:00,327.0,327.0,325.9599914550781,326.1300048828125,14154
2026-08-27 09:39:00-04:00,326.4200134277344,327.0199890136719,325.5199890136719,327.0199890136719,9877
2026-08-27 09:40:00-04:00,327.3041076660156,327.5899963378906,326.30999755859375,326.7850036621094,18725
2026-08-27 09:41:00-04:00,326.9100036621094,328.0050048828125,326.1400146484375,326.68499755859375,45532
2026-08-27 09:42:00-04:00,326.1499938964844,326.82501220703125,325.57000732421875,326.1698913574219,21979
2026-08-27 09:43:00-04:00,326.8699951171875,327.6549987792969,325.79998779296875,325.79998779296875,11908
2026-08-27 09:44:00-04:00,328.5299987792969,328.8699951171875,326.19000244140625,326.875,17895
2026-08-27 09:45:00-04:00,326.20001220703125,328.4750061035156,325.8299865722656,328.2699890136719,18062
2026-08-27 09:46:00-04:00,325.0199890136719,326.3500061035156,325.0,326.3299865722656,17876
2026-08-27 09:47:00-04:00,324.5899963378906,325.46429443359375,324.5899963378906,324.9849853515625,8810
2026-08-27 09:48:00-04:00,326.5299987792969,327.1600036621094,324.8475036621094,324.8475036621094,12341
2026-08-27 09:49:00-04:00,328.7283020019531,328.7283020019531,326.5400085449219,326.9540100097656,33839
2026-08-27 09:50:00-04:00,328.489990234375,329.7900085449219,328.489990234375,328.7200012207031,14451
2026-08-27 09:51:00-04:00,330.010009765625,330.4200134277344,328.489990234375,329.1300048828125,44891
2026-08-27 09:52:00-04:00,330.614990234375,330.856689453125,329.41009521484375,330.2449951171875,20516
2026-08-27 09:53:00-04:00,330.4750061035156,331.20001220703125,330.0899963378906,330.614990234375,33457
2026-08-27 09:54:00-04:00,329.2799987792969,330.989990234375,329.1300048828125,330.5150146484375,7881
2026-08-27 09:55:00-04:00,329.0,330.489990234375,328.8399963378906,330.489990234375,6082
2026-08-27 09:56:00-04:00,328.3399963378906,329.57000732421875,328.32000732421875,328.989501953125,9033
2026-08-27 09:57:00-04:00,328.635009765625,328.6400146484375,327.80499267578125,328.30999755859375,5392
2026-08-27 09:58:00-04:00,328.385009765625,329.2200012207031,328.0799865722656,328.7900085449219,19005
2026-08-27 09:59:00-04:00,328.95001220703125,329.7298889160156,328.7850036621094,329.44989013671875,11071
2026-08-27 10:00:00-04:00,329.875,330.0,329.05499267578125,329.239990234375,16537
2026-08-27 10:01:00-04:00,330.3599853515625,330.6549987792969,329.6499938964844,330.46990966796875,11109
2026-08-27 10:02:00-04:00,331.1300048828125,331.29998779296875,330.2200012207031,330.4849853515625,22169
2026-08-27 10:03:00-04:00,331.1300048828125,331.1400146484375,330.07000732421875,331.1199951171875,12637
2026-08-27 10:04:00-04:00,329.8399963378906,331.1400146484375,329.7200012207031,331.1400146484375,11468
2026-08-27 10:05:00-04:00,330.45001220703125,330.45001220703125,329.1300964355469,330.1600036621094,7288
2026-08-27 10:06:00-04:00,330.3349914550781,330.6300048828125,330.239990234375,330.44000244140625,11599
2026-08-27 10:07:00-04:00,330.3599853515625,330.5,330.0,330.2099914550781,14589
2026-08-27 10:08:00-04:00,329.4800109863281,330.3699951171875,329.2449951171875,330.3699951171875,8545
2026-08-27 10:09:00-04:00,329.6099853515625,330.0,329.1050109863281,329.54998779296875,9789
2026-08-27 10:10:00-04:00,329.7799987792969,330.05999755859375,329.4150085449219,329.4599914550781,4712
2026-08-27 10:11:00-04:00,330.1700134277344,330.3999938964844,329.5299987792969,330.05999755859375,18546
2026-08-27 10:12:00-04:00,332.7799987792969,333.0849914550781,330.42999267578125,330.42999267578125,46211
2026-08-27 10:13:00-04:00,332.3500061035156,333.3599853515625,331.8900146484375,332.7699890136719,30028
2026-08-27 10:14:00-04:00,332.010009765625,332.6400146484375,331.7799987792969,332.6400146484375,12404
2026-08-27 10:15:00-04:00,333.2799987792969,333.5,332.4700012207031,332.5,20047
2026-08-27 10:16:00-04:00,332.8999938964844,333.3299865722656,332.2401123046875,333.32000732421875,11360
2026-08-27 10:17:00-04:00,332.3500061035156,332.9049987792969,332.0,332.9049987792969,12916
2026-08-27 10:18:00-04:00,332.93499755859375,333.07000732421875,332.20001220703125,332.30499267578125,16970
2026-08-27 10:19:00-04:00,332.2099914550781,332.93499755859375,332.2099914550781,332.93499755859375,16390
2026-08-27 10:20:00-04:00,331.5,332.510009765625,331.2099914550781,332.5,19842
2026-08-27 10:21:00-04:00,332.0249938964844,332.1000061035156,330.9100036621094,331.5299987792969,10020
2026-08-27 10:22:00-04:00,332.0,332.510009765625,332.0,332.2200012207031,12930
2026-08-27 10:23:00-04:00,331.82501220703125,332.260009765625,331.489990234375,331.93499755859375,9871
2026-08-27 10:24:00-04:00,331.6499938964844,332.25,331.4849853515625,331.8800048828125,6094
2026-08-27 10:25:00-04:00,332.5299987792969,332.5299987792969,331.7300109863281,331.7349853515625,14012
2026-08-27 10:26:00-04:00,332.3999938964844,332.5924987792969,332.1199951171875,332.5924987792969,9713
2026-08-27 10:27:00-04:00,332.0849914550781,332.92999267578125,332.0,332.6199951171875,7743
2026-08-27 10:28:00-04:00,332.0,332.82000732421875,331.7900085449219,332.4200134277344,15435
2026-08-27 10:29:00-04:00,332.4200134277344,333.3299865722656,331.989990234375,332.0450134277344,80389
2026-08-27 10:30:00-04:00,332.2300109863281,332.6650085449219,331.8349914550781,332.1700134277344,13395
2026-08-27 10:31:00-04:00,331.260009765625,332.2699890136719,330.8599853515625,332.1451110839844,26474
2026-08-27 10:32:00-04:00,330.8900146484375,331.45001220703125,330.45001220703125,331.45001220703125,13361
2026-08-27 10:33:00-04:00,330.8299865722656,331.04998779296875,330.3999938964844,330.54998779296875,10112
2026-08-27 10:34:00-04:00,329.5199890136719,330.9800109863281,328.7699890136719,330.9800109863281,36008
2026-08-27 10:35:00-04:00,330.1199951171875,330.1199951171875,329.1099853515625,329.5,14256
2026-08-27 10:36:00-04:00,330.510009765625,330.510009765625,329.9800109863281,330.07000732421875,4980
2026-08-27 10:37:00-04:00,329.2799987792969,330.8800048828125,329.2799987792969,330.5150146484375,12994
2026-08-27 10:38:00-04:00,329.8550109863281,329.8699951171875,329.1000061035156,329.3800048828125,5627
2026-08-27 10:39:00-04:00,329.2900085449219,329.80499267578125,329.2900085449219,329.80499267578125,6664
2026-08-27 10:40:00-04:00,329.989990234375,330.0,329.16009521484375,329.17999267578125,8939
2026-08-27 10:41:00-04:00,330.6000061035156,330.989990234375,329.45001220703125,329.7250061035156,36087
2026-08-27 10:42:00-04:00,330.4150085449219,330.6549987792969,330.0,330.6549987792969,4524
2026-08-27 10:43:00-04:00,329.42999267578125,330.05999755859375,329.42999267578125,330.05999755859375,4231
2026-08-27 10:44:00-04:00,329.29998779296875,329.29998779296875,328.57000732421875,329.1499938964844,5425
2026-08-27 10:45:00-04:00,328.8349914550781,329.5,328.8349914550781,329.0799865722656,6909
2026-08-27 10:46:00-04:00,328.3299865722656,329.2099914550781,328.3299865722656,328.95001220703125,4922
2026-08-27 10:47:00-04:00,328.2200927734375,328.5,328.1700134277344,328.2955017089844,5049
2026-08-27 10:48:00-04:00,328.25750732421875,328.4200134277344,328.1300048828125,328.1300048828125,6048
2026-08-27 10:49:00-04:00,328.1499938964844,328.2550048828125,328.1499938964844,328.2550048828125,2174
2026-08-27 10:50:00-04:00,328.3500061035156,328.3500061035156,327.8699951171875,328.04998779296875,10100
2026-08-27 10:51:00-04:00,328.70001220703125,328.989990234375,328.1099853515625,328.2799987792969,13433
2026-08-27 10:52:00-04:00,329.17999267578125,329.3999938964844,328.8500061035156,328.964599609375,31586
2026-08-27 10:53:00-04:00,329.6099853515625,329.6099853515625,328.989990234375,329.25,5056
2026-08-27 10:54:00-04:00,329.5,329.5400085449219,329.2799987792969,329.5,6362
2026-08-27 10:55:00-04:00,329.8299865722656,329.989990234375,329.4599914550781,329.5,9693
2026-08-27 10:56:00-04:00,330.0400085449219,330.44000244140625,329.67999267578125,329.9599914550781,5364
2026-08-27 10:57:00-04:00,330.3500061035156,330.6499938964844,330.0799865722656,330.0799865722656,5165
2026-08-27 10:58:00-04:00,330.44000244140625,330.4599914550781,330.44000244140625,330.4599914550781,1386
2026-08-27 10:59:00-04:00,330.1700134277344,330.42999267578125,329.6499938964844,330.42999267578125,4007
2026-08-27 11:00:00-04:00,330.4549865722656,330.4599914550781,329.8699951171875,330.1700134277344,9867
2026-08-27 11:01:00-04:00,331.0,331.0950012207031,330.44000244140625,330.4549865722656,7610
2026-08-27 11:02:00-04:00,330.82501220703125,330.8299865722656,330.760009765625,330.760009765625,1615
2026-08-27 11:03:00-04:00,331.0299987792969,331.2300109863281,330.67999267578125,330.67999267578125,10656
2026-08-27 11:04:00-04:00,331.5849914550781,331.69500732421875,330.9418029785156,331.0,3208
2026-08-27 11:05:00-04:00,331.6050109863281,331.68499755859375,331.3699951171875,331.5899963378906,4694
2026-08-27 11:06:00-04:00,331.79998779296875,331.79998779296875,330.9823913574219,331.6549987792969,2700
2026-08-27 11:07:00-04:00,331.3599853515625,331.5050048828125,331.2507019042969,331.4750061035156,2086
2026-08-27 11:08:00-04:00,331.55999755859375,331.56500244140625,331.2699890136719,331.45001220703125,2231
2026-08-27 11:09:00-04:00,331.0,331.56500244140625,331.0,331.56500244140625,2416
2026-08-27 11:10:00-04:00,331.364990234375,331.364990234375,331.1499938964844,331.1499938964844,1907
2026-08-27 11:11:00-04:00,331.3399963378906,331.64990234375,331.3399963378906,331.5,3862
2026-08-27 11:12:00-04:00,330.70001220703125,331.32501220703125,330.2699890136719,331.32501220703125,3736
2026-08-27 11:13:00-04:00,330.6300048828125,330.95001220703125,330.5400085449219,330.70001220703125,5266
2026-08-27 11:14:00-04:00,330.989990234375,330.989990234375,330.5,330.5,3356
2026-08-27 11:15:00-04:00,331.42999267578125,331.5694885253906,331.1199951171875,331.1199951171875,4671
2026-08-27 11:16:00-04:00,331.4549865722656,331.57000732421875,331.3500061035156,331.42999267578125,4008
2026-08-27 11:17:00-04:00,331.2300109863281,331.739990234375,331.2300109863281,331.739990234375,933
2026-08-27 11:18:00-04:00,331.7099914550781,331.9100036621094,331.42010498046875,331.4549865722656,4434
2026-08-27 11:19:00-04:00,331.239990234375,331.7099914550781,331.239990234375,331.7099914550781,5140
2026-08-27 11:20:00-04:00,330.9800109863281,331.260009765625,330.82000732421875,331.2200012207031,6365
2026-08-27 11:21:00-04:00,331.0199890136719,331.0199890136719,330.5299987792969,330.5299987792969,1422
2026-08-27 11:22:00-04:00,331.2250061035156,331.510009765625,331.2099914550781,331.3800048828125,3334
2026-08-27 11:23:00-04:00,331.2792053222656,331.6499938964844,330.95001220703125,331.2300109863281,6170
2026-08-27 11:24:00-04:00,330.5199890136719,331.3599853515625,330.5199890136719,331.18499755859375,5700
2026-08-27 11:25:00-04:00,330.3399963378906,330.6099853515625,330.28399658203125,330.5199890136719,3537
2026-08-27 11:26:00-04:00,330.8500061035156,330.8500061035156,330.3301086425781,330.54998779296875,2260
2026-08-27 11:27:00-04:00,330.7099914550781,330.7099914550781,330.4599914550781,330.614990234375,4887
2026-08-27 11:28:00-04:00,330.7699890136719,330.7699890136719,330.7650146484375,330.7650146484375,2353
2026-08-27 11:29:00-04:00,330.7950134277344,331.0400085449219,330.7950134277344,330.8659973144531,2084
2026-08-27 11:30:00-04:00,330.260009765625,330.7900085449219,330.260009765625,330.7900085449219,3598
2026-08-27 11:31:00-04:00,330.6199951171875,330.70001220703125,330.1300964355469,330.56500244140625,3001
2026-08-27 11:32:00-04:00,330.5849914550781,330.739990234375,330.4200134277344,330.5159912109375,2528
2026-08-27 11:33:00-04:00,330.5450134277344,330.57000732421875,330.5450134277344,330.56500244140625,3028
2026-08-27 11:34:00-04:00,330.0299987792969,330.63800048828125,330.0,330.5899963378906,9576
2026-08-27 11:35:00-04:00,329.7900085449219,330.0950012207031,329.7900085449219,330.0799865722656,6588
2026-08-27 11:36:00-04:00,329.375,329.7651062011719,329.2900085449219,329.2900085449219,6512
2026-08-27 11:37:00-04:00,329.3800048828125,329.6400146484375,329.3800048828125,329.3900146484375,3105
2026-08-27 11:38:00-04:00,329.25,329.7699890136719,329.25,329.30999755859375,7294
2026-08-27 11:39:00-04:00,328.6700134277344,329.2200012207031,328.6700134277344,329.2200012207031,2187
2026-08-27 11:40:00-04:00,328.80999755859375,328.80999755859375,328.3299865722656,328.6700134277344,2865
2026-08-27 11:41:00-04:00,328.8399963378906,329.0,328.7749938964844,328.7749938964844,1904
2026-08-27 11:42:00-04:00,328.885009765625,329.0899963378906,328.6199951171875,328.8550109863281,2370
2026-08-27 11:43:00-04:00,328.1000061035156,328.8192138671875,328.0021057128906,328.7850036621094,6890
2026-08-27 11:44:00-04:00,328.20001220703125,328.4200134277344,328.1099853515625,328.1099853515625,3227
2026-08-27 11:45:00-04:00,328.4849853515625,328.5799865722656,328.260009765625,328.55999755859375,4475
2026-08-27 11:46:00-04:00,328.6600036621094,328.9599914550781,328.5,328.7300109863281,5624
2026-08-27 11:47:00-04:00,328.6824951171875,328.8299865722656,328.3800048828125,328.3800048828125,6008
2026-08-27 11:48:00-04:00,329.114990234375,329.114990234375,328.3999938964844,328.6650085449219,6786
2026-08-27 11:49:00-04:00,328.70001220703125,329.1748352050781,328.69000244140625,329.1748352050781,5017
2026-08-27 11:50:00-04:00,329.0199890136719,329.0199890136719,328.7049865722656,328.739990234375,4835
2026-08-27 11:51:00-04:00,329.05999755859375,329.05999755859375,328.9800109863281,328.9800109863281,3371
2026-08-27 11:52:00-04:00,329.3599853515625,329.3599853515625,328.8900146484375,329.1000061035156,4181
2026-08-27 11:53:00-04:00,329.55499267578125,329.55499267578125,329.20001220703125,329.375,2710
2026-08-27 11:54:00-04:00,329.79998779296875,329.79998779296875,329.3500061035156,329.3999938964844,4803
2026-08-27 11:55:00-04:00,329.7449951171875,329.8299865722656,329.6600036621094,329.8299865722656,3148
2026-08-27 11:56:00-04:00,329.7749938964844,329.9700012207031,329.7449951171875,329.7449951171875,2463
2026-08-27 11:57:00-04:00,329.50250244140625,329.8855895996094,329.44000244140625,329.8855895996094,2643
2026-08-27 11:58:00-04:00,329.3599853515625,329.5400085449219,329.3599853515625,329.5400085449219,1228
2026-08-27 11:59:00-04:00,329.6449890136719,329.6600036621094,329.3299865722656,329.3399963378906,4861
2026-08-27 12:00:00-04:00,330.8800048828125,330.9100036621094,329.4800109863281,329.80999755859375,16422
2026-08-27 12:01:00-04:00,331.1400146484375,331.1400146484375,330.8900146484375,330.9100036621094,5694
2026-08-27 12:02:00-04:00,331.1000061035156,331.1400146484375,331.0899963378906,331.1400146484375,1449
2026-08-27 12:03:00-04:00,331.4700012207031,331.4700012207031,331.1600036621094,331.2701110839844,3439
2026-08-27 12:04:00-04:00,331.2550048828125,331.45001220703125,331.07000732421875,331.45001220703125,4598
2026-08-27 12:05:00-04:00,331.2749938964844,331.4750061035156,331.1000061035156,331.1000061035156,4035
2026-08-27 12:06:00-04:00,331.25,331.29998779296875,331.05999755859375,331.2799987792969,11326
2026-08-27 12:07:00-04:00,330.625,331.29998779296875,330.5950012207031,331.25,12749
2026-08-27 12:08:00-04:00,330.5899963378906,330.5899963378906,330.5899963378906,330.5899963378906,713
2026-08-27 12:09:00-04:00,330.7250061035156,330.7349853515625,330.69000244140625,330.7349853515625,1988
2026-08-27 12:10:00-04:00,330.55999755859375,330.67999267578125,330.55999755859375,330.67999267578125,839
2026-08-27 12:11:00-04:00,330.5299987792969,330.6225891113281,330.32000732421875,330.6225891113281,3204
2026-08-27 12:12:00-04:00,330.55999755859375,330.55999755859375,330.43499755859375,330.43499755859375,1975
2026-08-27 12:13:00-04:00,330.6099853515625,330.6099853515625,330.3301086425781,330.3301086425781,1669
2026-08-27 12:14:00-04:00,331.239990234375,331.239990234375,330.8699951171875,330.8699951171875,3063
2026-08-27 12:15:00-04:00,330.93499755859375,331.29998779296875,330.6400146484375,331.2900085449219,14154
2026-08-27 12:16:00-04:00,331.2749938964844,331.4999084472656,331.0249938964844,331.0249938964844,3034
2026-08-27 12:17:00-04:00,331.5400085449219,331.5400085449219,331.2799987792969,331.2799987792969,3515
2026-08-27 12:18:00-04:00,331.3324890136719,331.6300048828125,331.18011474609375,331.54998779296875,15046
2026-08-27 12:19:00-04:00,331.6000061035156,331.6000061035156,331.31500244140625,331.31500244140625,2269
2026-08-27 12:20:00-04:00,331.2900085449219,331.54998779296875,331.2799987792969,331.5201110839844,2769
2026-08-27 12:21:00-04:00,331.2799987792969,331.2799987792969,331.04998779296875,331.04998779296875,846
2026-08-27 12:22:00-04:00,332.0299987792969,332.1499938964844,331.3349914550781,331.4721984863281,7244
2026-08-27 12:23:00-04:00,332.3599853515625,332.3900146484375,332.1400146484375,332.1499938964844,2595
2026-08-27 12:24:00-04:00,332.2200012207031,332.29998779296875,332.2099914550781,332.2099914550781,4022
2026-08-27 12:25:00-04:00,332.3399963378906,332.510009765625,332.07000732421875,332.260009765625,3937
2026-08-27 12:26:00-04:00,333.1000061035156,333.2099914550781,332.29998779296875,332.510009765625,39308
2026-08-27 12:27:00-04:00,333.0249938964844,333.17999267578125,332.8299865722656,333.1000061035156,6379
2026-08-27 12:28:00-04:00,332.6199951171875,333.04998779296875,332.6199951171875,332.94500732421875,4791
2026-08-27 12:29:00-04:00,332.45001220703125,332.7300109863281,332.45001220703125,332.57501220703125,3510
2026-08-27 12:30:00-04:00,332.2250061035156,332.54998779296875,332.0,332.54998779296875,6779
2026-08-27 12:31:00-04:00,331.7200012207031,332.2799987792969,331.7200012207031,332.2250061035156,3796
2026-08-27 12:32:00-04:00,331.7799987792969,331.9949951171875,331.69000244140625,331.989990234375,2866
2026-08-27 12:33:00-04:00,331.8999938964844,332.3099060058594,331.7799987792969,331.7799987792969,3249
2026-08-27 12:34:00-04:00,331.79998779296875,332.04998779296875,331.489990234375,331.9800109863281,6700
2026-08-27 12:35:00-04:00,332.2699890136719,332.3599853515625,331.79998779296875,331.9700012207031,7242
2026-08-27 12:36:00-04:00,332.3999938964844,332.42999267578125,332.1199951171875,332.2699890136719,2247
2026-08-27 12:37:00-04:00,332.6199951171875,332.6199951171875,332.4100036621094,332.5,3253
2026-08-27 12:38:00-04:00,332.67498779296875,332.67999267578125,332.44000244140625,332.4700012207031,4863
2026-08-27 12:39:00-04:00,332.4700012207031,332.7650146484375,332.4700012207031,332.7650146484375,5784
2026-08-27 12:40:00-04:00,332.2749938964844,332.57000732421875,332.0,332.57000732421875,3203
2026-08-27 12:41:00-04:00,332.5400085449219,332.6199951171875,332.3550109863281,332.3550109863281,4460
2026-08-27 12:42:00-04:00,332.54998779296875,332.6199951171875,332.4800109863281,332.489990234375,1210
2026-08-27 12:43:00-04:00,332.510009765625,332.55499267578125,332.3900146484375,332.54998779296875,4263
2026-08-27 12:44:00-04:00,332.1099853515625,332.3450012207031,331.9100036621094,332.2149963378906,4152
2026-08-27 12:45:00-04:00,332.0899963378906,332.125,332.0,332.1199951171875,3263
2026-08-27 12:46:00-04:00,331.8999938964844,332.07000732421875,331.8999938964844,332.04998779296875,2714
2026-08-27 12:47:00-04:00,332.1600036621094,332.1700134277344,332.0,332.0,1520
2026-08-27 12:48:00-04:00,332.635009765625,332.635009765625,332.2099914550781,332.239990234375,3069
2026-08-27 12:49:00-04:00,332.239990234375,332.5249938964844,332.1600036621094,332.4100036621094,2984
2026-08-27 12:50:00-04:00,332.3349914550781,332.4700012207031,332.19500732421875,332.19500732421875,5075
2026-08-27 12:51:00-04:00,332.42498779296875,332.44000244140625,332.30499267578125,332.30499267578125,1449
2026-08-27 12:52:00-04:00,332.2449951171875,332.3399963378906,332.2099914550781,332.3399963378906,3063
2026-08-27 12:53:00-04:00,332.42999267578125,332.42999267578125,332.17059326171875,332.3299865722656,4512
2026-08-27 12:54:00-04:00,332.0,332.6300048828125,332.0,332.4599914550781,9137
2026-08-27 12:55:00-04:00,332.18499755859375,332.2449951171875,331.9150085449219,332.2449951171875,1897
2026-08-27 12:56:00-04:00,332.19500732421875,332.25,332.17999267578125,332.18499755859375,2483
2026-08-27 12:57:00-04:00,332.2699890136719,332.5299987792969,332.20001220703125,332.20001220703125,3862
2026-08-27 12:58:00-04:00,332.17498779296875,332.5400085449219,332.17498779296875,332.5400085449219,3055
2026-08-27 12:59:00-04:00,332.32000732421875,332.5299987792969,332.1400146484375,332.1400146484375,4850
2026-08-27 13:00:00-04:00,332.3900146484375,332.5899963378906,332.30999755859375,332.32000732421875,5518
2026-08-27 13:01:00-04:00,332.7749938964844,332.7749938964844,332.6000061035156,332.6199951171875,3056
2026-08-27 13:02:00-04:00,332.7449951171875,332.7749938964844,332.6000061035156,332.7749938964844,4821
2026-08-27 13:03:00-04:00,332.6449890136719,332.8955993652344,332.489990234375,332.79998779296875,4514
2026-08-27 13:04:00-04:00,332.70001220703125,332.8699951171875,332.5400085449219,332.7250061035156,4603
2026-08-27 13:05:00-04:00,332.5899963378906,332.8999938964844,332.5799865722656,332.7650146484375,4420
2026-08-27 13:06:00-04:00,332.5150146484375,332.5150146484375,332.30999755859375,332.4800109863281,1588
2026-08-27 13:07:00-04:00,332.79998779296875,332.79998779296875,332.510009765625,332.510009765625,3545
2026-08-27 13:08:00-04:00,332.82501220703125,332.82501220703125,332.80999755859375,332.82501220703125,2841
2026-08-27 13:09:00-04:00,332.510009765625,332.82501220703125,332.510009765625,332.82501220703125,6803
2026-08-27 13:10:00-04:00,332.80499267578125,332.80499267578125,332.5299987792969,332.6199951171875,5492
2026-08-27 13:11:00-04:00,332.3949890136719,332.80999755859375,332.3800048828125,332.79998779296875,5880
2026-08-27 13:12:00-04:00,332.6000061035156,332.6000061035156,332.30999755859375,332.3949890136719,3892
2026-08-27 13:13:00-04:00,332.614990234375,332.614990234375,332.3399963378906,332.3399963378906,687
2026-08-27 13:14:00-04:00,332.2200012207031,332.614990234375,332.07000732421875,332.4700012207031,4475
2026-08-27 13:15:00-04:00,332.2699890136719,332.3900146484375,332.0899963378906,332.3900146484375,4196
2026-08-27 13:16:00-04:00,332.6700134277344,332.6700134277344,332.260009765625,332.2799987792969,5344
2026-08-27 13:17:00-04:00,332.57000732421875,332.7200012207031,332.3900146484375,332.3900146484375,3163
2026-08-27 13:18:00-04:00,332.57000732421875,332.7300109863281,332.57000732421875,332.57000732421875,3295
2026-08-27 13:19:00-04:00,332.67999267578125,332.67999267578125,332.57000732421875,332.57501220703125,1981
2026-08-27 13:20:00-04:00,332.6300048828125,332.7799987792969,332.5159912109375,332.69000244140625,8491
2026-08-27 13:21:00-04:00,332.7850036621094,332.7850036621094,332.4200134277344,332.5,3770
2026-08-27 13:22:00-04:00,332.67999267578125,332.75,332.67999267578125,332.70001220703125,2116
2026-08-27 13:23:00-04:00,332.5199890136719,333.1400146484375,332.5199890136719,332.989990234375,10347
2026-08-27 13:24:00-04:00,332.7349853515625,333.1499938964844,332.5199890136719,332.6199951171875,12137
2026-08-27 13:25:00-04:00,332.8949890136719,332.8949890136719,332.8699951171875,332.875,1888
2026-08-27 13:26:00-04:00,332.6400146484375,333.0264892578125,332.6400146484375,332.9100036621094,2101
2026-08-27 13:27:00-04:00,332.6650085449219,332.6650085449219,332.55499267578125,332.6549987792969,1922
2026-08-27 13:28:00-04:00,332.5299987792969,332.57000732421875,332.340087890625,332.5400085449219,8768
2026-08-27 13:29:00-04:00,332.110107421875,332.57000732421875,332.110107421875,332.57000732421875,8223
2026-08-27 13:30:00-04:00,332.5450134277344,332.6000061035156,332.3550109863281,332.3599853515625,4165
2026-08-27 13:31:00-04:00,332.80010986328125,332.9750061035156,332.67999267578125,332.67999267578125,4234
2026-08-27 13:32:00-04:00,333.05999755859375,333.2900085449219,333.05999755859375,333.1499938964844,9052
2026-08-27 13:33:00-04:00,333.1050109863281,333.1050109863281,333.0450134277344,333.0899963378906,1631
2026-08-27 13:34:00-04:00,332.88250732421875,332.9649963378906,332.6300048828125,332.95001220703125,2348
2026-08-27 13:35:00-04:00,332.739990234375,332.739990234375,332.6199951171875,332.6199951171875,2150
2026-08-27 13:36:00-04:00,332.57501220703125,332.625,332.3900146484375,332.6000061035156,5053
2026-08-27 13:37:00-04:00,332.5474853515625,332.7300109863281,332.5,332.57501220703125,4166
2026-08-27 13:38:00-04:00,332.5199890136719,332.5299987792969,332.5199890136719,332.5299987792969,2794
2026-08-27 13:39:00-04:00,332.4200134277344,332.5249938964844,332.4150085449219,332.5249938964844,2796
2026-08-27 13:40:00-04:00,332.5,332.5,332.42999267578125,332.4425048828125,1635
2026-08-27 13:41:00-04:00,332.7113037109375,333.1700134277344,332.5400085449219,332.6300048828125,5558
2026-08-27 13:42:00-04:00,332.9800109863281,333.2900085449219,332.92999267578125,332.9800109863281,2324
2026-08-27 13:43:00-04:00,332.9750061035156,332.9750061035156,332.67999267578125,332.67999267578125,2559
2026-08-27 13:44:00-04:00,333.1050109863281,333.1050109863281,332.92999267578125,333.010009765625,3439
2026-08-27 13:45:00-04:00,332.8900146484375,333.17999267578125,332.8900146484375,333.1099853515625,6511
2026-08-27 13:46:00-04:00,332.7950134277344,333.05999755859375,332.7799987792969,332.8599853515625,4766
2026-08-27 13:47:00-04:00,332.7950134277344,332.94000244140625,332.7900085449219,332.94000244140625,16411
2026-08-27 13:48:00-04:00,333.0895080566406,333.0899963378906,333.0299987792969,333.07000732421875,1021
2026-08-27 13:49:00-04:00,332.6499938964844,333.1199951171875,332.6000061035156,332.9150085449219,7557
2026-08-27 13:50:00-04:00,332.7200012207031,332.7699890136719,332.6650085449219,332.6650085449219,2610
2026-08-27 13:51:00-04:00,333.0299987792969,333.0299987792969,332.3399963378906,332.5,5512
2026-08-27 13:52:00-04:00,333.0274963378906,333.0400085449219,332.8949890136719,332.9200134277344,2550
2026-08-27 13:53:00-04:00,333.1592102050781,333.1592102050781,332.989990234375,333.0299987792969,5042
2026-08-27 13:54:00-04:00,333.3288879394531,333.3399963378906,333.0101013183594,333.1499938964844,3421
2026-08-27 13:55:00-04:00,333.2699890136719,333.4150085449219,333.1936950683594,333.25,6852
2026-08-27 13:56:00-04:00,333.29998779296875,333.29998779296875,333.2699890136719,333.2699890136719,1495
2026-08-27 13:57:00-04:00,333.2449951171875,333.4599914550781,333.2300109863281,333.3699951171875,7524
2026-08-27 13:58:00-04:00,332.7049865722656,333.2449951171875,332.57000732421875,333.2449951171875,6980
2026-08-27 13:59:00-04:00,332.6499938964844,332.8299865722656,332.6449890136719,332.67498779296875,1831
2026-08-27 14:00:00-04:00,332.6523132324219,332.8399963378906,332.6300048828125,332.6300048828125,2358
2026-08-27 14:01:00-04:00,331.68499755859375,332.8299865722656,331.3599853515625,332.8299865722656,29189
2026-08-27 14:02:00-04:00,331.7300109863281,331.75,331.7250061035156,331.75,5131
2026-08-27 14:03:00-04:00,331.6875,331.82000732421875,331.44000244140625,331.7300109863281,3869
2026-08-27 14:04:00-04:00,331.385009765625,331.7049865722656,331.13641357421875,331.7049865722656,4270
2026-08-27 14:05:00-04:00,331.1700134277344,331.375,331.1050109863281,331.1199951171875,1493
2026-08-27 14:06:00-04:00,331.3900146484375,331.5819091796875,331.1488037109375,331.5819091796875,3489
2026-08-27 14:07:00-04:00,330.9649963378906,331.489990234375,330.9649963378906,331.489990234375,4220
2026-08-27 14:08:00-04:00,331.0,331.0,330.8599853515625,330.8599853515625,1368
2026-08-27 14:09:00-04:00,331.0,331.239990234375,330.9674987792969,331.1000061035156,3412
2026-08-27 14:10:00-04:00,331.2049865722656,331.239990234375,331.0,331.0,4535
2026-08-27 14:11:00-04:00,331.0899963378906,331.1700134277344,331.0299987792969,331.1600036621094,2761
2026-08-27 14:12:00-04:00,331.55999755859375,331.55999755859375,331.2499084472656,331.25,3955
2026-08-27 14:13:00-04:00,331.2300109863281,331.6099853515625,331.2300109863281,331.55999755859375,15408
2026-08-27 14:14:00-04:00,331.43499755859375,331.43499755859375,331.1600036621094,331.2300109863281,1967
2026-08-27 14:15:00-04:00,331.3699951171875,331.55999755859375,331.3699951171875,331.42999267578125,2247
2026-08-27 14:16:00-04:00,331.05999755859375,331.3399963378906,331.05999755859375,331.1600036621094,1898
2026-08-27 14:17:00-04:00,331.5400085449219,331.5400085449219,331.0,331.0,2732
2026-08-27 14:18:00-04:00,331.19000244140625,331.42999267578125,331.17999267578125,331.3349914550781,6626
2026-08-27 14:19:00-04:00,331.0,331.3299865722656,331.0,331.1199951171875,3852
2026-08-27 14:20:00-04:00,331.5,331.5,331.2200012207031,331.2300109863281,2366
2026-08-27 14:21:00-04:00,331.4649963378906,331.5,331.32000732421875,331.5,4944
2026-08-27 14:22:00-04:00,331.5199890136719,331.5799865722656,331.4700012207031,331.5799865722656,2043
2026-08-27 14:23:00-04:00,331.6600036621094,331.989990234375,331.4649963378906,331.4700012207031,11123
2026-08-27 14:24:00-04:00,331.5299987792969,331.6449890136719,331.489990234375,331.6300048828125,2093
2026-08-27 14:25:00-04:00,331.55499267578125,331.6199951171875,331.5350036621094,331.5350036621094,3835
2026-08-27 14:26:00-04:00,331.6000061035156,331.79998779296875,331.4800109863281,331.5799865722656,5251
2026-08-27 14:27:00-04:00,331.3525085449219,331.6099853515625,331.32000732421875,331.6000061035156,3006
2026-08-27 14:28:00-04:00,331.3949890136719,331.3949890136719,331.385009765625,331.385009765625,1009
2026-08-27 14:29:00-04:00,331.5799865722656,331.5799865722656,331.42999267578125,331.5,4080
2026-08-27 14:30:00-04:00,331.44500732421875,331.4649963378906,331.3599853515625,331.3699951171875,2350
2026-08-27 14:31:00-04:00,331.7099914550781,331.7099914550781,331.4700012207031,331.4700012207031,2688
2026-08-27 14:32:00-04:00,331.7349853515625,331.847900390625,331.7200012207031,331.7200012207031,6563
2026-08-27 14:33:00-04:00,331.7900085449219,331.8800048828125,331.7349853515625,331.7349853515625,11399
2026-08-27 14:34:00-04:00,331.75,331.889892578125,331.69000244140625,331.889892578125,1988
2026-08-27 14:35:00-04:00,331.75,331.75,331.6099853515625,331.75,2875
2026-08-27 14:36:00-04:00,331.8399963378906,332.0,331.74481201171875,331.8900146484375,6742
2026-08-27 14:37:00-04:00,331.3949890136719,331.81500244140625,331.3949890136719,331.70001220703125,3409
2026-08-27 14:38:00-04:00,331.6499938964844,331.8623962402344,331.4233093261719,331.6449890136719,2060
2026-08-27 14:39:00-04:00,331.625,331.625,331.2699890136719,331.3399963378906,1809
2026-08-27 14:40:00-04:00,331.6199951171875,331.625,331.4949951171875,331.625,1461
2026-08-27 14:41:00-04:00,331.1600036621094,331.4800109863281,331.1499938964844,331.32000732421875,4872
2026-08-27 14:43:00-04:00,331.25,331.4800109863281,331.13250732421875,331.4800109863281,5222
2026-08-27 14:44:00-04:00,330.5101013183594,331.1099853515625,330.5101013183594,331.1099853515625,6950
2026-08-27 14:45:00-04:00,330.8550109863281,330.8550109863281,330.8550109863281,330.8550109863281,417
2026-08-27 14:46:00-04:00,330.7699890136719,330.8500061035156,330.7699890136719,330.8399963378906,4146
2026-08-27 14:47:00-04:00,331.2950134277344,331.2950134277344,330.989990234375,330.989990234375,5302
2026-08-27 14:48:00-04:00,331.2799987792969,331.5,331.1600036621094,331.2550048828125,4430
2026-08-27 14:49:00-04:00,331.4093933105469,331.4093933105469,331.07000732421875,331.07000732421875,2298
2026-08-27 14:50:00-04:00,331.07501220703125,331.07501220703125,330.94000244140625,331.0400085449219,1976
2026-08-27 14:51:00-04:00,331.25,331.45001220703125,331.125,331.125,9274
2026-08-27 14:52:00-04:00,331.0400085449219,331.2550048828125,331.0400085449219,331.2550048828125,2207
2026-08-27 14:53:00-04:00,331.4100036621094,331.4100036621094,331.17999267578125,331.25,2086
2026-08-27 14:54:00-04:00,331.072509765625,331.2650146484375,330.8999938964844,331.2650146484375,3057
2026-08-27 14:55:00-04:00,331.0,331.0,330.80999755859375,330.80999755859375,3150
2026-08-27 14:56:00-04:00,330.9049987792969,331.010009765625,330.9049987792969,330.95001220703125,2738
2026-08-27 14:57:00-04:00,331.0150146484375,331.07000732421875,330.80999755859375,330.92999267578125,4600
2026-08-27 14:58:00-04:00,330.8399963378906,331.0299987792969,330.8399963378906,331.0299987792969,2972
2026-08-27 14:59:00-04:00,330.80999755859375,331.0199890136719,330.79998779296875,330.9750061035156,5768
2026-08-27 15:00:00-04:00,330.7099914550781,330.7099914550781,330.5899963378906,330.6000061035156,1889
2026-08-27 15:01:00-04:00,331.2300109863281,331.2300109863281,331.04998779296875,331.04998779296875,2698
2026-08-27 15:02:00-04:00,331.2650146484375,331.4898986816406,331.20001220703125,331.2200012207031,5674
2026-08-27 15:03:00-04:00,331.0400085449219,331.0400085449219,331.0400085449219,331.0400085449219,2039
2026-08-27 15:04:00-04:00,331.3450012207031,331.3450012207031,331.125,331.125,3004
2026-08-27 15:05:00-04:00,331.3349914550781,331.3349914550781,331.2099914550781,331.29998779296875,2676
2026-08-27 15:06:00-04:00,331.3559875488281,331.5,331.2300109863281,331.4800109863281,2002
2026-08-27 15:07:00-04:00,331.17999267578125,331.5,331.17999267578125,331.5,6385
2026-08-27 15:08:00-04:00,331.2300109863281,331.4700012207031,331.2300109863281,331.3800048828125,6141
2026-08-27 15:09:00-04:00,331.3500061035156,331.3699951171875,331.2300109863281,331.2300109863281,3051
2026-08-27 15:10:00-04:00,331.385009765625,331.489990234375,331.375,331.375,2288
2026-08-27 15:11:00-04:00,331.2799987792969,331.4278869628906,331.2799987792969,331.385009765625,1380
2026-08-27 15:12:00-04:00,331.2799987792969,331.489990234375,331.2799987792969,331.2900085449219,4052
2026-08-27 15:13:00-04:00,331.489990234375,331.489990234375,331.26251220703125,331.385009765625,6746
2026-08-27 15:14:00-04:00,331.4750061035156,331.55999755859375,331.3800048828125,331.3800048828125,10221
2026-08-27 15:15:00-04:00,331.32000732421875,331.4750061035156,331.2799987792969,331.4750061035156,3362
2026-08-27 15:16:00-04:00,331.0899963378906,331.1000061035156,331.0899963378906,331.1000061035156,1466
2026-08-27 15:17:00-04:00,331.0899963378906,331.2250061035156,330.8800048828125,331.2250061035156,7876
2026-08-27 15:18:00-04:00,330.9800109863281,331.0,330.6000061035156,330.7300109863281,2766
2026-08-27 15:19:00-04:00,330.80999755859375,330.80999755859375,330.5199890136719,330.6300048828125,8836
2026-08-27 15:20:00-04:00,330.9800109863281,330.9800109863281,330.5299987792969,330.81500244140625,6174
2026-08-27 15:21:00-04:00,330.7250061035156,330.96099853515625,330.6400146484375,330.94000244140625,4099
2026-08-27 15:22:00-04:00,330.6300048828125,330.67999267578125,330.5299987792969,330.6401062011719,4742
2026-08-27 15:23:00-04:00,330.7449951171875,330.9800109863281,330.7099914550781,330.7099914550781,6134
2026-08-27 15:24:00-04:00,331.17498779296875,331.17999267578125,330.7699890136719,330.7699890136719,5225
2026-08-27 15:25:00-04:00,331.1000061035156,331.17999267578125,330.9200134277344,331.17999267578125,3625
2026-08-27 15:26:00-04:00,330.739990234375,331.1400146484375,330.739990234375,331.1400146484375,4147
2026-08-27 15:27:00-04:00,330.760009765625,330.8299865722656,330.6409912109375,330.7550048828125,8237
2026-08-27 15:28:00-04:00,330.82000732421875,330.95001220703125,330.739990234375,330.739990234375,5702
2026-08-27 15:29:00-04:00,330.54998779296875,330.9599914550781,330.5,330.82501220703125,8438
2026-08-27 15:30:00-04:00,330.739990234375,330.739990234375,330.45001220703125,330.67999267578125,3388
2026-08-27 15:31:00-04:00,330.7650146484375,330.95001220703125,330.5509948730469,330.6700134277344,8119
2026-08-27 15:32:00-04:00,330.25,330.6300048828125,330.19000244140625,330.55999755859375,9712
2026-08-27 15:33:00-04:00,330.1050109863281,330.29998779296875,330.0304870605469,330.2550048828125,13367
2026-08-27 15:34:00-04:00,329.79998779296875,330.0899963378906,329.6600036621094,330.0775146484375,20182
2026-08-27 15:35:00-04:00,330.0,330.0,329.6600036621094,329.875,7076
2026-08-27 15:36:00-04:00,329.32000732421875,330.1199951171875,329.0000915527344,330.07000732421875,17104
2026-08-27 15:37:00-04:00,329.69500732421875,329.80999755859375,329.32000732421875,329.32000732421875,8316
2026-08-27 15:38:00-04:00,329.8399963378906,329.8699951171875,329.6000061035156,329.69500732421875,8014
2026-08-27 15:39:00-04:00,329.7149963378906,329.8900146484375,329.6600036621094,329.6600036621094,15720
2026-08-27 15:40:00-04:00,329.4800109863281,329.7900085449219,329.44000244140625,329.7900085449219,6173
2026-08-27 15:41:00-04:00,329.4649963378906,329.6199951171875,329.44000244140625,329.4800109863281,3973
2026-08-27 15:42:00-04:00,329.7449951171875,329.79998779296875,329.32000732421875,329.4599914550781,12824
2026-08-27 15:43:00-04:00,329.510009765625,329.75,329.5050048828125,329.7449951171875,9948
2026-08-27 15:44:00-04:00,329.5199890136719,329.6199951171875,329.2909851074219,329.510009765625,10438
2026-08-27 15:45:00-04:00,329.9100036621094,330.1499938964844,329.552490234375,329.6549987792969,356278
2026-08-27 15:46:00-04:00,330.02899169921875,330.2300109863281,329.9549865722656,329.9549865722656,14615
2026-08-27 15:47:00-04:00,330.1700134277344,330.2300109863281,329.7900085449219,329.9100036621094,11072
2026-08-27 15:48:00-04:00,330.0849914550781,330.0906982421875,329.8999938964844,330.04998779296875,9410
2026-08-27 15:49:00-04:00,329.6499938964844,330.0849914550781,329.6499938964844,330.0849914550781,15595
2026-08-27 15:50:00-04:00,328.6700134277344,329.6600036621094,328.4800109863281,329.6600036621094,22492
2026-08-27 15:51:00-04:00,328.9700012207031,328.9700012207031,328.5849914550781,328.6700134277344,17371
2026-08-27 15:52:00-04:00,329.2325134277344,329.6300048828125,328.9700012207031,328.9800109863281,25612
2026-08-27 15:53:00-04:00,328.9800109863281,329.17999267578125,328.80999755859375,329.1099853515625,19645
2026-08-27 15:54:00-04:00,329.3299865722656,329.4849853515625,328.95098876953125,329.0400085449219,18038
2026-08-27 15:55:00-04:00,329.1499938964844,329.3599853515625,328.8699951171875,329.2699890136719,34855
2026-08-27 15:56:00-04:00,328.57000732421875,329.1499938964844,328.5450134277344,329.1499938964844,34871
2026-08-27 15:57:00-04:00,328.55999755859375,328.70880126953125,328.2900085449219,328.6099853515625,37213
2026-08-27 15:58:00-04:00,329.05999755859375,329.4700012207031,328.54998779296875,328.6199951171875,124546
2026-08-27 15:59:00-04:00,329.1000061035156,329.1600036621094,328.1400146484375,329.1000061035156,117883
2026-08-28 09:30:00-04:00,330.9549865722656,332.3500061035156,330.3699951171875,330.3699951171875,90867
2026-08-28 09:31:00-04:00,329.07000732421875,331.6199951171875,328.0199890136719,331.1700134277344,12973
2026-08-28 09:32:00-04:00,330.2349853515625,330.8800048828125,329.06500244140625,329.06500244140625,7915
2026-08-28 09:33:00-04:00,331.3399963378906,332.3999938964844,329.9100036621094,330.18499755859375,6832
2026-08-28 09:34:00-04:00,330.9800109863281,332.8599853515625,330.5899963378906,332.1839904785156,8493
2026-08-28 09:35:00-04:00,331.6000061035156,332.010009765625,330.80999755859375,330.80999755859375,13978
2026-08-28 09:36:00-04:00,333.9200134277344,334.79998779296875,331.3550109863281,331.5899963378906,38419
2026-08-28 09:37:00-04:00,332.70001220703125,334.6000061035156,331.8800048828125,334.6000061035156,28001
2026-08-28 09:38:00-04:00,333.6600036621094,333.6600036621094,331.95001220703125,331.9700012207031,10620
2026-08-28 09:39:00-04:00,333.3800048828125,333.80499267578125,333.0,333.0,7614
2026-08-28 09:40:00-04:00,332.239990234375,333.2699890136719,332.239990234375,333.2699890136719,3863
2026-08-28 09:41:00-04:00,332.9599914550781,333.1000061035156,332.3399963378906,332.6099853515625,7404
2026-08-28 09:42:00-04:00,333.1050109863281,333.3299865722656,332.5199890136719,332.5199890136719,2664
2026-08-28 09:43:00-04:00,332.2200012207031,334.0,332.1700134277344,333.5199890136719,7395
2026-08-28 09:44:00-04:00,333.4100036621094,333.94000244140625,332.2070007324219,332.3680114746094,4675
2026-08-28 09:45:00-04:00,333.5350036621094,333.5350036621094,332.7900085449219,333.4100036621094,5167
2026-08-28 09:46:00-04:00,333.2598876953125,333.69500732421875,332.25,333.55999755859375,15684
2026-08-28 09:47:00-04:00,332.1499938964844,332.7865905761719,332.1400146484375,332.7850036621094,5102
2026-08-28 09:48:00-04:00,332.7699890136719,333.6600036621094,332.3599853515625,332.42999267578125,7109
2026-08-28 09:49:00-04:00,332.0,332.7699890136719,331.67999267578125,332.7699890136719,10543
2026-08-28 09:50:00-04:00,332.2099914550781,332.7900085449219,331.760009765625,332.1700134277344,8913
2026-08-28 09:51:00-04:00,330.3599853515625,332.0050048828125,330.1199951171875,331.74951171875,17080
2026-08-28 09:52:00-04:00,329.1099853515625,330.8340148925781,329.1099853515625,330.5299987792969,6425
2026-08-28 09:53:00-04:00,329.364990234375,329.55999755859375,328.6199951171875,329.43499755859375,18282
2026-08-28 09:54:00-04:00,329.0628967285156,329.4150085449219,328.510009765625,329.010009765625,19436
2026-08-28 09:55:00-04:00,328.42999267578125,329.3900146484375,328.42999267578125,328.95001220703125,7239
2026-08-28 09:56:00-04:00,328.9100036621094,329.25,327.79998779296875,328.5,30580
2026-08-28 09:57:00-04:00,328.6700134277344,329.8599853515625,328.55950927734375,329.20001220703125,6786
2026-08-28 09:58:00-04:00,327.510009765625,328.5799865722656,327.3399963378906,328.5799865722656,7596
2026-08-28 09:59:00-04:00,328.20001220703125,328.20001220703125,327.4700927734375,327.6000061035156,8938
2026-08-28 10:00:00-04:00,327.8399963378906,328.29998779296875,327.63629150390625,327.63629150390625,2584
2026-08-28 10:01:00-04:00,327.6099853515625,328.3800048828125,327.1000061035156,327.9700012207031,7253
2026-08-28 10:02:00-04:00,326.6961975097656,328.07000732421875,326.3800048828125,327.9200134277344,8657
2026-08-28 10:03:00-04:00,326.80999755859375,327.79998779296875,326.28009033203125,327.0,9612
2026-08-28 10:04:00-04:00,326.864990234375,327.2799987792969,326.5476989746094,327.1099853515625,3302
2026-08-28 10:05:00-04:00,326.6650085449219,326.8599853515625,326.4599914550781,326.8599853515625,5591
2026-08-28 10:06:00-04:00,325.7734069824219,326.29998779296875,325.3999938964844,326.1000061035156,9746
2026-08-28 10:07:00-04:00,326.2799987792969,326.510009765625,325.8999938964844,326.2699890136719,5532
2026-08-28 10:08:00-04:00,326.4800109863281,326.5050048828125,326.2073059082031,326.4849853515625,2384
2026-08-28 10:09:00-04:00,326.4200134277344,326.95001220703125,326.1099853515625,326.95001220703125,5002
2026-08-28 10:10:00-04:00,326.3299865722656,326.5050048828125,326.1300964355469,326.2699890136719,4808
2026-08-28 10:11:00-04:00,327.1199951171875,327.1199951171875,326.4200134277344,326.55999755859375,6641
2026-08-28 10:12:00-04:00,327.1499938964844,327.17498779296875,326.7799987792969,327.0299987792969,2524
2026-08-28 10:13:00-04:00,327.1499938964844,327.5664978027344,326.7300109863281,326.9800109863281,6331
2026-08-28 10:14:00-04:00,327.82000732421875,327.92999267578125,327.19000244140625,327.4800109863281,3842
2026-08-28 10:15:00-04:00,328.32501220703125,328.77801513671875,327.9200134277344,328.010009765625,7306
2026-08-28 10:16:00-04:00,328.2099914550781,328.5802001953125,327.5799865722656,328.3299865722656,6547
2026-08-28 10:17:00-04:00,329.2952880859375,329.2952880859375,328.2850036621094,328.30999755859375,3800
2026-08-28 10:18:00-04:00,329.25,329.69000244140625,328.9100036621094,329.20001220703125,8083
2026-08-28 10:19:00-04:00,329.04998779296875,329.375,329.0400085449219,329.32000732421875,1483
2026-08-28 10:20:00-04:00,328.7250061035156,329.3800048828125,328.70001220703125,329.3800048828125,5618
2026-08-28 10:21:00-04:00,328.614990234375,328.8299865722656,328.0,328.8299865722656,6218
2026-08-28 10:22:00-04:00,328.8900146484375,329.4800109863281,328.6400146484375,328.989990234375,4125
2026-08-28 10:23:00-04:00,328.8450012207031,329.1600036621094,328.29998779296875,328.81500244140625,3677
2026-08-28 10:24:00-04:00,329.1000061035156,329.1000061035156,328.67498779296875,328.7349853515625,2270
2026-08-28 10:25:00-04:00,328.7200012207031,329.4100036621094,328.67498779296875,329.3800048828125,11011
2026-08-28 10:26:00-04:00,328.81500244140625,328.92999267578125,328.55999755859375,328.67999267578125,2261
2026-08-28 10:27:00-04:00,328.4100036621094,328.94000244140625,328.4100036621094,328.9100036621094,4371
2026-08-28 10:28:00-04:00,329.0299987792969,329.0299987792969,328.4200134277344,328.8399963378906,2949
2026-08-28 10:29:00-04:00,329.0,329.0899963378906,329.0,329.0899963378906,919
2026-08-28 10:30:00-04:00,329.2049865722656,329.4800109863281,328.7650146484375,329.0799865722656,3086
2026-08-28 10:31:00-04:00,328.7300109863281,329.20001220703125,328.7300109863281,329.19500732421875,3555
2026-08-28 10:32:00-04:00,329.2149963378906,329.5,328.3818054199219,328.81500244140625,3520
2026-08-28 10:33:00-04:00,330.20001220703125,330.20001220703125,329.2124938964844,329.6700134277344,2865
2026-08-28 10:34:00-04:00,330.6000061035156,330.6000061035156,329.9549865722656,330.1099853515625,5719
2026-08-28 10:35:00-04:00,329.9549865722656,330.6000061035156,329.8999938964844,330.6000061035156,5271
2026-08-28 10:36:00-04:00,329.79998779296875,329.96990966796875,329.6400146484375,329.70001220703125,2150
2026-08-28 10:37:00-04:00,329.489990234375,329.6650085449219,329.2699890136719,329.6650085449219,4793
2026-08-28 10:38:00-04:00,330.0899963378906,330.19000244140625,329.4800109863281,329.489990234375,6915
2026-08-28 10:39:00-04:00,330.0350036621094,330.3299865722656,330.0350036621094,330.260009765625,2199
2026-08-28 10:40:00-04:00,330.2699890136719,330.3800048828125,329.80999755859375,330.0299987792969,5355
2026-08-28 10:41:00-04:00,330.25,330.54998779296875,330.04998779296875,330.3800048828125,27082
2026-08-28 10:42:00-04:00,330.0,330.20001220703125,330.0,330.20001220703125,4059
2026-08-28 10:43:00-04:00,330.0400085449219,330.1099853515625,329.7576904296875,329.8900146484375,2447
2026-08-28 10:44:00-04:00,329.8800048828125,330.35369873046875,329.85650634765625,330.3414001464844,4509
2026-08-28 10:45:00-04:00,330.3900146484375,330.3900146484375,330.0404968261719,330.0849914550781,3483
2026-08-28 10:46:00-04:00,330.2300109863281,330.2300109863281,330.18499755859375,330.18499755859375,2202
2026-08-28 10:47:00-04:00,330.5899963378906,330.7546081542969,330.45001220703125,330.45001220703125,6166
2026-08-28 10:48:00-04:00,331.2799987792969,331.2900085449219,330.6400146484375,330.6400146484375,7122
2026-08-28 10:49:00-04:00,331.32000732421875,331.3800048828125,331.135009765625,331.135009765625,2687
2026-08-28 10:50:00-04:00,331.43499755859375,331.7099914550781,331.32000732421875,331.32000732421875,12402
2026-08-28 10:51:00-04:00,331.1600036621094,331.5199890136719,331.1600036621094,331.5199890136719,2782
2026-08-28 10:52:00-04:00,331.42999267578125,331.5799865722656,331.2200012207031,331.4200134277344,3438
2026-08-28 10:53:00-04:00,331.385009765625,331.4700012207031,331.2829895019531,331.3450012207031,3623
2026-08-28 10:54:00-04:00,331.1400146484375,331.4700012207031,330.5799865722656,331.385009765625,5899
2026-08-28 10:55:00-04:00,331.1700134277344,331.1700134277344,330.94000244140625,331.1300048828125,5927
2026-08-28 10:56:00-04:00,331.0150146484375,331.05999755859375,331.0,331.0,2822
2026-08-28 10:57:00-04:00,331.0299987792969,331.0299987792969,330.7601013183594,331.00250244140625,1707
2026-08-28 10:58:00-04:00,331.1199951171875,331.1300048828125,331.0400085449219,331.0400085449219,1797
2026-08-28 10:59:00-04:00,331.2900085449219,331.2900085449219,331.125,331.125,1103
2026-08-28 11:00:00-04:00,331.6600036621094,331.69500732421875,331.29998779296875,331.29998779296875,5276
2026-08-28 11:01:00-04:00,331.20001220703125,331.7200012207031,331.1300048828125,331.6600036621094,4177
2026-08-28 11:02:00-04:00,331.1050109863281,331.2699890136719,330.94000244140625,331.17999267578125,3317
2026-08-28 11:03:00-04:00,331.6499938964844,331.94989013671875,331.0899963378906,331.0899963378906,8896
2026-08-28 11:04:00-04:00,331.6000061035156,332.0,331.6000061035156,331.81500244140625,8035
2026-08-28 11:05:00-04:00,332.04998779296875,332.2298889160156,331.802490234375,331.82501220703125,4503
2026-08-28 11:06:00-04:00,331.3500061035156,331.989990234375,331.260009765625,331.989990234375,5161
2026-08-28 11:07:00-04:00,331.0899963378906,331.3450012207031,331.0899963378906,331.1400146484375,1672
2026-08-28 11:08:00-04:00,330.9649963378906,331.4849853515625,330.70001220703125,331.29998779296875,17221
2026-08-28 11:09:00-04:00,331.0249938964844,331.2200012207031,331.0050048828125,331.010009765625,2576
2026-08-28 11:10:00-04:00,331.2300109863281,331.2950134277344,331.1050109863281,331.1050109863281,2201
2026-08-28 11:11:00-04:00,331.1499938964844,331.409912109375,331.04998779296875,331.2300109863281,2811
2026-08-28 11:12:00-04:00,331.1199951171875,331.4200134277344,330.7149963378906,331.4100036621094,4629
2026-08-28 11:13:00-04:00,331.3699951171875,331.3699951171875,330.8399963378906,331.20001220703125,5733
2026-08-28 11:14:00-04:00,331.3399963378906,331.4800109863281,331.2900085449219,331.2900085449219,2321
2026-08-28 11:15:00-04:00,331.8599853515625,331.95001220703125,331.3299865722656,331.3299865722656,3943
2026-08-28 11:16:00-04:00,332.4100036621094,332.44500732421875,332.0249938964844,332.0249938964844,3081
2026-08-28 11:17:00-04:00,331.7449951171875,332.45001220703125,331.7300109863281,332.44000244140625,14044
2026-08-28 11:18:00-04:00,331.44000244140625,331.8550109863281,331.44000244140625,331.8550109863281,5585
2026-08-28 11:19:00-04:00,331.44000244140625,331.7300109863281,331.44000244140625,331.5899963378906,5239
2026-08-28 11:20:00-04:00,331.92999267578125,331.989990234375,331.6000061035156,331.6000061035156,3364
2026-08-28 11:21:00-04:00,332.17999267578125,332.2900085449219,331.8900146484375,332.0,3881
2026-08-28 11:22:00-04:00,332.2449951171875,332.25,332.2449951171875,332.25,900
2026-08-28 11:23:00-04:00,332.44000244140625,332.45001220703125,332.2300109863281,332.239990234375,12521
2026-08-28 11:24:00-04:00,332.7799987792969,332.79998779296875,332.3999938964844,332.3999938964844,3896
2026-08-28 11:25:00-04:00,332.6400146484375,332.8999938964844,332.54998779296875,332.7950134277344,4200
2026-08-28 11:26:00-04:00,332.7149963378906,333.1199951171875,332.55999755859375,332.55999755859375,23433
2026-08-28 11:27:00-04:00,332.9200134277344,332.92999267578125,332.4100036621094,332.8299865722656,4472
2026-08-28 11:28:00-04:00,332.80999755859375,332.94000244140625,332.6109924316406,332.8500061035156,7778
2026-08-28 11:29:00-04:00,332.4049987792969,332.5450134277344,332.3900146484375,332.5450134277344,2691
2026-08-28 11:30:00-04:00,332.3500061035156,332.5299987792969,332.0763854980469,332.4049987792969,4036
2026-08-28 11:31:00-04:00,332.2449951171875,332.44000244140625,332.1600036621094,332.3500061035156,3212
2026-08-28 11:32:00-04:00,332.6575012207031,332.8747863769531,332.4200134277344,332.45001220703125,6728
2026-08-28 11:33:00-04:00,333.32501220703125,333.4599914550781,332.6752014160156,332.69000244140625,21383
2026-08-28 11:34:00-04:00,333.010009765625,333.3949890136719,333.0,333.32501220703125,4959
2026-08-28 11:35:00-04:00,332.9150085449219,333.0920104980469,332.7900085449219,332.9700012207031,4391
2026-08-28 11:36:00-04:00,332.8349914550781,332.92999267578125,332.70001220703125,332.75,3277
2026-08-28 11:37:00-04:00,332.4599914550781,332.69000244140625,332.4599914550781,332.69000244140625,1662
2026-08-28 11:38:00-04:00,332.2699890136719,332.5799865722656,332.2699890136719,332.5799865722656,3636
2026-08-28 11:39:00-04:00,331.4100036621094,332.260009765625,331.4100036621094,332.260009765625,4896
2026-08-28 11:40:00-04:00,331.010009765625,331.489990234375,330.8858947753906,331.489990234375,7308
2026-08-28 11:41:00-04:00,331.07000732421875,331.3299865722656,330.7300109863281,331.3299865722656,5208
2026-08-28 11:42:00-04:00,330.8399963378906,330.989990234375,330.8399963378906,330.989990234375,2384
2026-08-28 11:43:00-04:00,330.8399963378906,330.8399963378906,330.7178039550781,330.7178039550781,1259
2026-08-28 11:44:00-04:00,330.7449951171875,331.0400085449219,330.7300109863281,331.0299987792969,4411
2026-08-28 11:45:00-04:00,330.1300048828125,330.45001220703125,330.07000732421875,330.3999938964844,3648
2026-08-28 11:46:00-04:00,330.18499755859375,330.2349853515625,330.010009765625,330.1000061035156,8857
2026-08-28 11:47:00-04:00,329.82000732421875,330.3399963378906,329.82000732421875,330.1199951171875,7231
2026-08-28 11:48:00-04:00,329.7699890136719,329.9700012207031,329.260009765625,329.9700012207031,7961
2026-08-28 11:49:00-04:00,329.739990234375,329.95001220703125,329.3599853515625,329.95001220703125,1640
2026-08-28 11:50:00-04:00,329.3399963378906,329.6700134277344,329.3399963378906,329.54998779296875,3198
2026-08-28 11:51:00-04:00,328.9200134277344,329.20001220703125,328.7749938964844,329.19000244140625,6314
2026-08-28 11:52:00-04:00,328.8299865722656,328.9599914550781,328.6900939941406,328.9599914550781,3580
2026-08-28 11:53:00-04:00,328.6600036621094,328.95001220703125,328.6600036621094,328.7900085449219,3311
2026-08-28 11:54:00-04:00,328.8500061035156,328.9100036621094,328.5,328.6600036621094,13912
2026-08-28 11:55:00-04:00,328.2699890136719,328.8500061035156,328.2699890136719,328.760009765625,5399
2026-08-28 11:56:00-04:00,328.30999755859375,328.5299987792969,328.25,328.2799987792969,6466
2026-08-28 11:57:00-04:00,328.20001220703125,328.55999755859375,327.8377990722656,328.42999267578125,18091
2026-08-28 11:58:00-04:00,328.45001220703125,328.4599914550781,328.1300048828125,328.1300048828125,3926
2026-08-28 11:59:00-04:00,328.0,328.4700012207031,327.91400146484375,328.4599914550781,5920
2026-08-28 12:00:00-04:00,327.7449951171875,328.0299987792969,327.6400146484375,327.9024963378906,19045
2026-08-28 12:01:00-04:00,327.67999267578125,327.69000244140625,327.0799865722656,327.6400146484375,10696
2026-08-28 12:02:00-04:00,327.510009765625,327.6000061035156,327.510009765625,327.5799865722656,1884
2026-08-28 12:03:00-04:00,327.96258544921875,328.0,327.510009765625,327.510009765625,8085
2026-08-28 12:04:00-04:00,328.05999755859375,328.1400146484375,327.9700012207031,328.0,6067
2026-08-28 12:05:00-04:00,328.0,328.05499267578125,327.79998779296875,327.9200134277344,4389
2026-08-28 12:06:00-04:00,328.1700134277344,328.25,327.8877868652344,328.1600036621094,6047
2026-08-28 12:07:00-04:00,328.31500244140625,328.5899963378906,328.1400146484375,328.42999267578125,3602
2026-08-28 12:08:00-04:00,327.8999938964844,328.17498779296875,327.8999938964844,328.17498779296875,1561
2026-08-28 12:09:00-04:00,327.8949890136719,328.05999755859375,327.7549133300781,327.8999938964844,3503
2026-08-28 12:10:00-04:00,327.70001220703125,327.8949890136719,327.6600036621094,327.8949890136719,3150
2026-08-28 12:11:00-04:00,327.5924987792969,328.1702880859375,327.5924987792969,327.8299865722656,7112
2026-08-28 12:12:00-04:00,327.7900085449219,327.7900085449219,327.6050109863281,327.6050109863281,1312
2026-08-28 12:13:00-04:00,327.81500244140625,328.0,327.81500244140625,327.9100036621094,2690
2026-08-28 12:14:00-04:00,327.7799987792969,327.80499267578125,327.7799987792969,327.80499267578125,1224
2026-08-28 12:15:00-04:00,327.1000061035156,327.7850036621094,327.1000061035156,327.7850036621094,4975
2026-08-28 12:16:00-04:00,326.7200012207031,327.0799865722656,326.70001220703125,327.0799865722656,6100
2026-08-28 12:17:00-04:00,326.3299865722656,326.7799987792969,326.20001220703125,326.7799987792969,6315
2026-08-28 12:18:00-04:00,325.8900146484375,326.4599914550781,325.6900939941406,326.1600036621094,5621
2026-08-28 12:19:00-04:00,326.1000061035156,326.2300109863281,325.82000732421875,325.82000732421875,6008
2026-08-28 12:20:00-04:00,326.29998779296875,326.3999938964844,326.05999755859375,326.2799987792969,6049
2026-08-28 12:21:00-04:00,326.5799865722656,326.5799865722656,325.8299865722656,326.20001220703125,6232
2026-08-28 12:22:00-04:00,327.0400085449219,327.0400085449219,326.70001220703125,326.739990234375,1560
2026-08-28 12:23:00-04:00,326.9100036621094,326.9100036621094,326.489990234375,326.7799987792969,3269
2026-08-28 12:24:00-04:00,327.2300109863281,327.2900085449219,326.3599853515625,326.5194091796875,8861
2026-08-28 12:25:00-04:00,327.5400085449219,327.5400085449219,327.17999267578125,327.17999267578125,1847
2026-08-28 12:26:00-04:00,327.4949951171875,327.5299987792969,327.4100036621094,327.5299987792969,2761
2026-08-28 12:27:00-04:00,327.4649963378906,327.6199951171875,327.4599914550781,327.5199890136719,1918
2026-08-28 12:28:00-04:00,327.7850036621094,327.90948486328125,327.6300048828125,327.6300048828125,4143
2026-08-28 12:29:00-04:00,327.2620849609375,327.2620849609375,327.1300048828125,327.1300048828125,2451
2026-08-28 12:30:00-04:00,327.614990234375,327.614990234375,327.3299865722656,327.3299865722656,2870
2026-08-28 12:31:00-04:00,327.6474914550781,327.7799987792969,327.4952087402344,327.67999267578125,2776
2026-08-28 12:32:00-04:00,328.1099853515625,328.1099853515625,327.53228759765625,327.6499938964844,2324
2026-08-28 12:33:00-04:00,328.1600036621094,328.3299865722656,328.05999755859375,328.05999755859375,5146
2026-08-28 12:34:00-04:00,327.3299865722656,327.989990234375,327.3299865722656,327.989990234375,3144
2026-08-28 12:35:00-04:00,327.67999267578125,327.70001220703125,327.510009765625,327.510009765625,2678
2026-08-28 12:36:00-04:00,327.8999938964844,328.0199890136719,327.8299865722656,327.8299865722656,2602
2026-08-28 12:37:00-04:00,327.94500732421875,327.94500732421875,327.94500732421875,327.94500732421875,705
2026-08-28 12:38:00-04:00,327.7301025390625,327.7301025390625,327.7301025390625,327.7301025390625,845
2026-08-28 12:39:00-04:00,328.06500244140625,328.06500244140625,328.0450134277344,328.0450134277344,952
2026-08-28 12:40:00-04:00,327.6549987792969,327.989990234375,327.6549987792969,327.989990234375,2656
2026-08-28 12:41:00-04:00,328.1000061035156,328.1050109863281,327.6499938964844,327.6499938964844,7876
2026-08-28 12:42:00-04:00,327.6700134277344,327.6700134277344,327.6700134277344,327.6700134277344,272
2026-08-28 12:43:00-04:00,327.822509765625,327.8550109863281,327.822509765625,327.822509765625,846
2026-08-28 12:44:00-04:00,328.19000244140625,328.19000244140625,327.7149963378906,327.7200012207031,4110
2026-08-28 12:45:00-04:00,328.5400085449219,328.55499267578125,327.9800109863281,328.2200012207031,15823
2026-08-28 12:46:00-04:00,328.9999084472656,328.9999084472656,328.42999267578125,328.4750061035156,6922
2026-08-28 12:47:00-04:00,328.9800109863281,329.1499938964844,328.69000244140625,328.8900146484375,6991
2026-08-28 12:48:00-04:00,328.80999755859375,329.00799560546875,328.80999755859375,329.00799560546875,2302
2026-08-28 12:49:00-04:00,328.739990234375,328.8699951171875,328.54998779296875,328.8699951171875,3348
2026-08-28 12:50:00-04:00,328.8900146484375,329.1499938964844,328.82000732421875,328.94000244140625,5934
2026-08-28 12:51:00-04:00,329.7699890136719,329.7699890136719,329.19000244140625,329.20001220703125,3466
2026-08-28 12:52:00-04:00,329.510009765625,329.7799987792969,329.510009765625,329.760009765625,1326
2026-08-28 12:53:00-04:00,329.1400146484375,329.6600036621094,329.1400146484375,329.6449890136719,4062
2026-08-28 12:54:00-04:00,328.44000244140625,329.2998962402344,328.44000244140625,329.04998779296875,3392
2026-08-28 12:55:00-04:00,328.8599853515625,328.8599853515625,328.3866882324219,328.3866882324219,1481
2026-08-28 12:56:00-04:00,329.07000732421875,329.3800048828125,329.052490234375,329.052490234375,8539
2026-08-28 12:57:00-04:00,329.1400146484375,329.1400146484375,328.79998779296875,329.1000061035156,8436
2026-08-28 12:58:00-04:00,328.70001220703125,329.1300048828125,328.70001220703125,329.1300048828125,6667
2026-08-28 12:59:00-04:00,328.6700134277344,328.989990234375,328.6700134277344,328.864990234375,2623
2026-08-28 13:00:00-04:00,328.2550048828125,328.54998779296875,328.0799865722656,328.54998779296875,3171
2026-08-28 13:01:00-04:00,328.4100036621094,328.5,328.2550048828125,328.2550048828125,3287
2026-08-28 13:02:00-04:00,328.42498779296875,328.42999267578125,328.42498779296875,328.42999267578125,1227
2026-08-28 13:04:00-04:00,328.4623107910156,328.739990234375,328.4519958496094,328.6000061035156,5590
2026-08-28 13:05:00-04:00,328.3999938964844,328.45001220703125,328.3999938964844,328.45001220703125,813
2026-08-28 13:06:00-04:00,328.260009765625,328.43499755859375,328.25,328.43499755859375,2059
2026-08-28 13:07:00-04:00,328.55999755859375,328.5799865722656,328.18310546875,328.18310546875,3137
2026-08-28 13:08:00-04:00,328.8294982910156,328.8294982910156,328.5899963378906,328.5899963378906,3445
2026-08-28 13:09:00-04:00,328.7300109863281,328.8550109863281,328.7300109863281,328.8399963378906,1467
2026-08-28 13:10:00-04:00,328.6000061035156,328.739990234375,328.6000061035156,328.6199951171875,1983
2026-08-28 13:11:00-04:00,328.8949890136719,328.8999938964844,328.489990234375,328.489990234375,4891
2026-08-28 13:12:00-04:00,329.25,329.4700012207031,329.25,329.29998779296875,4854
2026-08-28 13:13:00-04:00,329.42999267578125,329.42999267578125,329.2774963378906,329.2774963378906,955
2026-08-28 13:14:00-04:00,329.3699951171875,329.3699951171875,329.3699951171875,329.3699951171875,344
2026-08-28 13:15:00-04:00,329.2200012207031,329.375,329.19000244140625,329.375,2249
2026-08-28 13:16:00-04:00,329.3424987792969,329.3999938964844,329.1601867675781,329.1601867675781,3559
2026-08-28 13:17:00-04:00,329.489990234375,329.489990234375,329.489990234375,329.489990234375,333
2026-08-28 13:18:00-04:00,329.55999755859375,329.5899963378906,329.55999755859375,329.55999755859375,2146
2026-08-28 13:19:00-04:00,329.5899963378906,329.7799987792969,329.5899963378906,329.5899963378906,2203
2026-08-28 13:20:00-04:00,329.3999938964844,329.5899963378906,329.3299865722656,329.5899963378906,4222
2026-08-28 13:21:00-04:00,328.9649963378906,329.3500061035156,328.9649963378906,329.2099914550781,2877
2026-08-28 13:22:00-04:00,328.9800109863281,329.1400146484375,328.9700012207031,328.9700012207031,1414
2026-08-28 13:23:00-04:00,329.04998779296875,329.1650085449219,329.04998779296875,329.1400146484375,2150
2026-08-28 13:24:00-04:00,329.2149963378906,329.2699890136719,329.04559326171875,329.04559326171875,2037
2026-08-28 13:25:00-04:00,328.9700012207031,329.2699890136719,328.95001220703125,329.18499755859375,6327
2026-08-28 13:26:00-04:00,328.94500732421875,328.94500732421875,328.94500732421875,328.94500732421875,479
2026-08-28 13:27:00-04:00,329.2200012207031,329.32000732421875,328.9200134277344,329.05999755859375,11438
2026-08-28 13:28:00-04:00,329.45001220703125,329.489990234375,329.239990234375,329.239990234375,1680
2026-08-28 13:29:00-04:00,329.4700012207031,329.4700012207031,329.44000244140625,329.44000244140625,811
2026-08-28 13:30:00-04:00,329.1903991699219,329.5400085449219,329.1903991699219,329.30999755859375,4782
2026-08-28 13:31:00-04:00,329.32000732421875,329.32000732421875,329.0,329.31500244140625,5604
2026-08-28 13:32:00-04:00,329.54998779296875,329.54998779296875,329.2300109863281,329.29998779296875,1598
2026-08-28 13:33:00-04:00,330.1000061035156,330.2099914550781,329.760009765625,329.7699890136719,7066
2026-08-28 13:34:00-04:00,330.2900085449219,330.2900085449219,329.9800109863281,330.1000061035156,5070
2026-08-28 13:35:00-04:00,330.3900146484375,330.4100036621094,330.1449890136719,330.239990234375,5958
2026-08-28 13:36:00-04:00,330.74249267578125,330.8500061035156,330.260009765625,330.375,10962
2026-08-28 13:37:00-04:00,330.44000244140625,330.69500732421875,330.3800048828125,330.69500732421875,4629
2026-08-28 13:38:00-04:00,330.4849853515625,330.4849853515625,330.3399963378906,330.44000244140625,4761
2026-08-28 13:39:00-04:00,330.20001220703125,330.59271240234375,330.20001220703125,330.4849853515625,4262
2026-08-28 13:40:00-04:00,330.30999755859375,330.30999755859375,330.2550048828125,330.2550048828125,1337
2026-08-28 13:41:00-04:00,330.29998779296875,330.30499267578125,330.17999267578125,330.30499267578125,1490
2026-08-28 13:42:00-04:00,330.4599914550781,330.4599914550781,330.4599914550781,330.4599914550781,661
2026-08-28 13:43:00-04:00,330.17999267578125,330.57989501953125,330.0299987792969,330.3999938964844,8986
2026-08-28 13:44:00-04:00,329.75,330.0,329.69000244140625,329.95001220703125,8492
2026-08-28 13:45:00-04:00,329.75,329.80999755859375,329.4800109863281,329.7875061035156,9752
2026-08-28 13:46:00-04:00,329.75,330.0,329.75,329.80499267578125,2929
2026-08-28 13:47:00-04:00,329.6099853515625,329.80999755859375,329.6099853515625,329.75,2699
2026-08-28 13:48:00-04:00,329.6700134277344,329.6700134277344,329.6499938964844,329.6499938964844,978
2026-08-28 13:49:00-04:00,329.7149963378906,329.8599853515625,329.7149963378906,329.8599853515625,2139
2026-08-28 13:51:00-04:00,329.8799133300781,329.8799133300781,329.6724853515625,329.68499755859375,2021
2026-08-28 13:52:00-04:00,329.67498779296875,329.75,329.67498779296875,329.67498779296875,2785
2026-08-28 13:53:00-04:00,329.69000244140625,329.7099914550781,329.42999267578125,329.4800109863281,2334
2026-08-28 13:54:00-04:00,329.6700134277344,329.6700134277344,329.6700134277344,329.6700134277344,1373
2026-08-28 13:55:00-04:00,329.5400085449219,329.67498779296875,329.45001220703125,329.6199951171875,3555
2026-08-28 13:56:00-04:00,329.5249938964844,329.7084045410156,329.3900146484375,329.3900146484375,2651
2026-08-28 13:57:00-04:00,329.5574951171875,329.5950012207031,329.5299987792969,329.5299987792969,1028
2026-08-28 13:58:00-04:00,329.55999755859375,329.5799865722656,329.54998779296875,329.54998779296875,925
2026-08-28 13:59:00-04:00,329.6050109863281,329.7200012207031,329.6050109863281,329.7200012207031,2394
2026-08-28 14:00:00-04:00,329.3699951171875,329.6000061035156,329.3599853515625,329.5899963378906,5395
2026-08-28 14:01:00-04:00,329.0899963378906,329.3599853515625,329.0799865722656,329.3599853515625,3557
2026-08-28 14:02:00-04:00,328.9646911621094,329.1600036621094,328.9646911621094,329.1600036621094,1104
2026-08-28 14:03:00-04:00,329.20001220703125,329.56500244140625,329.1449890136719,329.32000732421875,10545
2026-08-28 14:04:00-04:00,329.510009765625,329.510009765625,329.25,329.25,2632
2026-08-28 14:05:00-04:00,329.44000244140625,329.5299987792969,329.2200012207031,329.2200012207031,3603
2026-08-28 14:06:00-04:00,329.29998779296875,329.3450012207031,329.1300048828125,329.2699890136719,3183
2026-08-28 14:07:00-04:00,329.385009765625,329.385009765625,329.2950134277344,329.2950134277344,2538
2026-08-28 14:08:00-04:00,329.1499938964844,329.239990234375,329.1499938964844,329.2099914550781,2157
2026-08-28 14:09:00-04:00,329.489990234375,329.6400146484375,329.25,329.25,27577
2026-08-28 14:10:00-04:00,329.9849853515625,330.1099853515625,329.3747863769531,329.5,17824
2026-08-28 14:11:00-04:00,329.8450012207031,330.0299987792969,329.7099914550781,330.0299987792969,6547
2026-08-28 14:12:00-04:00,329.8500061035156,329.9549865722656,329.8500061035156,329.8500061035156,3487
2026-08-28 14:13:00-04:00,329.4150085449219,329.8500061035156,329.4100036621094,329.8500061035156,7020
2026-08-28 14:14:00-04:00,329.1499938964844,329.2550048828125,329.1499938964844,329.25,1438
2026-08-28 14:15:00-04:00,329.3999938964844,329.5400085449219,329.0199890136719,329.2699890136719,11556
2026-08-28 14:16:00-04:00,329.5299987792969,329.6000061035156,329.44000244140625,329.44000244140625,3283
2026-08-28 14:17:00-04:00,329.6199951171875,329.7300109863281,329.5199890136719,329.5899963378906,6687
2026-08-28 14:18:00-04:00,329.864990234375,329.8699951171875,329.70001220703125,329.7200012207031,8177
2026-08-28 14:19:00-04:00,330.2049865722656,330.2049865722656,329.864990234375,329.864990234375,9923
2026-08-28 14:20:00-04:00,330.385009765625,330.385009765625,330.2049865722656,330.2049865722656,3944
2026-08-28 14:21:00-04:00,330.6000061035156,330.6000061035156,330.3800048828125,330.3800048828125,4190
2026-08-28 14:22:00-04:00,330.1700134277344,330.67498779296875,330.1300048828125,330.5150146484375,9349
2026-08-28 14:23:00-04:00,328.95001220703125,329.94000244140625,328.7900085449219,329.94000244140625,8013
2026-08-28 14:24:00-04:00,329.0299987792969,329.1000061035156,328.8699951171875,329.0299987792969,2213
2026-08-28 14:25:00-04:00,328.94000244140625,329.0050048828125,328.8299865722656,328.8599853515625,2978
2026-08-28 14:26:00-04:00,329.0249938964844,329.1099853515625,328.8800048828125,328.8800048828125,2644
2026-08-28 14:27:00-04:00,329.0199890136719,329.0199890136719,329.0199890136719,329.0199890136719,883
2026-08-28 14:28:00-04:00,329.25,329.25,329.0299987792969,329.0299987792969,669
2026-08-28 14:29:00-04:00,328.8301086425781,329.2300109863281,328.80999755859375,329.0249938964844,3311
2026-08-28 14:30:00-04:00,329.2200012207031,329.2699890136719,329.20001220703125,329.20001220703125,2628
2026-08-28 14:31:00-04:00,329.0950012207031,329.1400146484375,328.94000244140625,329.0,3172
2026-08-28 14:32:00-04:00,329.30499267578125,329.3900146484375,329.239990234375,329.239990234375,1268
2026-08-28 14:33:00-04:00,328.92999267578125,329.375,328.92999267578125,329.375,3400
2026-08-28 14:34:00-04:00,328.8699951171875,329.19000244140625,328.8699951171875,329.0299987792969,2657
2026-08-28 14:35:00-04:00,328.8599853515625,328.8599853515625,328.8599853515625,328.8599853515625,170
2026-08-28 14:36:00-04:00,328.54998779296875,328.760009765625,328.54998779296875,328.760009765625,2623
2026-08-28 14:37:00-04:00,328.69000244140625,328.69000244140625,328.4800109863281,328.6449890136719,1606
2026-08-28 14:38:00-04:00,328.6549987792969,328.6549987792969,328.45001220703125,328.4800109863281,1776
2026-08-28 14:39:00-04:00,328.75,328.760009765625,328.6449890136719,328.6449890136719,2758
2026-08-28 14:40:00-04:00,328.8399963378906,328.8399963378906,328.8299865722656,328.8299865722656,780
2026-08-28 14:41:00-04:00,328.6300048828125,328.8599853515625,328.6300048828125,328.8399963378906,6109
2026-08-28 14:42:00-04:00,328.3800048828125,328.5450134277344,328.3800048828125,328.5450134277344,2221
2026-08-28 14:43:00-04:00,328.4150085449219,328.42999267578125,328.375,328.375,2629
2026-08-28 14:44:00-04:00,328.7099914550781,328.739990234375,328.55999755859375,328.55999755859375,1657
2026-08-28 14:45:00-04:00,328.67999267578125,328.82501220703125,328.6300048828125,328.6300048828125,2771
2026-08-28 14:46:00-04:00,328.95989990234375,328.9599914550781,328.79998779296875,328.9599914550781,960
2026-08-28 14:47:00-04:00,329.0,329.0,328.95001220703125,328.95001220703125,1946
2026-08-28 14:48:00-04:00,328.9800109863281,328.9800109863281,328.875,328.92498779296875,2532
2026-08-28 14:49:00-04:00,328.8900146484375,328.8900146484375,328.80999755859375,328.8399963378906,2287
2026-08-28 14:50:00-04:00,328.5299987792969,328.8900146484375,328.5,328.8900146484375,3915
2026-08-28 14:51:00-04:00,329.1300048828125,329.1300048828125,328.6099853515625,328.6099853515625,4564
2026-08-28 14:52:00-04:00,329.0101013183594,329.18499755859375,329.0101013183594,329.17498779296875,1940
2026-08-28 14:53:00-04:00,329.1449890136719,329.1451110839844,329.010009765625,329.0899963378906,3503
2026-08-28 14:54:00-04:00,329.260009765625,329.3699951171875,329.1400146484375,329.17999267578125,1598
2026-08-28 14:55:00-04:00,329.2349853515625,329.3500061035156,329.1300048828125,329.2650146484375,3676
2026-08-28 14:56:00-04:00,329.2200012207031,329.3500061035156,329.12310791015625,329.2300109863281,4755
2026-08-28 14:57:00-04:00,329.2799987792969,329.2799987792969,329.0,329.2099914550781,3592
2026-08-28 14:58:00-04:00,329.2300109863281,329.3399963378906,329.1650085449219,329.29998779296875,2380
2026-08-28 14:59:00-04:00,329.2200012207031,329.3599853515625,329.1199951171875,329.1199951171875,1846
2026-08-28 15:00:00-04:00,329.0960998535156,329.5199890136719,329.05499267578125,329.2900085449219,11346
2026-08-28 15:01:00-04:00,329.25,329.30999755859375,329.05999755859375,329.1000061035156,3792
2026-08-28 15:02:00-04:00,329.239990234375,329.2724914550781,329.1099853515625,329.2550048828125,9423
2026-08-28 15:03:00-04:00,328.82000732421875,329.2250061035156,328.7850036621094,329.2250061035156,5052
2026-08-28 15:04:00-04:00,328.81500244140625,328.989990234375,328.739990234375,328.8599853515625,2625
2026-08-28 15:05:00-04:00,328.8349914550781,328.8399963378906,328.8349914550781,328.8399963378906,1301
2026-08-28 15:06:00-04:00,329.0,329.0899963378906,328.7099914550781,328.8399963378906,3855
2026-08-28 15:07:00-04:00,329.2200012207031,329.2200012207031,329.010009765625,329.010009765625,2240
2026-08-28 15:08:00-04:00,329.0899963378906,329.2598876953125,328.92999267578125,329.1000061035156,2872
2026-08-28 15:09:00-04:00,329.1694030761719,329.1694030761719,328.8999938964844,328.92999267578125,2677
2026-08-28 15:10:00-04:00,329.260009765625,329.260009765625,329.0299987792969,329.17449951171875,3404
2026-08-28 15:11:00-04:00,329.2449951171875,329.3699951171875,329.14898681640625,329.2799987792969,4875
2026-08-28 15:12:00-04:00,329.1099853515625,329.2550048828125,329.0799865722656,329.25,3513
2026-08-28 15:13:00-04:00,328.6600036621094,329.0,328.6600036621094,329.0,4445
2026-08-28 15:14:00-04:00,328.80999755859375,328.80999755859375,328.3900146484375,328.6700134277344,3412
2026-08-28 15:15:00-04:00,328.5450134277344,328.5450134277344,328.5450134277344,328.5450134277344,800
2026-08-28 15:16:00-04:00,328.2950134277344,328.614990234375,328.2900085449219,328.6025085449219,2688
2026-08-28 15:17:00-04:00,328.1300048828125,328.3699951171875,328.1300048828125,328.19000244140625,2608
2026-08-28 15:18:00-04:00,328.489990234375,328.489990234375,328.239990234375,328.3399963378906,3896
2026-08-28 15:19:00-04:00,328.6050109863281,328.68499755859375,328.3699951171875,328.5799865722656,8065
2026-08-28 15:20:00-04:00,328.8599853515625,328.8599853515625,328.6000061035156,328.6050109863281,2813
2026-08-28 15:21:00-04:00,328.82000732421875,328.95001220703125,328.82000732421875,328.95001220703125,1395
2026-08-28 15:22:00-04:00,328.7799987792969,328.9800109863281,328.7799987792969,328.95001220703125,3644
2026-08-28 15:23:00-04:00,328.5299987792969,328.8399963378906,328.5199890136719,328.8399963378906,4343
2026-08-28 15:24:00-04:00,328.6300048828125,328.6300048828125,328.4649963378906,328.5199890136719,3479
2026-08-28 15:25:00-04:00,328.8900146484375,328.92999267578125,328.79998779296875,328.79998779296875,3310
2026-08-28 15:26:00-04:00,328.5899963378906,328.9049987792969,328.5899963378906,328.9049987792969,5054
2026-08-28 15:27:00-04:00,328.7349853515625,328.8999938964844,328.625,328.625,2183
2026-08-28 15:28:00-04:00,328.42498779296875,328.739990234375,328.3699951171875,328.739990234375,5518
2026-08-28 15:29:00-04:00,328.4200134277344,328.43499755859375,328.1499938964844,328.43499755859375,5001
2026-08-28 15:30:00-04:00,328.5050048828125,328.6499938964844,328.42498779296875,328.42498779296875,5003
2026-08-28 15:31:00-04:00,328.489990234375,328.5,328.3399963378906,328.5,2663
2026-08-28 15:32:00-04:00,328.30499267578125,328.6300048828125,328.30499267578125,328.5,8453
2026-08-28 15:33:00-04:00,328.32000732421875,328.4849853515625,328.2950134277344,328.2950134277344,2757
2026-08-28 15:34:00-04:00,328.2650146484375,328.375,328.135009765625,328.375,7839
2026-08-28 15:35:00-04:00,328.4049987792969,328.4649963378906,327.989990234375,328.3500061035156,19388
2026-08-28 15:36:00-04:00,328.7799987792969,328.7799987792969,328.32000732421875,328.4049987792969,5857
2026-08-28 15:37:00-04:00,328.6600036621094,328.8599853515625,328.6300048828125,328.82000732421875,4338
2026-08-28 15:38:00-04:00,328.739990234375,328.739990234375,328.5400085449219,328.5400085449219,1923
2026-08-28 15:39:00-04:00,329.2200012207031,329.29998779296875,328.70001220703125,328.70001220703125,7548
2026-08-28 15:40:00-04:00,329.3399963378906,329.67999267578125,329.2200012207031,329.30999755859375,8165
2026-08-28 15:41:00-04:00,329.19000244140625,329.30999755859375,329.0899963378906,329.30999755859375,4797
2026-08-28 15:42:00-04:00,329.0799865722656,329.20001220703125,328.9949951171875,329.17498779296875,8862
2026-08-28 15:43:00-04:00,328.6600036621094,329.5,328.6600036621094,329.1300048828125,22945
2026-08-28 15:44:00-04:00,328.739990234375,328.7799987792969,328.6499938964844,328.6499938964844,5060
2026-08-28 15:45:00-04:00,328.1499938964844,328.8599853515625,328.0,328.8074951171875,5630
2026-08-28 15:46:00-04:00,327.8800048828125,328.29998779296875,327.6499938964844,328.29998779296875,5680
2026-08-28 15:47:00-04:00,327.7275085449219,328.0899963378906,327.6400146484375,327.8699951171875,12260
2026-08-28 15:48:00-04:00,327.5299987792969,327.7300109863281,327.4200134277344,327.7250061035156,6942
2026-08-28 15:49:00-04:00,327.2200012207031,327.6000061035156,327.20001220703125,327.6000061035156,8607
2026-08-28 15:50:00-04:00,327.68499755859375,327.739990234375,327.2149963378906,327.2149963378906,12973
2026-08-28 15:51:00-04:00,327.20098876953125,328.0,327.20001220703125,327.92999267578125,16514
2026-08-28 15:52:00-04:00,327.375,327.4599914550781,327.1400146484375,327.30499267578125,8469
2026-08-28 15:53:00-04:00,327.30499267578125,327.44000244140625,327.19000244140625,327.3599853515625,6612
2026-08-28 15:54:00-04:00,327.1300048828125,327.4599914550781,327.0799865722656,327.30499267578125,12872
2026-08-28 15:55:00-04:00,326.92999267578125,327.25,326.760009765625,327.0199890136719,20383
2026-08-28 15:56:00-04:00,327.0899963378906,327.2300109863281,326.92498779296875,327.0400085449219,43476
2026-08-28 15:57:00-04:00,327.2300109863281,327.45001220703125,327.0899963378906,327.0899963378906,36689
2026-08-28 15:58:00-04:00,328.0899963378906,328.0899963378906,327.0450134277344,327.1700134277344,62694
2026-08-28 15:59:00-04:00,327.989990234375,328.0299987792969,327.6000061035156,328.0299987792969,81039
2026-08-31 09:30:00-04:00,330.2650146484375,332.20001220703125,326.3999938964844,326.5,152200
2026-08-31 09:31:00-04:00,331.3800048828125,332.2699890136719,328.989990234375,331.69000244140625,38783
2026-08-31 09:32:00-04:00,327.05499267578125,332.6499938964844,326.8500061035156,332.6499938964844,14796
2026-08-31 09:33:00-04:00,328.82501220703125,329.7099914550781,328.4100036621094,329.7099914550781,12147
2026-08-31 09:34:00-04:00,329.8500061035156,331.0751953125,327.7200012207031,329.6499938964844,16411
2026-08-31 09:35:00-04:00,330.2749938964844,331.0,328.92498779296875,330.010009765625,7642
2026-08-31 09:36:00-04:00,329.7799987792969,330.989990234375,329.3399963378906,330.989990234375,5505
2026-08-31 09:37:00-04:00,329.2699890136719,330.2699890136719,328.69000244140625,330.2699890136719,7533
2026-08-31 09:38:00-04:00,327.30499267578125,329.81988525390625,327.010009765625,329.7900085449219,4929
2026-08-31 09:39:00-04:00,327.2325134277344,327.6000061035156,326.3599853515625,327.6000061035156,3298
2026-08-31 09:40:00-04:00,327.9849853515625,328.3349914550781,327.5899963378906,327.5899963378906,12083
2026-08-31 09:41:00-04:00,326.6499938964844,328.5,326.55999755859375,328.5,5738
2026-08-31 09:42:00-04:00,328.12750244140625,328.4800109863281,326.6600036621094,327.2699890136719,5904
2026-08-31 09:43:00-04:00,327.7799987792969,328.4800109863281,327.69000244140625,328.4800109863281,5077
2026-08-31 09:44:00-04:00,327.989990234375,329.1199951171875,327.7699890136719,328.45001220703125,11108
2026-08-31 09:45:00-04:00,327.93499755859375,328.5,327.0899963378906,328.5,7572
2026-08-31 09:46:00-04:00,326.0,328.3999938964844,326.0,328.3999938964844,9158
2026-08-31 09:47:00-04:00,325.7099914550781,326.1400146484375,324.0,326.0,24194
2026-08-31 09:48:00-04:00,324.4750061035156,325.7099914550781,323.7200012207031,325.7099914550781,19339
2026-08-31 09:49:00-04:00,325.2200012207031,325.7200012207031,324.1300048828125,324.8599853515625,29481
2026-08-31 09:50:00-04:00,324.1099853515625,325.739990234375,323.17999267578125,325.2250061035156,12466
2026-08-31 09:51:00-04:00,325.0299987792969,325.260009765625,324.0249938964844,324.8500061035156,7791
2026-08-31 09:52:00-04:00,324.19000244140625,325.9100036621094,323.3599853515625,325.9100036621094,11466
2026-08-31 09:53:00-04:00,323.70001220703125,324.489990234375,323.1000061035156,324.489990234375,20080
2026-08-31 09:54:00-04:00,325.69000244140625,326.0199890136719,323.7049865722656,324.0400085449219,9412
2026-08-31 09:55:00-04:00,325.6400146484375,326.5093994140625,325.0,325.8800048828125,12780
2026-08-31 09:56:00-04:00,326.4150085449219,326.82989501953125,325.9574890136719,326.0199890136719,7316
2026-08-31 09:57:00-04:00,325.4200134277344,326.5403137207031,325.4200134277344,326.3599853515625,7373
2026-08-31 09:58:00-04:00,325.07000732421875,325.8299865722656,324.7900085449219,325.6300048828125,4730
2026-08-31 09:59:00-04:00,324.7799987792969,326.42999267578125,324.6700134277344,326.42999267578125,5162
2026-08-31 10:00:00-04:00,324.5799865722656,325.05499267578125,324.4324951171875,324.5801086425781,5524
2026-08-31 10:01:00-04:00,325.19000244140625,325.42999267578125,324.5899963378906,325.1099853515625,3064
2026-08-31 10:02:00-04:00,324.625,325.3599853515625,324.625,325.3599853515625,9876
2026-08-31 10:03:00-04:00,325.24798583984375,325.3999938964844,324.69500732421875,324.82000732421875,2981
2026-08-31 10:04:00-04:00,325.510009765625,325.55999755859375,325.1099853515625,325.4599914550781,5497
2026-08-31 10:05:00-04:00,326.7550048828125,326.9800109863281,325.3800048828125,325.489990234375,6598
2026-08-31 10:06:00-04:00,325.5,326.7699890136719,325.5,326.7699890136719,12412
2026-08-31 10:07:00-04:00,325.6449890136719,326.3999938964844,325.3999938964844,326.3999938964844,3910
2026-08-31 10:08:00-04:00,326.75,326.75,325.32000732421875,326.0,10378
2026-08-31 10:09:00-04:00,325.92498779296875,326.6499938964844,325.8599853515625,326.6499938964844,3426
2026-08-31 10:10:00-04:00,325.6400146484375,326.510009765625,325.6400146484375,326.510009765625,3093
2026-08-31 10:11:00-04:00,325.4649963378906,326.0899963378906,325.4599914550781,326.0899963378906,4098
2026-08-31 10:12:00-04:00,324.43499755859375,325.489990234375,324.20001220703125,325.489990234375,6520
2026-08-31 10:13:00-04:00,324.3450012207031,324.5899963378906,324.0,324.5899963378906,8064
2026-08-31 10:14:00-04:00,324.0,324.75,323.7059020996094,324.75,6542
2026-08-31 10:15:00-04:00,323.5,324.3399963378906,323.29998779296875,324.3399963378906,16856
2026-08-31 10:16:00-04:00,323.7149963378906,323.9599914550781,323.32000732421875,323.9599914550781,12427
2026-08-31 10:17:00-04:00,324.0199890136719,324.1700134277344,323.6000061035156,323.989990234375,7907
2026-08-31 10:18:00-04:00,324.0299987792969,324.375,323.7200012207031,324.0199890136719,6343
2026-08-31 10:19:00-04:00,324.3500061035156,324.3599853515625,323.8299865722656,324.3599853515625,2817
2026-08-31 10:20:00-04:00,323.4200134277344,324.364990234375,323.07000732421875,324.3550109863281,17791
2026-08-31 10:21:00-04:00,324.05999755859375,324.17999267578125,323.6700134277344,323.6700134277344,4851
2026-08-31 10:22:00-04:00,323.7850036621094,324.29998779296875,323.2799987792969,324.29998779296875,23129
2026-08-31 10:23:00-04:00,323.81500244140625,324.260009765625,323.4100036621094,324.260009765625,3425
2026-08-31 10:24:00-04:00,323.45001220703125,324.2298889160156,323.42999267578125,324.0299987792969,3422
2026-08-31 10:25:00-04:00,323.19000244140625,323.6449890136719,323.19000244140625,323.6400146484375,5162
2026-08-31 10:26:00-04:00,323.57000732421875,323.82000732421875,323.0400085449219,323.3900146484375,6890
2026-08-31 10:27:00-04:00,324.1400146484375,324.1449890136719,323.54998779296875,323.8500061035156,28404
2026-08-31 10:28:00-04:00,324.739990234375,324.8254089355469,323.95001220703125,324.3399963378906,26607
2026-08-31 10:29:00-04:00,324.2950134277344,324.9599914550781,324.2950134277344,324.9599914550781,26466
2026-08-31 10:30:00-04:00,324.7900085449219,325.0150146484375,324.2550048828125,324.4700012207031,17353
2026-08-31 10:31:00-04:00,324.5150146484375,325.30999755859375,324.5150146484375,325.30999755859375,4078
2026-08-31 10:32:00-04:00,324.9700012207031,325.1000061035156,324.6200866699219,325.1000061035156,1700
2026-08-31 10:33:00-04:00,324.55999755859375,325.30999755859375,324.55999755859375,325.30999755859375,4650
2026-08-31 10:34:00-04:00,324.4200134277344,324.4200134277344,324.0474853515625,324.364990234375,3345
2026-08-31 10:35:00-04:00,324.6199951171875,324.8399963378906,324.4200134277344,324.8399963378906,13492
2026-08-31 10:36:00-04:00,324.67999267578125,325.04998779296875,324.30999755859375,325.04998779296875,2364
2026-08-31 10:37:00-04:00,324.7300109863281,325.07000732421875,324.3700866699219,325.04998779296875,2431
2026-08-31 10:38:00-04:00,325.0199890136719,325.19366455078125,324.7650146484375,325.07000732421875,2880
2026-08-31 10:39:00-04:00,324.5849914550781,325.1199951171875,324.3399963378906,325.0299987792969,7388
2026-08-31 10:40:00-04:00,324.3399963378906,324.8299865722656,324.3399963378906,324.8299865722656,1831
2026-08-31 10:41:00-04:00,324.6499938964844,324.6499938964844,324.5,324.5,2176
2026-08-31 10:42:00-04:00,324.8299865722656,324.9700012207031,324.32000732421875,324.9700012207031,5018
2026-08-31 10:43:00-04:00,324.55499267578125,324.82000732421875,324.29998779296875,324.82000732421875,4539
2026-08-31 10:44:00-04:00,324.3800048828125,324.7300109863281,324.260009765625,324.7300109863281,6325
2026-08-31 10:45:00-04:00,324.5050048828125,324.6499938964844,324.5,324.5299987792969,33630
2026-08-31 10:46:00-04:00,324.7699890136719,325.0,324.3500061035156,324.8500061035156,7954
2026-08-31 10:47:00-04:00,324.3760070800781,325.19000244140625,324.3760070800781,325.19000244140625,2428
2026-08-31 10:48:00-04:00,325.125,325.2200012207031,324.7300109863281,324.9200134277344,9090
2026-08-31 10:49:00-04:00,324.3299865722656,325.510009765625,324.1400146484375,325.510009765625,5274
2026-08-31 10:50:00-04:00,324.7900085449219,324.7900085449219,324.45001220703125,324.6000061035156,2405
2026-08-31 10:51:00-04:00,324.9049987792969,325.135009765625,324.7799987792969,324.9100036621094,4704
2026-08-31 10:52:00-04:00,325.32000732421875,325.54998779296875,325.1199951171875,325.1499938964844,6671
2026-08-31 10:53:00-04:00,325.0299987792969,325.54998779296875,324.8900146484375,325.54998779296875,2548
2026-08-31 10:54:00-04:00,325.1300048828125,325.4198913574219,324.80999755859375,325.0799865722656,5553
2026-08-31 10:55:00-04:00,325.135009765625,325.54998779296875,325.135009765625,325.3915100097656,12772
2026-08-31 10:56:00-04:00,325.30999755859375,325.489990234375,325.25,325.25,2391
2026-08-31 10:57:00-04:00,325.2174987792969,325.489990234375,325.1000061035156,325.1400146484375,2789
2026-08-31 10:58:00-04:00,324.54998779296875,325.2250061035156,324.54998779296875,325.2250061035156,8717
2026-08-31 10:59:00-04:00,325.0350036621094,325.4700012207031,324.7200012207031,324.7200012207031,5464
2026-08-31 11:00:00-04:00,324.9700012207031,325.25,324.80999755859375,324.95001220703125,5389
2026-08-31 11:01:00-04:00,325.1650085449219,325.3599853515625,324.9700012207031,325.20001220703125,4735
2026-08-31 11:02:00-04:00,324.5,325.3599853515625,324.5,325.3599853515625,3154
2026-08-31 11:03:00-04:00,325.1199951171875,325.2099914550781,324.55999755859375,324.7200012207031,6763
2026-08-31 11:04:00-04:00,324.57000732421875,325.239990234375,324.55499267578125,325.2099914550781,4186
2026-08-31 11:05:00-04:00,324.8599853515625,324.9849853515625,324.55999755859375,324.9200134277344,2625
2026-08-31 11:06:00-04:00,324.9800109863281,325.1058044433594,324.8599853515625,325.04998779296875,3932
2026-08-31 11:07:00-04:00,325.05499267578125,325.2099914550781,325.05499267578125,325.2099914550781,3445
2026-08-31 11:08:00-04:00,324.5859069824219,325.29998779296875,324.5859069824219,325.29998779296875,4497
2026-08-31 11:09:00-04:00,324.8900146484375,325.05499267578125,324.6308898925781,324.9800109863281,3311
2026-08-31 11:10:00-04:00,325.0450134277344,325.2745056152344,325.0450134277344,325.2200012207031,4623
2026-08-31 11:11:00-04:00,324.93499755859375,325.29998779296875,324.93499755859375,325.29998779296875,2851
2026-08-31 11:12:00-04:00,325.6400146484375,325.8299865722656,325.0050048828125,325.1600036621094,6609
2026-08-31 11:13:00-04:00,325.4130859375,326.0,325.4130859375,326.0,8270
2026-08-31 11:14:00-04:00,325.5249938964844,325.6499938964844,325.4100036621094,325.6499938964844,2698
2026-08-31 11:15:00-04:00,325.5245361328125,325.6499938964844,325.3299865722656,325.6499938964844,3518
2026-08-31 11:16:00-04:00,325.6099853515625,325.8800048828125,325.5,325.8800048828125,4518
2026-08-31 11:17:00-04:00,325.67999267578125,325.67999267578125,325.3399963378906,325.67999267578125,2652
2026-08-31 11:18:00-04:00,325.3900146484375,325.67999267578125,325.1700134277344,325.67999267578125,12241
2026-08-31 11:19:00-04:00,325.6600036621094,325.760009765625,325.3399963378906,325.3399963378906,4845
2026-08-31 11:20:00-04:00,326.0299987792969,326.0299987792969,325.3900146484375,325.8299865722656,13079
2026-08-31 11:21:00-04:00,326.0150146484375,326.07000732421875,325.8500061035156,326.0299987792969,7571
2026-08-31 11:22:00-04:00,326.0400085449219,326.2099914550781,325.9700012207031,326.2099914550781,1735
2026-08-31 11:23:00-04:00,326.1000061035156,326.25,326.0450134277344,326.25,2207
2026-08-31 11:24:00-04:00,325.989990234375,326.54998779296875,325.8599853515625,326.2300109863281,4523
2026-08-31 11:25:00-04:00,325.82501220703125,326.0,325.70001220703125,325.8599853515625,7820
2026-08-31 11:26:00-04:00,325.7550048828125,325.9800109863281,325.7550048828125,325.8500061035156,3670
2026-08-31 11:27:00-04:00,326.0150146484375,326.0199890136719,325.7550048828125,325.9800109863281,4412
2026-08-31 11:28:00-04:00,325.6199951171875,326.1099853515625,325.42999267578125,326.1099853515625,8398
2026-08-31 11:29:00-04:00,325.75,325.989990234375,325.5849914550781,325.989990234375,2168
2026-08-31 11:30:00-04:00,325.7550048828125,326.1400146484375,325.2300109863281,326.1400146484375,1757
2026-08-31 11:31:00-04:00,325.79998779296875,326.0199890136719,325.5299987792969,326.0199890136719,3780
2026-08-31 11:32:00-04:00,325.3699951171875,325.9200134277344,325.3599853515625,325.9200134277344,3639
2026-08-31 11:33:00-04:00,325.4800109863281,325.67999267578125,325.43499755859375,325.5199890136719,4581
2026-08-31 11:34:00-04:00,325.8699951171875,325.8699951171875,325.5799865722656,325.6700134277344,2902
2026-08-31 11:35:00-04:00,325.5450134277344,326.0299987792969,325.5400085449219,326.0299987792969,3205
2026-08-31 11:36:00-04:00,326.0299987792969,326.0299987792969,325.5199890136719,325.8900146484375,2316
2026-08-31 11:37:00-04:00,326.1300048828125,326.2099914550781,325.989990234375,325.989990234375,4377
2026-08-31 11:38:00-04:00,325.94000244140625,326.2099914550781,325.94000244140625,326.2099914550781,3933
2026-08-31 11:39:00-04:00,326.25,326.25,325.7099914550781,326.20001220703125,3386
2026-08-31 11:40:00-04:00,326.5150146484375,326.5150146484375,326.2550048828125,326.489990234375,5508
2026-08-31 11:41:00-04:00,326.6700134277344,326.9100036621094,326.1200866699219,326.9100036621094,3302
2026-08-31 11:42:00-04:00,326.9849853515625,327.11700439453125,326.8299865722656,327.0,2572
2026-08-31 11:43:00-04:00,326.55999755859375,327.1499938964844,326.44000244140625,327.1499938964844,8579
2026-08-31 11:44:00-04:00,326.69000244140625,326.989990234375,326.5799865722656,326.5799865722656,1391
2026-08-31 11:45:00-04:00,326.69000244140625,326.9700012207031,326.42999267578125,326.9700012207031,1932
2026-08-31 11:46:00-04:00,326.7049865722656,326.94000244140625,326.55999755859375,326.6700134277344,1682
2026-08-31 11:47:00-04:00,326.6099853515625,327.010009765625,326.6099853515625,327.010009765625,3878
2026-08-31 11:48:00-04:00,326.7049865722656,326.79998779296875,326.4700012207031,326.6099853515625,1198
2026-08-31 11:49:00-04:00,326.9599914550781,327.1499938964844,326.7049865722656,326.8800048828125,7794
2026-08-31 11:50:00-04:00,326.57000732421875,327.20001220703125,326.57000732421875,326.7699890136719,2572
2026-08-31 11:51:00-04:00,326.6700134277344,327.0,326.6199951171875,326.6499938964844,2487
2026-08-31 11:52:00-04:00,326.4200134277344,326.8299865722656,326.3999938964844,326.8299865722656,5285
2026-08-31 11:53:00-04:00,326.2699890136719,326.54998779296875,326.2699890136719,326.4200134277344,2380
2026-08-31 11:54:00-04:00,326.30999755859375,326.3800048828125,326.0899963378906,326.3800048828125,5341
2026-08-31 11:55:00-04:00,326.260009765625,326.489990234375,326.07000732421875,326.2200012207031,2244
2026-08-31 11:56:00-04:00,326.2699890136719,326.29998779296875,326.04998779296875,326.239990234375,2425
2026-08-31 11:57:00-04:00,326.2749938964844,326.4700012207031,326.0799865722656,326.4700012207031,5687
2026-08-31 11:58:00-04:00,326.1000061035156,326.4700012207031,326.1000061035156,326.4700012207031,1934
2026-08-31 11:59:00-04:00,326.0150146484375,326.3999938964844,326.0150146484375,326.3999938964844,13952
2026-08-31 12:00:00-04:00,325.9849853515625,326.1600036621094,325.875,326.1600036621094,3697
2026-08-31 12:01:00-04:00,326.010009765625,326.1099853515625,325.6705017089844,326.1099853515625,5189
2026-08-31 12:02:00-04:00,326.1499938964844,326.1700134277344,325.8999938964844,326.1600036621094,4822
2026-08-31 12:03:00-04:00,326.0799865722656,326.1499938964844,326.010009765625,326.1499938964844,3561
2026-08-31 12:04:00-04:00,325.7149963378906,326.3999938964844,325.7149963378906,326.3999938964844,3060
2026-08-31 12:05:00-04:00,325.7749938964844,325.9599914550781,325.5199890136719,325.9599914550781,3787
2026-08-31 12:06:00-04:00,325.6000061035156,325.95001220703125,325.6000061035156,325.95001220703125,1555
2026-08-31 12:07:00-04:00,325.67999267578125,326.0,325.6300048828125,325.8699951171875,2527
2026-08-31 12:08:00-04:00,325.7349853515625,326.010009765625,325.45001220703125,326.010009765625,3134
2026-08-31 12:09:00-04:00,325.7850036621094,326.010009765625,325.5799865722656,326.010009765625,2065
2026-08-31 12:10:00-04:00,325.69000244140625,326.0,325.45001220703125,326.0,4878
2026-08-31 12:11:00-04:00,325.75,325.9599914550781,325.67999267578125,325.69000244140625,2313
2026-08-31 12:12:00-04:00,325.6700134277344,325.9599914550781,325.6300048828125,325.9599914550781,2371
2026-08-31 12:13:00-04:00,325.8299865722656,325.9599914550781,325.7799987792969,325.7799987792969,1849
2026-08-31 12:14:00-04:00,325.9700012207031,325.989990234375,325.7749938964844,325.8500061035156,6086
2026-08-31 12:15:00-04:00,325.69000244140625,325.989990234375,325.68499755859375,325.989990234375,4151
2026-08-31 12:16:00-04:00,325.5199890136719,325.68499755859375,325.3699951171875,325.68499755859375,1682
2026-08-31 12:17:00-04:00,325.42999267578125,325.6099853515625,325.3800048828125,325.6099853515625,5122
2026-08-31 12:18:00-04:00,325.7749938964844,325.7749938964844,325.5299987792969,325.6600036621094,3125
2026-08-31 12:19:00-04:00,325.79998779296875,325.989990234375,325.7699890136719,325.989990234375,2828
2026-08-31 12:20:00-04:00,325.8550109863281,325.989990234375,325.81500244140625,325.989990234375,965
2026-08-31 12:21:00-04:00,325.8450012207031,325.989990234375,325.7001037597656,325.989990234375,9527
2026-08-31 12:22:00-04:00,325.9700012207031,326.1600036621094,325.9150085449219,325.989990234375,7582
2026-08-31 12:23:00-04:00,325.79998779296875,325.9700012207031,325.79998779296875,325.9700012207031,1912
2026-08-31 12:24:00-04:00,325.99249267578125,326.0,325.9700012207031,325.9700012207031,1106
2026-08-31 12:25:00-04:00,325.9800109863281,326.1000061035156,325.9800109863281,326.07000732421875,5428
2026-08-31 12:26:00-04:00,326.1099853515625,326.1499938964844,326.0799865722656,326.1499938964844,1068
2026-08-31 12:27:00-04:00,326.0050048828125,326.1600036621094,326.0,326.1600036621094,3409
2026-08-31 12:28:00-04:00,325.8999938964844,326.20001220703125,325.8999938964844,326.20001220703125,1873
2026-08-31 12:29:00-04:00,325.7699890136719,326.20001220703125,325.7699890136719,326.20001220703125,4503
2026-08-31 12:30:00-04:00,326.0,326.0,325.7149963378906,325.9100036621094,3642
2026-08-31 12:31:00-04:00,325.9159851074219,326.2099914550781,325.9159851074219,326.20001220703125,5005
2026-08-31 12:32:00-04:00,325.9649963378906,326.1499938964844,325.9599914550781,326.1499938964844,1870
2026-08-31 12:33:00-04:00,326.1400146484375,326.1499938964844,325.7945861816406,326.1499938964844,1991
2026-08-31 12:34:00-04:00,326.0799865722656,326.1499938964844,326.05999755859375,326.1300048828125,2520
2026-08-31 12:35:00-04:00,326.2699890136719,326.2699890136719,326.04998779296875,326.2699890136719,2182
2026-08-31 12:36:00-04:00,326.82000732421875,326.82000732421875,326.260009765625,326.3299865722656,9849
2026-08-31 12:37:00-04:00,327.0350036621094,327.0950012207031,326.6600036621094,326.989990234375,25039
2026-08-31 12:38:00-04:00,326.95001220703125,327.2799987792969,326.94000244140625,327.2799987792969,7867
2026-08-31 12:39:00-04:00,326.67999267578125,326.9649963378906,326.67498779296875,326.95001220703125,15371
2026-08-31 12:40:00-04:00,326.7449951171875,327.09429931640625,326.6549987792969,326.95001220703125,8164
2026-08-31 12:41:00-04:00,326.8599853515625,327.1199951171875,326.7449951171875,327.1199951171875,1934
2026-08-31 12:42:00-04:00,327.0849914550781,327.2300109863281,326.94000244140625,327.2300109863281,6494
2026-08-31 12:43:00-04:00,327.0400085449219,327.0400085449219,326.92999267578125,326.92999267578125,2549
2026-08-31 12:44:00-04:00,326.44000244140625,327.3299865722656,326.4100036621094,327.3299865722656,8288
2026-08-31 12:45:00-04:00,326.135009765625,327.1099853515625,326.135009765625,326.57000732421875,8683
2026-08-31 12:46:00-04:00,326.0400085449219,326.32000732421875,326.0400085449219,326.1400146484375,3287
2026-08-31 12:47:00-04:00,326.1600036621094,326.1600036621094,326.0299987792969,326.1099853515625,2253
2026-08-31 12:48:00-04:00,326.4700012207031,326.6400146484375,326.1600036621094,326.1600036621094,3575
2026-08-31 12:49:00-04:00,326.4849853515625,326.7900085449219,326.2900085449219,326.7900085449219,3202
2026-08-31 12:50:00-04:00,326.2300109863281,326.8500061035156,325.9147033691406,326.8500061035156,6648
2026-08-31 12:51:00-04:00,326.44000244140625,326.5,326.12249755859375,326.3900146484375,3035
2026-08-31 12:52:00-04:00,326.6300048828125,326.6300048828125,326.3399963378906,326.6300048828125,4165
2026-08-31 12:53:00-04:00,326.67999267578125,326.82501220703125,326.4599914550781,326.6300048828125,3571
2026-08-31 12:54:00-04:00,326.7799987792969,326.82000732421875,326.6700134277344,326.82000732421875,3685
2026-08-31 12:55:00-04:00,326.30999755859375,327.0,326.30999755859375,327.0,5371
2026-08-31 12:56:00-04:00,326.3500061035156,326.5,326.3299865722656,326.45001220703125,1421
2026-08-31 12:57:00-04:00,326.875,326.9200134277344,326.4800109863281,326.5299987792969,3157
2026-08-31 12:58:00-04:00,326.8900146484375,327.1099853515625,326.8800048828125,327.0,4658
2026-08-31 12:59:00-04:00,326.8299865722656,327.3299865722656,326.79998779296875,327.3299865722656,1943
2026-08-31 13:00:00-04:00,326.614990234375,327.0199890136719,326.5299987792969,327.0199890136719,3507
2026-08-31 13:01:00-04:00,326.6099853515625,327.010009765625,326.4800109863281,326.6400146484375,1271
2026-08-31 13:02:00-04:00,326.7900085449219,327.0,326.6099853515625,327.0,1508
2026-08-31 13:03:00-04:00,326.6099853515625,327.0,326.6099853515625,327.0,1322
2026-08-31 13:04:00-04:00,326.6099853515625,327.0,326.510009765625,327.0,3059
2026-08-31 13:05:00-04:00,326.55499267578125,327.0,326.510009765625,326.760009765625,2475
2026-08-31 13:06:00-04:00,326.4700012207031,326.6400146484375,326.260009765625,326.57000732421875,3620
2026-08-31 13:07:00-04:00,326.5,326.70001220703125,326.30999755859375,326.70001220703125,1232
2026-08-31 13:08:00-04:00,326.29998779296875,326.70001220703125,326.29998779296875,326.70001220703125,3942
2026-08-31 13:09:00-04:00,326.1700134277344,326.44000244140625,326.1700134277344,326.44000244140625,5133
2026-08-31 13:10:00-04:00,326.3299865722656,326.3299865722656,326.114990234375,326.114990234375,1734
2026-08-31 13:11:00-04:00,326.5,326.5,326.1650085449219,326.3299865722656,4038
2026-08-31 13:12:00-04:00,326.75,326.7799987792969,326.4700012207031,326.5,2775
2026-08-31 13:13:00-04:00,327.0899963378906,327.20001220703125,326.8299865722656,326.8399963378906,11252
2026-08-31 13:14:00-04:00,326.7449951171875,327.0799865722656,326.55999755859375,327.0799865722656,1794
2026-08-31 13:15:00-04:00,326.7049865722656,326.95001220703125,326.6099853515625,326.95001220703125,1629
2026-08-31 13:16:00-04:00,326.7200012207031,327.010009765625,326.7200012207031,327.010009765625,3493
2026-08-31 13:17:00-04:00,326.5199890136719,326.82000732421875,326.3900146484375,326.82000732421875,3280
2026-08-31 13:18:00-04:00,326.625,326.8599853515625,326.3999938964844,326.8599853515625,1019
2026-08-31 13:19:00-04:00,326.510009765625,326.8599853515625,326.2699890136719,326.8599853515625,2820
2026-08-31 13:20:00-04:00,326.5899963378906,326.7900085449219,326.239990234375,326.7900085449219,1985
2026-08-31 13:21:00-04:00,326.6400146484375,326.7900085449219,326.5899963378906,326.70001220703125,5304
2026-08-31 13:22:00-04:00,326.8999938964844,326.8999938964844,326.6700134277344,326.79998779296875,7299
2026-08-31 13:23:00-04:00,327.2799987792969,327.3299865722656,326.8699951171875,326.8699951171875,8562
2026-08-31 13:24:00-04:00,327.3396911621094,327.3599853515625,327.25,327.3599853515625,1750
2026-08-31 13:25:00-04:00,327.260009765625,327.3900146484375,327.0299987792969,327.3599853515625,15488
2026-08-31 13:26:00-04:00,327.260009765625,327.489990234375,327.2550048828125,327.489990234375,768
2026-08-31 13:27:00-04:00,327.114990234375,327.260009765625,327.0299987792969,327.260009765625,5271
2026-08-31 13:28:00-04:00,326.93499755859375,327.0849914550781,326.9200134277344,327.0849914550781,1823
2026-08-31 13:29:00-04:00,326.8599853515625,327.2099914550781,326.8599853515625,327.2099914550781,2522
2026-08-31 13:30:00-04:00,327.1000061035156,327.1000061035156,326.82000732421875,326.82000732421875,833
2026-08-31 13:31:00-04:00,326.7099914550781,327.1000061035156,326.4599914550781,327.1000061035156,5864
2026-08-31 13:32:00-04:00,326.9725036621094,327.0299987792969,326.739990234375,327.0299987792969,3656
2026-08-31 13:33:00-04:00,326.9200134277344,327.0,326.6600036621094,327.0,1246
2026-08-31 13:34:00-04:00,326.6700134277344,327.0,326.6700134277344,327.0,8871
2026-08-31 13:35:00-04:00,326.79998779296875,326.9999084472656,326.56500244140625,326.9999084472656,1738
2026-08-31 13:36:00-04:00,326.67999267578125,327.0,326.67999267578125,327.0,2275
2026-08-31 13:37:00-04:00,326.79998779296875,326.9599914550781,326.79998779296875,326.9599914550781,1666
2026-08-31 13:38:00-04:00,326.8699951171875,326.9200134277344,326.79998779296875,326.9200134277344,3526
2026-08-31 13:39:00-04:00,326.7850036621094,327.0,326.739990234375,327.0,2020
2026-08-31 13:40:00-04:00,326.9599914550781,327.0899963378906,326.9100036621094,327.0,10669
2026-08-31 13:41:00-04:00,327.0400085449219,327.1650085449219,326.94000244140625,326.94500732421875,3441
2026-08-31 13:42:00-04:00,327.0199890136719,327.1000061035156,326.9750061035156,327.1000061035156,1354
2026-08-31 13:43:00-04:00,327.0849914550781,327.260009765625,327.07501220703125,327.260009765625,11502
2026-08-31 13:44:00-04:00,327.1499938964844,327.17999267578125,327.07000732421875,327.17999267578125,2363
2026-08-31 13:45:00-04:00,327.0199890136719,327.2099914550781,327.0199890136719,327.2099914550781,1544
2026-08-31 13:46:00-04:00,327.1499938964844,327.1499938964844,326.8800048828125,327.0799865722656,5805
2026-08-31 13:47:00-04:00,327.42498779296875,327.42498779296875,327.1000061035156,327.20001220703125,5336
2026-08-31 13:48:00-04:00,327.5050048828125,327.5849914550781,327.3299865722656,327.489990234375,9479
2026-08-31 13:49:00-04:00,327.2650146484375,327.5400085449219,327.2550048828125,327.5400085449219,2136
2026-08-31 13:50:00-04:00,327.6600036621094,327.6700134277344,327.19000244140625,327.4700012207031,4368
2026-08-31 13:51:00-04:00,327.7699890136719,327.8800048828125,327.6650085449219,327.75,3113
2026-08-31 13:52:00-04:00,327.7900085449219,327.7900085449219,327.7799987792969,327.7799987792969,1807
2026-08-31 13:53:00-04:00,328.0899963378906,328.0899963378906,327.69000244140625,327.8699951171875,7702
2026-08-31 13:54:00-04:00,328.1650085449219,328.3599853515625,328.04998779296875,328.25,7279
2026-08-31 13:55:00-04:00,327.9800109863281,328.19000244140625,327.82000732421875,328.19000244140625,5668
2026-08-31 13:56:00-04:00,328.17999267578125,328.17999267578125,327.9599914550781,328.06500244140625,2568
2026-08-31 13:57:00-04:00,328.17498779296875,328.44000244140625,327.8900146484375,328.44000244140625,2342
2026-08-31 13:58:00-04:00,328.2300109863281,328.44000244140625,328.2250061035156,328.44000244140625,1308
2026-08-31 13:59:00-04:00,328.2300109863281,328.45001220703125,328.1000061035156,328.44000244140625,12638
2026-08-31 14:00:00-04:00,328.84039306640625,328.84039306640625,328.05999755859375,328.2300109863281,8919
2026-08-31 14:01:00-04:00,328.95001220703125,329.0249938964844,328.8599853515625,328.8599853515625,1872
2026-08-31 14:02:00-04:00,329.44000244140625,329.5,329.19000244140625,329.3699951171875,2524
2026-08-31 14:03:00-04:00,329.5050048828125,329.6499938964844,329.4200134277344,329.5799865722656,4625
2026-08-31 14:04:00-04:00,329.6499938964844,329.6499938964844,329.510009765625,329.5350036621094,2401
2026-08-31 14:05:00-04:00,329.3699951171875,329.6600036621094,329.3500061035156,329.6600036621094,158039
2026-08-31 14:06:00-04:00,329.25,329.6600036621094,329.25,329.6600036621094,5128
2026-08-31 14:07:00-04:00,329.114990234375,329.3699951171875,329.0375061035156,329.3699951171875,1676
2026-08-31 14:08:00-04:00,329.6000061035156,329.6000061035156,329.3299865722656,329.3599853515625,2036
2026-08-31 14:09:00-04:00,329.6600036621094,329.6600036621094,329.5899963378906,329.6099853515625,4361
2026-08-31 14:10:00-04:00,329.79998779296875,329.79998779296875,329.5675048828125,329.70001220703125,4773
2026-08-31 14:11:00-04:00,329.7950134277344,329.8800048828125,329.7449951171875,329.8800048828125,5317
2026-08-31 14:12:00-04:00,329.910888671875,329.989990234375,329.5899963378906,329.989990234375,9564
2026-08-31 14:13:00-04:00,329.3500061035156,329.7900085449219,329.3500061035156,329.7900085449219,5615
2026-08-31 14:14:00-04:00,329.3900146484375,329.4100036621094,329.0799865722656,329.4100036621094,4534
2026-08-31 14:15:00-04:00,329.44500732421875,329.44500732421875,329.3900146484375,329.3900146484375,1853
2026-08-31 14:16:00-04:00,329.4200134277344,329.4800109863281,329.29998779296875,329.4800109863281,5140
2026-08-31 14:17:00-04:00,329.4649963378906,329.7200012207031,329.3699951171875,329.5899963378906,14798
2026-08-31 14:18:00-04:00,329.0,329.4599914550781,329.0,329.4599914550781,3684
2026-08-31 14:19:00-04:00,328.9800109863281,329.2200012207031,328.7799987792969,329.2200012207031,3162
2026-08-31 14:20:00-04:00,329.2864990234375,329.2864990234375,328.79998779296875,329.0199890136719,3131
2026-08-31 14:21:00-04:00,328.5450134277344,329.07000732421875,328.510009765625,329.07000732421875,4428
2026-08-31 14:22:00-04:00,328.67999267578125,328.8299865722656,328.6700134277344,328.8299865722656,1915
2026-08-31 14:23:00-04:00,328.7349853515625,328.8299865722656,328.54998779296875,328.8299865722656,3246
2026-08-31 14:24:00-04:00,328.80999755859375,328.8500061035156,328.6099853515625,328.7300109863281,6490
2026-08-31 14:25:00-04:00,328.5849914550781,328.8900146484375,328.5400085449219,328.8399963378906,2256
2026-08-31 14:26:00-04:00,328.5899963378906,328.6000061035156,328.57000732421875,328.57000732421875,1645
2026-08-31 14:27:00-04:00,328.5249938964844,328.8500061035156,328.5199890136719,328.8500061035156,8593
2026-08-31 14:28:00-04:00,328.32501220703125,328.7900085449219,328.32501220703125,328.7900085449219,3761
2026-08-31 14:29:00-04:00,328.32000732421875,328.42999267578125,328.32000732421875,328.42999267578125,1187
2026-08-31 14:30:00-04:00,328.3999938964844,328.6050109863281,328.375,328.55999755859375,6684
2026-08-31 14:31:00-04:00,328.44500732421875,328.5899963378906,328.29998779296875,328.3399963378906,1743
2026-08-31 14:32:00-04:00,328.57000732421875,328.67999267578125,328.3500061035156,328.5899963378906,11167
2026-08-31 14:33:00-04:00,328.4100036621094,328.6099853515625,328.4100036621094,328.6099853515625,3383
2026-08-31 14:34:00-04:00,328.0050048828125,328.7799987792969,327.9599914550781,328.7799987792969,8400
2026-08-31 14:35:00-04:00,328.05999755859375,328.3900146484375,327.7900085449219,328.2200012207031,9200
2026-08-31 14:36:00-04:00,328.1000061035156,328.3299865722656,328.1000061035156,328.3299865722656,723
2026-08-31 14:37:00-04:00,328.26031494140625,328.3349914550781,328.2200012207031,328.2699890136719,1919
2026-08-31 14:38:00-04:00,328.2674865722656,328.3599853515625,328.17999267578125,328.3599853515625,8078
2026-08-31 14:39:00-04:00,328.40618896484375,328.4088134765625,328.2749938964844,328.2749938964844,1474
2026-08-31 14:40:00-04:00,328.8500061035156,328.8500061035156,328.3500061035156,328.3500061035156,2912
2026-08-31 14:41:00-04:00,328.6300048828125,328.9700012207031,328.55999755859375,328.9700012207031,3149
2026-08-31 14:42:00-04:00,328.7699890136719,328.989990234375,328.5450134277344,328.989990234375,5067
2026-08-31 14:43:00-04:00,328.6700134277344,328.989990234375,328.6700134277344,328.989990234375,3112
2026-08-31 14:44:00-04:00,328.7925109863281,328.9549865722656,328.7650146484375,328.92999267578125,1814
2026-08-31 14:45:00-04:00,328.69500732421875,329.0400085449219,328.4700927734375,329.0400085449219,5408
2026-08-31 14:46:00-04:00,328.739990234375,328.9100036621094,328.6199951171875,328.9100036621094,7185
2026-08-31 14:47:00-04:00,329.4999084472656,329.4999084472656,328.8399963378906,328.8599853515625,8698
2026-08-31 14:48:00-04:00,329.5950012207031,329.5950012207031,329.3299865722656,329.5,6752
2026-08-31 14:49:00-04:00,329.3900146484375,329.6300048828125,329.3900146484375,329.6050109863281,4567
2026-08-31 14:50:00-04:00,329.4800109863281,329.4800109863281,329.3900146484375,329.3900146484375,2626
2026-08-31 14:51:00-04:00,329.3999938964844,329.5799865722656,329.30999755859375,329.5799865722656,3418
2026-08-31 14:52:00-04:00,329.4800109863281,329.635009765625,329.375,329.375,27755
2026-08-31 14:53:00-04:00,329.42999267578125,329.55999755859375,329.3800048828125,329.4800109863281,4782
2026-08-31 14:54:00-04:00,329.7550048828125,329.7900085449219,329.4849853515625,329.69000244140625,16550
2026-08-31 14:55:00-04:00,329.69000244140625,329.8800048828125,329.6300048828125,329.8800048828125,11453
2026-08-31 14:56:00-04:00,329.739990234375,329.8599853515625,329.510009765625,329.8599853515625,3127
2026-08-31 14:57:00-04:00,329.659912109375,329.8299865722656,329.55999755859375,329.8299865722656,2201
2026-08-31 14:58:00-04:00,329.75,329.75,329.6099853515625,329.6499938964844,2328
2026-08-31 14:59:00-04:00,329.1499938964844,329.7799987792969,329.1499938964844,329.75,8797
2026-08-31 15:00:00-04:00,329.1499938964844,329.2699890136719,329.07000732421875,329.2300109863281,2921
2026-08-31 15:01:00-04:00,329.04998779296875,329.3800048828125,329.04998779296875,329.260009765625,4633
2026-08-31 15:02:00-04:00,329.2300109863281,329.6099853515625,329.19500732421875,329.3500061035156,3922
2026-08-31 15:03:00-04:00,329.68499755859375,329.72918701171875,329.55999755859375,329.6099853515625,3072
2026-08-31 15:04:00-04:00,329.69000244140625,329.70001220703125,329.6199951171875,329.6199951171875,7058
2026-08-31 15:05:00-04:00,329.6650085449219,329.7200012207031,329.6099853515625,329.69000244140625,5131
2026-08-31 15:06:00-04:00,329.7799987792969,329.8399963378906,329.55999755859375,329.70001220703125,7251
2026-08-31 15:07:00-04:00,329.82000732421875,329.989990234375,329.7850036621094,329.989990234375,3443
2026-08-31 15:08:00-04:00,329.84600830078125,330.0,329.82000732421875,329.989990234375,16002
2026-08-31 15:09:00-04:00,330.364990234375,330.364990234375,329.8599853515625,329.8599853515625,8552
2026-08-31 15:10:00-04:00,330.3800048828125,330.5,330.2950134277344,330.44000244140625,6301
2026-08-31 15:11:00-04:00,330.5199890136719,330.8500061035156,330.3599853515625,330.5,7014
2026-08-31 15:12:00-04:00,330.45001220703125,330.9200134277344,330.4100036621094,330.9200134277344,12801
2026-08-31 15:13:00-04:00,330.6099853515625,330.6300048828125,330.33489990234375,330.33489990234375,6536
2026-08-31 15:14:00-04:00,330.7799987792969,330.9179992675781,330.6099853515625,330.6099853515625,8962
2026-08-31 15:15:00-04:00,330.82000732421875,330.9599914550781,330.69000244140625,330.7799987792969,11782
2026-08-31 15:16:00-04:00,330.7300109863281,330.9599914550781,330.7300109863281,330.9599914550781,3149
2026-08-31 15:17:00-04:00,330.760009765625,330.8999938964844,330.7200012207031,330.8999938964844,2806
2026-08-31 15:18:00-04:00,330.9800109863281,330.9800109863281,330.75,330.75,4322
2026-08-31 15:19:00-04:00,330.5950012207031,331.0249938964844,330.4599914550781,331.0199890136719,15326
2026-08-31 15:20:00-04:00,330.45001220703125,330.9200134277344,330.3599853515625,330.9200134277344,6069
2026-08-31 15:21:00-04:00,330.6000061035156,330.6000061035156,330.3399963378906,330.4200134277344,4969
2026-08-31 15:22:00-04:00,330.5,330.6000061035156,330.3699951171875,330.6000061035156,3483
2026-08-31 15:23:00-04:00,330.4599914550781,330.5400085449219,330.3699951171875,330.4599914550781,3714
2026-08-31 15:24:00-04:00,330.0350036621094,330.489990234375,330.0299987792969,330.4700012207031,7681
2026-08-31 15:25:00-04:00,330.1600036621094,330.2099914550781,329.79998779296875,330.010009765625,17313
2026-08-31 15:26:00-04:00,330.2300109863281,330.2300109863281,330.04998779296875,330.1600036621094,3284
2026-08-31 15:27:00-04:00,330.5249938964844,330.6099853515625,330.0101013183594,330.1449890136719,6337
2026-08-31 15:28:00-04:00,330.5799865722656,330.8599853515625,330.43499755859375,330.8599853515625,3806
2026-08-31 15:29:00-04:00,330.8349914550781,330.8399963378906,330.4460144042969,330.8399963378906,8417
2026-08-31 15:30:00-04:00,330.8599853515625,330.8599853515625,330.635009765625,330.81500244140625,7137
2026-08-31 15:31:00-04:00,330.80999755859375,331.07000732421875,330.80999755859375,330.95001220703125,11652
2026-08-31 15:32:00-04:00,330.7099914550781,330.8699951171875,330.6499938964844,330.8699951171875,7598
2026-08-31 15:33:00-04:00,331.2799987792969,331.2799987792969,330.67999267578125,330.67999267578125,7842
2026-08-31 15:34:00-04:00,331.4700012207031,331.57000732421875,331.06500244140625,331.2799987792969,7911
2026-08-31 15:35:00-04:00,331.375,331.57000732421875,331.375,331.55999755859375,8999
2026-08-31 15:36:00-04:00,331.0400085449219,331.4800109863281,331.0400085449219,331.4800109863281,12297
2026-08-31 15:37:00-04:00,331.760009765625,331.79998779296875,331.0450134277344,331.1099853515625,21129
2026-08-31 15:38:00-04:00,331.8900146484375,331.8900146484375,331.7200012207031,331.760009765625,9339
2026-08-31 15:39:00-04:00,332.2799987792969,332.3599853515625,331.8949890136719,331.94000244140625,29872
2026-08-31 15:40:00-04:00,331.9200134277344,332.30999755859375,331.80999755859375,332.25,30831
2026-08-31 15:41:00-04:00,331.55999755859375,331.9200134277344,331.510009765625,331.875,15606
2026-08-31 15:42:00-04:00,331.8699951171875,331.8699951171875,331.54998779296875,331.6499938964844,24303
2026-08-31 15:43:00-04:00,332.114990234375,332.1199951171875,331.67999267578125,331.8999938964844,15954
2026-08-31 15:44:00-04:00,331.80999755859375,332.2099914550781,331.80999755859375,332.1600036621094,18842
2026-08-31 15:45:00-04:00,331.8500061035156,332.0199890136719,331.6050109863281,331.8599853515625,14563
2026-08-31 15:46:00-04:00,331.8349914550781,331.94000244140625,331.57000732421875,331.94000244140625,22130
2026-08-31 15:47:00-04:00,331.7099914550781,331.8999938964844,331.7099914550781,331.8599853515625,12467
2026-08-31 15:48:00-04:00,331.9200134277344,331.92999267578125,331.739990234375,331.739990234375,15919
2026-08-31 15:49:00-04:00,332.3500061035156,332.3500061035156,331.6499938964844,331.9200134277344,61588
2026-08-31 15:50:00-04:00,332.0,332.5299987792969,331.9599914550781,332.4700012207031,18933
2026-08-31 15:51:00-04:00,332.0899963378906,332.0899963378906,331.81500244140625,332.04998779296875,29923
2026-08-31 15:52:00-04:00,331.9200134277344,332.1000061035156,331.9100036621094,332.1000061035156,23281
2026-08-31 15:53:00-04:00,331.9049987792969,331.9800109863281,331.8800048828125,331.92999267578125,22677
2026-08-31 15:54:00-04:00,331.93499755859375,332.1499938964844,331.68499755859375,331.9049987792969,38806
2026-08-31 15:55:00-04:00,331.2699890136719,332.010009765625,330.6099853515625,331.885009765625,62761
2026-08-31 15:56:00-04:00,331.1700134277344,331.54998779296875,331.125,331.3299865722656,49067
2026-08-31 15:57:00-04:00,331.5249938964844,331.5400085449219,330.8949890136719,331.1700134277344,47766
2026-08-31 15:58:00-04:00,332.19000244140625,332.20001220703125,331.5249938964844,331.5249938964844,78027
2026-08-31 15:59:00-04:00,331.5,332.29998779296875,331.1300048828125,332.1449890136719,117396
2026-09-01 09:30:00-04:00,326.8949890136719,327.6979064941406,325.0050048828125,325.875,112421
2026-09-01 09:31:00-04:00,326.9750061035156,328.30999755859375,326.44500732421875,327.7799987792969,11565
2026-09-01 09:32:00-04:00,327.8399963378906,327.95001220703125,326.6099853515625,327.95001220703125,5477
2026-09-01 09:33:00-04:00,327.8599853515625,328.760009765625,326.7099914550781,328.760009765625,6426
2026-09-01 09:34:00-04:00,325.9649963378906,328.2200012207031,324.760009765625,328.2200012207031,13376
2026-09-01 09:35:00-04:00,327.04998779296875,328.2200012207031,326.32000732421875,326.9599914550781,4378
2026-09-01 09:36:00-04:00,326.1050109863281,327.9100036621094,326.0799865722656,327.9100036621094,8044
2026-09-01 09:37:00-04:00,327.6099853515625,328.20001220703125,325.5400085449219,326.6499938964844,10194
2026-09-01 09:38:00-04:00,325.489990234375,328.42999267578125,325.1499938964844,328.42999267578125,13584
2026-09-01 09:39:00-04:00,325.1499938964844,325.92999267578125,324.75,325.8299865722656,12821
2026-09-01 09:40:00-04:00,325.04998779296875,326.4800109863281,325.04998779296875,325.1431884765625,15992
2026-09-01 09:41:00-04:00,324.3599853515625,325.8399963378906,324.0199890136719,325.8399963378906,15911
2026-09-01 09:42:00-04:00,325.0400085449219,325.95001220703125,324.4100036621094,324.7099914550781,17873
2026-09-01 09:43:00-04:00,324.5899963378906,325.1199951171875,324.1499938964844,324.7300109863281,13421
2026-09-01 09:44:00-04:00,324.8598937988281,324.8599853515625,324.0799865722656,324.69000244140625,20976
2026-09-01 09:45:00-04:00,326.0,326.0,324.42999267578125,324.43499755859375,21586
2026-09-01 09:46:00-04:00,325.8598937988281,326.44000244140625,325.3500061035156,325.82501220703125,5844
2026-09-01 09:47:00-04:00,325.489990234375,326.25,325.1199951171875,325.44000244140625,6998
2026-09-01 09:48:00-04:00,324.6400146484375,325.8699951171875,324.5,325.8699951171875,29071
2026-09-01 09:49:00-04:00,324.5350036621094,324.6050109863281,324.0860900878906,324.5799865722656,2346
2026-09-01 09:50:00-04:00,323.3299865722656,325.04998779296875,323.2001037597656,325.04998779296875,13604
2026-09-01 09:51:00-04:00,321.7300109863281,323.6700134277344,321.45001220703125,323.6300048828125,10346
2026-09-01 09:52:00-04:00,320.2001037597656,321.9599914550781,320.2001037597656,321.9599914550781,18518
2026-09-01 09:53:00-04:00,320.3102111816406,320.9700012207031,320.1199951171875,320.6199951171875,17467
2026-09-01 09:54:00-04:00,321.5199890136719,321.5199890136719,320.2200012207031,320.69000244140625,6196
2026-09-01 09:55:00-04:00,321.9800109863281,322.3450012207031,321.2408142089844,321.5199890136719,8803
2026-09-01 09:56:00-04:00,322.6592102050781,322.70001220703125,321.7900085449219,322.3299865722656,8484
2026-09-01 09:57:00-04:00,322.17498779296875,322.9800109863281,322.17498779296875,322.6400146484375,13757
2026-09-01 09:58:00-04:00,322.8299865722656,322.8800048828125,322.1700134277344,322.1700134277344,3881
2026-09-01 09:59:00-04:00,322.260009765625,323.0199890136719,321.8699951171875,323.0199890136719,9902
2026-09-01 10:00:00-04:00,323.0050048828125,323.0050048828125,322.0299987792969,322.6199951171875,8385
2026-09-01 10:01:00-04:00,323.56500244140625,323.760009765625,323.4695129394531,323.4695129394531,4099
2026-09-01 10:02:00-04:00,322.8999938964844,323.9200134277344,322.8800048828125,323.9200134277344,3971
2026-09-01 10:03:00-04:00,323.3699951171875,323.9200134277344,322.8949890136719,323.3699951171875,9904
2026-09-01 10:04:00-04:00,323.3500061035156,324.3399963378906,323.3500061035156,323.95001220703125,5676
2026-09-01 10:05:00-04:00,323.6700134277344,323.8500061035156,323.17999267578125,323.4100036621094,5132
2026-09-01 10:06:00-04:00,324.06500244140625,324.06500244140625,323.55999755859375,323.8399963378906,3172
2026-09-01 10:07:00-04:00,323.6199951171875,324.4700012207031,323.1499938964844,324.4700012207031,5896
2026-09-01 10:08:00-04:00,323.385009765625,323.6600036621094,323.2200012207031,323.6499938964844,6133
2026-09-01 10:09:00-04:00,323.5299987792969,323.739990234375,323.1400146484375,323.5299987792969,6680
2026-09-01 10:10:00-04:00,323.989990234375,324.17999267578125,323.19000244140625,323.7300109863281,8722
2026-09-01 10:11:00-04:00,323.5199890136719,324.0799865722656,323.5199890136719,324.0299987792969,4770
2026-09-01 10:12:00-04:00,323.3399963378906,323.67999267578125,323.3399963378906,323.635009765625,2579
2026-09-01 10:13:00-04:00,323.3800048828125,323.739990234375,323.1099853515625,323.3500061035156,8695
2026-09-01 10:14:00-04:00,322.8125,323.45001220703125,322.57000732421875,323.45001220703125,15032
2026-09-01 10:15:00-04:00,323.0950012207031,323.5899963378906,323.010009765625,323.010009765625,8552
2026-09-01 10:16:00-04:00,323.0,323.5799865722656,323.0,323.4100036621094,6029
2026-09-01 10:17:00-04:00,322.30499267578125,323.1300048828125,322.2001037597656,323.0,8165
2026-09-01 10:18:00-04:00,322.635009765625,323.19000244140625,322.3299865722656,322.6000061035156,7480
2026-09-01 10:19:00-04:00,322.6400146484375,322.82501220703125,322.5249938964844,322.6000061035156,3402
2026-09-01 10:20:00-04:00,322.6600036621094,322.8949890136719,322.6000061035156,322.8500061035156,5156
2026-09-01 10:21:00-04:00,322.94000244140625,323.04998779296875,322.6099853515625,322.8800048828125,4810
2026-09-01 10:22:00-04:00,323.4049987792969,323.6650085449219,322.7974853515625,323.0299987792969,10067
2026-09-01 10:23:00-04:00,323.1600036621094,323.44000244140625,323.0,323.44000244140625,4047
2026-09-01 10:24:00-04:00,322.32000732421875,323.2099914550781,322.32000732421875,323.2099914550781,4193
2026-09-01 10:25:00-04:00,322.4750061035156,322.6099853515625,322.30499267578125,322.6099853515625,2461
2026-09-01 10:26:00-04:00,322.69000244140625,322.8699951171875,322.5849914550781,322.8500061035156,1974
2026-09-01 10:27:00-04:00,322.61749267578125,322.9200134277344,322.5799865722656,322.80999755859375,5030
2026-09-01 10:28:00-04:00,322.2950134277344,322.8299865722656,321.67999267578125,322.7799987792969,8376
2026-09-01 10:29:00-04:00,322.1300048828125,322.6600036621094,321.54998779296875,322.6600036621094,9841
2026-09-01 10:30:00-04:00,322.44000244140625,322.44000244140625,321.8949890136719,322.1300048828125,13256
2026-09-01 10:31:00-04:00,323.0400085449219,323.375,322.45001220703125,322.7099914550781,6596
2026-09-01 10:32:00-04:00,323.0799865722656,323.54998779296875,323.07000732421875,323.54998779296875,4270
2026-09-01 10:33:00-04:00,323.05999755859375,323.2699890136719,322.8550109863281,323.2699890136719,6995
2026-09-01 10:34:00-04:00,322.6199951171875,323.2099914550781,322.55999755859375,323.1700134277344,8674
2026-09-01 10:35:00-04:00,322.7250061035156,322.80999755859375,322.3999938964844,322.5849914550781,2383
2026-09-01 10:36:00-04:00,322.760009765625,322.989990234375,322.42498779296875,322.989990234375,2943
2026-09-01 10:37:00-04:00,323.0,323.0,322.80499267578125,322.82000732421875,3265
2026-09-01 10:38:00-04:00,323.2200012207031,323.2200012207031,323.0050048828125,323.2200012207031,4834
2026-09-01 10:39:00-04:00,323.5,323.5,323.1300048828125,323.260009765625,3496
2026-09-01 10:40:00-04:00,323.5199890136719,323.54998779296875,323.2699890136719,323.54998779296875,3272
2026-09-01 10:41:00-04:00,323.34991455078125,323.5,322.8800048828125,323.5,5440
2026-09-01 10:42:00-04:00,323.1400146484375,323.3500061035156,323.05999755859375,323.3500061035156,4406
2026-09-01 10:43:00-04:00,323.20001220703125,323.30999755859375,322.9599914550781,323.30999755859375,4353
2026-09-01 10:44:00-04:00,323.6099853515625,323.6099853515625,323.04998779296875,323.3500061035156,5772
2026-09-01 10:45:00-04:00,324.2900085449219,324.2900085449219,323.6600036621094,323.6600036621094,5868
2026-09-01 10:46:00-04:00,324.07000732421875,324.57000732421875,323.8299865722656,324.57000732421875,4104
2026-09-01 10:47:00-04:00,324.3999938964844,324.4599914550781,323.69000244140625,324.29998779296875,5654
2026-09-01 10:48:00-04:00,324.2300109863281,324.4599914550781,324.1700134277344,324.4599914550781,2395
2026-09-01 10:49:00-04:00,324.56500244140625,324.6300048828125,324.2900085449219,324.2900085449219,4057
2026-09-01 10:50:00-04:00,324.0,324.4700012207031,323.9800109863281,324.4700012207031,3504
2026-09-01 10:51:00-04:00,323.8301086425781,324.25,323.5899963378906,324.25,4237
2026-09-01 10:52:00-04:00,323.4800109863281,324.07000732421875,323.2799987792969,324.07000732421875,6734
2026-09-01 10:53:00-04:00,323.5799865722656,323.70001220703125,323.510009765625,323.510009765625,2464
2026-09-01 10:54:00-04:00,323.614990234375,323.70001220703125,323.1600036621094,323.70001220703125,19627
2026-09-01 10:55:00-04:00,323.8999938964844,323.94000244140625,323.3900146484375,323.94000244140625,3370
2026-09-01 10:56:00-04:00,323.4800109863281,323.8999938964844,323.4800109863281,323.8999938964844,988
2026-09-01 10:57:00-04:00,323.4750061035156,324.04998779296875,323.4750061035156,323.8299865722656,15477
2026-09-01 10:58:00-04:00,323.6199951171875,323.67999267578125,323.45001220703125,323.67999267578125,4859
2026-09-01 10:59:00-04:00,323.8399963378906,323.9200134277344,323.69000244140625,323.69000244140625,2582
2026-09-01 11:00:00-04:00,323.8599853515625,324.1549987792969,323.7300109863281,324.010009765625,5640
2026-09-01 11:01:00-04:00,323.7300109863281,323.7300109863281,323.7300109863281,323.7300109863281,589
2026-09-01 11:02:00-04:00,323.80999755859375,323.8299865722656,323.6050109863281,323.7699890136719,3978
2026-09-01 11:03:00-04:00,323.2749938964844,323.9800109863281,323.2749938964844,323.9800109863281,8941
2026-09-01 11:04:00-04:00,322.9800109863281,323.4599914550781,322.95001220703125,323.4599914550781,21373
2026-09-01 11:05:00-04:00,323.1000061035156,323.32000732421875,322.8900146484375,322.8999938964844,9422
2026-09-01 11:06:00-04:00,323.1549987792969,323.3299865722656,323.1050109863281,323.30999755859375,2697
2026-09-01 11:07:00-04:00,322.5199890136719,323.3399963378906,322.3699951171875,323.3399963378906,9704
2026-09-01 11:08:00-04:00,322.8800048828125,322.8800048828125,322.3500061035156,322.55999755859375,9200
2026-09-01 11:09:00-04:00,322.8399963378906,322.8800048828125,322.69000244140625,322.8800048828125,3969
2026-09-01 11:10:00-04:00,323.2300109863281,323.2300109863281,322.989990234375,323.05999755859375,1818
2026-09-01 11:11:00-04:00,322.375,323.19000244140625,322.375,323.19000244140625,9259
2026-09-01 11:12:00-04:00,322.43499755859375,322.44000244140625,322.2099914550781,322.44000244140625,4253
2026-09-01 11:13:00-04:00,322.6000061035156,322.7099914550781,322.3396911621094,322.55999755859375,2900
2026-09-01 11:14:00-04:00,322.7200012207031,322.7200012207031,322.510009765625,322.510009765625,2943
2026-09-01 11:15:00-04:00,322.3800048828125,322.92999267578125,322.3599853515625,322.92999267578125,5785
2026-09-01 11:16:00-04:00,321.8450012207031,322.4800109863281,321.75,322.45001220703125,25879
2026-09-01 11:17:00-04:00,321.7699890136719,321.92999267578125,321.58099365234375,321.8999938964844,4949
2026-09-01 11:18:00-04:00,322.0380859375,322.07000732421875,321.7699890136719,321.9599914550781,6707
2026-09-01 11:19:00-04:00,322.0295104980469,322.1099853515625,321.7250061035156,322.1099853515625,11661
2026-09-01 11:20:00-04:00,321.6700134277344,322.05999755859375,321.6700134277344,321.81500244140625,3489
2026-09-01 11:21:00-04:00,322.0299987792969,322.0400085449219,321.739990234375,321.739990234375,2878
2026-09-01 11:22:00-04:00,321.8900146484375,322.1199951171875,321.8900146484375,322.1199951171875,2345
2026-09-01 11:23:00-04:00,322.0150146484375,322.2200012207031,321.79998779296875,321.9800109863281,9134
2026-09-01 11:24:00-04:00,322.0299987792969,322.19000244140625,321.739990234375,322.19000244140625,5694
2026-09-01 11:25:00-04:00,322.260009765625,322.4700012207031,322.04998779296875,322.2699890136719,11846
2026-09-01 11:26:00-04:00,322.57000732421875,322.74359130859375,322.1300048828125,322.260009765625,6432
2026-09-01 11:27:00-04:00,322.2200012207031,322.6000061035156,321.79998779296875,322.6000061035156,6011
2026-09-01 11:28:00-04:00,322.3999938964844,322.44000244140625,322.2300109863281,322.44000244140625,1880
2026-09-01 11:29:00-04:00,322.6449890136719,322.68499755859375,322.2900085449219,322.4200134277344,4136
2026-09-01 11:30:00-04:00,323.0,323.0,322.6449890136719,322.6449890136719,4821
2026-09-01 11:31:00-04:00,323.1600036621094,323.32000732421875,323.010009765625,323.1600036621094,5927
2026-09-01 11:32:00-04:00,323.1300048828125,323.260009765625,322.9750061035156,323.010009765625,6212
2026-09-01 11:33:00-04:00,323.07000732421875,323.3599853515625,322.9599914550781,323.1099853515625,6014
2026-09-01 11:34:00-04:00,323.3299865722656,323.6300048828125,323.2149963378906,323.3599853515625,6284
2026-09-01 11:35:00-04:00,323.07000732421875,323.30499267578125,322.95001220703125,323.30499267578125,5485
2026-09-01 11:36:00-04:00,323.0849914550781,323.260009765625,323.05499267578125,323.260009765625,151700
2026-09-01 11:37:00-04:00,323.3999938964844,323.3999938964844,323.0163879394531,323.2099914550781,3823
2026-09-01 11:38:00-04:00,323.19000244140625,323.57000732421875,322.95001220703125,323.57000732421875,3864
2026-09-01 11:39:00-04:00,322.8487854003906,323.2149963378906,322.6600036621094,323.1700134277344,9653
2026-09-01 11:40:00-04:00,323.0,323.1199951171875,322.94500732421875,323.1199951171875,2171
2026-09-01 11:41:00-04:00,323.2699890136719,323.3800048828125,322.9949951171875,323.0899963378906,5100
2026-09-01 11:42:00-04:00,323.2149963378906,323.4200134277344,323.0299987792969,323.4200134277344,2117
2026-09-01 11:43:00-04:00,323.2974853515625,323.3999938964844,323.0299987792969,323.3999938964844,5624
2026-09-01 11:44:00-04:00,323.0299987792969,323.239990234375,323.0299987792969,323.1700134277344,5068
2026-09-01 11:45:00-04:00,323.1549987792969,323.20001220703125,323.05999755859375,323.19000244140625,2900
2026-09-01 11:46:00-04:00,322.7650146484375,323.2699890136719,322.760009765625,323.2699890136719,9821
2026-09-01 11:47:00-04:00,323.1300048828125,323.29998779296875,322.8399963378906,322.8800048828125,5751
2026-09-01 11:48:00-04:00,323.2099914550781,323.45001220703125,323.2099914550781,323.45001220703125,548
2026-09-01 11:49:00-04:00,323.17498779296875,323.3999938964844,323.0199890136719,323.3999938964844,1719
2026-09-01 11:50:00-04:00,323.239990234375,323.3800048828125,323.010009765625,323.3800048828125,4176
2026-09-01 11:51:00-04:00,322.9200134277344,323.1000061035156,322.9200134277344,323.07000732421875,4783
2026-09-01 11:52:00-04:00,322.760009765625,323.1400146484375,322.55999755859375,323.1400146484375,5135
2026-09-01 11:53:00-04:00,322.7449951171875,322.9100036621094,322.7300109863281,322.9100036621094,3193
2026-09-01 11:54:00-04:00,322.57000732421875,322.9100036621094,322.3800048828125,322.9100036621094,5104
2026-09-01 11:55:00-04:00,322.75,322.75,322.5950012207031,322.739990234375,2263
2026-09-01 11:56:00-04:00,323.1600036621094,323.33258056640625,322.760009765625,322.8900146484375,3438
2026-09-01 11:57:00-04:00,322.9849853515625,323.1700134277344,322.8299865722656,323.1700134277344,4053
2026-09-01 11:58:00-04:00,322.93499755859375,322.93499755859375,322.6199951171875,322.8299865722656,4206
2026-09-01 11:59:00-04:00,322.7699890136719,323.1300048828125,322.75,323.1300048828125,1373
2026-09-01 12:00:00-04:00,322.4375,322.739990234375,322.4375,322.739990234375,2960
2026-09-01 12:01:00-04:00,321.7950134277344,322.55999755859375,321.7900085449219,322.55999755859375,17576
2026-09-01 12:02:00-04:00,321.9150085449219,322.1050109863281,321.7149963378906,321.7349853515625,5495
2026-09-01 12:03:00-04:00,322.04998779296875,322.2699890136719,321.9049987792969,321.9150085449219,3704
2026-09-01 12:04:00-04:00,321.8949890136719,322.510009765625,321.7300109863281,322.510009765625,7151
2026-09-01 12:05:00-04:00,321.4800109863281,322.07000732421875,321.3399963378906,322.07000732421875,5695
2026-09-01 12:06:00-04:00,321.3399963378906,321.635009765625,321.3399963378906,321.5299987792969,5699
2026-09-01 12:07:00-04:00,321.6400146484375,321.6400146484375,321.2099914550781,321.2099914550781,2482
2026-09-01 12:08:00-04:00,321.42999267578125,321.7799987792969,321.3299865722656,321.7799987792969,3346
2026-09-01 12:09:00-04:00,321.510009765625,321.7200012207031,321.35009765625,321.57000732421875,4763
2026-09-01 12:10:00-04:00,321.4599914550781,321.67498779296875,321.25,321.67498779296875,4960
2026-09-01 12:11:00-04:00,321.3500061035156,321.70001220703125,321.30999755859375,321.70001220703125,3077
2026-09-01 12:12:00-04:00,321.29998779296875,321.7699890136719,321.25,321.7699890136719,6112
2026-09-01 12:13:00-04:00,321.3450012207031,321.4100036621094,321.2799987792969,321.4100036621094,1904
2026-09-01 12:14:00-04:00,321.30999755859375,321.30999755859375,321.1499938964844,321.29998779296875,2765
2026-09-01 12:15:00-04:00,321.2200012207031,321.4800109863281,321.1199951171875,321.4800109863281,1800
2026-09-01 12:16:00-04:00,321.3299865722656,321.5,321.2799987792969,321.2799987792969,3260
2026-09-01 12:17:00-04:00,321.17999267578125,321.5400085449219,321.17999267578125,321.5400085449219,3769
2026-09-01 12:18:00-04:00,321.0950012207031,321.44000244140625,321.0,321.44000244140625,9012
2026-09-01 12:19:00-04:00,321.4100036621094,321.489990234375,321.0950012207031,321.239990234375,4615
2026-09-01 12:20:00-04:00,320.9200134277344,321.70001220703125,320.9200134277344,321.70001220703125,3389
2026-09-01 12:21:00-04:00,320.635009765625,321.1600036621094,320.635009765625,321.1600036621094,3751
2026-09-01 12:22:00-04:00,320.25,320.75,320.25,320.5,12668
2026-09-01 12:23:00-04:00,320.32000732421875,320.54998779296875,320.2099914550781,320.2640075683594,6596
2026-09-01 12:24:00-04:00,320.42498779296875,320.67999267578125,320.2900085449219,320.67999267578125,5649
2026-09-01 12:25:00-04:00,320.7799987792969,320.7900085449219,320.5,320.5,5446
2026-09-01 12:26:00-04:00,320.7099914550781,321.0,320.6700134277344,320.8999938964844,7265
2026-09-01 12:27:00-04:00,320.67498779296875,321.0,320.614990234375,320.7200012207031,4688
2026-09-01 12:28:00-04:00,320.6099853515625,320.8900146484375,320.6050109863281,320.8900146484375,2158
2026-09-01 12:29:00-04:00,320.6099853515625,320.75,320.5950012207031,320.75,1658
2026-09-01 12:30:00-04:00,319.6549987792969,320.739990234375,319.3699951171875,320.7300109863281,30113
2026-09-01 12:31:00-04:00,319.5799865722656,319.95001220703125,319.2283020019531,319.95001220703125,15118
2026-09-01 12:32:00-04:00,319.5450134277344,319.7799987792969,319.5,319.7799987792969,3627
2026-09-01 12:33:00-04:00,319.7200012207031,319.7200012207031,319.4700012207031,319.6499938964844,2833
2026-09-01 12:34:00-04:00,319.5050048828125,319.7099914550781,319.3999938964844,319.7099914550781,3148
2026-09-01 12:35:00-04:00,319.75,319.9599914550781,319.6300048828125,319.6300048828125,3040
2026-09-01 12:36:00-04:00,319.6199951171875,319.9599914550781,319.6199951171875,319.80999755859375,12234
2026-09-01 12:37:00-04:00,319.80999755859375,319.80999755859375,319.3550109863281,319.5899963378906,3606
2026-09-01 12:38:00-04:00,319.20001220703125,319.8299865722656,319.20001220703125,319.80999755859375,11192
2026-09-01 12:39:00-04:00,319.2250061035156,319.32000732421875,319.17999267578125,319.32000732421875,3957
2026-09-01 12:40:00-04:00,319.2250061035156,319.45001220703125,319.1449890136719,319.45001220703125,4176
2026-09-01 12:41:00-04:00,319.0199890136719,319.3900146484375,318.8900146484375,319.3900146484375,7859
2026-09-01 12:42:00-04:00,318.56500244140625,319.010009765625,318.3699951171875,319.010009765625,4335
2026-09-01 12:43:00-04:00,318.78009033203125,318.8900146484375,318.56500244140625,318.6700134277344,5584
2026-09-01 12:44:00-04:00,319.07000732421875,319.07000732421875,318.7254943847656,318.8800048828125,83499
2026-09-01 12:45:00-04:00,318.70001220703125,319.0,318.57501220703125,318.92999267578125,4601
2026-09-01 12:46:00-04:00,318.739990234375,318.7799987792969,318.6300048828125,318.7799987792969,2552
2026-09-01 12:47:00-04:00,318.67999267578125,318.8999938964844,318.67999267578125,318.8999938964844,2139
2026-09-01 12:48:00-04:00,318.8699951171875,318.8800048828125,318.70001220703125,318.8699951171875,4926
2026-09-01 12:49:00-04:00,319.04998779296875,319.29998779296875,318.8699951171875,319.0299987792969,4140
2026-09-01 12:50:00-04:00,319.54998779296875,319.54998779296875,319.1650085449219,319.1650085449219,5542
2026-09-01 12:51:00-04:00,319.3699951171875,319.6366882324219,319.364990234375,319.54998779296875,2792
2026-09-01 12:52:00-04:00,319.04998779296875,319.45001220703125,319.0400085449219,319.45001220703125,6923
2026-09-01 12:53:00-04:00,319.4150085449219,319.6911926269531,319.07501220703125,319.1499938964844,6081
2026-09-01 12:54:00-04:00,319.2300109863281,319.4599914550781,319.2200012207031,319.364990234375,4626
2026-09-01 12:55:00-04:00,319.5350036621094,319.6098937988281,319.1549987792969,319.4700012207031,6426
2026-09-01 12:56:00-04:00,319.82000732421875,319.82000732421875,319.4100036621094,319.4100036621094,2097
2026-09-01 12:57:00-04:00,320.1400146484375,320.1400146484375,319.8399963378906,320.0400085449219,4375
2026-09-01 12:58:00-04:00,320.739990234375,320.80999755859375,320.4800109863281,320.5400085449219,7219
2026-09-01 12:59:00-04:00,320.56500244140625,320.8900146484375,320.3900146484375,320.8900146484375,4339
2026-09-01 13:00:00-04:00,320.3299865722656,320.67999267578125,320.2699890136719,320.67999267578125,6281
2026-09-01 13:01:00-04:00,320.32000732421875,320.6600036621094,320.32000732421875,320.6600036621094,3652
2026-09-01 13:02:00-04:00,320.1684875488281,320.3536071777344,320.1000061035156,320.2200012207031,3674
2026-09-01 13:03:00-04:00,320.5199890136719,320.5199890136719,320.2550048828125,320.4800109863281,2846
2026-09-01 13:04:00-04:00,320.75,320.75,320.3700866699219,320.75,4355
2026-09-01 13:05:00-04:00,320.80999755859375,320.989990234375,320.69000244140625,320.989990234375,2808
2026-09-01 13:06:00-04:00,320.6000061035156,320.7900085449219,320.6000061035156,320.7900085449219,6149
2026-09-01 13:07:00-04:00,320.2200012207031,320.68499755859375,320.2200012207031,320.5899963378906,3888
2026-09-01 13:08:00-04:00,320.2799987792969,320.45001220703125,320.19000244140625,320.19000244140625,3406
2026-09-01 13:09:00-04:00,320.3800048828125,320.510009765625,320.25,320.260009765625,2284
2026-09-01 13:10:00-04:00,320.40850830078125,320.6300048828125,320.40850830078125,320.6300048828125,693
2026-09-01 13:11:00-04:00,320.6299133300781,320.6300048828125,320.44500732421875,320.6300048828125,2682
2026-09-01 13:12:00-04:00,320.8599853515625,320.8599853515625,320.6050109863281,320.6600036621094,3648
2026-09-01 13:13:00-04:00,320.4800109863281,320.8599853515625,320.4750061035156,320.8599853515625,4649
2026-09-01 13:14:00-04:00,320.3800048828125,320.7699890136719,320.3800048828125,320.7699890136719,1284
2026-09-01 13:15:00-04:00,320.4599914550781,320.5400085449219,320.3200988769531,320.4100036621094,3821
2026-09-01 13:16:00-04:00,320.3699951171875,320.6000061035156,320.2850036621094,320.6000061035156,4523
2026-09-01 13:17:00-04:00,320.4599914550781,320.4599914550781,320.385009765625,320.385009765625,1147
2026-09-01 13:18:00-04:00,320.510009765625,320.6700134277344,320.4750061035156,320.6199951171875,2094
2026-09-01 13:19:00-04:00,320.6400146484375,320.69000244140625,320.3900146484375,320.6700134277344,4485
2026-09-01 13:20:00-04:00,320.7550048828125,320.7550048828125,320.7049865722656,320.7049865722656,2255
2026-09-01 13:21:00-04:00,320.3399963378906,320.7200012207031,320.1700134277344,320.7200012207031,11470
2026-09-01 13:22:00-04:00,320.2049865722656,320.45001220703125,320.17999267578125,320.45001220703125,5745
2026-09-01 13:23:00-04:00,320.010009765625,320.2200012207031,320.0,320.2200012207031,3110
2026-09-01 13:24:00-04:00,319.9100036621094,320.1400146484375,319.8399963378906,320.1099853515625,4449
2026-09-01 13:25:00-04:00,319.79998779296875,320.1099853515625,319.4800109863281,320.1099853515625,5437
2026-09-01 13:26:00-04:00,319.80499267578125,320.0799865722656,319.7950134277344,320.0799865722656,2165
2026-09-01 13:27:00-04:00,319.8450012207031,319.95001220703125,319.697998046875,319.95001220703125,1178
2026-09-01 13:28:00-04:00,319.8500061035156,320.0199890136719,319.70001220703125,320.0199890136719,3425
2026-09-01 13:29:00-04:00,320.25,320.4800109863281,319.5899963378906,319.7799987792969,7046
2026-09-01 13:30:00-04:00,320.489990234375,320.5,320.2699890136719,320.2699890136719,2733
2026-09-01 13:31:00-04:00,320.6050109863281,320.63641357421875,320.4700012207031,320.55999755859375,2913
2026-09-01 13:32:00-04:00,320.7349853515625,320.8500061035156,320.6549987792969,320.8500061035156,1791
2026-09-01 13:33:00-04:00,320.7250061035156,320.9599914550781,320.7049865722656,320.9599914550781,2123
2026-09-01 13:34:00-04:00,320.7699890136719,320.9800109863281,320.7349853515625,320.94000244140625,1462
2026-09-01 13:35:00-04:00,320.70001220703125,320.8900146484375,320.6700134277344,320.8900146484375,2788
2026-09-01 13:36:00-04:00,320.614990234375,320.82000732421875,320.4549865722656,320.82000732421875,17510
2026-09-01 13:37:00-04:00,320.5899963378906,320.7799987792969,320.45001220703125,320.7799987792969,1803
2026-09-01 13:38:00-04:00,320.7489013671875,320.7489013671875,320.4599914550781,320.70001220703125,4610
2026-09-01 13:39:00-04:00,320.635009765625,320.80999755859375,320.635009765625,320.80999755859375,1944
2026-09-01 13:40:00-04:00,320.6549987792969,320.7900085449219,320.6549987792969,320.7900085449219,2291
2026-09-01 13:41:00-04:00,320.6600036621094,320.79998779296875,320.6499938964844,320.79998779296875,5539
2026-09-01 13:42:00-04:00,320.2456970214844,320.6199951171875,320.2456970214844,320.510009765625,3112
2026-09-01 13:43:00-04:00,320.44500732421875,320.5799865722656,320.4200134277344,320.5799865722656,2554
2026-09-01 13:44:00-04:00,320.30999755859375,320.5299987792969,320.30999755859375,320.5299987792969,1486
2026-09-01 13:45:00-04:00,320.4150085449219,320.4200134277344,320.25,320.3800048828125,3212
2026-09-01 13:46:00-04:00,320.2200012207031,320.4150085449219,320.2200012207031,320.4150085449219,1471
2026-09-01 13:47:00-04:00,320.3900146484375,320.3999938964844,320.2200012207031,320.3999938964844,2866
2026-09-01 13:48:00-04:00,320.2250061035156,320.3999938964844,320.2250061035156,320.3999938964844,1803
2026-09-01 13:49:00-04:00,320.2149963378906,320.3299865722656,320.2149963378906,320.3299865722656,1863
2026-09-01 13:50:00-04:00,320.2200012207031,320.30999755859375,320.2200012207031,320.30999755859375,628
2026-09-01 13:51:00-04:00,319.8900146484375,320.3299865722656,319.760009765625,320.29998779296875,18649
2026-09-01 13:52:00-04:00,319.80999755859375,319.8900146484375,319.5400085449219,319.8900146484375,4521
2026-09-01 13:53:00-04:00,319.7300109863281,319.8699035644531,319.7300109863281,319.8599853515625,4174
2026-09-01 13:54:00-04:00,319.6449890136719,319.8599853515625,319.489990234375,319.8599853515625,2807
2026-09-01 13:55:00-04:00,319.5899963378906,319.7699890136719,319.4800109863281,319.7699890136719,4669
2026-09-01 13:56:00-04:00,319.1499938964844,319.7300109863281,319.0299987792969,319.7300109863281,7857
2026-09-01 13:57:00-04:00,319.3699951171875,319.3699951171875,319.1499938964844,319.1499938964844,2635
2026-09-01 13:58:00-04:00,319.3900146484375,319.5400085449219,319.0899963378906,319.5400085449219,5535
2026-09-01 13:59:00-04:00,319.6499938964844,319.7900085449219,319.5400085449219,319.5400085449219,4136
2026-09-01 14:00:00-04:00,319.9100036621094,320.06500244140625,319.79998779296875,319.79998779296875,3779
2026-09-01 14:01:00-04:00,319.8800048828125,320.0799865722656,319.7149963378906,320.0799865722656,3810
2026-09-01 14:02:00-04:00,320.010009765625,320.1000061035156,319.9200134277344,320.010009765625,3789
2026-09-01 14:03:00-04:00,320.6199951171875,320.6199951171875,319.93499755859375,320.260009765625,5844
2026-09-01 14:04:00-04:00,320.29998779296875,320.7598876953125,320.29998779296875,320.7598876953125,1752
2026-09-01 14:05:00-04:00,320.5299987792969,320.5299987792969,320.5299987792969,320.5299987792969,1057
2026-09-01 14:06:00-04:00,320.135009765625,320.3800048828125,320.0574951171875,320.3800048828125,4946
2026-09-01 14:07:00-04:00,320.3349914550781,320.3699951171875,320.135009765625,320.2799987792969,3098
2026-09-01 14:08:00-04:00,320.43499755859375,320.4599914550781,320.3999938964844,320.4599914550781,3490
2026-09-01 14:09:00-04:00,320.2650146484375,320.6199951171875,320.1499938964844,320.6199951171875,4996
2026-09-01 14:10:00-04:00,320.3399963378906,320.44000244140625,320.2699890136719,320.44000244140625,2097
2026-09-01 14:11:00-04:00,320.5050048828125,320.5050048828125,320.3999938964844,320.5,2206
2026-09-01 14:12:00-04:00,320.54998779296875,320.7749938964844,320.54998779296875,320.6700134277344,6611
2026-09-01 14:13:00-04:00,320.0799865722656,320.8299865722656,320.0799865722656,320.8299865722656,13069
2026-09-01 14:14:00-04:00,320.1099853515625,320.1449890136719,320.010009765625,320.1000061035156,5908
2026-09-01 14:15:00-04:00,319.9849853515625,320.1600036621094,319.79998779296875,320.0899963378906,14377
2026-09-01 14:16:00-04:00,320.0,320.17999267578125,320.0,320.17999267578125,2671
2026-09-01 14:17:00-04:00,319.8450012207031,320.17999267578125,319.6000061035156,320.17999267578125,5617
2026-09-01 14:18:00-04:00,319.8550109863281,320.0799865722656,319.69000244140625,320.0799865722656,2143
2026-09-01 14:19:00-04:00,319.94000244140625,319.94000244140625,319.7900085449219,319.8999938964844,2273
2026-09-01 14:20:00-04:00,319.8699951171875,320.0150146484375,319.8699951171875,319.95001220703125,1450
2026-09-01 14:21:00-04:00,319.7699890136719,319.9599914550781,319.7699890136719,319.9599914550781,3023
2026-09-01 14:22:00-04:00,319.9949951171875,320.1600036621094,319.7799987792969,319.79998779296875,4585
2026-09-01 14:23:00-04:00,319.32000732421875,320.0799865722656,319.32000732421875,320.0799865722656,4113
2026-09-01 14:24:00-04:00,319.4200134277344,319.42999267578125,319.1400146484375,319.2200012207031,4812
2026-09-01 14:25:00-04:00,319.67999267578125,319.67999267578125,319.3900146484375,319.3900146484375,20206
2026-09-01 14:26:00-04:00,319.6499938964844,319.7200012207031,319.57000732421875,319.7200012207031,3548
2026-09-01 14:27:00-04:00,319.6300048828125,319.9100036621094,319.6300048828125,319.7200012207031,4589
2026-09-01 14:28:00-04:00,319.5950012207031,319.760009765625,319.57000732421875,319.760009765625,6616
2026-09-01 14:29:00-04:00,319.4750061035156,319.67999267578125,319.30499267578125,319.67999267578125,5540
2026-09-01 14:30:00-04:00,319.2933044433594,319.6099853515625,319.2933044433594,319.6099853515625,3447
2026-09-01 14:31:00-04:00,319.2550048828125,319.4549865722656,319.1099853515625,319.4100036621094,5964
2026-09-01 14:32:00-04:00,318.9200134277344,319.3299865722656,318.79998779296875,319.3299865722656,11450
2026-09-01 14:33:00-04:00,318.6499938964844,319.05999755859375,318.6499938964844,319.05999755859375,2481
2026-09-01 14:34:00-04:00,318.3299865722656,318.69000244140625,318.1000061035156,318.69000244140625,7971
2026-09-01 14:35:00-04:00,318.6400146484375,318.6400146484375,318.3550109863281,318.3550109863281,6103
2026-09-01 14:36:00-04:00,318.6300048828125,318.6300048828125,318.6099853515625,318.6099853515625,3699
2026-09-01 14:37:00-04:00,318.4800109863281,318.6300048828125,318.32000732421875,318.6300048828125,3742
2026-09-01 14:38:00-04:00,318.4100036621094,318.4599914550781,318.3999938964844,318.4599914550781,1250
2026-09-01 14:39:00-04:00,318.4200134277344,318.5,318.3999938964844,318.5,2813
2026-09-01 14:40:00-04:00,318.17999267578125,318.4150085449219,318.1300048828125,318.4150085449219,5523
2026-09-01 14:41:00-04:00,318.30999755859375,318.30999755859375,318.17498779296875,318.260009765625,5330
2026-09-01 14:42:00-04:00,318.1199951171875,318.3999938964844,318.1000061035156,318.3999938964844,1565
2026-09-01 14:43:00-04:00,317.8999938964844,318.2799987792969,317.82000732421875,318.2799987792969,20414
2026-09-01 14:44:00-04:00,318.2850036621094,318.3800048828125,317.9100036621094,317.9150085449219,10886
2026-09-01 14:45:00-04:00,318.3550109863281,318.3800048828125,318.20001220703125,318.3800048828125,2706
2026-09-01 14:46:00-04:00,318.3999938964844,318.4949951171875,318.25201416015625,318.4800109863281,5014
2026-09-01 14:47:00-04:00,318.5199890136719,318.7099914550781,318.3210144042969,318.4800109863281,9488
2026-09-01 14:48:00-04:00,318.42498779296875,318.6400146484375,318.32000732421875,318.5899963378906,6619
2026-09-01 14:49:00-04:00,318.5350036621094,318.6199951171875,318.1400146484375,318.5299987792969,24155
2026-09-01 14:50:00-04:00,318.4049987792969,318.70001220703125,318.3699951171875,318.70001220703125,2476
2026-09-01 14:51:00-04:00,318.4100036621094,318.55499267578125,318.4100036621094,318.4599914550781,7223
2026-09-01 14:52:00-04:00,318.1549987792969,318.4200134277344,318.125,318.32000732421875,8018
2026-09-01 14:53:00-04:00,318.1099853515625,318.1199951171875,318.010009765625,318.1199951171875,4716
2026-09-01 14:54:00-04:00,318.4949951171875,318.6600036621094,318.0299987792969,318.1099853515625,34311
2026-09-01 14:55:00-04:00,318.5350036621094,318.69000244140625,318.385009765625,318.4949951171875,4904
2026-09-01 14:56:00-04:00,318.989990234375,319.010009765625,318.6199951171875,318.69000244140625,19181
2026-09-01 14:57:00-04:00,319.1449890136719,319.20001220703125,318.8999938964844,319.0249938964844,12790
2026-09-01 14:58:00-04:00,318.80499267578125,319.1449890136719,318.70001220703125,319.1449890136719,11764
2026-09-01 14:59:00-04:00,318.7900085449219,318.989990234375,318.6400146484375,318.989990234375,13319
2026-09-01 15:00:00-04:00,318.7449951171875,318.8800048828125,318.7300109863281,318.8800048828125,3672
2026-09-01 15:01:00-04:00,318.9800109863281,319.3299865722656,318.6600036621094,318.7449951171875,28735
2026-09-01 15:02:00-04:00,319.0849914550781,319.20001220703125,318.93499755859375,319.04998779296875,3820
2026-09-01 15:03:00-04:00,319.06500244140625,319.25,318.6600036621094,319.1700134277344,27033
2026-09-01 15:04:00-04:00,319.0799865722656,319.260009765625,318.9601135253906,319.1300048828125,6253
2026-09-01 15:05:00-04:00,319.0,319.0950012207031,318.760009765625,319.0950012207031,6517
2026-09-01 15:06:00-04:00,318.9599914550781,319.0899963378906,318.7300109863281,318.760009765625,11219
2026-09-01 15:07:00-04:00,318.8599853515625,318.95001220703125,318.7699890136719,318.80999755859375,7231
2026-09-01 15:08:00-04:00,319.1300048828125,319.1300048828125,318.5,318.9200134277344,28041
2026-09-01 15:09:00-04:00,319.2250061035156,319.2250061035156,318.840087890625,319.2200012207031,17843
2026-09-01 15:10:00-04:00,319.3999938964844,319.6600036621094,319.1700134277344,319.30999755859375,12482
2026-09-01 15:11:00-04:00,319.3999938964844,319.5199890136719,319.3999938964844,319.5,5672
2026-09-01 15:12:00-04:00,319.3192138671875,319.489990234375,319.0400085449219,319.489990234375,10590
2026-09-01 15:13:00-04:00,319.4100036621094,319.4599914550781,319.18499755859375,319.3599853515625,10873
2026-09-01 15:14:00-04:00,319.80499267578125,319.8299865722656,319.3500061035156,319.55999755859375,10739
2026-09-01 15:15:00-04:00,319.75,319.8399963378906,319.6499938964844,319.80499267578125,11933
2026-09-01 15:16:00-04:00,319.6300048828125,319.8599853515625,319.4700012207031,319.8599853515625,9173
2026-09-01 15:17:00-04:00,319.6700134277344,319.7799987792969,319.5744934082031,319.69000244140625,14003
2026-09-01 15:18:00-04:00,319.6300048828125,319.79998779296875,319.55999755859375,319.79998779296875,5329
2026-09-01 15:19:00-04:00,319.6300048828125,319.75,319.44000244140625,319.6700134277344,11151
2026-09-01 15:20:00-04:00,319.6300048828125,319.9599914550781,319.56500244140625,319.760009765625,10291
2026-09-01 15:21:00-04:00,319.635009765625,319.7650146484375,319.5400085449219,319.5400085449219,8953
2026-09-01 15:22:00-04:00,319.44000244140625,319.7699890136719,319.44000244140625,319.67999267578125,7932
2026-09-01 15:23:00-04:00,319.44000244140625,319.69000244140625,319.29998779296875,319.42999267578125,14398
2026-09-01 15:24:00-04:00,319.3800048828125,319.5299987792969,319.3699951171875,319.4599914550781,6409
2026-09-01 15:25:00-04:00,319.3399963378906,319.510009765625,319.2200012207031,319.44000244140625,21428
2026-09-01 15:26:00-04:00,319.30499267578125,319.4100036621094,319.30499267578125,319.4100036621094,2140
2026-09-01 15:27:00-04:00,319.3800048828125,319.3800048828125,319.20001220703125,319.3699951171875,12113
2026-09-01 15:28:00-04:00,319.4949951171875,319.4949951171875,319.385009765625,319.42999267578125,3637
2026-09-01 15:29:00-04:00,319.5199890136719,319.67999267578125,319.4049987792969,319.6000061035156,11766
2026-09-01 15:30:00-04:00,319.32000732421875,319.6700134277344,319.25,319.6700134277344,7775
2026-09-01 15:31:00-04:00,319.239990234375,319.4200134277344,319.1099853515625,319.4200134277344,14933
2026-09-01 15:32:00-04:00,319.44000244140625,319.5,319.2149963378906,319.3500061035156,4983
2026-09-01 15:33:00-04:00,319.3500061035156,319.5,319.260009765625,319.44000244140625,8542
2026-09-01 15:34:00-04:00,320.010009765625,320.010009765625,319.3299865722656,319.3999938964844,25112
2026-09-01 15:35:00-04:00,319.8999938964844,319.989990234375,319.7900085449219,319.8299865722656,8950
2026-09-01 15:36:00-04:00,319.6099853515625,319.9700012207031,319.5400085449219,319.9700012207031,5041
2026-09-01 15:37:00-04:00,319.875,319.94000244140625,319.61248779296875,319.61248779296875,10233
2026-09-01 15:38:00-04:00,319.9750061035156,320.05999755859375,319.94000244140625,320.0199890136719,12812
2026-09-01 15:39:00-04:00,320.3699951171875,320.614990234375,319.9599914550781,320.0799865722656,16435
2026-09-01 15:40:00-04:00,320.25,320.5299987792969,319.9549865722656,320.5299987792969,16671
2026-09-01 15:41:00-04:00,320.17498779296875,320.2799987792969,320.1000061035156,320.25,9585
2026-09-01 15:42:00-04:00,319.68499755859375,320.2099914550781,319.57000732421875,320.17498779296875,16541
2026-09-01 15:43:00-04:00,319.6000061035156,319.79998779296875,319.44500732421875,319.79998779296875,25376
2026-09-01 15:44:00-04:00,319.1300048828125,319.67999267578125,319.010009765625,319.67999267578125,29325
2026-09-01 15:45:00-04:00,319.19500732421875,319.6199951171875,319.04998779296875,319.1700134277344,14957
2026-09-01 15:46:00-04:00,319.3349914550781,319.5400085449219,319.07000732421875,319.260009765625,13186
2026-09-01 15:47:00-04:00,319.4599914550781,319.5299987792969,319.3599853515625,319.3800048828125,10936
2026-09-01 15:48:00-04:00,319.5199890136719,319.6400146484375,319.4100036621094,319.5199890136719,12690
2026-09-01 15:49:00-04:00,319.8299865722656,319.95001220703125,319.43011474609375,319.5249938964844,10129
2026-09-01 15:50:00-04:00,320.239990234375,320.239990234375,319.70001220703125,320.0,15395
2026-09-01 15:51:00-04:00,320.0400085449219,320.3500061035156,320.0400085449219,320.239990234375,19836
2026-09-01 15:52:00-04:00,319.9200134277344,320.0899963378906,319.8500061035156,320.0899963378906,14556
2026-09-01 15:53:00-04:00,319.7200012207031,320.0799865722656,319.7200012207031,319.9700012207031,21133
2026-09-01 15:54:00-04:00,319.9700012207031,320.0,319.68499755859375,319.7200012207031,17123
2026-09-01 15:55:00-04:00,319.6700134277344,320.07000732421875,319.5,319.989990234375,39508
2026-09-01 15:56:00-04:00,319.4200134277344,319.7200012207031,319.3299865722656,319.7200012207031,33790
2026-09-01 15:57:00-04:00,319.4700012207031,319.55999755859375,319.2550048828125,319.5,52931
2026-09-01 15:58:00-04:00,319.2699890136719,319.510009765625,318.8399963378906,319.4700012207031,79845
2026-09-01 15:59:00-04:00,319.95001220703125,320.0150146484375,319.17999267578125,319.3599853515625,115805
2026-09-02 09:30:00-04:00,311.8900146484375,313.0950012207031,310.1000061035156,310.5400085449219,208749
2026-09-02 09:31:00-04:00,312.9750061035156,314.9898986816406,310.6607971191406,311.1000061035156,20443
2026-09-02 09:32:00-04:00,312.0274963378906,312.9599914550781,311.6099853515625,312.50628662109375,21197
2026-09-02 09:33:00-04:00,311.3349914550781,312.3999938964844,310.2309875488281,312.25,23319
2026-09-02 09:34:00-04:00,310.7300109863281,311.6099853515625,310.4599914550781,311.2200012207031,21646
2026-09-02 09:35:00-04:00,310.8550109863281,311.8599853515625,310.3504943847656,310.7300109863281,28723
2026-09-02 09:36:00-04:00,309.54998779296875,311.5849914550781,309.2550048828125,311.3599853515625,39358
2026-09-02 09:37:00-04:00,309.92999267578125,310.260009765625,308.7900085449219,309.5400085449219,29982
2026-09-02 09:38:00-04:00,309.2900085449219,309.68499755859375,308.5400085449219,309.5,27618
2026-09-02 09:39:00-04:00,309.1449890136719,309.260009765625,308.54998779296875,309.260009765625,13786
2026-09-02 09:40:00-04:00,311.5,311.5,308.95001220703125,309.1449890136719,26020
2026-09-02 09:41:00-04:00,308.94500732421875,311.1600036621094,308.6300048828125,310.94000244140625,19293
2026-09-02 09:42:00-04:00,310.5150146484375,311.0,308.7799987792969,308.7799987792969,13557
2026-09-02 09:43:00-04:00,309.9700012207031,310.5199890136719,309.70001220703125,310.5150146484375,14535
2026-09-02 09:44:00-04:00,310.5350036621094,310.5350036621094,309.5400085449219,310.0799865722656,17766
2026-09-02 09:45:00-04:00,310.5050048828125,311.70989990234375,310.41778564453125,310.5249938964844,23343
2026-09-02 09:46:00-04:00,311.0050048828125,311.64990234375,310.5,310.510009765625,11661
2026-09-02 09:47:00-04:00,311.13360595703125,311.8800048828125,311.13360595703125,311.489990234375,9393
2026-09-02 09:48:00-04:00,311.7049865722656,311.7200012207031,311.0299987792969,311.3349914550781,11887
2026-09-02 09:49:00-04:00,311.07501220703125,311.989990234375,310.8599853515625,311.7099914550781,12431
2026-09-02 09:50:00-04:00,311.1044006347656,311.3599853515625,310.82501220703125,311.1499938964844,9579
2026-09-02 09:51:00-04:00,311.17999267578125,311.239990234375,310.5799865722656,311.20001220703125,20619
2026-09-02 09:52:00-04:00,310.73748779296875,311.1199035644531,310.29998779296875,310.8800048828125,7067
2026-09-02 09:53:00-04:00,311.0,311.42999267578125,310.7275085449219,310.7275085449219,6071
2026-09-02 09:54:00-04:00,311.8999938964844,312.0,310.66009521484375,310.7441101074219,13260
2026-09-02 09:55:00-04:00,311.70001220703125,311.8900146484375,311.2699890136719,311.635009765625,13167
2026-09-02 09:56:00-04:00,312.3158874511719,312.5899963378906,311.80499267578125,311.8599853515625,23705
2026-09-02 09:57:00-04:00,312.0400085449219,312.6636047363281,311.7300109863281,312.5950012207031,22303
2026-09-02 09:58:00-04:00,311.364990234375,312.29998779296875,311.30999755859375,312.0350036621094,44501
2026-09-02 09:59:00-04:00,312.07000732421875,312.07000732421875,311.05499267578125,311.364990234375,11363
2026-09-02 10:00:00-04:00,312.3349914550781,312.7598876953125,311.4599914550781,311.6549987792969,12637
2026-09-02 10:01:00-04:00,311.29998779296875,312.4100036621094,311.29998779296875,312.4049987792969,28754
2026-09-02 10:02:00-04:00,311.6449890136719,312.1199951171875,311.2550048828125,311.260009765625,6300
2026-09-02 10:03:00-04:00,311.3699951171875,311.8699951171875,311.3699951171875,311.79998779296875,16400
2026-09-02 10:04:00-04:00,311.989990234375,311.989990234375,311.239990234375,311.6099853515625,11052
2026-09-02 10:05:00-04:00,313.5299987792969,314.17999267578125,312.6025085449219,312.6400146484375,16203
2026-09-02 10:06:00-04:00,313.07501220703125,313.4599914550781,312.79998779296875,313.3599853515625,13942
2026-09-02 10:07:00-04:00,313.0450134277344,313.32000732421875,312.7099914550781,313.07501220703125,3892
2026-09-02 10:08:00-04:00,312.885009765625,313.4800109863281,312.885009765625,313.0450134277344,6372
2026-09-02 10:09:00-04:00,313.17498779296875,313.9989929199219,312.885009765625,312.885009765625,6769
2026-09-02 10:10:00-04:00,314.0,314.2349853515625,313.1000061035156,313.1050109863281,20210
2026-09-02 10:11:00-04:00,313.3100891113281,313.9530029296875,313.260009765625,313.885009765625,12344
2026-09-02 10:12:00-04:00,313.3900146484375,313.8699951171875,313.04998779296875,313.5950012207031,11939
2026-09-02 10:13:00-04:00,312.6650085449219,313.4800109863281,312.5350036621094,313.4800109863281,14496
2026-09-02 10:14:00-04:00,311.8999938964844,312.8125,311.8125,312.7325134277344,7451
2026-09-02 10:15:00-04:00,312.052490234375,312.3667907714844,311.7900085449219,311.7900085449219,8475
2026-09-02 10:16:00-04:00,312.0400085449219,312.3599853515625,311.781005859375,312.1000061035156,23786
2026-09-02 10:17:00-04:00,312.0199890136719,312.2099914550781,311.8399963378906,312.114990234375,11823
2026-09-02 10:18:00-04:00,312.36248779296875,312.36248779296875,311.8399963378906,312.20001220703125,10911
2026-09-02 10:19:00-04:00,312.2149963378906,312.51568603515625,311.81500244140625,312.17120361328125,8906
2026-09-02 10:20:00-04:00,313.32000732421875,313.32000732421875,311.8800964355469,312.2149963378906,6293
2026-09-02 10:21:00-04:00,313.17999267578125,313.489990234375,312.6820068359375,313.2049865722656,8193
2026-09-02 10:22:00-04:00,313.6499938964844,313.739990234375,313.0,313.010009765625,5565
2026-09-02 10:23:00-04:00,313.80938720703125,313.80938720703125,313.30499267578125,313.6449890136719,15097
2026-09-02 10:24:00-04:00,313.37249755859375,313.9549865722656,313.35009765625,313.5450134277344,6676
2026-09-02 10:25:00-04:00,313.94500732421875,313.94500732421875,313.360107421875,313.5249938964844,5833
2026-09-02 10:26:00-04:00,314.3599853515625,314.3800048828125,313.95001220703125,313.95001220703125,9529
2026-09-02 10:27:00-04:00,314.6400146484375,314.7650146484375,314.2850036621094,314.2850036621094,14039
2026-09-02 10:28:00-04:00,314.75,314.82000732421875,314.5486145019531,314.7799987792969,8728
2026-09-02 10:29:00-04:00,314.82501220703125,315.29998779296875,314.6700134277344,314.75,11625
2026-09-02 10:30:00-04:00,315.25,315.29998779296875,314.5700988769531,314.9150085449219,8426
2026-09-02 10:31:00-04:00,314.8900146484375,315.2850036621094,314.45001220703125,315.25,23175
2026-09-02 10:32:00-04:00,314.739990234375,315.20989990234375,314.6600036621094,314.8949890136719,6585
2026-09-02 10:33:00-04:00,314.94500732421875,315.1700134277344,314.7349853515625,314.8299865722656,16159
2026-09-02 10:34:00-04:00,315.8699951171875,315.8699951171875,314.94500732421875,314.94500732421875,7010
2026-09-02 10:35:00-04:00,315.9750061035156,316.19500732421875,315.760009765625,315.9700012207031,11045
2026-09-02 10:36:00-04:00,316.2900085449219,316.5799865722656,315.9700012207031,315.9700012207031,10010
2026-09-02 10:37:00-04:00,316.31500244140625,316.5,316.0899963378906,316.3800048828125,11718
2026-09-02 10:38:00-04:00,316.5899963378906,316.7799987792969,316.05999755859375,316.2904052734375,12178
2026-09-02 10:39:00-04:00,316.7550048828125,316.92999267578125,316.2900085449219,316.5249938964844,16790
2026-09-02 10:40:00-04:00,317.07501220703125,317.2099914550781,316.76739501953125,316.8450012207031,25126
2026-09-02 10:41:00-04:00,317.2149963378906,317.760009765625,316.989990234375,317.0950012207031,45830
2026-09-02 10:42:00-04:00,317.20001220703125,317.20001220703125,316.5198974609375,317.1499938964844,11114
2026-09-02 10:43:00-04:00,318.57000732421875,318.5799865722656,317.2449951171875,317.2449951171875,30065
2026-09-02 10:44:00-04:00,318.510009765625,318.7799987792969,318.3599853515625,318.5799865722656,8304
2026-09-02 10:45:00-04:00,318.8999938964844,319.25,318.2500915527344,318.5199890136719,40740
2026-09-02 10:46:00-04:00,318.3800048828125,318.92999267578125,317.94000244140625,318.8399963378906,63426
2026-09-02 10:47:00-04:00,318.5249938964844,318.7489929199219,318.1900939941406,318.1900939941406,68251
2026-09-02 10:48:00-04:00,318.0950012207031,318.510009765625,318.0000915527344,318.4219055175781,30735
2026-09-02 10:49:00-04:00,317.5249938964844,318.54998779296875,317.5249938964844,318.1000061035156,109440
2026-09-02 10:50:00-04:00,316.8299865722656,317.4549865722656,316.7900085449219,317.3999938964844,10228
2026-09-02 10:51:00-04:00,317.239990234375,317.260009765625,316.44000244140625,316.7799987792969,24098
2026-09-02 10:52:00-04:00,316.7601013183594,317.25,316.6700134277344,317.0400085449219,49108
2026-09-02 10:53:00-04:00,316.8399963378906,316.9700012207031,316.6300048828125,316.760009765625,6867
2026-09-02 10:54:00-04:00,315.7550048828125,316.55999755859375,315.5400085449219,316.55999755859375,15655
2026-09-02 10:55:00-04:00,314.7900085449219,316.0,314.6199951171875,315.7550048828125,21393
2026-09-02 10:56:00-04:00,313.69000244140625,314.8800048828125,313.6600036621094,314.7650146484375,18038
2026-09-02 10:57:00-04:00,314.19500732421875,314.24749755859375,313.010009765625,313.7449951171875,102874
2026-09-02 10:58:00-04:00,313.57501220703125,314.18499755859375,313.239990234375,314.18499755859375,28506
2026-09-02 10:59:00-04:00,313.1549987792969,313.79998779296875,312.7200012207031,313.57501220703125,11120
2026-09-02 11:00:00-04:00,312.9949951171875,313.4100036621094,312.79998779296875,313.135009765625,8614
2026-09-02 11:01:00-04:00,313.2799987792969,313.4100036621094,312.8363952636719,313.0799865722656,130276
2026-09-02 11:02:00-04:00,313.0249938964844,313.3280944824219,312.989990234375,313.20001220703125,5002
2026-09-02 11:03:00-04:00,312.5899963378906,313.0719909667969,312.5899963378906,313.0719909667969,34955
2026-09-02 11:04:00-04:00,312.32501220703125,313.05999755859375,312.1000061035156,312.510009765625,115908
2026-09-02 11:05:00-04:00,312.3299865722656,312.3299865722656,312.110107421875,312.2900085449219,3166
2026-09-02 11:06:00-04:00,312.3399963378906,312.70001220703125,312.3299865722656,312.3299865722656,24356
2026-09-02 11:07:00-04:00,312.4215087890625,312.8800048828125,312.2250061035156,312.44000244140625,22793
2026-09-02 11:08:00-04:00,312.81500244140625,312.9700012207031,312.3599853515625,312.3599853515625,6584
2026-09-02 11:09:00-04:00,313.2900085449219,313.5098876953125,312.6099853515625,312.79998779296875,12509
2026-09-02 11:10:00-04:00,313.0,313.4700012207031,312.9649963378906,312.9949951171875,7927
2026-09-02 11:11:00-04:00,313.0,313.1000061035156,312.7243957519531,313.0450134277344,4861
2026-09-02 11:12:00-04:00,313.6000061035156,313.8599853515625,313.07000732421875,313.07000732421875,8469
2026-09-02 11:13:00-04:00,313.1600036621094,313.6700134277344,312.9100036621094,313.6199951171875,7231
2026-09-02 11:14:00-04:00,313.3699951171875,313.42498779296875,312.9800109863281,312.9800109863281,5639
2026-09-02 11:15:00-04:00,312.70001220703125,313.20001220703125,312.5,313.1000061035156,40839
2026-09-02 11:16:00-04:00,311.760009765625,312.57000732421875,311.6099853515625,312.45001220703125,12047
2026-09-02 11:17:00-04:00,312.1549987792969,312.2749938964844,311.7449951171875,311.760009765625,22881
2026-09-02 11:18:00-04:00,312.0950012207031,312.3399963378906,311.79998779296875,312.30999755859375,7873
2026-09-02 11:19:00-04:00,312.3349914550781,312.3450012207031,312.0299987792969,312.2699890136719,8449
2026-09-02 11:20:00-04:00,312.17498779296875,312.510009765625,312.1400146484375,312.1400146484375,8742
2026-09-02 11:21:00-04:00,312.4125061035156,312.8800048828125,311.9100036621094,312.1650085449219,52317
2026-09-02 11:22:00-04:00,312.25,312.92498779296875,312.25,312.4324951171875,11575
2026-09-02 11:23:00-04:00,311.95001220703125,312.3699951171875,311.9400939941406,312.2666931152344,8992
2026-09-02 11:24:00-04:00,311.625,312.0,311.54998779296875,312.0,5383
2026-09-02 11:25:00-04:00,311.4200134277344,311.6300048828125,311.15008544921875,311.6239929199219,12310
2026-09-02 11:26:00-04:00,311.04998779296875,311.4200134277344,310.8550109863281,311.4200134277344,10478
2026-09-02 11:27:00-04:00,310.8399963378906,311.1300048828125,310.6499938964844,311.0899963378906,10695
2026-09-02 11:28:00-04:00,310.70001220703125,310.9800109863281,310.4849853515625,310.9800109863281,6439
2026-09-02 11:29:00-04:00,309.6700134277344,310.6099853515625,309.6700134277344,310.6000061035156,18411
2026-09-02 11:30:00-04:00,310.260009765625,310.3999938964844,309.6549987792969,309.7298889160156,16495
2026-09-02 11:31:00-04:00,310.5950927734375,310.8800048828125,310.25,310.25,9239
2026-09-02 11:32:00-04:00,310.3699035644531,310.6000061035156,310.1416931152344,310.5950012207031,7778
2026-09-02 11:33:00-04:00,309.5799865722656,310.2200012207031,309.3699951171875,310.2200012207031,15697
2026-09-02 11:34:00-04:00,309.4750061035156,309.67999267578125,309.29998779296875,309.30999755859375,11807
2026-09-02 11:35:00-04:00,309.8399963378906,309.8399963378906,309.25,309.4750061035156,8973
2026-09-02 11:36:00-04:00,309.9700012207031,310.1099853515625,309.8299865722656,309.8299865722656,5822
2026-09-02 11:37:00-04:00,309.8500061035156,310.010009765625,309.78009033203125,309.8699951171875,8033
2026-09-02 11:38:00-04:00,309.3900146484375,309.9200134277344,309.260009765625,309.9200134277344,12610
2026-09-02 11:39:00-04:00,309.25,309.4100036621094,309.1600036621094,309.20001220703125,12184
2026-09-02 11:40:00-04:00,309.67498779296875,309.82000732421875,309.17999267578125,309.17999267578125,9022
2026-09-02 11:41:00-04:00,309.6449890136719,309.82000732421875,309.5299987792969,309.55010986328125,9978
2026-09-02 11:42:00-04:00,309.55999755859375,309.6499938964844,309.1401062011719,309.6499938964844,9726
2026-09-02 11:43:00-04:00,308.8800048828125,309.3699951171875,308.5199890136719,309.29998779296875,22947
2026-09-02 11:44:00-04:00,309.110595703125,309.3800048828125,308.7799987792969,308.875,15794
2026-09-02 11:45:00-04:00,308.7300109863281,309.17999267578125,308.5899963378906,309.17999267578125,10181
2026-09-02 11:46:00-04:00,308.5199890136719,308.93499755859375,308.4150085449219,308.6724853515625,26899
2026-09-02 11:47:00-04:00,308.2699890136719,308.6000061035156,308.1499938964844,308.6000061035156,17675
2026-09-02 11:48:00-04:00,308.1700134277344,308.4750061035156,307.8999938964844,308.30999755859375,25515
2026-09-02 11:49:00-04:00,307.4700012207031,308.0899963378906,307.4281005859375,308.0224914550781,30836
2026-09-02 11:50:00-04:00,306.8949890136719,307.6099853515625,306.510009765625,307.42999267578125,51576
2026-09-02 11:51:00-04:00,306.9100036621094,307.6498107910156,306.7699890136719,306.8900146484375,24392
2026-09-02 11:52:00-04:00,307.3949890136719,307.3949890136719,306.4100036621094,306.8900146484375,20247
2026-09-02 11:53:00-04:00,306.9700012207031,307.3999938964844,306.70001220703125,307.3949890136719,17963
2026-09-02 11:54:00-04:00,305.67498779296875,307.17999267578125,305.6300048828125,307.1799011230469,21808
2026-09-02 11:55:00-04:00,305.6700134277344,305.95001220703125,305.1300048828125,305.80999755859375,29142
2026-09-02 11:56:00-04:00,305.9599914550781,305.9599914550781,305.6199951171875,305.69500732421875,13450
2026-09-02 11:57:00-04:00,305.80999755859375,306.0799865722656,305.5899963378906,305.8699951171875,18200
2026-09-02 11:58:00-04:00,305.92999267578125,306.4800109863281,305.92999267578125,306.2250061035156,21685
2026-09-02 11:59:00-04:00,306.17999267578125,306.6299133300781,306.0299987792969,306.1700134277344,32558
2026-09-02 12:00:00-04:00,306.1000061035156,306.32000732421875,305.9100036621094,306.17999267578125,22283
2026-09-02 12:01:00-04:00,306.510009765625,306.7699890136719,306.20001220703125,306.2099914550781,18428
2026-09-02 12:02:00-04:00,307.1000061035156,307.3299865722656,306.29998779296875,306.57000732421875,18724
2026-09-02 12:03:00-04:00,306.7200012207031,307.0899963378906,306.510009765625,306.9462890625,5938
2026-09-02 12:04:00-04:00,307.04998779296875,307.0899963378906,306.69000244140625,306.760009765625,22532
2026-09-02 12:05:00-04:00,307.1499938964844,307.40521240234375,306.92999267578125,307.1199951171875,19885
2026-09-02 12:06:00-04:00,306.6000061035156,307.39990234375,306.6000061035156,307.1600036621094,11592
2026-09-02 12:07:00-04:00,306.5199890136719,306.7099914550781,306.4599914550781,306.6650085449219,9532
2026-09-02 12:08:00-04:00,306.2149963378906,306.5450134277344,306.0799865722656,306.5400085449219,9956
2026-09-02 12:09:00-04:00,306.3599853515625,306.6300048828125,306.00048828125,306.2200012207031,18511
2026-09-02 12:10:00-04:00,306.7149963378906,306.9999084472656,306.3599853515625,306.3599853515625,8205
2026-09-02 12:11:00-04:00,306.3599853515625,306.7250061035156,306.3599853515625,306.7200012207031,8331
2026-09-02 12:12:00-04:00,306.4649963378906,306.4949951171875,306.1600036621094,306.3299865722656,6063
2026-09-02 12:13:00-04:00,306.3949890136719,306.68499755859375,306.3299865722656,306.4599914550781,10038
2026-09-02 12:14:00-04:00,306.54998779296875,306.5950012207031,306.24688720703125,306.5950012207031,12641
2026-09-02 12:15:00-04:00,306.8500061035156,306.9999084472656,306.6400146484375,306.67999267578125,14226
2026-09-02 12:16:00-04:00,306.62750244140625,306.9200134277344,306.1449890136719,306.9200134277344,31576
2026-09-02 12:17:00-04:00,306.9486999511719,306.9486999511719,306.4800109863281,306.62750244140625,13537
2026-09-02 12:18:00-04:00,307.0400085449219,307.0400085449219,306.7699890136719,306.94000244140625,13897
2026-09-02 12:19:00-04:00,306.6449890136719,307.0400085449219,306.47821044921875,307.0400085449219,6385
2026-09-02 12:20:00-04:00,306.70001220703125,306.79998779296875,306.5299987792969,306.5299987792969,12903
2026-09-02 12:21:00-04:00,306.31500244140625,306.75,306.239990234375,306.75,16210
2026-09-02 12:22:00-04:00,306.7099914550781,307.010009765625,306.31500244140625,306.31500244140625,14211
2026-09-02 12:23:00-04:00,306.8949890136719,307.0,306.6449890136719,306.68499755859375,7669
2026-09-02 12:24:00-04:00,307.0150146484375,307.04998779296875,306.5899963378906,306.9150085449219,19832
2026-09-02 12:25:00-04:00,306.760009765625,306.9656066894531,306.6000061035156,306.80999755859375,14948
2026-09-02 12:26:00-04:00,306.7699890136719,307.0199890136719,306.6600036621094,306.760009765625,12268
2026-09-02 12:27:00-04:00,306.56500244140625,306.7699890136719,306.3700866699219,306.70001220703125,9666
2026-09-02 12:28:00-04:00,306.3599853515625,306.6700134277344,306.2950134277344,306.56500244140625,12914
2026-09-02 12:29:00-04:00,306.30999755859375,306.5,306.2900085449219,306.3599853515625,8968
2026-09-02 12:30:00-04:00,306.4200134277344,306.5199890136719,306.1300048828125,306.239990234375,11215
2026-09-02 12:31:00-04:00,306.3800048828125,306.6499938964844,306.32000732421875,306.3949890136719,12405
2026-09-02 12:32:00-04:00,306.2799987792969,306.4700012207031,306.20001220703125,306.3599853515625,8355
2026-09-02 12:33:00-04:00,306.2149963378906,306.3399963378906,306.1300048828125,306.32000732421875,7278
2026-09-02 12:34:00-04:00,306.2099914550781,306.4200134277344,306.144287109375,306.260009765625,8351
2026-09-02 12:35:00-04:00,305.9849853515625,306.20001220703125,305.8800964355469,306.1300048828125,25873
2026-09-02 12:36:00-04:00,306.0350036621094,306.0824890136719,305.8999938964844,305.8999938964844,20527
2026-09-02 12:37:00-04:00,306.75,306.8399963378906,306.0,306.0350036621094,24828
2026-09-02 12:38:00-04:00,307.4538879394531,307.48651123046875,306.6700134277344,306.8900146484375,15804
2026-09-02 12:39:00-04:00,307.55499267578125,307.6524963378906,307.29998779296875,307.3949890136719,10371
2026-09-02 12:40:00-04:00,307.3599853515625,307.5849914550781,307.1300048828125,307.55499267578125,17928
2026-09-02 12:41:00-04:00,307.6700134277344,307.760009765625,307.364990234375,307.364990234375,11230
2026-09-02 12:42:00-04:00,307.2900085449219,307.69000244140625,306.95001220703125,307.67999267578125,14184
2026-09-02 12:43:00-04:00,306.760009765625,307.2850036621094,306.70001220703125,307.2850036621094,9328
2026-09-02 12:44:00-04:00,305.93499755859375,306.7749938964844,305.8800048828125,306.7749938964844,18548
2026-09-02 12:45:00-04:00,306.06500244140625,306.32000732421875,305.75,305.9775085449219,12858
2026-09-02 12:46:00-04:00,306.2550048828125,306.3500061035156,306.0350036621094,306.0400085449219,10381
2026-09-02 12:47:00-04:00,305.8949890136719,306.260009765625,305.75,306.260009765625,9913
2026-09-02 12:48:00-04:00,305.68499755859375,306.06500244140625,305.6700134277344,305.9100036621094,9193
2026-09-02 12:49:00-04:00,306.0299987792969,306.1050109863281,305.68499755859375,305.68499755859375,10510
2026-09-02 12:50:00-04:00,305.67498779296875,305.9700012207031,305.6600036621094,305.9700012207031,5217
2026-09-02 12:51:00-04:00,305.4549865722656,305.6199951171875,305.29998779296875,305.5899963378906,16215
2026-09-02 12:52:00-04:00,305.739990234375,305.8599853515625,305.44500732421875,305.5899963378906,10935
2026-09-02 12:53:00-04:00,305.8550109863281,305.9873962402344,305.82000732421875,305.8699951171875,5038
2026-09-02 12:54:00-04:00,305.5799865722656,305.8599853515625,305.5,305.8550109863281,8967
2026-09-02 12:55:00-04:00,305.80499267578125,305.80999755859375,305.5000915527344,305.5899963378906,5989
2026-09-02 12:56:00-04:00,305.7099914550781,305.78900146484375,305.6449890136719,305.7099914550781,2941
2026-09-02 12:57:00-04:00,305.885009765625,305.885009765625,305.7900085449219,305.7900085449219,3720
2026-09-02 12:58:00-04:00,305.2200012207031,305.885009765625,305.20001220703125,305.885009765625,20461
2026-09-02 12:59:00-04:00,305.17999267578125,305.2900085449219,305.0899963378906,305.1600036621094,7494
2026-09-02 13:00:00-04:00,304.80999755859375,305.17498779296875,304.3200988769531,305.17498779296875,28372
2026-09-02 13:01:00-04:00,304.8500061035156,305.0722961425781,304.69580078125,304.9798889160156,10101
2026-09-02 13:02:00-04:00,305.3240051269531,305.4800109863281,304.82000732421875,304.82000732421875,8965
2026-09-02 13:03:00-04:00,304.89599609375,305.489990234375,304.8399963378906,305.4700012207031,5198
2026-09-02 13:04:00-04:00,304.8605041503906,305.04998779296875,304.760009765625,304.8299865722656,6460
2026-09-02 13:05:00-04:00,305.05999755859375,305.1199951171875,304.9200134277344,304.9200134277344,5017
2026-09-02 13:06:00-04:00,304.6499938964844,305.010009765625,304.510986328125,305.0,9930
2026-09-02 13:07:00-04:00,304.3999938964844,304.7099914550781,303.8900146484375,304.7099914550781,20036
2026-09-02 13:08:00-04:00,304.8935852050781,305.0,304.33441162109375,304.33441162109375,5078
2026-09-02 13:09:00-04:00,304.9100036621094,304.93499755859375,304.8399963378906,304.9150085449219,4258
2026-09-02 13:10:00-04:00,305.5022888183594,305.5022888183594,304.92999267578125,305.010009765625,13380
2026-09-02 13:11:00-04:00,305.66070556640625,305.7200012207031,305.3900146484375,305.5799865722656,14590
2026-09-02 13:12:00-04:00,305.739990234375,305.760009765625,305.6401062011719,305.739990234375,7447
2026-09-02 13:13:00-04:00,305.80999755859375,305.9700012207031,305.6600036621094,305.739990234375,13740
2026-09-02 13:14:00-04:00,305.9750061035156,306.0199890136719,305.8349914550781,305.8349914550781,8155
2026-09-02 13:15:00-04:00,305.8699951171875,305.9119873046875,305.7850036621094,305.8699951171875,5667
2026-09-02 13:16:00-04:00,304.9200134277344,305.8299865722656,304.8500061035156,305.8299865722656,10351
2026-09-02 13:17:00-04:00,305.07000732421875,305.125,304.8900146484375,304.9100036621094,13813
2026-09-02 13:18:00-04:00,304.739990234375,305.30999755859375,304.6401062011719,305.224609375,37880
2026-09-02 13:19:00-04:00,305.0350036621094,305.1596984863281,304.6405029296875,304.8699951171875,12696
2026-09-02 13:20:00-04:00,305.1099853515625,305.1700134277344,305.0400085449219,305.1700134277344,7778
2026-09-02 13:21:00-04:00,305.3742980957031,305.3742980957031,305.0038146972656,305.114990234375,8935
2026-09-02 13:22:00-04:00,305.552490234375,305.7049865722656,305.4599914550781,305.4599914550781,20595
2026-09-02 13:23:00-04:00,305.1700134277344,305.4800109863281,304.9800109863281,305.4700012207031,16836
2026-09-02 13:24:00-04:00,304.760009765625,305.05999755859375,304.75,305.04998779296875,5091
2026-09-02 13:25:00-04:00,305.3599853515625,305.57000732421875,304.760009765625,304.81500244140625,19625
2026-09-02 13:26:00-04:00,305.32000732421875,305.44000244140625,305.1600036621094,305.25,8659
2026-09-02 13:27:00-04:00,305.3399963378906,305.3500061035156,305.20001220703125,305.25,7741
2026-09-02 13:28:00-04:00,305.55999755859375,305.6499938964844,305.2699890136719,305.42999267578125,14029
2026-09-02 13:29:00-04:00,305.739990234375,306.0398864746094,305.260009765625,305.6600036621094,16442
2026-09-02 13:30:00-04:00,305.75,305.8299865722656,305.3599853515625,305.6925048828125,10903
2026-09-02 13:31:00-04:00,305.7950134277344,306.0199890136719,305.7200012207031,305.8699951171875,5805
2026-09-02 13:32:00-04:00,305.9200134277344,306.010009765625,305.79998779296875,305.79998779296875,6425
2026-09-02 13:33:00-04:00,306.0,306.0799865722656,305.7950134277344,305.8299865722656,11408
2026-09-02 13:34:00-04:00,306.3500061035156,306.3800048828125,306.06500244140625,306.06500244140625,9383
2026-09-02 13:35:00-04:00,306.3599853515625,306.67999267578125,306.3399963378906,306.3500061035156,17674
2026-09-02 13:36:00-04:00,306.2749938964844,306.31500244140625,305.7699890136719,306.30999755859375,8073
2026-09-02 13:37:00-04:00,306.05999755859375,306.17138671875,305.91009521484375,306.1099853515625,3862
2026-09-02 13:38:00-04:00,306.0,306.1099853515625,305.9800109863281,306.07501220703125,3463
2026-09-02 13:39:00-04:00,306.1449890136719,306.1700134277344,305.9700012207031,306.0400085449219,7772
2026-09-02 13:40:00-04:00,306.54998779296875,306.54998779296875,305.9200134277344,306.1000061035156,14812
2026-09-02 13:41:00-04:00,306.1199951171875,306.5199890136719,306.1199951171875,306.4549865722656,7442
2026-09-02 13:42:00-04:00,305.9949951171875,306.2025146484375,305.9949951171875,306.1545104980469,4507
2026-09-02 13:43:00-04:00,305.9949951171875,306.1000061035156,305.94000244140625,305.9949951171875,6525
2026-09-02 13:44:00-04:00,305.6099853515625,305.9949951171875,305.6099853515625,305.9949951171875,10375
2026-09-02 13:45:00-04:00,306.2049865722656,306.2049865722656,305.57000732421875,305.6400146484375,19408
2026-09-02 13:46:00-04:00,306.0150146484375,306.25,306.0150146484375,306.18499755859375,6781
2026-09-02 13:47:00-04:00,306.25860595703125,306.29998779296875,305.8900146484375,306.010009765625,15430
2026-09-02 13:48:00-04:00,306.13800048828125,306.2699890136719,306.1064147949219,306.2699890136719,3787
2026-09-02 13:49:00-04:00,306.0799865722656,306.3599853515625,306.0,306.1700134277344,24046
2026-09-02 13:50:00-04:00,306.19000244140625,306.19000244140625,306.0299987792969,306.0299987792969,5420
2026-09-02 13:51:00-04:00,306.625,306.625,306.20001220703125,306.20001220703125,9591
2026-09-02 13:52:00-04:00,306.8550109863281,306.9999084472656,306.6600036621094,306.6600036621094,10589
2026-09-02 13:53:00-04:00,306.7200012207031,306.9118957519531,306.7200012207031,306.75,10123
2026-09-02 13:54:00-04:00,306.3900146484375,306.94000244140625,306.3900146484375,306.93951416015625,17317
2026-09-02 13:55:00-04:00,306.79998779296875,306.9700012207031,306.4549865722656,306.4800109863281,13549
2026-09-02 13:56:00-04:00,306.4693908691406,306.8374938964844,306.4693908691406,306.8299865722656,8566
2026-09-02 13:57:00-04:00,307.2799987792969,307.2799987792969,306.6000061035156,306.6099853515625,7561
2026-09-02 13:58:00-04:00,307.7550048828125,307.7550048828125,307.3299865722656,307.3299865722656,13626
2026-09-02 13:59:00-04:00,307.260009765625,307.5299987792969,307.1300048828125,307.5299987792969,6779
2026-09-02 14:00:00-04:00,307.44000244140625,307.44000244140625,307.0502014160156,307.2699890136719,4834
2026-09-02 14:01:00-04:00,306.9049987792969,307.5,306.82501220703125,307.29998779296875,9895
2026-09-02 14:02:00-04:00,307.2049865722656,307.2049865722656,306.8949890136719,306.9049987792969,2362
2026-09-02 14:03:00-04:00,307.4200134277344,307.4200134277344,307.17999267578125,307.2900085449219,9599
2026-09-02 14:04:00-04:00,307.3900146484375,307.55999755859375,307.3301086425781,307.3301086425781,7375
2026-09-02 14:05:00-04:00,307.5400085449219,307.5400085449219,307.30999755859375,307.32000732421875,6633
2026-09-02 14:06:00-04:00,307.6300048828125,307.70001220703125,307.44000244140625,307.55499267578125,6440
2026-09-02 14:07:00-04:00,307.30999755859375,307.7149963378906,307.30999755859375,307.6499938964844,11282
2026-09-02 14:08:00-04:00,307.5,307.5400085449219,307.32000732421875,307.3999938964844,7497
2026-09-02 14:09:00-04:00,307.5,307.6148986816406,307.3205871582031,307.4800109863281,4009
2026-09-02 14:10:00-04:00,307.3999938964844,307.5935974121094,307.32000732421875,307.510009765625,10846
2026-09-02 14:11:00-04:00,307.2300109863281,307.489990234375,307.17999267578125,307.4100036621094,12698
2026-09-02 14:12:00-04:00,307.0899963378906,307.3599853515625,307.0899963378906,307.2799987792969,15855
2026-09-02 14:13:00-04:00,307.1199951171875,307.260009765625,306.9800109863281,307.0899963378906,13998
2026-09-02 14:14:00-04:00,306.8599853515625,307.2598876953125,306.8599853515625,307.2550048828125,6452
2026-09-02 14:15:00-04:00,307.05999755859375,307.1600036621094,306.70001220703125,306.70001220703125,15893
2026-09-02 14:16:00-04:00,307.42999267578125,307.5799865722656,306.94580078125,307.19000244140625,11580
2026-09-02 14:17:00-04:00,307.32000732421875,307.44000244140625,307.010009765625,307.42999267578125,7454
2026-09-02 14:18:00-04:00,307.2799987792969,307.57000732421875,307.010009765625,307.31500244140625,20404
2026-09-02 14:19:00-04:00,307.4150085449219,307.489990234375,307.2239990234375,307.2900085449219,4766
2026-09-02 14:20:00-04:00,307.260009765625,307.46600341796875,307.260009765625,307.4549865722656,4395
2026-09-02 14:21:00-04:00,307.44000244140625,307.45001220703125,307.1000061035156,307.260009765625,7333
2026-09-02 14:22:00-04:00,307.6400146484375,307.69000244140625,307.30999755859375,307.5299072265625,14076
2026-09-02 14:23:00-04:00,307.69000244140625,307.69000244140625,307.5299987792969,307.6499938964844,6181
2026-09-02 14:24:00-04:00,308.05999755859375,308.05999755859375,307.69000244140625,307.739990234375,12467
2026-09-02 14:25:00-04:00,308.0559997558594,308.1099853515625,307.8399963378906,308.05999755859375,11181
2026-09-02 14:26:00-04:00,307.8599853515625,308.0400085449219,307.7200012207031,308.0400085449219,8636
2026-09-02 14:27:00-04:00,307.5249938964844,308.2200012207031,307.3301086425781,307.864990234375,20933
2026-09-02 14:28:00-04:00,307.3999938964844,307.5199890136719,307.2497863769531,307.5199890136719,4162
2026-09-02 14:29:00-04:00,307.0,307.4200134277344,306.79010009765625,307.4200134277344,10257
2026-09-02 14:30:00-04:00,307.0849914550781,307.17999267578125,306.6449890136719,306.82000732421875,15450
2026-09-02 14:31:00-04:00,306.760009765625,307.1199951171875,306.760009765625,307.04998779296875,4168
2026-09-02 14:32:00-04:00,306.94500732421875,307.03369140625,306.7698974609375,306.92498779296875,5186
2026-09-02 14:33:00-04:00,306.8949890136719,307.04998779296875,306.4200134277344,306.8699951171875,38430
2026-09-02 14:34:00-04:00,306.7550048828125,307.0,306.625,306.90240478515625,6427
2026-09-02 14:35:00-04:00,306.5450134277344,306.7550048828125,306.239990234375,306.7550048828125,13775
2026-09-02 14:36:00-04:00,306.3500061035156,306.5,306.17999267578125,306.4324951171875,14786
2026-09-02 14:37:00-04:00,306.8349914550781,306.94000244140625,306.2349853515625,306.3680114746094,21075
2026-09-02 14:38:00-04:00,306.69000244140625,307.125,306.57501220703125,306.8399963378906,10093
2026-09-02 14:39:00-04:00,306.5450134277344,306.7005920410156,306.5,306.55218505859375,5791
2026-09-02 14:40:00-04:00,306.6650085449219,306.6650085449219,306.2900085449219,306.6400146484375,7849
2026-09-02 14:41:00-04:00,306.82000732421875,307.0,306.5849914550781,306.6000061035156,8994
2026-09-02 14:42:00-04:00,306.7300109863281,306.82000732421875,306.5199890136719,306.82000732421875,14058
2026-09-02 14:43:00-04:00,306.9700012207031,307.1499938964844,306.6600036621094,306.8399963378906,9564
2026-09-02 14:44:00-04:00,306.82000732421875,307.19781494140625,306.70001220703125,307.0,7047
2026-09-02 14:45:00-04:00,307.0799865722656,307.19000244140625,306.70001220703125,306.70001220703125,9260
2026-09-02 14:46:00-04:00,307.32000732421875,307.32000732421875,306.9100036621094,307.01031494140625,8940
2026-09-02 14:47:00-04:00,307.239990234375,307.32000732421875,307.04998779296875,307.1650085449219,8126
2026-09-02 14:48:00-04:00,307.30999755859375,307.30999755859375,307.14959716796875,307.1700134277344,7555
2026-09-02 14:49:00-04:00,307.3800048828125,307.4580078125,307.114990234375,307.260009765625,12774
2026-09-02 14:50:00-04:00,307.7550048828125,307.9100036621094,307.4549865722656,307.5,37187
2026-09-02 14:51:00-04:00,307.6449890136719,307.89990234375,307.6000061035156,307.7550048828125,21880
2026-09-02 14:52:00-04:00,307.5899963378906,307.6700134277344,307.2650146484375,307.54998779296875,7195
2026-09-02 14:53:00-04:00,307.45001220703125,307.5450134277344,307.3399963378906,307.4989929199219,5974
2026-09-02 14:54:00-04:00,307.2699890136719,307.3699951171875,307.0799865722656,307.3699951171875,13498
2026-09-02 14:55:00-04:00,307.2250061035156,307.4800109863281,307.1000061035156,307.2749938964844,13986
2026-09-02 14:56:00-04:00,307.2449951171875,307.489990234375,307.1600036621094,307.3500061035156,13848
2026-09-02 14:57:00-04:00,306.8599853515625,307.42498779296875,306.8500061035156,307.3699951171875,0
2026-09-02 14:58:00-04:00,306.9750061035156,307.1199951171875,306.88751220703125,307.0199890136719,5545
2026-09-02 14:59:00-04:00,306.9446105957031,307.0899963378906,306.9446105957031,307.010009765625,7389
2026-09-02 15:00:00-04:00,307.6499938964844,308.3800048828125,306.95001220703125,307.09820556640625,20984
2026-09-02 15:01:00-04:00,307.8900146484375,308.04998779296875,307.4599914550781,307.6499938964844,9820
2026-09-02 15:02:00-04:00,308.80499267578125,308.9798889160156,307.79010009765625,307.8949890136719,22360
2026-09-02 15:03:00-04:00,309.0950012207031,309.2974853515625,308.8599853515625,308.9197998046875,16902
2026-09-02 15:04:00-04:00,309.6499938964844,309.6724853515625,308.92999267578125,308.94000244140625,11179
2026-09-02 15:05:00-04:00,309.6099853515625,309.8800048828125,309.25,309.6099853515625,17152
2026-09-02 15:06:00-04:00,309.3999938964844,309.8800048828125,309.29998779296875,309.8800048828125,11009
2026-09-02 15:07:00-04:00,309.4200134277344,309.5899963378906,309.010009765625,309.2850036621094,17835
2026-09-02 15:08:00-04:00,308.7449951171875,309.4750061035156,308.5450134277344,309.43499755859375,17296
2026-09-02 15:09:00-04:00,308.9834899902344,309.1300048828125,308.6936950683594,308.7449951171875,8679
2026-09-02 15:10:00-04:00,308.9200134277344,309.00970458984375,308.7699890136719,308.8299865722656,6757
2026-09-02 15:11:00-04:00,308.5899963378906,308.5899963378906,308.5899963378906,308.5899963378906,0
