Price,Close,High,Low,Open,Volume
Ticker,SOFI,SOFI,SOFI,SOFI,SOFI
Datetime,,,,,
2026-08-27 09:30:00-04:00,18.94499969482422,19.010000228881836,18.905000686645508,19.006399154663086,985490
2026-08-27 09:31:00-04:00,18.62619972229004,18.979999542236328,18.6200008392334,18.950000762939453,791626
2026-08-27 09:32:00-04:00,18.7450008392334,18.75,18.59000015258789,18.625,375919
2026-08-27 09:33:00-04:00,18.75,18.799400329589844,18.719999313354492,18.749500274658203,205914
2026-08-27 09:34:00-04:00,18.7185001373291,18.75,18.649999618530273,18.7450008392334,154259
2026-08-27 09:35:00-04:00,18.795000076293945,18.799999237060547,18.700000762939453,18.709999084472656,144761
2026-08-27 09:36:00-04:00,18.940000534057617,18.940000534057617,18.799999237060547,18.799999237060547,194020
2026-08-27 09:37:00-04:00,18.954999923706055,18.959999084472656,18.90999984741211,18.94499969482422,132981
2026-08-27 09:38:00-04:00,19.09000015258789,19.09000015258789,18.934999465942383,18.959999084472656,190672
2026-08-27 09:39:00-04:00,19.135000228881836,19.149999618530273,19.075000762939453,19.08009910583496,315775
2026-08-27 09:40:00-04:00,19.179899215698242,19.18000030517578,19.135000228881836,19.13990020751953,290180
2026-08-27 09:41:00-04:00,19.161399841308594,19.229999542236328,19.149999618530273,19.18000030517578,612511
2026-08-27 09:42:00-04:00,19.218000411987305,19.25,19.149999618530273,19.160200119018555,440091
2026-08-27 09:43:00-04:00,19.281200408935547,19.31999969482422,19.219999313354492,19.219999313354492,672067
2026-08-27 09:44:00-04:00,19.344999313354492,19.3700008392334,19.280000686645508,19.28499984741211,394298
2026-08-27 09:45:00-04:00,19.405000686645508,19.424999237060547,19.34000015258789,19.344999313354492,478755
2026-08-27 09:46:00-04:00,19.350500106811523,19.420000076293945,19.334999084472656,19.405000686645508,378134
2026-08-27 09:47:00-04:00,19.230199813842773,19.375,19.229999542236328,19.354999542236328,236206
2026-08-27 09:48:00-04:00,19.310100555419922,19.34980010986328,19.229999542236328,19.230300903320312,152864
2026-08-27 09:49:00-04:00,19.360000610351562,19.360000610351562,19.270099639892578,19.31999969482422,231386
2026-08-27 09:50:00-04:00,19.427900314331055,19.43000030517578,19.354999542236328,19.354999542236328,216738
2026-08-27 09:51:00-04:00,19.43000030517578,19.469999313354492,19.40999984741211,19.43000030517578,271579
2026-08-27 09:52:00-04:00,19.454999923706055,19.469999313354492,19.42020034790039,19.427000045776367,138804
2026-08-27 09:53:00-04:00,19.354999542236328,19.459999084472656,19.351299285888672,19.45989990234375,263198
2026-08-27 09:54:00-04:00,19.332300186157227,19.360000610351562,19.311800003051758,19.360000610351562,179759
2026-08-27 09:55:00-04:00,19.386600494384766,19.386600494384766,19.329999923706055,19.34000015258789,186657
2026-08-27 09:56:00-04:00,19.389999389648438,19.420000076293945,19.34000015258789,19.395000457763672,184632
2026-08-27 09:57:00-04:00,19.391700744628906,19.4143009185791,19.36009979248047,19.385000228881836,120419
2026-08-27 09:58:00-04:00,19.395000457763672,19.43000030517578,19.3799991607666,19.395000457763672,128061
2026-08-27 09:59:00-04:00,19.325000762939453,19.40999984741211,19.325000762939453,19.399999618530273,110942
2026-08-27 10:00:00-04:00,19.264999389648438,19.350000381469727,19.260000228881836,19.321399688720703,188522
2026-08-27 10:01:00-04:00,19.204999923706055,19.274999618530273,19.200000762939453,19.269899368286133,312042
2026-08-27 10:02:00-04:00,19.274999618530273,19.295000076293945,19.190000534057617,19.204999923706055,251792
2026-08-27 10:03:00-04:00,19.334999084472656,19.334999084472656,19.260000228881836,19.27989959716797,202189
2026-08-27 10:04:00-04:00,19.334999084472656,19.34000015258789,19.309999465942383,19.334999084472656,135567
2026-08-27 10:05:00-04:00,19.334999084472656,19.34000015258789,19.3218994140625,19.329999923706055,70045
2026-08-27 10:06:00-04:00,19.295000076293945,19.334999084472656,19.280000686645508,19.334999084472656,94403
2026-08-27 10:07:00-04:00,19.280500411987305,19.290000915527344,19.264999389648438,19.290000915527344,136204
2026-08-27 10:08:00-04:00,19.2450008392334,19.295000076293945,19.219999313354492,19.280000686645508,146049
2026-08-27 10:09:00-04:00,19.260000228881836,19.269899368286133,19.225000381469727,19.25,153751
2026-08-27 10:10:00-04:00,19.274999618530273,19.299999237060547,19.25,19.260000228881836,137723
2026-08-27 10:11:00-04:00,19.28499984741211,19.290000915527344,19.260000228881836,19.274999618530273,64514
2026-08-27 10:12:00-04:00,19.231000900268555,19.290000915527344,19.229999542236328,19.288000106811523,104878
2026-08-27 10:13:00-04:00,19.21500015258789,19.2450008392334,19.209999084472656,19.235000610351562,107289
2026-08-27 10:14:00-04:00,19.21500015258789,19.21500015258789,19.190000534057617,19.209999084472656,134006
2026-08-27 10:15:00-04:00,19.239999771118164,19.25,19.225000381469727,19.225000381469727,87554
2026-08-27 10:16:00-04:00,19.250200271606445,19.260000228881836,19.231399536132812,19.2450008392334,74600
2026-08-27 10:17:00-04:00,19.264999389648438,19.280000686645508,19.251300811767578,19.251300811767578,87688
2026-08-27 10:18:00-04:00,19.260000228881836,19.274999618530273,19.2450008392334,19.264999389648438,94509
2026-08-27 10:19:00-04:00,19.239999771118164,19.280000686645508,19.235000610351562,19.250200271606445,92697
2026-08-27 10:20:00-04:00,19.21500015258789,19.260000228881836,19.18000030517578,19.239999771118164,116665
2026-08-27 10:21:00-04:00,19.190000534057617,19.229999542236328,19.174999237060547,19.211200714111328,201587
2026-08-27 10:22:00-04:00,19.204999923706055,19.21500015258789,19.174999237060547,19.189899444580078,97739
2026-08-27 10:23:00-04:00,19.165000915527344,19.229999542236328,19.149999618530273,19.204999923706055,216580
2026-08-27 10:24:00-04:00,19.209999084472656,19.209999084472656,19.149999618530273,19.15999984741211,119001
2026-08-27 10:25:00-04:00,19.200000762939453,19.209999084472656,19.180099487304688,19.204999923706055,108031
2026-08-27 10:26:00-04:00,19.20009994506836,19.229999542236328,19.170000076293945,19.20870018005371,226494
2026-08-27 10:27:00-04:00,19.189599990844727,19.219999313354492,19.184999465942383,19.19499969482422,91541
2026-08-27 10:28:00-04:00,19.219999313354492,19.22800064086914,19.18000030517578,19.18000030517578,95818
2026-08-27 10:29:00-04:00,19.21500015258789,19.235000610351562,19.200000762939453,19.21500015258789,118877
2026-08-27 10:30:00-04:00,19.21500015258789,19.239999771118164,19.209999084472656,19.219600677490234,38976
2026-08-27 10:31:00-04:00,19.200000762939453,19.229999542236328,19.200000762939453,19.211200714111328,76082
2026-08-27 10:32:00-04:00,19.174999237060547,19.200000762939453,19.139999389648438,19.200000762939453,156934
2026-08-27 10:33:00-04:00,19.18000030517578,19.190000534057617,19.149999618530273,19.174999237060547,167358
2026-08-27 10:34:00-04:00,19.17009925842285,19.209999084472656,19.17009925842285,19.19499969482422,51865
2026-08-27 10:35:00-04:00,19.181900024414062,19.204999923706055,19.18000030517578,19.18000030517578,113257
2026-08-27 10:36:00-04:00,19.235000610351562,19.235000610351562,19.180099487304688,19.184999465942383,341896
2026-08-27 10:37:00-04:00,19.212799072265625,19.23200035095215,19.191999435424805,19.23200035095215,55570
2026-08-27 10:38:00-04:00,19.225000381469727,19.229999542236328,19.20009994506836,19.21339988708496,61928
2026-08-27 10:39:00-04:00,19.225000381469727,19.239999771118164,19.209999084472656,19.229999542236328,36930
2026-08-27 10:40:00-04:00,19.209999084472656,19.229999542236328,19.204999923706055,19.225000381469727,61270
2026-08-27 10:41:00-04:00,19.2549991607666,19.2549991607666,19.19499969482422,19.200000762939453,109437
2026-08-27 10:42:00-04:00,19.270099639892578,19.278799057006836,19.241300582885742,19.258699417114258,82584
2026-08-27 10:43:00-04:00,19.299999237060547,19.299999237060547,19.260000228881836,19.27050018310547,89478
2026-08-27 10:44:00-04:00,19.274999618530273,19.295000076293945,19.270000457763672,19.290000915527344,79905
2026-08-27 10:45:00-04:00,19.290000915527344,19.290000915527344,19.260000228881836,19.274999618530273,66941
2026-08-27 10:46:00-04:00,19.264999389648438,19.290000915527344,19.239999771118164,19.289899826049805,58147
2026-08-27 10:47:00-04:00,19.235000610351562,19.264999389648438,19.229999542236328,19.264999389648438,52902
2026-08-27 10:48:00-04:00,19.2549991607666,19.260000228881836,19.239999771118164,19.239999771118164,50401
2026-08-27 10:49:00-04:00,19.235000610351562,19.270000457763672,19.235000610351562,19.2549991607666,41303
2026-08-27 10:50:00-04:00,19.239900588989258,19.260000228881836,19.229999542236328,19.235000610351562,60489
2026-08-27 10:51:00-04:00,19.28499984741211,19.290000915527344,19.219999313354492,19.235000610351562,102365
2026-08-27 10:52:00-04:00,19.33009910583496,19.334999084472656,19.271299362182617,19.28499984741211,198495
2026-08-27 10:53:00-04:00,19.31999969482422,19.34000015258789,19.299999237060547,19.34000015258789,129772
2026-08-27 10:54:00-04:00,19.28499984741211,19.31999969482422,19.28499984741211,19.31599998474121,50861
2026-08-27 10:55:00-04:00,19.30500030517578,19.309999465942383,19.2810001373291,19.290000915527344,82403
2026-08-27 10:56:00-04:00,19.364999771118164,19.3799991607666,19.30500030517578,19.309999465942383,140824
2026-08-27 10:57:00-04:00,19.375,19.385000228881836,19.360000610351562,19.3700008392334,97324
2026-08-27 10:58:00-04:00,19.354999542236328,19.3799991607666,19.350099563598633,19.375,60633
2026-08-27 10:59:00-04:00,19.379899978637695,19.389999389648438,19.360000610351562,19.360000610351562,91628
2026-08-27 11:00:00-04:00,19.360000610351562,19.399999618530273,19.354999542236328,19.375,180848
2026-08-27 11:01:00-04:00,19.375,19.389999389648438,19.360000610351562,19.360000610351562,98139
2026-08-27 11:02:00-04:00,19.334999084472656,19.379899978637695,19.329999923706055,19.378000259399414,51040
2026-08-27 11:03:00-04:00,19.325000762939453,19.349899291992188,19.31999969482422,19.334999084472656,42764
2026-08-27 11:04:00-04:00,19.338499069213867,19.350000381469727,19.31999969482422,19.329999923706055,68194
2026-08-27 11:05:00-04:00,19.350000381469727,19.360000610351562,19.31999969482422,19.34000015258789,92520
2026-08-27 11:06:00-04:00,19.304000854492188,19.354999542236328,19.299999237060547,19.344999313354492,136016
2026-08-27 11:07:00-04:00,19.260099411010742,19.329999923706055,19.260000228881836,19.300100326538086,76943
2026-08-27 11:08:00-04:00,19.280000686645508,19.280000686645508,19.25,19.260000228881836,83587
2026-08-27 11:09:00-04:00,19.299999237060547,19.299999237060547,19.280000686645508,19.28499984741211,64007
2026-08-27 11:10:00-04:00,19.30500030517578,19.309999465942383,19.295000076293945,19.30500030517578,32412
2026-08-27 11:11:00-04:00,19.344999313354492,19.354999542236328,19.30500030517578,19.30500030517578,122274
2026-08-27 11:12:00-04:00,19.299999237060547,19.368999481201172,19.291099548339844,19.344999313354492,148562
2026-08-27 11:13:00-04:00,19.309999465942383,19.31999969482422,19.274999618530273,19.290000915527344,51464
2026-08-27 11:14:00-04:00,19.30500030517578,19.315000534057617,19.290000915527344,19.30500030517578,46964
2026-08-27 11:15:00-04:00,19.295000076293945,19.309999465942383,19.295000076293945,19.30500030517578,44321
2026-08-27 11:16:00-04:00,19.290000915527344,19.299999237060547,19.280000686645508,19.295000076293945,36470
2026-08-27 11:17:00-04:00,19.31999969482422,19.31999969482422,19.290000915527344,19.295000076293945,47983
2026-08-27 11:18:00-04:00,19.315000534057617,19.325000762939453,19.300100326538086,19.315000534057617,40600
2026-08-27 11:19:00-04:00,19.309499740600586,19.325000762939453,19.299999237060547,19.315200805664062,38738
2026-08-27 11:20:00-04:00,19.260000228881836,19.30500030517578,19.260000228881836,19.30500030517578,84346
2026-08-27 11:21:00-04:00,19.274999618530273,19.280000686645508,19.270000457763672,19.270000457763672,44759
2026-08-27 11:22:00-04:00,19.25,19.274999618530273,19.239999771118164,19.274999618530273,84383
2026-08-27 11:23:00-04:00,19.2450008392334,19.260000228881836,19.229999542236328,19.2549991607666,65881
2026-08-27 11:24:00-04:00,19.225000381469727,19.239999771118164,19.209999084472656,19.239999771118164,52277
2026-08-27 11:25:00-04:00,19.21500015258789,19.225000381469727,19.200000762939453,19.225000381469727,37177
2026-08-27 11:26:00-04:00,19.231300354003906,19.2450008392334,19.21500015258789,19.21500015258789,103398
2026-08-27 11:27:00-04:00,19.2012996673584,19.239999771118164,19.200000762939453,19.235000610351562,56747
2026-08-27 11:28:00-04:00,19.229999542236328,19.229999542236328,19.200000762939453,19.204999923706055,71811
2026-08-27 11:29:00-04:00,19.21500015258789,19.235000610351562,19.209999084472656,19.228200912475586,56620
2026-08-27 11:30:00-04:00,19.19499969482422,19.229999542236328,19.19499969482422,19.21500015258789,81155
2026-08-27 11:31:00-04:00,19.19499969482422,19.209999084472656,19.184999465942383,19.190000534057617,53234
2026-08-27 11:32:00-04:00,19.204999923706055,19.219999313354492,19.19499969482422,19.197999954223633,32820
2026-08-27 11:33:00-04:00,19.20989990234375,19.209999084472656,19.19499969482422,19.209999084472656,26349
2026-08-27 11:34:00-04:00,19.15999984741211,19.209999084472656,19.15999984741211,19.209999084472656,138504
2026-08-27 11:35:00-04:00,19.165000915527344,19.174999237060547,19.149999618530273,19.165000915527344,53351
2026-08-27 11:36:00-04:00,19.190000534057617,19.190000534057617,19.165000915527344,19.165000915527344,59947
2026-08-27 11:37:00-04:00,19.200000762939453,19.219999313354492,19.18000030517578,19.190000534057617,154664
2026-08-27 11:38:00-04:00,19.190099716186523,19.209999084472656,19.190000534057617,19.200000762939453,32061
2026-08-27 11:39:00-04:00,19.18000030517578,19.200000762939453,19.15999984741211,19.190000534057617,38245
2026-08-27 11:40:00-04:00,19.184999465942383,19.184999465942383,19.170000076293945,19.170000076293945,42452
2026-08-27 11:41:00-04:00,19.209999084472656,19.209999084472656,19.18000030517578,19.18000030517578,52130
2026-08-27 11:42:00-04:00,19.212900161743164,19.219999313354492,19.200199127197266,19.209999084472656,47683
2026-08-27 11:43:00-04:00,19.21500015258789,19.225000381469727,19.209999084472656,19.219999313354492,31867
2026-08-27 11:44:00-04:00,19.219999313354492,19.219999313354492,19.200000762939453,19.21500015258789,33667
2026-08-27 11:45:00-04:00,19.239900588989258,19.25,19.211299896240234,19.219900131225586,101519
2026-08-27 11:46:00-04:00,19.21500015258789,19.25,19.209999084472656,19.239999771118164,35144
2026-08-27 11:47:00-04:00,19.219999313354492,19.239999771118164,19.21500015258789,19.21500015258789,49581
2026-08-27 11:48:00-04:00,19.220500946044922,19.235000610351562,19.209999084472656,19.21500015258789,31243
2026-08-27 11:49:00-04:00,19.235000610351562,19.239999771118164,19.219999313354492,19.225000381469727,21619
2026-08-27 11:50:00-04:00,19.2549991607666,19.260000228881836,19.23040008544922,19.239999771118164,64234
2026-08-27 11:51:00-04:00,19.274999618530273,19.280000686645508,19.25,19.2549991607666,63075
2026-08-27 11:52:00-04:00,19.260000228881836,19.274999618530273,19.260000228881836,19.274999618530273,44481
2026-08-27 11:53:00-04:00,19.2549991607666,19.277700424194336,19.25200080871582,19.264999389648438,59085
2026-08-27 11:54:00-04:00,19.2549991607666,19.264999389648438,19.239999771118164,19.260000228881836,41153
2026-08-27 11:55:00-04:00,19.274999618530273,19.274999618530273,19.260000228881836,19.260000228881836,83972
2026-08-27 11:56:00-04:00,19.28030014038086,19.290000915527344,19.270000457763672,19.274999618530273,72785
2026-08-27 11:57:00-04:00,19.28499984741211,19.299999237060547,19.270000457763672,19.290000915527344,115499
2026-08-27 11:58:00-04:00,19.280099868774414,19.290000915527344,19.270099639892578,19.28499984741211,55544
2026-08-27 11:59:00-04:00,19.274999618530273,19.290000915527344,19.274999618530273,19.28499984741211,21952
2026-08-27 12:00:00-04:00,19.270000457763672,19.280000686645508,19.270000457763672,19.274999618530273,17585
2026-08-27 12:01:00-04:00,19.274999618530273,19.290000915527344,19.264999389648438,19.274999618530273,55768
2026-08-27 12:02:00-04:00,19.28499984741211,19.289899826049805,19.270000457763672,19.274999618530273,34585
2026-08-27 12:03:00-04:00,19.295000076293945,19.299999237060547,19.28499984741211,19.290000915527344,80103
2026-08-27 12:04:00-04:00,19.30500030517578,19.309999465942383,19.295000076293945,19.299999237060547,51090
2026-08-27 12:05:00-04:00,19.30500030517578,19.309999465942383,19.299999237060547,19.30500030517578,16469
2026-08-27 12:06:00-04:00,19.29010009765625,19.309999465942383,19.290000915527344,19.299999237060547,23423
2026-08-27 12:07:00-04:00,19.28689956665039,19.299999237060547,19.280000686645508,19.290000915527344,45635
2026-08-27 12:08:00-04:00,19.272199630737305,19.295000076293945,19.260499954223633,19.28499984741211,78261
2026-08-27 12:09:00-04:00,19.28499984741211,19.286300659179688,19.270000457763672,19.275100708007812,51610
2026-08-27 12:10:00-04:00,19.29010009765625,19.299999237060547,19.280000686645508,19.28849983215332,42120
2026-08-27 12:11:00-04:00,19.28499984741211,19.299999237060547,19.260000228881836,19.297700881958008,89866
2026-08-27 12:12:00-04:00,19.28499984741211,19.299999237060547,19.280000686645508,19.287200927734375,55384
2026-08-27 12:13:00-04:00,19.280000686645508,19.299999237060547,19.280000686645508,19.28499984741211,39269
2026-08-27 12:14:00-04:00,19.280000686645508,19.290000915527344,19.270000457763672,19.28499984741211,32964
2026-08-27 12:15:00-04:00,19.272499084472656,19.290000915527344,19.260000228881836,19.284000396728516,54271
2026-08-27 12:16:00-04:00,19.28499984741211,19.290000915527344,19.270000457763672,19.274999618530273,39191
2026-08-27 12:17:00-04:00,19.295000076293945,19.295000076293945,19.280000686645508,19.28499984741211,40086
2026-08-27 12:18:00-04:00,19.27120018005371,19.299999237060547,19.27120018005371,19.295000076293945,77369
2026-08-27 12:19:00-04:00,19.274999618530273,19.280000686645508,19.264999389648438,19.274999618530273,46065
2026-08-27 12:20:00-04:00,19.280099868774414,19.288000106811523,19.280000686645508,19.280000686645508,44698
2026-08-27 12:21:00-04:00,19.264999389648438,19.280000686645508,19.260000228881836,19.280000686645508,33335
2026-08-27 12:22:00-04:00,19.239999771118164,19.264999389648438,19.239999771118164,19.264999389648438,59914
2026-08-27 12:23:00-04:00,19.235000610351562,19.25,19.229999542236328,19.2450008392334,42209
2026-08-27 12:24:00-04:00,19.229999542236328,19.2450008392334,19.229999542236328,19.235000610351562,55862
2026-08-27 12:25:00-04:00,19.240100860595703,19.24799919128418,19.229999542236328,19.239900588989258,43537
2026-08-27 12:26:00-04:00,19.235000610351562,19.249799728393555,19.229999542236328,19.2450008392334,28171
2026-08-27 12:27:00-04:00,19.274999618530273,19.280000686645508,19.230100631713867,19.230100631713867,81149
2026-08-27 12:28:00-04:00,19.274999618530273,19.280000686645508,19.270000457763672,19.279699325561523,39051
2026-08-27 12:29:00-04:00,19.280000686645508,19.295000076293945,19.270000457763672,19.270099639892578,64046
2026-08-27 12:30:00-04:00,19.269899368286133,19.289899826049805,19.2549991607666,19.28809928894043,77247
2026-08-27 12:31:00-04:00,19.274999618530273,19.275100708007812,19.260000228881836,19.264999389648438,70458
2026-08-27 12:32:00-04:00,19.274999618530273,19.290000915527344,19.270200729370117,19.280000686645508,76866
2026-08-27 12:33:00-04:00,19.274999618530273,19.280000686645508,19.270000457763672,19.274999618530273,44847
2026-08-27 12:34:00-04:00,19.295000076293945,19.299999237060547,19.270000457763672,19.270000457763672,69163
2026-08-27 12:35:00-04:00,19.274999618530273,19.295000076293945,19.270000457763672,19.295000076293945,75749
2026-08-27 12:36:00-04:00,19.26580047607422,19.280000686645508,19.260000228881836,19.274999618530273,31155
2026-08-27 12:37:00-04:00,19.27630043029785,19.27630043029785,19.25,19.264999389648438,58224
2026-08-27 12:38:00-04:00,19.264999389648438,19.275100708007812,19.2549991607666,19.274999618530273,68431
2026-08-27 12:39:00-04:00,19.25510025024414,19.264999389648438,19.244800567626953,19.260000228881836,66126
2026-08-27 12:40:00-04:00,19.261699676513672,19.269899368286133,19.25,19.250099182128906,60792
2026-08-27 12:41:00-04:00,19.2549991607666,19.264999389648438,19.25,19.264999389648438,28224
2026-08-27 12:42:00-04:00,19.264999389648438,19.264999389648438,19.25,19.260000228881836,30569
2026-08-27 12:43:00-04:00,19.264999389648438,19.270000457763672,19.260000228881836,19.264999389648438,14420
2026-08-27 12:44:00-04:00,19.2549991607666,19.264999389648438,19.25,19.264999389648438,55620
2026-08-27 12:45:00-04:00,19.2460994720459,19.2549991607666,19.239999771118164,19.2549991607666,58942
2026-08-27 12:46:00-04:00,19.235000610351562,19.25,19.235000610351562,19.2450008392334,73401
2026-08-27 12:47:00-04:00,19.225000381469727,19.239500045776367,19.22010040283203,19.234899520874023,79457
2026-08-27 12:48:00-04:00,19.238100051879883,19.239999771118164,19.21500015258789,19.22010040283203,44233
2026-08-27 12:49:00-04:00,19.229900360107422,19.239999771118164,19.219999313354492,19.229999542236328,57099
2026-08-27 12:50:00-04:00,19.225000381469727,19.229999542236328,19.219999313354492,19.225000381469727,47190
2026-08-27 12:51:00-04:00,19.260000228881836,19.260000228881836,19.221399307250977,19.229999542236328,68325
2026-08-27 12:52:00-04:00,19.260000228881836,19.264999389648438,19.25,19.257999420166016,86050
2026-08-27 12:53:00-04:00,19.250499725341797,19.260000228881836,19.239999771118164,19.260000228881836,33717
2026-08-27 12:54:00-04:00,19.2450008392334,19.260000228881836,19.239999771118164,19.252599716186523,19886
2026-08-27 12:55:00-04:00,19.240100860595703,19.25,19.235000610351562,19.2450008392334,29309
2026-08-27 12:56:00-04:00,19.2450008392334,19.25,19.235000610351562,19.2450008392334,39421
2026-08-27 12:57:00-04:00,19.225000381469727,19.25,19.225000381469727,19.2450008392334,18802
2026-08-27 12:58:00-04:00,19.21500015258789,19.229999542236328,19.209999084472656,19.225000381469727,42058
2026-08-27 12:59:00-04:00,19.204999923706055,19.219999313354492,19.200000762939453,19.213699340820312,58568
2026-08-27 13:00:00-04:00,19.204999923706055,19.209999084472656,19.200000762939453,19.204999923706055,23851
2026-08-27 13:01:00-04:00,19.209999084472656,19.209999084472656,19.200000762939453,19.200000762939453,91270
2026-08-27 13:02:00-04:00,19.209999084472656,19.219999313354492,19.200000762939453,19.209999084472656,93367
2026-08-27 13:03:00-04:00,19.213699340820312,19.21500015258789,19.200000762939453,19.204999923706055,38050
2026-08-27 13:04:00-04:00,19.209999084472656,19.21500015258789,19.200000762939453,19.21500015258789,23227
2026-08-27 13:05:00-04:00,19.2268009185791,19.239999771118164,19.204999923706055,19.204999923706055,62849
2026-08-27 13:06:00-04:00,19.21500015258789,19.229999542236328,19.20009994506836,19.225000381469727,51046
2026-08-27 13:07:00-04:00,19.19499969482422,19.218000411987305,19.190099716186523,19.218000411987305,58557
2026-08-27 13:08:00-04:00,19.204999923706055,19.219999313354492,19.194000244140625,19.19499969482422,79779
2026-08-27 13:09:00-04:00,19.196699142456055,19.20949935913086,19.1919002532959,19.204999923706055,32219
2026-08-27 13:10:00-04:00,19.209999084472656,19.209999084472656,19.190200805664062,19.190200805664062,45485
2026-08-27 13:11:00-04:00,19.209999084472656,19.219999313354492,19.200000762939453,19.200000762939453,44143
2026-08-27 13:12:00-04:00,19.200000762939453,19.218000411987305,19.200000762939453,19.209999084472656,54089
2026-08-27 13:13:00-04:00,19.225000381469727,19.225000381469727,19.200000762939453,19.200000762939453,33477
2026-08-27 13:14:00-04:00,19.200000762939453,19.229999542236328,19.200000762939453,19.225000381469727,89104
2026-08-27 13:15:00-04:00,19.190000534057617,19.204999923706055,19.190000534057617,19.204999923706055,19132
2026-08-27 13:16:00-04:00,19.184999465942383,19.19499969482422,19.18000030517578,19.19499969482422,57307
2026-08-27 13:17:00-04:00,19.17060089111328,19.184999465942383,19.170000076293945,19.184999465942383,53426
2026-08-27 13:18:00-04:00,19.179899215698242,19.18000030517578,19.170000076293945,19.174999237060547,47622
2026-08-27 13:19:00-04:00,19.19499969482422,19.209999084472656,19.172199249267578,19.174999237060547,76114
2026-08-27 13:20:00-04:00,19.21500015258789,19.21500015258789,19.19499969482422,19.19499969482422,58205
2026-08-27 13:21:00-04:00,19.204999923706055,19.219999313354492,19.200000762939453,19.21500015258789,16401
2026-08-27 13:22:00-04:00,19.174999237060547,19.200000762939453,19.170000076293945,19.200000762939453,148263
2026-08-27 13:23:00-04:00,19.174999237060547,19.18000030517578,19.170000076293945,19.17009925842285,19615
2026-08-27 13:24:00-04:00,19.174999237060547,19.18000030517578,19.17009925842285,19.174999237060547,19640
2026-08-27 13:25:00-04:00,19.174999237060547,19.18000030517578,19.170000076293945,19.18000030517578,62381
2026-08-27 13:26:00-04:00,19.180099487304688,19.19499969482422,19.170499801635742,19.170499801635742,101972
2026-08-27 13:27:00-04:00,19.184999465942383,19.200000762939453,19.184999465942383,19.190000534057617,53328
2026-08-27 13:28:00-04:00,19.165000915527344,19.190000534057617,19.165000915527344,19.190000534057617,54298
2026-08-27 13:29:00-04:00,19.165000915527344,19.173900604248047,19.149999618530273,19.165000915527344,63845
2026-08-27 13:30:00-04:00,19.174999237060547,19.174999237060547,19.16010093688965,19.165000915527344,62587
2026-08-27 13:31:00-04:00,19.16990089416504,19.18000030517578,19.15999984741211,19.18000030517578,33267
2026-08-27 13:32:00-04:00,19.165000915527344,19.174999237060547,19.162099838256836,19.165000915527344,37843
2026-08-27 13:33:00-04:00,19.165000915527344,19.17970085144043,19.165000915527344,19.165000915527344,50059
2026-08-27 13:34:00-04:00,19.15999984741211,19.170000076293945,19.155000686645508,19.164199829101562,21273
2026-08-27 13:35:00-04:00,19.190000534057617,19.190000534057617,19.149999618530273,19.15999984741211,108989
2026-08-27 13:36:00-04:00,19.184499740600586,19.200000762939453,19.18000030517578,19.19499969482422,44740
2026-08-27 13:37:00-04:00,19.190000534057617,19.190000534057617,19.181400299072266,19.184999465942383,18796
2026-08-27 13:38:00-04:00,19.19499969482422,19.200000762939453,19.18000030517578,19.189899444580078,128598
2026-08-27 13:39:00-04:00,19.204999923706055,19.20800018310547,19.190000534057617,19.190099716186523,31845
2026-08-27 13:40:00-04:00,19.19499969482422,19.209999084472656,19.1919002532959,19.20639991760254,27637
2026-08-27 13:41:00-04:00,19.16990089416504,19.200000762939453,19.15999984741211,19.19499969482422,95226
2026-08-27 13:42:00-04:00,19.17729949951172,19.17729949951172,19.16010093688965,19.165000915527344,31698
2026-08-27 13:43:00-04:00,19.184999465942383,19.184999465942383,19.170000076293945,19.174999237060547,9203
2026-08-27 13:44:00-04:00,19.165000915527344,19.183000564575195,19.149999618530273,19.18000030517578,48926
2026-08-27 13:45:00-04:00,19.170000076293945,19.174999237060547,19.164199829101562,19.165000915527344,32080
2026-08-27 13:46:00-04:00,19.165000915527344,19.18000030517578,19.16349983215332,19.170000076293945,36286
2026-08-27 13:47:00-04:00,19.190000534057617,19.190000534057617,19.170000076293945,19.170000076293945,31977
2026-08-27 13:48:00-04:00,19.170000076293945,19.184999465942383,19.165000915527344,19.184999465942383,34461
2026-08-27 13:49:00-04:00,19.170000076293945,19.174999237060547,19.15999984741211,19.165000915527344,34794
2026-08-27 13:50:00-04:00,19.165000915527344,19.170000076293945,19.15999984741211,19.165000915527344,45660
2026-08-27 13:51:00-04:00,19.145000457763672,19.170000076293945,19.139999389648438,19.165000915527344,67155
2026-08-27 13:52:00-04:00,19.125,19.145000457763672,19.120100021362305,19.139999389648438,73161
2026-08-27 13:53:00-04:00,19.125,19.139999389648438,19.1200008392334,19.1299991607666,33451
2026-08-27 13:54:00-04:00,19.125,19.1299991607666,19.1200008392334,19.125,12964
2026-08-27 13:55:00-04:00,19.11009979248047,19.125,19.100000381469727,19.125,107603
2026-08-27 13:56:00-04:00,19.1200008392334,19.1200008392334,19.100000381469727,19.104999542236328,77729
2026-08-27 13:57:00-04:00,19.100000381469727,19.1200008392334,19.100000381469727,19.110000610351562,30078
2026-08-27 13:58:00-04:00,19.09000015258789,19.10140037536621,19.09000015258789,19.100000381469727,65117
2026-08-27 13:59:00-04:00,19.084999084472656,19.100000381469727,19.079999923706055,19.100000381469727,27485
2026-08-27 14:00:00-04:00,19.104999542236328,19.10890007019043,19.079999923706055,19.084999084472656,70675
2026-08-27 14:01:00-04:00,19.075000762939453,19.104999542236328,19.06999969482422,19.104999542236328,45085
2026-08-27 14:02:00-04:00,19.06999969482422,19.076000213623047,19.059999465942383,19.07360076904297,43829
2026-08-27 14:03:00-04:00,19.09000015258789,19.09000015258789,19.0762996673584,19.0762996673584,32720
2026-08-27 14:04:00-04:00,19.094999313354492,19.100000381469727,19.084999084472656,19.084999084472656,40913
2026-08-27 14:05:00-04:00,19.109899520874023,19.114999771118164,19.094999313354492,19.094999313354492,29558
2026-08-27 14:06:00-04:00,19.110000610351562,19.110000610351562,19.100000381469727,19.108999252319336,21950
2026-08-27 14:07:00-04:00,19.104999542236328,19.1200008392334,19.094999313354492,19.110000610351562,72863
2026-08-27 14:08:00-04:00,19.114999771118164,19.114999771118164,19.100000381469727,19.104999542236328,12532
2026-08-27 14:09:00-04:00,19.100000381469727,19.1200008392334,19.100000381469727,19.114999771118164,46543
2026-08-27 14:10:00-04:00,19.100000381469727,19.1200008392334,19.100000381469727,19.110000610351562,45577
2026-08-27 14:11:00-04:00,19.090099334716797,19.101200103759766,19.09000015258789,19.101200103759766,25226
2026-08-27 14:12:00-04:00,19.100000381469727,19.100000381469727,19.079999923706055,19.100000381469727,81441
2026-08-27 14:13:00-04:00,19.059999465942383,19.110000610351562,19.059999465942383,19.100000381469727,41806
2026-08-27 14:14:00-04:00,19.049999237060547,19.059999465942383,19.040000915527344,19.059999465942383,121311
2026-08-27 14:15:00-04:00,19.05500030517578,19.059999465942383,19.040000915527344,19.045000076293945,84908
2026-08-27 14:16:00-04:00,19.059900283813477,19.059999465942383,19.040000915527344,19.05500030517578,85224
2026-08-27 14:17:00-04:00,19.065000534057617,19.069900512695312,19.050100326538086,19.058900833129883,51541
2026-08-27 14:18:00-04:00,19.07859992980957,19.079999923706055,19.065000534057617,19.065000534057617,31352
2026-08-27 14:19:00-04:00,19.094999313354492,19.100000381469727,19.079999923706055,19.079999923706055,71564
2026-08-27 14:20:00-04:00,19.09000015258789,19.110000610351562,19.09000015258789,19.100000381469727,133772
2026-08-27 14:21:00-04:00,19.075000762939453,19.100000381469727,19.06999969482422,19.09000015258789,131676
2026-08-27 14:22:00-04:00,19.059999465942383,19.079999923706055,19.059999465942383,19.070100784301758,40360
2026-08-27 14:23:00-04:00,19.048999786376953,19.079999923706055,19.045000076293945,19.069799423217773,58885
2026-08-27 14:24:00-04:00,19.024999618530273,19.049999237060547,19.024999618530273,19.045000076293945,60798
2026-08-27 14:25:00-04:00,19.024999618530273,19.040000915527344,19.011999130249023,19.030000686645508,84881
2026-08-27 14:26:00-04:00,19.014999389648438,19.024999618530273,19.0,19.024999618530273,120917
2026-08-27 14:27:00-04:00,19.02989959716797,19.030000686645508,19.010000228881836,19.020000457763672,42003
2026-08-27 14:28:00-04:00,19.03499984741211,19.03499984741211,19.020000457763672,19.030000686645508,23432
2026-08-27 14:29:00-04:00,19.059999465942383,19.059999465942383,19.030000686645508,19.03499984741211,47777
2026-08-27 14:30:00-04:00,19.05500030517578,19.059999465942383,19.040000915527344,19.050100326538086,32853
2026-08-27 14:31:00-04:00,19.065000534057617,19.06999969482422,19.05500030517578,19.059999465942383,49181
2026-08-27 14:32:00-04:00,19.059999465942383,19.06999969482422,19.059999465942383,19.065200805664062,34507
2026-08-27 14:33:00-04:00,19.05500030517578,19.06999969482422,19.05500030517578,19.060100555419922,60268
2026-08-27 14:34:00-04:00,19.05900001525879,19.059999465942383,19.049999237060547,19.05500030517578,43675
2026-08-27 14:35:00-04:00,19.059999465942383,19.069900512695312,19.05500030517578,19.05500030517578,17124
2026-08-27 14:36:00-04:00,19.059999465942383,19.06999969482422,19.059999465942383,19.065000534057617,27142
2026-08-27 14:37:00-04:00,19.045000076293945,19.059999465942383,19.040000915527344,19.059999465942383,70122
2026-08-27 14:38:00-04:00,19.049800872802734,19.049999237060547,19.030000686645508,19.040000915527344,40807
2026-08-27 14:39:00-04:00,19.065000534057617,19.06999969482422,19.040000915527344,19.049999237060547,42992
2026-08-27 14:40:00-04:00,19.075000762939453,19.09000015258789,19.065000534057617,19.065000534057617,70134
2026-08-27 14:41:00-04:00,19.059999465942383,19.07550048828125,19.059999465942383,19.07550048828125,34356
2026-08-27 14:42:00-04:00,19.05500030517578,19.06999969482422,19.049999237060547,19.065000534057617,20612
2026-08-27 14:43:00-04:00,19.05500030517578,19.059999465942383,19.040000915527344,19.051799774169922,51295
2026-08-27 14:44:00-04:00,19.05500030517578,19.059999465942383,19.049999237060547,19.05500030517578,8382
2026-08-27 14:45:00-04:00,19.07469940185547,19.079999923706055,19.05120086669922,19.059999465942383,22682
2026-08-27 14:46:00-04:00,19.085599899291992,19.09000015258789,19.06999969482422,19.075000762939453,33379
2026-08-27 14:47:00-04:00,19.104999542236328,19.1200008392334,19.079999923706055,19.084999084472656,132259
2026-08-27 14:48:00-04:00,19.1200008392334,19.139999389648438,19.110000610351562,19.110000610351562,151802
2026-08-27 14:49:00-04:00,19.100000381469727,19.1299991607666,19.100000381469727,19.129899978637695,62205
2026-08-27 14:50:00-04:00,19.114999771118164,19.118999481201172,19.093000411987305,19.104999542236328,58583
2026-08-27 14:51:00-04:00,19.13010025024414,19.135000228881836,19.110000610351562,19.110000610351562,46036
2026-08-27 14:52:00-04:00,19.135000228881836,19.139999389648438,19.1299991607666,19.139999389648438,26592
2026-08-27 14:53:00-04:00,19.110000610351562,19.145000457763672,19.110000610351562,19.135000228881836,66830
2026-08-27 14:54:00-04:00,19.110000610351562,19.1200008392334,19.110000610351562,19.1200008392334,18016
2026-08-27 14:55:00-04:00,19.104999542236328,19.114999771118164,19.094999313354492,19.114999771118164,50643
2026-08-27 14:56:00-04:00,19.104999542236328,19.109899520874023,19.09000015258789,19.100000381469727,42154
2026-08-27 14:57:00-04:00,19.125,19.1299991607666,19.104999542236328,19.104999542236328,65899
2026-08-27 14:58:00-04:00,19.121299743652344,19.1299991607666,19.1200008392334,19.1200008392334,22158
2026-08-27 14:59:00-04:00,19.114999771118164,19.135000228881836,19.11210060119629,19.125,79305
2026-08-27 15:00:00-04:00,19.135000228881836,19.149999618530273,19.110000610351562,19.114999771118164,108193
2026-08-27 15:01:00-04:00,19.160499572753906,19.170000076293945,19.135000228881836,19.139999389648438,163758
2026-08-27 15:02:00-04:00,19.145000457763672,19.165000915527344,19.135000228881836,19.165000915527344,146508
2026-08-27 15:03:00-04:00,19.155000686645508,19.15999984741211,19.139999389648438,19.145000457763672,34032
2026-08-27 15:04:00-04:00,19.150100708007812,19.170000076293945,19.149999618530273,19.155000686645508,41515
2026-08-27 15:05:00-04:00,19.16990089416504,19.18000030517578,19.149999618530273,19.15999984741211,88769
2026-08-27 15:06:00-04:00,19.15999984741211,19.170000076293945,19.155000686645508,19.170000076293945,35872
2026-08-27 15:07:00-04:00,19.168699264526367,19.170000076293945,19.15999984741211,19.15999984741211,18906
2026-08-27 15:08:00-04:00,19.165000915527344,19.170000076293945,19.15999984741211,19.165000915527344,19656
2026-08-27 15:09:00-04:00,19.189800262451172,19.190000534057617,19.170000076293945,19.170000076293945,73896
2026-08-27 15:10:00-04:00,19.184999465942383,19.200000762939453,19.18000030517578,19.184999465942383,86110
2026-08-27 15:11:00-04:00,19.225000381469727,19.229999542236328,19.184999465942383,19.184999465942383,170699
2026-08-27 15:12:00-04:00,19.235000610351562,19.239999771118164,19.21500015258789,19.229999542236328,184288
2026-08-27 15:13:00-04:00,19.239999771118164,19.25,19.229999542236328,19.239900588989258,185879
2026-08-27 15:14:00-04:00,19.229999542236328,19.25,19.229999542236328,19.25,144217
2026-08-27 15:15:00-04:00,19.225000381469727,19.25,19.219999313354492,19.229999542236328,71165
2026-08-27 15:16:00-04:00,19.21489906311035,19.225000381469727,19.209999084472656,19.225000381469727,71547
2026-08-27 15:17:00-04:00,19.190000534057617,19.219999313354492,19.190000534057617,19.21500015258789,112656
2026-08-27 15:18:00-04:00,19.174999237060547,19.200000762939453,19.170000076293945,19.190000534057617,58115
2026-08-27 15:19:00-04:00,19.174999237060547,19.190000534057617,19.170000076293945,19.17060089111328,42043
2026-08-27 15:20:00-04:00,19.17009925842285,19.18000030517578,19.170000076293945,19.170000076293945,81979
2026-08-27 15:21:00-04:00,19.184999465942383,19.200000762939453,19.174999237060547,19.18000030517578,202293
2026-08-27 15:22:00-04:00,19.184999465942383,19.190000534057617,19.18000030517578,19.184999465942383,54193
2026-08-27 15:23:00-04:00,19.204999923706055,19.209999084472656,19.18000030517578,19.184999465942383,74982
2026-08-27 15:24:00-04:00,19.190500259399414,19.209999084472656,19.190000534057617,19.209999084472656,33263
2026-08-27 15:25:00-04:00,19.174999237060547,19.200000762939453,19.170000076293945,19.200000762939453,56767
2026-08-27 15:26:00-04:00,19.190000534057617,19.190000534057617,19.170000076293945,19.174999237060547,80763
2026-08-27 15:27:00-04:00,19.184999465942383,19.200000762939453,19.170000076293945,19.184999465942383,129021
2026-08-27 15:28:00-04:00,19.185100555419922,19.200000762939453,19.18000030517578,19.190000534057617,86531
2026-08-27 15:29:00-04:00,19.134000778198242,19.190000534057617,19.1299991607666,19.18160057067871,160905
2026-08-27 15:30:00-04:00,19.1299991607666,19.147899627685547,19.1200008392334,19.1299991607666,123225
2026-08-27 15:31:00-04:00,19.145000457763672,19.149999618530273,19.135000228881836,19.136699676513672,31192
2026-08-27 15:32:00-04:00,19.110000610351562,19.140100479125977,19.110000610351562,19.140100479125977,55276
2026-08-27 15:33:00-04:00,19.125,19.1299991607666,19.110000610351562,19.110000610351562,72098
2026-08-27 15:34:00-04:00,19.1299991607666,19.139999389648438,19.1200008392334,19.1299991607666,62560
2026-08-27 15:35:00-04:00,19.125,19.149999618530273,19.1200008392334,19.135000228881836,111407
2026-08-27 15:36:00-04:00,19.104999542236328,19.125,19.100000381469727,19.125,123663
2026-08-27 15:37:00-04:00,19.1200008392334,19.1299991607666,19.094999313354492,19.110000610351562,93660
2026-08-27 15:38:00-04:00,19.135000228881836,19.139999389648438,19.1299991607666,19.1299991607666,45824
2026-08-27 15:39:00-04:00,19.1299991607666,19.139799118041992,19.1200008392334,19.135499954223633,45236
2026-08-27 15:40:00-04:00,19.111000061035156,19.1299991607666,19.110000610351562,19.125,58435
2026-08-27 15:41:00-04:00,19.114999771118164,19.1299991607666,19.110000610351562,19.110000610351562,81781
2026-08-27 15:42:00-04:00,19.112899780273438,19.1200008392334,19.110000610351562,19.11989974975586,17707
2026-08-27 15:43:00-04:00,19.110000610351562,19.1200008392334,19.100000381469727,19.114999771118164,55038
2026-08-27 15:44:00-04:00,19.114999771118164,19.1299991607666,19.110000610351562,19.1200008392334,62363
2026-08-27 15:45:00-04:00,19.11050033569336,19.1299991607666,19.110000610351562,19.114999771118164,108394
2026-08-27 15:46:00-04:00,19.117700576782227,19.1200008392334,19.110000610351562,19.11479949951172,14813
2026-08-27 15:47:00-04:00,19.114999771118164,19.1200008392334,19.110000610351562,19.114999771118164,31690
2026-08-27 15:48:00-04:00,19.09000015258789,19.110000610351562,19.09000015258789,19.110000610351562,64580
2026-08-27 15:49:00-04:00,19.079999923706055,19.100000381469727,19.079999923706055,19.09000015258789,66025
2026-08-27 15:50:00-04:00,19.125,19.1299991607666,19.084999084472656,19.084999084472656,236065
2026-08-27 15:51:00-04:00,19.125,19.1299991607666,19.1200008392334,19.125,56655
2026-08-27 15:52:00-04:00,19.155000686645508,19.170000076293945,19.125,19.125,131207
2026-08-27 15:53:00-04:00,19.16510009765625,19.18000030517578,19.155000686645508,19.15999984741211,52891
2026-08-27 15:54:00-04:00,19.139999389648438,19.170000076293945,19.139999389648438,19.162200927734375,115222
2026-08-27 15:55:00-04:00,19.155000686645508,19.170000076293945,19.139999389648438,19.145000457763672,229435
2026-08-27 15:56:00-04:00,19.165700912475586,19.190000534057617,19.145000457763672,19.155000686645508,276557
2026-08-27 15:57:00-04:00,19.184999465942383,19.209999084472656,19.170000076293945,19.170000076293945,223695
2026-08-27 15:58:00-04:00,19.184999465942383,19.200000762939453,19.170000076293945,19.184999465942383,263435
2026-08-27 15:59:00-04:00,19.18000030517578,19.200000762939453,19.165000915527344,19.18000030517578,403976
2026-08-28 09:30:00-04:00,19.280000686645508,19.329999923706055,19.184999465942383,19.204999923706055,1294386
2026-08-28 09:31:00-04:00,19.429899215698242,19.489999771118164,19.229999542236328,19.280000686645508,635081
2026-08-28 09:32:00-04:00,19.270099639892578,19.40999984741211,19.2450008392334,19.400100708007812,344759
2026-08-28 09:33:00-04:00,19.309999465942383,19.329999923706055,19.239999771118164,19.264999389648438,153559
2026-08-28 09:34:00-04:00,19.360700607299805,19.388999938964844,19.18000030517578,19.309999465942383,233191
2026-08-28 09:35:00-04:00,19.412200927734375,19.434999465942383,19.331899642944336,19.36009979248047,234889
2026-08-28 09:36:00-04:00,19.354999542236328,19.40999984741211,19.34000015258789,19.40999984741211,127468
2026-08-28 09:37:00-04:00,19.3700008392334,19.440000534057617,19.326000213623047,19.350000381469727,231176
2026-08-28 09:38:00-04:00,19.354999542236328,19.420000076293945,19.354999542236328,19.379899978637695,120228
2026-08-28 09:39:00-04:00,19.325000762939453,19.3799991607666,19.321300506591797,19.350000381469727,106837
2026-08-28 09:40:00-04:00,19.165000915527344,19.329999923706055,19.165000915527344,19.325000762939453,315775
2026-08-28 09:41:00-04:00,19.130800247192383,19.224000930786133,19.1299991607666,19.170000076293945,191459
2026-08-28 09:42:00-04:00,19.101499557495117,19.165000915527344,19.100000381469727,19.1299991607666,162815
2026-08-28 09:43:00-04:00,19.05500030517578,19.145000457763672,19.049999237060547,19.110000610351562,195174
2026-08-28 09:44:00-04:00,19.075000762939453,19.100000381469727,19.059999465942383,19.065000534057617,162408
2026-08-28 09:45:00-04:00,19.075000762939453,19.110000610351562,19.065000534057617,19.07859992980957,98654
2026-08-28 09:46:00-04:00,19.020000457763672,19.09000015258789,19.0049991607666,19.06999969482422,218567
2026-08-28 09:47:00-04:00,19.059999465942383,19.06999969482422,19.0,19.010000228881836,130457
2026-08-28 09:48:00-04:00,19.06999969482422,19.100000381469727,19.049999237060547,19.05500030517578,151816
2026-08-28 09:49:00-04:00,19.045000076293945,19.065000534057617,19.024999618530273,19.065000534057617,79891
2026-08-28 09:50:00-04:00,19.075000762939453,19.099899291992188,19.04010009765625,19.045000076293945,80218
2026-08-28 09:51:00-04:00,19.09000015258789,19.100000381469727,19.056699752807617,19.06999969482422,86996
2026-08-28 09:52:00-04:00,19.049999237060547,19.110000610351562,19.049999237060547,19.100000381469727,88269
2026-08-28 09:53:00-04:00,19.05500030517578,19.08810043334961,19.049999237060547,19.05500030517578,113048
2026-08-28 09:54:00-04:00,19.070100784301758,19.079099655151367,19.020000457763672,19.049999237060547,98671
2026-08-28 09:55:00-04:00,19.065000534057617,19.094999313354492,19.05500030517578,19.06999969482422,60326
2026-08-28 09:56:00-04:00,19.079099655151367,19.099700927734375,19.059999465942383,19.06999969482422,56852
2026-08-28 09:57:00-04:00,19.049999237060547,19.079999923706055,19.049999237060547,19.06999969482422,61566
2026-08-28 09:58:00-04:00,19.059999465942383,19.065000534057617,19.030000686645508,19.049999237060547,69534
2026-08-28 09:59:00-04:00,19.06999969482422,19.108800888061523,19.059999465942383,19.065000534057617,120266
2026-08-28 10:00:00-04:00,19.08989906311035,19.1382999420166,19.030000686645508,19.059999465942383,123888
2026-08-28 10:01:00-04:00,18.975000381469727,19.08989906311035,18.969999313354492,19.079999923706055,229876
2026-08-28 10:02:00-04:00,19.0049991607666,19.014999389648438,18.969999313354492,18.979900360107422,105374
2026-08-28 10:03:00-04:00,18.96500015258789,19.018999099731445,18.959999084472656,19.01569938659668,118616
2026-08-28 10:04:00-04:00,18.959999084472656,18.975000381469727,18.940000534057617,18.961599349975586,180650
2026-08-28 10:05:00-04:00,18.924999237060547,18.969999313354492,18.91200065612793,18.96500015258789,124376
2026-08-28 10:06:00-04:00,18.834999084472656,18.93000030517578,18.799999237060547,18.920000076293945,389183
2026-08-28 10:07:00-04:00,18.860000610351562,18.885000228881836,18.829999923706055,18.83009910583496,190252
2026-08-28 10:08:00-04:00,18.899900436401367,18.899900436401367,18.850099563598633,18.859500885009766,83628
2026-08-28 10:09:00-04:00,18.88990020751953,18.93000030517578,18.885000228881836,18.899999618530273,127676
2026-08-28 10:10:00-04:00,18.84000015258789,18.895000457763672,18.84000015258789,18.885000228881836,168764
2026-08-28 10:11:00-04:00,18.825000762939453,18.864999771118164,18.799999237060547,18.844999313354492,130130
2026-08-28 10:12:00-04:00,18.795000076293945,18.82990074157715,18.790000915527344,18.81999969482422,176413
2026-08-28 10:13:00-04:00,18.7549991607666,18.79680061340332,18.709999084472656,18.79680061340332,367068
2026-08-28 10:14:00-04:00,18.75,18.770000457763672,18.729999542236328,18.75659942626953,174618
2026-08-28 10:15:00-04:00,18.80500030517578,18.82990074157715,18.75,18.7549991607666,226759
2026-08-28 10:16:00-04:00,18.83009910583496,18.83799934387207,18.774999618530273,18.809999465942383,158751
2026-08-28 10:17:00-04:00,18.860000610351562,18.8799991607666,18.81999969482422,18.834999084472656,160240
2026-08-28 10:18:00-04:00,18.895000457763672,18.90999984741211,18.860000610351562,18.8700008392334,100832
2026-08-28 10:19:00-04:00,18.905000686645508,18.920000076293945,18.889999389648438,18.895000457763672,105435
2026-08-28 10:20:00-04:00,18.870100021362305,18.899999618530273,18.854999542236328,18.899999618530273,236621
2026-08-28 10:21:00-04:00,18.899999618530273,18.91990089416504,18.87190055847168,18.87190055847168,104105
2026-08-28 10:22:00-04:00,18.895000457763672,18.909799575805664,18.8799991607666,18.905000686645508,64494
2026-08-28 10:23:00-04:00,18.852500915527344,18.90999984741211,18.850000381469727,18.892099380493164,114278
2026-08-28 10:24:00-04:00,18.79949951171875,18.854999542236328,18.78499984741211,18.850099563598633,195208
2026-08-28 10:25:00-04:00,18.811500549316406,18.834999084472656,18.795000076293945,18.795000076293945,128085
2026-08-28 10:26:00-04:00,18.790000915527344,18.809900283813477,18.75,18.799999237060547,108509
2026-08-28 10:27:00-04:00,18.7450008392334,18.80500030517578,18.729999542236328,18.795000076293945,184918
2026-08-28 10:28:00-04:00,18.7593994140625,18.78499984741211,18.739999771118164,18.75,84984
2026-08-28 10:29:00-04:00,18.768199920654297,18.770000457763672,18.740100860595703,18.757200241088867,70884
2026-08-28 10:30:00-04:00,18.735000610351562,18.770000457763672,18.719999313354492,18.764999389648438,142046
2026-08-28 10:31:00-04:00,18.735000610351562,18.7549991607666,18.719999313354492,18.735000610351562,103850
2026-08-28 10:32:00-04:00,18.764999389648438,18.796100616455078,18.735000610351562,18.739999771118164,94118
2026-08-28 10:33:00-04:00,18.769899368286133,18.77989959716797,18.7450008392334,18.768600463867188,71764
2026-08-28 10:34:00-04:00,18.78809928894043,18.78809928894043,18.7549991607666,18.768199920654297,94927
2026-08-28 10:35:00-04:00,18.770000457763672,18.795000076293945,18.760000228881836,18.784299850463867,90840
2026-08-28 10:36:00-04:00,18.795000076293945,18.79800033569336,18.764999389648438,18.770000457763672,82474
2026-08-28 10:37:00-04:00,18.81999969482422,18.829999923706055,18.781400680541992,18.795000076293945,80781
2026-08-28 10:38:00-04:00,18.819900512695312,18.84000015258789,18.809099197387695,18.819900512695312,90395
2026-08-28 10:39:00-04:00,18.816200256347656,18.829999923706055,18.799999237060547,18.819900512695312,169433
2026-08-28 10:40:00-04:00,18.827499389648438,18.829999923706055,18.80500030517578,18.819900512695312,55010
2026-08-28 10:41:00-04:00,18.795000076293945,18.825000762939453,18.78499984741211,18.82379913330078,125170
2026-08-28 10:42:00-04:00,18.735000610351562,18.79990005493164,18.729999542236328,18.79990005493164,183039
2026-08-28 10:43:00-04:00,18.71500015258789,18.747900009155273,18.709999084472656,18.731700897216797,184224
2026-08-28 10:44:00-04:00,18.713699340820312,18.7450008392334,18.710100173950195,18.71500015258789,99780
2026-08-28 10:45:00-04:00,18.7450008392334,18.760000228881836,18.690000534057617,18.709999084472656,398805
2026-08-28 10:46:00-04:00,18.7549991607666,18.759899139404297,18.725000381469727,18.739999771118164,86251
2026-08-28 10:47:00-04:00,18.7549991607666,18.77989959716797,18.739999771118164,18.75,91789
2026-08-28 10:48:00-04:00,18.774999618530273,18.780000686645508,18.75,18.75830078125,120157
2026-08-28 10:49:00-04:00,18.790000915527344,18.790000915527344,18.770000457763672,18.774999618530273,54659
2026-08-28 10:50:00-04:00,18.799999237060547,18.81999969482422,18.770000457763672,18.78499984741211,90927
2026-08-28 10:51:00-04:00,18.760000228881836,18.799999237060547,18.75,18.799999237060547,86795
2026-08-28 10:52:00-04:00,18.774999618530273,18.78619956970215,18.7549991607666,18.756399154663086,92937
2026-08-28 10:53:00-04:00,18.766399383544922,18.770000457763672,18.7549991607666,18.768600463867188,42883
2026-08-28 10:54:00-04:00,18.770000457763672,18.770000457763672,18.760000228881836,18.764999389648438,54598
2026-08-28 10:55:00-04:00,18.790000915527344,18.790000915527344,18.770000457763672,18.774999618530273,62168
2026-08-28 10:56:00-04:00,18.789899826049805,18.80500030517578,18.774999618530273,18.795000076293945,72860
2026-08-28 10:57:00-04:00,18.834999084472656,18.850000381469727,18.790000915527344,18.790000915527344,156540
2026-08-28 10:58:00-04:00,18.8700008392334,18.8700008392334,18.829999923706055,18.830299377441406,80092
2026-08-28 10:59:00-04:00,18.864999771118164,18.889999389648438,18.850000381469727,18.8799991607666,93141
2026-08-28 11:00:00-04:00,18.885000228881836,18.88990020751953,18.850000381469727,18.861099243164062,75239
2026-08-28 11:01:00-04:00,18.860000610351562,18.889999389648438,18.860000610351562,18.889999389648438,51866
2026-08-28 11:02:00-04:00,18.81800079345703,18.864999771118164,18.809999465942383,18.864999771118164,112740
2026-08-28 11:03:00-04:00,18.802400588989258,18.827999114990234,18.800100326538086,18.815000534057617,60090
2026-08-28 11:04:00-04:00,18.815000534057617,18.81999969482422,18.799999237060547,18.80500030517578,58697
2026-08-28 11:05:00-04:00,18.799999237060547,18.815000534057617,18.790000915527344,18.815000534057617,101005
2026-08-28 11:06:00-04:00,18.780000686645508,18.809999465942383,18.780000686645508,18.795000076293945,39384
2026-08-28 11:07:00-04:00,18.774999618530273,18.790000915527344,18.760000228881836,18.790000915527344,68512
2026-08-28 11:08:00-04:00,18.762399673461914,18.774999618530273,18.7549991607666,18.774999618530273,64596
2026-08-28 11:09:00-04:00,18.77869987487793,18.77989959716797,18.7549991607666,18.764999389648438,48410
2026-08-28 11:10:00-04:00,18.78499984741211,18.790000915527344,18.770000457763672,18.774999618530273,60851
2026-08-28 11:11:00-04:00,18.764999389648438,18.780000686645508,18.75,18.780000686645508,66431
2026-08-28 11:12:00-04:00,18.815000534057617,18.818300247192383,18.770000457763672,18.770000457763672,58666
2026-08-28 11:13:00-04:00,18.825000762939453,18.829999923706055,18.809999465942383,18.818700790405273,65453
2026-08-28 11:14:00-04:00,18.815000534057617,18.829999923706055,18.809999465942383,18.825000762939453,39683
2026-08-28 11:15:00-04:00,18.809999465942383,18.829999923706055,18.799999237060547,18.815000534057617,41580
2026-08-28 11:16:00-04:00,18.83799934387207,18.83989906311035,18.809999465942383,18.815000534057617,37596
2026-08-28 11:17:00-04:00,18.854999542236328,18.860000610351562,18.829999923706055,18.834999084472656,127784
2026-08-28 11:18:00-04:00,18.834999084472656,18.864999771118164,18.829999923706055,18.854999542236328,51346
2026-08-28 11:19:00-04:00,18.840099334716797,18.860000610351562,18.829999923706055,18.834999084472656,68230
2026-08-28 11:20:00-04:00,18.86009979248047,18.864999771118164,18.83099937438965,18.84000015258789,33418
2026-08-28 11:21:00-04:00,18.875,18.875,18.860000610351562,18.864999771118164,38802
2026-08-28 11:22:00-04:00,18.859699249267578,18.875,18.850000381469727,18.875,21656
2026-08-28 11:23:00-04:00,18.834999084472656,18.860000610351562,18.829999923706055,18.854999542236328,58863
2026-08-28 11:24:00-04:00,18.8700008392334,18.875,18.834999084472656,18.834999084472656,42187
2026-08-28 11:25:00-04:00,18.8799991607666,18.889999389648438,18.860000610351562,18.8700008392334,33021
2026-08-28 11:26:00-04:00,18.92770004272461,18.93000030517578,18.8799991607666,18.8799991607666,101811
2026-08-28 11:27:00-04:00,18.888900756835938,18.929899215698242,18.8799991607666,18.924999237060547,83989
2026-08-28 11:28:00-04:00,18.854999542236328,18.885000228881836,18.850000381469727,18.885000228881836,39639
2026-08-28 11:29:00-04:00,18.859899520874023,18.867300033569336,18.850000381469727,18.854999542236328,36656
2026-08-28 11:30:00-04:00,18.850000381469727,18.864999771118164,18.84000015258789,18.859899520874023,56156
2026-08-28 11:31:00-04:00,18.84000015258789,18.860000610351562,18.84000015258789,18.850000381469727,50470
2026-08-28 11:32:00-04:00,18.818899154663086,18.846200942993164,18.80500030517578,18.844999313354492,70661
2026-08-28 11:33:00-04:00,18.84670066833496,18.847700119018555,18.815000534057617,18.815000534057617,39197
2026-08-28 11:34:00-04:00,18.809999465942383,18.860000610351562,18.809999465942383,18.860000610351562,123651
2026-08-28 11:35:00-04:00,18.7947998046875,18.825000762939453,18.7947998046875,18.815000534057617,63575
2026-08-28 11:36:00-04:00,18.774999618530273,18.799999237060547,18.770000457763672,18.790000915527344,60184
2026-08-28 11:37:00-04:00,18.739999771118164,18.780000686645508,18.739999771118164,18.780000686645508,106608
2026-08-28 11:38:00-04:00,18.71500015258789,18.75,18.709999084472656,18.7450008392334,215784
2026-08-28 11:39:00-04:00,18.709999084472656,18.725000381469727,18.700000762939453,18.71500015258789,160408
2026-08-28 11:40:00-04:00,18.684999465942383,18.709999084472656,18.68000030517578,18.704999923706055,137184
2026-08-28 11:41:00-04:00,18.68120002746582,18.689899444580078,18.649999618530273,18.680099487304688,157102
2026-08-28 11:42:00-04:00,18.665000915527344,18.690000534057617,18.65999984741211,18.68000030517578,46269
2026-08-28 11:43:00-04:00,18.677900314331055,18.689800262451172,18.65999984741211,18.665000915527344,54312
2026-08-28 11:44:00-04:00,18.649999618530273,18.679899215698242,18.64109992980957,18.670000076293945,86256
2026-08-28 11:45:00-04:00,18.655000686645508,18.665000915527344,18.6200008392334,18.649999618530273,163986
2026-08-28 11:46:00-04:00,18.665000915527344,18.665000915527344,18.640100479125977,18.649999618530273,132735
2026-08-28 11:47:00-04:00,18.625,18.665000915527344,18.6200008392334,18.665000915527344,71614
2026-08-28 11:48:00-04:00,18.625,18.629899978637695,18.610000610351562,18.625,73533
2026-08-28 11:49:00-04:00,18.625,18.635000228881836,18.61009979248047,18.625,115876
2026-08-28 11:50:00-04:00,18.6200008392334,18.6299991607666,18.610000610351562,18.621000289916992,153873
2026-08-28 11:51:00-04:00,18.575000762939453,18.6299991607666,18.56999969482422,18.617700576782227,546067
2026-08-28 11:52:00-04:00,18.56999969482422,18.579999923706055,18.559999465942383,18.56999969482422,208064
2026-08-28 11:53:00-04:00,18.565000534057617,18.59000015258789,18.559999465942383,18.570999145507812,105187
2026-08-28 11:54:00-04:00,18.575000762939453,18.57990074157715,18.540000915527344,18.565000534057617,210641
2026-08-28 11:55:00-04:00,18.57040023803711,18.600000381469727,18.56999969482422,18.58989906311035,74938
2026-08-28 11:56:00-04:00,18.545000076293945,18.56999969482422,18.545000076293945,18.56999969482422,130867
2026-08-28 11:57:00-04:00,18.545000076293945,18.559999465942383,18.530000686645508,18.549999237060547,116191
2026-08-28 11:58:00-04:00,18.546199798583984,18.565000534057617,18.540000915527344,18.545000076293945,101249
2026-08-28 11:59:00-04:00,18.547700881958008,18.549999237060547,18.524999618530273,18.54010009765625,107642
2026-08-28 12:00:00-04:00,18.54990005493164,18.559900283813477,18.540000915527344,18.545000076293945,62394
2026-08-28 12:01:00-04:00,18.545000076293945,18.549999237060547,18.510000228881836,18.540000915527344,107042
2026-08-28 12:02:00-04:00,18.520099639892578,18.549999237060547,18.510900497436523,18.54010009765625,45266
2026-08-28 12:03:00-04:00,18.524999618530273,18.540000915527344,18.520000457763672,18.520000457763672,36006
2026-08-28 12:04:00-04:00,18.514999389648438,18.549999237060547,18.510000228881836,18.530000686645508,78911
2026-08-28 12:05:00-04:00,18.520000457763672,18.524999618530273,18.479999542236328,18.510000228881836,254942
2026-08-28 12:06:00-04:00,18.524999618530273,18.530000686645508,18.5,18.520000457763672,123284
2026-08-28 12:07:00-04:00,18.55500030517578,18.559999465942383,18.520700454711914,18.520700454711914,59310
2026-08-28 12:08:00-04:00,18.558500289916992,18.559999465942383,18.540000915527344,18.559999465942383,44539
2026-08-28 12:09:00-04:00,18.549999237060547,18.56999969482422,18.549999237060547,18.559999465942383,40154
2026-08-28 12:10:00-04:00,18.545000076293945,18.55500030517578,18.530099868774414,18.55500030517578,76640
2026-08-28 12:11:00-04:00,18.50659942626953,18.545000076293945,18.5049991607666,18.545000076293945,74803
2026-08-28 12:12:00-04:00,18.5049991607666,18.514999389648438,18.5,18.5049991607666,99085
2026-08-28 12:13:00-04:00,18.459999084472656,18.510000228881836,18.459999084472656,18.510000228881836,197924
2026-08-28 12:14:00-04:00,18.459999084472656,18.479900360107422,18.45009994506836,18.46500015258789,114837
2026-08-28 12:15:00-04:00,18.454999923706055,18.479999542236328,18.450000762939453,18.459999084472656,65235
2026-08-28 12:16:00-04:00,18.424999237060547,18.450000762939453,18.410999298095703,18.450000762939453,216323
2026-08-28 12:17:00-04:00,18.415000915527344,18.43000030517578,18.40999984741211,18.421100616455078,54811
2026-08-28 12:18:00-04:00,18.385000228881836,18.429899215698242,18.3799991607666,18.415000915527344,369884
2026-08-28 12:19:00-04:00,18.40999984741211,18.415000915527344,18.3799991607666,18.3799991607666,166903
2026-08-28 12:20:00-04:00,18.395000457763672,18.434999465942383,18.39349937438965,18.41010093688965,161934
2026-08-28 12:21:00-04:00,18.39889907836914,18.405000686645508,18.3799991607666,18.395000457763672,118277
2026-08-28 12:22:00-04:00,18.3799991607666,18.399900436401367,18.3799991607666,18.390100479125977,62576
2026-08-28 12:23:00-04:00,18.34480094909668,18.389999389648438,18.329999923706055,18.389999389648438,251793
2026-08-28 12:24:00-04:00,18.349899291992188,18.350000381469727,18.312999725341797,18.34000015258789,170579
2026-08-28 12:25:00-04:00,18.329999923706055,18.344999313354492,18.31999969482422,18.344999313354492,58550
2026-08-28 12:26:00-04:00,18.309999465942383,18.34000015258789,18.309999465942383,18.333999633789062,113916
2026-08-28 12:27:00-04:00,18.334999084472656,18.334999084472656,18.309999465942383,18.315000534057617,66827
2026-08-28 12:28:00-04:00,18.341699600219727,18.350000381469727,18.334999084472656,18.334999084472656,56788
2026-08-28 12:29:00-04:00,18.334999084472656,18.350000381469727,18.333200454711914,18.344999313354492,51250
2026-08-28 12:30:00-04:00,18.375,18.379899978637695,18.31999969482422,18.334999084472656,118680
2026-08-28 12:31:00-04:00,18.389799118041992,18.389999389648438,18.3700008392334,18.379100799560547,62576
2026-08-28 12:32:00-04:00,18.40999984741211,18.40999984741211,18.375,18.389999389648438,81085
2026-08-28 12:33:00-04:00,18.399999618530273,18.418899536132812,18.395000457763672,18.405000686645508,110430
2026-08-28 12:34:00-04:00,18.375,18.395000457763672,18.364999771118164,18.395000457763672,55024
2026-08-28 12:35:00-04:00,18.389799118041992,18.389999389648438,18.3700008392334,18.371999740600586,68962
2026-08-28 12:36:00-04:00,18.385000228881836,18.399999618530273,18.3799991607666,18.389999389648438,68161
2026-08-28 12:37:00-04:00,18.395000457763672,18.399499893188477,18.3700008392334,18.38010025024414,51733
2026-08-28 12:38:00-04:00,18.405000686645508,18.409900665283203,18.381399154663086,18.395000457763672,88879
2026-08-28 12:39:00-04:00,18.3799991607666,18.40999984741211,18.3700008392334,18.405000686645508,57977
2026-08-28 12:40:00-04:00,18.360000610351562,18.385000228881836,18.350000381469727,18.385000228881836,53433
2026-08-28 12:41:00-04:00,18.334999084472656,18.354999542236328,18.329999923706055,18.354999542236328,60164
2026-08-28 12:42:00-04:00,18.344999313354492,18.350000381469727,18.329999923706055,18.334999084472656,42491
2026-08-28 12:43:00-04:00,18.33989906311035,18.354999542236328,18.334999084472656,18.344999313354492,35855
2026-08-28 12:44:00-04:00,18.344999313354492,18.344999313354492,18.329999923706055,18.334999084472656,53491
2026-08-28 12:45:00-04:00,18.375,18.3799991607666,18.34000015258789,18.34000015258789,36862
2026-08-28 12:46:00-04:00,18.389999389648438,18.395000457763672,18.375,18.375,29427
2026-08-28 12:47:00-04:00,18.385000228881836,18.399999618530273,18.3700008392334,18.382099151611328,57649
2026-08-28 12:48:00-04:00,18.390100479125977,18.40999984741211,18.385000228881836,18.38759994506836,83421
2026-08-28 12:49:00-04:00,18.389999389648438,18.399900436401367,18.385000228881836,18.390100479125977,48589
2026-08-28 12:50:00-04:00,18.36359977722168,18.399999618530273,18.36009979248047,18.395000457763672,56351
2026-08-28 12:51:00-04:00,18.354999542236328,18.375,18.350000381469727,18.364599227905273,77349
2026-08-28 12:52:00-04:00,18.364999771118164,18.364999771118164,18.349000930786133,18.354999542236328,23277
2026-08-28 12:53:00-04:00,18.33989906311035,18.3700008392334,18.33989906311035,18.3700008392334,76392
2026-08-28 12:54:00-04:00,18.31999969482422,18.350000381469727,18.309999465942383,18.334999084472656,69479
2026-08-28 12:55:00-04:00,18.322599411010742,18.329999923706055,18.315000534057617,18.31999969482422,50393
2026-08-28 12:56:00-04:00,18.316699981689453,18.328699111938477,18.309999465942383,18.31999969482422,50440
2026-08-28 12:57:00-04:00,18.315000534057617,18.32990074157715,18.309999465942383,18.315000534057617,53079
2026-08-28 12:58:00-04:00,18.31909942626953,18.31999969482422,18.309999465942383,18.315000534057617,62067
2026-08-28 12:59:00-04:00,18.299999237060547,18.31999969482422,18.299999237060547,18.315000534057617,61975
2026-08-28 13:00:00-04:00,18.264999389648438,18.309999465942383,18.260000228881836,18.299999237060547,222969
2026-08-28 13:01:00-04:00,18.274999618530273,18.274999618530273,18.254100799560547,18.264999389648438,89336
2026-08-28 13:02:00-04:00,18.264999389648438,18.278600692749023,18.260000228881836,18.274999618530273,68368
2026-08-28 13:03:00-04:00,18.270000457763672,18.280000686645508,18.260000228881836,18.264999389648438,124549
2026-08-28 13:04:00-04:00,18.264999389648438,18.290000915527344,18.260099411010742,18.274999618530273,38052
2026-08-28 13:05:00-04:00,18.2549991607666,18.270000457763672,18.239999771118164,18.264999389648438,167067
2026-08-28 13:06:00-04:00,18.240100860595703,18.259899139404297,18.239999771118164,18.2549991607666,66506
2026-08-28 13:07:00-04:00,18.240100860595703,18.257699966430664,18.229999542236328,18.2450008392334,93831
2026-08-28 13:08:00-04:00,18.235000610351562,18.25,18.230100631713867,18.2450008392334,39197
2026-08-28 13:09:00-04:00,18.225000381469727,18.2549991607666,18.225000381469727,18.239999771118164,92149
2026-08-28 13:10:00-04:00,18.255599975585938,18.257699966430664,18.22369956970215,18.229999542236328,71018
2026-08-28 13:11:00-04:00,18.264999389648438,18.270000457763672,18.239999771118164,18.2549991607666,75700
2026-08-28 13:12:00-04:00,18.25,18.270000457763672,18.25,18.264999389648438,83085
2026-08-28 13:13:00-04:00,18.26059913635254,18.2677001953125,18.25029945373535,18.2549991607666,32989
2026-08-28 13:14:00-04:00,18.274999618530273,18.280000686645508,18.2549991607666,18.264999389648438,49363
2026-08-28 13:15:00-04:00,18.280000686645508,18.290000915527344,18.270000457763672,18.280000686645508,55145
2026-08-28 13:16:00-04:00,18.270000457763672,18.280000686645508,18.25,18.274999618530273,55129
2026-08-28 13:17:00-04:00,18.26799964904785,18.278099060058594,18.260000228881836,18.264999389648438,46407
2026-08-28 13:18:00-04:00,18.25629997253418,18.270000457763672,18.25,18.26110076904297,24712
2026-08-28 13:19:00-04:00,18.280000686645508,18.28499984741211,18.2549991607666,18.2549991607666,72040
2026-08-28 13:20:00-04:00,18.260099411010742,18.280000686645508,18.260000228881836,18.27899932861328,110557
2026-08-28 13:21:00-04:00,18.239999771118164,18.260000228881836,18.235000610351562,18.260000228881836,76039
2026-08-28 13:22:00-04:00,18.231300354003906,18.25,18.229999542236328,18.2450008392334,83491
2026-08-28 13:23:00-04:00,18.235000610351562,18.25,18.229999542236328,18.235000610351562,59491
2026-08-28 13:24:00-04:00,18.2450008392334,18.2450008392334,18.229999542236328,18.235000610351562,30830
2026-08-28 13:25:00-04:00,18.21500015258789,18.25,18.209999084472656,18.2450008392334,275652
2026-08-28 13:26:00-04:00,18.236299514770508,18.239900588989258,18.209999084472656,18.209999084472656,43373
2026-08-28 13:27:00-04:00,18.239999771118164,18.25,18.229999542236328,18.235000610351562,64457
2026-08-28 13:28:00-04:00,18.2549991607666,18.259899139404297,18.239999771118164,18.2450008392334,111379
2026-08-28 13:29:00-04:00,18.225000381469727,18.25,18.219999313354492,18.25,68295
2026-08-28 13:30:00-04:00,18.21500015258789,18.229999542236328,18.209999084472656,18.219999313354492,32088
2026-08-28 13:31:00-04:00,18.225000381469727,18.229999542236328,18.204999923706055,18.209999084472656,85469
2026-08-28 13:32:00-04:00,18.235000610351562,18.235000610351562,18.219999313354492,18.225000381469727,56529
2026-08-28 13:33:00-04:00,18.247299194335938,18.25,18.235000610351562,18.235000610351562,50526
2026-08-28 13:34:00-04:00,18.235000610351562,18.2450008392334,18.229999542236328,18.243499755859375,87144
2026-08-28 13:35:00-04:00,18.219999313354492,18.239999771118164,18.219999313354492,18.236600875854492,36858
2026-08-28 13:36:00-04:00,18.239999771118164,18.249900817871094,18.219999313354492,18.219999313354492,53834
2026-08-28 13:37:00-04:00,18.235000610351562,18.25,18.229999542236328,18.2450008392334,43824
2026-08-28 13:38:00-04:00,18.219999313354492,18.260000228881836,18.219999313354492,18.239999771118164,92609
2026-08-28 13:39:00-04:00,18.19499969482422,18.229999542236328,18.190000534057617,18.225000381469727,228601
2026-08-28 13:40:00-04:00,18.190099716186523,18.200000762939453,18.18000030517578,18.193700790405273,110417
2026-08-28 13:41:00-04:00,18.19499969482422,18.200000762939453,18.184999465942383,18.190000534057617,129733
2026-08-28 13:42:00-04:00,18.190000534057617,18.199899673461914,18.190000534057617,18.190000534057617,30382
2026-08-28 13:43:00-04:00,18.1830997467041,18.209999084472656,18.18000030517578,18.19499969482422,48386
2026-08-28 13:44:00-04:00,18.184999465942383,18.200000762939453,18.18000030517578,18.188100814819336,89623
2026-08-28 13:45:00-04:00,18.190000534057617,18.19499969482422,18.18000030517578,18.190000534057617,74497
2026-08-28 13:46:00-04:00,18.190000534057617,18.204999923706055,18.184999465942383,18.184999465942383,65642
2026-08-28 13:47:00-04:00,18.184999465942383,18.200000762939453,18.18000030517578,18.200000762939453,37568
2026-08-28 13:48:00-04:00,18.190000534057617,18.19499969482422,18.170000076293945,18.187999725341797,435745
2026-08-28 13:49:00-04:00,18.180200576782227,18.200000762939453,18.18000030517578,18.19499969482422,52726
2026-08-28 13:50:00-04:00,18.184999465942383,18.190000534057617,18.18000030517578,18.184999465942383,69946
2026-08-28 13:51:00-04:00,18.19499969482422,18.200000762939453,18.149999618530273,18.184999465942383,507642
2026-08-28 13:52:00-04:00,18.19499969482422,18.20989990234375,18.182300567626953,18.19179916381836,108472
2026-08-28 13:53:00-04:00,18.200000762939453,18.209999084472656,18.190000534057617,18.190000534057617,50203
2026-08-28 13:54:00-04:00,18.204999923706055,18.209999084472656,18.19499969482422,18.209999084472656,40512
2026-08-28 13:55:00-04:00,18.195999145507812,18.209999084472656,18.190000534057617,18.200700759887695,59199
2026-08-28 13:56:00-04:00,18.203699111938477,18.209999084472656,18.190000534057617,18.193500518798828,75234
2026-08-28 13:57:00-04:00,18.19499969482422,18.209999084472656,18.190000534057617,18.20050048828125,64027
2026-08-28 13:58:00-04:00,18.198699951171875,18.200000762939453,18.190000534057617,18.192800521850586,32510
2026-08-28 13:59:00-04:00,18.1875,18.200000762939453,18.18000030517578,18.19499969482422,39587
2026-08-28 14:00:00-04:00,18.184999465942383,18.190000534057617,18.174999237060547,18.187999725341797,52516
2026-08-28 14:01:00-04:00,18.18000030517578,18.190000534057617,18.17009925842285,18.184999465942383,59988
2026-08-28 14:02:00-04:00,18.174999237060547,18.18000030517578,18.170000076293945,18.174999237060547,60802
2026-08-28 14:03:00-04:00,18.174999237060547,18.18000030517578,18.170000076293945,18.170000076293945,50758
2026-08-28 14:04:00-04:00,18.174999237060547,18.18000030517578,18.170000076293945,18.174999237060547,20726
2026-08-28 14:05:00-04:00,18.155000686645508,18.17770004272461,18.149999618530273,18.170000076293945,432017
2026-08-28 14:06:00-04:00,18.145000457763672,18.15999984741211,18.139999389648438,18.15239906311035,0
2026-08-28 14:07:00-04:00,18.13050079345703,18.149999618530273,18.1299991607666,18.140499114990234,93665
2026-08-28 14:08:00-04:00,18.145000457763672,18.149900436401367,18.1200008392334,18.1299991607666,303210
2026-08-28 14:09:00-04:00,18.19499969482422,18.199899673461914,18.145000457763672,18.147499084472656,129931
2026-08-28 14:10:00-04:00,18.17449951171875,18.200000762939453,18.170000076293945,18.190099716186523,59220
2026-08-28 14:11:00-04:00,18.16990089416504,18.18000030517578,18.16160011291504,18.171899795532227,30996
2026-08-28 14:12:00-04:00,18.135000228881836,18.170000076293945,18.1299991607666,18.165000915527344,70387
2026-08-28 14:13:00-04:00,18.125,18.139999389648438,18.110000610351562,18.135000228881836,98337
2026-08-28 14:14:00-04:00,18.135000228881836,18.13990020751953,18.1200008392334,18.122100830078125,56242
2026-08-28 14:15:00-04:00,18.125,18.13990020751953,18.1200008392334,18.1299991607666,89015
2026-08-28 14:16:00-04:00,18.139999389648438,18.149999618530273,18.125,18.125,101235
2026-08-28 14:17:00-04:00,18.135000228881836,18.139999389648438,18.1299991607666,18.139999389648438,63782
2026-08-28 14:18:00-04:00,18.139999389648438,18.139999389648438,18.1299991607666,18.139799118041992,31262
2026-08-28 14:19:00-04:00,18.125,18.139999389648438,18.1200008392334,18.135000228881836,112655
2026-08-28 14:20:00-04:00,18.100000381469727,18.1299991607666,18.100000381469727,18.1299991607666,132453
2026-08-28 14:21:00-04:00,18.104999542236328,18.110000610351562,18.09000015258789,18.104999542236328,104361
2026-08-28 14:22:00-04:00,18.100000381469727,18.110000610351562,18.100000381469727,18.104999542236328,51227
2026-08-28 14:23:00-04:00,18.08799934387207,18.110000610351562,18.079999923706055,18.100000381469727,90147
2026-08-28 14:24:00-04:00,18.100000381469727,18.100000381469727,18.06999969482422,18.084999084472656,114304
2026-08-28 14:25:00-04:00,18.075000762939453,18.09000015258789,18.06999969482422,18.09000015258789,70639
2026-08-28 14:26:00-04:00,18.104999542236328,18.10689926147461,18.075000762939453,18.079999923706055,80449
2026-08-28 14:27:00-04:00,18.104999542236328,18.114999771118164,18.100000381469727,18.107200622558594,80563
2026-08-28 14:28:00-04:00,18.113000869750977,18.11870002746582,18.100000381469727,18.104999542236328,60683
2026-08-28 14:29:00-04:00,18.110000610351562,18.1200008392334,18.100000381469727,18.114999771118164,118422
2026-08-28 14:30:00-04:00,18.114999771118164,18.1299991607666,18.114999771118164,18.114999771118164,79699
2026-08-28 14:31:00-04:00,18.1299991607666,18.1299991607666,18.110000610351562,18.114999771118164,71299
2026-08-28 14:32:00-04:00,18.113100051879883,18.1299991607666,18.113100051879883,18.1200008392334,87784
2026-08-28 14:33:00-04:00,18.103599548339844,18.1200008392334,18.103599548339844,18.114999771118164,115109
2026-08-28 14:34:00-04:00,18.119699478149414,18.1200008392334,18.100000381469727,18.104999542236328,53793
2026-08-28 14:35:00-04:00,18.116199493408203,18.1200008392334,18.104999542236328,18.110000610351562,37231
2026-08-28 14:36:00-04:00,18.104999542236328,18.110000610351562,18.093900680541992,18.110000610351562,107740
2026-08-28 14:37:00-04:00,18.104999542236328,18.116199493408203,18.100000381469727,18.110000610351562,48209
2026-08-28 14:38:00-04:00,18.104999542236328,18.110000610351562,18.100000381469727,18.104999542236328,33722
2026-08-28 14:39:00-04:00,18.100000381469727,18.110000610351562,18.100000381469727,18.104999542236328,65221
2026-08-28 14:40:00-04:00,18.11989974975586,18.1200008392334,18.09000015258789,18.094999313354492,102688
2026-08-28 14:41:00-04:00,18.125,18.1299991607666,18.114999771118164,18.116100311279297,73621
2026-08-28 14:42:00-04:00,18.104999542236328,18.1200008392334,18.100000381469727,18.1200008392334,59538
2026-08-28 14:43:00-04:00,18.100000381469727,18.110000610351562,18.100000381469727,18.104999542236328,48683
2026-08-28 14:44:00-04:00,18.104999542236328,18.110000610351562,18.100000381469727,18.104999542236328,54487
2026-08-28 14:45:00-04:00,18.11009979248047,18.1200008392334,18.109500885009766,18.109500885009766,35298
2026-08-28 14:46:00-04:00,18.104999542236328,18.11989974975586,18.100000381469727,18.11009979248047,67810
2026-08-28 14:47:00-04:00,18.100000381469727,18.110000610351562,18.100000381469727,18.104999542236328,18433
2026-08-28 14:48:00-04:00,18.099899291992188,18.104999542236328,18.09000015258789,18.100000381469727,92346
2026-08-28 14:49:00-04:00,18.098600387573242,18.100000381469727,18.09000015258789,18.099899291992188,31894
2026-08-28 14:50:00-04:00,18.084999084472656,18.09000015258789,18.079999923706055,18.09000015258789,55214
2026-08-28 14:51:00-04:00,18.08139991760254,18.09000015258789,18.06999969482422,18.079999923706055,96763
2026-08-28 14:52:00-04:00,18.06999969482422,18.09000015258789,18.06999969482422,18.09000015258789,46861
2026-08-28 14:53:00-04:00,18.07990074157715,18.079999923706055,18.060100555419922,18.06999969482422,68739
2026-08-28 14:54:00-04:00,18.065000534057617,18.088699340820312,18.059999465942383,18.079999923706055,77032
2026-08-28 14:55:00-04:00,18.065000534057617,18.06999969482422,18.05500030517578,18.065000534057617,85041
2026-08-28 14:56:00-04:00,18.05500030517578,18.06999969482422,18.049999237060547,18.065000534057617,109644
2026-08-28 14:57:00-04:00,18.04990005493164,18.059999465942383,18.030000686645508,18.059900283813477,113190
2026-08-28 14:58:00-04:00,18.045000076293945,18.045000076293945,18.030000686645508,18.04010009765625,81524
2026-08-28 14:59:00-04:00,18.045000076293945,18.05500030517578,18.040000915527344,18.0408992767334,73736
2026-08-28 15:00:00-04:00,18.049999237060547,18.06999969482422,18.040000915527344,18.045000076293945,144169
2026-08-28 15:01:00-04:00,18.075000762939453,18.075000762939453,18.049999237060547,18.05419921875,104612
2026-08-28 15:02:00-04:00,18.084999084472656,18.09000015258789,18.075000762939453,18.075000762939453,55162
2026-08-28 15:03:00-04:00,18.079999923706055,18.100000381469727,18.06999969482422,18.084999084472656,75436
2026-08-28 15:04:00-04:00,18.091400146484375,18.100000381469727,18.081499099731445,18.081499099731445,90816
2026-08-28 15:05:00-04:00,18.094999313354492,18.100000381469727,18.09000015258789,18.09000015258789,36458
2026-08-28 15:06:00-04:00,18.11870002746582,18.1299991607666,18.09000015258789,18.097999572753906,116542
2026-08-28 15:07:00-04:00,18.125,18.1299991607666,18.100000381469727,18.110000610351562,136508
2026-08-28 15:08:00-04:00,18.145000457763672,18.15999984741211,18.125,18.125,301400
2026-08-28 15:09:00-04:00,18.15999984741211,18.170000076293945,18.139999389648438,18.140100479125977,82033
2026-08-28 15:10:00-04:00,18.165000915527344,18.184999465942383,18.15999984741211,18.170000076293945,227959
2026-08-28 15:11:00-04:00,18.152299880981445,18.170000076293945,18.139999389648438,18.165000915527344,150037
2026-08-28 15:12:00-04:00,18.155000686645508,18.15999984741211,18.149999618530273,18.155000686645508,52885
2026-08-28 15:13:00-04:00,18.145000457763672,18.15999984741211,18.139999389648438,18.15999984741211,127060
2026-08-28 15:14:00-04:00,18.131999969482422,18.139999389648438,18.1299991607666,18.139999389648438,43370
2026-08-28 15:15:00-04:00,18.100000381469727,18.135000228881836,18.100000381469727,18.135000228881836,92591
2026-08-28 15:16:00-04:00,18.084999084472656,18.110000610351562,18.08009910583496,18.100000381469727,164166
2026-08-28 15:17:00-04:00,18.109899520874023,18.109899520874023,18.079999923706055,18.084999084472656,1079277
2026-08-28 15:18:00-04:00,18.100000381469727,18.1200008392334,18.100000381469727,18.104999542236328,108325
2026-08-28 15:19:00-04:00,18.10219955444336,18.110000610351562,18.100000381469727,18.108600616455078,77387
2026-08-28 15:20:00-04:00,18.1299991607666,18.1299991607666,18.100000381469727,18.100000381469727,93541
2026-08-28 15:21:00-04:00,18.1200008392334,18.1299991607666,18.114999771118164,18.125,48599
2026-08-28 15:22:00-04:00,18.125,18.1299991607666,18.114999771118164,18.114999771118164,46102
2026-08-28 15:23:00-04:00,18.126800537109375,18.1299991607666,18.111299514770508,18.1200008392334,89333
2026-08-28 15:24:00-04:00,18.135000228881836,18.145000457763672,18.125,18.125,50537
2026-08-28 15:25:00-04:00,18.15999984741211,18.15999984741211,18.1299991607666,18.1299991607666,77825
2026-08-28 15:26:00-04:00,18.11989974975586,18.15999984741211,18.110000610351562,18.15679931640625,94587
2026-08-28 15:27:00-04:00,18.139999389648438,18.139999389648438,18.114999771118164,18.114999771118164,45889
2026-08-28 15:28:00-04:00,18.145000457763672,18.149999618530273,18.135000228881836,18.135000228881836,99842
2026-08-28 15:29:00-04:00,18.18000030517578,18.184999465942383,18.135000228881836,18.145000457763672,106531
2026-08-28 15:30:00-04:00,18.174999237060547,18.189699172973633,18.155000686645508,18.189699172973633,129082
2026-08-28 15:31:00-04:00,18.174999237060547,18.200000762939453,18.170000076293945,18.174999237060547,120178
2026-08-28 15:32:00-04:00,18.153799057006836,18.18000030517578,18.153799057006836,18.18000030517578,147556
2026-08-28 15:33:00-04:00,18.135000228881836,18.155000686645508,18.135000228881836,18.15019989013672,91373
2026-08-28 15:34:00-04:00,18.145000457763672,18.149900436401367,18.135000228881836,18.135000228881836,56354
2026-08-28 15:35:00-04:00,18.12579917907715,18.145000457763672,18.1200008392334,18.140100479125977,76751
2026-08-28 15:36:00-04:00,18.1299991607666,18.1299991607666,18.11009979248047,18.12380027770996,54053
2026-08-28 15:37:00-04:00,18.125999450683594,18.1299991607666,18.1200008392334,18.125,36381
2026-08-28 15:38:00-04:00,18.145000457763672,18.149999618530273,18.110000610351562,18.1200008392334,112694
2026-08-28 15:39:00-04:00,18.155000686645508,18.15999984741211,18.139999389648438,18.145000457763672,41792
2026-08-28 15:40:00-04:00,18.15999984741211,18.170000076293945,18.150100708007812,18.155000686645508,70786
2026-08-28 15:41:00-04:00,18.114999771118164,18.165000915527344,18.114999771118164,18.165000915527344,96375
2026-08-28 15:42:00-04:00,18.104999542236328,18.1200008392334,18.100000381469727,18.114999771118164,105327
2026-08-28 15:43:00-04:00,18.125,18.1299991607666,18.104999542236328,18.110000610351562,80998
2026-08-28 15:44:00-04:00,18.135000228881836,18.139999389648438,18.114999771118164,18.125,90238
2026-08-28 15:45:00-04:00,18.114999771118164,18.139999389648438,18.110000610351562,18.135000228881836,85164
2026-08-28 15:46:00-04:00,18.104999542236328,18.1200008392334,18.100000381469727,18.114999771118164,110809
2026-08-28 15:47:00-04:00,18.094999313354492,18.110000610351562,18.09000015258789,18.104999542236328,222649
2026-08-28 15:48:00-04:00,18.084999084472656,18.100000381469727,18.079999923706055,18.094999313354492,66253
2026-08-28 15:49:00-04:00,18.084999084472656,18.09000015258789,18.079999923706055,18.079999923706055,69687
2026-08-28 15:50:00-04:00,18.114999771118164,18.1200008392334,18.079999923706055,18.084999084472656,154209
2026-08-28 15:51:00-04:00,18.110000610351562,18.1200008392334,18.100000381469727,18.114999771118164,90681
2026-08-28 15:52:00-04:00,18.1200008392334,18.1200008392334,18.100000381469727,18.104999542236328,90351
2026-08-28 15:53:00-04:00,18.104999542236328,18.114999771118164,18.075000762939453,18.114999771118164,205085
2026-08-28 15:54:00-04:00,18.060100555419922,18.104999542236328,18.059999465942383,18.104999542236328,158710
2026-08-28 15:55:00-04:00,18.100000381469727,18.104999542236328,18.059999465942383,18.059999465942383,261147
2026-08-28 15:56:00-04:00,18.084999084472656,18.110000610351562,18.084999084472656,18.100000381469727,232969
2026-08-28 15:57:00-04:00,18.084999084472656,18.094999313354492,18.079999923706055,18.084999084472656,168228
2026-08-28 15:58:00-04:00,18.05500030517578,18.084999084472656,18.049999237060547,18.084999084472656,376744
2026-08-28 15:59:00-04:00,18.049999237060547,18.059900283813477,18.030000686645508,18.05500030517578,595802
2026-08-31 09:30:00-04:00,17.81999969482422,17.920000076293945,17.72100067138672,17.75,1608331
2026-08-31 09:31:00-04:00,17.885000228881836,17.90999984741211,17.790000915527344,17.81999969482422,250407
2026-08-31 09:32:00-04:00,17.815000534057617,17.92889976501465,17.799999237060547,17.889999389648438,344898
2026-08-31 09:33:00-04:00,17.80500030517578,17.84000015258789,17.790000915527344,17.81999969482422,174498
2026-08-31 09:34:00-04:00,17.797700881958008,17.809999465942383,17.770000457763672,17.80500030517578,177790
2026-08-31 09:35:00-04:00,17.829999923706055,17.829999923706055,17.739200592041016,17.79949951171875,226598
2026-08-31 09:36:00-04:00,17.815000534057617,17.850000381469727,17.799999237060547,17.81999969482422,171541
2026-08-31 09:37:00-04:00,17.78499984741211,17.834999084472656,17.770000457763672,17.809999465942383,158518
2026-08-31 09:38:00-04:00,17.774999618530273,17.815000534057617,17.7549991607666,17.78499984741211,159427
2026-08-31 09:39:00-04:00,17.78499984741211,17.81599998474121,17.760000228881836,17.770099639892578,114307
2026-08-31 09:40:00-04:00,17.764999389648438,17.844999313354492,17.7549991607666,17.78499984741211,182337
2026-08-31 09:41:00-04:00,17.690000534057617,17.771499633789062,17.670000076293945,17.764999389648438,437224
2026-08-31 09:42:00-04:00,17.68000030517578,17.7549991607666,17.68000030517578,17.688100814819336,382308
2026-08-31 09:43:00-04:00,17.655000686645508,17.690000534057617,17.645000457763672,17.68709945678711,298198
2026-08-31 09:44:00-04:00,17.655000686645508,17.665000915527344,17.625,17.65019989013672,230978
2026-08-31 09:45:00-04:00,17.614999771118164,17.68000030517578,17.614999771118164,17.655000686645508,266131
2026-08-31 09:46:00-04:00,17.655000686645508,17.65999984741211,17.600000381469727,17.614999771118164,293508
2026-08-31 09:47:00-04:00,17.71500015258789,17.719900131225586,17.655000686645508,17.655000686645508,244874
2026-08-31 09:48:00-04:00,17.665000915527344,17.719999313354492,17.655000686645508,17.71179962158203,145342
2026-08-31 09:49:00-04:00,17.645000457763672,17.690000534057617,17.6200008392334,17.665000915527344,209786
2026-08-31 09:50:00-04:00,17.620100021362305,17.66659927368164,17.600000381469727,17.639999389648438,209862
2026-08-31 09:51:00-04:00,17.638200759887695,17.639999389648438,17.610000610351562,17.625,100643
2026-08-31 09:52:00-04:00,17.56999969482422,17.639999389648438,17.549999237060547,17.6299991607666,361542
2026-08-31 09:53:00-04:00,17.56999969482422,17.59510040283203,17.549999237060547,17.575000762939453,235123
2026-08-31 09:54:00-04:00,17.594999313354492,17.604999542236328,17.56999969482422,17.575000762939453,129716
2026-08-31 09:55:00-04:00,17.604999542236328,17.6299991607666,17.593799591064453,17.599899291992188,98730
2026-08-31 09:56:00-04:00,17.649999618530273,17.65999984741211,17.604999542236328,17.610000610351562,142790
2026-08-31 09:57:00-04:00,17.639400482177734,17.65999984741211,17.6200008392334,17.649999618530273,106683
2026-08-31 09:58:00-04:00,17.6200008392334,17.639699935913086,17.600000381469727,17.63800048828125,184782
2026-08-31 09:59:00-04:00,17.594999313354492,17.610000610351562,17.579999923706055,17.604999542236328,139464
2026-08-31 10:00:00-04:00,17.590099334716797,17.615100860595703,17.59000015258789,17.599000930786133,106932
2026-08-31 10:01:00-04:00,17.604999542236328,17.609899520874023,17.579999923706055,17.59000015258789,96117
2026-08-31 10:02:00-04:00,17.665000915527344,17.670000076293945,17.604999542236328,17.609600067138672,133470
2026-08-31 10:03:00-04:00,17.665000915527344,17.690099716186523,17.649999618530273,17.662399291992188,311643
2026-08-31 10:04:00-04:00,17.659900665283203,17.674999237060547,17.649999618530273,17.669700622558594,104667
2026-08-31 10:05:00-04:00,17.660200119018555,17.68000030517578,17.639999389648438,17.654199600219727,91250
2026-08-31 10:06:00-04:00,17.655000686645508,17.670000076293945,17.649999618530273,17.665000915527344,54985
2026-08-31 10:07:00-04:00,17.674999237060547,17.68000030517578,17.645000457763672,17.649999618530273,158877
2026-08-31 10:08:00-04:00,17.739900588989258,17.739999771118164,17.670000076293945,17.674999237060547,239395
2026-08-31 10:09:00-04:00,17.70509910583496,17.739900588989258,17.684999465942383,17.735000610351562,140706
2026-08-31 10:10:00-04:00,17.725000381469727,17.735000610351562,17.700000762939453,17.709999084472656,120382
2026-08-31 10:11:00-04:00,17.725000381469727,17.729999542236328,17.700000762939453,17.72010040283203,105706
2026-08-31 10:12:00-04:00,17.719999313354492,17.729999542236328,17.700000762939453,17.725000381469727,94443
2026-08-31 10:13:00-04:00,17.7450008392334,17.75,17.725000381469727,17.725000381469727,102578
2026-08-31 10:14:00-04:00,17.684999465942383,17.75,17.680099487304688,17.7450008392334,227234
2026-08-31 10:15:00-04:00,17.69499969482422,17.700000762939453,17.670000076293945,17.680099487304688,114174
2026-08-31 10:16:00-04:00,17.704999923706055,17.704999923706055,17.68199920654297,17.69499969482422,59526
2026-08-31 10:17:00-04:00,17.705900192260742,17.719900131225586,17.690000534057617,17.704999923706055,50474
2026-08-31 10:18:00-04:00,17.7450008392334,17.75,17.704999923706055,17.704999923706055,47501
2026-08-31 10:19:00-04:00,17.7450008392334,17.75,17.72010040283203,17.7450008392334,37402
2026-08-31 10:20:00-04:00,17.7450008392334,17.760000228881836,17.739999771118164,17.739999771118164,111311
2026-08-31 10:21:00-04:00,17.780000686645508,17.780000686645508,17.740100860595703,17.75,108625
2026-08-31 10:22:00-04:00,17.79990005493164,17.799999237060547,17.770000457763672,17.77669906616211,133865
2026-08-31 10:23:00-04:00,17.764999389648438,17.79010009765625,17.75,17.790000915527344,117284
2026-08-31 10:24:00-04:00,17.737300872802734,17.780000686645508,17.737300872802734,17.768600463867188,69661
2026-08-31 10:25:00-04:00,17.76689910888672,17.77720069885254,17.739999771118164,17.739999771118164,68542
2026-08-31 10:26:00-04:00,17.764999389648438,17.780000686645508,17.760000228881836,17.764999389648438,44611
2026-08-31 10:27:00-04:00,17.778600692749023,17.780000686645508,17.75200080871582,17.760099411010742,57624
2026-08-31 10:28:00-04:00,17.774999618530273,17.799999237060547,17.770000457763672,17.774999618530273,64122
2026-08-31 10:29:00-04:00,17.764999389648438,17.779499053955078,17.761999130249023,17.774999618530273,43537
2026-08-31 10:30:00-04:00,17.78499984741211,17.790000915527344,17.75,17.764999389648438,164573
2026-08-31 10:31:00-04:00,17.78499984741211,17.799999237060547,17.780000686645508,17.790000915527344,79295
2026-08-31 10:32:00-04:00,17.78499984741211,17.799999237060547,17.780000686645508,17.790000915527344,74736
2026-08-31 10:33:00-04:00,17.795000076293945,17.799999237060547,17.780000686645508,17.78499984741211,58169
2026-08-31 10:34:00-04:00,17.764999389648438,17.80500030517578,17.764999389648438,17.79129981994629,99644
2026-08-31 10:35:00-04:00,17.80500030517578,17.809999465942383,17.764999389648438,17.764999389648438,67307
2026-08-31 10:36:00-04:00,17.795000076293945,17.828699111938477,17.78499984741211,17.809999465942383,126568
2026-08-31 10:37:00-04:00,17.809999465942383,17.81999969482422,17.799999237060547,17.799999237060547,63159
2026-08-31 10:38:00-04:00,17.80500030517578,17.81999969482422,17.799999237060547,17.80500030517578,91510
2026-08-31 10:39:00-04:00,17.80500030517578,17.81999969482422,17.799999237060547,17.80500030517578,79928
2026-08-31 10:40:00-04:00,17.795000076293945,17.809999465942383,17.790000915527344,17.80500030517578,54946
2026-08-31 10:41:00-04:00,17.834999084472656,17.84000015258789,17.795000076293945,17.799999237060547,89961
2026-08-31 10:42:00-04:00,17.825000762939453,17.84000015258789,17.809999465942383,17.834999084472656,81038
2026-08-31 10:43:00-04:00,17.84939956665039,17.860000610351562,17.825000762939453,17.825000762939453,75364
2026-08-31 10:44:00-04:00,17.834999084472656,17.850000381469727,17.81999969482422,17.850000381469727,66053
2026-08-31 10:45:00-04:00,17.810100555419922,17.834999084472656,17.810100555419922,17.834999084472656,48064
2026-08-31 10:46:00-04:00,17.8346004486084,17.834999084472656,17.820100784301758,17.825000762939453,30617
2026-08-31 10:47:00-04:00,17.854999542236328,17.854999542236328,17.83049964904785,17.834999084472656,52351
2026-08-31 10:48:00-04:00,17.80500030517578,17.859899520874023,17.790000915527344,17.854999542236328,212851
2026-08-31 10:49:00-04:00,17.79360008239746,17.809999465942383,17.790000915527344,17.809900283813477,59354
2026-08-31 10:50:00-04:00,17.815000534057617,17.81879997253418,17.790000915527344,17.795000076293945,80560
2026-08-31 10:51:00-04:00,17.795000076293945,17.81999969482422,17.795000076293945,17.815000534057617,44242
2026-08-31 10:52:00-04:00,17.82229995727539,17.825000762939453,17.795000076293945,17.79990005493164,66257
2026-08-31 10:53:00-04:00,17.829999923706055,17.84000015258789,17.825000762939453,17.82509994506836,34508
2026-08-31 10:54:00-04:00,17.83799934387207,17.84000015258789,17.825000762939453,17.825000762939453,25359
2026-08-31 10:55:00-04:00,17.834999084472656,17.849899291992188,17.829999923706055,17.834999084472656,42547
2026-08-31 10:56:00-04:00,17.864999771118164,17.8700008392334,17.834999084472656,17.834999084472656,56468
2026-08-31 10:57:00-04:00,17.864999771118164,17.8700008392334,17.84000015258789,17.860000610351562,52880
2026-08-31 10:58:00-04:00,17.875,17.8799991607666,17.860000610351562,17.864999771118164,86301
2026-08-31 10:59:00-04:00,17.864999771118164,17.879899978637695,17.860000610351562,17.875,40465
2026-08-31 11:00:00-04:00,17.905000686645508,17.920000076293945,17.8700008392334,17.8700008392334,128313
2026-08-31 11:01:00-04:00,17.899999618530273,17.93000030517578,17.895000457763672,17.905000686645508,87742
2026-08-31 11:02:00-04:00,17.8799991607666,17.899999618530273,17.8799991607666,17.889999389648438,36832
2026-08-31 11:03:00-04:00,17.888099670410156,17.889999389648438,17.8700008392334,17.885000228881836,55290
2026-08-31 11:04:00-04:00,17.864999771118164,17.899999618530273,17.864999771118164,17.889999389648438,57804
2026-08-31 11:05:00-04:00,17.864999771118164,17.8799991607666,17.860000610351562,17.864999771118164,62665
2026-08-31 11:06:00-04:00,17.885000228881836,17.899999618530273,17.86989974975586,17.86989974975586,44718
2026-08-31 11:07:00-04:00,17.864999771118164,17.889999389648438,17.860000610351562,17.885000228881836,119619
2026-08-31 11:08:00-04:00,17.889999389648438,17.895000457763672,17.860000610351562,17.864999771118164,242042
2026-08-31 11:09:00-04:00,17.905000686645508,17.90999984741211,17.885000228881836,17.885000228881836,213969
2026-08-31 11:10:00-04:00,17.93000030517578,17.940000534057617,17.893800735473633,17.893800735473633,274533
2026-08-31 11:11:00-04:00,17.948200225830078,17.954999923706055,17.924999237060547,17.934999465942383,282986
2026-08-31 11:12:00-04:00,17.91990089416504,17.950000762939453,17.905000686645508,17.94499969482422,343913
2026-08-31 11:13:00-04:00,17.885000228881836,17.91990089416504,17.8799991607666,17.915000915527344,173390
2026-08-31 11:14:00-04:00,17.88010025024414,17.895000457763672,17.8799991607666,17.8799991607666,45779
2026-08-31 11:15:00-04:00,17.895000457763672,17.920000076293945,17.8799991607666,17.8799991607666,120762
2026-08-31 11:16:00-04:00,17.87540054321289,17.899999618530273,17.875,17.895000457763672,43654
2026-08-31 11:17:00-04:00,17.875,17.879499435424805,17.860000610351562,17.875,38936
2026-08-31 11:18:00-04:00,17.889999389648438,17.91819953918457,17.875,17.875,71456
2026-08-31 11:19:00-04:00,17.875,17.898799896240234,17.875,17.890199661254883,34439
2026-08-31 11:20:00-04:00,17.889999389648438,17.889999389648438,17.875,17.875,14609
2026-08-31 11:21:00-04:00,17.905000686645508,17.90999984741211,17.885000228881836,17.895000457763672,59268
2026-08-31 11:22:00-04:00,17.895000457763672,17.920000076293945,17.889999389648438,17.905000686645508,60684
2026-08-31 11:23:00-04:00,17.882699966430664,17.896799087524414,17.882699966430664,17.895000457763672,26311
2026-08-31 11:24:00-04:00,17.900100708007812,17.90999984741211,17.8799991607666,17.885000228881836,69299
2026-08-31 11:25:00-04:00,17.899999618530273,17.90999984741211,17.899999618530273,17.90999984741211,23445
2026-08-31 11:26:00-04:00,17.905000686645508,17.90999984741211,17.899999618530273,17.905000686645508,37982
2026-08-31 11:27:00-04:00,17.915000915527344,17.920000076293945,17.899999618530273,17.9060001373291,43328
2026-08-31 11:28:00-04:00,17.915000915527344,17.93000030517578,17.899999618530273,17.920000076293945,69667
2026-08-31 11:29:00-04:00,17.915000915527344,17.920000076293945,17.905000686645508,17.915000915527344,32418
2026-08-31 11:30:00-04:00,17.905000686645508,17.920000076293945,17.889999389648438,17.90999984741211,61584
2026-08-31 11:31:00-04:00,17.8799991607666,17.905000686645508,17.875,17.905000686645508,63934
2026-08-31 11:32:00-04:00,17.885000228881836,17.899900436401367,17.8799991607666,17.889999389648438,34141
2026-08-31 11:33:00-04:00,17.885000228881836,17.889999389648438,17.8799991607666,17.885000228881836,17940
2026-08-31 11:34:00-04:00,17.8799991607666,17.885000228881836,17.87339973449707,17.885000228881836,30848
2026-08-31 11:35:00-04:00,17.889999389648438,17.889999389648438,17.8700008392334,17.8700008392334,31458
2026-08-31 11:36:00-04:00,17.9064998626709,17.9064998626709,17.885000228881836,17.889999389648438,34792
2026-08-31 11:37:00-04:00,17.920000076293945,17.920000076293945,17.899999618530273,17.899999618530273,43703
2026-08-31 11:38:00-04:00,17.905000686645508,17.920000076293945,17.889999389648438,17.915000915527344,24573
2026-08-31 11:39:00-04:00,17.895000457763672,17.90999984741211,17.889999389648438,17.905000686645508,18102
2026-08-31 11:40:00-04:00,17.889999389648438,17.899999618530273,17.889999389648438,17.895000457763672,22714
2026-08-31 11:41:00-04:00,17.909900665283203,17.90999984741211,17.8799991607666,17.895000457763672,92618
2026-08-31 11:42:00-04:00,17.915000915527344,17.920000076293945,17.90130043029785,17.90130043029785,40242
2026-08-31 11:43:00-04:00,17.895000457763672,17.91990089416504,17.895000457763672,17.915000915527344,46635
2026-08-31 11:44:00-04:00,17.905000686645508,17.909900665283203,17.889999389648438,17.899999618530273,39144
2026-08-31 11:45:00-04:00,17.90999984741211,17.920000076293945,17.905000686645508,17.90999984741211,57189
2026-08-31 11:46:00-04:00,17.91230010986328,17.920000076293945,17.90999984741211,17.91990089416504,35812
2026-08-31 11:47:00-04:00,17.915000915527344,17.920000076293945,17.90999984741211,17.910999298095703,29982
2026-08-31 11:48:00-04:00,17.899999618530273,17.924999237060547,17.889999389648438,17.920000076293945,107831
2026-08-31 11:49:00-04:00,17.895000457763672,17.916200637817383,17.895000457763672,17.90999984741211,43559
2026-08-31 11:50:00-04:00,17.91010093688965,17.920000076293945,17.899999618530273,17.899999618530273,41534
2026-08-31 11:51:00-04:00,17.920000076293945,17.920000076293945,17.905000686645508,17.915000915527344,19795
2026-08-31 11:52:00-04:00,17.895000457763672,17.920000076293945,17.895000457763672,17.913000106811523,33912
2026-08-31 11:53:00-04:00,17.90999984741211,17.915000915527344,17.895000457763672,17.895000457763672,31430
2026-08-31 11:54:00-04:00,17.870100021362305,17.899999618530273,17.870100021362305,17.899999618530273,57323
2026-08-31 11:55:00-04:00,17.875,17.889999389648438,17.864999771118164,17.875,67265
2026-08-31 11:56:00-04:00,17.875,17.878599166870117,17.8700008392334,17.875,13937
2026-08-31 11:57:00-04:00,17.87619972229004,17.879899978637695,17.864999771118164,17.87019920349121,67449
2026-08-31 11:58:00-04:00,17.885000228881836,17.895000457763672,17.8799991607666,17.8799991607666,24962
2026-08-31 11:59:00-04:00,17.885000228881836,17.889999389648438,17.8799991607666,17.889999389648438,33499
2026-08-31 12:00:00-04:00,17.899999618530273,17.90999984741211,17.8700008392334,17.88990020751953,88373
2026-08-31 12:01:00-04:00,17.905000686645508,17.905000686645508,17.889999389648438,17.890100479125977,28964
2026-08-31 12:02:00-04:00,17.924999237060547,17.93000030517578,17.899999618530273,17.90999984741211,108186
2026-08-31 12:03:00-04:00,17.930099487304688,17.940000534057617,17.920000076293945,17.929899215698242,34475
2026-08-31 12:04:00-04:00,17.920000076293945,17.934999465942383,17.915000915527344,17.934999465942383,25128
2026-08-31 12:05:00-04:00,17.90999984741211,17.93000030517578,17.90999984741211,17.915000915527344,33220
2026-08-31 12:06:00-04:00,17.920000076293945,17.920000076293945,17.90999984741211,17.915000915527344,31061
2026-08-31 12:07:00-04:00,17.915000915527344,17.920000076293945,17.90999984741211,17.920000076293945,36066
2026-08-31 12:08:00-04:00,17.91029930114746,17.920000076293945,17.90999984741211,17.915000915527344,38445
2026-08-31 12:09:00-04:00,17.91819953918457,17.920000076293945,17.905000686645508,17.91550064086914,45130
2026-08-31 12:10:00-04:00,17.905000686645508,17.920000076293945,17.899999618530273,17.920000076293945,50302
2026-08-31 12:11:00-04:00,17.905000686645508,17.90999984741211,17.899999618530273,17.905000686645508,30678
2026-08-31 12:12:00-04:00,17.899999618530273,17.90999984741211,17.899999618530273,17.905000686645508,9255
2026-08-31 12:13:00-04:00,17.90999984741211,17.90999984741211,17.889999389648438,17.899999618530273,44341
2026-08-31 12:14:00-04:00,17.8799991607666,17.90999984741211,17.8799991607666,17.905000686645508,50863
2026-08-31 12:15:00-04:00,17.854999542236328,17.889999389648438,17.850000381469727,17.885000228881836,111846
2026-08-31 12:16:00-04:00,17.834999084472656,17.860000610351562,17.825000762939453,17.85140037536621,116338
2026-08-31 12:17:00-04:00,17.83099937438965,17.84000015258789,17.829999923706055,17.84000015258789,23204
2026-08-31 12:18:00-04:00,17.839500427246094,17.84000015258789,17.820100784301758,17.84000015258789,74244
2026-08-31 12:19:00-04:00,17.850000381469727,17.860000610351562,17.834999084472656,17.834999084472656,125986
2026-08-31 12:20:00-04:00,17.854999542236328,17.860000610351562,17.850000381469727,17.8518009185791,33244
2026-08-31 12:21:00-04:00,17.844999313354492,17.860000610351562,17.84000015258789,17.850000381469727,31777
2026-08-31 12:22:00-04:00,17.84950065612793,17.860000610351562,17.84000015258789,17.844999313354492,73920
2026-08-31 12:23:00-04:00,17.84000015258789,17.850000381469727,17.84000015258789,17.850000381469727,21605
2026-08-31 12:24:00-04:00,17.81999969482422,17.850000381469727,17.81999969482422,17.84000015258789,61270
2026-08-31 12:25:00-04:00,17.844999313354492,17.850000381469727,17.81999969482422,17.825000762939453,53773
2026-08-31 12:26:00-04:00,17.825000762939453,17.850000381469727,17.81999969482422,17.84000015258789,35567
2026-08-31 12:27:00-04:00,17.81999969482422,17.81999969482422,17.809999465942383,17.81999969482422,31756
2026-08-31 12:28:00-04:00,17.80500030517578,17.81999969482422,17.799999237060547,17.815000534057617,40806
2026-08-31 12:29:00-04:00,17.815000534057617,17.829999923706055,17.799999237060547,17.809999465942383,57277
2026-08-31 12:30:00-04:00,17.825000762939453,17.84000015258789,17.809999465942383,17.815000534057617,53546
2026-08-31 12:31:00-04:00,17.829999923706055,17.84000015258789,17.825000762939453,17.829999923706055,25301
2026-08-31 12:32:00-04:00,17.834999084472656,17.84000015258789,17.81999969482422,17.834999084472656,37183
2026-08-31 12:33:00-04:00,17.839500427246094,17.84000015258789,17.829999923706055,17.829999923706055,24772
2026-08-31 12:34:00-04:00,17.841100692749023,17.850000381469727,17.829999923706055,17.829999923706055,27789
2026-08-31 12:35:00-04:00,17.84000015258789,17.850000381469727,17.834999084472656,17.84000015258789,52552
2026-08-31 12:36:00-04:00,17.81999969482422,17.850000381469727,17.81999969482422,17.841999053955078,53525
2026-08-31 12:37:00-04:00,17.81130027770996,17.829999923706055,17.809999465942383,17.825000762939453,54072
2026-08-31 12:38:00-04:00,17.81999969482422,17.829999923706055,17.809999465942383,17.809999465942383,44901
2026-08-31 12:39:00-04:00,17.81999969482422,17.829999923706055,17.81999969482422,17.820499420166016,31216
2026-08-31 12:40:00-04:00,17.820100784301758,17.829999923706055,17.81999969482422,17.82990074157715,11371
2026-08-31 12:41:00-04:00,17.844999313354492,17.844999313354492,17.81999969482422,17.825000762939453,82643
2026-08-31 12:42:00-04:00,17.844999313354492,17.854999542236328,17.84000015258789,17.844999313354492,99346
2026-08-31 12:43:00-04:00,17.85770034790039,17.860000610351562,17.84000015258789,17.844999313354492,63328
2026-08-31 12:44:00-04:00,17.840099334716797,17.860000610351562,17.840099334716797,17.860000610351562,49673
2026-08-31 12:45:00-04:00,17.859899520874023,17.865100860595703,17.844999313354492,17.844999313354492,89751
2026-08-31 12:46:00-04:00,17.844999313354492,17.860000610351562,17.84000015258789,17.85379981994629,23456
2026-08-31 12:47:00-04:00,17.84000015258789,17.850000381469727,17.84000015258789,17.845199584960938,24602
2026-08-31 12:48:00-04:00,17.84000015258789,17.850000381469727,17.84000015258789,17.844999313354492,20212
2026-08-31 12:49:00-04:00,17.844999313354492,17.850000381469727,17.84000015258789,17.844999313354492,27879
2026-08-31 12:50:00-04:00,17.844999313354492,17.850000381469727,17.829999923706055,17.844999313354492,79863
2026-08-31 12:51:00-04:00,17.834999084472656,17.84869956970215,17.829999923706055,17.840099334716797,57050
2026-08-31 12:52:00-04:00,17.850000381469727,17.860000610351562,17.829999923706055,17.834999084472656,142531
2026-08-31 12:53:00-04:00,17.864999771118164,17.8700008392334,17.850000381469727,17.860000610351562,48092
2026-08-31 12:54:00-04:00,17.860000610351562,17.8700008392334,17.860000610351562,17.8700008392334,20411
2026-08-31 12:55:00-04:00,17.8700008392334,17.8700008392334,17.860000610351562,17.864999771118164,16240
2026-08-31 12:56:00-04:00,17.875,17.8799991607666,17.860000610351562,17.8700008392334,74578
2026-08-31 12:57:00-04:00,17.885000228881836,17.889999389648438,17.8700008392334,17.875,73412
2026-08-31 12:58:00-04:00,17.885000228881836,17.889999389648438,17.8799991607666,17.885000228881836,20551
2026-08-31 12:59:00-04:00,17.875,17.889999389648438,17.8700008392334,17.8799991607666,126789
2026-08-31 13:00:00-04:00,17.885000228881836,17.889999389648438,17.8700008392334,17.875,88548
2026-08-31 13:01:00-04:00,17.860000610351562,17.889999389648438,17.860000610351562,17.889999389648438,20586
2026-08-31 13:02:00-04:00,17.897899627685547,17.899999618530273,17.8700008392334,17.8700008392334,61087
2026-08-31 13:03:00-04:00,17.885000228881836,17.895000457763672,17.8799991607666,17.895000457763672,46372
2026-08-31 13:04:00-04:00,17.8799991607666,17.889999389648438,17.8799991607666,17.885000228881836,35165
2026-08-31 13:05:00-04:00,17.875,17.895000457763672,17.8700008392334,17.885000228881836,50905
2026-08-31 13:06:00-04:00,17.860000610351562,17.8799991607666,17.850000381469727,17.8799991607666,39242
2026-08-31 13:07:00-04:00,17.840099334716797,17.860000610351562,17.84000015258789,17.850000381469727,39166
2026-08-31 13:08:00-04:00,17.834999084472656,17.844999313354492,17.829999923706055,17.844999313354492,48117
2026-08-31 13:09:00-04:00,17.825000762939453,17.844999313354492,17.825000762939453,17.834999084472656,80798
2026-08-31 13:10:00-04:00,17.83009910583496,17.84000015258789,17.81999969482422,17.825000762939453,72491
2026-08-31 13:11:00-04:00,17.846200942993164,17.850000381469727,17.829999923706055,17.84000015258789,24430
2026-08-31 13:12:00-04:00,17.8700008392334,17.8700008392334,17.84000015258789,17.84269905090332,69992
2026-08-31 13:13:00-04:00,17.8700008392334,17.8700008392334,17.860000610351562,17.860000610351562,15652
2026-08-31 13:14:00-04:00,17.864999771118164,17.8700008392334,17.850000381469727,17.8700008392334,44591
2026-08-31 13:15:00-04:00,17.860000610351562,17.8700008392334,17.850000381469727,17.864999771118164,56324
2026-08-31 13:16:00-04:00,17.8700008392334,17.8700008392334,17.854999542236328,17.860000610351562,40909
2026-08-31 13:17:00-04:00,17.860000610351562,17.8700008392334,17.850000381469727,17.864999771118164,42021
2026-08-31 13:18:00-04:00,17.844999313354492,17.860000610351562,17.84000015258789,17.85770034790039,27660
2026-08-31 13:19:00-04:00,17.844999313354492,17.850000381469727,17.84000015258789,17.844999313354492,12183
2026-08-31 13:20:00-04:00,17.84000015258789,17.850000381469727,17.84000015258789,17.844999313354492,28361
2026-08-31 13:21:00-04:00,17.841999053955078,17.850000381469727,17.84000015258789,17.850000381469727,18772
2026-08-31 13:22:00-04:00,17.850000381469727,17.850000381469727,17.84000015258789,17.850000381469727,28756
2026-08-31 13:23:00-04:00,17.844999313354492,17.850000381469727,17.84000015258789,17.84000015258789,12354
2026-08-31 13:24:00-04:00,17.84000015258789,17.850000381469727,17.834999084472656,17.850000381469727,49925
2026-08-31 13:25:00-04:00,17.84869956970215,17.860000610351562,17.834999084472656,17.834999084472656,79184
2026-08-31 13:26:00-04:00,17.829999923706055,17.850000381469727,17.829999923706055,17.850000381469727,29190
2026-08-31 13:27:00-04:00,17.834999084472656,17.84000015258789,17.829999923706055,17.834999084472656,25462
2026-08-31 13:28:00-04:00,17.844999313354492,17.850000381469727,17.829999923706055,17.84000015258789,36178
2026-08-31 13:29:00-04:00,17.829999923706055,17.844999313354492,17.825000762939453,17.84000015258789,71868
2026-08-31 13:30:00-04:00,17.850099563598633,17.851900100708008,17.829999923706055,17.84000015258789,56240
2026-08-31 13:31:00-04:00,17.860000610351562,17.860000610351562,17.844999313354492,17.860000610351562,89426
2026-08-31 13:32:00-04:00,17.86709976196289,17.875,17.860000610351562,17.860000610351562,102287
2026-08-31 13:33:00-04:00,17.8700008392334,17.8799991607666,17.8700008392334,17.8700008392334,39992
2026-08-31 13:34:00-04:00,17.864999771118164,17.8799991607666,17.860000610351562,17.875,31181
2026-08-31 13:35:00-04:00,17.860000610351562,17.8700008392334,17.860000610351562,17.864999771118164,18941
2026-08-31 13:36:00-04:00,17.850000381469727,17.860000610351562,17.84000015258789,17.860000610351562,75594
2026-08-31 13:37:00-04:00,17.85650062561035,17.860000610351562,17.850000381469727,17.850000381469727,33178
2026-08-31 13:38:00-04:00,17.850000381469727,17.860000610351562,17.850000381469727,17.854999542236328,8034
2026-08-31 13:39:00-04:00,17.850000381469727,17.860000610351562,17.81999969482422,17.860000610351562,179859
2026-08-31 13:40:00-04:00,17.829999923706055,17.860000610351562,17.829999923706055,17.844999313354492,80370
2026-08-31 13:41:00-04:00,17.84000015258789,17.850000381469727,17.829999923706055,17.834999084472656,47344
2026-08-31 13:42:00-04:00,17.860000610351562,17.860000610351562,17.84000015258789,17.84510040283203,31038
2026-08-31 13:43:00-04:00,17.844999313354492,17.860000610351562,17.84000015258789,17.850000381469727,29904
2026-08-31 13:44:00-04:00,17.84000015258789,17.850000381469727,17.84000015258789,17.850000381469727,11574
2026-08-31 13:45:00-04:00,17.834999084472656,17.850000381469727,17.829999923706055,17.84000015258789,60042
2026-08-31 13:46:00-04:00,17.84000015258789,17.854999542236328,17.829999923706055,17.834999084472656,81005
2026-08-31 13:47:00-04:00,17.844999313354492,17.850000381469727,17.84000015258789,17.842500686645508,18844
2026-08-31 13:48:00-04:00,17.850000381469727,17.850000381469727,17.84000015258789,17.84000015258789,18042
2026-08-31 13:49:00-04:00,17.84000015258789,17.850000381469727,17.84000015258789,17.84309959411621,10899
2026-08-31 13:50:00-04:00,17.854999542236328,17.860000610351562,17.84000015258789,17.850000381469727,40608
2026-08-31 13:51:00-04:00,17.856199264526367,17.860000610351562,17.850000381469727,17.850000381469727,29442
2026-08-31 13:52:00-04:00,17.844999313354492,17.860000610351562,17.844999313354492,17.860000610351562,59619
2026-08-31 13:53:00-04:00,17.834999084472656,17.850000381469727,17.829999923706055,17.850000381469727,41547
2026-08-31 13:54:00-04:00,17.850000381469727,17.850000381469727,17.834999084472656,17.834999084472656,41593
2026-08-31 13:55:00-04:00,17.829999923706055,17.850000381469727,17.81999969482422,17.84000015258789,69504
2026-08-31 13:56:00-04:00,17.844999313354492,17.844999313354492,17.81999969482422,17.825000762939453,122363
2026-08-31 13:57:00-04:00,17.834999084472656,17.850000381469727,17.829999923706055,17.84000015258789,42986
2026-08-31 13:58:00-04:00,17.844999313354492,17.850000381469727,17.829999923706055,17.834999084472656,28730
2026-08-31 13:59:00-04:00,17.825000762939453,17.84000015258789,17.825000762939453,17.84000015258789,43478
2026-08-31 14:00:00-04:00,17.829999923706055,17.829999923706055,17.799999237060547,17.825000762939453,133276
2026-08-31 14:01:00-04:00,17.850000381469727,17.850000381469727,17.81999969482422,17.81999969482422,60396
2026-08-31 14:02:00-04:00,17.869600296020508,17.8700008392334,17.850000381469727,17.850000381469727,81725
2026-08-31 14:03:00-04:00,17.885000228881836,17.889999389648438,17.860000610351562,17.860000610351562,75656
2026-08-31 14:04:00-04:00,17.8700008392334,17.889999389648438,17.860000610351562,17.889999389648438,47543
2026-08-31 14:05:00-04:00,17.844999313354492,17.8700008392334,17.844999313354492,17.8700008392334,29191
2026-08-31 14:06:00-04:00,17.854999542236328,17.860000610351562,17.84000015258789,17.850000381469727,49018
2026-08-31 14:07:00-04:00,17.860000610351562,17.860000610351562,17.850000381469727,17.850000381469727,27718
2026-08-31 14:08:00-04:00,17.854999542236328,17.860000610351562,17.850000381469727,17.860000610351562,20886
2026-08-31 14:09:00-04:00,17.850000381469727,17.860000610351562,17.850000381469727,17.860000610351562,32387
2026-08-31 14:10:00-04:00,17.860300064086914,17.8700008392334,17.860000610351562,17.860000610351562,47777
2026-08-31 14:11:00-04:00,17.8700008392334,17.8799991607666,17.860000610351562,17.8700008392334,52107
2026-08-31 14:12:00-04:00,17.87700080871582,17.8799991607666,17.860000610351562,17.8700008392334,16806
2026-08-31 14:13:00-04:00,17.875,17.8799991607666,17.8700008392334,17.8700008392334,14730
2026-08-31 14:14:00-04:00,17.8700008392334,17.88909912109375,17.8700008392334,17.8799991607666,100544
2026-08-31 14:15:00-04:00,17.875,17.8799991607666,17.8700008392334,17.8799991607666,29882
2026-08-31 14:16:00-04:00,17.8700008392334,17.8799991607666,17.860000610351562,17.8799991607666,54391
2026-08-31 14:17:00-04:00,17.8799991607666,17.88990020751953,17.8700008392334,17.8799991607666,58735
2026-08-31 14:18:00-04:00,17.8799991607666,17.8799991607666,17.8700008392334,17.8799991607666,22330
2026-08-31 14:19:00-04:00,17.864999771118164,17.8799991607666,17.860000610351562,17.8799991607666,24347
2026-08-31 14:20:00-04:00,17.854999542236328,17.8700008392334,17.850000381469727,17.8700008392334,19107
2026-08-31 14:21:00-04:00,17.854999542236328,17.860000610351562,17.850000381469727,17.854999542236328,20095
2026-08-31 14:22:00-04:00,17.829999923706055,17.860000610351562,17.829999923706055,17.860000610351562,37470
2026-08-31 14:23:00-04:00,17.834999084472656,17.84000015258789,17.829999923706055,17.84000015258789,43079
2026-08-31 14:24:00-04:00,17.81999969482422,17.84000015258789,17.81999969482422,17.84000015258789,71144
2026-08-31 14:25:00-04:00,17.81999969482422,17.81999969482422,17.80500030517578,17.81999969482422,80119
2026-08-31 14:26:00-04:00,17.809999465942383,17.81999969482422,17.80500030517578,17.815000534057617,85381
2026-08-31 14:27:00-04:00,17.825000762939453,17.825000762939453,17.809999465942383,17.819499969482422,31110
2026-08-31 14:28:00-04:00,17.829999923706055,17.84000015258789,17.81999969482422,17.81999969482422,45840
2026-08-31 14:29:00-04:00,17.829999923706055,17.84000015258789,17.81999969482422,17.83009910583496,95415
2026-08-31 14:30:00-04:00,17.81999969482422,17.84000015258789,17.81999969482422,17.829999923706055,91294
2026-08-31 14:31:00-04:00,17.81999969482422,17.829999923706055,17.809999465942383,17.829999923706055,89635
2026-08-31 14:32:00-04:00,17.829999923706055,17.84000015258789,17.809999465942383,17.809999465942383,43324
2026-08-31 14:33:00-04:00,17.834999084472656,17.84000015258789,17.81999969482422,17.834999084472656,49623
2026-08-31 14:34:00-04:00,17.81999969482422,17.84000015258789,17.81999969482422,17.829999923706055,14409
2026-08-31 14:35:00-04:00,17.84000015258789,17.850000381469727,17.825000762939453,17.825000762939453,34685
2026-08-31 14:36:00-04:00,17.84000015258789,17.850000381469727,17.829999923706055,17.844999313354492,33292
2026-08-31 14:37:00-04:00,17.860000610351562,17.860000610351562,17.84000015258789,17.844999313354492,23653
2026-08-31 14:38:00-04:00,17.850000381469727,17.860000610351562,17.84000015258789,17.860000610351562,27111
2026-08-31 14:39:00-04:00,17.854999542236328,17.854999542236328,17.84000015258789,17.84950065612793,46819
2026-08-31 14:40:00-04:00,17.864999771118164,17.8700008392334,17.850000381469727,17.860000610351562,40870
2026-08-31 14:41:00-04:00,17.864999771118164,17.8799991607666,17.860000610351562,17.861299514770508,101204
2026-08-31 14:42:00-04:00,17.850000381469727,17.8700008392334,17.850000381469727,17.864999771118164,61032
2026-08-31 14:43:00-04:00,17.854999542236328,17.860000610351562,17.850000381469727,17.854999542236328,43570
2026-08-31 14:44:00-04:00,17.8700008392334,17.8700008392334,17.854999542236328,17.854999542236328,49251
2026-08-31 14:45:00-04:00,17.865100860595703,17.8700008392334,17.854999542236328,17.8700008392334,34326
2026-08-31 14:46:00-04:00,17.844999313354492,17.8700008392334,17.84000015258789,17.860000610351562,42964
2026-08-31 14:47:00-04:00,17.844999313354492,17.850000381469727,17.84000015258789,17.84280014038086,39181
2026-08-31 14:48:00-04:00,17.858699798583984,17.860000610351562,17.84000015258789,17.844999313354492,38491
2026-08-31 14:49:00-04:00,17.844999313354492,17.864999771118164,17.84000015258789,17.850000381469727,93005
2026-08-31 14:50:00-04:00,17.834999084472656,17.850000381469727,17.83009910583496,17.849000930786133,44497
2026-08-31 14:51:00-04:00,17.850000381469727,17.860000610351562,17.834999084472656,17.834999084472656,135125
2026-08-31 14:52:00-04:00,17.850000381469727,17.860000610351562,17.84000015258789,17.850000381469727,39388
2026-08-31 14:53:00-04:00,17.850000381469727,17.860000610351562,17.84000015258789,17.850000381469727,58337
2026-08-31 14:54:00-04:00,17.854999542236328,17.860000610351562,17.850000381469727,17.854999542236328,23442
2026-08-31 14:55:00-04:00,17.844999313354492,17.860000610351562,17.84000015258789,17.854999542236328,23311
2026-08-31 14:56:00-04:00,17.844999313354492,17.850000381469727,17.84000015258789,17.844999313354492,52754
2026-08-31 14:57:00-04:00,17.838899612426758,17.850000381469727,17.829999923706055,17.844999313354492,57559
2026-08-31 14:58:00-04:00,17.850000381469727,17.850000381469727,17.834999084472656,17.834999084472656,30461
2026-08-31 14:59:00-04:00,17.84000015258789,17.860000610351562,17.84000015258789,17.850000381469727,77462
2026-08-31 15:00:00-04:00,17.860000610351562,17.860000610351562,17.84000015258789,17.850000381469727,26744
2026-08-31 15:01:00-04:00,17.840099334716797,17.860000610351562,17.834999084472656,17.854999542236328,110663
2026-08-31 15:02:00-04:00,17.8700008392334,17.8700008392334,17.844999313354492,17.850000381469727,88032
2026-08-31 15:03:00-04:00,17.860000610351562,17.8700008392334,17.860000610351562,17.864999771118164,39426
2026-08-31 15:04:00-04:00,17.8700008392334,17.8700008392334,17.860000610351562,17.864999771118164,14125
2026-08-31 15:05:00-04:00,17.8799991607666,17.895000457763672,17.864999771118164,17.864999771118164,81562
2026-08-31 15:06:00-04:00,17.889999389648438,17.889999389648438,17.8700008392334,17.885000228881836,51283
2026-08-31 15:07:00-04:00,17.895000457763672,17.899999618530273,17.8799991607666,17.889999389648438,53406
2026-08-31 15:08:00-04:00,17.899999618530273,17.90999984741211,17.895000457763672,17.895000457763672,73203
2026-08-31 15:09:00-04:00,17.90999984741211,17.90999984741211,17.899999618530273,17.90999984741211,27049
2026-08-31 15:10:00-04:00,17.905000686645508,17.915000915527344,17.895000457763672,17.905000686645508,197986
2026-08-31 15:11:00-04:00,17.889999389648438,17.90999984741211,17.8799991607666,17.90999984741211,48468
2026-08-31 15:12:00-04:00,17.8799991607666,17.889999389648438,17.8700008392334,17.885700225830078,51016
2026-08-31 15:13:00-04:00,17.8700008392334,17.8799991607666,17.850000381469727,17.8700008392334,75618
2026-08-31 15:14:00-04:00,17.8700008392334,17.8799991607666,17.8700008392334,17.875,35501
2026-08-31 15:15:00-04:00,17.854999542236328,17.8700008392334,17.854999542236328,17.8700008392334,31383
2026-08-31 15:16:00-04:00,17.850000381469727,17.860000610351562,17.850000381469727,17.850000381469727,33429
2026-08-31 15:17:00-04:00,17.84000015258789,17.860000610351562,17.84000015258789,17.860000610351562,56688
2026-08-31 15:18:00-04:00,17.844999313354492,17.850000381469727,17.84000015258789,17.844999313354492,20693
2026-08-31 15:19:00-04:00,17.825000762939453,17.850000381469727,17.81999969482422,17.844999313354492,72896
2026-08-31 15:20:00-04:00,17.829999923706055,17.84000015258789,17.829999923706055,17.829999923706055,49617
2026-08-31 15:21:00-04:00,17.825000762939453,17.84000015258789,17.81999969482422,17.829999923706055,41440
2026-08-31 15:22:00-04:00,17.81999969482422,17.829999923706055,17.81999969482422,17.825000762939453,34569
2026-08-31 15:23:00-04:00,17.829999923706055,17.829999923706055,17.81999969482422,17.81999969482422,82982
2026-08-31 15:24:00-04:00,17.829999923706055,17.84000015258789,17.829999923706055,17.829999923706055,53247
2026-08-31 15:25:00-04:00,17.829999923706055,17.84000015258789,17.829999923706055,17.829999923706055,20447
2026-08-31 15:26:00-04:00,17.834999084472656,17.84000015258789,17.829999923706055,17.834999084472656,43598
2026-08-31 15:27:00-04:00,17.850000381469727,17.850000381469727,17.829999923706055,17.829999923706055,64819
2026-08-31 15:28:00-04:00,17.829999923706055,17.860000610351562,17.829999923706055,17.844999313354492,77343
2026-08-31 15:29:00-04:00,17.834999084472656,17.84000015258789,17.81999969482422,17.84000015258789,58370
2026-08-31 15:30:00-04:00,17.860000610351562,17.8700008392334,17.834999084472656,17.84000015258789,116069
2026-08-31 15:31:00-04:00,17.860000610351562,17.8700008392334,17.850000381469727,17.860000610351562,91853
2026-08-31 15:32:00-04:00,17.829999923706055,17.860000610351562,17.829999923706055,17.854999542236328,94358
2026-08-31 15:33:00-04:00,17.83989906311035,17.84000015258789,17.829999923706055,17.834999084472656,35115
2026-08-31 15:34:00-04:00,17.860000610351562,17.860000610351562,17.834999084472656,17.834999084472656,67005
2026-08-31 15:35:00-04:00,17.854999542236328,17.860000610351562,17.850000381469727,17.860000610351562,38097
2026-08-31 15:36:00-04:00,17.844999313354492,17.860000610351562,17.844999313354492,17.850000381469727,44132
2026-08-31 15:37:00-04:00,17.84000015258789,17.850000381469727,17.84000015258789,17.850000381469727,27722
2026-08-31 15:38:00-04:00,17.83989906311035,17.850000381469727,17.825000762939453,17.84000015258789,48660
2026-08-31 15:39:00-04:00,17.834999084472656,17.84000015258789,17.825000762939453,17.834999084472656,66680
2026-08-31 15:40:00-04:00,17.809999465942383,17.829999923706055,17.809999465942383,17.829999923706055,61488
2026-08-31 15:41:00-04:00,17.834999084472656,17.834999084472656,17.790000915527344,17.81999969482422,238229
2026-08-31 15:42:00-04:00,17.84000015258789,17.850000381469727,17.829999923706055,17.834999084472656,55515
2026-08-31 15:43:00-04:00,17.860000610351562,17.8700008392334,17.84000015258789,17.843299865722656,114287
2026-08-31 15:44:00-04:00,17.849899291992188,17.8700008392334,17.84000015258789,17.860000610351562,80708
2026-08-31 15:45:00-04:00,17.864999771118164,17.8700008392334,17.84000015258789,17.84119987487793,79207
2026-08-31 15:46:00-04:00,17.87779998779297,17.8799991607666,17.860000610351562,17.8700008392334,68733
2026-08-31 15:47:00-04:00,17.8700008392334,17.8799991607666,17.8700008392334,17.8700008392334,55893
2026-08-31 15:48:00-04:00,17.8700008392334,17.8799991607666,17.860000610351562,17.875,66684
2026-08-31 15:49:00-04:00,17.899999618530273,17.899999618530273,17.860000610351562,17.875,93407
2026-08-31 15:50:00-04:00,17.922800064086914,17.93000030517578,17.889999389648438,17.895000457763672,185104
2026-08-31 15:51:00-04:00,17.94499969482422,17.950000762939453,17.920000076293945,17.929899215698242,111541
2026-08-31 15:52:00-04:00,17.940000534057617,17.959999084472656,17.934999465942383,17.94499969482422,127705
2026-08-31 15:53:00-04:00,17.94499969482422,17.950000762939453,17.934999465942383,17.950000762939453,109725
2026-08-31 15:54:00-04:00,17.885000228881836,17.950000762939453,17.8799991607666,17.940000534057617,247587
2026-08-31 15:55:00-04:00,17.905000686645508,17.920000076293945,17.885000228881836,17.885000228881836,264286
2026-08-31 15:56:00-04:00,17.895000457763672,17.920000076293945,17.875,17.905000686645508,267352
2026-08-31 15:57:00-04:00,17.875,17.899999618530273,17.8700008392334,17.899999618530273,323004
2026-08-31 15:58:00-04:00,17.899999618530273,17.905000686645508,17.875,17.875,474656
2026-08-31 15:59:00-04:00,17.889999389648438,17.90999984741211,17.8799991607666,17.899999618530273,483732
2026-09-01 09:30:00-04:00,17.459999084472656,17.559999465942383,17.450000762939453,17.52199935913086,2833889
2026-09-01 09:31:00-04:00,17.579999923706055,17.604999542236328,17.459999084472656,17.46500015258789,219830
2026-09-01 09:32:00-04:00,17.579999923706055,17.599199295043945,17.559999465942383,17.587799072265625,150138
2026-09-01 09:33:00-04:00,17.584999084472656,17.59000015258789,17.540000915527344,17.575000762939453,210872
2026-09-01 09:34:00-04:00,17.594999313354492,17.598100662231445,17.530000686645508,17.584999084472656,99937
2026-09-01 09:35:00-04:00,17.6200008392334,17.65999984741211,17.600000381469727,17.600000381469727,205614
2026-09-01 09:36:00-04:00,17.584999084472656,17.6200008392334,17.565000534057617,17.6200008392334,162219
2026-09-01 09:37:00-04:00,17.58099937438965,17.604999542236328,17.565000534057617,17.584999084472656,78741
2026-09-01 09:38:00-04:00,17.516000747680664,17.58180046081543,17.510099411010742,17.58180046081543,136686
2026-09-01 09:39:00-04:00,17.5,17.520000457763672,17.479999542236328,17.510000228881836,171096
2026-09-01 09:40:00-04:00,17.481300354003906,17.520000457763672,17.479999542236328,17.500099182128906,166362
2026-09-01 09:41:00-04:00,17.485000610351562,17.49810028076172,17.469999313354492,17.485000610351562,121128
2026-09-01 09:42:00-04:00,17.540000915527344,17.540000915527344,17.469999313354492,17.485000610351562,92000
2026-09-01 09:43:00-04:00,17.520000457763672,17.538999557495117,17.5,17.524999618530273,114250
2026-09-01 09:44:00-04:00,17.53499984741211,17.540000915527344,17.5,17.520000457763672,113317
2026-09-01 09:45:00-04:00,17.587200164794922,17.610000610351562,17.524999618530273,17.540000915527344,230283
2026-09-01 09:46:00-04:00,17.56999969482422,17.604999542236328,17.55500030517578,17.59000015258789,118489
2026-09-01 09:47:00-04:00,17.55500030517578,17.59000015258789,17.55500030517578,17.56999969482422,61334
2026-09-01 09:48:00-04:00,17.548599243164062,17.56999969482422,17.540000915527344,17.55500030517578,54992
2026-09-01 09:49:00-04:00,17.545000076293945,17.549999237060547,17.520000457763672,17.540000915527344,93945
2026-09-01 09:50:00-04:00,17.524999618530273,17.565000534057617,17.520000457763672,17.549999237060547,128946
2026-09-01 09:51:00-04:00,17.479000091552734,17.530000686645508,17.469999313354492,17.524999618530273,265200
2026-09-01 09:52:00-04:00,17.416400909423828,17.479999542236328,17.40999984741211,17.469999313354492,292783
2026-09-01 09:53:00-04:00,17.44499969482422,17.450000762939453,17.41010093688965,17.41010093688965,110892
2026-09-01 09:54:00-04:00,17.429899215698242,17.44499969482422,17.415000915527344,17.44499969482422,147789
2026-09-01 09:55:00-04:00,17.405000686645508,17.43000030517578,17.399999618530273,17.427799224853516,121572
2026-09-01 09:56:00-04:00,17.385000228881836,17.418100357055664,17.3799991607666,17.405000686645508,222818
2026-09-01 09:57:00-04:00,17.44770050048828,17.450000762939453,17.3799991607666,17.385000228881836,131667
2026-09-01 09:58:00-04:00,17.418100357055664,17.440000534057617,17.40999984741211,17.440000534057617,138826
2026-09-01 09:59:00-04:00,17.399999618530273,17.420000076293945,17.389999389648438,17.415000915527344,100638
2026-09-01 10:00:00-04:00,17.420000076293945,17.420000076293945,17.3700008392334,17.399999618530273,195347
2026-09-01 10:01:00-04:00,17.46500015258789,17.469999313354492,17.41010093688965,17.415000915527344,156412
2026-09-01 10:02:00-04:00,17.415000915527344,17.469999313354492,17.405000686645508,17.462299346923828,78485
2026-09-01 10:03:00-04:00,17.415000915527344,17.440000534057617,17.40999984741211,17.415000915527344,112559
2026-09-01 10:04:00-04:00,17.424999237060547,17.424999237060547,17.389999389648438,17.415000915527344,138076
2026-09-01 10:05:00-04:00,17.479900360107422,17.479900360107422,17.423099517822266,17.424999237060547,101695
2026-09-01 10:06:00-04:00,17.520000457763672,17.530000686645508,17.471399307250977,17.475000381469727,108178
2026-09-01 10:07:00-04:00,17.52989959716797,17.545000076293945,17.520000457763672,17.524999618530273,67877
2026-09-01 10:08:00-04:00,17.514999389648438,17.53499984741211,17.5,17.530000686645508,109555
2026-09-01 10:09:00-04:00,17.524999618530273,17.540000915527344,17.510000228881836,17.520000457763672,81884
2026-09-01 10:10:00-04:00,17.479999542236328,17.549999237060547,17.469999313354492,17.52989959716797,302766
2026-09-01 10:11:00-04:00,17.46500015258789,17.508899688720703,17.459999084472656,17.479999542236328,65942
2026-09-01 10:12:00-04:00,17.440399169921875,17.475000381469727,17.431100845336914,17.46500015258789,83600
2026-09-01 10:13:00-04:00,17.44499969482422,17.459999084472656,17.430999755859375,17.44499969482422,89813
2026-09-01 10:14:00-04:00,17.489999771118164,17.489999771118164,17.44499969482422,17.450000762939453,58500
2026-09-01 10:15:00-04:00,17.537700653076172,17.540000915527344,17.485000610351562,17.48900032043457,150343
2026-09-01 10:16:00-04:00,17.524999618530273,17.549999237060547,17.5,17.53499984741211,89658
2026-09-01 10:17:00-04:00,17.489999771118164,17.530000686645508,17.479999542236328,17.530000686645508,104303
2026-09-01 10:18:00-04:00,17.469900131225586,17.5,17.459999084472656,17.486400604248047,93788
2026-09-01 10:19:00-04:00,17.489999771118164,17.489999771118164,17.450000762939453,17.46500015258789,60224
2026-09-01 10:20:00-04:00,17.5049991607666,17.510000228881836,17.479999542236328,17.485000610351562,54091
2026-09-01 10:21:00-04:00,17.50510025024414,17.520000457763672,17.5,17.5049991607666,31664
2026-09-01 10:22:00-04:00,17.549999237060547,17.559999465942383,17.509899139404297,17.510000228881836,100347
2026-09-01 10:23:00-04:00,17.559900283813477,17.559999465942383,17.530000686645508,17.540000915527344,63316
2026-09-01 10:24:00-04:00,17.55500030517578,17.559999465942383,17.545000076293945,17.55500030517578,63546
2026-09-01 10:25:00-04:00,17.594999313354492,17.600000381469727,17.549999237060547,17.55500030517578,111900
2026-09-01 10:26:00-04:00,17.575000762939453,17.600000381469727,17.575000762939453,17.59000015258789,140180
2026-09-01 10:27:00-04:00,17.579999923706055,17.584999084472656,17.565000534057617,17.575000762939453,48035
2026-09-01 10:28:00-04:00,17.545000076293945,17.600000381469727,17.540000915527344,17.583599090576172,89668
2026-09-01 10:29:00-04:00,17.524999618530273,17.545000076293945,17.510000228881836,17.545000076293945,149443
2026-09-01 10:30:00-04:00,17.540000915527344,17.540000915527344,17.520099639892578,17.530000686645508,95045
2026-09-01 10:31:00-04:00,17.50819969177246,17.540000915527344,17.5,17.540000915527344,60742
2026-09-01 10:32:00-04:00,17.4950008392334,17.510000228881836,17.479999542236328,17.5049991607666,100082
2026-09-01 10:33:00-04:00,17.520000457763672,17.520000457763672,17.489999771118164,17.5,51792
2026-09-01 10:34:00-04:00,17.524999618530273,17.530000686645508,17.510000228881836,17.510099411010742,49681
2026-09-01 10:35:00-04:00,17.510099411010742,17.530000686645508,17.510099411010742,17.530000686645508,33870
2026-09-01 10:36:00-04:00,17.5049991607666,17.52989959716797,17.5,17.514999389648438,187983
2026-09-01 10:37:00-04:00,17.485000610351562,17.520000457763672,17.485000610351562,17.5,52353
2026-09-01 10:38:00-04:00,17.482799530029297,17.49880027770996,17.482799530029297,17.485000610351562,27285
2026-09-01 10:39:00-04:00,17.475000381469727,17.4950008392334,17.460100173950195,17.485000610351562,129525
2026-09-01 10:40:00-04:00,17.499900817871094,17.499900817871094,17.479999542236328,17.479999542236328,50188
2026-09-01 10:41:00-04:00,17.477399826049805,17.5,17.475000381469727,17.4950008392334,36125
2026-09-01 10:42:00-04:00,17.475000381469727,17.479999542236328,17.4601993560791,17.475000381469727,42111
2026-09-01 10:43:00-04:00,17.475000381469727,17.479999542236328,17.469999313354492,17.475000381469727,37482
2026-09-01 10:44:00-04:00,17.475000381469727,17.479999542236328,17.459999084472656,17.475000381469727,54216
2026-09-01 10:45:00-04:00,17.46500015258789,17.485000610351562,17.46500015258789,17.479999542236328,90690
2026-09-01 10:46:00-04:00,17.5,17.5,17.459999084472656,17.46500015258789,60923
2026-09-01 10:47:00-04:00,17.475000381469727,17.497900009155273,17.475000381469727,17.497900009155273,64078
2026-09-01 10:48:00-04:00,17.454999923706055,17.475000381469727,17.454999923706055,17.475000381469727,72858
2026-09-01 10:49:00-04:00,17.40999984741211,17.454999923706055,17.405000686645508,17.450000762939453,172312
2026-09-01 10:50:00-04:00,17.389999389648438,17.409900665283203,17.389999389648438,17.405000686645508,120752
2026-09-01 10:51:00-04:00,17.36989974975586,17.399999618530273,17.360000610351562,17.389999389648438,175939
2026-09-01 10:52:00-04:00,17.354999542236328,17.379899978637695,17.350000381469727,17.364999771118164,155169
2026-09-01 10:53:00-04:00,17.364999771118164,17.389999389648438,17.360000610351562,17.364999771118164,81551
2026-09-01 10:54:00-04:00,17.3799991607666,17.385000228881836,17.3612003326416,17.364999771118164,49582
2026-09-01 10:55:00-04:00,17.375,17.389999389648438,17.3700008392334,17.389999389648438,56466
2026-09-01 10:56:00-04:00,17.385000228881836,17.389999389648438,17.360000610351562,17.371200561523438,105648
2026-09-01 10:57:00-04:00,17.344999313354492,17.389999389648438,17.344999313354492,17.385000228881836,236770
2026-09-01 10:58:00-04:00,17.33180046081543,17.344999313354492,17.31999969482422,17.34000015258789,207681
2026-09-01 10:59:00-04:00,17.325000762939453,17.34000015258789,17.31999969482422,17.329999923706055,55832
2026-09-01 11:00:00-04:00,17.30500030517578,17.329999923706055,17.299999237060547,17.32990074157715,302734
2026-09-01 11:01:00-04:00,17.270099639892578,17.309999465942383,17.270000457763672,17.300100326538086,211454
2026-09-01 11:02:00-04:00,17.275800704956055,17.280000686645508,17.270000457763672,17.274999618530273,75452
2026-09-01 11:03:00-04:00,17.264999389648438,17.290000915527344,17.260000228881836,17.274999618530273,118184
2026-09-01 11:04:00-04:00,17.260000228881836,17.270000457763672,17.25,17.269899368286133,189942
2026-09-01 11:05:00-04:00,17.274999618530273,17.280000686645508,17.25,17.270000457763672,142746
2026-09-01 11:06:00-04:00,17.264999389648438,17.280000686645508,17.260099411010742,17.278499603271484,59515
2026-09-01 11:07:00-04:00,17.2549991607666,17.270000457763672,17.239999771118164,17.270000457763672,203442
2026-09-01 11:08:00-04:00,17.2549991607666,17.260000228881836,17.239999771118164,17.2549991607666,112214
2026-09-01 11:09:00-04:00,17.268800735473633,17.280000686645508,17.25,17.25950050354004,75851
2026-09-01 11:10:00-04:00,17.264999389648438,17.280000686645508,17.26140022277832,17.264999389648438,46982
2026-09-01 11:11:00-04:00,17.264999389648438,17.270000457763672,17.260000228881836,17.264999389648438,51275
2026-09-01 11:12:00-04:00,17.264999389648438,17.270000457763672,17.2549991607666,17.264999389648438,86979
2026-09-01 11:13:00-04:00,17.274999618530273,17.280000686645508,17.260099411010742,17.264999389648438,63219
2026-09-01 11:14:00-04:00,17.28499984741211,17.290000915527344,17.270000457763672,17.274999618530273,64725
2026-09-01 11:15:00-04:00,17.295799255371094,17.299999237060547,17.280000686645508,17.290000915527344,48709
2026-09-01 11:16:00-04:00,17.295000076293945,17.29990005493164,17.290000915527344,17.295000076293945,87296
2026-09-01 11:17:00-04:00,17.264999389648438,17.299999237060547,17.262100219726562,17.295000076293945,66184
2026-09-01 11:18:00-04:00,17.270000457763672,17.274999618530273,17.260000228881836,17.264999389648438,62694
2026-09-01 11:19:00-04:00,17.264999389648438,17.270000457763672,17.260000228881836,17.270000457763672,52810
2026-09-01 11:20:00-04:00,17.209999084472656,17.270000457763672,17.209999084472656,17.264999389648438,357587
2026-09-01 11:21:00-04:00,17.235000610351562,17.239999771118164,17.209999084472656,17.210100173950195,103504
2026-09-01 11:22:00-04:00,17.235000610351562,17.25,17.219999313354492,17.239999771118164,89873
2026-09-01 11:23:00-04:00,17.239900588989258,17.239999771118164,17.22010040283203,17.239500045776367,37876
2026-09-01 11:24:00-04:00,17.2549991607666,17.259899139404297,17.219999313354492,17.239999771118164,261642
2026-09-01 11:25:00-04:00,17.2549991607666,17.270000457763672,17.25,17.259899139404297,92353
2026-09-01 11:26:00-04:00,17.260000228881836,17.290000915527344,17.25,17.2549991607666,107585
2026-09-01 11:27:00-04:00,17.27630043029785,17.280000686645508,17.264999389648438,17.264999389648438,84564
2026-09-01 11:28:00-04:00,17.290000915527344,17.290000915527344,17.270000457763672,17.274999618530273,44452
2026-09-01 11:29:00-04:00,17.28499984741211,17.290000915527344,17.270000457763672,17.287200927734375,51064
2026-09-01 11:30:00-04:00,17.28499984741211,17.299999237060547,17.280000686645508,17.290000915527344,70429
2026-09-01 11:31:00-04:00,17.280000686645508,17.290000915527344,17.280000686645508,17.280000686645508,28574
2026-09-01 11:32:00-04:00,17.2549991607666,17.287700653076172,17.2549991607666,17.28499984741211,142305
2026-09-01 11:33:00-04:00,17.28499984741211,17.289899826049805,17.2549991607666,17.2549991607666,115132
2026-09-01 11:34:00-04:00,17.28499984741211,17.299999237060547,17.280000686645508,17.280000686645508,82921
2026-09-01 11:35:00-04:00,17.280000686645508,17.290000915527344,17.270000457763672,17.280000686645508,156368
2026-09-01 11:36:00-04:00,17.28499984741211,17.290000915527344,17.270000457763672,17.280000686645508,63462
2026-09-01 11:37:00-04:00,17.306499481201172,17.309999465942383,17.290000915527344,17.290000915527344,132992
2026-09-01 11:38:00-04:00,17.31130027770996,17.31130027770996,17.299999237060547,17.305200576782227,48536
2026-09-01 11:39:00-04:00,17.32990074157715,17.329999923706055,17.307899475097656,17.315000534057617,123431
2026-09-01 11:40:00-04:00,17.315000534057617,17.329999923706055,17.309999465942383,17.325599670410156,95482
2026-09-01 11:41:00-04:00,17.309900283813477,17.31999969482422,17.299999237060547,17.31999969482422,95510
2026-09-01 11:42:00-04:00,17.315000534057617,17.31999969482422,17.299999237060547,17.30500030517578,97985
2026-09-01 11:43:00-04:00,17.315000534057617,17.31999969482422,17.309999465942383,17.319900512695312,44215
2026-09-01 11:44:00-04:00,17.315000534057617,17.31999969482422,17.295000076293945,17.309999465942383,120218
2026-09-01 11:45:00-04:00,17.306400299072266,17.31999969482422,17.30500030517578,17.31999969482422,41117
2026-09-01 11:46:00-04:00,17.334999084472656,17.34000015258789,17.299999237060547,17.309999465942383,63611
2026-09-01 11:47:00-04:00,17.34000015258789,17.34000015258789,17.329999923706055,17.334999084472656,56532
2026-09-01 11:48:00-04:00,17.32710075378418,17.349899291992188,17.31999969482422,17.334999084472656,82692
2026-09-01 11:49:00-04:00,17.334999084472656,17.34000015258789,17.31999969482422,17.31999969482422,51054
2026-09-01 11:50:00-04:00,17.342199325561523,17.350000381469727,17.334999084472656,17.334999084472656,117361
2026-09-01 11:51:00-04:00,17.344999313354492,17.350000381469727,17.334999084472656,17.344999313354492,51241
2026-09-01 11:52:00-04:00,17.34000015258789,17.354999542236328,17.31999969482422,17.344999313354492,248857
2026-09-01 11:53:00-04:00,17.334999084472656,17.350000381469727,17.325000762939453,17.350000381469727,124320
2026-09-01 11:54:00-04:00,17.334999084472656,17.34000015258789,17.329999923706055,17.334999084472656,59633
2026-09-01 11:55:00-04:00,17.344999313354492,17.350000381469727,17.329999923706055,17.334999084472656,64231
2026-09-01 11:56:00-04:00,17.34000015258789,17.350000381469727,17.34000015258789,17.344999313354492,42523
2026-09-01 11:57:00-04:00,17.344999313354492,17.360000610351562,17.34000015258789,17.344999313354492,114024
2026-09-01 11:58:00-04:00,17.344999313354492,17.350000381469727,17.34000015258789,17.345300674438477,38948
2026-09-01 11:59:00-04:00,17.349899291992188,17.360000610351562,17.34000015258789,17.344999313354492,96979
2026-09-01 12:00:00-04:00,17.34000015258789,17.350000381469727,17.329999923706055,17.34000015258789,77965
2026-09-01 12:01:00-04:00,17.315000534057617,17.34000015258789,17.299999237060547,17.34000015258789,143226
2026-09-01 12:02:00-04:00,17.309999465942383,17.316999435424805,17.299999237060547,17.315000534057617,27290
2026-09-01 12:03:00-04:00,17.302099227905273,17.309999465942383,17.299999237060547,17.30500030517578,41161
2026-09-01 12:04:00-04:00,17.31999969482422,17.31999969482422,17.299999237060547,17.30500030517578,63377
2026-09-01 12:05:00-04:00,17.3125,17.329700469970703,17.310100555419922,17.315000534057617,54921
2026-09-01 12:06:00-04:00,17.28860092163086,17.31999969482422,17.28499984741211,17.315000534057617,71929
2026-09-01 12:07:00-04:00,17.274999618530273,17.287700653076172,17.270000457763672,17.28499984741211,58397
2026-09-01 12:08:00-04:00,17.264999389648438,17.280000686645508,17.260000228881836,17.274999618530273,64238
2026-09-01 12:09:00-04:00,17.25749969482422,17.27989959716797,17.252500534057617,17.270000457763672,73364
2026-09-01 12:10:00-04:00,17.250099182128906,17.260000228881836,17.239999771118164,17.2549991607666,116502
2026-09-01 12:11:00-04:00,17.231199264526367,17.260000228881836,17.229999542236328,17.2549991607666,56790
2026-09-01 12:12:00-04:00,17.239999771118164,17.25,17.229999542236328,17.239999771118164,104265
2026-09-01 12:13:00-04:00,17.229999542236328,17.239999771118164,17.225000381469727,17.235000610351562,84281
2026-09-01 12:14:00-04:00,17.219999313354492,17.238000869750977,17.209999084472656,17.229999542236328,139253
2026-09-01 12:15:00-04:00,17.21500015258789,17.219999313354492,17.209999084472656,17.21500015258789,81605
2026-09-01 12:16:00-04:00,17.21500015258789,17.219999313354492,17.209999084472656,17.209999084472656,64234
2026-09-01 12:17:00-04:00,17.21500015258789,17.225000381469727,17.200000762939453,17.21500015258789,236670
2026-09-01 12:18:00-04:00,17.21500015258789,17.225000381469727,17.204999923706055,17.21500015258789,86831
2026-09-01 12:19:00-04:00,17.21500015258789,17.219999313354492,17.209999084472656,17.219999313354492,30266
2026-09-01 12:20:00-04:00,17.16990089416504,17.21820068359375,17.16200065612793,17.214500427246094,273411
2026-09-01 12:21:00-04:00,17.135000228881836,17.165000915527344,17.1299991607666,17.165000915527344,168388
2026-09-01 12:22:00-04:00,17.127700805664062,17.139999389648438,17.1200008392334,17.139999389648438,118152
2026-09-01 12:23:00-04:00,17.129899978637695,17.1299991607666,17.110000610351562,17.125,107108
2026-09-01 12:24:00-04:00,17.1299991607666,17.1299991607666,17.100000381469727,17.1200008392334,154683
2026-09-01 12:25:00-04:00,17.155000686645508,17.155000686645508,17.125,17.125,64973
2026-09-01 12:26:00-04:00,17.149999618530273,17.170000076293945,17.149999618530273,17.149999618530273,117151
2026-09-01 12:27:00-04:00,17.165000915527344,17.170000076293945,17.149999618530273,17.158700942993164,53324
2026-09-01 12:28:00-04:00,17.178699493408203,17.18000030517578,17.15999984741211,17.165000915527344,52075
2026-09-01 12:29:00-04:00,17.16010093688965,17.18000030517578,17.15999984741211,17.174999237060547,53841
2026-09-01 12:30:00-04:00,17.135000228881836,17.170000076293945,17.1299991607666,17.168800354003906,68011
2026-09-01 12:31:00-04:00,17.1200008392334,17.139999389648438,17.1200008392334,17.13159942626953,84111
2026-09-01 12:32:00-04:00,17.11989974975586,17.1299991607666,17.110000610351562,17.1200008392334,91518
2026-09-01 12:33:00-04:00,17.125,17.1299991607666,17.110000610351562,17.114999771118164,74122
2026-09-01 12:34:00-04:00,17.1200008392334,17.135000228881836,17.110000610351562,17.1200008392334,151708
2026-09-01 12:35:00-04:00,17.150100708007812,17.15999984741211,17.114999771118164,17.114999771118164,128105
2026-09-01 12:36:00-04:00,17.155000686645508,17.170000076293945,17.149999618530273,17.155000686645508,266683
2026-09-01 12:37:00-04:00,17.155000686645508,17.160200119018555,17.139999389648438,17.155000686645508,120200
2026-09-01 12:38:00-04:00,17.156099319458008,17.16360092163086,17.149999618530273,17.15999984741211,35876
2026-09-01 12:39:00-04:00,17.155000686645508,17.15999984741211,17.149999618530273,17.155000686645508,31592
2026-09-01 12:40:00-04:00,17.141799926757812,17.155000686645508,17.139999389648438,17.155000686645508,45675
2026-09-01 12:41:00-04:00,17.139999389648438,17.149999618530273,17.139999389648438,17.139999389648438,33973
2026-09-01 12:42:00-04:00,17.110000610351562,17.149900436401367,17.100000381469727,17.145000457763672,94638
2026-09-01 12:43:00-04:00,17.139999389648438,17.139999389648438,17.100000381469727,17.104999542236328,130839
2026-09-01 12:44:00-04:00,17.125,17.13990020751953,17.1200008392334,17.135000228881836,24888
2026-09-01 12:45:00-04:00,17.139999389648438,17.139999389648438,17.1200008392334,17.1200008392334,101989
2026-09-01 12:46:00-04:00,17.1299991607666,17.139999389648438,17.125,17.135000228881836,34457
2026-09-01 12:47:00-04:00,17.135000228881836,17.139999389648438,17.125,17.125,106000
2026-09-01 12:48:00-04:00,17.135000228881836,17.139999389648438,17.1299991607666,17.135000228881836,39834
2026-09-01 12:49:00-04:00,17.135000228881836,17.139999389648438,17.1299991607666,17.139999389648438,35664
2026-09-01 12:50:00-04:00,17.135000228881836,17.139999389648438,17.1299991607666,17.1299991607666,21747
2026-09-01 12:51:00-04:00,17.125,17.139999389648438,17.1200008392334,17.1387996673584,52010
2026-09-01 12:52:00-04:00,17.135000228881836,17.139999389648438,17.1200008392334,17.125,32223
2026-09-01 12:53:00-04:00,17.1299991607666,17.139999389648438,17.1299991607666,17.135099411010742,46211
2026-09-01 12:54:00-04:00,17.128000259399414,17.139999389648438,17.1200008392334,17.135000228881836,24051
2026-09-01 12:55:00-04:00,17.135000228881836,17.139999389648438,17.1200008392334,17.129899978637695,30252
2026-09-01 12:56:00-04:00,17.139999389648438,17.139999389648438,17.1299991607666,17.135000228881836,30191
2026-09-01 12:57:00-04:00,17.145000457763672,17.149999618530273,17.139999389648438,17.139999389648438,54564
2026-09-01 12:58:00-04:00,17.164499282836914,17.167699813842773,17.139999389648438,17.147499084472656,88103
2026-09-01 12:59:00-04:00,17.167299270629883,17.170000076293945,17.15999984741211,17.165000915527344,45411
2026-09-01 13:00:00-04:00,17.155000686645508,17.170000076293945,17.149999618530273,17.170000076293945,47185
2026-09-01 13:01:00-04:00,17.145000457763672,17.157699584960938,17.145000457763672,17.155000686645508,41275
2026-09-01 13:02:00-04:00,17.145000457763672,17.149999618530273,17.139999389648438,17.145000457763672,36007
2026-09-01 13:03:00-04:00,17.121299743652344,17.149999618530273,17.1200008392334,17.145000457763672,68235
2026-09-01 13:04:00-04:00,17.110000610351562,17.125,17.110000610351562,17.125,63359
2026-09-01 13:05:00-04:00,17.114999771118164,17.1200008392334,17.110000610351562,17.110000610351562,43403
2026-09-01 13:06:00-04:00,17.125,17.1299991607666,17.110000610351562,17.114999771118164,70642
2026-09-01 13:07:00-04:00,17.122299194335938,17.135000228881836,17.1200008392334,17.125,60911
2026-09-01 13:08:00-04:00,17.1299991607666,17.1299991607666,17.1200008392334,17.129899978637695,28336
2026-09-01 13:09:00-04:00,17.1387996673584,17.13990020751953,17.114999771118164,17.129899978637695,82445
2026-09-01 13:10:00-04:00,17.155000686645508,17.15999984741211,17.135000228881836,17.135099411010742,81537
2026-09-01 13:11:00-04:00,17.155000686645508,17.15999984741211,17.149999618530273,17.155000686645508,34310
2026-09-01 13:12:00-04:00,17.155000686645508,17.15999984741211,17.149999618530273,17.155000686645508,30140
2026-09-01 13:13:00-04:00,17.159900665283203,17.15999984741211,17.145000457763672,17.15999984741211,44914
2026-09-01 13:14:00-04:00,17.155000686645508,17.170000076293945,17.149999618530273,17.155000686645508,69913
2026-09-01 13:15:00-04:00,17.170000076293945,17.170000076293945,17.15999984741211,17.15999984741211,39348
2026-09-01 13:16:00-04:00,17.145000457763672,17.170000076293945,17.145000457763672,17.170000076293945,40154
2026-09-01 13:17:00-04:00,17.149999618530273,17.149999618530273,17.139999389648438,17.145000457763672,57029
2026-09-01 13:18:00-04:00,17.150100708007812,17.165000915527344,17.149999618530273,17.149999618530273,115447
2026-09-01 13:19:00-04:00,17.161300659179688,17.16990089416504,17.15999984741211,17.15999984741211,9791
2026-09-01 13:20:00-04:00,17.165000915527344,17.170000076293945,17.15999984741211,17.15999984741211,21436
2026-09-01 13:21:00-04:00,17.155000686645508,17.166000366210938,17.149999618530273,17.166000366210938,25729
2026-09-01 13:22:00-04:00,17.139999389648438,17.15999984741211,17.1299991607666,17.155000686645508,91298
2026-09-01 13:23:00-04:00,17.15999984741211,17.15999984741211,17.139999389648438,17.139999389648438,54711
2026-09-01 13:24:00-04:00,17.167200088500977,17.168899536132812,17.149999618530273,17.159900665283203,67554
2026-09-01 13:25:00-04:00,17.15999984741211,17.179899215698242,17.145000457763672,17.170000076293945,80586
2026-09-01 13:26:00-04:00,17.174999237060547,17.18000030517578,17.155000686645508,17.16990089416504,150632
2026-09-01 13:27:00-04:00,17.190000534057617,17.190000534057617,17.170000076293945,17.174999237060547,53947
2026-09-01 13:28:00-04:00,17.184999465942383,17.190000534057617,17.18000030517578,17.184999465942383,13178
2026-09-01 13:29:00-04:00,17.184999465942383,17.190000534057617,17.18000030517578,17.18869972229004,21821
2026-09-01 13:30:00-04:00,17.198400497436523,17.209999084472656,17.180099487304688,17.190000534057617,119595
2026-09-01 13:31:00-04:00,17.20509910583496,17.209999084472656,17.190000534057617,17.199100494384766,98103
2026-09-01 13:32:00-04:00,17.204999923706055,17.209999084472656,17.200000762939453,17.204999923706055,40412
2026-09-01 13:33:00-04:00,17.19499969482422,17.209999084472656,17.194799423217773,17.204999923706055,43265
2026-09-01 13:34:00-04:00,17.19499969482422,17.200000762939453,17.190000534057617,17.19499969482422,41478
2026-09-01 13:35:00-04:00,17.204999923706055,17.209999084472656,17.190000534057617,17.19499969482422,33918
2026-09-01 13:36:00-04:00,17.190000534057617,17.209999084472656,17.190000534057617,17.204999923706055,32920
2026-09-01 13:37:00-04:00,17.19499969482422,17.200000762939453,17.190000534057617,17.190000534057617,28588
2026-09-01 13:38:00-04:00,17.189899444580078,17.190000534057617,17.18000030517578,17.190000534057617,26555
2026-09-01 13:39:00-04:00,17.18000030517578,17.188199996948242,17.18000030517578,17.186800003051758,24818
2026-09-01 13:40:00-04:00,17.184999465942383,17.190000534057617,17.174999237060547,17.184999465942383,35703
2026-09-01 13:41:00-04:00,17.19499969482422,17.199899673461914,17.18000030517578,17.18000030517578,22927
2026-09-01 13:42:00-04:00,17.208599090576172,17.209999084472656,17.190000534057617,17.19499969482422,46915
2026-09-01 13:43:00-04:00,17.19499969482422,17.209999084472656,17.1914005279541,17.209999084472656,28256
2026-09-01 13:44:00-04:00,17.19499969482422,17.200000762939453,17.184999465942383,17.19499969482422,25680
2026-09-01 13:45:00-04:00,17.204999923706055,17.209999084472656,17.194799423217773,17.199899673461914,39676
2026-09-01 13:46:00-04:00,17.19499969482422,17.209999084472656,17.190000534057617,17.20599937438965,52524
2026-09-01 13:47:00-04:00,17.19499969482422,17.197200775146484,17.190000534057617,17.190500259399414,15407
2026-09-01 13:48:00-04:00,17.19499969482422,17.200000762939453,17.190000534057617,17.190000534057617,43258
2026-09-01 13:49:00-04:00,17.184999465942383,17.200000762939453,17.18000030517578,17.200000762939453,35537
2026-09-01 13:50:00-04:00,17.184999465942383,17.190000534057617,17.18000030517578,17.184999465942383,33803
2026-09-01 13:51:00-04:00,17.174999237060547,17.190000534057617,17.170000076293945,17.187700271606445,30583
2026-09-01 13:52:00-04:00,17.170000076293945,17.18000030517578,17.170000076293945,17.18000030517578,25252
2026-09-01 13:53:00-04:00,17.165000915527344,17.18000030517578,17.15999984741211,17.174999237060547,54882
2026-09-01 13:54:00-04:00,17.165000915527344,17.16990089416504,17.15999984741211,17.165000915527344,51752
2026-09-01 13:55:00-04:00,17.16510009765625,17.167699813842773,17.15999984741211,17.167699813842773,16448
2026-09-01 13:56:00-04:00,17.145000457763672,17.16990089416504,17.139999389648438,17.16990089416504,71305
2026-09-01 13:57:00-04:00,17.145000457763672,17.155000686645508,17.135000228881836,17.149999618530273,88265
2026-09-01 13:58:00-04:00,17.145000457763672,17.149999618530273,17.139999389648438,17.145000457763672,34289
2026-09-01 13:59:00-04:00,17.139999389648438,17.149999618530273,17.139999389648438,17.149999618530273,32052
2026-09-01 14:00:00-04:00,17.135000228881836,17.149999618530273,17.135000228881836,17.149999618530273,19120
2026-09-01 14:01:00-04:00,17.125,17.139999389648438,17.125,17.135000228881836,34690
2026-09-01 14:02:00-04:00,17.139999389648438,17.139999389648438,17.1200008392334,17.12190055847168,133045
2026-09-01 14:03:00-04:00,17.1299991607666,17.145000457763672,17.1299991607666,17.135000228881836,47576
2026-09-01 14:04:00-04:00,17.125,17.135000228881836,17.1200008392334,17.135000228881836,44560
2026-09-01 14:05:00-04:00,17.139999389648438,17.139999389648438,17.1200008392334,17.12969970703125,23869
2026-09-01 14:06:00-04:00,17.128599166870117,17.139999389648438,17.1200008392334,17.139999389648438,25890
2026-09-01 14:07:00-04:00,17.145000457763672,17.149999618530273,17.125,17.125,53257
2026-09-01 14:08:00-04:00,17.139999389648438,17.149999618530273,17.139999389648438,17.147600173950195,28317
2026-09-01 14:09:00-04:00,17.149999618530273,17.149999618530273,17.139999389648438,17.149999618530273,24691
2026-09-01 14:10:00-04:00,17.139999389648438,17.149999618530273,17.139999389648438,17.139999389648438,28348
2026-09-01 14:11:00-04:00,17.145000457763672,17.149999618530273,17.139999389648438,17.145000457763672,24926
2026-09-01 14:12:00-04:00,17.149900436401367,17.149900436401367,17.139999389648438,17.148399353027344,15173
2026-09-01 14:13:00-04:00,17.145000457763672,17.149999618530273,17.139999389648438,17.149999618530273,63777
2026-09-01 14:14:00-04:00,17.139999389648438,17.145000457763672,17.135000228881836,17.145000457763672,51154
2026-09-01 14:15:00-04:00,17.139999389648438,17.149999618530273,17.1299991607666,17.149999618530273,30873
2026-09-01 14:16:00-04:00,17.145000457763672,17.149999618530273,17.135000228881836,17.139999389648438,50629
2026-09-01 14:17:00-04:00,17.145000457763672,17.147300720214844,17.139999389648438,17.139999389648438,30267
2026-09-01 14:18:00-04:00,17.135000228881836,17.149999618530273,17.135000228881836,17.149999618530273,31952
2026-09-01 14:19:00-04:00,17.149999618530273,17.149999618530273,17.1299991607666,17.132699966430664,45163
2026-09-01 14:20:00-04:00,17.15559959411621,17.15999984741211,17.145000457763672,17.149999618530273,71195
2026-09-01 14:21:00-04:00,17.145000457763672,17.15999984741211,17.139999389648438,17.155099868774414,16357
2026-09-01 14:22:00-04:00,17.149999618530273,17.149999618530273,17.139999389648438,17.145000457763672,30120
2026-09-01 14:23:00-04:00,17.145000457763672,17.155000686645508,17.139999389648438,17.149999618530273,71601
2026-09-01 14:24:00-04:00,17.155000686645508,17.15999984741211,17.145000457763672,17.145000457763672,72981
2026-09-01 14:25:00-04:00,17.135000228881836,17.155000686645508,17.135000228881836,17.155000686645508,80121
2026-09-01 14:26:00-04:00,17.139999389648438,17.14620018005371,17.1299991607666,17.139999389648438,19507
2026-09-01 14:27:00-04:00,17.1200008392334,17.135000228881836,17.1200008392334,17.13129997253418,84427
2026-09-01 14:28:00-04:00,17.110000610351562,17.1200008392334,17.110000610351562,17.1200008392334,66193
2026-09-01 14:29:00-04:00,17.1200008392334,17.1200008392334,17.110000610351562,17.1200008392334,49900
2026-09-01 14:30:00-04:00,17.114999771118164,17.1299991607666,17.110000610351562,17.1200008392334,89042
2026-09-01 14:31:00-04:00,17.084999084472656,17.1200008392334,17.079999923706055,17.110000610351562,275644
2026-09-01 14:32:00-04:00,17.094999313354492,17.100000381469727,17.079999923706055,17.079999923706055,96342
2026-09-01 14:33:00-04:00,17.079500198364258,17.100000381469727,17.06999969482422,17.09000015258789,87108
2026-09-01 14:34:00-04:00,17.087799072265625,17.09000015258789,17.06999969482422,17.079999923706055,106497
2026-09-01 14:35:00-04:00,17.070499420166016,17.09000015258789,17.06999969482422,17.084999084472656,72600
2026-09-01 14:36:00-04:00,17.059999465942383,17.07990074157715,17.049999237060547,17.06999969482422,190799
2026-09-01 14:37:00-04:00,17.084999084472656,17.09000015258789,17.059999465942383,17.06570053100586,369793
2026-09-01 14:38:00-04:00,17.075000762939453,17.08989906311035,17.06999969482422,17.084999084472656,41651
2026-09-01 14:39:00-04:00,17.059999465942383,17.07990074157715,17.049999237060547,17.075000762939453,73004
2026-09-01 14:40:00-04:00,17.059999465942383,17.06999969482422,17.049999237060547,17.059900283813477,70695
2026-09-01 14:41:00-04:00,17.040000915527344,17.059999465942383,17.040000915527344,17.05500030517578,142935
2026-09-01 14:42:00-04:00,17.020000457763672,17.045000076293945,17.020000457763672,17.045000076293945,152618
2026-09-01 14:43:00-04:00,17.014999389648438,17.030000686645508,17.010000228881836,17.024999618530273,223507
2026-09-01 14:44:00-04:00,16.99020004272461,17.020000457763672,16.979999542236328,17.020000457763672,663671
2026-09-01 14:45:00-04:00,16.9950008392334,17.0,16.985000610351562,16.989999771118164,159924
2026-09-01 14:46:00-04:00,17.018999099731445,17.020000457763672,16.989999771118164,16.9950008392334,156460
2026-09-01 14:47:00-04:00,17.024999618530273,17.030000686645508,17.010000228881836,17.010000228881836,98844
2026-09-01 14:48:00-04:00,17.024999618530273,17.0398006439209,17.011999130249023,17.024999618530273,120655
2026-09-01 14:49:00-04:00,17.045299530029297,17.049999237060547,17.020000457763672,17.024999618530273,72161
2026-09-01 14:50:00-04:00,17.04990005493164,17.059900283813477,17.040000915527344,17.045000076293945,97152
2026-09-01 14:51:00-04:00,17.049999237060547,17.06999969482422,17.040000915527344,17.045000076293945,83551
2026-09-01 14:52:00-04:00,17.059999465942383,17.06999969482422,17.05500030517578,17.059900283813477,42670
2026-09-01 14:53:00-04:00,17.075000762939453,17.075000762939453,17.059999465942383,17.065000534057617,48256
2026-09-01 14:54:00-04:00,17.065000534057617,17.06999969482422,17.059999465942383,17.06999969482422,47491
2026-09-01 14:55:00-04:00,17.075000762939453,17.078800201416016,17.05500030517578,17.059999465942383,130693
2026-09-01 14:56:00-04:00,17.084999084472656,17.084999084472656,17.06999969482422,17.075000762939453,55219
2026-09-01 14:57:00-04:00,17.075000762939453,17.079999923706055,17.059999465942383,17.079999923706055,78110
2026-09-01 14:58:00-04:00,17.084999084472656,17.09000015258789,17.079999923706055,17.079999923706055,30666
2026-09-01 14:59:00-04:00,17.09000015258789,17.100000381469727,17.084999084472656,17.084999084472656,48824
2026-09-01 15:00:00-04:00,17.094999313354492,17.100000381469727,17.079999923706055,17.084999084472656,75532
2026-09-01 15:01:00-04:00,17.084999084472656,17.100000381469727,17.075000762939453,17.09600067138672,43192
2026-09-01 15:02:00-04:00,17.07990074157715,17.09000015258789,17.06999969482422,17.084999084472656,38255
2026-09-01 15:03:00-04:00,17.09000015258789,17.094999313354492,17.06999969482422,17.079999923706055,67379
2026-09-01 15:04:00-04:00,17.084999084472656,17.09000015258789,17.079999923706055,17.09000015258789,18751
2026-09-01 15:05:00-04:00,17.079999923706055,17.09000015258789,17.075000762939453,17.084999084472656,58519
2026-09-01 15:06:00-04:00,17.09000015258789,17.09000015258789,17.059999465942383,17.06999969482422,91890
2026-09-01 15:07:00-04:00,17.075000762939453,17.079999923706055,17.06999969482422,17.079999923706055,30301
2026-09-01 15:08:00-04:00,17.08880043029785,17.09000015258789,17.06999969482422,17.06999969482422,37776
2026-09-01 15:09:00-04:00,17.100000381469727,17.100000381469727,17.079999923706055,17.09000015258789,155486
2026-09-01 15:10:00-04:00,17.084999084472656,17.100000381469727,17.079999923706055,17.094999313354492,65520
2026-09-01 15:11:00-04:00,17.094999313354492,17.110000610351562,17.079999923706055,17.084999084472656,89370
2026-09-01 15:12:00-04:00,17.099899291992188,17.100000381469727,17.09000015258789,17.100000381469727,24078
2026-09-01 15:13:00-04:00,17.094999313354492,17.110000610351562,17.09000015258789,17.094999313354492,65862
2026-09-01 15:14:00-04:00,17.104999542236328,17.104999542236328,17.09000015258789,17.09950065612793,28137
2026-09-01 15:15:00-04:00,17.115400314331055,17.1200008392334,17.100099563598633,17.104999542236328,60746
2026-09-01 15:16:00-04:00,17.114999771118164,17.1200008392334,17.110000610351562,17.1200008392334,76833
2026-09-01 15:17:00-04:00,17.114999771118164,17.1299991607666,17.110000610351562,17.114999771118164,64487
2026-09-01 15:18:00-04:00,17.114999771118164,17.1200008392334,17.110000610351562,17.114999771118164,28236
2026-09-01 15:19:00-04:00,17.100299835205078,17.1200008392334,17.100000381469727,17.110000610351562,69802
2026-09-01 15:20:00-04:00,17.094999313354492,17.10759925842285,17.09000015258789,17.104999542236328,83553
2026-09-01 15:21:00-04:00,17.075000762939453,17.100000381469727,17.075000762939453,17.094999313354492,78705
2026-09-01 15:22:00-04:00,17.088699340820312,17.09000015258789,17.06999969482422,17.075000762939453,89036
2026-09-01 15:23:00-04:00,17.09000015258789,17.09000015258789,17.079999923706055,17.088699340820312,39019
2026-09-01 15:24:00-04:00,17.084999084472656,17.094999313354492,17.079999923706055,17.084999084472656,44438
2026-09-01 15:25:00-04:00,17.084999084472656,17.09000015258789,17.075000762939453,17.09000015258789,162736
2026-09-01 15:26:00-04:00,17.094999313354492,17.097299575805664,17.079999923706055,17.085899353027344,73141
2026-09-01 15:27:00-04:00,17.093399047851562,17.110000610351562,17.09000015258789,17.100000381469727,51759
2026-09-01 15:28:00-04:00,17.094999313354492,17.100000381469727,17.09000015258789,17.09000015258789,26052
2026-09-01 15:29:00-04:00,17.104999542236328,17.104999542236328,17.09000015258789,17.094999313354492,72247
2026-09-01 15:30:00-04:00,17.078699111938477,17.110000610351562,17.06999969482422,17.110000610351562,148647
2026-09-01 15:31:00-04:00,17.084999084472656,17.100000381469727,17.075000762939453,17.079999923706055,107283
2026-09-01 15:32:00-04:00,17.075000762939453,17.09000015258789,17.075000762939453,17.084999084472656,44292
2026-09-01 15:33:00-04:00,17.084999084472656,17.09000015258789,17.075000762939453,17.075000762939453,40496
2026-09-01 15:34:00-04:00,17.11829948425293,17.1200008392334,17.084999084472656,17.084999084472656,75134
2026-09-01 15:35:00-04:00,17.125,17.129899978637695,17.110000610351562,17.1200008392334,97105
2026-09-01 15:36:00-04:00,17.114999771118164,17.129899978637695,17.110000610351562,17.125,61488
2026-09-01 15:37:00-04:00,17.125,17.139999389648438,17.100000381469727,17.114999771118164,120561
2026-09-01 15:38:00-04:00,17.125,17.1299991607666,17.1200008392334,17.1299991607666,52456
2026-09-01 15:39:00-04:00,17.125,17.13990020751953,17.114999771118164,17.125,125843
2026-09-01 15:40:00-04:00,17.135000228881836,17.139999389648438,17.114999771118164,17.129899978637695,74065
2026-09-01 15:41:00-04:00,17.149999618530273,17.15999984741211,17.135000228881836,17.135000228881836,91400
2026-09-01 15:42:00-04:00,17.1299991607666,17.149999618530273,17.12150001525879,17.145000457763672,179516
2026-09-01 15:43:00-04:00,17.125,17.139999389648438,17.110000610351562,17.1299991607666,117854
2026-09-01 15:44:00-04:00,17.143800735473633,17.149999618530273,17.114999771118164,17.125,75951
2026-09-01 15:45:00-04:00,17.16119956970215,17.18000030517578,17.139999389648438,17.139999389648438,147649
2026-09-01 15:46:00-04:00,17.145000457763672,17.162500381469727,17.145000457763672,17.162500381469727,83406
2026-09-01 15:47:00-04:00,17.145000457763672,17.145000457763672,17.1299991607666,17.139999389648438,101758
2026-09-01 15:48:00-04:00,17.145000457763672,17.149999618530273,17.139999389648438,17.144899368286133,56377
2026-09-01 15:49:00-04:00,17.17009925842285,17.174999237060547,17.139999389648438,17.139999389648438,125690
2026-09-01 15:50:00-04:00,17.15999984741211,17.190000534057617,17.149999618530273,17.170000076293945,220620
2026-09-01 15:51:00-04:00,17.165000915527344,17.170000076293945,17.151599884033203,17.155000686645508,134694
2026-09-01 15:52:00-04:00,17.155000686645508,17.174999237060547,17.155000686645508,17.165000915527344,110724
2026-09-01 15:53:00-04:00,17.149999618530273,17.15999984741211,17.139999389648438,17.155000686645508,126175
2026-09-01 15:54:00-04:00,17.165000915527344,17.170000076293945,17.139999389648438,17.140100479125977,208503
2026-09-01 15:55:00-04:00,17.094999313354492,17.170000076293945,17.08139991760254,17.15999984741211,434153
2026-09-01 15:56:00-04:00,17.04829978942871,17.104999542236328,17.040000915527344,17.100000381469727,304311
2026-09-01 15:57:00-04:00,17.045000076293945,17.059999465942383,17.030000686645508,17.045000076293945,396466
2026-09-01 15:58:00-04:00,17.045000076293945,17.049999237060547,17.020000457763672,17.045000076293945,427500
2026-09-01 15:59:00-04:00,17.059999465942383,17.065000534057617,17.040000915527344,17.045000076293945,725788
2026-09-02 09:30:00-04:00,16.954999923706055,17.065000534057617,16.920000076293945,17.049999237060547,1492509
2026-09-02 09:31:00-04:00,17.039899826049805,17.040000915527344,16.954999923706055,16.959999084472656,389788
2026-09-02 09:32:00-04:00,17.135000228881836,17.139999389648438,17.040000915527344,17.040000915527344,339222
2026-09-02 09:33:00-04:00,17.09000015258789,17.149999618530273,17.020000457763672,17.139999389648438,217748
2026-09-02 09:34:00-04:00,17.104999542236328,17.1299991607666,17.075000762939453,17.110000610351562,324475
2026-09-02 09:35:00-04:00,17.11440086364746,17.125,17.079999923706055,17.104999542236328,175967
2026-09-02 09:36:00-04:00,17.06999969482422,17.1200008392334,17.045000076293945,17.118900299072266,125786
2026-09-02 09:37:00-04:00,17.09000015258789,17.114999771118164,17.05500030517578,17.05500030517578,91339
2026-09-02 09:38:00-04:00,17.158000946044922,17.174999237060547,17.084999084472656,17.094999313354492,121205
2026-09-02 09:39:00-04:00,17.18000030517578,17.200000762939453,17.1299991607666,17.167999267578125,206597
2026-09-02 09:40:00-04:00,17.170000076293945,17.200000762939453,17.15999984741211,17.170000076293945,208225
2026-09-02 09:41:00-04:00,17.155000686645508,17.165000915527344,17.140100479125977,17.158000946044922,89553
2026-09-02 09:42:00-04:00,17.184999465942383,17.184999465942383,17.140100479125977,17.155000686645508,330169
2026-09-02 09:43:00-04:00,17.21500015258789,17.229999542236328,17.174999237060547,17.180099487304688,277228
2026-09-02 09:44:00-04:00,17.28499984741211,17.290000915527344,17.21500015258789,17.218900680541992,307254
2026-09-02 09:45:00-04:00,17.264999389648438,17.299999237060547,17.239999771118164,17.28499984741211,303615
2026-09-02 09:46:00-04:00,17.274999618530273,17.280000686645508,17.239999771118164,17.270000457763672,209610
2026-09-02 09:47:00-04:00,17.278200149536133,17.299999237060547,17.260000228881836,17.274999618530273,237276
2026-09-02 09:48:00-04:00,17.30500030517578,17.315000534057617,17.26110076904297,17.274999618530273,262729
2026-09-02 09:49:00-04:00,17.274999618530273,17.31999969482422,17.270099639892578,17.306699752807617,315559
2026-09-02 09:50:00-04:00,17.288999557495117,17.328699111938477,17.280000686645508,17.280000686645508,182410
2026-09-02 09:51:00-04:00,17.329999923706055,17.329999923706055,17.28499984741211,17.28499984741211,225524
2026-09-02 09:52:00-04:00,17.354999542236328,17.389999389648438,17.31999969482422,17.325000762939453,171790
2026-09-02 09:53:00-04:00,17.361499786376953,17.3799991607666,17.350000381469727,17.354999542236328,95232
2026-09-02 09:54:00-04:00,17.38050079345703,17.395000457763672,17.354999542236328,17.36050033569336,191436
2026-09-02 09:55:00-04:00,17.424999237060547,17.438800811767578,17.3799991607666,17.385000228881836,197459
2026-09-02 09:56:00-04:00,17.434999465942383,17.450000762939453,17.40999984741211,17.43000030517578,124091
2026-09-02 09:57:00-04:00,17.434499740600586,17.450000762939453,17.40999984741211,17.434999465942383,115723
2026-09-02 09:58:00-04:00,17.389999389648438,17.440000534057617,17.3799991607666,17.434999465942383,177397
2026-09-02 09:59:00-04:00,17.405000686645508,17.424999237060547,17.385000228881836,17.395000457763672,166994
2026-09-02 10:00:00-04:00,17.390100479125977,17.41990089416504,17.3799991607666,17.405000686645508,149882
2026-09-02 10:01:00-04:00,17.385000228881836,17.43000030517578,17.3799991607666,17.395000457763672,169501
2026-09-02 10:02:00-04:00,17.424999237060547,17.424999237060547,17.385000228881836,17.385000228881836,107461
2026-09-02 10:03:00-04:00,17.40999984741211,17.43000030517578,17.400100708007812,17.424999237060547,62774
2026-09-02 10:04:00-04:00,17.43950080871582,17.450000762939453,17.40999984741211,17.415000915527344,159483
2026-09-02 10:05:00-04:00,17.46500015258789,17.469999313354492,17.43000030517578,17.43950080871582,123258
2026-09-02 10:06:00-04:00,17.485000610351562,17.489999771118164,17.468299865722656,17.468299865722656,155614
2026-09-02 10:07:00-04:00,17.565000534057617,17.56999969482422,17.485000610351562,17.489099502563477,313086
2026-09-02 10:08:00-04:00,17.59749984741211,17.610000610351562,17.559999465942383,17.565000534057617,247752
2026-09-02 10:09:00-04:00,17.543399810791016,17.600000381469727,17.520000457763672,17.59910011291504,186408
2026-09-02 10:10:00-04:00,17.625,17.629899978637695,17.540000915527344,17.540000915527344,162618
2026-09-02 10:11:00-04:00,17.69499969482422,17.700000762939453,17.628599166870117,17.6299991607666,241269
2026-09-02 10:12:00-04:00,17.735000610351562,17.75,17.690099716186523,17.69499969482422,277718
2026-09-02 10:13:00-04:00,17.7450008392334,17.770000457763672,17.719999313354492,17.735000610351562,293128
2026-09-02 10:14:00-04:00,17.774999618530273,17.790000915527344,17.739999771118164,17.75,261410
2026-09-02 10:15:00-04:00,17.764999389648438,17.780000686645508,17.739999771118164,17.77989959716797,202990
2026-09-02 10:16:00-04:00,17.774999618530273,17.790000915527344,17.750099182128906,17.764999389648438,171537
2026-09-02 10:17:00-04:00,17.798799514770508,17.81999969482422,17.770099639892578,17.780000686645508,264218
2026-09-02 10:18:00-04:00,17.78499984741211,17.809999465942383,17.780000686645508,17.795000076293945,149005
2026-09-02 10:19:00-04:00,17.772300720214844,17.809999465942383,17.770000457763672,17.784099578857422,215070
2026-09-02 10:20:00-04:00,17.78499984741211,17.799999237060547,17.770099639892578,17.775100708007812,106077
2026-09-02 10:21:00-04:00,17.810100555419922,17.825000762939453,17.78499984741211,17.790000915527344,171060
2026-09-02 10:22:00-04:00,17.80500030517578,17.81999969482422,17.790000915527344,17.81999969482422,102038
2026-09-02 10:23:00-04:00,17.834999084472656,17.84000015258789,17.809999465942383,17.809999465942383,123493
2026-09-02 10:24:00-04:00,17.815000534057617,17.84000015258789,17.799999237060547,17.834999084472656,115395
2026-09-02 10:25:00-04:00,17.790000915527344,17.829999923706055,17.790000915527344,17.809999465942383,115683
2026-09-02 10:26:00-04:00,17.764999389648438,17.809999465942383,17.739999771118164,17.791200637817383,269029
2026-09-02 10:27:00-04:00,17.780500411987305,17.790000915527344,17.760000228881836,17.770000457763672,112732
2026-09-02 10:28:00-04:00,17.78499984741211,17.799999237060547,17.78030014038086,17.78190040588379,60089
2026-09-02 10:29:00-04:00,17.780099868774414,17.799999237060547,17.770000457763672,17.790000915527344,74104
2026-09-02 10:30:00-04:00,17.774999618530273,17.789899826049805,17.750200271606445,17.78499984741211,216682
2026-09-02 10:31:00-04:00,17.7450008392334,17.78499984741211,17.739999771118164,17.774999618530273,154309
2026-09-02 10:32:00-04:00,17.78499984741211,17.81999969482422,17.741100311279297,17.741100311279297,273923
2026-09-02 10:33:00-04:00,17.764999389648438,17.78499984741211,17.739999771118164,17.78499984741211,173034
2026-09-02 10:34:00-04:00,17.740100860595703,17.774999618530273,17.729999542236328,17.770000457763672,138892
2026-09-02 10:35:00-04:00,17.795000076293945,17.799999237060547,17.739999771118164,17.7450008392334,143264
2026-09-02 10:36:00-04:00,17.799999237060547,17.81999969482422,17.790000915527344,17.795000076293945,109777
2026-09-02 10:37:00-04:00,17.815000534057617,17.827899932861328,17.780000686645508,17.795000076293945,67732
2026-09-02 10:38:00-04:00,17.770000457763672,17.819700241088867,17.7549991607666,17.810100555419922,112668
2026-09-02 10:39:00-04:00,17.78499984741211,17.795000076293945,17.760099411010742,17.774999618530273,119781
2026-09-02 10:40:00-04:00,17.799999237060547,17.809999465942383,17.774999618530273,17.78350067138672,126035
2026-09-02 10:41:00-04:00,17.797700881958008,17.815000534057617,17.783100128173828,17.809999465942383,67492
2026-09-02 10:42:00-04:00,17.80500030517578,17.829999923706055,17.799999237060547,17.799999237060547,179505
2026-09-02 10:43:00-04:00,17.829999923706055,17.829999923706055,17.809999465942383,17.809999465942383,67290
2026-09-02 10:44:00-04:00,17.78499984741211,17.829999923706055,17.780000686645508,17.829999923706055,127972
2026-09-02 10:45:00-04:00,17.790000915527344,17.809999465942383,17.790000915527344,17.790000915527344,75511
2026-09-02 10:46:00-04:00,17.795000076293945,17.795000076293945,17.780000686645508,17.780099868774414,81132
2026-09-02 10:47:00-04:00,17.795000076293945,17.799999237060547,17.784500122070312,17.795000076293945,85518
2026-09-02 10:48:00-04:00,17.80500030517578,17.809999465942383,17.795000076293945,17.799999237060547,60676
2026-09-02 10:49:00-04:00,17.809999465942383,17.809999465942383,17.799999237060547,17.80419921875,72710
2026-09-02 10:50:00-04:00,17.79010009765625,17.815000534057617,17.78499984741211,17.809999465942383,88438
2026-09-02 10:51:00-04:00,17.80500030517578,17.809999465942383,17.780000686645508,17.792600631713867,71939
2026-09-02 10:52:00-04:00,17.864999771118164,17.864999771118164,17.795000076293945,17.80500030517578,205572
2026-09-02 10:53:00-04:00,17.825000762939453,17.8799991607666,17.81999969482422,17.864999771118164,128209
2026-09-02 10:54:00-04:00,17.834999084472656,17.84000015258789,17.825000762939453,17.825000762939453,66638
2026-09-02 10:55:00-04:00,17.878799438476562,17.889999389648438,17.834999084472656,17.84000015258789,180774
2026-09-02 10:56:00-04:00,17.854999542236328,17.889999389648438,17.853200912475586,17.8789005279541,64220
2026-09-02 10:57:00-04:00,17.875,17.895000457763672,17.854999542236328,17.854999542236328,84367
2026-09-02 10:58:00-04:00,17.860000610351562,17.8799991607666,17.850000381469727,17.875,50508
2026-09-02 10:59:00-04:00,17.885000228881836,17.889999389648438,17.854999542236328,17.864999771118164,73404
2026-09-02 11:00:00-04:00,17.8700008392334,17.889999389648438,17.860000610351562,17.8799991607666,101319
2026-09-02 11:01:00-04:00,17.879899978637695,17.8799991607666,17.860000610351562,17.87470054626465,73906
2026-09-02 11:02:00-04:00,17.864999771118164,17.8700008392334,17.844999313354492,17.8700008392334,59161
2026-09-02 11:03:00-04:00,17.844999313354492,17.8799991607666,17.840299606323242,17.864999771118164,75453
2026-09-02 11:04:00-04:00,17.854999542236328,17.8700008392334,17.84000015258789,17.84000015258789,127009
2026-09-02 11:05:00-04:00,17.850000381469727,17.860000610351562,17.840099334716797,17.854999542236328,47645
2026-09-02 11:06:00-04:00,17.849000930786133,17.8700008392334,17.84000015258789,17.860000610351562,51580
2026-09-02 11:07:00-04:00,17.834999084472656,17.848499298095703,17.809999465942383,17.848499298095703,154502
2026-09-02 11:08:00-04:00,17.825000762939453,17.850000381469727,17.815000534057617,17.834999084472656,88766
2026-09-02 11:09:00-04:00,17.825000762939453,17.84000015258789,17.795000076293945,17.825000762939453,151018
2026-09-02 11:10:00-04:00,17.795000076293945,17.81999969482422,17.790000915527344,17.81999969482422,76285
2026-09-02 11:11:00-04:00,17.81999969482422,17.825000762939453,17.770000457763672,17.790000915527344,114319
2026-09-02 11:12:00-04:00,17.819499969482422,17.850000381469727,17.809999465942383,17.820899963378906,89831
2026-09-02 11:13:00-04:00,17.815000534057617,17.81999969482422,17.809999465942383,17.812299728393555,44571
2026-09-02 11:14:00-04:00,17.825000762939453,17.829999923706055,17.80500030517578,17.809999465942383,49541
2026-09-02 11:15:00-04:00,17.834999084472656,17.84000015258789,17.815000534057617,17.825000762939453,52125
2026-09-02 11:16:00-04:00,17.875,17.8799991607666,17.81999969482422,17.834999084472656,82273
2026-09-02 11:17:00-04:00,17.895000457763672,17.90999984741211,17.8700008392334,17.8799991607666,231513
2026-09-02 11:18:00-04:00,17.890100479125977,17.90999984741211,17.885000228881836,17.895000457763672,76717
2026-09-02 11:19:00-04:00,17.875,17.899999618530273,17.8700008392334,17.895000457763672,68905
2026-09-02 11:20:00-04:00,17.890399932861328,17.899999618530273,17.8700008392334,17.875,136651
2026-09-02 11:21:00-04:00,17.854999542236328,17.899999618530273,17.850000381469727,17.889999389648438,94191
2026-09-02 11:22:00-04:00,17.84000015258789,17.860000610351562,17.829999923706055,17.854999542236328,124854
2026-09-02 11:23:00-04:00,17.84000015258789,17.8700008392334,17.84000015258789,17.850000381469727,164517
2026-09-02 11:24:00-04:00,17.860000610351562,17.8700008392334,17.834999084472656,17.834999084472656,68008
2026-09-02 11:25:00-04:00,17.860000610351562,17.8700008392334,17.850099563598633,17.860000610351562,61882
2026-09-02 11:26:00-04:00,17.854999542236328,17.8700008392334,17.850000381469727,17.860000610351562,91180
2026-09-02 11:27:00-04:00,17.871200561523438,17.8799991607666,17.854999542236328,17.854999542236328,49217
2026-09-02 11:28:00-04:00,17.815000534057617,17.877199172973633,17.81049919128418,17.876399993896484,60380
2026-09-02 11:29:00-04:00,17.829999923706055,17.829999923706055,17.81999969482422,17.81999969482422,52061
2026-09-02 11:30:00-04:00,17.80500030517578,17.850000381469727,17.800100326538086,17.829999923706055,94135
2026-09-02 11:31:00-04:00,17.819900512695312,17.819900512695312,17.790000915527344,17.80900001525879,78330
2026-09-02 11:32:00-04:00,17.799999237060547,17.825000762939453,17.799999237060547,17.815000534057617,62331
2026-09-02 11:33:00-04:00,17.78499984741211,17.80500030517578,17.774999618530273,17.80500030517578,105078
2026-09-02 11:34:00-04:00,17.780000686645508,17.790000915527344,17.770000457763672,17.780099868774414,54226
2026-09-02 11:35:00-04:00,17.787399291992188,17.790000915527344,17.774999618530273,17.780000686645508,90541
2026-09-02 11:36:00-04:00,17.764999389648438,17.790000915527344,17.764999389648438,17.78499984741211,44082
2026-09-02 11:37:00-04:00,17.774999618530273,17.780000686645508,17.7549991607666,17.764999389648438,74406
2026-09-02 11:38:00-04:00,17.735000610351562,17.774999618530273,17.729999542236328,17.774999618530273,100354
2026-09-02 11:39:00-04:00,17.764999389648438,17.770000457763672,17.729999542236328,17.735000610351562,104362
2026-09-02 11:40:00-04:00,17.7450008392334,17.770000457763672,17.7450008392334,17.764999389648438,60352
2026-09-02 11:41:00-04:00,17.75,17.75,17.735000610351562,17.7450008392334,73270
2026-09-02 11:42:00-04:00,17.75079917907715,17.768699645996094,17.7450008392334,17.7549991607666,70406
2026-09-02 11:43:00-04:00,17.74180030822754,17.760099411010742,17.739999771118164,17.750099182128906,96948
2026-09-02 11:44:00-04:00,17.7450008392334,17.759899139404297,17.735000610351562,17.747900009155273,76302
2026-09-02 11:45:00-04:00,17.71500015258789,17.7450008392334,17.709999084472656,17.739999771118164,79107
2026-09-02 11:46:00-04:00,17.718700408935547,17.719999313354492,17.700000762939453,17.719999313354492,101510
2026-09-02 11:47:00-04:00,17.7450008392334,17.749900817871094,17.704999923706055,17.709999084472656,79696
2026-09-02 11:48:00-04:00,17.7549991607666,17.760000228881836,17.729999542236328,17.7450008392334,96730
2026-09-02 11:49:00-04:00,17.735000610351562,17.760000228881836,17.735000610351562,17.7549991607666,75751
2026-09-02 11:50:00-04:00,17.735000610351562,17.7450008392334,17.729999542236328,17.735000610351562,73858
2026-09-02 11:51:00-04:00,17.735000610351562,17.74209976196289,17.729999542236328,17.735000610351562,35041
2026-09-02 11:52:00-04:00,17.704999923706055,17.735000610351562,17.700000762939453,17.729999542236328,52458
2026-09-02 11:53:00-04:00,17.717199325561523,17.729999542236328,17.709999084472656,17.709999084472656,44363
2026-09-02 11:54:00-04:00,17.704999923706055,17.719999313354492,17.690000534057617,17.717300415039062,52084
2026-09-02 11:55:00-04:00,17.704999923706055,17.709999084472656,17.69499969482422,17.704999923706055,31188
2026-09-02 11:56:00-04:00,17.713199615478516,17.71500015258789,17.684999465942383,17.700000762939453,52653
2026-09-02 11:57:00-04:00,17.719900131225586,17.719999313354492,17.709999084472656,17.709999084472656,21172
2026-09-02 11:58:00-04:00,17.719999313354492,17.729999542236328,17.709999084472656,17.71500015258789,54183
2026-09-02 11:59:00-04:00,17.735000610351562,17.739999771118164,17.725000381469727,17.727699279785156,50401
2026-09-02 12:00:00-04:00,17.725000381469727,17.739999771118164,17.719999313354492,17.735000610351562,20650
2026-09-02 12:01:00-04:00,17.704999923706055,17.719999313354492,17.684999465942383,17.719999313354492,219089
2026-09-02 12:02:00-04:00,17.688100814819336,17.707700729370117,17.684999465942383,17.700000762939453,29163
2026-09-02 12:03:00-04:00,17.684999465942383,17.700000762939453,17.680200576782227,17.684999465942383,77199
2026-09-02 12:04:00-04:00,17.690000534057617,17.700000762939453,17.680099487304688,17.68199920654297,30621
2026-09-02 12:05:00-04:00,17.684999465942383,17.684999465942383,17.674999237060547,17.68000030517578,30481
2026-09-02 12:06:00-04:00,17.699899673461914,17.700000762939453,17.68000030517578,17.684999465942383,24482
2026-09-02 12:07:00-04:00,17.719999313354492,17.719999313354492,17.69499969482422,17.69499969482422,50271
2026-09-02 12:08:00-04:00,17.725000381469727,17.729999542236328,17.709999084472656,17.719999313354492,35260
2026-09-02 12:09:00-04:00,17.7450008392334,17.75,17.725000381469727,17.728099822998047,58444
2026-09-02 12:10:00-04:00,17.739999771118164,17.760000228881836,17.739999771118164,17.739999771118164,48677
2026-09-02 12:11:00-04:00,17.795000076293945,17.799999237060547,17.75,17.75,80530
2026-09-02 12:12:00-04:00,17.825000762939453,17.829999923706055,17.79439926147461,17.79439926147461,51715
2026-09-02 12:13:00-04:00,17.84000015258789,17.84000015258789,17.81999969482422,17.825000762939453,56473
2026-09-02 12:14:00-04:00,17.844999313354492,17.850000381469727,17.829999923706055,17.84000015258789,74097
2026-09-02 12:15:00-04:00,17.844999313354492,17.850000381469727,17.833999633789062,17.844999313354492,164118
2026-09-02 12:16:00-04:00,17.825000762939453,17.875,17.81999969482422,17.850000381469727,131230
2026-09-02 12:17:00-04:00,17.885000228881836,17.895000457763672,17.81999969482422,17.829500198364258,116498
2026-09-02 12:18:00-04:00,17.859600067138672,17.905000686645508,17.850000381469727,17.885000228881836,163092
2026-09-02 12:19:00-04:00,17.864999771118164,17.86989974975586,17.850000381469727,17.860000610351562,74600
2026-09-02 12:20:00-04:00,17.875,17.8799991607666,17.860000610351562,17.8700008392334,33946
2026-09-02 12:21:00-04:00,17.864999771118164,17.875,17.850000381469727,17.875,51220
2026-09-02 12:22:00-04:00,17.854999542236328,17.8700008392334,17.850000381469727,17.864999771118164,57932
2026-09-02 12:23:00-04:00,17.834999084472656,17.859899520874023,17.832300186157227,17.854999542236328,46991
2026-09-02 12:24:00-04:00,17.834999084472656,17.84000015258789,17.81999969482422,17.834999084472656,124478
2026-09-02 12:25:00-04:00,17.860000610351562,17.860000610351562,17.829999923706055,17.836000442504883,85956
2026-09-02 12:26:00-04:00,17.84510040283203,17.860000610351562,17.84000015258789,17.85580062866211,45083
2026-09-02 12:27:00-04:00,17.854999542236328,17.860000610351562,17.850000381469727,17.850000381469727,28933
2026-09-02 12:28:00-04:00,17.851200103759766,17.8700008392334,17.848899841308594,17.857999801635742,44215
2026-09-02 12:29:00-04:00,17.841299057006836,17.850000381469727,17.829999923706055,17.850000381469727,41735
2026-09-02 12:30:00-04:00,17.844999313354492,17.850000381469727,17.829999923706055,17.844999313354492,39507
2026-09-02 12:31:00-04:00,17.846099853515625,17.860000610351562,17.840099334716797,17.850000381469727,24866
2026-09-02 12:32:00-04:00,17.844999313354492,17.860000610351562,17.84000015258789,17.850000381469727,18159
2026-09-02 12:33:00-04:00,17.860000610351562,17.860000610351562,17.844999313354492,17.844999313354492,46192
2026-09-02 12:34:00-04:00,17.844999313354492,17.860000610351562,17.844999313354492,17.850000381469727,18048
2026-09-02 12:35:00-04:00,17.850000381469727,17.854999542236328,17.829999923706055,17.844999313354492,80165
2026-09-02 12:36:00-04:00,17.834999084472656,17.850000381469727,17.834999084472656,17.850000381469727,46079
2026-09-02 12:37:00-04:00,17.854999542236328,17.854999542236328,17.84000015258789,17.84000015258789,33932
2026-09-02 12:38:00-04:00,17.854999542236328,17.860000610351562,17.844999313354492,17.850000381469727,34951
2026-09-02 12:39:00-04:00,17.840999603271484,17.8700008392334,17.829999923706055,17.859699249267578,116058
2026-09-02 12:40:00-04:00,17.834999084472656,17.849899291992188,17.829999923706055,17.849899291992188,18383
2026-09-02 12:41:00-04:00,17.834999084472656,17.84000015258789,17.825000762939453,17.834999084472656,60436
2026-09-02 12:42:00-04:00,17.825000762939453,17.84510040283203,17.81999969482422,17.84000015258789,76232
2026-09-02 12:43:00-04:00,17.834999084472656,17.834999084472656,17.81999969482422,17.825000762939453,26247
2026-09-02 12:44:00-04:00,17.829999923706055,17.84000015258789,17.81999969482422,17.829999923706055,46082
2026-09-02 12:45:00-04:00,17.844999313354492,17.850000381469727,17.82990074157715,17.82990074157715,36338
2026-09-02 12:46:00-04:00,17.829999923706055,17.84510040283203,17.828100204467773,17.844999313354492,29550
2026-09-02 12:47:00-04:00,17.799999237060547,17.829999923706055,17.799999237060547,17.829999923706055,151931
2026-09-02 12:48:00-04:00,17.795000076293945,17.815000534057617,17.795000076293945,17.80500030517578,23849
2026-09-02 12:49:00-04:00,17.795000076293945,17.799999237060547,17.790000915527344,17.795000076293945,15205
2026-09-02 12:50:00-04:00,17.799999237060547,17.809999465942383,17.799999237060547,17.799999237060547,32867
2026-09-02 12:51:00-04:00,17.799999237060547,17.809900283813477,17.79010009765625,17.80500030517578,51519
2026-09-02 12:52:00-04:00,17.821500778198242,17.829999923706055,17.80500030517578,17.80500030517578,55015
2026-09-02 12:53:00-04:00,17.84149932861328,17.850000381469727,17.810100555419922,17.829999923706055,80600
2026-09-02 12:54:00-04:00,17.834999084472656,17.850000381469727,17.81999969482422,17.850000381469727,54937
2026-09-02 12:55:00-04:00,17.80500030517578,17.84000015258789,17.799999237060547,17.834999084472656,28177
2026-09-02 12:56:00-04:00,17.809999465942383,17.809999465942383,17.799999237060547,17.800100326538086,29569
2026-09-02 12:57:00-04:00,17.80500030517578,17.82379913330078,17.80500030517578,17.809999465942383,36056
2026-09-02 12:58:00-04:00,17.799999237060547,17.81999969482422,17.799999237060547,17.80500030517578,44034
2026-09-02 12:59:00-04:00,17.795000076293945,17.80500030517578,17.790000915527344,17.80500030517578,42209
2026-09-02 13:00:00-04:00,17.80500030517578,17.809999465942383,17.795000076293945,17.795000076293945,13987
2026-09-02 13:01:00-04:00,17.80500030517578,17.809999465942383,17.799999237060547,17.80500030517578,28820
2026-09-02 13:02:00-04:00,17.790000915527344,17.80500030517578,17.790000915527344,17.799999237060547,13756
2026-09-02 13:03:00-04:00,17.799999237060547,17.799999237060547,17.790000915527344,17.79010009765625,7351
2026-09-02 13:04:00-04:00,17.80500030517578,17.809999465942383,17.790000915527344,17.795000076293945,14147
2026-09-02 13:05:00-04:00,17.78499984741211,17.817899703979492,17.780000686645508,17.809999465942383,42781
2026-09-02 13:06:00-04:00,17.78499984741211,17.799999237060547,17.780000686645508,17.790000915527344,49963
2026-09-02 13:07:00-04:00,17.77120018005371,17.795000076293945,17.770599365234375,17.790000915527344,19224
2026-09-02 13:08:00-04:00,17.789899826049805,17.790000915527344,17.780000686645508,17.780000686645508,33317
2026-09-02 13:09:00-04:00,17.770099639892578,17.790000915527344,17.770099639892578,17.78499984741211,12422
2026-09-02 13:10:00-04:00,17.795000076293945,17.799999237060547,17.770099639892578,17.774999618530273,43956
2026-09-02 13:11:00-04:00,17.799999237060547,17.80500030517578,17.790000915527344,17.799999237060547,22866
2026-09-02 13:12:00-04:00,17.79509925842285,17.809999465942383,17.795000076293945,17.799999237060547,94092
2026-09-02 13:13:00-04:00,17.790000915527344,17.79599952697754,17.78499984741211,17.795000076293945,45559
2026-09-02 13:14:00-04:00,17.790000915527344,17.799999237060547,17.780000686645508,17.795000076293945,63964
2026-09-02 13:15:00-04:00,17.790000915527344,17.795000076293945,17.780000686645508,17.788299560546875,17604
2026-09-02 13:16:00-04:00,17.774999618530273,17.790000915527344,17.770000457763672,17.78499984741211,25367
2026-09-02 13:17:00-04:00,17.774999618530273,17.780000686645508,17.770000457763672,17.775100708007812,27891
2026-09-02 13:18:00-04:00,17.780099868774414,17.790000915527344,17.774999618530273,17.774999618530273,17841
2026-09-02 13:19:00-04:00,17.764999389648438,17.790000915527344,17.760099411010742,17.790000915527344,127753
2026-09-02 13:20:00-04:00,17.7450008392334,17.764999389648438,17.739999771118164,17.764999389648438,86122
2026-09-02 13:21:00-04:00,17.750999450683594,17.760000228881836,17.739999771118164,17.75,49470
2026-09-02 13:22:00-04:00,17.764999389648438,17.770000457763672,17.7549991607666,17.7549991607666,56497
2026-09-02 13:23:00-04:00,17.764999389648438,17.770000457763672,17.750099182128906,17.764999389648438,37318
2026-09-02 13:24:00-04:00,17.746000289916992,17.770000457763672,17.7450008392334,17.770000457763672,44463
2026-09-02 13:25:00-04:00,17.749900817871094,17.749900817871094,17.739999771118164,17.7450008392334,14332
2026-09-02 13:26:00-04:00,17.752599716186523,17.760000228881836,17.739999771118164,17.75,102735
2026-09-02 13:27:00-04:00,17.739999771118164,17.7549991607666,17.739999771118164,17.75,65641
2026-09-02 13:28:00-04:00,17.7549991607666,17.760000228881836,17.739999771118164,17.7450008392334,35739
2026-09-02 13:29:00-04:00,17.7677001953125,17.768699645996094,17.75,17.75,52039
2026-09-02 13:30:00-04:00,17.770000457763672,17.770000457763672,17.760000228881836,17.764999389648438,21468
2026-09-02 13:31:00-04:00,17.760099411010742,17.777700424194336,17.7549991607666,17.764999389648438,75545
2026-09-02 13:32:00-04:00,17.7549991607666,17.774999618530273,17.7549991607666,17.764999389648438,61841
2026-09-02 13:33:00-04:00,17.75790023803711,17.75790023803711,17.739999771118164,17.7549991607666,24890
2026-09-02 13:34:00-04:00,17.75,17.760000228881836,17.75,17.7549991607666,19472
2026-09-02 13:35:00-04:00,17.7549991607666,17.760000228881836,17.75,17.751100540161133,25677
2026-09-02 13:36:00-04:00,17.739999771118164,17.758800506591797,17.735000610351562,17.7549991607666,46795
2026-09-02 13:37:00-04:00,17.7450008392334,17.75,17.730100631713867,17.735000610351562,37030
2026-09-02 13:38:00-04:00,17.739999771118164,17.75,17.739999771118164,17.7450008392334,29757
2026-09-02 13:39:00-04:00,17.7450008392334,17.760000228881836,17.739999771118164,17.7450008392334,47266
2026-09-02 13:40:00-04:00,17.7549991607666,17.75950050354004,17.7450008392334,17.7450008392334,41086
2026-09-02 13:41:00-04:00,17.7549991607666,17.760000228881836,17.7450008392334,17.7549991607666,12564
2026-09-02 13:42:00-04:00,17.75,17.7549991607666,17.7450008392334,17.7549991607666,48913
2026-09-02 13:43:00-04:00,17.7549991607666,17.760000228881836,17.75,17.7549991607666,28018
2026-09-02 13:44:00-04:00,17.770000457763672,17.77989959716797,17.760000228881836,17.760000228881836,43727
2026-09-02 13:45:00-04:00,17.78569984436035,17.790000915527344,17.770000457763672,17.770000457763672,27628
2026-09-02 13:46:00-04:00,17.78890037536621,17.790000915527344,17.780000686645508,17.780000686645508,23379
2026-09-02 13:47:00-04:00,17.799999237060547,17.799999237060547,17.770000457763672,17.78499984741211,38132
2026-09-02 13:48:00-04:00,17.799999237060547,17.809999465942383,17.780099868774414,17.799999237060547,39832
2026-09-02 13:49:00-04:00,17.809999465942383,17.809999465942383,17.799999237060547,17.799999237060547,34329
2026-09-02 13:50:00-04:00,17.81999969482422,17.81999969482422,17.80500030517578,17.80500030517578,25923
2026-09-02 13:51:00-04:00,17.825000762939453,17.825000762939453,17.809999465942383,17.81999969482422,31479
2026-09-02 13:52:00-04:00,17.81999969482422,17.829999923706055,17.81999969482422,17.825000762939453,28703
2026-09-02 13:53:00-04:00,17.829999923706055,17.84000015258789,17.815000534057617,17.815000534057617,52891
2026-09-02 13:54:00-04:00,17.825000762939453,17.834999084472656,17.81999969482422,17.829999923706055,54492
2026-09-02 13:55:00-04:00,17.829999923706055,17.84000015258789,17.81999969482422,17.825000762939453,50377
2026-09-02 13:56:00-04:00,17.834999084472656,17.844999313354492,17.829999923706055,17.84000015258789,87939
2026-09-02 13:57:00-04:00,17.850000381469727,17.850000381469727,17.839000701904297,17.839000701904297,33929
2026-09-02 13:58:00-04:00,17.844999313354492,17.850000381469727,17.84000015258789,17.844999313354492,31753
2026-09-02 13:59:00-04:00,17.844999313354492,17.854999542236328,17.84000015258789,17.844999313354492,145305
2026-09-02 14:00:00-04:00,17.84000015258789,17.850000381469727,17.829999923706055,17.844999313354492,35327
2026-09-02 14:01:00-04:00,17.834999084472656,17.84239959716797,17.829999923706055,17.84000015258789,65674
2026-09-02 14:02:00-04:00,17.864999771118164,17.8700008392334,17.83009910583496,17.84000015258789,96206
2026-09-02 14:03:00-04:00,17.8799991607666,17.889999389648438,17.864999771118164,17.8700008392334,73076
2026-09-02 14:04:00-04:00,17.875,17.889999389648438,17.8700008392334,17.875,82544
2026-09-02 14:05:00-04:00,17.875,17.889999389648438,17.8700008392334,17.8799991607666,32452
2026-09-02 14:06:00-04:00,17.864999771118164,17.8799991607666,17.864999771118164,17.8799991607666,16783
2026-09-02 14:07:00-04:00,17.860000610351562,17.866500854492188,17.854999542236328,17.864999771118164,70357
2026-09-02 14:08:00-04:00,17.8799991607666,17.8799991607666,17.860000610351562,17.860000610351562,23291
2026-09-02 14:09:00-04:00,17.8700008392334,17.8799991607666,17.864999771118164,17.87969970703125,28688
2026-09-02 14:10:00-04:00,17.885000228881836,17.889999389648438,17.860000610351562,17.875,73312
2026-09-02 14:11:00-04:00,17.8700008392334,17.889999389648438,17.8700008392334,17.885000228881836,58683
2026-09-02 14:12:00-04:00,17.8700008392334,17.8799991607666,17.8700008392334,17.871200561523438,9358
2026-09-02 14:13:00-04:00,17.87779998779297,17.889999389648438,17.8700008392334,17.875,41905
2026-09-02 14:14:00-04:00,17.875,17.885000228881836,17.8700008392334,17.870100021362305,34817
2026-09-02 14:15:00-04:00,17.895000457763672,17.895999908447266,17.8700008392334,17.878999710083008,85882
2026-09-02 14:16:00-04:00,17.864999771118164,17.889999389648438,17.86009979248047,17.889999389648438,33726
2026-09-02 14:17:00-04:00,17.854999542236328,17.864999771118164,17.850000381469727,17.864999771118164,26185
2026-09-02 14:18:00-04:00,17.875,17.895000457763672,17.84000015258789,17.854999542236328,80406
2026-09-02 14:19:00-04:00,17.882099151611328,17.889999389648438,17.878999710083008,17.878999710083008,51442
2026-09-02 14:20:00-04:00,17.8799991607666,17.889999389648438,17.875,17.885000228881836,26716
2026-09-02 14:21:00-04:00,17.885000228881836,17.895000457763672,17.8700008392334,17.885000228881836,141010
2026-09-02 14:22:00-04:00,17.878799438476562,17.889999389648438,17.870100021362305,17.881999969482422,63572
2026-09-02 14:23:00-04:00,17.895000457763672,17.899599075317383,17.8799991607666,17.8799991607666,40625
2026-09-02 14:24:00-04:00,17.895000457763672,17.899999618530273,17.889999389648438,17.895000457763672,23731
2026-09-02 14:25:00-04:00,17.875,17.905000686645508,17.875,17.899999618530273,163358
2026-09-02 14:26:00-04:00,17.875,17.8799991607666,17.8700008392334,17.875,27526
2026-09-02 14:27:00-04:00,17.875,17.8799991607666,17.8700008392334,17.875,9803
2026-09-02 14:28:00-04:00,17.875,17.8799991607666,17.86009979248047,17.875,65743
2026-09-02 14:29:00-04:00,17.885000228881836,17.889999389648438,17.870100021362305,17.8799991607666,80329
2026-09-02 14:30:00-04:00,17.895000457763672,17.895000457763672,17.87019920349121,17.885000228881836,58674
2026-09-02 14:31:00-04:00,17.885000228881836,17.895000457763672,17.8799991607666,17.889999389648438,14804
2026-09-02 14:32:00-04:00,17.8799991607666,17.889999389648438,17.875,17.88409996032715,27742
2026-09-02 14:33:00-04:00,17.875,17.879899978637695,17.864999771118164,17.8700008392334,86856
2026-09-02 14:34:00-04:00,17.875,17.8799991607666,17.864999771118164,17.875,17219
2026-09-02 14:35:00-04:00,17.864999771118164,17.889999389648438,17.864999771118164,17.875,57367
2026-09-02 14:36:00-04:00,17.875,17.875,17.864999771118164,17.864999771118164,32253
2026-09-02 14:37:00-04:00,17.875,17.8799991607666,17.8700008392334,17.870100021362305,13518
2026-09-02 14:38:00-04:00,17.864999771118164,17.8799991607666,17.861900329589844,17.875,34600
2026-09-02 14:39:00-04:00,17.864999771118164,17.8700008392334,17.854999542236328,17.86989974975586,44904
2026-09-02 14:40:00-04:00,17.875,17.879899978637695,17.860000610351562,17.864999771118164,23134
2026-09-02 14:41:00-04:00,17.875,17.8799991607666,17.860000610351562,17.875,78672
2026-09-02 14:42:00-04:00,17.864999771118164,17.877500534057617,17.86009979248047,17.8700008392334,27250
2026-09-02 14:43:00-04:00,17.86870002746582,17.8700008392334,17.860000610351562,17.864999771118164,24233
2026-09-02 14:44:00-04:00,17.875,17.8799991607666,17.8700008392334,17.8700008392334,29057
2026-09-02 14:45:00-04:00,17.885000228881836,17.889999389648438,17.8700008392334,17.875,62023
2026-09-02 14:46:00-04:00,17.860000610351562,17.889999389648438,17.860000610351562,17.885000228881836,63069
2026-09-02 14:47:00-04:00,17.838600158691406,17.8700008392334,17.829999923706055,17.8700008392334,43260
2026-09-02 14:48:00-04:00,17.854999542236328,17.854999542236328,17.83049964904785,17.834999084472656,46404
2026-09-02 14:49:00-04:00,17.854999542236328,17.860000610351562,17.850000381469727,17.854999542236328,12120
2026-09-02 14:50:00-04:00,17.844999313354492,17.860000610351562,17.84000015258789,17.860000610351562,58134
2026-09-02 14:51:00-04:00,17.854999542236328,17.860000610351562,17.84000015258789,17.844999313354492,20615
2026-09-02 14:52:00-04:00,17.844999313354492,17.860000610351562,17.844999313354492,17.854999542236328,14072
2026-09-02 14:53:00-04:00,17.860000610351562,17.865100860595703,17.841999053955078,17.843700408935547,72690
2026-09-02 14:54:00-04:00,17.864999771118164,17.8700008392334,17.851299285888672,17.854999542236328,65383
2026-09-02 14:55:00-04:00,17.871000289916992,17.8799991607666,17.860000610351562,17.864999771118164,43646
2026-09-02 14:56:00-04:00,17.8799991607666,17.8799991607666,17.8700008392334,17.875,15445
2026-09-02 14:57:00-04:00,17.864999771118164,17.875,17.850099563598633,17.875,44967
2026-09-02 14:58:00-04:00,17.885000228881836,17.889999389648438,17.860000610351562,17.864999771118164,74520
2026-09-02 14:59:00-04:00,17.885000228881836,17.888599395751953,17.8799991607666,17.886199951171875,36518
2026-09-02 15:00:00-04:00,17.875,17.885000228881836,17.8700008392334,17.885000228881836,59796
2026-09-02 15:01:00-04:00,17.875,17.889999389648438,17.8700008392334,17.8799991607666,84722
2026-09-02 15:02:00-04:00,17.875,17.875,17.860000610351562,17.873600006103516,25608
2026-09-02 15:03:00-04:00,17.875,17.8799991607666,17.860000610351562,17.8799991607666,45932
2026-09-02 15:04:00-04:00,17.889999389648438,17.891399383544922,17.879499435424805,17.8799991607666,58713
2026-09-02 15:05:00-04:00,17.875,17.888700485229492,17.8700008392334,17.885000228881836,37344
2026-09-02 15:06:00-04:00,17.885000228881836,17.889999389648438,17.871400833129883,17.871400833129883,39136
2026-09-02 15:07:00-04:00,17.899999618530273,17.90999984741211,17.8799991607666,17.885000228881836,60471
2026-09-02 15:08:00-04:00,17.915000915527344,17.915000915527344,17.915000915527344,17.915000915527344,0
