Price,Close,High,Low,Open,Volume
Ticker,SOUN,SOUN,SOUN,SOUN,SOUN
Datetime,,,,,
2026-08-27 09:30:00-04:00,7.140100002288818,7.164999961853027,7.110000133514404,7.131999969482422,650051
2026-08-27 09:31:00-04:00,7.09499979019165,7.190000057220459,7.079999923706055,7.144999980926514,234657
2026-08-27 09:32:00-04:00,7.135000228881836,7.13539981842041,7.09499979019165,7.09499979019165,68077
2026-08-27 09:33:00-04:00,7.085000038146973,7.135000228881836,7.079999923706055,7.135000228881836,92206
2026-08-27 09:34:00-04:00,7.085000038146973,7.090000152587891,7.056000232696533,7.085000038146973,74651
2026-08-27 09:35:00-04:00,7.099999904632568,7.105000019073486,7.074999809265137,7.0802001953125,65244
2026-08-27 09:36:00-04:00,7.151400089263916,7.159999847412109,7.093100070953369,7.09499979019165,139432
2026-08-27 09:37:00-04:00,7.164999961853027,7.170000076293945,7.144999980926514,7.150100231170654,111448
2026-08-27 09:38:00-04:00,7.176300048828125,7.1875,7.159999847412109,7.1605000495910645,124050
2026-08-27 09:39:00-04:00,7.192399978637695,7.199999809265137,7.164999961853027,7.175000190734863,118207
2026-08-27 09:40:00-04:00,7.210000038146973,7.210000038146973,7.190000057220459,7.191400051116943,180249
2026-08-27 09:41:00-04:00,7.210000038146973,7.239999771118164,7.204999923706055,7.2153000831604,210066
2026-08-27 09:42:00-04:00,7.235000133514404,7.25,7.184999942779541,7.218599796295166,385183
2026-08-27 09:43:00-04:00,7.240099906921387,7.25,7.221399784088135,7.230000019073486,157801
2026-08-27 09:44:00-04:00,7.270100116729736,7.28000020980835,7.244999885559082,7.244999885559082,330338
2026-08-27 09:45:00-04:00,7.255000114440918,7.300000190734863,7.255000114440918,7.271699905395508,228627
2026-08-27 09:46:00-04:00,7.244999885559082,7.260000228881836,7.233699798583984,7.255000114440918,123896
2026-08-27 09:47:00-04:00,7.179999828338623,7.244999885559082,7.175000190734863,7.240200042724609,108913
2026-08-27 09:48:00-04:00,7.220099925994873,7.230000019073486,7.179999828338623,7.184999942779541,64588
2026-08-27 09:49:00-04:00,7.21999979019165,7.230000019073486,7.199999809265137,7.230000019073486,98823
2026-08-27 09:50:00-04:00,7.25,7.260000228881836,7.211400032043457,7.215000152587891,83140
2026-08-27 09:51:00-04:00,7.275000095367432,7.28000020980835,7.255000114440918,7.260000228881836,133335
2026-08-27 09:52:00-04:00,7.304999828338623,7.320000171661377,7.2600998878479,7.275000095367432,504252
2026-08-27 09:53:00-04:00,7.284999847412109,7.320000171661377,7.281400203704834,7.304999828338623,78560
2026-08-27 09:54:00-04:00,7.269499778747559,7.295000076293945,7.260000228881836,7.289899826049805,63422
2026-08-27 09:55:00-04:00,7.304999828338623,7.309899806976318,7.260000228881836,7.260000228881836,153397
2026-08-27 09:56:00-04:00,7.295000076293945,7.319900035858154,7.275000095367432,7.304999828338623,139635
2026-08-27 09:57:00-04:00,7.284999847412109,7.289999961853027,7.269999980926514,7.289999961853027,50203
2026-08-27 09:58:00-04:00,7.284999847412109,7.300000190734863,7.28000020980835,7.289999961853027,53503
2026-08-27 09:59:00-04:00,7.298999786376953,7.300000190734863,7.28000020980835,7.289999961853027,54720
2026-08-27 10:00:00-04:00,7.255000114440918,7.300000190734863,7.25,7.295000076293945,124548
2026-08-27 10:01:00-04:00,7.244999885559082,7.275000095367432,7.240699768066406,7.250100135803223,53820
2026-08-27 10:02:00-04:00,7.264999866485596,7.264999866485596,7.239999771118164,7.240099906921387,38747
2026-08-27 10:03:00-04:00,7.260000228881836,7.269999980926514,7.25,7.264999866485596,59211
2026-08-27 10:04:00-04:00,7.240099906921387,7.267399787902832,7.239999771118164,7.265999794006348,72024
2026-08-27 10:05:00-04:00,7.275000095367432,7.28000020980835,7.244999885559082,7.244999885559082,62569
2026-08-27 10:06:00-04:00,7.289999961853027,7.300000190734863,7.264999866485596,7.271500110626221,47125
2026-08-27 10:07:00-04:00,7.300000190734863,7.309999942779541,7.28000020980835,7.2866997718811035,85823
2026-08-27 10:08:00-04:00,7.295000076293945,7.309999942779541,7.29010009765625,7.301400184631348,79850
2026-08-27 10:09:00-04:00,7.280099868774414,7.295000076293945,7.2779998779296875,7.291999816894531,41095
2026-08-27 10:10:00-04:00,7.284999847412109,7.299900054931641,7.28000020980835,7.284999847412109,71122
2026-08-27 10:11:00-04:00,7.282599925994873,7.2895002365112305,7.269999980926514,7.28000020980835,51917
2026-08-27 10:12:00-04:00,7.269899845123291,7.284999847412109,7.260000228881836,7.284999847412109,36956
2026-08-27 10:13:00-04:00,7.278600215911865,7.28000020980835,7.264999866485596,7.264999866485596,46275
2026-08-27 10:14:00-04:00,7.269899845123291,7.28000020980835,7.2600998878479,7.279900074005127,96371
2026-08-27 10:15:00-04:00,7.315000057220459,7.315000057220459,7.269999980926514,7.269999980926514,100394
2026-08-27 10:16:00-04:00,7.324999809265137,7.329999923706055,7.312600135803223,7.320000171661377,145241
2026-08-27 10:17:00-04:00,7.315000057220459,7.329999923706055,7.315000057220459,7.324999809265137,69172
2026-08-27 10:18:00-04:00,7.335000038146973,7.340000152587891,7.309999942779541,7.310100078582764,53921
2026-08-27 10:19:00-04:00,7.346199989318848,7.369999885559082,7.324999809265137,7.329999923706055,314926
2026-08-27 10:20:00-04:00,7.340099811553955,7.360000133514404,7.335000038146973,7.34499979019165,105571
2026-08-27 10:21:00-04:00,7.349999904632568,7.349999904632568,7.340000152587891,7.347400188446045,30263
2026-08-27 10:22:00-04:00,7.340000152587891,7.349999904632568,7.321400165557861,7.348599910736084,114093
2026-08-27 10:23:00-04:00,7.320000171661377,7.349999904632568,7.320000171661377,7.335000038146973,156518
2026-08-27 10:24:00-04:00,7.324999809265137,7.329999923706055,7.309999942779541,7.320000171661377,45756
2026-08-27 10:25:00-04:00,7.332300186157227,7.332300186157227,7.320000171661377,7.329899787902832,40191
2026-08-27 10:26:00-04:00,7.339900016784668,7.340000152587891,7.329999923706055,7.339900016784668,16886
2026-08-27 10:27:00-04:00,7.335000038146973,7.349800109863281,7.329999923706055,7.340000152587891,77046
2026-08-27 10:28:00-04:00,7.324999809265137,7.339900016784668,7.320000171661377,7.335000038146973,43712
2026-08-27 10:29:00-04:00,7.34499979019165,7.360000133514404,7.329999923706055,7.335000038146973,114678
2026-08-27 10:30:00-04:00,7.336299896240234,7.355000019073486,7.335000038146973,7.349899768829346,79066
2026-08-27 10:31:00-04:00,7.324999809265137,7.349999904632568,7.320000171661377,7.340000152587891,66195
2026-08-27 10:32:00-04:00,7.320499897003174,7.32859992980957,7.309999942779541,7.322500228881836,52816
2026-08-27 10:33:00-04:00,7.315000057220459,7.329999923706055,7.310500144958496,7.323800086975098,40009
2026-08-27 10:34:00-04:00,7.275000095367432,7.312600135803223,7.269999980926514,7.312600135803223,306196
2026-08-27 10:35:00-04:00,7.284999847412109,7.295000076293945,7.269999980926514,7.269999980926514,71500
2026-08-27 10:36:00-04:00,7.310100078582764,7.315000057220459,7.28000020980835,7.285200119018555,62850
2026-08-27 10:37:00-04:00,7.295000076293945,7.320000171661377,7.295000076293945,7.320000171661377,96255
2026-08-27 10:38:00-04:00,7.284999847412109,7.295000076293945,7.28000020980835,7.295000076293945,62413
2026-08-27 10:39:00-04:00,7.280099868774414,7.289999961853027,7.28000020980835,7.289999961853027,52337
2026-08-27 10:40:00-04:00,7.275000095367432,7.289999961853027,7.269999980926514,7.284999847412109,60313
2026-08-27 10:41:00-04:00,7.284999847412109,7.289999961853027,7.269999980926514,7.270100116729736,76821
2026-08-27 10:42:00-04:00,7.309999942779541,7.309999942779541,7.282299995422363,7.289999961853027,83240
2026-08-27 10:43:00-04:00,7.304999828338623,7.309999942779541,7.300000190734863,7.309899806976318,74641
2026-08-27 10:44:00-04:00,7.304999828338623,7.309999942779541,7.300000190734863,7.300000190734863,28706
2026-08-27 10:45:00-04:00,7.304999828338623,7.304999828338623,7.289999961853027,7.302599906921387,56042
2026-08-27 10:46:00-04:00,7.304999828338623,7.309999942779541,7.300000190734863,7.300000190734863,75182
2026-08-27 10:47:00-04:00,7.287300109863281,7.309999942779541,7.281000137329102,7.300000190734863,92913
2026-08-27 10:48:00-04:00,7.291399955749512,7.300000190734863,7.28000020980835,7.284999847412109,37195
2026-08-27 10:49:00-04:00,7.295000076293945,7.309999942779541,7.295000076293945,7.2982001304626465,100857
2026-08-27 10:50:00-04:00,7.289899826049805,7.298600196838379,7.282599925994873,7.298600196838379,24769
2026-08-27 10:51:00-04:00,7.298600196838379,7.300000190734863,7.28000020980835,7.284999847412109,105515
2026-08-27 10:52:00-04:00,7.301400184631348,7.309999942779541,7.293700218200684,7.293700218200684,49516
2026-08-27 10:53:00-04:00,7.315000057220459,7.320000171661377,7.300000190734863,7.304999828338623,67819
2026-08-27 10:54:00-04:00,7.304999828338623,7.319900035858154,7.295000076293945,7.319900035858154,59369
2026-08-27 10:55:00-04:00,7.315000057220459,7.317699909210205,7.300000190734863,7.300000190734863,117986
2026-08-27 10:56:00-04:00,7.321400165557861,7.324999809265137,7.309999942779541,7.315000057220459,94964
2026-08-27 10:57:00-04:00,7.31220006942749,7.324999809265137,7.309999942779541,7.324999809265137,53195
2026-08-27 10:58:00-04:00,7.335000038146973,7.340000152587891,7.310400009155273,7.310400009155273,74606
2026-08-27 10:59:00-04:00,7.329999923706055,7.340000152587891,7.320000171661377,7.335000038146973,96870
2026-08-27 11:00:00-04:00,7.337500095367432,7.34499979019165,7.329999923706055,7.340000152587891,77433
2026-08-27 11:01:00-04:00,7.34499979019165,7.349999904632568,7.33050012588501,7.335000038146973,26688
2026-08-27 11:02:00-04:00,7.335000038146973,7.34499979019165,7.329999923706055,7.34499979019165,57853
2026-08-27 11:03:00-04:00,7.327300071716309,7.346399784088135,7.320000171661377,7.337399959564209,133463
2026-08-27 11:04:00-04:00,7.324999809265137,7.329999923706055,7.321400165557861,7.324999809265137,54797
2026-08-27 11:05:00-04:00,7.359899997711182,7.359899997711182,7.320000171661377,7.324999809265137,106295
2026-08-27 11:06:00-04:00,7.347599983215332,7.360000133514404,7.347599983215332,7.355000019073486,78413
2026-08-27 11:07:00-04:00,7.324999809265137,7.349899768829346,7.320499897003174,7.349899768829346,39120
2026-08-27 11:08:00-04:00,7.324999809265137,7.329999923706055,7.320000171661377,7.320000171661377,47915
2026-08-27 11:09:00-04:00,7.337299823760986,7.337299823760986,7.309999942779541,7.324999809265137,74008
2026-08-27 11:10:00-04:00,7.335000038146973,7.349899768829346,7.329999923706055,7.335000038146973,259413
2026-08-27 11:11:00-04:00,7.3495001792907715,7.349999904632568,7.335000038146973,7.335000038146973,58910
2026-08-27 11:12:00-04:00,7.335000038146973,7.360000133514404,7.329999923706055,7.34499979019165,166037
2026-08-27 11:13:00-04:00,7.335000038146973,7.340000152587891,7.330100059509277,7.340000152587891,34091
2026-08-27 11:14:00-04:00,7.33050012588501,7.340000152587891,7.329999923706055,7.335000038146973,97404
2026-08-27 11:15:00-04:00,7.335000038146973,7.339900016784668,7.329999923706055,7.330100059509277,33243
2026-08-27 11:16:00-04:00,7.3495001792907715,7.349999904632568,7.335000038146973,7.335000038146973,100800
2026-08-27 11:17:00-04:00,7.357699871063232,7.360000133514404,7.340000152587891,7.34499979019165,76201
2026-08-27 11:18:00-04:00,7.371399879455566,7.380000114440918,7.349999904632568,7.360000133514404,273778
2026-08-27 11:19:00-04:00,7.364999771118164,7.389900207519531,7.364999771118164,7.380000114440918,80937
2026-08-27 11:20:00-04:00,7.355000019073486,7.369900226593018,7.350100040435791,7.364999771118164,63862
2026-08-27 11:21:00-04:00,7.355000019073486,7.360000133514404,7.349999904632568,7.359899997711182,112509
2026-08-27 11:22:00-04:00,7.350100040435791,7.360000133514404,7.349999904632568,7.355000019073486,17648
2026-08-27 11:23:00-04:00,7.349999904632568,7.360000133514404,7.349999904632568,7.350100040435791,22174
2026-08-27 11:24:00-04:00,7.330100059509277,7.355000019073486,7.329999923706055,7.355000019073486,104441
2026-08-27 11:25:00-04:00,7.329999923706055,7.340000152587891,7.321400165557861,7.335000038146973,50981
2026-08-27 11:26:00-04:00,7.329899787902832,7.3394999504089355,7.320000171661377,7.331399917602539,224392
2026-08-27 11:27:00-04:00,7.324999809265137,7.329999923706055,7.320000171661377,7.324999809265137,66960
2026-08-27 11:28:00-04:00,7.312699794769287,7.329999923706055,7.312699794769287,7.32859992980957,123328
2026-08-27 11:29:00-04:00,7.310100078582764,7.319900035858154,7.309999942779541,7.311200141906738,34808
2026-08-27 11:30:00-04:00,7.304999828338623,7.3267998695373535,7.300000190734863,7.315000057220459,103594
2026-08-27 11:31:00-04:00,7.304999828338623,7.309999942779541,7.300000190734863,7.301400184631348,42538
2026-08-27 11:32:00-04:00,7.318600177764893,7.318600177764893,7.300000190734863,7.308599948883057,64824
2026-08-27 11:33:00-04:00,7.304999828338623,7.315000057220459,7.300000190734863,7.315000057220459,79909
2026-08-27 11:34:00-04:00,7.295000076293945,7.309899806976318,7.289999961853027,7.300000190734863,36238
2026-08-27 11:35:00-04:00,7.295000076293945,7.304999828338623,7.292600154876709,7.298600196838379,69391
2026-08-27 11:36:00-04:00,7.304999828338623,7.309999942779541,7.291399955749512,7.295000076293945,121253
2026-08-27 11:37:00-04:00,7.304999828338623,7.315000057220459,7.300000190734863,7.306399822235107,92715
2026-08-27 11:38:00-04:00,7.304999828338623,7.309899806976318,7.300000190734863,7.309899806976318,22740
2026-08-27 11:39:00-04:00,7.295000076293945,7.304999828338623,7.295000076293945,7.303999900817871,51910
2026-08-27 11:40:00-04:00,7.315000057220459,7.319900035858154,7.295000076293945,7.298600196838379,93432
2026-08-27 11:41:00-04:00,7.315000057220459,7.329999923706055,7.304999828338623,7.315000057220459,208161
2026-08-27 11:42:00-04:00,7.300000190734863,7.320000171661377,7.300000190734863,7.312600135803223,72836
2026-08-27 11:43:00-04:00,7.300000190734863,7.309999942779541,7.300000190734863,7.304599761962891,27257
2026-08-27 11:44:00-04:00,7.304999828338623,7.307400226593018,7.289999961853027,7.300000190734863,40262
2026-08-27 11:45:00-04:00,7.315000057220459,7.320000171661377,7.304999828338623,7.304999828338623,35875
2026-08-27 11:46:00-04:00,7.299900054931641,7.315000057220459,7.29010009765625,7.315000057220459,20968
2026-08-27 11:47:00-04:00,7.304999828338623,7.309999942779541,7.295000076293945,7.300000190734863,55781
2026-08-27 11:48:00-04:00,7.301400184631348,7.309999942779541,7.300000190734863,7.304999828338623,55092
2026-08-27 11:49:00-04:00,7.324999809265137,7.329999923706055,7.304999828338623,7.304999828338623,96491
2026-08-27 11:50:00-04:00,7.324999809265137,7.329999923706055,7.320000171661377,7.320000171661377,32877
2026-08-27 11:51:00-04:00,7.32859992980957,7.32859992980957,7.309999942779541,7.320000171661377,57316
2026-08-27 11:52:00-04:00,7.324999809265137,7.329999923706055,7.315000057220459,7.329999923706055,36481
2026-08-27 11:53:00-04:00,7.324999809265137,7.326300144195557,7.324999809265137,7.324999809265137,13262
2026-08-27 11:54:00-04:00,7.335000038146973,7.335000038146973,7.320199966430664,7.324999809265137,31082
2026-08-27 11:55:00-04:00,7.329999923706055,7.337399959564209,7.321000099182129,7.335000038146973,101895
2026-08-27 11:56:00-04:00,7.324999809265137,7.340000152587891,7.320000171661377,7.329999923706055,211504
2026-08-27 11:57:00-04:00,7.335000038146973,7.335000038146973,7.324999809265137,7.329500198364258,63436
2026-08-27 11:58:00-04:00,7.335000038146973,7.339799880981445,7.329999923706055,7.335000038146973,25671
2026-08-27 11:59:00-04:00,7.335000038146973,7.3394999504089355,7.329999923706055,7.335000038146973,12957
2026-08-27 12:00:00-04:00,7.324999809265137,7.339900016784668,7.320000171661377,7.329999923706055,26895
2026-08-27 12:01:00-04:00,7.324999809265137,7.324999809265137,7.320000171661377,7.324999809265137,12742
2026-08-27 12:02:00-04:00,7.321000099182129,7.329899787902832,7.320000171661377,7.324999809265137,17494
2026-08-27 12:03:00-04:00,7.328999996185303,7.329999923706055,7.320000171661377,7.327099800109863,10033
2026-08-27 12:04:00-04:00,7.324999809265137,7.329999923706055,7.312300205230713,7.324999809265137,81245
2026-08-27 12:05:00-04:00,7.324999809265137,7.329999923706055,7.323500156402588,7.324999809265137,9153
2026-08-27 12:06:00-04:00,7.324999809265137,7.324999809265137,7.3225998878479,7.324900150299072,10473
2026-08-27 12:07:00-04:00,7.320400238037109,7.329999923706055,7.309999942779541,7.324999809265137,34845
2026-08-27 12:08:00-04:00,7.310200214385986,7.324999809265137,7.304999828338623,7.321400165557861,44056
2026-08-27 12:09:00-04:00,7.315000057220459,7.315000057220459,7.309999942779541,7.315000057220459,10819
2026-08-27 12:10:00-04:00,7.321400165557861,7.329999923706055,7.309999942779541,7.317999839782715,58275
2026-08-27 12:11:00-04:00,7.327700138092041,7.327700138092041,7.309999942779541,7.324999809265137,87052
2026-08-27 12:12:00-04:00,7.329999923706055,7.329999923706055,7.320499897003174,7.32450008392334,29423
2026-08-27 12:13:00-04:00,7.34499979019165,7.34499979019165,7.329999923706055,7.329999923706055,49276
2026-08-27 12:14:00-04:00,7.3302998542785645,7.34499979019165,7.329999923706055,7.34499979019165,29637
2026-08-27 12:15:00-04:00,7.335000038146973,7.335000038146973,7.331399917602539,7.335000038146973,15191
2026-08-27 12:16:00-04:00,7.339099884033203,7.34499979019165,7.329999923706055,7.340000152587891,190463
2026-08-27 12:17:00-04:00,7.349999904632568,7.349999904632568,7.340000152587891,7.340000152587891,48681
2026-08-27 12:18:00-04:00,7.34499979019165,7.349999904632568,7.341300010681152,7.349999904632568,48252
2026-08-27 12:19:00-04:00,7.34499979019165,7.349999904632568,7.340000152587891,7.340099811553955,24168
2026-08-27 12:20:00-04:00,7.34499979019165,7.349899768829346,7.340000152587891,7.349899768829346,18563
2026-08-27 12:21:00-04:00,7.34499979019165,7.349999904632568,7.340000152587891,7.34499979019165,12764
2026-08-27 12:22:00-04:00,7.34499979019165,7.349999904632568,7.3420000076293945,7.34499979019165,16162
2026-08-27 12:23:00-04:00,7.351200103759766,7.359899997711182,7.340000152587891,7.34499979019165,64636
2026-08-27 12:24:00-04:00,7.355000019073486,7.355000019073486,7.349999904632568,7.355000019073486,25545
2026-08-27 12:25:00-04:00,7.355000019073486,7.360000133514404,7.34499979019165,7.349999904632568,63209
2026-08-27 12:26:00-04:00,7.349999904632568,7.360000133514404,7.349999904632568,7.355000019073486,23833
2026-08-27 12:27:00-04:00,7.3495001792907715,7.369999885559082,7.335000038146973,7.355000019073486,206471
2026-08-27 12:28:00-04:00,7.335000038146973,7.349999904632568,7.329999923706055,7.34499979019165,91409
2026-08-27 12:29:00-04:00,7.340000152587891,7.349999904632568,7.329999923706055,7.335000038146973,81333
2026-08-27 12:30:00-04:00,7.340000152587891,7.349699974060059,7.340000152587891,7.34499979019165,19415
2026-08-27 12:31:00-04:00,7.34499979019165,7.349999904632568,7.340000152587891,7.3404998779296875,19185
2026-08-27 12:32:00-04:00,7.34250020980835,7.349999904632568,7.340000152587891,7.340099811553955,22804
2026-08-27 12:33:00-04:00,7.34499979019165,7.349999904632568,7.341400146484375,7.349999904632568,11162
2026-08-27 12:34:00-04:00,7.340000152587891,7.355000019073486,7.340000152587891,7.34499979019165,44478
2026-08-27 12:35:00-04:00,7.34499979019165,7.34499979019165,7.340099811553955,7.34499979019165,4434
2026-08-27 12:36:00-04:00,7.335000038146973,7.34499979019165,7.329999923706055,7.34499979019165,40615
2026-08-27 12:37:00-04:00,7.34499979019165,7.355000019073486,7.335000038146973,7.335000038146973,43375
2026-08-27 12:38:00-04:00,7.349999904632568,7.349999904632568,7.340000152587891,7.340000152587891,4909
2026-08-27 12:39:00-04:00,7.344799995422363,7.34499979019165,7.340000152587891,7.34499979019165,11528
2026-08-27 12:40:00-04:00,7.34499979019165,7.34499979019165,7.340000152587891,7.340000152587891,8601
2026-08-27 12:41:00-04:00,7.34499979019165,7.349999904632568,7.341400146484375,7.349999904632568,3779
2026-08-27 12:42:00-04:00,7.349899768829346,7.349899768829346,7.341400146484375,7.34499979019165,5050
2026-08-27 12:43:00-04:00,7.34499979019165,7.349999904632568,7.340000152587891,7.3495001792907715,18250
2026-08-27 12:44:00-04:00,7.34499979019165,7.349999904632568,7.340000152587891,7.34499979019165,31995
2026-08-27 12:45:00-04:00,7.34499979019165,7.349999904632568,7.340000152587891,7.34499979019165,13893
2026-08-27 12:46:00-04:00,7.340099811553955,7.349999904632568,7.340000152587891,7.34499979019165,16551
2026-08-27 12:47:00-04:00,7.34499979019165,7.349999904632568,7.335000038146973,7.34060001373291,54026
2026-08-27 12:48:00-04:00,7.355000019073486,7.360000133514404,7.349999904632568,7.349999904632568,43379
2026-08-27 12:49:00-04:00,7.359499931335449,7.359499931335449,7.349999904632568,7.35260009765625,2827
2026-08-27 12:50:00-04:00,7.349999904632568,7.360000133514404,7.349999904632568,7.359899997711182,6826
2026-08-27 12:51:00-04:00,7.350900173187256,7.364999771118164,7.349999904632568,7.360000133514404,44620
2026-08-27 12:52:00-04:00,7.34499979019165,7.359899997711182,7.34499979019165,7.349999904632568,69149
2026-08-27 12:53:00-04:00,7.34499979019165,7.349999904632568,7.340000152587891,7.34499979019165,9741
2026-08-27 12:54:00-04:00,7.348599910736084,7.349999904632568,7.340099811553955,7.34499979019165,23958
2026-08-27 12:55:00-04:00,7.344399929046631,7.34499979019165,7.340000152587891,7.34499979019165,25936
2026-08-27 12:56:00-04:00,7.340000152587891,7.349999904632568,7.340000152587891,7.348599910736084,68267
2026-08-27 12:57:00-04:00,7.345099925994873,7.349999904632568,7.340000152587891,7.349999904632568,78858
2026-08-27 12:58:00-04:00,7.34499979019165,7.349899768829346,7.341100215911865,7.34499979019165,62097
2026-08-27 12:59:00-04:00,7.329999923706055,7.34499979019165,7.329999923706055,7.340000152587891,100676
2026-08-27 13:00:00-04:00,7.340099811553955,7.349999904632568,7.330100059509277,7.338600158691406,69233
2026-08-27 13:01:00-04:00,7.349899768829346,7.349899768829346,7.340000152587891,7.34499979019165,11241
2026-08-27 13:02:00-04:00,7.349999904632568,7.355000019073486,7.340099811553955,7.340099811553955,55939
2026-08-27 13:03:00-04:00,7.34499979019165,7.355000019073486,7.340000152587891,7.355000019073486,31052
2026-08-27 13:04:00-04:00,7.329999923706055,7.34499979019165,7.329999923706055,7.34499979019165,36288
2026-08-27 13:05:00-04:00,7.324999809265137,7.340000152587891,7.320000171661377,7.340000152587891,61856
2026-08-27 13:06:00-04:00,7.315000057220459,7.323699951171875,7.309999942779541,7.323699951171875,36570
2026-08-27 13:07:00-04:00,7.315000057220459,7.31820011138916,7.309999942779541,7.315000057220459,27866
2026-08-27 13:08:00-04:00,7.320000171661377,7.320000171661377,7.309999942779541,7.315000057220459,37888
2026-08-27 13:09:00-04:00,7.309999942779541,7.320000171661377,7.309999942779541,7.320000171661377,24883
2026-08-27 13:10:00-04:00,7.3196001052856445,7.320000171661377,7.309999942779541,7.317500114440918,45709
2026-08-27 13:11:00-04:00,7.320099830627441,7.324999809265137,7.309999942779541,7.315000057220459,61189
2026-08-27 13:12:00-04:00,7.320499897003174,7.329999923706055,7.320000171661377,7.324999809265137,42331
2026-08-27 13:13:00-04:00,7.320000171661377,7.324999809265137,7.311500072479248,7.324999809265137,37337
2026-08-27 13:14:00-04:00,7.315000057220459,7.320000171661377,7.311500072479248,7.318600177764893,9296
2026-08-27 13:15:00-04:00,7.309999942779541,7.320000171661377,7.309999942779541,7.315000057220459,26935
2026-08-27 13:16:00-04:00,7.320000171661377,7.327000141143799,7.304999828338623,7.310100078582764,146260
2026-08-27 13:17:00-04:00,7.317399978637695,7.324999809265137,7.309999942779541,7.320000171661377,91932
2026-08-27 13:18:00-04:00,7.310100078582764,7.319900035858154,7.309999942779541,7.311699867248535,56189
2026-08-27 13:19:00-04:00,7.315000057220459,7.315000057220459,7.309999942779541,7.310200214385986,73923
2026-08-27 13:20:00-04:00,7.310100078582764,7.315000057220459,7.309999942779541,7.315000057220459,82505
2026-08-27 13:21:00-04:00,7.315000057220459,7.320000171661377,7.304999828338623,7.309999942779541,111915
2026-08-27 13:22:00-04:00,7.315000057220459,7.320000171661377,7.312900066375732,7.320000171661377,7303
2026-08-27 13:23:00-04:00,7.315000057220459,7.320000171661377,7.309999942779541,7.315000057220459,59681
2026-08-27 13:24:00-04:00,7.295000076293945,7.315000057220459,7.289999961853027,7.309999942779541,74883
2026-08-27 13:25:00-04:00,7.284999847412109,7.300000190734863,7.28000020980835,7.300000190734863,103295
2026-08-27 13:26:00-04:00,7.284999847412109,7.289999961853027,7.284999847412109,7.284999847412109,27114
2026-08-27 13:27:00-04:00,7.275000095367432,7.284999847412109,7.269999980926514,7.280099868774414,115256
2026-08-27 13:28:00-04:00,7.275000095367432,7.28000020980835,7.269999980926514,7.275000095367432,52547
2026-08-27 13:29:00-04:00,7.264999866485596,7.275000095367432,7.260000228881836,7.274400234222412,105496
2026-08-27 13:30:00-04:00,7.270100116729736,7.28000020980835,7.260000228881836,7.260000228881836,73138
2026-08-27 13:31:00-04:00,7.269499778747559,7.275000095367432,7.260000228881836,7.275000095367432,71598
2026-08-27 13:32:00-04:00,7.275000095367432,7.275000095367432,7.260000228881836,7.264999866485596,63572
2026-08-27 13:33:00-04:00,7.2600998878479,7.28000020980835,7.260000228881836,7.275000095367432,105875
2026-08-27 13:34:00-04:00,7.260000228881836,7.264999866485596,7.250100135803223,7.264999866485596,93697
2026-08-27 13:35:00-04:00,7.244999885559082,7.251399993896484,7.239999771118164,7.25,81623
2026-08-27 13:36:00-04:00,7.244999885559082,7.2453999519348145,7.239999771118164,7.244999885559082,41456
2026-08-27 13:37:00-04:00,7.244999885559082,7.249899864196777,7.239999771118164,7.244999885559082,37610
2026-08-27 13:38:00-04:00,7.250100135803223,7.259900093078613,7.239999771118164,7.243100166320801,48587
2026-08-27 13:39:00-04:00,7.255000114440918,7.255000114440918,7.25,7.255000114440918,71400
2026-08-27 13:40:00-04:00,7.255000114440918,7.259900093078613,7.25,7.253699779510498,97143
2026-08-27 13:41:00-04:00,7.255000114440918,7.264999866485596,7.25,7.255000114440918,71049
2026-08-27 13:42:00-04:00,7.255000114440918,7.255000114440918,7.25,7.255000114440918,4338
2026-08-27 13:43:00-04:00,7.269499778747559,7.269999980926514,7.25,7.250100135803223,45834
2026-08-27 13:44:00-04:00,7.264999866485596,7.269999980926514,7.260000228881836,7.264999866485596,63203
2026-08-27 13:45:00-04:00,7.2600998878479,7.269999980926514,7.260000228881836,7.260000228881836,18066
2026-08-27 13:46:00-04:00,7.264999866485596,7.26800012588501,7.260000228881836,7.260000228881836,42149
2026-08-27 13:47:00-04:00,7.270100116729736,7.275000095367432,7.260000228881836,7.264999866485596,57836
2026-08-27 13:48:00-04:00,7.264999866485596,7.269999980926514,7.264999866485596,7.269999980926514,38370
2026-08-27 13:49:00-04:00,7.260200023651123,7.264999866485596,7.260000228881836,7.264999866485596,32150
2026-08-27 13:50:00-04:00,7.260200023651123,7.269999980926514,7.255000114440918,7.260000228881836,30747
2026-08-27 13:51:00-04:00,7.255000114440918,7.264999866485596,7.25,7.264999866485596,18826
2026-08-27 13:52:00-04:00,7.260000228881836,7.260000228881836,7.25,7.250100135803223,26660
2026-08-27 13:53:00-04:00,7.255000114440918,7.255000114440918,7.25,7.255000114440918,10287
2026-08-27 13:54:00-04:00,7.255000114440918,7.255099773406982,7.25,7.251200199127197,12005
2026-08-27 13:55:00-04:00,7.25,7.260000228881836,7.25,7.25,14101
2026-08-27 13:56:00-04:00,7.244999885559082,7.259900093078613,7.239999771118164,7.255000114440918,34827
2026-08-27 13:57:00-04:00,7.244999885559082,7.244999885559082,7.239999771118164,7.244999885559082,45538
2026-08-27 13:58:00-04:00,7.235000133514404,7.244999885559082,7.230000019073486,7.244999885559082,61760
2026-08-27 13:59:00-04:00,7.230000019073486,7.239999771118164,7.230000019073486,7.236000061035156,24326
2026-08-27 14:00:00-04:00,7.235000133514404,7.239999771118164,7.230000019073486,7.230100154876709,46117
2026-08-27 14:01:00-04:00,7.230100154876709,7.23859977722168,7.230000019073486,7.23859977722168,43224
2026-08-27 14:02:00-04:00,7.235000133514404,7.239999771118164,7.230000019073486,7.235000133514404,49037
2026-08-27 14:03:00-04:00,7.231400012969971,7.235000133514404,7.230100154876709,7.235000133514404,33819
2026-08-27 14:04:00-04:00,7.239999771118164,7.239999771118164,7.230000019073486,7.235000133514404,11916
2026-08-27 14:05:00-04:00,7.224999904632568,7.230000019073486,7.21999979019165,7.230000019073486,73112
2026-08-27 14:06:00-04:00,7.224999904632568,7.235000133514404,7.224999904632568,7.224999904632568,61570
2026-08-27 14:07:00-04:00,7.21999979019165,7.230000019073486,7.21999979019165,7.224999904632568,24516
2026-08-27 14:08:00-04:00,7.224999904632568,7.230000019073486,7.21999979019165,7.224999904632568,12092
2026-08-27 14:09:00-04:00,7.215000152587891,7.2241997718811035,7.210100173950195,7.21999979019165,85236
2026-08-27 14:10:00-04:00,7.204999923706055,7.21999979019165,7.199999809265137,7.215000152587891,65293
2026-08-27 14:11:00-04:00,7.199999809265137,7.20989990234375,7.195000171661377,7.204999923706055,76113
2026-08-27 14:12:00-04:00,7.212600231170654,7.216000080108643,7.199999809265137,7.204999923706055,124509
2026-08-27 14:13:00-04:00,7.195000171661377,7.21999979019165,7.195000171661377,7.216899871826172,40471
2026-08-27 14:14:00-04:00,7.191400051116943,7.199999809265137,7.184999942779541,7.194799900054932,182442
2026-08-27 14:15:00-04:00,7.194699764251709,7.199999809265137,7.190000057220459,7.195000171661377,37125
2026-08-27 14:16:00-04:00,7.198599815368652,7.199999809265137,7.184999942779541,7.190000057220459,124544
2026-08-27 14:17:00-04:00,7.198599815368652,7.199999809265137,7.195000171661377,7.195000171661377,25876
2026-08-27 14:18:00-04:00,7.204999923706055,7.210000038146973,7.195000171661377,7.199999809265137,142620
2026-08-27 14:19:00-04:00,7.199999809265137,7.20989990234375,7.199999809265137,7.204999923706055,72975
2026-08-27 14:20:00-04:00,7.199999809265137,7.208600044250488,7.199999809265137,7.204999923706055,14930
2026-08-27 14:21:00-04:00,7.195000171661377,7.210000038146973,7.190100193023682,7.210000038146973,100044
2026-08-27 14:22:00-04:00,7.195000171661377,7.199999809265137,7.190100193023682,7.199900150299072,78112
2026-08-27 14:23:00-04:00,7.190299987792969,7.199999809265137,7.190000057220459,7.195000171661377,114119
2026-08-27 14:24:00-04:00,7.184999942779541,7.199900150299072,7.179999828338623,7.190000057220459,65976
2026-08-27 14:25:00-04:00,7.184999942779541,7.190000057220459,7.179999828338623,7.190000057220459,47706
2026-08-27 14:26:00-04:00,7.164999961853027,7.179999828338623,7.159999847412109,7.179999828338623,244952
2026-08-27 14:27:00-04:00,7.164999961853027,7.170000076293945,7.159999847412109,7.164999961853027,25371
2026-08-27 14:28:00-04:00,7.177700042724609,7.179999828338623,7.164999961853027,7.169899940490723,43317
2026-08-27 14:29:00-04:00,7.184999942779541,7.190000057220459,7.179599761962891,7.179599761962891,75528
2026-08-27 14:30:00-04:00,7.184999942779541,7.189499855041504,7.184999942779541,7.184999942779541,10722
2026-08-27 14:31:00-04:00,7.179999828338623,7.190000057220459,7.179999828338623,7.184999942779541,9020
2026-08-27 14:32:00-04:00,7.184999942779541,7.189899921417236,7.179999828338623,7.184999942779541,22830
2026-08-27 14:33:00-04:00,7.179999828338623,7.184999942779541,7.179999828338623,7.184999942779541,7255
2026-08-27 14:34:00-04:00,7.170000076293945,7.184999942779541,7.170000076293945,7.184999942779541,51395
2026-08-27 14:35:00-04:00,7.175000190734863,7.175000190734863,7.170000076293945,7.170100212097168,40631
2026-08-27 14:36:00-04:00,7.170100212097168,7.179999828338623,7.170000076293945,7.175000190734863,16003
2026-08-27 14:37:00-04:00,7.175000190734863,7.179999828338623,7.170000076293945,7.172599792480469,23878
2026-08-27 14:38:00-04:00,7.179999828338623,7.179999828338623,7.170000076293945,7.175000190734863,7805
2026-08-27 14:39:00-04:00,7.188199996948242,7.188199996948242,7.170000076293945,7.175000190734863,40376
2026-08-27 14:40:00-04:00,7.175000190734863,7.190000057220459,7.170000076293945,7.184999942779541,29120
2026-08-27 14:41:00-04:00,7.173699855804443,7.179999828338623,7.164999961853027,7.170000076293945,118532
2026-08-27 14:42:00-04:00,7.175000190734863,7.177000045776367,7.170000076293945,7.171899795532227,26967
2026-08-27 14:43:00-04:00,7.170000076293945,7.179999828338623,7.170000076293945,7.179999828338623,5430
2026-08-27 14:44:00-04:00,7.170000076293945,7.179999828338623,7.170000076293945,7.175000190734863,76927
2026-08-27 14:45:00-04:00,7.190000057220459,7.190000057220459,7.175000190734863,7.175000190734863,45272
2026-08-27 14:46:00-04:00,7.192800045013428,7.195000171661377,7.184999942779541,7.190000057220459,109211
2026-08-27 14:47:00-04:00,7.190000057220459,7.199999809265137,7.190000057220459,7.195499897003174,85668
2026-08-27 14:48:00-04:00,7.200099945068359,7.204999923706055,7.190000057220459,7.199999809265137,94794
2026-08-27 14:49:00-04:00,7.195000171661377,7.204999923706055,7.191400051116943,7.199999809265137,76343
2026-08-27 14:50:00-04:00,7.204999923706055,7.204999923706055,7.190000057220459,7.195000171661377,91176
2026-08-27 14:51:00-04:00,7.21589994430542,7.21999979019165,7.204999923706055,7.210000038146973,46549
2026-08-27 14:52:00-04:00,7.215000152587891,7.21999979019165,7.210000038146973,7.215000152587891,19805
2026-08-27 14:53:00-04:00,7.215000152587891,7.21999979019165,7.210000038146973,7.210000038146973,7786
2026-08-27 14:54:00-04:00,7.217299938201904,7.21999979019165,7.210000038146973,7.215000152587891,29389
2026-08-27 14:55:00-04:00,7.199999809265137,7.215000152587891,7.199999809265137,7.215000152587891,45599
2026-08-27 14:56:00-04:00,7.204999923706055,7.204999923706055,7.190000057220459,7.195000171661377,11288
2026-08-27 14:57:00-04:00,7.204999923706055,7.210000038146973,7.199999809265137,7.202600002288818,20668
2026-08-27 14:58:00-04:00,7.215000152587891,7.21999979019165,7.199999809265137,7.210000038146973,39660
2026-08-27 14:59:00-04:00,7.204999923706055,7.21999979019165,7.199999809265137,7.210100173950195,64541
2026-08-27 15:00:00-04:00,7.229800224304199,7.229800224304199,7.210000038146973,7.21999979019165,74806
2026-08-27 15:01:00-04:00,7.224999904632568,7.229899883270264,7.21999979019165,7.225900173187256,67324
2026-08-27 15:02:00-04:00,7.228000164031982,7.229700088500977,7.215000152587891,7.220099925994873,75975
2026-08-27 15:03:00-04:00,7.224999904632568,7.230000019073486,7.21999979019165,7.224999904632568,25561
2026-08-27 15:04:00-04:00,7.235000133514404,7.244999885559082,7.224999904632568,7.229499816894531,106762
2026-08-27 15:05:00-04:00,7.244999885559082,7.25,7.235000133514404,7.239999771118164,59090
2026-08-27 15:06:00-04:00,7.255000114440918,7.260000228881836,7.239999771118164,7.239999771118164,54008
2026-08-27 15:07:00-04:00,7.255000114440918,7.269999980926514,7.25,7.255000114440918,120891
2026-08-27 15:08:00-04:00,7.244999885559082,7.255000114440918,7.242300033569336,7.25,58880
2026-08-27 15:09:00-04:00,7.255000114440918,7.260000228881836,7.25,7.25,54466
2026-08-27 15:10:00-04:00,7.284999847412109,7.289999961853027,7.255000114440918,7.255000114440918,181495
2026-08-27 15:11:00-04:00,7.284999847412109,7.295000076293945,7.28000020980835,7.28000020980835,98630
2026-08-27 15:12:00-04:00,7.289899826049805,7.289999961853027,7.284999847412109,7.284999847412109,37620
2026-08-27 15:13:00-04:00,7.284999847412109,7.295000076293945,7.28000020980835,7.289999961853027,56672
2026-08-27 15:14:00-04:00,7.285299777984619,7.300000190734863,7.28000020980835,7.287899971008301,175748
2026-08-27 15:15:00-04:00,7.304999828338623,7.309999942779541,7.28000020980835,7.28000020980835,119475
2026-08-27 15:16:00-04:00,7.289999961853027,7.309999942779541,7.289999961853027,7.300000190734863,100729
2026-08-27 15:17:00-04:00,7.275000095367432,7.300000190734863,7.275000095367432,7.295000076293945,58095
2026-08-27 15:18:00-04:00,7.269999980926514,7.28000020980835,7.269999980926514,7.275000095367432,56407
2026-08-27 15:19:00-04:00,7.264999866485596,7.279900074005127,7.2600998878479,7.275000095367432,61601
2026-08-27 15:20:00-04:00,7.26609992980957,7.269999980926514,7.260000228881836,7.264999866485596,50099
2026-08-27 15:21:00-04:00,7.264999866485596,7.269999980926514,7.264999866485596,7.264999866485596,55084
2026-08-27 15:22:00-04:00,7.264999866485596,7.264999866485596,7.2600998878479,7.264999866485596,55711
2026-08-27 15:23:00-04:00,7.255000114440918,7.269999980926514,7.25,7.269999980926514,31781
2026-08-27 15:24:00-04:00,7.25,7.259900093078613,7.244999885559082,7.255000114440918,42368
2026-08-27 15:25:00-04:00,7.244999885559082,7.260000228881836,7.239999771118164,7.255000114440918,32211
2026-08-27 15:26:00-04:00,7.239999771118164,7.244999885559082,7.239999771118164,7.242000102996826,16240
2026-08-27 15:27:00-04:00,7.244999885559082,7.25,7.239999771118164,7.25,91799
2026-08-27 15:28:00-04:00,7.244999885559082,7.260000228881836,7.240300178527832,7.244999885559082,118431
2026-08-27 15:29:00-04:00,7.244999885559082,7.249800205230713,7.239999771118164,7.244999885559082,20283
2026-08-27 15:30:00-04:00,7.244999885559082,7.25,7.239999771118164,7.239999771118164,38378
2026-08-27 15:31:00-04:00,7.244999885559082,7.249899864196777,7.244999885559082,7.244999885559082,9204
2026-08-27 15:32:00-04:00,7.239999771118164,7.25,7.239999771118164,7.244999885559082,54065
2026-08-27 15:33:00-04:00,7.240099906921387,7.25,7.239999771118164,7.244999885559082,48269
2026-08-27 15:34:00-04:00,7.244999885559082,7.25,7.239999771118164,7.239999771118164,32926
2026-08-27 15:35:00-04:00,7.25,7.25,7.230000019073486,7.239999771118164,86609
2026-08-27 15:36:00-04:00,7.242400169372559,7.248899936676025,7.239999771118164,7.244999885559082,34865
2026-08-27 15:37:00-04:00,7.244999885559082,7.25,7.239999771118164,7.244999885559082,25676
2026-08-27 15:38:00-04:00,7.244999885559082,7.25,7.239999771118164,7.25,43127
2026-08-27 15:39:00-04:00,7.255000114440918,7.260000228881836,7.239999771118164,7.246600151062012,63834
2026-08-27 15:40:00-04:00,7.244999885559082,7.259699821472168,7.239999771118164,7.258999824523926,47249
2026-08-27 15:41:00-04:00,7.255000114440918,7.259799957275391,7.244999885559082,7.25,58625
2026-08-27 15:42:00-04:00,7.255000114440918,7.260000228881836,7.25,7.25,22401
2026-08-27 15:43:00-04:00,7.25,7.259900093078613,7.25,7.255000114440918,14836
2026-08-27 15:44:00-04:00,7.264999866485596,7.268599987030029,7.25,7.25,42398
2026-08-27 15:45:00-04:00,7.269999980926514,7.269999980926514,7.260000228881836,7.264999866485596,44444
2026-08-27 15:46:00-04:00,7.264999866485596,7.269899845123291,7.260000228881836,7.264999866485596,22932
2026-08-27 15:47:00-04:00,7.255000114440918,7.264999866485596,7.25,7.264999866485596,92530
2026-08-27 15:48:00-04:00,7.255000114440918,7.260000228881836,7.25,7.255000114440918,56609
2026-08-27 15:49:00-04:00,7.235000133514404,7.255000114440918,7.235000133514404,7.25,66903
2026-08-27 15:50:00-04:00,7.224999904632568,7.230000019073486,7.21999979019165,7.230000019073486,57130
2026-08-27 15:51:00-04:00,7.224999904632568,7.230000019073486,7.21999979019165,7.224999904632568,38944
2026-08-27 15:52:00-04:00,7.239999771118164,7.25,7.21999979019165,7.21999979019165,61785
2026-08-27 15:53:00-04:00,7.247900009155273,7.25,7.239999771118164,7.244999885559082,39578
2026-08-27 15:54:00-04:00,7.239999771118164,7.260000228881836,7.235000133514404,7.244999885559082,88823
2026-08-27 15:55:00-04:00,7.210000038146973,7.242000102996826,7.199999809265137,7.239999771118164,77238
2026-08-27 15:56:00-04:00,7.224999904632568,7.224999904632568,7.199999809265137,7.199999809265137,78154
2026-08-27 15:57:00-04:00,7.224999904632568,7.230000019073486,7.21999979019165,7.224999904632568,62427
2026-08-27 15:58:00-04:00,7.235000133514404,7.239999771118164,7.21999979019165,7.224999904632568,175555
2026-08-27 15:59:00-04:00,7.224999904632568,7.239999771118164,7.21999979019165,7.239999771118164,267165
2026-08-28 09:30:00-04:00,7.258600234985352,7.258600234985352,7.170000076293945,7.170000076293945,391531
2026-08-28 09:31:00-04:00,7.257699966430664,7.259900093078613,7.230000019073486,7.25,32307
2026-08-28 09:32:00-04:00,7.260000228881836,7.269999980926514,7.244999885559082,7.255000114440918,57949
2026-08-28 09:33:00-04:00,7.259900093078613,7.260000228881836,7.232500076293945,7.258999824523926,35047
2026-08-28 09:34:00-04:00,7.260000228881836,7.260000228881836,7.235000133514404,7.255000114440918,38245
2026-08-28 09:35:00-04:00,7.232600212097168,7.260000228881836,7.222499847412109,7.254700183868408,38832
2026-08-28 09:36:00-04:00,7.235000133514404,7.239999771118164,7.199999809265137,7.230000019073486,290097
2026-08-28 09:37:00-04:00,7.234499931335449,7.25,7.224999904632568,7.230199813842773,29615
2026-08-28 09:38:00-04:00,7.230000019073486,7.244999885559082,7.2210001945495605,7.244999885559082,16771
2026-08-28 09:39:00-04:00,7.264999866485596,7.28000020980835,7.239999771118164,7.239999771118164,56987
2026-08-28 09:40:00-04:00,7.244999885559082,7.269999980926514,7.239999771118164,7.264999866485596,46712
2026-08-28 09:41:00-04:00,7.255000114440918,7.257400035858154,7.241399765014648,7.25,44112
2026-08-28 09:42:00-04:00,7.224899768829346,7.260000228881836,7.224899768829346,7.255000114440918,42623
2026-08-28 09:43:00-04:00,7.235000133514404,7.239999771118164,7.224999904632568,7.224999904632568,42462
2026-08-28 09:44:00-04:00,7.25,7.25,7.234499931335449,7.2399001121521,28051
2026-08-28 09:45:00-04:00,7.239999771118164,7.247700214385986,7.232999801635742,7.247700214385986,24013
2026-08-28 09:46:00-04:00,7.244999885559082,7.25,7.215000152587891,7.239999771118164,69803
2026-08-28 09:47:00-04:00,7.230100154876709,7.240799903869629,7.230100154876709,7.240799903869629,14103
2026-08-28 09:48:00-04:00,7.235000133514404,7.244999885559082,7.2322001457214355,7.235000133514404,44474
2026-08-28 09:49:00-04:00,7.193999767303467,7.230000019073486,7.190000057220459,7.230000019073486,172749
2026-08-28 09:50:00-04:00,7.204999923706055,7.210000038146973,7.190000057220459,7.190000057220459,31858
2026-08-28 09:51:00-04:00,7.224999904632568,7.235000133514404,7.199999809265137,7.199999809265137,35752
2026-08-28 09:52:00-04:00,7.204999923706055,7.229899883270264,7.204999923706055,7.21999979019165,59116
2026-08-28 09:53:00-04:00,7.212600231170654,7.21999979019165,7.199900150299072,7.204999923706055,38008
2026-08-28 09:54:00-04:00,7.213399887084961,7.218599796295166,7.210000038146973,7.2129998207092285,9911
2026-08-28 09:55:00-04:00,7.218599796295166,7.229899883270264,7.200099945068359,7.2129998207092285,31801
2026-08-28 09:56:00-04:00,7.260000228881836,7.260000228881836,7.2104997634887695,7.2104997634887695,90757
2026-08-28 09:57:00-04:00,7.235000133514404,7.260000228881836,7.230000019073486,7.250100135803223,18941
2026-08-28 09:58:00-04:00,7.230000019073486,7.239999771118164,7.21999979019165,7.230000019073486,15550
2026-08-28 09:59:00-04:00,7.224999904632568,7.235000133514404,7.21999979019165,7.228600025177002,11876
2026-08-28 10:00:00-04:00,7.224999904632568,7.239999771118164,7.199999809265137,7.210000038146973,47924
2026-08-28 10:01:00-04:00,7.184999942779541,7.21999979019165,7.184999942779541,7.21999979019165,38311
2026-08-28 10:02:00-04:00,7.204999923706055,7.210000038146973,7.184999942779541,7.189899921417236,36080
2026-08-28 10:03:00-04:00,7.190000057220459,7.210000038146973,7.190000057220459,7.200099945068359,15197
2026-08-28 10:04:00-04:00,7.200099945068359,7.200099945068359,7.192299842834473,7.195000171661377,9478
2026-08-28 10:05:00-04:00,7.159999847412109,7.204999923706055,7.159999847412109,7.199999809265137,56163
2026-08-28 10:06:00-04:00,7.131400108337402,7.164999961853027,7.125,7.159999847412109,76298
2026-08-28 10:07:00-04:00,7.119999885559082,7.139999866485596,7.119999885559082,7.135000228881836,46524
2026-08-28 10:08:00-04:00,7.144999980926514,7.150000095367432,7.130000114440918,7.130000114440918,37808
2026-08-28 10:09:00-04:00,7.125,7.157299995422363,7.119999885559082,7.150000095367432,42998
2026-08-28 10:10:00-04:00,7.105000019073486,7.130000114440918,7.099999904632568,7.125,68832
2026-08-28 10:11:00-04:00,7.099999904632568,7.119999885559082,7.099999904632568,7.102700233459473,23972
2026-08-28 10:12:00-04:00,7.11269998550415,7.119999885559082,7.099999904632568,7.101399898529053,55963
2026-08-28 10:13:00-04:00,7.083600044250488,7.114999771118164,7.079999923706055,7.114999771118164,92547
2026-08-28 10:14:00-04:00,7.083399772644043,7.099899768829346,7.079999923706055,7.085000038146973,36336
2026-08-28 10:15:00-04:00,7.110000133514404,7.119999885559082,7.090000152587891,7.090000152587891,30351
2026-08-28 10:16:00-04:00,7.110000133514404,7.119999885559082,7.110000133514404,7.119999885559082,21172
2026-08-28 10:17:00-04:00,7.129499912261963,7.129499912261963,7.110000133514404,7.114999771118164,26587
2026-08-28 10:18:00-04:00,7.135000228881836,7.139999866485596,7.123499870300293,7.129899978637695,23269
2026-08-28 10:19:00-04:00,7.142600059509277,7.150000095367432,7.130099773406982,7.135000228881836,49973
2026-08-28 10:20:00-04:00,7.159999847412109,7.1666998863220215,7.14139986038208,7.141499996185303,74932
2026-08-28 10:21:00-04:00,7.16949987411499,7.170000076293945,7.150000095367432,7.15500020980835,53613
2026-08-28 10:22:00-04:00,7.169899940490723,7.179999828338623,7.159999847412109,7.168399810791016,46860
2026-08-28 10:23:00-04:00,7.144999980926514,7.159999847412109,7.139999866485596,7.159999847412109,27456
2026-08-28 10:24:00-04:00,7.141499996185303,7.144999980926514,7.130000114440918,7.139999866485596,34543
2026-08-28 10:25:00-04:00,7.135000228881836,7.150000095367432,7.135000228881836,7.140100002288818,25680
2026-08-28 10:26:00-04:00,7.127699851989746,7.13040018081665,7.119999885559082,7.13040018081665,17861
2026-08-28 10:27:00-04:00,7.109799861907959,7.139999866485596,7.105000019073486,7.135000228881836,32642
2026-08-28 10:28:00-04:00,7.130000114440918,7.130000114440918,7.099999904632568,7.110000133514404,41623
2026-08-28 10:29:00-04:00,7.135000228881836,7.135000228881836,7.110000133514404,7.1230998039245605,36190
2026-08-28 10:30:00-04:00,7.125,7.135000228881836,7.114999771118164,7.135000228881836,26459
2026-08-28 10:31:00-04:00,7.135000228881836,7.139999866485596,7.119999885559082,7.119999885559082,24183
2026-08-28 10:32:00-04:00,7.144999980926514,7.15500020980835,7.135000228881836,7.137400150299072,60923
2026-08-28 10:33:00-04:00,7.139999866485596,7.164999961853027,7.139999866485596,7.144999980926514,45684
2026-08-28 10:34:00-04:00,7.170100212097168,7.17140007019043,7.144999980926514,7.144999980926514,19186
2026-08-28 10:35:00-04:00,7.170000076293945,7.184999942779541,7.169899940490723,7.177999973297119,35819
2026-08-28 10:36:00-04:00,7.188600063323975,7.188600063323975,7.170000076293945,7.175000190734863,19190
2026-08-28 10:37:00-04:00,7.190100193023682,7.199999809265137,7.179999828338623,7.184999942779541,31058
2026-08-28 10:38:00-04:00,7.190100193023682,7.204999923706055,7.190100193023682,7.195499897003174,52552
2026-08-28 10:39:00-04:00,7.184999942779541,7.199999809265137,7.181399822235107,7.190499782562256,7500
2026-08-28 10:40:00-04:00,7.180099964141846,7.190000057220459,7.175000190734863,7.184999942779541,42876
2026-08-28 10:41:00-04:00,7.17140007019043,7.190000057220459,7.17140007019043,7.184999942779541,35484
2026-08-28 10:42:00-04:00,7.164999961853027,7.179999828338623,7.159999847412109,7.175000190734863,39693
2026-08-28 10:43:00-04:00,7.164999961853027,7.170000076293945,7.159999847412109,7.164999961853027,10735
2026-08-28 10:44:00-04:00,7.175000190734863,7.179999828338623,7.164999961853027,7.164999961853027,36687
2026-08-28 10:45:00-04:00,7.150000095367432,7.179900169372559,7.150000095367432,7.175000190734863,27228
2026-08-28 10:46:00-04:00,7.164999961853027,7.164999961853027,7.150000095367432,7.150000095367432,32381
2026-08-28 10:47:00-04:00,7.163300037384033,7.166999816894531,7.150000095367432,7.159999847412109,94707
2026-08-28 10:48:00-04:00,7.161399841308594,7.179999828338623,7.161399841308594,7.164999961853027,31525
2026-08-28 10:49:00-04:00,7.184999942779541,7.184999942779541,7.164999961853027,7.170000076293945,61200
2026-08-28 10:50:00-04:00,7.190000057220459,7.199999809265137,7.183000087738037,7.183000087738037,66148
2026-08-28 10:51:00-04:00,7.186999797821045,7.195000171661377,7.170499801635742,7.195000171661377,144325
2026-08-28 10:52:00-04:00,7.195000171661377,7.199999809265137,7.179999828338623,7.184999942779541,88386
2026-08-28 10:53:00-04:00,7.195000171661377,7.199999809265137,7.184999942779541,7.190100193023682,93923
2026-08-28 10:54:00-04:00,7.210000038146973,7.210000038146973,7.190100193023682,7.195000171661377,62921
2026-08-28 10:55:00-04:00,7.204999923706055,7.210000038146973,7.199999809265137,7.207399845123291,42881
2026-08-28 10:56:00-04:00,7.204999923706055,7.21999979019165,7.199999809265137,7.210000038146973,92519
2026-08-28 10:57:00-04:00,7.210100173950195,7.21999979019165,7.201399803161621,7.201399803161621,64525
2026-08-28 10:58:00-04:00,7.210100173950195,7.216100215911865,7.210000038146973,7.215000152587891,6255
2026-08-28 10:59:00-04:00,7.215000152587891,7.21999979019165,7.214000225067139,7.215000152587891,22471
2026-08-28 11:00:00-04:00,7.215000152587891,7.21999979019165,7.210100173950195,7.215000152587891,10992
2026-08-28 11:01:00-04:00,7.215000152587891,7.218599796295166,7.210000038146973,7.215000152587891,40658
2026-08-28 11:02:00-04:00,7.204999923706055,7.215000152587891,7.199999809265137,7.215000152587891,90490
2026-08-28 11:03:00-04:00,7.204999923706055,7.20989990234375,7.199999809265137,7.199999809265137,28296
2026-08-28 11:04:00-04:00,7.215000152587891,7.21999979019165,7.204999923706055,7.204999923706055,78252
2026-08-28 11:05:00-04:00,7.204999923706055,7.215000152587891,7.199999809265137,7.210100173950195,29210
2026-08-28 11:06:00-04:00,7.203199863433838,7.209700107574463,7.199999809265137,7.204999923706055,21136
2026-08-28 11:07:00-04:00,7.190000057220459,7.199999809265137,7.190000057220459,7.199999809265137,35720
2026-08-28 11:08:00-04:00,7.190000057220459,7.199999809265137,7.179999828338623,7.199999809265137,79349
2026-08-28 11:09:00-04:00,7.195000171661377,7.210000038146973,7.189899921417236,7.190000057220459,115039
2026-08-28 11:10:00-04:00,7.199999809265137,7.199999809265137,7.190000057220459,7.199999809265137,25900
2026-08-28 11:11:00-04:00,7.195000171661377,7.199999809265137,7.179999828338623,7.190000057220459,57262
2026-08-28 11:12:00-04:00,7.190100193023682,7.199999809265137,7.190100193023682,7.195000171661377,13660
2026-08-28 11:13:00-04:00,7.199999809265137,7.204999923706055,7.195000171661377,7.195000171661377,49672
2026-08-28 11:14:00-04:00,7.19980001449585,7.210000038146973,7.190000057220459,7.199999809265137,126970
2026-08-28 11:15:00-04:00,7.210000038146973,7.210000038146973,7.190100193023682,7.190100193023682,87500
2026-08-28 11:16:00-04:00,7.204999923706055,7.21999979019165,7.199999809265137,7.199999809265137,78139
2026-08-28 11:17:00-04:00,7.208600044250488,7.210000038146973,7.199999809265137,7.204999923706055,68660
2026-08-28 11:18:00-04:00,7.195000171661377,7.210000038146973,7.190000057220459,7.204999923706055,25979
2026-08-28 11:19:00-04:00,7.197400093078613,7.199999809265137,7.190000057220459,7.199999809265137,176317
2026-08-28 11:20:00-04:00,7.208600044250488,7.210000038146973,7.195000171661377,7.195000171661377,13725
2026-08-28 11:21:00-04:00,7.215000152587891,7.21999979019165,7.208799839019775,7.208799839019775,47970
2026-08-28 11:22:00-04:00,7.229899883270264,7.230000019073486,7.210000038146973,7.215000152587891,49650
2026-08-28 11:23:00-04:00,7.244999885559082,7.25,7.229899883270264,7.230000019073486,77171
2026-08-28 11:24:00-04:00,7.249499797821045,7.25,7.239999771118164,7.244999885559082,23476
2026-08-28 11:25:00-04:00,7.25,7.25,7.239999771118164,7.248600006103516,17517
2026-08-28 11:26:00-04:00,7.255000114440918,7.260000228881836,7.239999771118164,7.244999885559082,140214
2026-08-28 11:27:00-04:00,7.235000133514404,7.258600234985352,7.235000133514404,7.250100135803223,72969
2026-08-28 11:28:00-04:00,7.230000019073486,7.239999771118164,7.230000019073486,7.230000019073486,47859
2026-08-28 11:29:00-04:00,7.237100124359131,7.239999771118164,7.230000019073486,7.239999771118164,5852
2026-08-28 11:30:00-04:00,7.230100154876709,7.239999771118164,7.230000019073486,7.237299919128418,28974
2026-08-28 11:31:00-04:00,7.229899883270264,7.235000133514404,7.21999979019165,7.233799934387207,50611
2026-08-28 11:32:00-04:00,7.204800128936768,7.230000019073486,7.199999809265137,7.230000019073486,50687
2026-08-28 11:33:00-04:00,7.215000152587891,7.21999979019165,7.199999809265137,7.207399845123291,137773
2026-08-28 11:34:00-04:00,7.204999923706055,7.215000152587891,7.199999809265137,7.211400032043457,50777
2026-08-28 11:35:00-04:00,7.204999923706055,7.20989990234375,7.200099945068359,7.204999923706055,54987
2026-08-28 11:36:00-04:00,7.204999923706055,7.210000038146973,7.200099945068359,7.200099945068359,7551
2026-08-28 11:37:00-04:00,7.184999942779541,7.210000038146973,7.179999828338623,7.204999923706055,164384
2026-08-28 11:38:00-04:00,7.179999828338623,7.195000171661377,7.179999828338623,7.184999942779541,48659
2026-08-28 11:39:00-04:00,7.175000190734863,7.184999942779541,7.170100212097168,7.184999942779541,31522
2026-08-28 11:40:00-04:00,7.142600059509277,7.179999828338623,7.142600059509277,7.175000190734863,95977
2026-08-28 11:41:00-04:00,7.159999847412109,7.159999847412109,7.140500068664551,7.1417999267578125,42565
2026-08-28 11:42:00-04:00,7.164999961853027,7.170000076293945,7.159999847412109,7.164999961853027,26824
2026-08-28 11:43:00-04:00,7.159900188446045,7.164999961853027,7.151400089263916,7.161399841308594,46556
2026-08-28 11:44:00-04:00,7.145999908447266,7.159999847412109,7.139999866485596,7.15500020980835,91401
2026-08-28 11:45:00-04:00,7.139500141143799,7.149899959564209,7.130000114440918,7.144999980926514,69898
2026-08-28 11:46:00-04:00,7.144999980926514,7.14739990234375,7.130099773406982,7.130099773406982,91041
2026-08-28 11:47:00-04:00,7.139900207519531,7.15500020980835,7.135000228881836,7.140100002288818,87584
2026-08-28 11:48:00-04:00,7.139800071716309,7.139999866485596,7.131400108337402,7.139800071716309,45814
2026-08-28 11:49:00-04:00,7.110099792480469,7.137700080871582,7.110000133514404,7.137700080871582,85713
2026-08-28 11:50:00-04:00,7.105000019073486,7.119999885559082,7.099999904632568,7.114999771118164,85332
2026-08-28 11:51:00-04:00,7.099999904632568,7.117400169372559,7.099999904632568,7.105000019073486,101568
2026-08-28 11:52:00-04:00,7.099999904632568,7.110000133514404,7.099999904632568,7.110000133514404,28398
2026-08-28 11:53:00-04:00,7.105000019073486,7.110000133514404,7.099999904632568,7.100100040435791,68353
2026-08-28 11:54:00-04:00,7.105000019073486,7.105000019073486,7.090000152587891,7.099999904632568,87624
2026-08-28 11:55:00-04:00,7.085000038146973,7.105000019073486,7.085000038146973,7.105000019073486,53315
2026-08-28 11:56:00-04:00,7.085000038146973,7.085000038146973,7.079999923706055,7.085000038146973,44976
2026-08-28 11:57:00-04:00,7.087900161743164,7.090000152587891,7.079999923706055,7.085000038146973,46988
2026-08-28 11:58:00-04:00,7.085000038146973,7.090000152587891,7.079999923706055,7.084199905395508,33744
2026-08-28 11:59:00-04:00,7.079899787902832,7.090000152587891,7.070000171661377,7.087699890136719,47354
2026-08-28 12:00:00-04:00,7.074999809265137,7.079999923706055,7.070000171661377,7.079999923706055,35938
2026-08-28 12:01:00-04:00,7.03000020980835,7.074999809265137,7.03000020980835,7.074999809265137,278623
2026-08-28 12:02:00-04:00,7.039999961853027,7.039999961853027,7.03000020980835,7.034999847412109,75381
2026-08-28 12:03:00-04:00,7.050000190734863,7.050000190734863,7.034999847412109,7.034999847412109,81268
2026-08-28 12:04:00-04:00,7.030300140380859,7.059999942779541,7.03000020980835,7.045000076293945,86876
2026-08-28 12:05:00-04:00,7.034999847412109,7.039999961853027,7.03000020980835,7.034999847412109,53587
2026-08-28 12:06:00-04:00,7.034999847412109,7.050000190734863,7.03000020980835,7.03000020980835,104849
2026-08-28 12:07:00-04:00,7.065000057220459,7.069900035858154,7.039899826049805,7.039999961853027,106341
2026-08-28 12:08:00-04:00,7.054999828338623,7.070000171661377,7.054999828338623,7.070000171661377,75527
2026-08-28 12:09:00-04:00,7.076700210571289,7.079999923706055,7.064300060272217,7.065000057220459,70180
2026-08-28 12:10:00-04:00,7.065000057220459,7.079999923706055,7.059999942779541,7.070000171661377,83592
2026-08-28 12:11:00-04:00,7.065000057220459,7.079999923706055,7.061600208282471,7.069900035858154,69984
2026-08-28 12:12:00-04:00,7.075300216674805,7.079999923706055,7.061299800872803,7.065000057220459,64039
2026-08-28 12:13:00-04:00,7.065000057220459,7.079999923706055,7.059999942779541,7.074999809265137,88887
2026-08-28 12:14:00-04:00,7.070000171661377,7.079999923706055,7.061399936676025,7.065000057220459,63364
2026-08-28 12:15:00-04:00,7.045000076293945,7.070000171661377,7.045000076293945,7.0640997886657715,50625
2026-08-28 12:16:00-04:00,7.045000076293945,7.050000190734863,7.03000020980835,7.045000076293945,104774
2026-08-28 12:17:00-04:00,7.034999847412109,7.045000076293945,7.03000020980835,7.045000076293945,77058
2026-08-28 12:18:00-04:00,7.025000095367432,7.034999847412109,7.019999980926514,7.034999847412109,66485
2026-08-28 12:19:00-04:00,7.034999847412109,7.034999847412109,7.019999980926514,7.020100116729736,76600
2026-08-28 12:20:00-04:00,7.034999847412109,7.050000190734863,7.03000020980835,7.031799793243408,48128
2026-08-28 12:21:00-04:00,7.045000076293945,7.050000190734863,7.025000095367432,7.03000020980835,67080
2026-08-28 12:22:00-04:00,7.03380012512207,7.041500091552734,7.033699989318848,7.039999961853027,74111
2026-08-28 12:23:00-04:00,7.034999847412109,7.038599967956543,7.03000020980835,7.0304999351501465,49141
2026-08-28 12:24:00-04:00,7.025000095367432,7.039999961853027,7.019999980926514,7.039999961853027,61960
2026-08-28 12:25:00-04:00,7.047399997711182,7.047399997711182,7.03000020980835,7.03000020980835,88513
2026-08-28 12:26:00-04:00,7.0441999435424805,7.050000190734863,7.039999961853027,7.045000076293945,40065
2026-08-28 12:27:00-04:00,7.054999828338623,7.054999828338623,7.039999961853027,7.045000076293945,26741
2026-08-28 12:28:00-04:00,7.045000076293945,7.059999942779541,7.045000076293945,7.054999828338623,70242
2026-08-28 12:29:00-04:00,7.050000190734863,7.050000190734863,7.034999847412109,7.049900054931641,55536
2026-08-28 12:30:00-04:00,7.059999942779541,7.059999942779541,7.039999961853027,7.050000190734863,142844
2026-08-28 12:31:00-04:00,7.065000057220459,7.070000171661377,7.050000190734863,7.059999942779541,66631
2026-08-28 12:32:00-04:00,7.065000057220459,7.070000171661377,7.059999942779541,7.059999942779541,47713
2026-08-28 12:33:00-04:00,7.065000057220459,7.070000171661377,7.059999942779541,7.065000057220459,47628
2026-08-28 12:34:00-04:00,7.050000190734863,7.070000171661377,7.045000076293945,7.070000171661377,34622
2026-08-28 12:35:00-04:00,7.067399978637695,7.070000171661377,7.039999961853027,7.039999961853027,50331
2026-08-28 12:36:00-04:00,7.070000171661377,7.070000171661377,7.059999942779541,7.059999942779541,44282
2026-08-28 12:37:00-04:00,7.070000171661377,7.070000171661377,7.060699939727783,7.065000057220459,59198
2026-08-28 12:38:00-04:00,7.067399978637695,7.074999809265137,7.059999942779541,7.070000171661377,56582
2026-08-28 12:39:00-04:00,7.059999942779541,7.0767998695373535,7.059999942779541,7.070000171661377,75683
2026-08-28 12:40:00-04:00,7.045000076293945,7.059999942779541,7.045000076293945,7.059999942779541,150306
2026-08-28 12:41:00-04:00,7.054999828338623,7.059999942779541,7.03000020980835,7.039999961853027,142060
2026-08-28 12:42:00-04:00,7.054999828338623,7.054999828338623,7.045000076293945,7.050000190734863,53072
2026-08-28 12:43:00-04:00,7.045000076293945,7.059999942779541,7.045000076293945,7.054999828338623,23695
2026-08-28 12:44:00-04:00,7.047399997711182,7.050000190734863,7.041399955749512,7.041399955749512,10442
2026-08-28 12:45:00-04:00,7.065000057220459,7.065000057220459,7.039999961853027,7.039999961853027,70822
2026-08-28 12:46:00-04:00,7.065000057220459,7.070000171661377,7.059999942779541,7.065000057220459,57357
2026-08-28 12:47:00-04:00,7.074999809265137,7.079999923706055,7.065000057220459,7.065000057220459,64691
2026-08-28 12:48:00-04:00,7.079999923706055,7.079999923706055,7.070000171661377,7.074999809265137,4367
2026-08-28 12:49:00-04:00,7.074999809265137,7.079999923706055,7.059999942779541,7.079999923706055,109732
2026-08-28 12:50:00-04:00,7.065000057220459,7.077400207519531,7.059999942779541,7.070000171661377,56973
2026-08-28 12:51:00-04:00,7.081699848175049,7.085000038146973,7.070000171661377,7.070000171661377,50275
2026-08-28 12:52:00-04:00,7.079999923706055,7.090000152587891,7.070000171661377,7.089900016784668,73750
2026-08-28 12:53:00-04:00,7.072800159454346,7.090000152587891,7.072800159454346,7.080100059509277,56411
2026-08-28 12:54:00-04:00,7.069900035858154,7.079999923706055,7.059999942779541,7.070000171661377,59083
2026-08-28 12:55:00-04:00,7.073599815368652,7.079899787902832,7.059999942779541,7.065000057220459,97238
2026-08-28 12:56:00-04:00,7.074999809265137,7.079999923706055,7.070000171661377,7.074999809265137,45353
2026-08-28 12:57:00-04:00,7.071400165557861,7.079999923706055,7.070099830627441,7.07859992980957,11399
2026-08-28 12:58:00-04:00,7.090000152587891,7.090000152587891,7.074999809265137,7.078199863433838,78895
2026-08-28 12:59:00-04:00,7.074999809265137,7.090000152587891,7.070000171661377,7.090000152587891,35686
2026-08-28 13:00:00-04:00,7.054999828338623,7.079999923706055,7.050000190734863,7.070000171661377,70886
2026-08-28 13:01:00-04:00,7.054999828338623,7.059999942779541,7.050099849700928,7.054999828338623,28418
2026-08-28 13:02:00-04:00,7.060100078582764,7.065000057220459,7.051400184631348,7.054999828338623,66359
2026-08-28 13:03:00-04:00,7.062699794769287,7.070000171661377,7.059999942779541,7.070000171661377,72081
2026-08-28 13:04:00-04:00,7.059999942779541,7.070000171661377,7.059999942779541,7.070000171661377,70070
2026-08-28 13:05:00-04:00,7.060100078582764,7.070000171661377,7.054999828338623,7.070000171661377,61790
2026-08-28 13:06:00-04:00,7.058599948883057,7.069699764251709,7.054999828338623,7.069699764251709,35810
2026-08-28 13:07:00-04:00,7.054999828338623,7.059999942779541,7.053800106048584,7.054999828338623,30575
2026-08-28 13:08:00-04:00,7.050099849700928,7.059999942779541,7.050099849700928,7.059500217437744,43813
2026-08-28 13:09:00-04:00,7.054999828338623,7.070000171661377,7.054999828338623,7.059899806976318,165879
2026-08-28 13:10:00-04:00,7.050099849700928,7.067399978637695,7.050000190734863,7.054999828338623,54403
2026-08-28 13:11:00-04:00,7.065000057220459,7.070000171661377,7.054999828338623,7.059899806976318,17187
2026-08-28 13:12:00-04:00,7.050099849700928,7.065000057220459,7.050000190734863,7.059999942779541,58827
2026-08-28 13:13:00-04:00,7.054999828338623,7.059999942779541,7.039999961853027,7.0507001876831055,102223
2026-08-28 13:14:00-04:00,7.065000057220459,7.066699981689453,7.050000190734863,7.050000190734863,84542
2026-08-28 13:15:00-04:00,7.061500072479248,7.069900035858154,7.059999942779541,7.065000057220459,31622
2026-08-28 13:16:00-04:00,7.054999828338623,7.070000171661377,7.050000190734863,7.070000171661377,54298
2026-08-28 13:17:00-04:00,7.065000057220459,7.070000171661377,7.054999828338623,7.054999828338623,57423
2026-08-28 13:18:00-04:00,7.065000057220459,7.070000171661377,7.059999942779541,7.065000057220459,53954
2026-08-28 13:19:00-04:00,7.065000057220459,7.070000171661377,7.060100078582764,7.065000057220459,23478
2026-08-28 13:20:00-04:00,7.065000057220459,7.074999809265137,7.059999942779541,7.070000171661377,94460
2026-08-28 13:21:00-04:00,7.059899806976318,7.070000171661377,7.054999828338623,7.070000171661377,77836
2026-08-28 13:22:00-04:00,7.054999828338623,7.070000171661377,7.054999828338623,7.059999942779541,81446
2026-08-28 13:23:00-04:00,7.060500144958496,7.070000171661377,7.054999828338623,7.054999828338623,85202
2026-08-28 13:24:00-04:00,7.065000057220459,7.070000171661377,7.054999828338623,7.070000171661377,77348
2026-08-28 13:25:00-04:00,7.0665998458862305,7.070000171661377,7.065000057220459,7.065000057220459,24873
2026-08-28 13:26:00-04:00,7.070000171661377,7.070000171661377,7.061399936676025,7.061399936676025,12313
2026-08-28 13:27:00-04:00,7.065000057220459,7.070000171661377,7.062600135803223,7.069900035858154,23184
2026-08-28 13:28:00-04:00,7.074999809265137,7.074999809265137,7.059999942779541,7.059999942779541,34043
2026-08-28 13:29:00-04:00,7.054999828338623,7.07859992980957,7.054999828338623,7.074999809265137,50434
2026-08-28 13:30:00-04:00,7.054999828338623,7.059999942779541,7.050000190734863,7.054999828338623,14371
2026-08-28 13:31:00-04:00,7.059500217437744,7.059999942779541,7.050000190734863,7.054999828338623,49268
2026-08-28 13:32:00-04:00,7.054999828338623,7.054999828338623,7.050099849700928,7.054999828338623,6065
2026-08-28 13:33:00-04:00,7.062300205230713,7.065000057220459,7.050000190734863,7.054999828338623,93414
2026-08-28 13:34:00-04:00,7.054999828338623,7.070000171661377,7.050000190734863,7.070000171661377,55131
2026-08-28 13:35:00-04:00,7.057400226593018,7.059999942779541,7.050000190734863,7.059999942779541,4152
2026-08-28 13:36:00-04:00,7.054999828338623,7.059999942779541,7.050000190734863,7.054999828338623,24788
2026-08-28 13:37:00-04:00,7.054999828338623,7.059999942779541,7.040200233459473,7.059999942779541,163177
2026-08-28 13:38:00-04:00,7.054999828338623,7.059999942779541,7.054999828338623,7.059999942779541,58988
2026-08-28 13:39:00-04:00,7.050099849700928,7.059999942779541,7.050000190734863,7.054999828338623,32957
2026-08-28 13:40:00-04:00,7.054999828338623,7.059999942779541,7.050000190734863,7.054999828338623,20286
2026-08-28 13:41:00-04:00,7.054999828338623,7.059999942779541,7.039999961853027,7.050000190734863,202690
2026-08-28 13:42:00-04:00,7.059999942779541,7.059999942779541,7.050000190734863,7.059999942779541,16924
2026-08-28 13:43:00-04:00,7.050000190734863,7.059999942779541,7.050000190734863,7.059800148010254,101091
2026-08-28 13:44:00-04:00,7.058700084686279,7.059999942779541,7.050000190734863,7.059999942779541,49502
2026-08-28 13:45:00-04:00,7.065000057220459,7.070000171661377,7.059999942779541,7.059999942779541,67105
2026-08-28 13:46:00-04:00,7.065000057220459,7.074999809265137,7.059999942779541,7.065000057220459,177124
2026-08-28 13:47:00-04:00,7.066800117492676,7.070000171661377,7.059999942779541,7.065000057220459,52377
2026-08-28 13:48:00-04:00,7.074999809265137,7.079899787902832,7.065000057220459,7.069900035858154,140403
2026-08-28 13:49:00-04:00,7.074999809265137,7.079999923706055,7.074699878692627,7.074999809265137,17244
2026-08-28 13:50:00-04:00,7.067599773406982,7.074999809265137,7.065000057220459,7.070099830627441,68641
2026-08-28 13:51:00-04:00,7.065000057220459,7.070000171661377,7.059999942779541,7.070000171661377,21755
2026-08-28 13:52:00-04:00,7.0644001960754395,7.070000171661377,7.059999942779541,7.067699909210205,34068
2026-08-28 13:53:00-04:00,7.065000057220459,7.070000171661377,7.065000057220459,7.070000171661377,23380
2026-08-28 13:54:00-04:00,7.061999797821045,7.070000171661377,7.059999942779541,7.065000057220459,17128
2026-08-28 13:55:00-04:00,7.065000057220459,7.070000171661377,7.059999942779541,7.070000171661377,23051
2026-08-28 13:56:00-04:00,7.070000171661377,7.070000171661377,7.059999942779541,7.065000057220459,44300
2026-08-28 13:57:00-04:00,7.0690999031066895,7.070000171661377,7.064499855041504,7.065000057220459,53470
2026-08-28 13:58:00-04:00,7.070000171661377,7.070000171661377,7.059999942779541,7.070000171661377,35492
2026-08-28 13:59:00-04:00,7.074999809265137,7.074999809265137,7.065000057220459,7.065000057220459,71174
2026-08-28 14:00:00-04:00,7.074999809265137,7.079999923706055,7.070000171661377,7.074999809265137,24846
2026-08-28 14:01:00-04:00,7.065000057220459,7.079999923706055,7.065000057220459,7.074999809265137,162881
2026-08-28 14:02:00-04:00,7.074999809265137,7.079999923706055,7.065000057220459,7.070000171661377,47220
2026-08-28 14:03:00-04:00,7.079999923706055,7.079999923706055,7.070000171661377,7.077400207519531,31945
2026-08-28 14:04:00-04:00,7.081999778747559,7.085000038146973,7.074999809265137,7.079999923706055,65413
2026-08-28 14:05:00-04:00,7.074999809265137,7.087399959564209,7.074999809265137,7.0808000564575195,101870
2026-08-28 14:06:00-04:00,7.079999923706055,7.079999923706055,7.070000171661377,7.070000171661377,33440
2026-08-28 14:07:00-04:00,7.074999809265137,7.079999923706055,7.073599815368652,7.077400207519531,46252
2026-08-28 14:08:00-04:00,7.074999809265137,7.079999923706055,7.070000171661377,7.079999923706055,18391
2026-08-28 14:09:00-04:00,7.081399917602539,7.087399959564209,7.076200008392334,7.079999923706055,46839
2026-08-28 14:10:00-04:00,7.082600116729736,7.090000152587891,7.079999923706055,7.090000152587891,29955
2026-08-28 14:11:00-04:00,7.084000110626221,7.090000152587891,7.079999923706055,7.079999923706055,50740
2026-08-28 14:12:00-04:00,7.078000068664551,7.085000038146973,7.070000171661377,7.085000038146973,43898
2026-08-28 14:13:00-04:00,7.065000057220459,7.079999923706055,7.065000057220459,7.074999809265137,34068
2026-08-28 14:14:00-04:00,7.059999942779541,7.070000171661377,7.059999942779541,7.068600177764893,14260
2026-08-28 14:15:00-04:00,7.065000057220459,7.067399978637695,7.065000057220459,7.067399978637695,10430
2026-08-28 14:16:00-04:00,7.074999809265137,7.079999923706055,7.065000057220459,7.065000057220459,30818
2026-08-28 14:17:00-04:00,7.070099830627441,7.074999809265137,7.070099830627441,7.074999809265137,25486
2026-08-28 14:18:00-04:00,7.079999923706055,7.079999923706055,7.070000171661377,7.079999923706055,19458
2026-08-28 14:19:00-04:00,7.074999809265137,7.079999923706055,7.073500156402588,7.073800086975098,20572
2026-08-28 14:20:00-04:00,7.068600177764893,7.079899787902832,7.059999942779541,7.074999809265137,114930
2026-08-28 14:21:00-04:00,7.0665998458862305,7.070000171661377,7.059999942779541,7.065000057220459,86460
2026-08-28 14:22:00-04:00,7.065000057220459,7.070000171661377,7.059999942779541,7.065000057220459,43268
2026-08-28 14:23:00-04:00,7.059999942779541,7.070000171661377,7.050000190734863,7.070000171661377,37255
2026-08-28 14:24:00-04:00,7.054999828338623,7.059999942779541,7.050000190734863,7.054999828338623,16841
2026-08-28 14:25:00-04:00,7.059999942779541,7.059999942779541,7.050000190734863,7.059999942779541,16507
2026-08-28 14:26:00-04:00,7.054999828338623,7.059999942779541,7.050000190734863,7.059999942779541,18851
2026-08-28 14:27:00-04:00,7.060100078582764,7.070000171661377,7.054999828338623,7.054999828338623,40413
2026-08-28 14:28:00-04:00,7.066199779510498,7.070000171661377,7.065000057220459,7.065000057220459,68554
2026-08-28 14:29:00-04:00,7.065000057220459,7.070000171661377,7.065000057220459,7.069900035858154,26396
2026-08-28 14:30:00-04:00,7.070000171661377,7.070000171661377,7.059999942779541,7.065000057220459,30547
2026-08-28 14:31:00-04:00,7.070000171661377,7.070000171661377,7.050000190734863,7.059999942779541,107277
2026-08-28 14:32:00-04:00,7.067399978637695,7.070000171661377,7.065000057220459,7.070000171661377,15784
2026-08-28 14:33:00-04:00,7.059999942779541,7.070000171661377,7.059999942779541,7.060100078582764,37293
2026-08-28 14:34:00-04:00,7.079899787902832,7.079899787902832,7.059999942779541,7.059999942779541,53078
2026-08-28 14:35:00-04:00,7.074999809265137,7.079999923706055,7.0725998878479,7.0725998878479,12071
2026-08-28 14:36:00-04:00,7.060100078582764,7.070000171661377,7.060100078582764,7.070000171661377,53676
2026-08-28 14:37:00-04:00,7.060100078582764,7.070000171661377,7.059999942779541,7.065000057220459,47553
2026-08-28 14:38:00-04:00,7.065000057220459,7.070000171661377,7.050000190734863,7.070000171661377,119908
2026-08-28 14:39:00-04:00,7.060299873352051,7.070000171661377,7.060100078582764,7.070000171661377,15985
2026-08-28 14:40:00-04:00,7.069900035858154,7.070000171661377,7.059999942779541,7.061699867248535,35785
2026-08-28 14:41:00-04:00,7.067399978637695,7.077400207519531,7.060100078582764,7.068600177764893,155024
2026-08-28 14:42:00-04:00,7.060100078582764,7.070000171661377,7.059999942779541,7.070000171661377,4488
2026-08-28 14:43:00-04:00,7.065000057220459,7.070000171661377,7.065000057220459,7.065000057220459,17512
2026-08-28 14:44:00-04:00,7.065000057220459,7.070000171661377,7.059999942779541,7.070000171661377,50321
2026-08-28 14:45:00-04:00,7.069900035858154,7.070000171661377,7.060100078582764,7.065000057220459,74667
2026-08-28 14:46:00-04:00,7.060100078582764,7.070000171661377,7.059999942779541,7.070000171661377,51500
2026-08-28 14:47:00-04:00,7.070000171661377,7.070000171661377,7.061500072479248,7.070000171661377,38654
2026-08-28 14:48:00-04:00,7.065000057220459,7.070000171661377,7.061399936676025,7.069900035858154,24588
2026-08-28 14:49:00-04:00,7.065000057220459,7.070000171661377,7.059999942779541,7.065000057220459,10757
2026-08-28 14:50:00-04:00,7.050899982452393,7.070000171661377,7.050099849700928,7.070000171661377,158792
2026-08-28 14:51:00-04:00,7.059899806976318,7.059999942779541,7.050000190734863,7.054999828338623,65002
2026-08-28 14:52:00-04:00,7.061500072479248,7.070000171661377,7.059999942779541,7.059999942779541,33593
2026-08-28 14:53:00-04:00,7.065000057220459,7.070000171661377,7.059999942779541,7.065000057220459,55337
2026-08-28 14:54:00-04:00,7.054999828338623,7.059999942779541,7.054999828338623,7.059999942779541,47267
2026-08-28 14:55:00-04:00,7.034999847412109,7.050000190734863,7.03000020980835,7.050000190734863,103603
2026-08-28 14:56:00-04:00,7.034999847412109,7.039899826049805,7.025000095367432,7.034999847412109,54474
2026-08-28 14:57:00-04:00,7.034999847412109,7.039999961853027,7.03000020980835,7.034999847412109,35096
2026-08-28 14:58:00-04:00,7.039999961853027,7.039999961853027,7.03000020980835,7.034999847412109,34150
2026-08-28 14:59:00-04:00,7.034999847412109,7.039999961853027,7.03000020980835,7.034999847412109,30199
2026-08-28 15:00:00-04:00,7.027400016784668,7.037399768829346,7.025000095367432,7.037399768829346,19195
2026-08-28 15:01:00-04:00,7.04010009765625,7.050000190734863,7.025000095367432,7.025000095367432,110799
2026-08-28 15:02:00-04:00,7.050000190734863,7.050000190734863,7.039999961853027,7.044099807739258,29312
2026-08-28 15:03:00-04:00,7.047699928283691,7.050000190734863,7.045000076293945,7.045000076293945,39623
2026-08-28 15:04:00-04:00,7.054999828338623,7.059999942779541,7.050000190734863,7.050000190734863,61136
2026-08-28 15:05:00-04:00,7.069900035858154,7.069900035858154,7.050000190734863,7.059999942779541,73282
2026-08-28 15:06:00-04:00,7.065000057220459,7.070000171661377,7.060100078582764,7.065000057220459,32178
2026-08-28 15:07:00-04:00,7.065000057220459,7.070000171661377,7.059999942779541,7.065000057220459,6450
2026-08-28 15:08:00-04:00,7.070000171661377,7.070000171661377,7.059999942779541,7.065000057220459,32143
2026-08-28 15:09:00-04:00,7.065000057220459,7.070000171661377,7.059999942779541,7.069499969482422,13989
2026-08-28 15:10:00-04:00,7.055699825286865,7.079999923706055,7.054999828338623,7.070000171661377,125979
2026-08-28 15:11:00-04:00,7.059999942779541,7.059999942779541,7.050000190734863,7.059999942779541,32564
2026-08-28 15:12:00-04:00,7.071400165557861,7.074999809265137,7.065000057220459,7.067399978637695,11281
2026-08-28 15:13:00-04:00,7.059999942779541,7.074999809265137,7.059999942779541,7.074999809265137,41645
2026-08-28 15:14:00-04:00,7.059999942779541,7.070000171661377,7.054999828338623,7.059999942779541,51555
2026-08-28 15:15:00-04:00,7.053800106048584,7.059999942779541,7.050000190734863,7.057400226593018,10527
2026-08-28 15:16:00-04:00,7.054999828338623,7.059899806976318,7.050000190734863,7.058599948883057,9452
2026-08-28 15:17:00-04:00,7.054999828338623,7.070000171661377,7.050000190734863,7.054999828338623,76223
2026-08-28 15:18:00-04:00,7.054999828338623,7.059999942779541,7.050000190734863,7.050099849700928,20697
2026-08-28 15:19:00-04:00,7.050000190734863,7.059999942779541,7.050000190734863,7.054999828338623,27543
2026-08-28 15:20:00-04:00,7.054999828338623,7.054999828338623,7.050099849700928,7.054999828338623,14509
2026-08-28 15:21:00-04:00,7.0625,7.065000057220459,7.054999828338623,7.059999942779541,107774
2026-08-28 15:22:00-04:00,7.054999828338623,7.065000057220459,7.050000190734863,7.065000057220459,60539
2026-08-28 15:23:00-04:00,7.054999828338623,7.054999828338623,7.050000190734863,7.054999828338623,19284
2026-08-28 15:24:00-04:00,7.047599792480469,7.059999942779541,7.045000076293945,7.059999942779541,62036
2026-08-28 15:25:00-04:00,7.065000057220459,7.070000171661377,7.050000190734863,7.050000190734863,67591
2026-08-28 15:26:00-04:00,7.079999923706055,7.079999923706055,7.070000171661377,7.070000171661377,49462
2026-08-28 15:27:00-04:00,7.085000038146973,7.090000152587891,7.070000171661377,7.074999809265137,134749
2026-08-28 15:28:00-04:00,7.070199966430664,7.090000152587891,7.070199966430664,7.085000038146973,135526
2026-08-28 15:29:00-04:00,7.054999828338623,7.079999923706055,7.052599906921387,7.074999809265137,82888
2026-08-28 15:30:00-04:00,7.034999847412109,7.059999942779541,7.034999847412109,7.054999828338623,113145
2026-08-28 15:31:00-04:00,7.045000076293945,7.050000190734863,7.03000020980835,7.034999847412109,90911
2026-08-28 15:32:00-04:00,7.045000076293945,7.050000190734863,7.039999961853027,7.039999961853027,150092
2026-08-28 15:33:00-04:00,7.041100025177002,7.050000190734863,7.034999847412109,7.050000190734863,104647
2026-08-28 15:34:00-04:00,7.034999847412109,7.059999942779541,7.034999847412109,7.039999961853027,88929
2026-08-28 15:35:00-04:00,7.034999847412109,7.045000076293945,7.03000020980835,7.034999847412109,183174
2026-08-28 15:36:00-04:00,7.039999961853027,7.039999961853027,7.03000020980835,7.039999961853027,33439
2026-08-28 15:37:00-04:00,7.050000190734863,7.050000190734863,7.034999847412109,7.038599967956543,108855
2026-08-28 15:38:00-04:00,7.070099830627441,7.070099830627441,7.050000190734863,7.050000190734863,192876
2026-08-28 15:39:00-04:00,7.074999809265137,7.079999923706055,7.070000171661377,7.070000171661377,88710
2026-08-28 15:40:00-04:00,7.075300216674805,7.079999923706055,7.070000171661377,7.079999923706055,130653
2026-08-28 15:41:00-04:00,7.074999809265137,7.079999923706055,7.070000171661377,7.070000171661377,22959
2026-08-28 15:42:00-04:00,7.079899787902832,7.079999923706055,7.070000171661377,7.070099830627441,26567
2026-08-28 15:43:00-04:00,7.074999809265137,7.079899787902832,7.070000171661377,7.070000171661377,19927
2026-08-28 15:44:00-04:00,7.074999809265137,7.079999923706055,7.065000057220459,7.079999923706055,83117
2026-08-28 15:45:00-04:00,7.059899806976318,7.07919979095459,7.054999828338623,7.070000171661377,205887
2026-08-28 15:46:00-04:00,7.054999828338623,7.065000057220459,7.054999828338623,7.054999828338623,86374
2026-08-28 15:47:00-04:00,7.058199882507324,7.059999942779541,7.050000190734863,7.050000190734863,68629
2026-08-28 15:48:00-04:00,7.057700157165527,7.059899806976318,7.050000190734863,7.050000190734863,55776
2026-08-28 15:49:00-04:00,7.066500186920166,7.070000171661377,7.050000190734863,7.054999828338623,126388
2026-08-28 15:50:00-04:00,7.085000038146973,7.085000038146973,7.059999942779541,7.070000171661377,123712
2026-08-28 15:51:00-04:00,7.073800086975098,7.090000152587891,7.073800086975098,7.085000038146973,115219
2026-08-28 15:52:00-04:00,7.074999809265137,7.079999923706055,7.070000171661377,7.074900150299072,29942
2026-08-28 15:53:00-04:00,7.074999809265137,7.074999809265137,7.059999942779541,7.072299957275391,137275
2026-08-28 15:54:00-04:00,7.065000057220459,7.079999923706055,7.054999828338623,7.074999809265137,113023
2026-08-28 15:55:00-04:00,7.120100021362305,7.125,7.065000057220459,7.065000057220459,289689
2026-08-28 15:56:00-04:00,7.135000228881836,7.139999866485596,7.119999885559082,7.120299816131592,80497
2026-08-28 15:57:00-04:00,7.125,7.144999980926514,7.125,7.139999866485596,190938
2026-08-28 15:58:00-04:00,7.125,7.130000114440918,7.119999885559082,7.130000114440918,176319
2026-08-28 15:59:00-04:00,7.114999771118164,7.130000114440918,7.110000133514404,7.125,234639
2026-08-31 09:30:00-04:00,7.059999942779541,7.085000038146973,7.0,7.004000186920166,477144
2026-08-31 09:31:00-04:00,7.114999771118164,7.119999885559082,7.060100078582764,7.060100078582764,66909
2026-08-31 09:32:00-04:00,7.090000152587891,7.125999927520752,7.090000152587891,7.119999885559082,36020
2026-08-31 09:33:00-04:00,7.10860013961792,7.110000133514404,7.079999923706055,7.089900016784668,22376
2026-08-31 09:34:00-04:00,7.109899997711182,7.119900226593018,7.099999904632568,7.110000133514404,15530
2026-08-31 09:35:00-04:00,7.09499979019165,7.114999771118164,7.079999923706055,7.105000019073486,34278
2026-08-31 09:36:00-04:00,7.085000038146973,7.099999904632568,7.070000171661377,7.090000152587891,40290
2026-08-31 09:37:00-04:00,7.085000038146973,7.085000038146973,7.074999809265137,7.085000038146973,35258
2026-08-31 09:38:00-04:00,7.079999923706055,7.09499979019165,7.079999923706055,7.090000152587891,23991
2026-08-31 09:39:00-04:00,7.085000038146973,7.085999965667725,7.079999923706055,7.083799839019775,9348
2026-08-31 09:40:00-04:00,7.079999923706055,7.099999904632568,7.074999809265137,7.079999923706055,27889
2026-08-31 09:41:00-04:00,7.074999809265137,7.087399959564209,7.065000057220459,7.087399959564209,30741
2026-08-31 09:42:00-04:00,7.10860013961792,7.114999771118164,7.079999923706055,7.079999923706055,17299
2026-08-31 09:43:00-04:00,7.110099792480469,7.114999771118164,7.105000019073486,7.110000133514404,7032
2026-08-31 09:44:00-04:00,7.110000133514404,7.114999771118164,7.10260009765625,7.111000061035156,18588
2026-08-31 09:45:00-04:00,7.09499979019165,7.119999885559082,7.09499979019165,7.110000133514404,69195
2026-08-31 09:46:00-04:00,7.09499979019165,7.098599910736084,7.090000152587891,7.090000152587891,10784
2026-08-31 09:47:00-04:00,7.114999771118164,7.114999771118164,7.085000038146973,7.091000080108643,17000
2026-08-31 09:48:00-04:00,7.130000114440918,7.139999866485596,7.105000019073486,7.114999771118164,60649
2026-08-31 09:49:00-04:00,7.130000114440918,7.130000114440918,7.114999771118164,7.125,26500
2026-08-31 09:50:00-04:00,7.107399940490723,7.135000228881836,7.099999904632568,7.130000114440918,36536
2026-08-31 09:51:00-04:00,7.119999885559082,7.135000228881836,7.110000133514404,7.110000133514404,21086
2026-08-31 09:52:00-04:00,7.114999771118164,7.139999866485596,7.110000133514404,7.130000114440918,28482
2026-08-31 09:53:00-04:00,7.113900184631348,7.118599891662598,7.111000061035156,7.114999771118164,9820
2026-08-31 09:54:00-04:00,7.135000228881836,7.135000228881836,7.105000019073486,7.114999771118164,35019
2026-08-31 09:55:00-04:00,7.15500020980835,7.164999961853027,7.135000228881836,7.135000228881836,60572
2026-08-31 09:56:00-04:00,7.159999847412109,7.159999847412109,7.150000095367432,7.15500020980835,26460
2026-08-31 09:57:00-04:00,7.144999980926514,7.159999847412109,7.140100002288818,7.15500020980835,24632
2026-08-31 09:58:00-04:00,7.144999980926514,7.150000095367432,7.140999794006348,7.144999980926514,12349
2026-08-31 09:59:00-04:00,7.125,7.139999866485596,7.119999885559082,7.139999866485596,23290
2026-08-31 10:00:00-04:00,7.121399879455566,7.135000228881836,7.119999885559082,7.125,13538
2026-08-31 10:01:00-04:00,7.122600078582764,7.128600120544434,7.114999771118164,7.125,9187
2026-08-31 10:02:00-04:00,7.135000228881836,7.145400047302246,7.119999885559082,7.125,16943
2026-08-31 10:03:00-04:00,7.135000228881836,7.136300086975098,7.119999885559082,7.132699966430664,15642
2026-08-31 10:04:00-04:00,7.130000114440918,7.148600101470947,7.130000114440918,7.130000114440918,31705
2026-08-31 10:05:00-04:00,7.130199909210205,7.135000228881836,7.119999885559082,7.125,17363
2026-08-31 10:06:00-04:00,7.114999771118164,7.135000228881836,7.114999771118164,7.130000114440918,31767
2026-08-31 10:07:00-04:00,7.105000019073486,7.114999771118164,7.101399898529053,7.110000133514404,21485
2026-08-31 10:08:00-04:00,7.138599872589111,7.138599872589111,7.105000019073486,7.105000019073486,37622
2026-08-31 10:09:00-04:00,7.114999771118164,7.139900207519531,7.099999904632568,7.130000114440918,98946
2026-08-31 10:10:00-04:00,7.114999771118164,7.119999885559082,7.110000133514404,7.1107001304626465,33102
2026-08-31 10:11:00-04:00,7.119999885559082,7.119999885559082,7.110000133514404,7.114999771118164,33172
2026-08-31 10:12:00-04:00,7.114999771118164,7.119999885559082,7.105000019073486,7.110000133514404,60780
2026-08-31 10:13:00-04:00,7.099999904632568,7.114999771118164,7.099999904632568,7.114999771118164,13006
2026-08-31 10:14:00-04:00,7.114999771118164,7.114999771118164,7.099999904632568,7.101500034332275,17384
2026-08-31 10:15:00-04:00,7.099999904632568,7.119999885559082,7.099999904632568,7.110000133514404,48605
2026-08-31 10:16:00-04:00,7.114999771118164,7.114999771118164,7.109899997711182,7.109899997711182,51856
2026-08-31 10:17:00-04:00,7.114999771118164,7.119999885559082,7.110000133514404,7.110000133514404,14024
2026-08-31 10:18:00-04:00,7.114999771118164,7.139999866485596,7.110000133514404,7.110000133514404,46455
2026-08-31 10:19:00-04:00,7.121399879455566,7.125,7.110099792480469,7.114999771118164,67976
2026-08-31 10:20:00-04:00,7.114999771118164,7.129899978637695,7.099999904632568,7.129899978637695,81559
2026-08-31 10:21:00-04:00,7.179900169372559,7.179999828338623,7.110000133514404,7.114999771118164,145920
2026-08-31 10:22:00-04:00,7.189899921417236,7.190000057220459,7.164999961853027,7.175000190734863,118061
2026-08-31 10:23:00-04:00,7.195000171661377,7.204999923706055,7.174499988555908,7.190000057220459,125581
2026-08-31 10:24:00-04:00,7.190000057220459,7.199999809265137,7.190000057220459,7.195000171661377,46886
2026-08-31 10:25:00-04:00,7.19320011138916,7.199999809265137,7.190000057220459,7.191699981689453,54600
2026-08-31 10:26:00-04:00,7.224999904632568,7.229899883270264,7.195000171661377,7.195000171661377,113744
2026-08-31 10:27:00-04:00,7.228700160980225,7.230000019073486,7.21999979019165,7.224999904632568,88815
2026-08-31 10:28:00-04:00,7.235000133514404,7.239999771118164,7.220099925994873,7.229899883270264,65355
2026-08-31 10:29:00-04:00,7.224999904632568,7.235000133514404,7.21999979019165,7.235000133514404,60268
2026-08-31 10:30:00-04:00,7.235000133514404,7.23859977722168,7.210000038146973,7.220099925994873,135851
2026-08-31 10:31:00-04:00,7.239999771118164,7.239999771118164,7.220099925994873,7.235000133514404,48899
2026-08-31 10:32:00-04:00,7.235000133514404,7.239999771118164,7.21999979019165,7.230000019073486,139494
2026-08-31 10:33:00-04:00,7.244999885559082,7.260000228881836,7.224999904632568,7.235000133514404,178700
2026-08-31 10:34:00-04:00,7.255000114440918,7.269999980926514,7.244999885559082,7.244999885559082,77255
2026-08-31 10:35:00-04:00,7.264999866485596,7.269999980926514,7.255000114440918,7.255000114440918,106190
2026-08-31 10:36:00-04:00,7.257400035858154,7.269800186157227,7.25,7.264999866485596,94955
2026-08-31 10:37:00-04:00,7.275000095367432,7.289999961853027,7.260000228881836,7.260000228881836,108051
2026-08-31 10:38:00-04:00,7.284999847412109,7.284999847412109,7.26140022277832,7.269999980926514,119612
2026-08-31 10:39:00-04:00,7.284999847412109,7.289999961853027,7.28000020980835,7.28000020980835,28215
2026-08-31 10:40:00-04:00,7.271100044250488,7.289999961853027,7.271100044250488,7.280300140380859,29779
2026-08-31 10:41:00-04:00,7.29010009765625,7.295000076293945,7.269999980926514,7.275000095367432,179779
2026-08-31 10:42:00-04:00,7.304999828338623,7.304999828338623,7.289999961853027,7.289999961853027,150202
2026-08-31 10:43:00-04:00,7.291100025177002,7.309999942779541,7.291100025177002,7.304999828338623,209305
2026-08-31 10:44:00-04:00,7.284999847412109,7.299900054931641,7.28000020980835,7.295000076293945,87518
2026-08-31 10:45:00-04:00,7.29010009765625,7.299900054931641,7.270199775695801,7.284999847412109,71464
2026-08-31 10:46:00-04:00,7.301400184631348,7.304999828338623,7.284999847412109,7.294099807739258,140059
2026-08-31 10:47:00-04:00,7.315000057220459,7.318600177764893,7.300000190734863,7.304999828338623,91478
2026-08-31 10:48:00-04:00,7.292600154876709,7.320000171661377,7.289999961853027,7.315000057220459,76874
2026-08-31 10:49:00-04:00,7.295000076293945,7.300000190734863,7.28000020980835,7.295000076293945,66247
2026-08-31 10:50:00-04:00,7.310100078582764,7.319900035858154,7.289999961853027,7.295000076293945,83071
2026-08-31 10:51:00-04:00,7.318600177764893,7.324999809265137,7.309999942779541,7.310100078582764,66009
2026-08-31 10:52:00-04:00,7.329899787902832,7.329999923706055,7.309999942779541,7.310100078582764,61934
2026-08-31 10:53:00-04:00,7.317699909210205,7.329999923706055,7.3084001541137695,7.324999809265137,82921
2026-08-31 10:54:00-04:00,7.324999809265137,7.329999923706055,7.309999942779541,7.311100006103516,24284
2026-08-31 10:55:00-04:00,7.264999866485596,7.324999809265137,7.264999866485596,7.324999809265137,140749
2026-08-31 10:56:00-04:00,7.264999866485596,7.28000020980835,7.26140022277832,7.264999866485596,99250
2026-08-31 10:57:00-04:00,7.284999847412109,7.289999961853027,7.263299942016602,7.268199920654297,83645
2026-08-31 10:58:00-04:00,7.287099838256836,7.295000076293945,7.28000020980835,7.284999847412109,52173
2026-08-31 10:59:00-04:00,7.279900074005127,7.284999847412109,7.270299911499023,7.28000020980835,28055
2026-08-31 11:00:00-04:00,7.264999866485596,7.284999847412109,7.25,7.269999980926514,95912
2026-08-31 11:01:00-04:00,7.244999885559082,7.275000095367432,7.244999885559082,7.269999980926514,107715
2026-08-31 11:02:00-04:00,7.2399001121521,7.244999885559082,7.224999904632568,7.239999771118164,140691
2026-08-31 11:03:00-04:00,7.241399765014648,7.244999885559082,7.2347002029418945,7.235000133514404,94465
2026-08-31 11:04:00-04:00,7.244999885559082,7.25,7.239999771118164,7.243500232696533,49600
2026-08-31 11:05:00-04:00,7.252299785614014,7.258600234985352,7.235000133514404,7.244999885559082,64969
2026-08-31 11:06:00-04:00,7.259900093078613,7.260000228881836,7.250100135803223,7.251999855041504,57078
2026-08-31 11:07:00-04:00,7.240099906921387,7.260000228881836,7.239999771118164,7.25,96616
2026-08-31 11:08:00-04:00,7.241399765014648,7.248000144958496,7.239999771118164,7.244999885559082,14972
2026-08-31 11:09:00-04:00,7.239999771118164,7.25,7.239999771118164,7.244999885559082,46000
2026-08-31 11:10:00-04:00,7.224999904632568,7.249899864196777,7.21999979019165,7.244999885559082,212427
2026-08-31 11:11:00-04:00,7.215000152587891,7.230000019073486,7.215000152587891,7.224999904632568,113716
2026-08-31 11:12:00-04:00,7.2399001121521,7.2399001121521,7.211400032043457,7.219900131225586,150693
2026-08-31 11:13:00-04:00,7.230000019073486,7.235000133514404,7.224999904632568,7.235000133514404,19469
2026-08-31 11:14:00-04:00,7.224999904632568,7.230000019073486,7.21999979019165,7.224999904632568,8621
2026-08-31 11:15:00-04:00,7.190000057220459,7.225200176239014,7.190000057220459,7.21999979019165,60364
2026-08-31 11:16:00-04:00,7.195000171661377,7.199999809265137,7.190000057220459,7.199999809265137,88081
2026-08-31 11:17:00-04:00,7.190000057220459,7.199999809265137,7.184999942779541,7.199999809265137,191331
2026-08-31 11:18:00-04:00,7.196199893951416,7.199900150299072,7.179999828338623,7.190000057220459,110604
2026-08-31 11:19:00-04:00,7.204999923706055,7.210000038146973,7.195000171661377,7.195000171661377,68566
2026-08-31 11:20:00-04:00,7.215000152587891,7.218599796295166,7.199999809265137,7.204999923706055,131151
2026-08-31 11:21:00-04:00,7.204999923706055,7.219900131225586,7.204999923706055,7.210000038146973,149789
2026-08-31 11:22:00-04:00,7.200200080871582,7.204999923706055,7.200200080871582,7.200200080871582,9343
2026-08-31 11:23:00-04:00,7.199900150299072,7.204999923706055,7.19379997253418,7.204999923706055,35615
2026-08-31 11:24:00-04:00,7.204999923706055,7.2052998542785645,7.190100193023682,7.190199851989746,69194
2026-08-31 11:25:00-04:00,7.200699806213379,7.20989990234375,7.199999809265137,7.206999778747559,36781
2026-08-31 11:26:00-04:00,7.199999809265137,7.210000038146973,7.199999809265137,7.204999923706055,55576
2026-08-31 11:27:00-04:00,7.204999923706055,7.210000038146973,7.199999809265137,7.201700210571289,31428
2026-08-31 11:28:00-04:00,7.224999904632568,7.224999904632568,7.199999809265137,7.199999809265137,95760
2026-08-31 11:29:00-04:00,7.210000038146973,7.224999904632568,7.210000038146973,7.223800182342529,100341
2026-08-31 11:30:00-04:00,7.210000038146973,7.215000152587891,7.199999809265137,7.213600158691406,154049
2026-08-31 11:31:00-04:00,7.179999828338623,7.215000152587891,7.170100212097168,7.204999923706055,127191
2026-08-31 11:32:00-04:00,7.175000190734863,7.184999942779541,7.170000076293945,7.184999942779541,109738
2026-08-31 11:33:00-04:00,7.175000190734863,7.179900169372559,7.172599792480469,7.175000190734863,44849
2026-08-31 11:34:00-04:00,7.164999961853027,7.179999828338623,7.164999961853027,7.175000190734863,49205
2026-08-31 11:35:00-04:00,7.175000190734863,7.178599834442139,7.164999961853027,7.164999961853027,103451
2026-08-31 11:36:00-04:00,7.184999942779541,7.186399936676025,7.175000190734863,7.175000190734863,117257
2026-08-31 11:37:00-04:00,7.204999923706055,7.210000038146973,7.18310022354126,7.18310022354126,94044
2026-08-31 11:38:00-04:00,7.195000171661377,7.204999923706055,7.190100193023682,7.204999923706055,53255
2026-08-31 11:39:00-04:00,7.190299987792969,7.199900150299072,7.190100193023682,7.195000171661377,43337
2026-08-31 11:40:00-04:00,7.195000171661377,7.199999809265137,7.190000057220459,7.195000171661377,24080
2026-08-31 11:41:00-04:00,7.204999923706055,7.210000038146973,7.192299842834473,7.195000171661377,78574
2026-08-31 11:42:00-04:00,7.204999923706055,7.210000038146973,7.201399803161621,7.210000038146973,10156
2026-08-31 11:43:00-04:00,7.204999923706055,7.210000038146973,7.204999923706055,7.205900192260742,15147
2026-08-31 11:44:00-04:00,7.204999923706055,7.210000038146973,7.199999809265137,7.202400207519531,31310
2026-08-31 11:45:00-04:00,7.204999923706055,7.204999923706055,7.204999923706055,7.204999923706055,17489
2026-08-31 11:46:00-04:00,7.2154998779296875,7.21999979019165,7.199999809265137,7.204999923706055,42904
2026-08-31 11:47:00-04:00,7.215000152587891,7.21999979019165,7.211100101470947,7.215000152587891,36062
2026-08-31 11:48:00-04:00,7.184999942779541,7.230000019073486,7.179999828338623,7.219900131225586,104870
2026-08-31 11:49:00-04:00,7.175000190734863,7.179999828338623,7.170000076293945,7.179999828338623,45343
2026-08-31 11:50:00-04:00,7.184999942779541,7.184999942779541,7.170000076293945,7.175000190734863,78594
2026-08-31 11:51:00-04:00,7.181399822235107,7.190000057220459,7.17140007019043,7.179999828338623,82240
2026-08-31 11:52:00-04:00,7.175000190734863,7.181399822235107,7.170000076293945,7.180099964141846,50169
2026-08-31 11:53:00-04:00,7.170000076293945,7.179999828338623,7.170000076293945,7.175000190734863,43043
2026-08-31 11:54:00-04:00,7.179999828338623,7.179999828338623,7.170000076293945,7.175000190734863,16808
2026-08-31 11:55:00-04:00,7.170000076293945,7.175000190734863,7.170000076293945,7.175000190734863,28178
2026-08-31 11:56:00-04:00,7.170000076293945,7.175000190734863,7.170000076293945,7.175000190734863,8372
2026-08-31 11:57:00-04:00,7.175000190734863,7.175000190734863,7.170000076293945,7.170100212097168,46854
2026-08-31 11:58:00-04:00,7.170000076293945,7.179999828338623,7.170000076293945,7.170000076293945,27520
2026-08-31 11:59:00-04:00,7.170000076293945,7.179999828338623,7.170000076293945,7.170000076293945,39868
2026-08-31 12:00:00-04:00,7.164999961853027,7.170000076293945,7.159999847412109,7.170000076293945,57446
2026-08-31 12:01:00-04:00,7.162199974060059,7.169899940490723,7.150000095367432,7.164999961853027,84085
2026-08-31 12:02:00-04:00,7.164999961853027,7.170000076293945,7.150000095367432,7.160099983215332,100826
2026-08-31 12:03:00-04:00,7.15500020980835,7.170000076293945,7.153800010681152,7.165999889373779,58096
2026-08-31 12:04:00-04:00,7.15500020980835,7.159900188446045,7.150100231170654,7.15500020980835,58494
2026-08-31 12:05:00-04:00,7.15500020980835,7.164999961853027,7.1504998207092285,7.15500020980835,111059
2026-08-31 12:06:00-04:00,7.158599853515625,7.158599853515625,7.150000095367432,7.151199817657471,80261
2026-08-31 12:07:00-04:00,7.170000076293945,7.170000076293945,7.15500020980835,7.15500020980835,138405
2026-08-31 12:08:00-04:00,7.15500020980835,7.160099983215332,7.150000095367432,7.159999847412109,99483
2026-08-31 12:09:00-04:00,7.164999961853027,7.170000076293945,7.15500020980835,7.15500020980835,99580
2026-08-31 12:10:00-04:00,7.164999961853027,7.170000076293945,7.159999847412109,7.164999961853027,19785
2026-08-31 12:11:00-04:00,7.182799816131592,7.184999942779541,7.164999961853027,7.164999961853027,119463
2026-08-31 12:12:00-04:00,7.184999942779541,7.189899921417236,7.179999828338623,7.180099964141846,101165
2026-08-31 12:13:00-04:00,7.184999942779541,7.190000057220459,7.179999828338623,7.179999828338623,80963
2026-08-31 12:14:00-04:00,7.184999942779541,7.189899921417236,7.179999828338623,7.189899921417236,4077
2026-08-31 12:15:00-04:00,7.184999942779541,7.190000057220459,7.179999828338623,7.190000057220459,58027
2026-08-31 12:16:00-04:00,7.184999942779541,7.184999942779541,7.180699825286865,7.184999942779541,69232
2026-08-31 12:17:00-04:00,7.175000190734863,7.179999828338623,7.17140007019043,7.179999828338623,26079
2026-08-31 12:18:00-04:00,7.175000190734863,7.175000190734863,7.170000076293945,7.175000190734863,38506
2026-08-31 12:19:00-04:00,7.184999942779541,7.189899921417236,7.17140007019043,7.171999931335449,73402
2026-08-31 12:20:00-04:00,7.179999828338623,7.187600135803223,7.179999828338623,7.184999942779541,24191
2026-08-31 12:21:00-04:00,7.189899921417236,7.190000057220459,7.179999828338623,7.179999828338623,20985
2026-08-31 12:22:00-04:00,7.164999961853027,7.184999942779541,7.159999847412109,7.179999828338623,90410
2026-08-31 12:23:00-04:00,7.164999961853027,7.170000076293945,7.159999847412109,7.164999961853027,14693
2026-08-31 12:24:00-04:00,7.158599853515625,7.170000076293945,7.150000095367432,7.159999847412109,74625
2026-08-31 12:25:00-04:00,7.175000190734863,7.179900169372559,7.15500020980835,7.15500020980835,101581
2026-08-31 12:26:00-04:00,7.175000190734863,7.179999828338623,7.16379976272583,7.175000190734863,94184
2026-08-31 12:27:00-04:00,7.170000076293945,7.179999828338623,7.170000076293945,7.170100212097168,33117
2026-08-31 12:28:00-04:00,7.175000190734863,7.178599834442139,7.170000076293945,7.175000190734863,46671
2026-08-31 12:29:00-04:00,7.171800136566162,7.179999828338623,7.170000076293945,7.175000190734863,91093
2026-08-31 12:30:00-04:00,7.175000190734863,7.179999828338623,7.170000076293945,7.175000190734863,85711
2026-08-31 12:31:00-04:00,7.170100212097168,7.179999828338623,7.170100212097168,7.179999828338623,66585
2026-08-31 12:32:00-04:00,7.164999961853027,7.170000076293945,7.159999847412109,7.170000076293945,73210
2026-08-31 12:33:00-04:00,7.164999961853027,7.170000076293945,7.159999847412109,7.164999961853027,44336
2026-08-31 12:34:00-04:00,7.164999961853027,7.169899940490723,7.161399841308594,7.164999961853027,56825
2026-08-31 12:35:00-04:00,7.164999961853027,7.178699970245361,7.159999847412109,7.164999961853027,103519
2026-08-31 12:36:00-04:00,7.164999961853027,7.170000076293945,7.160200119018555,7.168900012969971,37238
2026-08-31 12:37:00-04:00,7.157400131225586,7.159999847412109,7.153800010681152,7.159999847412109,51274
2026-08-31 12:38:00-04:00,7.15500020980835,7.1595001220703125,7.15500020980835,7.15500020980835,4403
2026-08-31 12:39:00-04:00,7.15500020980835,7.159999847412109,7.15500020980835,7.159999847412109,1891
2026-08-31 12:40:00-04:00,7.15500020980835,7.15500020980835,7.1519999504089355,7.1519999504089355,2406
2026-08-31 12:41:00-04:00,7.15500020980835,7.164999961853027,7.15500020980835,7.159999847412109,28492
2026-08-31 12:42:00-04:00,7.164999961853027,7.169899940490723,7.15500020980835,7.159900188446045,141996
2026-08-31 12:43:00-04:00,7.169899940490723,7.169899940490723,7.161300182342529,7.164999961853027,27529
2026-08-31 12:44:00-04:00,7.162300109863281,7.179999828338623,7.160099983215332,7.164999961853027,103978
2026-08-31 12:45:00-04:00,7.1579999923706055,7.159999847412109,7.150000095367432,7.159999847412109,51456
2026-08-31 12:46:00-04:00,7.150100231170654,7.159999847412109,7.144999980926514,7.15500020980835,39732
2026-08-31 12:47:00-04:00,7.150000095367432,7.159999847412109,7.150000095367432,7.15500020980835,8629
2026-08-31 12:48:00-04:00,7.144999980926514,7.150000095367432,7.141499996185303,7.150000095367432,56479
2026-08-31 12:49:00-04:00,7.159900188446045,7.159999847412109,7.144999980926514,7.149700164794922,100089
2026-08-31 12:50:00-04:00,7.160799980163574,7.164999961853027,7.151400089263916,7.15500020980835,40176
2026-08-31 12:51:00-04:00,7.159999847412109,7.164999961853027,7.159999847412109,7.159999847412109,67586
2026-08-31 12:52:00-04:00,7.172900199890137,7.179999828338623,7.164999961853027,7.164999961853027,80792
2026-08-31 12:53:00-04:00,7.170000076293945,7.179999828338623,7.170000076293945,7.174600124359131,8438
2026-08-31 12:54:00-04:00,7.161399841308594,7.170100212097168,7.159999847412109,7.170000076293945,27422
2026-08-31 12:55:00-04:00,7.167099952697754,7.170000076293945,7.159999847412109,7.170000076293945,5122
2026-08-31 12:56:00-04:00,7.164999961853027,7.169899940490723,7.164999961853027,7.164999961853027,5911
2026-08-31 12:57:00-04:00,7.1616997718811035,7.164999961853027,7.159999847412109,7.164999961853027,12283
2026-08-31 12:58:00-04:00,7.15500020980835,7.168700218200684,7.15500020980835,7.168700218200684,52691
2026-08-31 12:59:00-04:00,7.15500020980835,7.159999847412109,7.150100231170654,7.158599853515625,30233
2026-08-31 13:00:00-04:00,7.161399841308594,7.170000076293945,7.150000095367432,7.1504998207092285,111542
2026-08-31 13:01:00-04:00,7.169899940490723,7.169899940490723,7.160099983215332,7.160099983215332,14523
2026-08-31 13:02:00-04:00,7.164999961853027,7.170000076293945,7.150000095367432,7.159999847412109,115616
2026-08-31 13:03:00-04:00,7.150000095367432,7.164999961853027,7.150000095367432,7.160099983215332,63394
2026-08-31 13:04:00-04:00,7.144999980926514,7.149899959564209,7.139999866485596,7.144999980926514,34954
2026-08-31 13:05:00-04:00,7.150000095367432,7.150000095367432,7.140100002288818,7.144999980926514,25544
2026-08-31 13:06:00-04:00,7.141499996185303,7.144999980926514,7.139999866485596,7.139999866485596,16863
2026-08-31 13:07:00-04:00,7.139999866485596,7.150000095367432,7.139999866485596,7.139999866485596,16896
2026-08-31 13:08:00-04:00,7.135000228881836,7.150000095367432,7.135000228881836,7.150000095367432,13290
2026-08-31 13:09:00-04:00,7.135000228881836,7.139999866485596,7.130000114440918,7.138800144195557,6785
2026-08-31 13:10:00-04:00,7.135000228881836,7.135000228881836,7.130000114440918,7.135000228881836,4587
2026-08-31 13:11:00-04:00,7.135000228881836,7.139999866485596,7.130000114440918,7.135000228881836,16759
2026-08-31 13:12:00-04:00,7.148600101470947,7.150000095367432,7.135000228881836,7.138599872589111,56066
2026-08-31 13:13:00-04:00,7.139999866485596,7.15500020980835,7.139999866485596,7.149899959564209,89213
2026-08-31 13:14:00-04:00,7.139999866485596,7.150000095367432,7.130099773406982,7.139999866485596,129396
2026-08-31 13:15:00-04:00,7.144999980926514,7.150000095367432,7.141600131988525,7.144999980926514,8426
2026-08-31 13:16:00-04:00,7.144999980926514,7.150000095367432,7.144999980926514,7.144999980926514,23220
2026-08-31 13:17:00-04:00,7.135000228881836,7.1479997634887695,7.134399890899658,7.144999980926514,65541
2026-08-31 13:18:00-04:00,7.135000228881836,7.139999866485596,7.130000114440918,7.135000228881836,41894
2026-08-31 13:19:00-04:00,7.130099773406982,7.139999866485596,7.125,7.130000114440918,124967
2026-08-31 13:20:00-04:00,7.135000228881836,7.139999866485596,7.130000114440918,7.130000114440918,16206
2026-08-31 13:21:00-04:00,7.135000228881836,7.139999866485596,7.130000114440918,7.130000114440918,20308
2026-08-31 13:22:00-04:00,7.130000114440918,7.135000228881836,7.130000114440918,7.131400108337402,13029
2026-08-31 13:23:00-04:00,7.135000228881836,7.139999866485596,7.130000114440918,7.135000228881836,14710
2026-08-31 13:24:00-04:00,7.129899978637695,7.135000228881836,7.125,7.135000228881836,119116
2026-08-31 13:25:00-04:00,7.135000228881836,7.139999866485596,7.125,7.125,115491
2026-08-31 13:26:00-04:00,7.135000228881836,7.139999866485596,7.130099773406982,7.1356000900268555,62027
2026-08-31 13:27:00-04:00,7.135200023651123,7.139999866485596,7.132199764251709,7.132500171661377,18904
2026-08-31 13:28:00-04:00,7.130499839782715,7.138599872589111,7.130000114440918,7.138599872589111,20565
2026-08-31 13:29:00-04:00,7.125,7.130000114440918,7.119999885559082,7.130000114440918,31087
2026-08-31 13:30:00-04:00,7.125,7.129700183868408,7.125,7.125,5443
2026-08-31 13:31:00-04:00,7.123499870300293,7.135000228881836,7.119999885559082,7.125,50331
2026-08-31 13:32:00-04:00,7.130000114440918,7.130000114440918,7.119999885559082,7.125,16675
2026-08-31 13:33:00-04:00,7.126500129699707,7.130000114440918,7.125,7.125,9003
2026-08-31 13:34:00-04:00,7.105000019073486,7.125,7.099999904632568,7.125,110858
2026-08-31 13:35:00-04:00,7.099999904632568,7.110000133514404,7.090000152587891,7.105000019073486,49071
2026-08-31 13:36:00-04:00,7.093699932098389,7.099999904632568,7.090000152587891,7.09499979019165,34983
2026-08-31 13:37:00-04:00,7.092599868774414,7.099999904632568,7.090099811553955,7.09499979019165,5150
2026-08-31 13:38:00-04:00,7.085000038146973,7.09499979019165,7.079999923706055,7.090000152587891,155050
2026-08-31 13:39:00-04:00,7.085000038146973,7.090000152587891,7.079999923706055,7.079999923706055,30254
2026-08-31 13:40:00-04:00,7.085000038146973,7.090000152587891,7.079999923706055,7.090000152587891,31410
2026-08-31 13:41:00-04:00,7.09499979019165,7.099999904632568,7.079999923706055,7.085000038146973,33173
2026-08-31 13:42:00-04:00,7.090000152587891,7.099999904632568,7.090000152587891,7.09499979019165,62851
2026-08-31 13:43:00-04:00,7.090099811553955,7.099999904632568,7.090000152587891,7.09499979019165,24594
2026-08-31 13:44:00-04:00,7.099899768829346,7.099999904632568,7.090000152587891,7.09499979019165,26622
2026-08-31 13:45:00-04:00,7.09499979019165,7.0995001792907715,7.090000152587891,7.09499979019165,10309
2026-08-31 13:46:00-04:00,7.099899768829346,7.099999904632568,7.090099811553955,7.09499979019165,3098
2026-08-31 13:47:00-04:00,7.109899997711182,7.110000133514404,7.090000152587891,7.09499979019165,27910
2026-08-31 13:48:00-04:00,7.105000019073486,7.110000133514404,7.099999904632568,7.105000019073486,26633
2026-08-31 13:49:00-04:00,7.114999771118164,7.119999885559082,7.099999904632568,7.110000133514404,42086
2026-08-31 13:50:00-04:00,7.114999771118164,7.119999885559082,7.105000019073486,7.110000133514404,128503
2026-08-31 13:51:00-04:00,7.125,7.130000114440918,7.119999885559082,7.119999885559082,29170
2026-08-31 13:52:00-04:00,7.128600120544434,7.130000114440918,7.122600078582764,7.130000114440918,3140
2026-08-31 13:53:00-04:00,7.125,7.130000114440918,7.125,7.128600120544434,5776
2026-08-31 13:54:00-04:00,7.125,7.130000114440918,7.120100021362305,7.120100021362305,6880
2026-08-31 13:55:00-04:00,7.114999771118164,7.130000114440918,7.110000133514404,7.125,12958
2026-08-31 13:56:00-04:00,7.114999771118164,7.119999885559082,7.110000133514404,7.119999885559082,16931
2026-08-31 13:57:00-04:00,7.110000133514404,7.119999885559082,7.110000133514404,7.119999885559082,8643
2026-08-31 13:58:00-04:00,7.114999771118164,7.119999885559082,7.114999771118164,7.114999771118164,9183
2026-08-31 13:59:00-04:00,7.108399868011475,7.119999885559082,7.105000019073486,7.114999771118164,33568
2026-08-31 14:00:00-04:00,7.125,7.125,7.1006999015808105,7.1006999015808105,111905
2026-08-31 14:01:00-04:00,7.129700183868408,7.130000114440918,7.120100021362305,7.120100021362305,3353
2026-08-31 14:02:00-04:00,7.130000114440918,7.130000114440918,7.119999885559082,7.127399921417236,5054
2026-08-31 14:03:00-04:00,7.125,7.130000114440918,7.125,7.127399921417236,3301
2026-08-31 14:04:00-04:00,7.125,7.130000114440918,7.119999885559082,7.128399848937988,10852
2026-08-31 14:05:00-04:00,7.130000114440918,7.130000114440918,7.119999885559082,7.130000114440918,29698
2026-08-31 14:06:00-04:00,7.135000228881836,7.135000228881836,7.119999885559082,7.130000114440918,66378
2026-08-31 14:07:00-04:00,7.135000228881836,7.139999866485596,7.130000114440918,7.139999866485596,4545
2026-08-31 14:08:00-04:00,7.135000228881836,7.139999866485596,7.130000114440918,7.139999866485596,44871
2026-08-31 14:09:00-04:00,7.135000228881836,7.139999866485596,7.135000228881836,7.135000228881836,8833
2026-08-31 14:10:00-04:00,7.1305999755859375,7.139999866485596,7.130000114440918,7.131400108337402,11986
2026-08-31 14:11:00-04:00,7.125,7.139999866485596,7.125,7.139999866485596,21747
2026-08-31 14:12:00-04:00,7.111299991607666,7.130000114440918,7.111299991607666,7.125,50536
2026-08-31 14:13:00-04:00,7.105000019073486,7.110000133514404,7.099999904632568,7.110000133514404,35205
2026-08-31 14:14:00-04:00,7.105000019073486,7.110000133514404,7.099999904632568,7.110000133514404,44512
2026-08-31 14:15:00-04:00,7.114999771118164,7.118599891662598,7.110000133514404,7.110000133514404,22103
2026-08-31 14:16:00-04:00,7.119699954986572,7.119900226593018,7.105000019073486,7.110000133514404,39846
2026-08-31 14:17:00-04:00,7.114999771118164,7.119999885559082,7.110099792480469,7.114999771118164,16617
2026-08-31 14:18:00-04:00,7.114999771118164,7.119999885559082,7.114999771118164,7.119999885559082,14044
2026-08-31 14:19:00-04:00,7.105000019073486,7.114999771118164,7.099999904632568,7.110000133514404,44183
2026-08-31 14:20:00-04:00,7.105000019073486,7.110000133514404,7.105000019073486,7.110000133514404,10568
2026-08-31 14:21:00-04:00,7.105000019073486,7.110000133514404,7.099999904632568,7.110000133514404,9399
2026-08-31 14:22:00-04:00,7.099999904632568,7.105000019073486,7.090000152587891,7.105000019073486,47352
2026-08-31 14:23:00-04:00,7.099999904632568,7.099999904632568,7.090000152587891,7.090000152587891,24862
2026-08-31 14:24:00-04:00,7.105000019073486,7.106900215148926,7.100100040435791,7.103600025177002,19601
2026-08-31 14:25:00-04:00,7.099899768829346,7.099999904632568,7.090000152587891,7.099999904632568,36115
2026-08-31 14:26:00-04:00,7.09499979019165,7.099999904632568,7.09499979019165,7.09499979019165,24207
2026-08-31 14:27:00-04:00,7.09499979019165,7.099899768829346,7.091400146484375,7.097899913787842,9108
2026-08-31 14:28:00-04:00,7.105000019073486,7.110000133514404,7.09499979019165,7.09499979019165,21821
2026-08-31 14:29:00-04:00,7.09499979019165,7.10860013961792,7.090000152587891,7.101600170135498,71756
2026-08-31 14:30:00-04:00,7.090000152587891,7.105000019073486,7.090000152587891,7.09499979019165,50626
2026-08-31 14:31:00-04:00,7.09499979019165,7.099999904632568,7.090000152587891,7.09499979019165,24374
2026-08-31 14:32:00-04:00,7.099800109863281,7.099999904632568,7.090000152587891,7.09499979019165,70909
2026-08-31 14:33:00-04:00,7.090000152587891,7.099999904632568,7.090000152587891,7.09499979019165,45143
2026-08-31 14:34:00-04:00,7.085000038146973,7.099899768829346,7.079999923706055,7.09499979019165,84050
2026-08-31 14:35:00-04:00,7.103000164031982,7.110000133514404,7.085000038146973,7.090000152587891,151035
2026-08-31 14:36:00-04:00,7.105000019073486,7.110000133514404,7.100100040435791,7.110000133514404,29701
2026-08-31 14:37:00-04:00,7.1016998291015625,7.105000019073486,7.1016998291015625,7.102700233459473,5594
2026-08-31 14:38:00-04:00,7.092299938201904,7.110000133514404,7.092299938201904,7.105000019073486,19313
2026-08-31 14:39:00-04:00,7.09499979019165,7.099999904632568,7.090000152587891,7.09499979019165,32773
2026-08-31 14:40:00-04:00,7.090000152587891,7.099999904632568,7.090000152587891,7.099999904632568,16256
2026-08-31 14:41:00-04:00,7.09499979019165,7.099999904632568,7.090000152587891,7.09499979019165,83673
2026-08-31 14:42:00-04:00,7.09499979019165,7.099999904632568,7.09499979019165,7.09499979019165,22441
2026-08-31 14:43:00-04:00,7.09499979019165,7.099999904632568,7.090000152587891,7.090000152587891,15744
2026-08-31 14:44:00-04:00,7.09499979019165,7.099999904632568,7.09499979019165,7.099999904632568,20650
2026-08-31 14:45:00-04:00,7.09499979019165,7.099999904632568,7.09499979019165,7.09499979019165,12341
2026-08-31 14:46:00-04:00,7.090000152587891,7.099999904632568,7.090000152587891,7.09499979019165,9113
2026-08-31 14:47:00-04:00,7.09499979019165,7.09499979019165,7.090000152587891,7.09499979019165,13560
2026-08-31 14:48:00-04:00,7.099999904632568,7.099999904632568,7.090000152587891,7.099999904632568,12284
2026-08-31 14:49:00-04:00,7.09499979019165,7.099999904632568,7.090000152587891,7.090000152587891,14006
2026-08-31 14:50:00-04:00,7.09499979019165,7.099999904632568,7.090099811553955,7.09499979019165,7988
2026-08-31 14:51:00-04:00,7.09499979019165,7.099999904632568,7.091599941253662,7.091599941253662,8941
2026-08-31 14:52:00-04:00,7.097799777984619,7.097799777984619,7.09499979019165,7.09499979019165,9491
2026-08-31 14:53:00-04:00,7.09499979019165,7.09499979019165,7.09499979019165,7.09499979019165,14642
2026-08-31 14:54:00-04:00,7.110000133514404,7.110000133514404,7.099999904632568,7.099999904632568,20382
2026-08-31 14:55:00-04:00,7.099800109863281,7.110000133514404,7.09499979019165,7.110000133514404,38267
2026-08-31 14:56:00-04:00,7.105000019073486,7.110000133514404,7.09499979019165,7.09499979019165,42151
2026-08-31 14:57:00-04:00,7.099999904632568,7.110000133514404,7.099999904632568,7.110000133514404,28944
2026-08-31 14:58:00-04:00,7.119900226593018,7.119999885559082,7.110000133514404,7.110000133514404,18930
2026-08-31 14:59:00-04:00,7.111400127410889,7.125,7.111400127410889,7.114999771118164,30797
2026-08-31 15:00:00-04:00,7.122300148010254,7.125,7.110000133514404,7.111400127410889,60515
2026-08-31 15:01:00-04:00,7.119999885559082,7.120699882507324,7.119999885559082,7.120299816131592,14236
2026-08-31 15:02:00-04:00,7.125,7.130000114440918,7.114999771118164,7.116600036621094,19873
2026-08-31 15:03:00-04:00,7.120100021362305,7.130000114440918,7.119999885559082,7.130000114440918,25216
2026-08-31 15:04:00-04:00,7.125,7.130000114440918,7.119999885559082,7.130000114440918,18162
2026-08-31 15:05:00-04:00,7.126999855041504,7.130000114440918,7.123899936676025,7.125,9703
2026-08-31 15:06:00-04:00,7.114999771118164,7.130000114440918,7.114999771118164,7.125,42579
2026-08-31 15:07:00-04:00,7.119800090789795,7.119800090789795,7.110000133514404,7.114999771118164,6600
2026-08-31 15:08:00-04:00,7.125,7.130000114440918,7.114999771118164,7.114999771118164,31033
2026-08-31 15:09:00-04:00,7.130000114440918,7.130000114440918,7.121399879455566,7.125,5462
2026-08-31 15:10:00-04:00,7.119999885559082,7.130000114440918,7.119999885559082,7.130000114440918,14902
2026-08-31 15:11:00-04:00,7.110000133514404,7.119999885559082,7.110000133514404,7.119999885559082,43862
2026-08-31 15:12:00-04:00,7.114999771118164,7.119999885559082,7.105000019073486,7.110000133514404,74242
2026-08-31 15:13:00-04:00,7.125,7.130000114440918,7.110000133514404,7.110000133514404,98247
2026-08-31 15:14:00-04:00,7.130000114440918,7.139999866485596,7.122600078582764,7.125,115248
2026-08-31 15:15:00-04:00,7.125,7.130000114440918,7.121600151062012,7.130000114440918,55802
2026-08-31 15:16:00-04:00,7.125,7.130000114440918,7.119999885559082,7.130000114440918,21120
2026-08-31 15:17:00-04:00,7.125,7.129899978637695,7.125,7.125,12763
2026-08-31 15:18:00-04:00,7.105000019073486,7.130000114440918,7.099999904632568,7.130000114440918,51193
2026-08-31 15:19:00-04:00,7.105000019073486,7.110000133514404,7.099999904632568,7.099999904632568,5371
2026-08-31 15:20:00-04:00,7.106200218200684,7.110000133514404,7.099999904632568,7.105000019073486,26147
2026-08-31 15:21:00-04:00,7.105000019073486,7.110000133514404,7.099999904632568,7.105000019073486,16596
2026-08-31 15:22:00-04:00,7.097400188446045,7.110000133514404,7.090000152587891,7.110000133514404,60559
2026-08-31 15:23:00-04:00,7.098599910736084,7.099999904632568,7.090000152587891,7.099999904632568,44515
2026-08-31 15:24:00-04:00,7.105000019073486,7.110000133514404,7.098599910736084,7.098599910736084,27397
2026-08-31 15:25:00-04:00,7.105000019073486,7.110000133514404,7.099999904632568,7.099999904632568,13503
2026-08-31 15:26:00-04:00,7.110000133514404,7.110000133514404,7.100100040435791,7.105000019073486,10033
2026-08-31 15:27:00-04:00,7.107699871063232,7.110000133514404,7.099999904632568,7.105000019073486,18015
2026-08-31 15:28:00-04:00,7.105000019073486,7.110000133514404,7.099999904632568,7.105000019073486,26170
2026-08-31 15:29:00-04:00,7.105000019073486,7.110000133514404,7.099999904632568,7.105000019073486,22912
2026-08-31 15:30:00-04:00,7.099999904632568,7.110000133514404,7.099999904632568,7.105000019073486,10988
2026-08-31 15:31:00-04:00,7.099999904632568,7.110000133514404,7.099999904632568,7.105000019073486,41668
2026-08-31 15:32:00-04:00,7.105000019073486,7.114999771118164,7.099999904632568,7.105000019073486,82528
2026-08-31 15:33:00-04:00,7.099999904632568,7.110000133514404,7.099999904632568,7.105000019073486,8824
2026-08-31 15:34:00-04:00,7.099999904632568,7.110000133514404,7.099999904632568,7.110000133514404,19078
2026-08-31 15:35:00-04:00,7.106200218200684,7.110000133514404,7.099999904632568,7.10860013961792,19213
2026-08-31 15:36:00-04:00,7.110000133514404,7.110000133514404,7.105000019073486,7.110000133514404,26939
2026-08-31 15:37:00-04:00,7.105000019073486,7.110000133514404,7.09499979019165,7.105000019073486,77754
2026-08-31 15:38:00-04:00,7.105000019073486,7.110000133514404,7.099999904632568,7.101399898529053,27401
2026-08-31 15:39:00-04:00,7.105000019073486,7.110000133514404,7.103400230407715,7.110000133514404,8706
2026-08-31 15:40:00-04:00,7.100100040435791,7.110000133514404,7.099999904632568,7.110000133514404,15780
2026-08-31 15:41:00-04:00,7.110000133514404,7.110000133514404,7.099999904632568,7.110000133514404,31421
2026-08-31 15:42:00-04:00,7.118599891662598,7.118599891662598,7.099999904632568,7.105000019073486,37373
2026-08-31 15:43:00-04:00,7.119999885559082,7.128600120544434,7.110000133514404,7.114999771118164,42254
2026-08-31 15:44:00-04:00,7.114999771118164,7.130000114440918,7.114999771118164,7.130000114440918,31096
2026-08-31 15:45:00-04:00,7.114999771118164,7.119999885559082,7.110000133514404,7.119999885559082,18390
2026-08-31 15:46:00-04:00,7.119999885559082,7.119999885559082,7.111400127410889,7.119100093841553,18319
2026-08-31 15:47:00-04:00,7.105000019073486,7.119999885559082,7.099999904632568,7.117400169372559,45853
2026-08-31 15:48:00-04:00,7.101500034332275,7.110000133514404,7.101500034332275,7.110000133514404,13876
2026-08-31 15:49:00-04:00,7.114999771118164,7.118599891662598,7.099999904632568,7.105000019073486,46276
2026-08-31 15:50:00-04:00,7.135000228881836,7.139999866485596,7.114999771118164,7.114999771118164,126908
2026-08-31 15:51:00-04:00,7.135000228881836,7.139999866485596,7.130000114440918,7.135000228881836,82822
2026-08-31 15:52:00-04:00,7.144999980926514,7.150000095367432,7.130000114440918,7.135000228881836,36549
2026-08-31 15:53:00-04:00,7.135000228881836,7.150000095367432,7.1331000328063965,7.150000095367432,53348
2026-08-31 15:54:00-04:00,7.121399879455566,7.14900016784668,7.120100021362305,7.135000228881836,130824
2026-08-31 15:55:00-04:00,7.114999771118164,7.125,7.110000133514404,7.123799800872803,79606
2026-08-31 15:56:00-04:00,7.144999980926514,7.150000095367432,7.114999771118164,7.114999771118164,148572
2026-08-31 15:57:00-04:00,7.164999961853027,7.165900230407715,7.130000114440918,7.144999980926514,197422
2026-08-31 15:58:00-04:00,7.175000190734863,7.175000190734863,7.159999847412109,7.170000076293945,177562
2026-08-31 15:59:00-04:00,7.170000076293945,7.184999942779541,7.164999961853027,7.170000076293945,451745
2026-09-01 09:30:00-04:00,6.940000057220459,6.96999979019165,6.929999828338623,6.965000152587891,1386370
2026-09-01 09:31:00-04:00,6.985000133514404,6.989999771118164,6.930099964141846,6.944699764251709,115300
2026-09-01 09:32:00-04:00,6.954999923706055,7.0,6.954999923706055,6.985000133514404,95812
2026-09-01 09:33:00-04:00,6.945000171661377,6.960000038146973,6.940000057220459,6.955399990081787,71096
2026-09-01 09:34:00-04:00,6.954999923706055,6.960000038146973,6.920000076293945,6.945000171661377,70956
2026-09-01 09:35:00-04:00,6.960000038146973,6.96999979019165,6.954999923706055,6.960000038146973,110011
2026-09-01 09:36:00-04:00,6.954999923706055,6.96999979019165,6.940000057220459,6.960000038146973,50928
2026-09-01 09:37:00-04:00,6.945000171661377,6.954999923706055,6.929999828338623,6.953100204467773,45448
2026-09-01 09:38:00-04:00,6.894999980926514,6.945000171661377,6.890100002288818,6.945000171661377,284770
2026-09-01 09:39:00-04:00,6.875,6.900000095367432,6.869999885559082,6.891499996185303,162869
2026-09-01 09:40:00-04:00,6.84499979019165,6.885000228881836,6.84499979019165,6.872000217437744,336981
2026-09-01 09:41:00-04:00,6.835000038146973,6.848599910736084,6.809999942779541,6.84499979019165,200264
2026-09-01 09:42:00-04:00,6.855000019073486,6.860000133514404,6.829999923706055,6.8379998207092285,79884
2026-09-01 09:43:00-04:00,6.855000019073486,6.869999885559082,6.849999904632568,6.855000019073486,145775
2026-09-01 09:44:00-04:00,6.855000019073486,6.860000133514404,6.840000152587891,6.860000133514404,78851
2026-09-01 09:45:00-04:00,6.880000114440918,6.889999866485596,6.840000152587891,6.849999904632568,66588
2026-09-01 09:46:00-04:00,6.885000228881836,6.90500020980835,6.885000228881836,6.889900207519531,81888
2026-09-01 09:47:00-04:00,6.899899959564209,6.908599853515625,6.885000228881836,6.88670015335083,98501
2026-09-01 09:48:00-04:00,6.875,6.894999980926514,6.869999885559082,6.891499996185303,90494
2026-09-01 09:49:00-04:00,6.85860013961792,6.869999885559082,6.849999904632568,6.869999885559082,66062
2026-09-01 09:50:00-04:00,6.864999771118164,6.869999885559082,6.849999904632568,6.859899997711182,34208
2026-09-01 09:51:00-04:00,6.859899997711182,6.869900226593018,6.849999904632568,6.86299991607666,29446
2026-09-01 09:52:00-04:00,6.784999847412109,6.855000019073486,6.78000020980835,6.855000019073486,382063
2026-09-01 09:53:00-04:00,6.798600196838379,6.800000190734863,6.78000020980835,6.784999847412109,67854
2026-09-01 09:54:00-04:00,6.784999847412109,6.800000190734863,6.78000020980835,6.795000076293945,69677
2026-09-01 09:55:00-04:00,6.824999809265137,6.829999923706055,6.78000020980835,6.789999961853027,67457
2026-09-01 09:56:00-04:00,6.809899806976318,6.829999923706055,6.800000190734863,6.824999809265137,69755
2026-09-01 09:57:00-04:00,6.809999942779541,6.809999942779541,6.800000190734863,6.804999828338623,39826
2026-09-01 09:58:00-04:00,6.804999828338623,6.809999942779541,6.800000190734863,6.804999828338623,41599
2026-09-01 09:59:00-04:00,6.809999942779541,6.820000171661377,6.800000190734863,6.804999828338623,130603
2026-09-01 10:00:00-04:00,6.784999847412109,6.815000057220459,6.781400203704834,6.809999942779541,114912
2026-09-01 10:01:00-04:00,6.819900035858154,6.819900035858154,6.781400203704834,6.784999847412109,39250
2026-09-01 10:02:00-04:00,6.789999961853027,6.820000171661377,6.78000020980835,6.817399978637695,62425
2026-09-01 10:03:00-04:00,6.820000171661377,6.824999809265137,6.789999961853027,6.798600196838379,64269
2026-09-01 10:04:00-04:00,6.804999828338623,6.829999923706055,6.804999828338623,6.824999809265137,42766
2026-09-01 10:05:00-04:00,6.820000171661377,6.820000171661377,6.809500217437744,6.809500217437744,39374
2026-09-01 10:06:00-04:00,6.835000038146973,6.840000152587891,6.816199779510498,6.820000171661377,53782
2026-09-01 10:07:00-04:00,6.829899787902832,6.840000152587891,6.820000171661377,6.835000038146973,30229
2026-09-01 10:08:00-04:00,6.824999809265137,6.829999923706055,6.815000057220459,6.824999809265137,41777
2026-09-01 10:09:00-04:00,6.819499969482422,6.827400207519531,6.815000057220459,6.824999809265137,17794
2026-09-01 10:10:00-04:00,6.824999809265137,6.829999923706055,6.815000057220459,6.817699909210205,34161
2026-09-01 10:11:00-04:00,6.798600196838379,6.829999923706055,6.795000076293945,6.824999809265137,68104
2026-09-01 10:12:00-04:00,6.80620002746582,6.80620002746582,6.789999961853027,6.799900054931641,64953
2026-09-01 10:13:00-04:00,6.808599948883057,6.809999942779541,6.795000076293945,6.800000190734863,47276
2026-09-01 10:14:00-04:00,6.817399978637695,6.820000171661377,6.804999828338623,6.808599948883057,25427
2026-09-01 10:15:00-04:00,6.838600158691406,6.840000152587891,6.815000057220459,6.820000171661377,30474
2026-09-01 10:16:00-04:00,6.829999923706055,6.840000152587891,6.824999809265137,6.835000038146973,33327
2026-09-01 10:17:00-04:00,6.809999942779541,6.829899787902832,6.800000190734863,6.824999809265137,26236
2026-09-01 10:18:00-04:00,6.795000076293945,6.809999942779541,6.791299819946289,6.801400184631348,52298
2026-09-01 10:19:00-04:00,6.809999942779541,6.809999942779541,6.789999961853027,6.795000076293945,44362
2026-09-01 10:20:00-04:00,6.815000057220459,6.820000171661377,6.800000190734863,6.809999942779541,36509
2026-09-01 10:21:00-04:00,6.804999828338623,6.820000171661377,6.800000190734863,6.815000057220459,37344
2026-09-01 10:22:00-04:00,6.815000057220459,6.820000171661377,6.804999828338623,6.804999828338623,36195
2026-09-01 10:23:00-04:00,6.820000171661377,6.820000171661377,6.804999828338623,6.815000057220459,46408
2026-09-01 10:24:00-04:00,6.809899806976318,6.820000171661377,6.800099849700928,6.815000057220459,41144
2026-09-01 10:25:00-04:00,6.820499897003174,6.829999923706055,6.800000190734863,6.800000190734863,40872
2026-09-01 10:26:00-04:00,6.820000171661377,6.820000171661377,6.811399936676025,6.820000171661377,25939
2026-09-01 10:27:00-04:00,6.815000057220459,6.820000171661377,6.804999828338623,6.818600177764893,26293
2026-09-01 10:28:00-04:00,6.820000171661377,6.820000171661377,6.800000190734863,6.815000057220459,67108
2026-09-01 10:29:00-04:00,6.800099849700928,6.820000171661377,6.800000190734863,6.815000057220459,28101
2026-09-01 10:30:00-04:00,6.810500144958496,6.820000171661377,6.800000190734863,6.804999828338623,17658
2026-09-01 10:31:00-04:00,6.804999828338623,6.809999942779541,6.800000190734863,6.809999942779541,17280
2026-09-01 10:32:00-04:00,6.809899806976318,6.809999942779541,6.795000076293945,6.804999828338623,185979
2026-09-01 10:33:00-04:00,6.804999828338623,6.809999942779541,6.803199768066406,6.804999828338623,11346
2026-09-01 10:34:00-04:00,6.820000171661377,6.820000171661377,6.804999828338623,6.809999942779541,15410
2026-09-01 10:35:00-04:00,6.818600177764893,6.829999923706055,6.809999942779541,6.809999942779541,30206
2026-09-01 10:36:00-04:00,6.795000076293945,6.815000057220459,6.795000076293945,6.815000057220459,111188
2026-09-01 10:37:00-04:00,6.795000076293945,6.800000190734863,6.789999961853027,6.800000190734863,41950
2026-09-01 10:38:00-04:00,6.800000190734863,6.800000190734863,6.769999980926514,6.789999961853027,143518
2026-09-01 10:39:00-04:00,6.784999847412109,6.800000190734863,6.78000020980835,6.795000076293945,40804
2026-09-01 10:40:00-04:00,6.789999961853027,6.795000076293945,6.78000020980835,6.784999847412109,35336
2026-09-01 10:41:00-04:00,6.795000076293945,6.800000190734863,6.784999847412109,6.786099910736084,61977
2026-09-01 10:42:00-04:00,6.795000076293945,6.800000190734863,6.784999847412109,6.789999961853027,27105
2026-09-01 10:43:00-04:00,6.795000076293945,6.800000190734863,6.789999961853027,6.795000076293945,40480
2026-09-01 10:44:00-04:00,6.795000076293945,6.800000190734863,6.790299892425537,6.795000076293945,21379
2026-09-01 10:45:00-04:00,6.795000076293945,6.800000190734863,6.789999961853027,6.800000190734863,48489
2026-09-01 10:46:00-04:00,6.809999942779541,6.809999942779541,6.795000076293945,6.795000076293945,32154
2026-09-01 10:47:00-04:00,6.824999809265137,6.829999923706055,6.809899806976318,6.809999942779541,42668
2026-09-01 10:48:00-04:00,6.809999942779541,6.840000152587891,6.809999942779541,6.829899787902832,57101
2026-09-01 10:49:00-04:00,6.797399997711182,6.815000057220459,6.789999961853027,6.815000057220459,69344
2026-09-01 10:50:00-04:00,6.769999980926514,6.795000076293945,6.769999980926514,6.795000076293945,498535
2026-09-01 10:51:00-04:00,6.775000095367432,6.78000020980835,6.769999980926514,6.779900074005127,100227
2026-09-01 10:52:00-04:00,6.764100074768066,6.78000020980835,6.764100074768066,6.769999980926514,160141
2026-09-01 10:53:00-04:00,6.784999847412109,6.789999961853027,6.769999980926514,6.769999980926514,43592
2026-09-01 10:54:00-04:00,6.795000076293945,6.800000190734863,6.78000020980835,6.789999961853027,49758
2026-09-01 10:55:00-04:00,6.795000076293945,6.799900054931641,6.78000020980835,6.795000076293945,27255
2026-09-01 10:56:00-04:00,6.784999847412109,6.800000190734863,6.78000020980835,6.789999961853027,32811
2026-09-01 10:57:00-04:00,6.784999847412109,6.789999961853027,6.78000020980835,6.789999961853027,9400
2026-09-01 10:58:00-04:00,6.785699844360352,6.789999961853027,6.78000020980835,6.784999847412109,20508
2026-09-01 10:59:00-04:00,6.784999847412109,6.789999961853027,6.78000020980835,6.789999961853027,16845
2026-09-01 11:00:00-04:00,6.775000095367432,6.789999961853027,6.775000095367432,6.788000106811523,78982
2026-09-01 11:01:00-04:00,6.775000095367432,6.78000020980835,6.769999980926514,6.778600215911865,243212
2026-09-01 11:02:00-04:00,6.784999847412109,6.7895002365112305,6.775000095367432,6.775000095367432,45242
2026-09-01 11:03:00-04:00,6.784999847412109,6.789999961853027,6.78000020980835,6.784999847412109,16549
2026-09-01 11:04:00-04:00,6.775000095367432,6.784999847412109,6.769999980926514,6.784999847412109,36676
2026-09-01 11:05:00-04:00,6.769999980926514,6.78000020980835,6.769999980926514,6.779900074005127,35461
2026-09-01 11:06:00-04:00,6.775000095367432,6.78000020980835,6.769999980926514,6.775000095367432,116085
2026-09-01 11:07:00-04:00,6.778600215911865,6.78000020980835,6.764999866485596,6.775000095367432,85476
2026-09-01 11:08:00-04:00,6.775000095367432,6.78000020980835,6.769999980926514,6.775000095367432,40919
2026-09-01 11:09:00-04:00,6.764999866485596,6.78000020980835,6.760000228881836,6.769999980926514,122422
2026-09-01 11:10:00-04:00,6.775000095367432,6.78000020980835,6.764999866485596,6.768199920654297,78069
2026-09-01 11:11:00-04:00,6.769999980926514,6.78000020980835,6.769999980926514,6.775000095367432,46043
2026-09-01 11:12:00-04:00,6.779900074005127,6.789999961853027,6.760000228881836,6.772600173950195,88283
2026-09-01 11:13:00-04:00,6.78000020980835,6.78000020980835,6.769999980926514,6.772600173950195,112457
2026-09-01 11:14:00-04:00,6.775000095367432,6.78000020980835,6.769999980926514,6.775000095367432,9716
2026-09-01 11:15:00-04:00,6.769999980926514,6.78000020980835,6.769999980926514,6.775000095367432,77062
2026-09-01 11:16:00-04:00,6.775000095367432,6.78000020980835,6.769999980926514,6.775000095367432,37008
2026-09-01 11:17:00-04:00,6.775000095367432,6.78000020980835,6.769999980926514,6.775000095367432,19377
2026-09-01 11:18:00-04:00,6.775000095367432,6.78000020980835,6.769999980926514,6.769999980926514,46813
2026-09-01 11:19:00-04:00,6.775000095367432,6.78000020980835,6.769999980926514,6.78000020980835,51554
2026-09-01 11:20:00-04:00,6.775000095367432,6.78000020980835,6.769999980926514,6.775000095367432,29170
2026-09-01 11:21:00-04:00,6.78000020980835,6.78000020980835,6.769999980926514,6.775000095367432,8191
2026-09-01 11:22:00-04:00,6.784999847412109,6.789999961853027,6.7743000984191895,6.777400016784668,53105
2026-09-01 11:23:00-04:00,6.784999847412109,6.789999961853027,6.775000095367432,6.78000020980835,69483
2026-09-01 11:24:00-04:00,6.784999847412109,6.800000190734863,6.78000020980835,6.789899826049805,87351
2026-09-01 11:25:00-04:00,6.784999847412109,6.795000076293945,6.784999847412109,6.784999847412109,76248
2026-09-01 11:26:00-04:00,6.784999847412109,6.789999961853027,6.78000020980835,6.78000020980835,29385
2026-09-01 11:27:00-04:00,6.7895002365112305,6.789999961853027,6.78000020980835,6.784999847412109,23221
2026-09-01 11:28:00-04:00,6.786399841308594,6.789999961853027,6.78000020980835,6.789999961853027,21150
2026-09-01 11:29:00-04:00,6.789999961853027,6.800000190734863,6.789899826049805,6.789999961853027,91591
2026-09-01 11:30:00-04:00,6.798600196838379,6.800000190734863,6.789999961853027,6.800000190734863,14137
2026-09-01 11:31:00-04:00,6.789999961853027,6.800000190734863,6.789999961853027,6.795000076293945,28252
2026-09-01 11:32:00-04:00,6.78000020980835,6.800000190734863,6.78000020980835,6.800000190734863,33225
2026-09-01 11:33:00-04:00,6.800000190734863,6.800000190734863,6.784999847412109,6.784999847412109,32645
2026-09-01 11:34:00-04:00,6.804999828338623,6.809999942779541,6.795000076293945,6.795000076293945,282744
2026-09-01 11:35:00-04:00,6.809999942779541,6.809999942779541,6.800000190734863,6.800099849700928,54782
2026-09-01 11:36:00-04:00,6.811200141906738,6.811200141906738,6.795000076293945,6.804999828338623,145266
2026-09-01 11:37:00-04:00,6.815000057220459,6.820000171661377,6.809999942779541,6.815000057220459,66552
2026-09-01 11:38:00-04:00,6.815000057220459,6.820000171661377,6.809999942779541,6.815000057220459,66184
2026-09-01 11:39:00-04:00,6.804999828338623,6.820000171661377,6.800000190734863,6.815000057220459,65109
2026-09-01 11:40:00-04:00,6.804999828338623,6.809899806976318,6.800000190734863,6.808599948883057,45445
2026-09-01 11:41:00-04:00,6.820000171661377,6.820000171661377,6.800000190734863,6.804999828338623,57215
2026-09-01 11:42:00-04:00,6.820000171661377,6.820000171661377,6.809999942779541,6.809999942779541,60753
2026-09-01 11:43:00-04:00,6.829899787902832,6.829999923706055,6.809999942779541,6.820000171661377,156271
2026-09-01 11:44:00-04:00,6.832600116729736,6.840000152587891,6.820000171661377,6.824999809265137,44327
2026-09-01 11:45:00-04:00,6.839200019836426,6.840000152587891,6.829999923706055,6.835000038146973,34541
2026-09-01 11:46:00-04:00,6.830100059509277,6.840000152587891,6.829999923706055,6.835000038146973,69692
2026-09-01 11:47:00-04:00,6.829999923706055,6.840000152587891,6.829999923706055,6.835000038146973,15223
2026-09-01 11:48:00-04:00,6.832600116729736,6.840000152587891,6.832600116729736,6.835000038146973,49863
2026-09-01 11:49:00-04:00,6.838600158691406,6.840000152587891,6.830100059509277,6.835000038146973,16006
2026-09-01 11:50:00-04:00,6.835000038146973,6.840000152587891,6.829999923706055,6.835000038146973,16300
2026-09-01 11:51:00-04:00,6.835000038146973,6.840000152587891,6.829999923706055,6.835000038146973,17394
2026-09-01 11:52:00-04:00,6.840000152587891,6.840000152587891,6.829999923706055,6.840000152587891,13184
2026-09-01 11:53:00-04:00,6.832600116729736,6.840000152587891,6.829999923706055,6.835000038146973,14913
2026-09-01 11:54:00-04:00,6.839900016784668,6.840000152587891,6.829999923706055,6.835000038146973,32757
2026-09-01 11:55:00-04:00,6.85860013961792,6.860000133514404,6.835000038146973,6.840000152587891,166220
2026-09-01 11:56:00-04:00,6.853899955749512,6.864999771118164,6.849999904632568,6.860000133514404,390527
2026-09-01 11:57:00-04:00,6.875,6.880000114440918,6.855000019073486,6.855000019073486,78370
2026-09-01 11:58:00-04:00,6.864999771118164,6.880000114440918,6.860000133514404,6.880000114440918,110933
2026-09-01 11:59:00-04:00,6.869900226593018,6.869999885559082,6.860000133514404,6.869999885559082,36271
2026-09-01 12:00:00-04:00,6.869900226593018,6.880000114440918,6.861400127410889,6.869999885559082,93649
2026-09-01 12:01:00-04:00,6.869999885559082,6.869999885559082,6.855000019073486,6.8653998374938965,78554
2026-09-01 12:02:00-04:00,6.880099773406982,6.885000228881836,6.869900226593018,6.869900226593018,154035
2026-09-01 12:03:00-04:00,6.885799884796143,6.889999866485596,6.880000114440918,6.882500171661377,41772
2026-09-01 12:04:00-04:00,6.919899940490723,6.920000076293945,6.880099773406982,6.880300045013428,100178
2026-09-01 12:05:00-04:00,6.914999961853027,6.920000076293945,6.909999847412109,6.914999961853027,49503
2026-09-01 12:06:00-04:00,6.909999847412109,6.920000076293945,6.909999847412109,6.920000076293945,71726
2026-09-01 12:07:00-04:00,6.925000190734863,6.945000171661377,6.914999961853027,6.918700218200684,134228
2026-09-01 12:08:00-04:00,6.92140007019043,6.929999828338623,6.914999961853027,6.925000190734863,59247
2026-09-01 12:09:00-04:00,6.925000190734863,6.934999942779541,6.920100212097168,6.929900169372559,73845
2026-09-01 12:10:00-04:00,6.920000076293945,6.929999828338623,6.914999961853027,6.929999828338623,59086
2026-09-01 12:11:00-04:00,6.920000076293945,6.920000076293945,6.909999847412109,6.914999961853027,77025
2026-09-01 12:12:00-04:00,6.90500020980835,6.920000076293945,6.90500020980835,6.920000076293945,57751
2026-09-01 12:13:00-04:00,6.900000095367432,6.909999847412109,6.900000095367432,6.909999847412109,53907
2026-09-01 12:14:00-04:00,6.875,6.900000095367432,6.869999885559082,6.894999980926514,79061
2026-09-01 12:15:00-04:00,6.875,6.889999866485596,6.872499942779541,6.872499942779541,25660
2026-09-01 12:16:00-04:00,6.875,6.885000228881836,6.860000133514404,6.879499912261963,114273
2026-09-01 12:17:00-04:00,6.875,6.879899978637695,6.869999885559082,6.871399879455566,45962
2026-09-01 12:18:00-04:00,6.878600120544434,6.880000114440918,6.869999885559082,6.875,66365
2026-09-01 12:19:00-04:00,6.885000228881836,6.889999866485596,6.880000114440918,6.880000114440918,39589
2026-09-01 12:20:00-04:00,6.875,6.889999866485596,6.869999885559082,6.885000228881836,132416
2026-09-01 12:21:00-04:00,6.868599891662598,6.875,6.860099792480469,6.875,188182
2026-09-01 12:22:00-04:00,6.859899997711182,6.869900226593018,6.849999904632568,6.869900226593018,70397
2026-09-01 12:23:00-04:00,6.860000133514404,6.875,6.850100040435791,6.85860013961792,91641
2026-09-01 12:24:00-04:00,6.85260009765625,6.864999771118164,6.85260009765625,6.864999771118164,75916
2026-09-01 12:25:00-04:00,6.855000019073486,6.860000133514404,6.849999904632568,6.860000133514404,7237
2026-09-01 12:26:00-04:00,6.864999771118164,6.875,6.85860013961792,6.85860013961792,164629
2026-09-01 12:27:00-04:00,6.875,6.880000114440918,6.860099792480469,6.864999771118164,49698
2026-09-01 12:28:00-04:00,6.875,6.880000114440918,6.869999885559082,6.875,46505
2026-09-01 12:29:00-04:00,6.869999885559082,6.880000114440918,6.86359977722168,6.875,21752
2026-09-01 12:30:00-04:00,6.855000019073486,6.869999885559082,6.854499816894531,6.869999885559082,77527
2026-09-01 12:31:00-04:00,6.84499979019165,6.860000133514404,6.84499979019165,6.855000019073486,132511
2026-09-01 12:32:00-04:00,6.849999904632568,6.849999904632568,6.840000152587891,6.84499979019165,43844
2026-09-01 12:33:00-04:00,6.84499979019165,6.849999904632568,6.840000152587891,6.849999904632568,40103
2026-09-01 12:34:00-04:00,6.84499979019165,6.849999904632568,6.840000152587891,6.849999904632568,41261
2026-09-01 12:35:00-04:00,6.855000019073486,6.855800151824951,6.840000152587891,6.847400188446045,80092
2026-09-01 12:36:00-04:00,6.855000019073486,6.860000133514404,6.84499979019165,6.850100040435791,86989
2026-09-01 12:37:00-04:00,6.855000019073486,6.860000133514404,6.849999904632568,6.855000019073486,24764
2026-09-01 12:38:00-04:00,6.864999771118164,6.864999771118164,6.849999904632568,6.855000019073486,39434
2026-09-01 12:39:00-04:00,6.862299919128418,6.869999885559082,6.860000133514404,6.864999771118164,38937
2026-09-01 12:40:00-04:00,6.855000019073486,6.864999771118164,6.849999904632568,6.864999771118164,71285
2026-09-01 12:41:00-04:00,6.864999771118164,6.868599891662598,6.849999904632568,6.855000019073486,71719
2026-09-01 12:42:00-04:00,6.84499979019165,6.869999885559082,6.84499979019165,6.862299919128418,80752
2026-09-01 12:43:00-04:00,6.853899955749512,6.860000133514404,6.84499979019165,6.84499979019165,23058
2026-09-01 12:44:00-04:00,6.855000019073486,6.859899997711182,6.854700088500977,6.855000019073486,28193
2026-09-01 12:45:00-04:00,6.864999771118164,6.864999771118164,6.855000019073486,6.856299877166748,74637
2026-09-01 12:46:00-04:00,6.855000019073486,6.869999885559082,6.855000019073486,6.863699913024902,38024
2026-09-01 12:47:00-04:00,6.855000019073486,6.860000133514404,6.849999904632568,6.855000019073486,33729
2026-09-01 12:48:00-04:00,6.864999771118164,6.868599891662598,6.849999904632568,6.860000133514404,50962
2026-09-01 12:49:00-04:00,6.864999771118164,6.869999885559082,6.861400127410889,6.861400127410889,26368
2026-09-01 12:50:00-04:00,6.864999771118164,6.869999885559082,6.860000133514404,6.864999771118164,6402
2026-09-01 12:51:00-04:00,6.860000133514404,6.869999885559082,6.855000019073486,6.864999771118164,25815
2026-09-01 12:52:00-04:00,6.875,6.880000114440918,6.849999904632568,6.855000019073486,55615
2026-09-01 12:53:00-04:00,6.860000133514404,6.880000114440918,6.860000133514404,6.875,25226
2026-09-01 12:54:00-04:00,6.860000133514404,6.869999885559082,6.860000133514404,6.862299919128418,8404
2026-09-01 12:55:00-04:00,6.875,6.880000114440918,6.864999771118164,6.864999771118164,40984
2026-09-01 12:56:00-04:00,6.880000114440918,6.880000114440918,6.869999885559082,6.869999885559082,54591
2026-09-01 12:57:00-04:00,6.879700183868408,6.880000114440918,6.869999885559082,6.878600120544434,29487
2026-09-01 12:58:00-04:00,6.885000228881836,6.889999866485596,6.870200157165527,6.875,67440
2026-09-01 12:59:00-04:00,6.879899978637695,6.889999866485596,6.875,6.880000114440918,33197
2026-09-01 13:00:00-04:00,6.875,6.878600120544434,6.870100021362305,6.878600120544434,25298
2026-09-01 13:01:00-04:00,6.864999771118164,6.87529993057251,6.864999771118164,6.869999885559082,23412
2026-09-01 13:02:00-04:00,6.875,6.880000114440918,6.860099792480469,6.860099792480469,60170
2026-09-01 13:03:00-04:00,6.870100021362305,6.880000114440918,6.869999885559082,6.880000114440918,45534
2026-09-01 13:04:00-04:00,6.864999771118164,6.877399921417236,6.864999771118164,6.869999885559082,25235
2026-09-01 13:05:00-04:00,6.875,6.875,6.864999771118164,6.864999771118164,86823
2026-09-01 13:06:00-04:00,6.869999885559082,6.880000114440918,6.860000133514404,6.875,49370
2026-09-01 13:07:00-04:00,6.864999771118164,6.869999885559082,6.860000133514404,6.863900184631348,18061
2026-09-01 13:08:00-04:00,6.869900226593018,6.869999885559082,6.862599849700928,6.869999885559082,15296
2026-09-01 13:09:00-04:00,6.864999771118164,6.869999885559082,6.860000133514404,6.864999771118164,7235
2026-09-01 13:10:00-04:00,6.864999771118164,6.869999885559082,6.864999771118164,6.869999885559082,881
2026-09-01 13:11:00-04:00,6.864999771118164,6.869999885559082,6.864999771118164,6.864999771118164,18671
2026-09-01 13:12:00-04:00,6.870200157165527,6.880000114440918,6.864999771118164,6.864999771118164,45564
2026-09-01 13:13:00-04:00,6.870100021362305,6.880000114440918,6.869999885559082,6.880000114440918,14602
2026-09-01 13:14:00-04:00,6.869999885559082,6.875,6.864999771118164,6.871300220489502,52987
2026-09-01 13:15:00-04:00,6.875,6.880000114440918,6.869999885559082,6.875,27105
2026-09-01 13:16:00-04:00,6.869999885559082,6.880000114440918,6.860000133514404,6.875,74347
2026-09-01 13:17:00-04:00,6.860000133514404,6.869999885559082,6.860000133514404,6.864999771118164,42007
2026-09-01 13:18:00-04:00,6.8730998039245605,6.880000114440918,6.864999771118164,6.869999885559082,58312
2026-09-01 13:19:00-04:00,6.875,6.878600120544434,6.870200157165527,6.878600120544434,3595
2026-09-01 13:20:00-04:00,6.864999771118164,6.880000114440918,6.860000133514404,6.880000114440918,141045
2026-09-01 13:21:00-04:00,6.864999771118164,6.869999885559082,6.860000133514404,6.864999771118164,55498
2026-09-01 13:22:00-04:00,6.857500076293945,6.864999771118164,6.855000019073486,6.864999771118164,56642
2026-09-01 13:23:00-04:00,6.855000019073486,6.860000133514404,6.849999904632568,6.857100009918213,55381
2026-09-01 13:24:00-04:00,6.850100040435791,6.860000133514404,6.850100040435791,6.860000133514404,18354
2026-09-01 13:25:00-04:00,6.87060022354126,6.875,6.849999904632568,6.860000133514404,211581
2026-09-01 13:26:00-04:00,6.875,6.880000114440918,6.864999771118164,6.875,73471
2026-09-01 13:27:00-04:00,6.885000228881836,6.889900207519531,6.869999885559082,6.875,36816
2026-09-01 13:28:00-04:00,6.885000228881836,6.885000228881836,6.880000114440918,6.885000228881836,14471
2026-09-01 13:29:00-04:00,6.889900207519531,6.889999866485596,6.880000114440918,6.889999866485596,75262
2026-09-01 13:30:00-04:00,6.90500020980835,6.909999847412109,6.888599872589111,6.888599872589111,209696
2026-09-01 13:31:00-04:00,6.916500091552734,6.916500091552734,6.900000095367432,6.900000095367432,59849
2026-09-01 13:32:00-04:00,6.909999847412109,6.920000076293945,6.909999847412109,6.909999847412109,34714
2026-09-01 13:33:00-04:00,6.914999961853027,6.920000076293945,6.909999847412109,6.909999847412109,69343
2026-09-01 13:34:00-04:00,6.912199974060059,6.920000076293945,6.909999847412109,6.920000076293945,20656
2026-09-01 13:35:00-04:00,6.925000190734863,6.929999828338623,6.909999847412109,6.914999961853027,91523
2026-09-01 13:36:00-04:00,6.919099807739258,6.929900169372559,6.914999961853027,6.925000190734863,68810
2026-09-01 13:37:00-04:00,6.925000190734863,6.929999828338623,6.914999961853027,6.914999961853027,38100
2026-09-01 13:38:00-04:00,6.929999828338623,6.929999828338623,6.920000076293945,6.925000190734863,33312
2026-09-01 13:39:00-04:00,6.925000190734863,6.929999828338623,6.921999931335449,6.925000190734863,45098
2026-09-01 13:40:00-04:00,6.925000190734863,6.929999828338623,6.920100212097168,6.925000190734863,9239
2026-09-01 13:41:00-04:00,6.914999961853027,6.925000190734863,6.914999961853027,6.92080020904541,59145
2026-09-01 13:42:00-04:00,6.9257001876831055,6.929999828338623,6.914999961853027,6.920000076293945,13503
2026-09-01 13:43:00-04:00,6.925000190734863,6.929999828338623,6.920100212097168,6.925000190734863,16211
2026-09-01 13:44:00-04:00,6.91949987411499,6.929999828338623,6.914999961853027,6.925000190734863,67148
2026-09-01 13:45:00-04:00,6.914999961853027,6.920000076293945,6.909999847412109,6.914999961853027,16476
2026-09-01 13:46:00-04:00,6.90500020980835,6.914999961853027,6.900000095367432,6.912600040435791,61015
2026-09-01 13:47:00-04:00,6.90500020980835,6.909999847412109,6.900000095367432,6.909999847412109,24694
2026-09-01 13:48:00-04:00,6.911399841308594,6.919899940490723,6.909900188446045,6.909999847412109,38923
2026-09-01 13:49:00-04:00,6.914999961853027,6.920000076293945,6.909999847412109,6.909999847412109,18823
2026-09-01 13:50:00-04:00,6.909999847412109,6.920000076293945,6.909999847412109,6.915599822998047,22235
2026-09-01 13:51:00-04:00,6.914999961853027,6.920000076293945,6.912600040435791,6.912600040435791,7973
2026-09-01 13:52:00-04:00,6.920000076293945,6.920000076293945,6.909999847412109,6.910399913787842,42279
2026-09-01 13:53:00-04:00,6.90500020980835,6.919899940490723,6.90500020980835,6.914999961853027,38911
2026-09-01 13:54:00-04:00,6.900000095367432,6.909999847412109,6.900000095367432,6.909999847412109,29095
2026-09-01 13:55:00-04:00,6.90500020980835,6.909999847412109,6.901400089263916,6.909999847412109,6908
2026-09-01 13:56:00-04:00,6.902599811553955,6.909999847412109,6.900000095367432,6.90500020980835,10846
2026-09-01 13:57:00-04:00,6.90500020980835,6.908599853515625,6.90500020980835,6.90500020980835,5079
2026-09-01 13:58:00-04:00,6.90500020980835,6.909999847412109,6.900000095367432,6.909999847412109,17082
2026-09-01 13:59:00-04:00,6.909999847412109,6.909999847412109,6.90500020980835,6.909800052642822,13954
2026-09-01 14:00:00-04:00,6.90500020980835,6.909900188446045,6.900000095367432,6.90500020980835,8831
2026-09-01 14:01:00-04:00,6.890900135040283,6.900000095367432,6.889999866485596,6.900000095367432,46207
2026-09-01 14:02:00-04:00,6.894999980926514,6.900000095367432,6.885000228881836,6.890100002288818,108269
2026-09-01 14:03:00-04:00,6.894999980926514,6.900000095367432,6.889999866485596,6.894999980926514,20159
2026-09-01 14:04:00-04:00,6.897200107574463,6.900000095367432,6.889999866485596,6.894999980926514,17308
2026-09-01 14:05:00-04:00,6.894999980926514,6.900000095367432,6.894999980926514,6.894999980926514,3512
2026-09-01 14:06:00-04:00,6.900000095367432,6.900000095367432,6.894999980926514,6.900000095367432,1365
2026-09-01 14:07:00-04:00,6.90500020980835,6.909999847412109,6.889999866485596,6.889999866485596,81367
2026-09-01 14:08:00-04:00,6.90500020980835,6.909900188446045,6.900000095367432,6.900100231170654,14850
2026-09-01 14:09:00-04:00,6.898600101470947,6.90500020980835,6.8902997970581055,6.90500020980835,9134
2026-09-01 14:10:00-04:00,6.894999980926514,6.900000095367432,6.889999866485596,6.900000095367432,100460
2026-09-01 14:11:00-04:00,6.894999980926514,6.900000095367432,6.889999866485596,6.894999980926514,15201
2026-09-01 14:12:00-04:00,6.894999980926514,6.900000095367432,6.890100002288818,6.894999980926514,22637
2026-09-01 14:13:00-04:00,6.894999980926514,6.900000095367432,6.889999866485596,6.900000095367432,12747
2026-09-01 14:14:00-04:00,6.894999980926514,6.900000095367432,6.889999866485596,6.894999980926514,12484
2026-09-01 14:15:00-04:00,6.894999980926514,6.900000095367432,6.889999866485596,6.900000095367432,56696
2026-09-01 14:16:00-04:00,6.894999980926514,6.900000095367432,6.889999866485596,6.894999980926514,20427
2026-09-01 14:17:00-04:00,6.894999980926514,6.90500020980835,6.889999866485596,6.889999866485596,20657
2026-09-01 14:18:00-04:00,6.880000114440918,6.900000095367432,6.869999885559082,6.898600101470947,123380
2026-09-01 14:19:00-04:00,6.885000228881836,6.889999866485596,6.880000114440918,6.889999866485596,23312
2026-09-01 14:20:00-04:00,6.90500020980835,6.90500020980835,6.889800071716309,6.889800071716309,93006
2026-09-01 14:21:00-04:00,6.909999847412109,6.909999847412109,6.900000095367432,6.90500020980835,23541
2026-09-01 14:22:00-04:00,6.90500020980835,6.909999847412109,6.900000095367432,6.909999847412109,16263
2026-09-01 14:23:00-04:00,6.894999980926514,6.909999847412109,6.894999980926514,6.909999847412109,83613
2026-09-01 14:24:00-04:00,6.895400047302246,6.900000095367432,6.889999866485596,6.894999980926514,29379
2026-09-01 14:25:00-04:00,6.889999866485596,6.899099826812744,6.889999866485596,6.890100002288818,13515
2026-09-01 14:26:00-04:00,6.889999866485596,6.900000095367432,6.889999866485596,6.898799896240234,58282
2026-09-01 14:27:00-04:00,6.875,6.889999866485596,6.869999885559082,6.889999866485596,121145
2026-09-01 14:28:00-04:00,6.869999885559082,6.880000114440918,6.869999885559082,6.880000114440918,17325
2026-09-01 14:29:00-04:00,6.875,6.880000114440918,6.869999885559082,6.869999885559082,17961
2026-09-01 14:30:00-04:00,6.871399879455566,6.880000114440918,6.869999885559082,6.878600120544434,36326
2026-09-01 14:31:00-04:00,6.869999885559082,6.880000114440918,6.869999885559082,6.875,16877
2026-09-01 14:32:00-04:00,6.880000114440918,6.880000114440918,6.869999885559082,6.8790998458862305,22561
2026-09-01 14:33:00-04:00,6.864999771118164,6.877399921417236,6.860000133514404,6.877399921417236,48854
2026-09-01 14:34:00-04:00,6.863699913024902,6.869999885559082,6.860000133514404,6.860000133514404,35529
2026-09-01 14:35:00-04:00,6.869900226593018,6.869900226593018,6.860000133514404,6.864999771118164,21917
2026-09-01 14:36:00-04:00,6.864999771118164,6.869999885559082,6.860000133514404,6.860000133514404,12308
2026-09-01 14:37:00-04:00,6.849999904632568,6.864999771118164,6.849999904632568,6.860499858856201,42463
2026-09-01 14:38:00-04:00,6.855000019073486,6.860000133514404,6.849999904632568,6.855000019073486,26950
2026-09-01 14:39:00-04:00,6.855000019073486,6.860000133514404,6.849999904632568,6.855000019073486,15302
2026-09-01 14:40:00-04:00,6.859300136566162,6.859899997711182,6.849999904632568,6.849999904632568,18602
2026-09-01 14:41:00-04:00,6.855400085449219,6.860000133514404,6.849999904632568,6.855000019073486,6976
2026-09-01 14:42:00-04:00,6.849999904632568,6.860000133514404,6.849999904632568,6.855000019073486,23162
2026-09-01 14:43:00-04:00,6.860000133514404,6.860000133514404,6.849999904632568,6.849999904632568,79069
2026-09-01 14:44:00-04:00,6.840000152587891,6.85860013961792,6.840000152587891,6.85860013961792,31089
2026-09-01 14:45:00-04:00,6.820000171661377,6.840000152587891,6.820000171661377,6.840000152587891,63985
2026-09-01 14:46:00-04:00,6.835000038146973,6.840000152587891,6.820000171661377,6.829899787902832,19500
2026-09-01 14:47:00-04:00,6.835000038146973,6.840000152587891,6.829999923706055,6.835000038146973,25933
2026-09-01 14:48:00-04:00,6.835000038146973,6.840000152587891,6.834499835968018,6.840000152587891,33931
2026-09-01 14:49:00-04:00,6.835000038146973,6.84499979019165,6.829999923706055,6.839900016784668,47256
2026-09-01 14:50:00-04:00,6.835000038146973,6.839900016784668,6.835000038146973,6.835000038146973,12259
2026-09-01 14:51:00-04:00,6.835000038146973,6.835100173950195,6.829999923706055,6.835000038146973,22395
2026-09-01 14:52:00-04:00,6.835000038146973,6.840000152587891,6.829999923706055,6.830100059509277,5817
2026-09-01 14:53:00-04:00,6.848599910736084,6.849899768829346,6.829999923706055,6.832699775695801,54150
2026-09-01 14:54:00-04:00,6.84499979019165,6.849999904632568,6.840000152587891,6.84499979019165,15369
2026-09-01 14:55:00-04:00,6.849999904632568,6.849999904632568,6.840000152587891,6.840000152587891,21594
2026-09-01 14:56:00-04:00,6.855000019073486,6.855000019073486,6.840000152587891,6.849999904632568,44050
2026-09-01 14:57:00-04:00,6.849899768829346,6.860000133514404,6.840000152587891,6.849999904632568,62505
2026-09-01 14:58:00-04:00,6.864299774169922,6.865099906921387,6.840000152587891,6.849800109863281,74345
2026-09-01 14:59:00-04:00,6.864999771118164,6.869999885559082,6.860000133514404,6.860000133514404,16502
2026-09-01 15:00:00-04:00,6.879899978637695,6.880000114440918,6.855000019073486,6.860000133514404,115516
2026-09-01 15:01:00-04:00,6.885000228881836,6.885000228881836,6.875,6.8755998611450195,61494
2026-09-01 15:02:00-04:00,6.875,6.885000228881836,6.869999885559082,6.885000228881836,53923
2026-09-01 15:03:00-04:00,6.875,6.878600120544434,6.870100021362305,6.875,16741
2026-09-01 15:04:00-04:00,6.875,6.875,6.869999885559082,6.869999885559082,5451
2026-09-01 15:05:00-04:00,6.870200157165527,6.880000114440918,6.869999885559082,6.869999885559082,19376
2026-09-01 15:06:00-04:00,6.864999771118164,6.875,6.860000133514404,6.875,33869
2026-09-01 15:07:00-04:00,6.855599880218506,6.869999885559082,6.849999904632568,6.861499786376953,78002
2026-09-01 15:08:00-04:00,6.859899997711182,6.860000133514404,6.849999904632568,6.855000019073486,91163
2026-09-01 15:09:00-04:00,6.869999885559082,6.869999885559082,6.860000133514404,6.860000133514404,44557
2026-09-01 15:10:00-04:00,6.875,6.875,6.869999885559082,6.869999885559082,54403
2026-09-01 15:11:00-04:00,6.879899978637695,6.885000228881836,6.869999885559082,6.875,126857
2026-09-01 15:12:00-04:00,6.883600234985352,6.885000228881836,6.870100021362305,6.875,105481
2026-09-01 15:13:00-04:00,6.885000228881836,6.888599872589111,6.880099773406982,6.888599872589111,5211
2026-09-01 15:14:00-04:00,6.889900207519531,6.889999866485596,6.880000114440918,6.880799770355225,85728
2026-09-01 15:15:00-04:00,6.894999980926514,6.894999980926514,6.880000114440918,6.889500141143799,143622
2026-09-01 15:16:00-04:00,6.90500020980835,6.90500020980835,6.889999866485596,6.892300128936768,135022
2026-09-01 15:17:00-04:00,6.909999847412109,6.909999847412109,6.900000095367432,6.900000095367432,60731
2026-09-01 15:18:00-04:00,6.909999847412109,6.909999847412109,6.900000095367432,6.909999847412109,28101
2026-09-01 15:19:00-04:00,6.90500020980835,6.909999847412109,6.900000095367432,6.909999847412109,12043
2026-09-01 15:20:00-04:00,6.908599853515625,6.908599853515625,6.900000095367432,6.902299880981445,30300
2026-09-01 15:21:00-04:00,6.900000095367432,6.90500020980835,6.900000095367432,6.90500020980835,7879
2026-09-01 15:22:00-04:00,6.90500020980835,6.909999847412109,6.900000095367432,6.900000095367432,13408
2026-09-01 15:23:00-04:00,6.914999961853027,6.920000076293945,6.900000095367432,6.909900188446045,47710
2026-09-01 15:24:00-04:00,6.90500020980835,6.914999961853027,6.90500020980835,6.910099983215332,60109
2026-09-01 15:25:00-04:00,6.9120001792907715,6.914999961853027,6.900000095367432,6.90500020980835,74395
2026-09-01 15:26:00-04:00,6.920000076293945,6.920100212097168,6.909999847412109,6.914999961853027,76105
2026-09-01 15:27:00-04:00,6.918600082397461,6.920000076293945,6.909999847412109,6.914999961853027,11291
2026-09-01 15:28:00-04:00,6.925000190734863,6.929999828338623,6.914999961853027,6.920000076293945,58311
2026-09-01 15:29:00-04:00,6.925000190734863,6.934999942779541,6.920000076293945,6.929900169372559,63848
2026-09-01 15:30:00-04:00,6.910699844360352,6.929999828338623,6.909999847412109,6.929999828338623,122937
2026-09-01 15:31:00-04:00,6.905399799346924,6.920000076293945,6.90500020980835,6.910600185394287,78228
2026-09-01 15:32:00-04:00,6.90500020980835,6.909999847412109,6.900000095367432,6.90500020980835,10449
2026-09-01 15:33:00-04:00,6.919899940490723,6.920000076293945,6.900000095367432,6.90500020980835,70136
2026-09-01 15:34:00-04:00,6.925000190734863,6.929999828338623,6.914999961853027,6.914999961853027,72190
2026-09-01 15:35:00-04:00,6.929999828338623,6.929999828338623,6.920000076293945,6.920000076293945,29943
2026-09-01 15:36:00-04:00,6.925000190734863,6.929999828338623,6.920000076293945,6.929900169372559,120009
2026-09-01 15:37:00-04:00,6.934999942779541,6.934999942779541,6.914999961853027,6.921000003814697,105457
2026-09-01 15:38:00-04:00,6.925000190734863,6.934999942779541,6.922599792480469,6.930099964141846,104729
2026-09-01 15:39:00-04:00,6.920000076293945,6.929999828338623,6.920000076293945,6.929999828338623,17695
2026-09-01 15:40:00-04:00,6.925000190734863,6.925000190734863,6.920000076293945,6.921500205993652,33259
2026-09-01 15:41:00-04:00,6.919099807739258,6.929999828338623,6.909999847412109,6.925000190734863,44779
2026-09-01 15:42:00-04:00,6.909999847412109,6.920000076293945,6.900100231170654,6.920000076293945,113347
2026-09-01 15:43:00-04:00,6.898600101470947,6.909999847412109,6.890100002288818,6.909999847412109,78953
2026-09-01 15:44:00-04:00,6.90500020980835,6.90500020980835,6.889999866485596,6.894999980926514,26809
2026-09-01 15:45:00-04:00,6.900000095367432,6.920000076293945,6.900000095367432,6.9054999351501465,153274
2026-09-01 15:46:00-04:00,6.881999969482422,6.894999980926514,6.880000114440918,6.894999980926514,73114
2026-09-01 15:47:00-04:00,6.894999980926514,6.894999980926514,6.880000114440918,6.889999866485596,36209
2026-09-01 15:48:00-04:00,6.894999980926514,6.900000095367432,6.889999866485596,6.894999980926514,39608
2026-09-01 15:49:00-04:00,6.885000228881836,6.889999866485596,6.880000114440918,6.889999866485596,120679
2026-09-01 15:50:00-04:00,6.875,6.880000114440918,6.869999885559082,6.880000114440918,83127
2026-09-01 15:51:00-04:00,6.875,6.880000114440918,6.869999885559082,6.880000114440918,35821
2026-09-01 15:52:00-04:00,6.869999885559082,6.880000114440918,6.869900226593018,6.869999885559082,42850
2026-09-01 15:53:00-04:00,6.860000133514404,6.869999885559082,6.860000133514404,6.864999771118164,17646
2026-09-01 15:54:00-04:00,6.8520002365112305,6.869999885559082,6.849999904632568,6.860000133514404,265773
2026-09-01 15:55:00-04:00,6.855000019073486,6.860000133514404,6.840099811553955,6.849999904632568,89523
2026-09-01 15:56:00-04:00,6.835000038146973,6.857399940490723,6.830100059509277,6.857399940490723,84691
2026-09-01 15:57:00-04:00,6.84499979019165,6.849999904632568,6.835000038146973,6.835000038146973,119216
2026-09-01 15:58:00-04:00,6.851500034332275,6.855000019073486,6.840000152587891,6.84499979019165,222599
2026-09-01 15:59:00-04:00,6.849999904632568,6.860000133514404,6.84499979019165,6.855000019073486,239303
2026-09-02 09:30:00-04:00,6.809999942779541,6.820000171661377,6.764999866485596,6.804999828338623,602190
2026-09-02 09:31:00-04:00,6.829999923706055,6.835000038146973,6.809999942779541,6.818600177764893,59271
2026-09-02 09:32:00-04:00,6.815000057220459,6.829999923706055,6.809999942779541,6.829999923706055,44545
2026-09-02 09:33:00-04:00,6.860000133514404,6.860000133514404,6.800000190734863,6.809999942779541,178417
2026-09-02 09:34:00-04:00,6.860000133514404,6.869900226593018,6.840000152587891,6.849999904632568,53969
2026-09-02 09:35:00-04:00,6.825699806213379,6.860499858856201,6.815000057220459,6.860499858856201,58206
2026-09-02 09:36:00-04:00,6.815000057220459,6.829899787902832,6.809999942779541,6.824999809265137,24718
2026-09-02 09:37:00-04:00,6.808599948883057,6.824999809265137,6.801400184631348,6.809999942779541,65858
2026-09-02 09:38:00-04:00,6.829999923706055,6.835000038146973,6.800000190734863,6.809999942779541,115809
2026-09-02 09:39:00-04:00,6.849999904632568,6.849999904632568,6.824999809265137,6.829999923706055,32728
2026-09-02 09:40:00-04:00,6.860000133514404,6.878600120544434,6.840000152587891,6.840000152587891,108120
2026-09-02 09:41:00-04:00,6.855000019073486,6.869999885559082,6.850299835205078,6.864999771118164,21767
2026-09-02 09:42:00-04:00,6.880000114440918,6.880000114440918,6.849999904632568,6.851500034332275,39504
2026-09-02 09:43:00-04:00,6.889999866485596,6.900000095367432,6.880000114440918,6.885000228881836,14470
2026-09-02 09:44:00-04:00,6.894999980926514,6.900000095367432,6.885000228881836,6.889999866485596,47146
2026-09-02 09:45:00-04:00,6.889999866485596,6.900000095367432,6.889999866485596,6.894999980926514,44042
2026-09-02 09:46:00-04:00,6.914999961853027,6.915500164031982,6.885000228881836,6.885000228881836,108147
2026-09-02 09:47:00-04:00,6.909999847412109,6.929999828338623,6.909999847412109,6.914999961853027,80595
2026-09-02 09:48:00-04:00,6.920000076293945,6.920000076293945,6.910099983215332,6.920000076293945,13532
2026-09-02 09:49:00-04:00,6.894999980926514,6.909999847412109,6.893599987030029,6.909999847412109,66334
2026-09-02 09:50:00-04:00,6.925000190734863,6.929999828338623,6.889999866485596,6.894999980926514,113047
2026-09-02 09:51:00-04:00,6.900000095367432,6.923699855804443,6.900000095367432,6.923699855804443,29568
2026-09-02 09:52:00-04:00,6.909999847412109,6.909999847412109,6.900000095367432,6.90500020980835,24092
2026-09-02 09:53:00-04:00,6.90500020980835,6.916100025177002,6.900000095367432,6.90500020980835,60890
2026-09-02 09:54:00-04:00,6.90500020980835,6.90500020980835,6.894999980926514,6.90500020980835,63349
2026-09-02 09:55:00-04:00,6.901400089263916,6.908599853515625,6.894999980926514,6.90500020980835,35756
2026-09-02 09:56:00-04:00,6.909999847412109,6.909999847412109,6.900000095367432,6.900000095367432,20258
2026-09-02 09:57:00-04:00,6.900000095367432,6.920000076293945,6.900000095367432,6.914999961853027,34753
2026-09-02 09:58:00-04:00,6.900000095367432,6.908599853515625,6.889999866485596,6.90500020980835,35334
2026-09-02 09:59:00-04:00,6.900000095367432,6.900000095367432,6.8933000564575195,6.898600101470947,8879
2026-09-02 10:00:00-04:00,6.914999961853027,6.920000076293945,6.880000114440918,6.889999866485596,65183
2026-09-02 10:01:00-04:00,6.920000076293945,6.929999828338623,6.920000076293945,6.920000076293945,59982
2026-09-02 10:02:00-04:00,6.940000057220459,6.940000057220459,6.920000076293945,6.925000190734863,54994
2026-09-02 10:03:00-04:00,6.945000171661377,6.949999809265137,6.934000015258789,6.934000015258789,34540
2026-09-02 10:04:00-04:00,6.961400032043457,6.961400032043457,6.942299842834473,6.949900150299072,52400
2026-09-02 10:05:00-04:00,6.990099906921387,7.0,6.965000152587891,6.965000152587891,39866
2026-09-02 10:06:00-04:00,7.034999847412109,7.050000190734863,6.980000019073486,6.989999771118164,315184
2026-09-02 10:07:00-04:00,7.025000095367432,7.050000190734863,7.019999980926514,7.039899826049805,125890
2026-09-02 10:08:00-04:00,7.03000020980835,7.03000020980835,7.014999866485596,7.03000020980835,37692
2026-09-02 10:09:00-04:00,7.005000114440918,7.034999847412109,6.994999885559082,7.025000095367432,36835
2026-09-02 10:10:00-04:00,7.03000020980835,7.039999961853027,7.005000114440918,7.005000114440918,24474
2026-09-02 10:11:00-04:00,7.059999942779541,7.059999942779541,7.019999980926514,7.03000020980835,97209
2026-09-02 10:12:00-04:00,7.034999847412109,7.065000057220459,7.030099868774414,7.058599948883057,72715
2026-09-02 10:13:00-04:00,7.050000190734863,7.050000190734863,7.03000020980835,7.034999847412109,51242
2026-09-02 10:14:00-04:00,7.050000190734863,7.070000171661377,7.050000190734863,7.054999828338623,60983
2026-09-02 10:15:00-04:00,7.034999847412109,7.059199810028076,7.03000020980835,7.047399997711182,38920
2026-09-02 10:16:00-04:00,7.025000095367432,7.039999961853027,7.019999980926514,7.030099868774414,39464
2026-09-02 10:17:00-04:00,7.025000095367432,7.03000020980835,7.019999980926514,7.025000095367432,18984
2026-09-02 10:18:00-04:00,7.025000095367432,7.03000020980835,7.019999980926514,7.025000095367432,23953
2026-09-02 10:19:00-04:00,7.014999866485596,7.03000020980835,7.010000228881836,7.019999980926514,74534
2026-09-02 10:20:00-04:00,6.980100154876709,7.03000020980835,6.980000019073486,7.014999866485596,217384
2026-09-02 10:21:00-04:00,7.014999866485596,7.014999866485596,6.985000133514404,6.985000133514404,57793
2026-09-02 10:22:00-04:00,7.014999866485596,7.019999980926514,7.010000228881836,7.01200008392334,17120
2026-09-02 10:23:00-04:00,7.010000228881836,7.010000228881836,7.0,7.010000228881836,24006
2026-09-02 10:24:00-04:00,6.994999885559082,7.010000228881836,6.989999771118164,7.010000228881836,53673
2026-09-02 10:25:00-04:00,6.985000133514404,6.989999771118164,6.96999979019165,6.989999771118164,48781
2026-09-02 10:26:00-04:00,6.979899883270264,6.98859977722168,6.974999904632568,6.980000019073486,12292
2026-09-02 10:27:00-04:00,6.978600025177002,6.980000019073486,6.96999979019165,6.972099781036377,12571
2026-09-02 10:28:00-04:00,6.950099945068359,6.980000019073486,6.950099945068359,6.979899883270264,99172
2026-09-02 10:29:00-04:00,6.941400051116943,6.962299823760986,6.940000057220459,6.95989990234375,32141
2026-09-02 10:30:00-04:00,6.940000057220459,6.945000171661377,6.929999828338623,6.945000171661377,36363
2026-09-02 10:31:00-04:00,6.9309000968933105,6.940000057220459,6.929999828338623,6.934999942779541,30066
2026-09-02 10:32:00-04:00,6.900000095367432,6.940000057220459,6.900000095367432,6.934999942779541,42477
2026-09-02 10:33:00-04:00,6.923399925231934,6.929999828338623,6.900000095367432,6.90500020980835,194452
2026-09-02 10:34:00-04:00,6.925000190734863,6.940000057220459,6.920000076293945,6.925000190734863,28742
2026-09-02 10:35:00-04:00,6.929500102996826,6.929999828338623,6.920000076293945,6.926700115203857,34930
2026-09-02 10:36:00-04:00,6.925000190734863,6.929999828338623,6.909999847412109,6.920000076293945,22979
2026-09-02 10:37:00-04:00,6.934999942779541,6.940000057220459,6.920000076293945,6.920000076293945,26123
2026-09-02 10:38:00-04:00,6.934999942779541,6.940000057220459,6.929999828338623,6.930099964141846,30358
2026-09-02 10:39:00-04:00,6.934999942779541,6.934999942779541,6.929999828338623,6.934999942779541,22721
2026-09-02 10:40:00-04:00,6.934999942779541,6.940000057220459,6.932700157165527,6.934999942779541,14048
2026-09-02 10:41:00-04:00,6.934999942779541,6.940000057220459,6.929999828338623,6.934999942779541,4643
2026-09-02 10:42:00-04:00,6.934999942779541,6.940000057220459,6.929999828338623,6.934999942779541,19314
2026-09-02 10:43:00-04:00,6.949900150299072,6.949900150299072,6.929999828338623,6.934999942779541,29259
2026-09-02 10:44:00-04:00,6.940000057220459,6.949999809265137,6.940000057220459,6.945000171661377,14080
2026-09-02 10:45:00-04:00,6.940000057220459,6.949900150299072,6.934999942779541,6.940000057220459,57733
2026-09-02 10:46:00-04:00,6.936200141906738,6.940000057220459,6.929999828338623,6.940000057220459,53456
2026-09-02 10:47:00-04:00,6.940499782562256,6.949999809265137,6.934999942779541,6.940000057220459,25928
2026-09-02 10:48:00-04:00,6.949999809265137,6.949999809265137,6.940000057220459,6.945000171661377,23414
2026-09-02 10:49:00-04:00,6.934999942779541,6.945000171661377,6.934999942779541,6.940000057220459,64297
2026-09-02 10:50:00-04:00,6.934999942779541,6.940000057220459,6.929999828338623,6.939700126647949,37352
2026-09-02 10:51:00-04:00,6.934999942779541,6.938600063323975,6.929999828338623,6.934999942779541,10279
2026-09-02 10:52:00-04:00,6.920000076293945,6.940000057220459,6.920000076293945,6.940000057220459,26917
2026-09-02 10:53:00-04:00,6.914999961853027,6.925000190734863,6.909999847412109,6.922599792480469,16297
2026-09-02 10:54:00-04:00,6.92579984664917,6.929999828338623,6.909999847412109,6.920000076293945,24615
2026-09-02 10:55:00-04:00,6.914999961853027,6.929999828338623,6.914999961853027,6.925000190734863,84454
2026-09-02 10:56:00-04:00,6.892399787902832,6.914999961853027,6.889999866485596,6.914999961853027,90929
2026-09-02 10:57:00-04:00,6.8942999839782715,6.90500020980835,6.885000228881836,6.894999980926514,60288
2026-09-02 10:58:00-04:00,6.890100002288818,6.898600101470947,6.889999866485596,6.894999980926514,63719
2026-09-02 10:59:00-04:00,6.875,6.889999866485596,6.869999885559082,6.889999866485596,58422
2026-09-02 11:00:00-04:00,6.883900165557861,6.88700008392334,6.869900226593018,6.880000114440918,77972
2026-09-02 11:01:00-04:00,6.885000228881836,6.889999866485596,6.869999885559082,6.880000114440918,48162
2026-09-02 11:02:00-04:00,6.880000114440918,6.880000114440918,6.869999885559082,6.880000114440918,37232
2026-09-02 11:03:00-04:00,6.885000228881836,6.889999866485596,6.874800205230713,6.875,62335
2026-09-02 11:04:00-04:00,6.889900207519531,6.889999866485596,6.875,6.889999866485596,25295
2026-09-02 11:05:00-04:00,6.880199909210205,6.889999866485596,6.875,6.889999866485596,51385
2026-09-02 11:06:00-04:00,6.889999866485596,6.889999866485596,6.880099773406982,6.885000228881836,19029
2026-09-02 11:07:00-04:00,6.885000228881836,6.889900207519531,6.880000114440918,6.885000228881836,9134
2026-09-02 11:08:00-04:00,6.90500020980835,6.909999847412109,6.875,6.885000228881836,90351
2026-09-02 11:09:00-04:00,6.901400089263916,6.909999847412109,6.900000095367432,6.909999847412109,20275
2026-09-02 11:10:00-04:00,6.889999866485596,6.901100158691406,6.889999866485596,6.901100158691406,44756
2026-09-02 11:11:00-04:00,6.900000095367432,6.900000095367432,6.880000114440918,6.892000198364258,158017
2026-09-02 11:12:00-04:00,6.900100231170654,6.909999847412109,6.900000095367432,6.908599853515625,40516
2026-09-02 11:13:00-04:00,6.900000095367432,6.900100231170654,6.889999866485596,6.900000095367432,27099
2026-09-02 11:14:00-04:00,6.891499996185303,6.900000095367432,6.889999866485596,6.889999866485596,68072
2026-09-02 11:15:00-04:00,6.90500020980835,6.909999847412109,6.889999866485596,6.894999980926514,64341
2026-09-02 11:16:00-04:00,6.909999847412109,6.909999847412109,6.900000095367432,6.900000095367432,37530
2026-09-02 11:17:00-04:00,6.90500020980835,6.909999847412109,6.900000095367432,6.900000095367432,19990
2026-09-02 11:18:00-04:00,6.900000095367432,6.909999847412109,6.900000095367432,6.90500020980835,8450
2026-09-02 11:19:00-04:00,6.90500020980835,6.90500020980835,6.900000095367432,6.900000095367432,63894
2026-09-02 11:20:00-04:00,6.885000228881836,6.900000095367432,6.880000114440918,6.900000095367432,70067
2026-09-02 11:21:00-04:00,6.875,6.889999866485596,6.869999885559082,6.880000114440918,84647
2026-09-02 11:22:00-04:00,6.875,6.880000114440918,6.869999885559082,6.878200054168701,44664
2026-09-02 11:23:00-04:00,6.877399921417236,6.880000114440918,6.869999885559082,6.871399879455566,26001
2026-09-02 11:24:00-04:00,6.885000228881836,6.885000228881836,6.869999885559082,6.871600151062012,73607
2026-09-02 11:25:00-04:00,6.885000228881836,6.889900207519531,6.881499767303467,6.885000228881836,24605
2026-09-02 11:26:00-04:00,6.875,6.885000228881836,6.869999885559082,6.885000228881836,56851
2026-09-02 11:27:00-04:00,6.885000228881836,6.894999980926514,6.869999885559082,6.869999885559082,124424
2026-09-02 11:28:00-04:00,6.885000228881836,6.889999866485596,6.880000114440918,6.880000114440918,14923
2026-09-02 11:29:00-04:00,6.877399921417236,6.885000228881836,6.869999885559082,6.880000114440918,31346
2026-09-02 11:30:00-04:00,6.872600078582764,6.880000114440918,6.869999885559082,6.875,109781
2026-09-02 11:31:00-04:00,6.879499912261963,6.880000114440918,6.860000133514404,6.879899978637695,83019
2026-09-02 11:32:00-04:00,6.885000228881836,6.889999866485596,6.869999885559082,6.875,65532
2026-09-02 11:33:00-04:00,6.875,6.880000114440918,6.875,6.880000114440918,50732
2026-09-02 11:34:00-04:00,6.875,6.880000114440918,6.869999885559082,6.879899978637695,27036
2026-09-02 11:35:00-04:00,6.875,6.880000114440918,6.869999885559082,6.875,45674
2026-09-02 11:36:00-04:00,6.870100021362305,6.885000228881836,6.870100021362305,6.879899978637695,102672
2026-09-02 11:37:00-04:00,6.864999771118164,6.879499912261963,6.860000133514404,6.8719000816345215,59659
2026-09-02 11:38:00-04:00,6.855000019073486,6.869999885559082,6.849999904632568,6.860000133514404,120424
2026-09-02 11:39:00-04:00,6.855000019073486,6.859899997711182,6.849999904632568,6.849999904632568,24291
2026-09-02 11:40:00-04:00,6.860000133514404,6.860000133514404,6.849999904632568,6.849999904632568,42358
2026-09-02 11:41:00-04:00,6.85260009765625,6.860000133514404,6.849999904632568,6.852399826049805,22226
2026-09-02 11:42:00-04:00,6.859899997711182,6.860000133514404,6.849999904632568,6.85860013961792,13949
2026-09-02 11:43:00-04:00,6.8597002029418945,6.860000133514404,6.849999904632568,6.851399898529053,17933
2026-09-02 11:44:00-04:00,6.864999771118164,6.869999885559082,6.850100040435791,6.855000019073486,93947
2026-09-02 11:45:00-04:00,6.855000019073486,6.860000133514404,6.84499979019165,6.860000133514404,183732
2026-09-02 11:46:00-04:00,6.84499979019165,6.849999904632568,6.840000152587891,6.848999977111816,48933
2026-09-02 11:47:00-04:00,6.849899768829346,6.849999904632568,6.840000152587891,6.840099811553955,80786
2026-09-02 11:48:00-04:00,6.84499979019165,6.849999904632568,6.840000152587891,6.84499979019165,17681
2026-09-02 11:49:00-04:00,6.84499979019165,6.849999904632568,6.840000152587891,6.84499979019165,23798
2026-09-02 11:50:00-04:00,6.841400146484375,6.849999904632568,6.840000152587891,6.84499979019165,24271
2026-09-02 11:51:00-04:00,6.84499979019165,6.848599910736084,6.840000152587891,6.84499979019165,16528
2026-09-02 11:52:00-04:00,6.835000038146973,6.840000152587891,6.829999923706055,6.840000152587891,58315
2026-09-02 11:53:00-04:00,6.837600231170654,6.840000152587891,6.829999923706055,6.835000038146973,41058
2026-09-02 11:54:00-04:00,6.830100059509277,6.840000152587891,6.829999923706055,6.83650016784668,16601
2026-09-02 11:55:00-04:00,6.835000038146973,6.839799880981445,6.829999923706055,6.8308000564575195,21467
2026-09-02 11:56:00-04:00,6.837399959564209,6.840000152587891,6.829999923706055,6.829999923706055,8100
2026-09-02 11:57:00-04:00,6.835000038146973,6.840000152587891,6.829999923706055,6.829999923706055,14948
2026-09-02 11:58:00-04:00,6.840000152587891,6.849999904632568,6.835000038146973,6.840000152587891,47996
2026-09-02 11:59:00-04:00,6.859899997711182,6.859899997711182,6.829999923706055,6.840000152587891,74809
2026-09-02 12:00:00-04:00,6.855000019073486,6.860000133514404,6.849999904632568,6.855000019073486,62004
2026-09-02 12:01:00-04:00,6.84499979019165,6.860000133514404,6.84499979019165,6.855000019073486,60538
2026-09-02 12:02:00-04:00,6.835000038146973,6.849999904632568,6.835000038146973,6.84499979019165,50331
2026-09-02 12:03:00-04:00,6.835000038146973,6.840000152587891,6.831399917602539,6.835000038146973,47844
2026-09-02 12:04:00-04:00,6.84499979019165,6.849899768829346,6.829999923706055,6.835000038146973,38354
2026-09-02 12:05:00-04:00,6.835000038146973,6.849999904632568,6.829999923706055,6.84499979019165,62267
2026-09-02 12:06:00-04:00,6.82859992980957,6.829999923706055,6.820000171661377,6.829999923706055,77437
2026-09-02 12:07:00-04:00,6.829999923706055,6.835000038146973,6.820000171661377,6.829999923706055,30109
2026-09-02 12:08:00-04:00,6.827400207519531,6.840000152587891,6.824999809265137,6.829999923706055,108421
2026-09-02 12:09:00-04:00,6.835000038146973,6.840000152587891,6.829899787902832,6.829899787902832,61974
2026-09-02 12:10:00-04:00,6.829699993133545,6.839900016784668,6.820000171661377,6.829999923706055,54082
2026-09-02 12:11:00-04:00,6.829699993133545,6.835000038146973,6.820000171661377,6.829999923706055,70669
2026-09-02 12:12:00-04:00,6.820000171661377,6.825099945068359,6.820000171661377,6.820000171661377,19863
2026-09-02 12:13:00-04:00,6.815000057220459,6.829999923706055,6.809999942779541,6.820000171661377,161287
2026-09-02 12:14:00-04:00,6.826600074768066,6.829999923706055,6.816199779510498,6.819900035858154,48362
2026-09-02 12:15:00-04:00,6.824999809265137,6.829999923706055,6.820000171661377,6.820000171661377,38734
2026-09-02 12:16:00-04:00,6.822299957275391,6.829999923706055,6.821400165557861,6.824999809265137,22253
2026-09-02 12:17:00-04:00,6.835000038146973,6.840000152587891,6.820099830627441,6.824999809265137,42110
2026-09-02 12:18:00-04:00,6.835000038146973,6.840000152587891,6.829999923706055,6.840000152587891,15446
2026-09-02 12:19:00-04:00,6.824999809265137,6.835000038146973,6.820000171661377,6.835000038146973,59625
2026-09-02 12:20:00-04:00,6.824999809265137,6.829999923706055,6.820000171661377,6.829999923706055,7245
2026-09-02 12:21:00-04:00,6.817399978637695,6.824999809265137,6.809999942779541,6.824999809265137,28511
2026-09-02 12:22:00-04:00,6.820000171661377,6.820000171661377,6.809999942779541,6.815000057220459,28890
2026-09-02 12:23:00-04:00,6.809999942779541,6.820000171661377,6.809999942779541,6.809999942779541,13262
2026-09-02 12:24:00-04:00,6.815000057220459,6.820000171661377,6.809999942779541,6.815000057220459,48174
2026-09-02 12:25:00-04:00,6.800000190734863,6.815000057220459,6.800000190734863,6.815000057220459,25131
2026-09-02 12:26:00-04:00,6.809999942779541,6.809999942779541,6.800000190734863,6.809899806976318,77286
2026-09-02 12:27:00-04:00,6.815000057220459,6.815000057220459,6.800099849700928,6.804999828338623,29969
2026-09-02 12:28:00-04:00,6.809999942779541,6.819900035858154,6.809999942779541,6.815000057220459,7538
2026-09-02 12:29:00-04:00,6.810200214385986,6.815000057220459,6.809999942779541,6.809999942779541,28134
2026-09-02 12:30:00-04:00,6.815000057220459,6.815000057220459,6.815000057220459,6.815000057220459,3870
2026-09-02 12:31:00-04:00,6.815000057220459,6.820000171661377,6.809999942779541,6.820000171661377,21248
2026-09-02 12:32:00-04:00,6.809999942779541,6.809999942779541,6.800000190734863,6.809999942779541,56060
2026-09-02 12:33:00-04:00,6.804999828338623,6.809999942779541,6.800000190734863,6.809999942779541,24751
2026-09-02 12:34:00-04:00,6.815000057220459,6.815000057220459,6.804999828338623,6.804999828338623,70000
2026-09-02 12:35:00-04:00,6.818600177764893,6.820000171661377,6.804999828338623,6.809999942779541,65409
2026-09-02 12:36:00-04:00,6.820000171661377,6.820000171661377,6.809999942779541,6.809999942779541,11761
2026-09-02 12:37:00-04:00,6.815000057220459,6.820000171661377,6.809999942779541,6.809999942779541,30441
2026-09-02 12:38:00-04:00,6.817399978637695,6.820000171661377,6.813799858093262,6.815000057220459,14293
2026-09-02 12:39:00-04:00,6.815000057220459,6.820000171661377,6.809999942779541,6.819900035858154,11667
2026-09-02 12:40:00-04:00,6.815000057220459,6.819900035858154,6.809999942779541,6.809999942779541,8359
2026-09-02 12:41:00-04:00,6.815000057220459,6.815000057220459,6.809999942779541,6.815000057220459,4821
2026-09-02 12:42:00-04:00,6.815000057220459,6.815000057220459,6.809999942779541,6.811500072479248,5160
2026-09-02 12:43:00-04:00,6.815000057220459,6.820000171661377,6.809999942779541,6.811500072479248,40121
2026-09-02 12:44:00-04:00,6.815000057220459,6.820000171661377,6.809999942779541,6.815000057220459,7323
2026-09-02 12:45:00-04:00,6.815000057220459,6.820000171661377,6.809999942779541,6.815000057220459,49127
2026-09-02 12:46:00-04:00,6.819900035858154,6.820000171661377,6.809999942779541,6.817299842834473,18011
2026-09-02 12:47:00-04:00,6.809999942779541,6.809999942779541,6.800000190734863,6.809999942779541,57658
2026-09-02 12:48:00-04:00,6.804999828338623,6.809999942779541,6.800000190734863,6.809899806976318,16568
2026-09-02 12:49:00-04:00,6.804999828338623,6.807499885559082,6.800000190734863,6.800000190734863,190193
2026-09-02 12:50:00-04:00,6.804999828338623,6.809999942779541,6.800000190734863,6.807400226593018,9155
2026-09-02 12:51:00-04:00,6.808599948883057,6.809999942779541,6.804999828338623,6.804999828338623,7915
2026-09-02 12:52:00-04:00,6.809999942779541,6.815000057220459,6.800000190734863,6.808599948883057,60209
2026-09-02 12:53:00-04:00,6.800000190734863,6.809999942779541,6.800000190734863,6.804999828338623,20815
2026-09-02 12:54:00-04:00,6.809999942779541,6.809999942779541,6.804999828338623,6.809999942779541,23973
2026-09-02 12:55:00-04:00,6.804999828338623,6.809999942779541,6.800000190734863,6.809899806976318,40146
2026-09-02 12:56:00-04:00,6.815000057220459,6.815000057220459,6.800000190734863,6.801499843597412,45920
2026-09-02 12:57:00-04:00,6.809999942779541,6.819900035858154,6.800000190734863,6.809999942779541,46538
2026-09-02 12:58:00-04:00,6.804999828338623,6.809999942779541,6.804500102996826,6.809899806976318,26384
2026-09-02 12:59:00-04:00,6.800099849700928,6.809999942779541,6.800000190734863,6.804999828338623,32992
2026-09-02 13:00:00-04:00,6.798600196838379,6.804999828338623,6.760000228881836,6.804999828338623,777488
2026-09-02 13:01:00-04:00,6.789999961853027,6.800000190734863,6.789999961853027,6.800000190734863,33062
2026-09-02 13:02:00-04:00,6.784999847412109,6.795000076293945,6.78000020980835,6.795000076293945,49041
2026-09-02 13:03:00-04:00,6.766200065612793,6.789999961853027,6.760000228881836,6.784999847412109,157718
2026-09-02 13:04:00-04:00,6.755000114440918,6.769999980926514,6.75,6.764999866485596,142077
2026-09-02 13:05:00-04:00,6.755000114440918,6.757400035858154,6.739999771118164,6.752600193023682,386755
2026-09-02 13:06:00-04:00,6.739999771118164,6.764999866485596,6.732600212097168,6.760000228881836,123050
2026-09-02 13:07:00-04:00,6.735000133514404,6.739999771118164,6.71999979019165,6.739699840545654,293293
2026-09-02 13:08:00-04:00,6.747399806976318,6.75,6.730000019073486,6.735000133514404,146581
2026-09-02 13:09:00-04:00,6.75,6.75,6.739999771118164,6.75,74427
2026-09-02 13:10:00-04:00,6.7600998878479,6.769999980926514,6.744999885559082,6.75,111340
2026-09-02 13:11:00-04:00,6.760000228881836,6.7617998123168945,6.75,6.7617998123168945,31121
2026-09-02 13:12:00-04:00,6.75,6.764999866485596,6.75,6.755000114440918,80518
2026-09-02 13:13:00-04:00,6.764999866485596,6.769700050354004,6.753799915313721,6.755000114440918,61012
2026-09-02 13:14:00-04:00,6.764999866485596,6.769999980926514,6.760000228881836,6.769999980926514,23188
2026-09-02 13:15:00-04:00,6.760000228881836,6.769999980926514,6.760000228881836,6.760000228881836,28566
2026-09-02 13:16:00-04:00,6.759500026702881,6.769999980926514,6.75,6.764999866485596,52719
2026-09-02 13:17:00-04:00,6.757299900054932,6.760000228881836,6.75,6.755000114440918,16393
2026-09-02 13:18:00-04:00,6.755000114440918,6.760000228881836,6.75,6.757400035858154,37086
2026-09-02 13:19:00-04:00,6.755000114440918,6.760000228881836,6.75,6.760000228881836,23663
2026-09-02 13:20:00-04:00,6.735000133514404,6.755000114440918,6.730000019073486,6.75,182395
2026-09-02 13:21:00-04:00,6.735000133514404,6.739999771118164,6.730000019073486,6.7399001121521,26447
2026-09-02 13:22:00-04:00,6.744999885559082,6.75,6.739999771118164,6.739999771118164,87703
2026-09-02 13:23:00-04:00,6.748600006103516,6.75,6.739999771118164,6.739999771118164,28410
2026-09-02 13:24:00-04:00,6.744999885559082,6.75,6.739999771118164,6.739999771118164,7808
2026-09-02 13:25:00-04:00,6.7399001121521,6.75,6.730000019073486,6.739999771118164,103892
2026-09-02 13:26:00-04:00,6.735000133514404,6.739999771118164,6.730000019073486,6.735000133514404,17551
2026-09-02 13:27:00-04:00,6.73799991607666,6.739999771118164,6.731400012969971,6.7322998046875,17315
2026-09-02 13:28:00-04:00,6.744999885559082,6.75,6.735000133514404,6.739999771118164,137931
2026-09-02 13:29:00-04:00,6.760000228881836,6.760000228881836,6.739999771118164,6.747399806976318,67470
2026-09-02 13:30:00-04:00,6.764999866485596,6.769999980926514,6.760000228881836,6.764999866485596,61341
2026-09-02 13:31:00-04:00,6.775000095367432,6.775000095367432,6.760000228881836,6.762700080871582,57411
2026-09-02 13:32:00-04:00,6.764999866485596,6.78000020980835,6.764999866485596,6.775000095367432,55397
2026-09-02 13:33:00-04:00,6.764999866485596,6.769999980926514,6.763400077819824,6.764999866485596,41359
2026-09-02 13:34:00-04:00,6.764999866485596,6.769999980926514,6.760000228881836,6.764999866485596,1940
2026-09-02 13:35:00-04:00,6.760700225830078,6.769999980926514,6.760000228881836,6.768899917602539,55691
2026-09-02 13:36:00-04:00,6.75,6.760000228881836,6.75,6.760000228881836,40167
2026-09-02 13:37:00-04:00,6.750999927520752,6.760000228881836,6.75,6.75,24488
2026-09-02 13:38:00-04:00,6.760000228881836,6.760000228881836,6.75,6.760000228881836,84381
2026-09-02 13:39:00-04:00,6.764999866485596,6.769999980926514,6.764599800109863,6.769999980926514,26791
2026-09-02 13:40:00-04:00,6.777599811553955,6.782400131225586,6.764999866485596,6.769499778747559,127969
2026-09-02 13:41:00-04:00,6.775000095367432,6.78000020980835,6.774600028991699,6.775000095367432,28296
2026-09-02 13:42:00-04:00,6.775000095367432,6.78000020980835,6.769999980926514,6.775000095367432,50191
2026-09-02 13:43:00-04:00,6.78000020980835,6.78000020980835,6.769999980926514,6.78000020980835,41245
2026-09-02 13:44:00-04:00,6.789999961853027,6.789999961853027,6.769999980926514,6.779900074005127,57525
2026-09-02 13:45:00-04:00,6.804999828338623,6.809999942779541,6.784999847412109,6.784999847412109,105898
2026-09-02 13:46:00-04:00,6.804999828338623,6.809999942779541,6.800000190734863,6.808599948883057,37254
2026-09-02 13:47:00-04:00,6.820000171661377,6.820000171661377,6.800000190734863,6.809999942779541,119218
2026-09-02 13:48:00-04:00,6.822999954223633,6.824999809265137,6.809999942779541,6.820000171661377,97185
2026-09-02 13:49:00-04:00,6.824999809265137,6.829999923706055,6.820000171661377,6.820099830627441,40786
2026-09-02 13:50:00-04:00,6.839900016784668,6.840000152587891,6.829800128936768,6.829999923706055,103876
2026-09-02 13:51:00-04:00,6.829999923706055,6.840000152587891,6.829999923706055,6.832699775695801,120246
2026-09-02 13:52:00-04:00,6.829999923706055,6.840000152587891,6.829999923706055,6.835000038146973,32377
2026-09-02 13:53:00-04:00,6.840000152587891,6.840000152587891,6.829999923706055,6.829999923706055,39167
2026-09-02 13:54:00-04:00,6.824999809265137,6.835000038146973,6.820000171661377,6.829999923706055,107982
2026-09-02 13:55:00-04:00,6.815000057220459,6.829999923706055,6.809999942779541,6.829899787902832,93528
2026-09-02 13:56:00-04:00,6.819300174713135,6.820000171661377,6.809999942779541,6.820000171661377,31845
2026-09-02 13:57:00-04:00,6.824900150299072,6.824999809265137,6.809999942779541,6.815000057220459,28253
2026-09-02 13:58:00-04:00,6.826900005340576,6.829999923706055,6.820000171661377,6.824999809265137,14044
2026-09-02 13:59:00-04:00,6.824999809265137,6.829999923706055,6.820000171661377,6.824999809265137,28451
2026-09-02 14:00:00-04:00,6.829899787902832,6.840000152587891,6.820000171661377,6.829999923706055,67081
2026-09-02 14:01:00-04:00,6.826300144195557,6.829999923706055,6.820000171661377,6.824999809265137,52369
2026-09-02 14:02:00-04:00,6.860000133514404,6.864999771118164,6.824999809265137,6.824999809265137,182242
2026-09-02 14:03:00-04:00,6.864999771118164,6.869999885559082,6.861400127410889,6.861400127410889,41534
2026-09-02 14:04:00-04:00,6.860099792480469,6.869999885559082,6.849999904632568,6.860300064086914,94925
2026-09-02 14:05:00-04:00,6.864999771118164,6.869999885559082,6.860000133514404,6.869999885559082,56089
2026-09-02 14:06:00-04:00,6.860099792480469,6.869999885559082,6.860000133514404,6.864999771118164,56998
2026-09-02 14:07:00-04:00,6.864999771118164,6.864999771118164,6.849999904632568,6.860000133514404,165866
2026-09-02 14:08:00-04:00,6.869500160217285,6.869999885559082,6.860000133514404,6.864999771118164,48823
2026-09-02 14:09:00-04:00,6.860000133514404,6.869999885559082,6.860000133514404,6.864999771118164,20812
2026-09-02 14:10:00-04:00,6.869500160217285,6.869999885559082,6.860000133514404,6.864999771118164,17770
2026-09-02 14:11:00-04:00,6.854700088500977,6.869999885559082,6.850100040435791,6.864999771118164,153056
2026-09-02 14:12:00-04:00,6.859799861907959,6.860000133514404,6.849999904632568,6.855000019073486,45617
2026-09-02 14:13:00-04:00,6.849999904632568,6.860000133514404,6.849999904632568,6.855000019073486,27851
2026-09-02 14:14:00-04:00,6.855000019073486,6.860000133514404,6.849999904632568,6.855000019073486,14912
2026-09-02 14:15:00-04:00,6.861400127410889,6.864999771118164,6.850100040435791,6.850100040435791,105759
2026-09-02 14:16:00-04:00,6.864999771118164,6.869999885559082,6.860000133514404,6.860000133514404,37209
2026-09-02 14:17:00-04:00,6.860000133514404,6.869999885559082,6.860000133514404,6.864999771118164,12617
2026-09-02 14:18:00-04:00,6.871399879455566,6.880000114440918,6.849999904632568,6.868599891662598,137634
2026-09-02 14:19:00-04:00,6.875,6.880000114440918,6.869999885559082,6.875,33602
2026-09-02 14:20:00-04:00,6.869999885559082,6.880000114440918,6.869999885559082,6.875,8144
2026-09-02 14:21:00-04:00,6.875,6.885000228881836,6.875,6.875,48870
2026-09-02 14:22:00-04:00,6.877699851989746,6.880000114440918,6.869999885559082,6.875,14470
2026-09-02 14:23:00-04:00,6.883800029754639,6.889900207519531,6.869999885559082,6.875,99946
2026-09-02 14:24:00-04:00,6.885000228881836,6.889999866485596,6.880000114440918,6.885000228881836,9455
2026-09-02 14:25:00-04:00,6.880000114440918,6.889999866485596,6.880000114440918,6.888599872589111,40721
2026-09-02 14:26:00-04:00,6.885000228881836,6.889999866485596,6.880000114440918,6.889999866485596,43765
2026-09-02 14:27:00-04:00,6.890100002288818,6.89900016784668,6.885000228881836,6.888599872589111,50695
2026-09-02 14:28:00-04:00,6.89739990234375,6.900000095367432,6.889999866485596,6.890200138092041,40032
2026-09-02 14:29:00-04:00,6.885000228881836,6.894999980926514,6.885000228881836,6.890100002288818,109350
2026-09-02 14:30:00-04:00,6.890100002288818,6.900000095367432,6.880000114440918,6.8892998695373535,183982
2026-09-02 14:31:00-04:00,6.879899978637695,6.894999980926514,6.872700214385986,6.892600059509277,81257
2026-09-02 14:32:00-04:00,6.875,6.880000114440918,6.870100021362305,6.870100021362305,77826
2026-09-02 14:33:00-04:00,6.869999885559082,6.880000114440918,6.869999885559082,6.879499912261963,17586
2026-09-02 14:34:00-04:00,6.869999885559082,6.875,6.869999885559082,6.875,48421
2026-09-02 14:35:00-04:00,6.879499912261963,6.880000114440918,6.869999885559082,6.880000114440918,18961
2026-09-02 14:36:00-04:00,6.875,6.880000114440918,6.875,6.879899978637695,13603
2026-09-02 14:37:00-04:00,6.869999885559082,6.880000114440918,6.869999885559082,6.880000114440918,6748
2026-09-02 14:38:00-04:00,6.875,6.880000114440918,6.869999885559082,6.880000114440918,15351
2026-09-02 14:39:00-04:00,6.871399879455566,6.875,6.869999885559082,6.871099948883057,36576
2026-09-02 14:40:00-04:00,6.875,6.880000114440918,6.869999885559082,6.870100021362305,7383
2026-09-02 14:41:00-04:00,6.8744001388549805,6.875,6.860099792480469,6.875,101940
2026-09-02 14:42:00-04:00,6.869999885559082,6.880000114440918,6.869999885559082,6.879700183868408,24301
2026-09-02 14:43:00-04:00,6.880000114440918,6.880000114440918,6.870100021362305,6.880000114440918,16612
2026-09-02 14:44:00-04:00,6.875,6.880000114440918,6.869999885559082,6.880000114440918,24071
2026-09-02 14:45:00-04:00,6.885000228881836,6.889999866485596,6.871399879455566,6.875,75336
2026-09-02 14:46:00-04:00,6.875,6.889999866485596,6.869999885559082,6.889999866485596,50410
2026-09-02 14:47:00-04:00,6.869999885559082,6.875,6.860000133514404,6.870100021362305,22471
2026-09-02 14:48:00-04:00,6.875,6.877600193023682,6.864999771118164,6.864999771118164,25578
2026-09-02 14:49:00-04:00,6.880000114440918,6.880000114440918,6.869999885559082,6.878900051116943,60118
2026-09-02 14:50:00-04:00,6.879899978637695,6.880000114440918,6.871399879455566,6.880000114440918,12686
2026-09-02 14:51:00-04:00,6.864999771118164,6.875,6.860000133514404,6.875,29822
2026-09-02 14:52:00-04:00,6.864999771118164,6.869999885559082,6.860000133514404,6.862100124359131,76634
2026-09-02 14:53:00-04:00,6.864999771118164,6.869999885559082,6.860000133514404,6.860000133514404,24264
2026-09-02 14:54:00-04:00,6.860099792480469,6.869999885559082,6.860000133514404,6.864999771118164,9685
2026-09-02 14:55:00-04:00,6.860000133514404,6.869999885559082,6.860000133514404,6.864999771118164,8195
2026-09-02 14:56:00-04:00,6.864999771118164,6.869999885559082,6.860000133514404,6.860000133514404,10389
2026-09-02 14:57:00-04:00,6.864999771118164,6.869999885559082,6.860000133514404,6.869999885559082,14239
2026-09-02 14:58:00-04:00,6.864999771118164,6.869999885559082,6.860000133514404,6.864999771118164,9599
2026-09-02 14:59:00-04:00,6.860099792480469,6.869999885559082,6.860000133514404,6.860000133514404,17151
2026-09-02 15:00:00-04:00,6.871399879455566,6.880000114440918,6.849999904632568,6.864999771118164,68679
2026-09-02 15:01:00-04:00,6.85260009765625,6.869999885559082,6.849999904632568,6.869999885559082,56771
2026-09-02 15:02:00-04:00,6.852399826049805,6.85860013961792,6.849999904632568,6.850100040435791,33808
2026-09-02 15:03:00-04:00,6.855000019073486,6.864999771118164,6.849999904632568,6.855000019073486,127020
2026-09-02 15:04:00-04:00,6.85860013961792,6.860000133514404,6.855000019073486,6.855000019073486,20577
2026-09-02 15:05:00-04:00,6.820099830627441,6.851500034332275,6.820000171661377,6.851500034332275,59813
2026-09-02 15:06:00-04:00,6.84499979019165,6.84499979019165,6.820099830627441,6.820099830627441,49401
2026-09-02 15:07:00-04:00,6.849999904632568,6.849999904632568,6.840000152587891,6.849999904632568,48179
2026-09-02 15:08:00-04:00,6.849899768829346,6.849899768829346,6.849899768829346,6.849899768829346,0
