Price,Close,High,Low,Open,Volume
Ticker,SPY,SPY,SPY,SPY,SPY
Datetime,Datetime,Datetime,Datetime,Datetime,Datetime
2026-08-27 09:30:00-0400,768.5999755859375,768.760009765625,768.0800170898438,768.5,1497579
2026-08-27 09:31:00-0400,767.52001953125,768.8099975585938,767.52001953125,768.6099853515625,303341
2026-08-27 09:32:00-0400,767.7000122070312,767.7899780273438,767.1599731445312,767.510009765625,269768
2026-08-27 09:33:00-0400,767.8400268554688,768.1799926757812,767.6801147460938,767.7000122070312,166502
2026-08-27 09:34:00-0400,767.47998046875,767.8900146484375,767.2999877929688,767.8499755859375,111510
2026-08-27 09:35:00-0400,767.6099853515625,767.6585083007812,767.1599731445312,767.47998046875,121771
2026-08-27 09:36:00-0400,767.7100219726562,767.8699951171875,767.5800170898438,767.5999755859375,97650
2026-08-27 09:37:00-0400,767.6900024414062,767.8200073242188,767.3499755859375,767.739990234375,66690
2026-08-27 09:38:00-0400,767.7000122070312,767.8099975585938,767.5349731445312,767.7000122070312,93141
2026-08-27 09:39:00-0400,768.219970703125,768.27001953125,767.6199951171875,767.7000122070312,146420
2026-08-27 09:40:00-0400,768.2349853515625,768.3300170898438,768.1199951171875,768.22998046875,182998
2026-08-27 09:41:00-0400,768.4151000976562,768.739990234375,768.2100219726562,768.239990234375,118010
2026-08-27 09:42:00-0400,768.5,768.5399780273438,767.9600219726562,768.3800048828125,85321
2026-08-27 09:43:00-0400,768.5,768.6300048828125,768.4000244140625,768.52001953125,107857
2026-08-27 09:44:00-0400,769.1900024414062,769.2000122070312,768.47998046875,768.47998046875,223482
2026-08-27 09:45:00-0400,769.5150146484375,769.5599975585938,769.0999755859375,769.219970703125,166521
2026-08-27 09:46:00-0400,768.9415893554688,769.6900024414062,768.9400024414062,769.52001953125,256640
2026-08-27 09:47:00-0400,768.2999877929688,769.0075073242188,768.0499877929688,768.9450073242188,299966
2026-08-27 09:48:00-0400,768.2100219726562,768.4194946289062,768.1199951171875,768.3200073242188,111694
2026-08-27 09:49:00-0400,768.0599975585938,768.219970703125,767.7150268554688,768.219970703125,159629
2026-08-27 09:50:00-0400,768.7899780273438,768.8150024414062,768.0700073242188,768.0700073242188,86790
2026-08-27 09:51:00-0400,768.9299926757812,769.0,768.6699829101562,768.7899780273438,213352
2026-08-27 09:52:00-0400,769.135009765625,769.1900024414062,768.8099975585938,768.9199829101562,100356
2026-08-27 09:53:00-0400,769.2249755859375,769.27001953125,769.02001953125,769.1300048828125,253045
2026-08-27 09:54:00-0400,769.1849975585938,769.3699951171875,769.1300048828125,769.239990234375,68798
2026-08-27 09:55:00-0400,768.8300170898438,769.2487182617188,768.5,769.1699829101562,79103
2026-08-27 09:56:00-0400,768.1900024414062,768.8699951171875,768.1900024414062,768.8099975585938,74663
2026-08-27 09:57:00-0400,767.74169921875,768.2000122070312,767.6199951171875,768.1799926757812,103723
2026-08-27 09:58:00-0400,768.1434936523438,768.1434936523438,767.75,767.75,113599
2026-08-27 09:59:00-0400,768.4055786132812,768.489990234375,768.010009765625,768.1500244140625,217002
2026-08-27 10:00:00-0400,768.510009765625,768.6199951171875,768.2120971679688,768.4000244140625,106006
2026-08-27 10:01:00-0400,768.7050170898438,768.8150024414062,768.3400268554688,768.489990234375,245760
2026-08-27 10:02:00-0400,768.6199951171875,768.780029296875,768.4500122070312,768.7000122070312,83156
2026-08-27 10:03:00-0400,768.9199829101562,768.934814453125,768.4400024414062,768.5999755859375,81269
2026-08-27 10:04:00-0400,768.7899780273438,769.010009765625,768.6749877929688,768.9349975585938,64027
2026-08-27 10:05:00-0400,768.9149780273438,769.0900268554688,768.780029296875,768.7899780273438,56595
2026-08-27 10:06:00-0400,768.1799926757812,768.97998046875,768.1799926757812,768.9149780273438,87257
2026-08-27 10:07:00-0400,768.5900268554688,768.6900024414062,768.0499877929688,768.1900024414062,52023
2026-08-27 10:08:00-0400,768.3499755859375,768.6099853515625,768.219970703125,768.6099853515625,60016
2026-08-27 10:09:00-0400,768.4299926757812,768.60498046875,768.2999877929688,768.344970703125,48185
2026-08-27 10:10:00-0400,768.8900146484375,768.9299926757812,768.4500122070312,768.4503173828125,61238
2026-08-27 10:11:00-0400,768.739990234375,768.9600219726562,768.7100219726562,768.8699951171875,53773
2026-08-27 10:12:00-0400,768.8499755859375,768.9199829101562,768.6849975585938,768.75,39155
2026-08-27 10:13:00-0400,768.9349975585938,768.9550170898438,768.6599731445312,768.8400268554688,54527
2026-08-27 10:14:00-0400,768.655029296875,768.989990234375,768.5700073242188,768.989990234375,107078
2026-08-27 10:15:00-0400,769.0399780273438,769.0700073242188,768.6599731445312,768.6599731445312,51975
2026-08-27 10:16:00-0400,768.780029296875,769.0499877929688,768.780029296875,769.0399780273438,57443
2026-08-27 10:17:00-0400,769.1099853515625,769.1400146484375,768.780029296875,768.7999877929688,88005
2026-08-27 10:18:00-0400,769.260009765625,769.3400268554688,769.0499877929688,769.1199951171875,80003
2026-08-27 10:19:00-0400,769.1599731445312,769.3200073242188,769.0900268554688,769.25,193331
2026-08-27 10:20:00-0400,769.4099731445312,769.4099731445312,769.1500244140625,769.1599731445312,45429
2026-08-27 10:21:00-0400,769.10498046875,769.5,769.10498046875,769.4199829101562,51533
2026-08-27 10:22:00-0400,769.219970703125,769.2849731445312,769.0499877929688,769.1099853515625,81395
2026-08-27 10:23:00-0400,769.219970703125,769.5900268554688,769.1900024414062,769.219970703125,84579
2026-08-27 10:24:00-0400,769.4600219726562,769.469970703125,769.1400146484375,769.22998046875,41286
2026-08-27 10:25:00-0400,769.4500122070312,769.489501953125,769.260009765625,769.469970703125,50653
2026-08-27 10:26:00-0400,769.5800170898438,769.5999755859375,769.3699951171875,769.4299926757812,62354
2026-08-27 10:27:00-0400,769.6900024414062,769.8800048828125,769.5700073242188,769.5762939453125,82926
2026-08-27 10:28:00-0400,769.5700073242188,769.8300170898438,769.510009765625,769.7000122070312,124961
2026-08-27 10:29:00-0400,769.6749877929688,769.7100219726562,769.5,769.5349731445312,55084
2026-08-27 10:30:00-0400,769.1799926757812,769.739990234375,769.0599975585938,769.6998901367188,49956
2026-08-27 10:31:00-0400,769.3099975585938,769.3800048828125,769.1849975585938,769.1849975585938,45770
2026-08-27 10:32:00-0400,769.260009765625,769.3499755859375,769.1599731445312,769.3300170898438,35400
2026-08-27 10:33:00-0400,769.5800170898438,769.5897827148438,769.1300048828125,769.239990234375,42019
2026-08-27 10:34:00-0400,769.3699951171875,769.5700073242188,769.3599853515625,769.5700073242188,34872
2026-08-27 10:35:00-0400,769.6950073242188,769.75,769.4000244140625,769.4000244140625,35078
2026-08-27 10:36:00-0400,769.8001098632812,769.8099975585938,769.6799926757812,769.7050170898438,51891
2026-08-27 10:37:00-0400,769.7999877929688,770.0399780273438,769.75,769.7999877929688,82012
2026-08-27 10:38:00-0400,769.6724243164062,769.8499755859375,769.6099853515625,769.7899780273438,34486
2026-08-27 10:39:00-0400,769.3400268554688,769.7000122070312,769.3200073242188,769.7000122070312,87790
2026-08-27 10:40:00-0400,769.4801025390625,769.5499877929688,769.3250122070312,769.3499755859375,45061
2026-08-27 10:41:00-0400,769.530029296875,769.5900268554688,769.375,769.4849853515625,23559
2026-08-27 10:42:00-0400,769.6500244140625,769.6500244140625,769.489990234375,769.5,23597
2026-08-27 10:43:00-0400,769.5499877929688,769.6699829101562,769.5,769.6400146484375,23663
2026-08-27 10:44:00-0400,769.6199951171875,769.6500244140625,769.4201049804688,769.5700073242188,28846
2026-08-27 10:45:00-0400,769.6500244140625,769.6500244140625,769.4600219726562,769.6099853515625,49551
2026-08-27 10:46:00-0400,769.719970703125,769.7999877929688,769.6199951171875,769.6500244140625,63091
2026-08-27 10:47:00-0400,769.4500122070312,769.77001953125,769.35498046875,769.77001953125,24733
2026-08-27 10:48:00-0400,769.9099731445312,769.9199829101562,769.3900146484375,769.4500122070312,51048
2026-08-27 10:49:00-0400,770.239990234375,770.2899780273438,769.8499755859375,769.9099731445312,94463
2026-08-27 10:50:00-0400,770.1500244140625,770.3099975585938,770.0999755859375,770.219970703125,95482
2026-08-27 10:51:00-0400,770.0900268554688,770.2000122070312,770.0499877929688,770.1594848632812,49951
2026-08-27 10:52:00-0400,770.280029296875,770.4400024414062,770.030029296875,770.10498046875,56470
2026-08-27 10:53:00-0400,770.0999755859375,770.2999877929688,769.8900146484375,770.2675170898438,46413
2026-08-27 10:54:00-0400,770.1300048828125,770.1799926757812,769.9199829101562,770.0599975585938,37438
2026-08-27 10:55:00-0400,769.8300170898438,770.1699829101562,769.7550048828125,770.125,46275
2026-08-27 10:56:00-0400,769.8400268554688,769.9500122070312,769.7349853515625,769.8200073242188,29565
2026-08-27 10:57:00-0400,769.9500122070312,770.1099853515625,769.8200073242188,769.8400268554688,39400
2026-08-27 10:58:00-0400,770.1799926757812,770.2249755859375,769.9099731445312,769.9099731445312,31698
2026-08-27 10:59:00-0400,770.39501953125,770.4000244140625,770.2000122070312,770.2100219726562,64679
2026-08-27 11:00:00-0400,770.5050048828125,770.5399780273438,770.2443237304688,770.4099731445312,70243
2026-08-27 11:01:00-0400,770.5700073242188,770.6599731445312,770.4600219726562,770.510009765625,119480
2026-08-27 11:02:00-0400,770.510009765625,770.6099853515625,770.489990234375,770.5700073242188,41003
2026-08-27 11:03:00-0400,770.239990234375,770.5599975585938,770.2280883789062,770.510009765625,56550
2026-08-27 11:04:00-0400,770.6300048828125,770.6400146484375,770.22998046875,770.27001953125,64629
2026-08-27 11:05:00-0400,770.5800170898438,770.7100219726562,770.5499877929688,770.6199951171875,46972
2026-08-27 11:06:00-0400,770.4299926757812,770.6099853515625,770.4299926757812,770.5800170898438,40160
2026-08-27 11:07:00-0400,770.4400024414062,770.5499877929688,770.3300170898438,770.4199829101562,105411
2026-08-27 11:08:00-0400,770.4600219726562,770.4600219726562,770.3250122070312,770.4299926757812,46220
2026-08-27 11:09:00-0400,770.5401000976562,770.5999755859375,770.3800048828125,770.4600219726562,25828
2026-08-27 11:10:00-0400,770.5499877929688,770.630126953125,770.52001953125,770.5399780273438,31882
2026-08-27 11:11:00-0400,770.6500244140625,770.6900024414062,770.5449829101562,770.5449829101562,39766
2026-08-27 11:12:00-0400,770.5399780273438,770.760009765625,770.5,770.6594848632812,33143
2026-08-27 11:13:00-0400,770.5999755859375,770.6699829101562,770.5250244140625,770.5399780273438,26440
2026-08-27 11:14:00-0400,770.8200073242188,770.8400268554688,770.6099853515625,770.6099853515625,43687
2026-08-27 11:15:00-0400,770.989990234375,771.030029296875,770.7999877929688,770.8298950195312,78835
2026-08-27 11:16:00-0400,771.0499877929688,771.0700073242188,770.9650268554688,770.97998046875,54157
2026-08-27 11:17:00-0400,771.030029296875,771.0999755859375,771.0,771.0399780273438,49546
2026-08-27 11:18:00-0400,771.094970703125,771.0999755859375,770.9400024414062,771.02001953125,32189
2026-08-27 11:19:00-0400,770.9600219726562,771.0999755859375,770.8800048828125,771.0999755859375,29224
2026-08-27 11:20:00-0400,770.969970703125,771.0800170898438,770.9099731445312,770.97998046875,30722
2026-08-27 11:21:00-0400,770.8499755859375,771.030029296875,770.7999877929688,770.969970703125,118062
2026-08-27 11:22:00-0400,770.9099731445312,770.9262084960938,770.8099975585938,770.8499755859375,27302
2026-08-27 11:23:00-0400,770.9299926757812,770.9299926757812,770.75,770.89501953125,33713
2026-08-27 11:24:00-0400,770.780029296875,770.9600219726562,770.7449951171875,770.9099731445312,38595
2026-08-27 11:25:00-0400,770.6500244140625,770.7999877929688,770.52001953125,770.7899780273438,50990
2026-08-27 11:26:00-0400,770.6599731445312,770.719970703125,770.5599975585938,770.6300048828125,26471
2026-08-27 11:27:00-0400,770.489990234375,770.6900024414062,770.489990234375,770.6500244140625,31701
2026-08-27 11:28:00-0400,770.489990234375,770.5800170898438,770.4600219726562,770.469970703125,28432
2026-08-27 11:29:00-0400,770.3150024414062,770.5,770.22998046875,770.489990234375,66176
2026-08-27 11:30:00-0400,770.22998046875,770.3499755859375,770.0999755859375,770.3099975585938,95559
2026-08-27 11:31:00-0400,770.3200073242188,770.3200073242188,770.1400146484375,770.2349853515625,80105
2026-08-27 11:32:00-0400,770.52001953125,770.52001953125,770.1500244140625,770.3200073242188,60748
2026-08-27 11:33:00-0400,770.4249877929688,770.6199951171875,770.3800048828125,770.5449829101562,147545
2026-08-27 11:34:00-0400,770.2150268554688,770.4199829101562,770.0900268554688,770.4199829101562,161008
2026-08-27 11:35:00-0400,770.1599731445312,770.3300170898438,770.0900268554688,770.22998046875,38705
2026-08-27 11:36:00-0400,770.0599975585938,770.1900024414062,770.02001953125,770.1699829101562,60106
2026-08-27 11:37:00-0400,770.010009765625,770.1199951171875,769.9400024414062,770.0700073242188,51476
2026-08-27 11:38:00-0400,769.969970703125,770.11962890625,769.9299926757812,770.010009765625,42358
2026-08-27 11:39:00-0400,769.9099731445312,769.989990234375,769.8150024414062,769.9749755859375,55568
2026-08-27 11:40:00-0400,769.9915161132812,770.0399780273438,769.8300170898438,769.9299926757812,101556
2026-08-27 11:41:00-0400,770.35498046875,770.3599853515625,770.0,770.0050048828125,81158
2026-08-27 11:42:00-0400,770.0800170898438,770.3499755859375,770.0349731445312,770.3200073242188,24688
2026-08-27 11:43:00-0400,769.8099975585938,770.0723876953125,769.760009765625,770.0700073242188,56459
2026-08-27 11:44:00-0400,769.6500244140625,769.8093872070312,769.614990234375,769.8093872070312,199409
2026-08-27 11:45:00-0400,769.52001953125,769.6699829101562,769.4000244140625,769.6599731445312,66440
2026-08-27 11:46:00-0400,769.5800170898438,769.5900268554688,769.3900146484375,769.510009765625,57086
2026-08-27 11:47:00-0400,769.5900268554688,769.719970703125,769.5599975585938,769.5601196289062,45196
2026-08-27 11:48:00-0400,769.5722045898438,769.6699829101562,769.52001953125,769.5700073242188,25460
2026-08-27 11:49:00-0400,769.6799926757812,769.72998046875,769.489990234375,769.5908203125,44427
2026-08-27 11:50:00-0400,770.0499877929688,770.0999755859375,769.6649780273438,769.6699829101562,60894
2026-08-27 11:51:00-0400,770.2999877929688,770.3800048828125,769.969970703125,770.030029296875,33509
2026-08-27 11:52:00-0400,770.5999755859375,770.5999755859375,770.2000122070312,770.3001098632812,49891
2026-08-27 11:53:00-0400,770.6400146484375,770.780029296875,770.5499877929688,770.5900268554688,57256
2026-08-27 11:54:00-0400,770.8599853515625,770.8800048828125,770.6099853515625,770.6300048828125,43635
2026-08-27 11:55:00-0400,770.5499877929688,770.8599853515625,770.5349731445312,770.8599853515625,138197
2026-08-27 11:56:00-0400,770.5599975585938,770.6300048828125,770.530029296875,770.5499877929688,22578
2026-08-27 11:57:00-0400,770.7689819335938,770.7689819335938,770.5399780273438,770.5499877929688,22234
2026-08-27 11:58:00-0400,770.719970703125,770.7999877929688,770.7100219726562,770.7789916992188,25968
2026-08-27 11:59:00-0400,770.6400146484375,770.760009765625,770.5999755859375,770.719970703125,29947
2026-08-27 12:00:00-0400,770.6199951171875,770.72998046875,770.5900268554688,770.6400146484375,34819
2026-08-27 12:01:00-0400,770.739990234375,770.7600708007812,770.5499877929688,770.6099853515625,23792
2026-08-27 12:02:00-0400,770.780029296875,770.8099975585938,770.5700073242188,770.75,45153
2026-08-27 12:03:00-0400,770.9149780273438,770.9500122070312,770.7899780273438,770.7899780273438,64410
2026-08-27 12:04:00-0400,770.8400268554688,770.969970703125,770.8400268554688,770.9299926757812,32941
2026-08-27 12:05:00-0400,770.6400146484375,770.8499755859375,770.6300048828125,770.8300170898438,20063
2026-08-27 12:06:00-0400,770.594970703125,770.6950073242188,770.5499877929688,770.6500244140625,26880
2026-08-27 12:07:00-0400,770.510009765625,770.7100219726562,770.4901123046875,770.5800170898438,35806
2026-08-27 12:08:00-0400,770.510009765625,770.6300048828125,770.489990234375,770.52001953125,74352
2026-08-27 12:09:00-0400,770.5399780273438,770.5700073242188,770.4400024414062,770.5,46258
2026-08-27 12:10:00-0400,770.739990234375,770.7550048828125,770.510009765625,770.510009765625,22037
2026-08-27 12:11:00-0400,770.52001953125,770.75,770.4199829101562,770.7490234375,28808
2026-08-27 12:12:00-0400,770.5800170898438,770.5900268554688,770.52001953125,770.52001953125,21920
2026-08-27 12:13:00-0400,770.6099853515625,770.635009765625,770.510009765625,770.5750122070312,19040
2026-08-27 12:14:00-0400,770.6298828125,770.6300048828125,770.4398803710938,770.6099853515625,28023
2026-08-27 12:15:00-0400,770.7100219726562,770.7100219726562,770.5800170898438,770.5999755859375,15744
2026-08-27 12:16:00-0400,770.6900024414062,770.8107299804688,770.6799926757812,770.7100219726562,25757
2026-08-27 12:17:00-0400,770.6500244140625,770.8099975585938,770.5999755859375,770.6699829101562,28418
2026-08-27 12:18:00-0400,770.6099853515625,770.68017578125,770.5599975585938,770.6500244140625,17428
2026-08-27 12:19:00-0400,770.6099853515625,770.6599731445312,770.510009765625,770.614990234375,14270
2026-08-27 12:20:00-0400,770.5499877929688,770.6300048828125,770.5399780273438,770.5999755859375,12480
2026-08-27 12:21:00-0400,770.405029296875,770.5800170898438,770.3400268554688,770.5601196289062,31620
2026-08-27 12:22:00-0400,770.4650268554688,770.5,770.3829956054688,770.4099731445312,15846
2026-08-27 12:23:00-0400,770.5399780273438,770.6090087890625,770.4500122070312,770.4600219726562,30909
2026-08-27 12:24:00-0400,770.5374755859375,770.5800170898438,770.469970703125,770.5599975585938,32715
2026-08-27 12:25:00-0400,770.530029296875,770.6099853515625,770.4949951171875,770.530029296875,49427
2026-08-27 12:26:00-0400,770.5800170898438,770.5800170898438,770.4299926757812,770.5250244140625,52826
2026-08-27 12:27:00-0400,770.8599853515625,770.8599853515625,770.5599975585938,770.5700073242188,36941
2026-08-27 12:28:00-0400,770.844970703125,770.9099731445312,770.7999877929688,770.8300170898438,66938
2026-08-27 12:29:00-0400,770.9099731445312,770.9099731445312,770.8300170898438,770.844970703125,34956
2026-08-27 12:30:00-0400,770.8900146484375,770.9400024414062,770.8200073242188,770.9099731445312,37504
2026-08-27 12:31:00-0400,771.02001953125,771.0499877929688,770.8800048828125,770.8900146484375,65589
2026-08-27 12:32:00-0400,771.0700073242188,771.0700073242188,770.9299926757812,771.010009765625,20231
2026-08-27 12:33:00-0400,771.0,771.0700073242188,770.89501953125,771.0599975585938,33959
2026-08-27 12:34:00-0400,771.1599731445312,771.1699829101562,770.989990234375,770.9949951171875,36635
2026-08-27 12:35:00-0400,771.2100219726562,771.22998046875,771.1199951171875,771.1599731445312,30179
2026-08-27 12:36:00-0400,771.280029296875,771.280029296875,771.1699829101562,771.2000122070312,18151
2026-08-27 12:37:00-0400,771.4299926757812,771.4400024414062,771.22998046875,771.27001953125,54070
2026-08-27 12:38:00-0400,771.385009765625,771.4400024414062,771.2949829101562,771.4395141601562,40704
2026-08-27 12:39:00-0400,771.510009765625,771.5250244140625,771.3599853515625,771.3800048828125,83413
2026-08-27 12:40:00-0400,771.593017578125,771.6649780273438,771.510009765625,771.5499877929688,56189
2026-08-27 12:41:00-0400,771.635009765625,771.6699829101562,771.5399780273438,771.5999755859375,66138
2026-08-27 12:42:00-0400,771.6716918945312,771.6799926757812,771.5900268554688,771.6400146484375,28490
2026-08-27 12:43:00-0400,771.72998046875,771.7899780273438,771.6400146484375,771.6799926757812,38844
2026-08-27 12:44:00-0400,771.6900024414062,771.75,771.6099853515625,771.75,37053
2026-08-27 12:45:00-0400,771.885009765625,771.9400024414062,771.6900024414062,771.6900024414062,59983
2026-08-27 12:46:00-0400,771.7449951171875,771.9000244140625,771.719970703125,771.8900146484375,33957
2026-08-27 12:47:00-0400,771.6699829101562,771.75,771.6599731445312,771.739990234375,26910
2026-08-27 12:48:00-0400,771.8400268554688,771.8499755859375,771.6599731445312,771.6699829101562,38549
2026-08-27 12:49:00-0400,771.7050170898438,771.8400268554688,771.7000122070312,771.8400268554688,31294
2026-08-27 12:50:00-0400,771.739990234375,771.7999877929688,771.6099853515625,771.72998046875,24933
2026-08-27 12:51:00-0400,771.7899780273438,771.8350219726562,771.7000122070312,771.72998046875,36482
2026-08-27 12:52:00-0400,771.8599853515625,771.9000244140625,771.77001953125,771.7949829101562,21388
2026-08-27 12:53:00-0400,771.9099731445312,771.9199829101562,771.8099975585938,771.864990234375,90796
2026-08-27 12:54:00-0400,771.9299926757812,772.010009765625,771.8400268554688,771.9349975585938,68042
2026-08-27 12:55:00-0400,771.760009765625,771.9400024414062,771.7550048828125,771.9299926757812,55257
2026-08-27 12:56:00-0400,771.8699951171875,771.8800048828125,771.719970703125,771.7575073242188,51410
2026-08-27 12:57:00-0400,771.8800048828125,771.9199829101562,771.8300170898438,771.8699951171875,42944
2026-08-27 12:58:00-0400,771.8599853515625,771.9099731445312,771.8400268554688,771.8699951171875,25032
2026-08-27 12:59:00-0400,771.989990234375,772.030029296875,771.8350219726562,771.8599853515625,33777
2026-08-27 13:00:00-0400,772.0200805664062,772.114990234375,771.985595703125,772.02001953125,33893
2026-08-27 13:01:00-0400,772.1099853515625,772.1500244140625,772.010009765625,772.030029296875,21206
2026-08-27 13:02:00-0400,772.0650024414062,772.1500244140625,772.0399780273438,772.0999755859375,33786
2026-08-27 13:03:00-0400,772.0700073242188,772.0999755859375,771.9600219726562,772.0499877929688,97804
2026-08-27 13:04:00-0400,772.030029296875,772.0800170898438,771.97998046875,772.0700073242188,15654
2026-08-27 13:05:00-0400,771.9450073242188,772.0499877929688,771.9299926757812,772.0399780273438,51527
2026-08-27 13:06:00-0400,771.760009765625,771.97998046875,771.75,771.9500122070312,30379
2026-08-27 13:07:00-0400,771.7999877929688,771.8699951171875,771.760009765625,771.760009765625,22761
2026-08-27 13:08:00-0400,772.0999755859375,772.219970703125,771.7849731445312,771.7999877929688,72400
2026-08-27 13:09:00-0400,772.219970703125,772.25,772.0700073242188,772.0900268554688,40004
2026-08-27 13:10:00-0400,772.2349853515625,772.35498046875,772.2000122070312,772.22998046875,43118
2026-08-27 13:11:00-0400,772.239990234375,772.2501220703125,772.1900024414062,772.2349853515625,21903
2026-08-27 13:12:00-0400,772.22998046875,772.2899780273438,772.1599731445312,772.2150268554688,22047
2026-08-27 13:13:00-0400,772.1599731445312,772.239990234375,772.1300048828125,772.22998046875,39309
2026-08-27 13:14:00-0400,772.1900024414062,772.1962280273438,772.0999755859375,772.1500244140625,17324
2026-08-27 13:15:00-0400,772.219970703125,772.280029296875,772.1900024414062,772.2100219726562,29438
2026-08-27 13:16:00-0400,772.1500244140625,772.280029296875,772.1024780273438,772.219970703125,28089
2026-08-27 13:17:00-0400,772.0999755859375,772.1749877929688,772.0999755859375,772.1400146484375,16933
2026-08-27 13:18:00-0400,772.1099853515625,772.1400146484375,772.0380249023438,772.0999755859375,130583
2026-08-27 13:19:00-0400,772.1300048828125,772.2006225585938,772.0999755859375,772.1099853515625,20101
2026-08-27 13:20:00-0400,772.1199951171875,772.1500244140625,772.0599975585938,772.125,26068
2026-08-27 13:21:00-0400,772.1849975585938,772.2100219726562,772.0800170898438,772.1199951171875,65048
2026-08-27 13:22:00-0400,772.0999755859375,772.2000122070312,772.0499877929688,772.1849975585938,29226
2026-08-27 13:23:00-0400,772.2000122070312,772.2700805664062,772.0599975585938,772.0850219726562,153494
2026-08-27 13:24:00-0400,772.1799926757812,772.219970703125,772.1300048828125,772.2000122070312,30124
2026-08-27 13:25:00-0400,772.0634155273438,772.1799926757812,772.0399780273438,772.1799926757812,27652
2026-08-27 13:26:00-0400,771.9500122070312,772.0700073242188,771.9099731445312,772.0700073242188,35383
2026-08-27 13:27:00-0400,771.8300170898438,771.97998046875,771.8099975585938,771.9400024414062,340729
2026-08-27 13:28:00-0400,771.8599853515625,771.909912109375,771.7899780273438,771.8298950195312,29418
2026-08-27 13:29:00-0400,771.75,771.864990234375,771.5999755859375,771.864990234375,45478
2026-08-27 13:30:00-0400,771.8300170898438,771.8900146484375,771.7100219726562,771.75,44467
2026-08-27 13:31:00-0400,771.7899780273438,771.8599853515625,771.6849975585938,771.8400268554688,65143
2026-08-27 13:32:00-0400,772.010009765625,772.0399780273438,771.77001953125,771.7849731445312,25112
2026-08-27 13:33:00-0400,771.9749755859375,772.0599975585938,771.9299926757812,772.010009765625,28507
2026-08-27 13:34:00-0400,771.77001953125,771.97998046875,771.760009765625,771.969970703125,40133
2026-08-27 13:35:00-0400,771.8400268554688,771.8800048828125,771.719970703125,771.77001953125,33997
2026-08-27 13:36:00-0400,771.8499755859375,771.8800048828125,771.8150024414062,771.8300170898438,25545
2026-08-27 13:37:00-0400,771.7999877929688,771.8599853515625,771.7750244140625,771.8599853515625,20843
2026-08-27 13:38:00-0400,771.760009765625,771.8250122070312,771.760009765625,771.8049926757812,27153
2026-08-27 13:39:00-0400,771.72998046875,771.8200073242188,771.6851196289062,771.77001953125,19266
2026-08-27 13:40:00-0400,771.8099975585938,771.8400268554688,771.7100219726562,771.739990234375,24712
2026-08-27 13:41:00-0400,771.8200073242188,771.8400268554688,771.7550048828125,771.7999877929688,15576
2026-08-27 13:42:00-0400,771.8200073242188,771.8699951171875,771.77001953125,771.8189697265625,84437
2026-08-27 13:43:00-0400,771.9550170898438,771.959716796875,771.7999877929688,771.8250122070312,43834
2026-08-27 13:44:00-0400,771.6400146484375,771.9500122070312,771.5900268554688,771.9500122070312,96189
2026-08-27 13:45:00-0400,771.4500122070312,771.669921875,771.4400024414062,771.6300048828125,75478
2026-08-27 13:46:00-0400,771.4299926757812,771.5009765625,771.4099731445312,771.4600219726562,46956
2026-08-27 13:47:00-0400,771.4310302734375,771.5900268554688,771.4199829101562,771.4199829101562,41427
2026-08-27 13:48:00-0400,771.3099975585938,771.4600219726562,771.3099975585938,771.4400024414062,62993
2026-08-27 13:49:00-0400,771.3900146484375,771.3900146484375,771.2999877929688,771.3099975585938,46165
2026-08-27 13:50:00-0400,771.3400268554688,771.4500122070312,771.3099975585938,771.405029296875,29893
2026-08-27 13:51:00-0400,771.3099975585938,771.3400268554688,771.219970703125,771.3300170898438,30074
2026-08-27 13:52:00-0400,771.3200073242188,771.3499755859375,771.2150268554688,771.3200073242188,37590
2026-08-27 13:53:00-0400,771.22998046875,771.3599853515625,771.2100219726562,771.3167724609375,39011
2026-08-27 13:54:00-0400,771.3499755859375,771.4000244140625,771.2249755859375,771.239990234375,71694
2026-08-27 13:55:00-0400,771.3400268554688,771.4099731445312,771.2949829101562,771.3699951171875,33671
2026-08-27 13:56:00-0400,771.4400024414062,771.4400024414062,771.27001953125,771.330078125,44213
2026-08-27 13:57:00-0400,771.260009765625,771.4500122070312,771.260009765625,771.4299926757812,46226
2026-08-27 13:58:00-0400,771.2100219726562,771.280029296875,771.0999755859375,771.260009765625,117298
2026-08-27 13:59:00-0400,771.2249755859375,771.25,771.1699829101562,771.2100219726562,36947
2026-08-27 14:00:00-0400,771.219970703125,771.3900146484375,771.2100219726562,771.2249755859375,114435
2026-08-27 14:01:00-0400,770.739990234375,771.2249755859375,770.6400146484375,771.2249755859375,87795
2026-08-27 14:02:00-0400,770.780029296875,770.8099975585938,770.5999755859375,770.72998046875,68704
2026-08-27 14:03:00-0400,770.8300170898438,770.8599853515625,770.6950073242188,770.809326171875,47333
2026-08-27 14:04:00-0400,770.5250244140625,770.8399047851562,770.5,770.8399047851562,135450
2026-08-27 14:05:00-0400,770.6099853515625,771.0,770.47998046875,770.5250244140625,108254
2026-08-27 14:06:00-0400,770.6400146484375,770.7100219726562,770.5850219726562,770.6199951171875,31404
2026-08-27 14:07:00-0400,770.5599975585938,770.6500244140625,770.4199829101562,770.6375122070312,44973
2026-08-27 14:08:00-0400,770.5399780273438,770.5999755859375,770.4849853515625,770.5499877929688,34473
2026-08-27 14:09:00-0400,770.489990234375,770.5850219726562,770.3499755859375,770.510009765625,35547
2026-08-27 14:10:00-0400,770.3499755859375,770.5499877929688,770.25,770.52001953125,89843
2026-08-27 14:11:00-0400,770.469970703125,770.469970703125,770.269287109375,770.2999877929688,30103
2026-08-27 14:12:00-0400,770.3699951171875,770.489990234375,770.22998046875,770.469970703125,69391
2026-08-27 14:13:00-0400,770.1500244140625,770.4400024414062,770.14501953125,770.3699951171875,53670
2026-08-27 14:14:00-0400,770.260009765625,770.2899780273438,769.9849853515625,770.1500244140625,103662
2026-08-27 14:15:00-0400,770.2249755859375,770.3389892578125,770.1599731445312,770.27001953125,24523
2026-08-27 14:16:00-0400,770.1599731445312,770.260009765625,770.0700073242188,770.2249755859375,43256
2026-08-27 14:17:00-0400,770.27001953125,770.27001953125,770.1099853515625,770.1599731445312,38248
2026-08-27 14:18:00-0400,770.4299926757812,770.4299926757812,770.2449951171875,770.27001953125,47467
2026-08-27 14:19:00-0400,770.2750244140625,770.5194702148438,770.2315063476562,770.4400024414062,40833
2026-08-27 14:20:00-0400,770.4000244140625,770.4299926757812,770.260009765625,770.27001953125,38690
2026-08-27 14:21:00-0400,770.3599853515625,770.4199829101562,770.25,770.3895263671875,37489
2026-08-27 14:22:00-0400,770.2849731445312,770.4500122070312,770.2449951171875,770.3499755859375,29079
2026-08-27 14:23:00-0400,770.0800170898438,770.3250122070312,770.0501098632812,770.280029296875,49138
2026-08-27 14:24:00-0400,770.0900268554688,770.1300048828125,770.010009765625,770.0900268554688,38008
2026-08-27 14:25:00-0400,769.9199829101562,770.1099853515625,769.8900146484375,770.0900268554688,52147
2026-08-27 14:26:00-0400,769.8399047851562,770.0,769.8099975585938,769.9500122070312,38344
2026-08-27 14:27:00-0400,769.52001953125,769.8099975585938,769.5,769.8099975585938,73516
2026-08-27 14:28:00-0400,769.4949951171875,769.5800170898438,769.3150024414062,769.52001953125,177100
2026-08-27 14:29:00-0400,769.4600219726562,769.52001953125,769.260009765625,769.489990234375,70053
2026-08-27 14:30:00-0400,769.60498046875,769.6300048828125,769.4299926757812,769.469970703125,44394
2026-08-27 14:31:00-0400,769.7449951171875,769.8200073242188,769.5800170898438,769.6099853515625,62801
2026-08-27 14:32:00-0400,769.8400268554688,769.9349975585938,769.719970703125,769.739990234375,166186
2026-08-27 14:33:00-0400,769.5,769.9099731445312,769.5,769.8399047851562,107516
2026-08-27 14:34:00-0400,769.5399780273438,769.5599975585938,769.4400024414062,769.5,39880
2026-08-27 14:35:00-0400,769.5700073242188,769.6400146484375,769.47998046875,769.5499877929688,49413
2026-08-27 14:36:00-0400,769.7100219726562,769.719970703125,769.5499877929688,769.5800170898438,25165
2026-08-27 14:37:00-0400,769.77001953125,769.8399047851562,769.6500244140625,769.7000122070312,39521
2026-08-27 14:38:00-0400,769.89501953125,769.989990234375,769.7100219726562,769.760986328125,159886
2026-08-27 14:39:00-0400,770.0499877929688,770.0599975585938,769.8250122070312,769.9000244140625,36417
2026-08-27 14:40:00-0400,770.0579833984375,770.0700073242188,769.9246826171875,770.0449829101562,22689
2026-08-27 14:41:00-0400,769.9000244140625,770.1199951171875,769.8699951171875,770.0599975585938,39868
2026-08-27 14:42:00-0400,769.8900146484375,770.0,769.8300170898438,769.9000244140625,20417
2026-08-27 14:43:00-0400,769.8800048828125,769.97998046875,769.7899780273438,769.88671875,22575
2026-08-27 14:44:00-0400,769.8800048828125,769.9500122070312,769.8499755859375,769.8800048828125,16952
2026-08-27 14:45:00-0400,769.8300170898438,769.97998046875,769.8150024414062,769.8900146484375,34366
2026-08-27 14:46:00-0400,769.885009765625,769.9199829101562,769.77001953125,769.8350219726562,14774
2026-08-27 14:47:00-0400,770.030029296875,770.0399780273438,769.8699951171875,769.8900146484375,26613
2026-08-27 14:48:00-0400,769.85498046875,770.0800170898438,769.830078125,770.0449829101562,29403
2026-08-27 14:49:00-0400,769.5040283203125,769.8800048828125,769.5,769.8400268554688,114163
2026-08-27 14:50:00-0400,769.469970703125,769.52001953125,769.3499755859375,769.52001953125,67038
2026-08-27 14:51:00-0400,769.5499877929688,769.5900268554688,769.4000244140625,769.4600219726562,38892
2026-08-27 14:52:00-0400,769.52001953125,769.594970703125,769.489990234375,769.5499877929688,36171
2026-08-27 14:53:00-0400,769.3900146484375,769.6199951171875,769.3900146484375,769.52001953125,89462
2026-08-27 14:54:00-0400,769.3300170898438,769.405029296875,769.3099975585938,769.405029296875,62035
2026-08-27 14:55:00-0400,769.4099731445312,769.47998046875,769.1599731445312,769.3350219726562,118420
2026-08-27 14:56:00-0400,769.3599853515625,769.4400024414062,769.3150024414062,769.4099731445312,160947
2026-08-27 14:57:00-0400,769.594970703125,769.6099853515625,769.3900146484375,769.3900146484375,25087
2026-08-27 14:58:00-0400,769.739990234375,769.760009765625,769.530029296875,769.5850219726562,47127
2026-08-27 14:59:00-0400,769.6500244140625,769.77001953125,769.6500244140625,769.72998046875,45683
2026-08-27 15:00:00-0400,769.8499755859375,769.8699951171875,769.5499877929688,769.6500244140625,42340
2026-08-27 15:01:00-0400,769.7999877929688,769.9199829101562,769.7999877929688,769.8599853515625,36115
2026-08-27 15:02:00-0400,769.5449829101562,769.8300170898438,769.52001953125,769.8300170898438,175776
2026-08-27 15:03:00-0400,769.7750244140625,769.7999877929688,769.530029296875,769.5399780273438,117921
2026-08-27 15:04:00-0400,769.9400024414062,770.0399780273438,769.72998046875,769.760009765625,55735
2026-08-27 15:05:00-0400,769.8300170898438,770.2000122070312,769.7999877929688,769.9500122070312,70811
2026-08-27 15:06:00-0400,769.9849853515625,770.0,769.7100219726562,769.8300170898438,81342
2026-08-27 15:07:00-0400,770.0349731445312,770.1099853515625,769.969970703125,770.0,222447
2026-08-27 15:08:00-0400,770.0850219726562,770.0900268554688,769.8499755859375,770.0349731445312,43768
2026-08-27 15:09:00-0400,770.1400146484375,770.1900024414062,770.0850219726562,770.0850219726562,186629
2026-08-27 15:10:00-0400,770.1199951171875,770.22998046875,770.0599975585938,770.1300048828125,57248
2026-08-27 15:11:00-0400,770.0650024414062,770.1400146484375,770.0399780273438,770.0999755859375,26835
2026-08-27 15:12:00-0400,770.0700073242188,770.1201171875,770.0,770.0700073242188,64772
2026-08-27 15:13:00-0400,770.130126953125,770.219970703125,770.02001953125,770.0800170898438,28232
2026-08-27 15:14:00-0400,769.8900146484375,770.219970703125,769.8900146484375,770.1300048828125,42607
2026-08-27 15:15:00-0400,770.0999755859375,770.0999755859375,769.9000244140625,769.9000244140625,37063
2026-08-27 15:16:00-0400,770.1400146484375,770.22998046875,770.0999755859375,770.0999755859375,37503
2026-08-27 15:17:00-0400,770.0499877929688,770.1749877929688,770.0399780273438,770.1699829101562,44964
2026-08-27 15:18:00-0400,770.0700073242188,770.0900268554688,769.9500122070312,770.0499877929688,164046
2026-08-27 15:19:00-0400,770.1900024414062,770.219970703125,769.9819946289062,770.0599975585938,68161
2026-08-27 15:20:00-0400,770.1599731445312,770.1900024414062,770.0700073242188,770.1749877929688,44609
2026-08-27 15:21:00-0400,770.1599731445312,770.280029296875,770.0800170898438,770.1300048828125,56822
2026-08-27 15:22:00-0400,770.2000122070312,770.2108764648438,770.101318359375,770.1599731445312,78813
2026-08-27 15:23:00-0400,770.14501953125,770.239990234375,770.1400146484375,770.1900024414062,47545
2026-08-27 15:24:00-0400,770.0150146484375,770.1649780273438,769.97998046875,770.1500244140625,49559
2026-08-27 15:25:00-0400,769.9500122070312,770.0399780273438,769.81201171875,770.0100708007812,116053
2026-08-27 15:26:00-0400,770.0,770.0800170898438,769.9299926757812,769.9500122070312,42454
2026-08-27 15:27:00-0400,769.810302734375,770.030029296875,769.7999877929688,769.9949951171875,98737
2026-08-27 15:28:00-0400,769.9400024414062,769.9600219726562,769.760009765625,769.8099975585938,85448
2026-08-27 15:29:00-0400,769.9400024414062,770.0250244140625,769.875,769.9500122070312,43482
2026-08-27 15:30:00-0400,770.0659790039062,770.0900268554688,769.8699951171875,769.9450073242188,44789
2026-08-27 15:31:00-0400,770.3300170898438,770.3499755859375,770.02001953125,770.0599975585938,68170
2026-08-27 15:32:00-0400,770.2800903320312,770.3900146484375,770.239990234375,770.3400268554688,57921
2026-08-27 15:33:00-0400,770.3298950195312,770.4196166992188,770.260009765625,770.281982421875,55683
2026-08-27 15:34:00-0400,770.4400024414062,770.47998046875,770.3099975585938,770.3200073242188,43049
2026-08-27 15:35:00-0400,770.5449829101562,770.5900268554688,770.4000244140625,770.4600219726562,76698
2026-08-27 15:36:00-0400,770.4600219726562,770.5499877929688,770.4199829101562,770.530029296875,116401
2026-08-27 15:37:00-0400,770.5549926757812,770.5700073242188,770.4099731445312,770.44677734375,61080
2026-08-27 15:38:00-0400,770.5,770.5999755859375,770.4299926757812,770.5499877929688,40353
2026-08-27 15:39:00-0400,770.5499877929688,770.6099853515625,770.469970703125,770.4949951171875,47448
2026-08-27 15:40:00-0400,770.5800170898438,770.6300048828125,770.530029296875,770.5399780273438,64872
2026-08-27 15:41:00-0400,770.6019897460938,770.6790161132812,770.52001953125,770.5800170898438,75233
2026-08-27 15:42:00-0400,770.4949951171875,770.6400146484375,770.47998046875,770.6199951171875,79233
2026-08-27 15:43:00-0400,770.5700073242188,770.5999755859375,770.3900146484375,770.489990234375,48762
2026-08-27 15:44:00-0400,770.6500244140625,770.6500244140625,770.5499877929688,770.5889892578125,186221
2026-08-27 15:45:00-0400,770.6900024414062,770.7100219726562,770.5599975585938,770.6400146484375,84109
2026-08-27 15:46:00-0400,770.6799926757812,770.8099975585938,770.6599731445312,770.6900024414062,83311
2026-08-27 15:47:00-0400,770.6901245117188,770.7899780273438,770.6599731445312,770.6799926757812,82604
2026-08-27 15:48:00-0400,770.8200073242188,770.8200073242188,770.6099853515625,770.6900024414062,102033
2026-08-27 15:49:00-0400,770.7899780273438,770.8800048828125,770.75,770.7899780273438,220629
2026-08-27 15:50:00-0400,770.5549926757812,770.7899780273438,770.4299926757812,770.7899780273438,144924
2026-08-27 15:51:00-0400,770.530029296875,770.6500244140625,770.4000244140625,770.5599975585938,140237
2026-08-27 15:52:00-0400,770.9500122070312,770.969970703125,770.5399780273438,770.5399780273438,127282
2026-08-27 15:53:00-0400,771.02001953125,771.0650024414062,770.8699951171875,770.9450073242188,166730
2026-08-27 15:54:00-0400,771.2150268554688,771.3300170898438,770.9299926757812,771.02001953125,194751
2026-08-27 15:55:00-0400,771.0,771.219970703125,771.0,771.219970703125,244185
2026-08-27 15:56:00-0400,771.0,771.0900268554688,770.9299926757812,771.0,337180
2026-08-27 15:57:00-0400,770.9500122070312,771.1599731445312,770.9299926757812,771.010009765625,547227
2026-08-27 15:58:00-0400,771.02001953125,771.22998046875,770.9450073242188,770.9450073242188,558439
2026-08-27 15:59:00-0400,771.0399780273438,771.3599853515625,770.9199829101562,771.030029296875,1394195
2026-08-28 09:30:00-0400,771.9000244140625,772.0900268554688,771.469970703125,771.760009765625,895035
2026-08-28 09:31:00-0400,771.7050170898438,772.0,771.6500244140625,771.8599853515625,114637
2026-08-28 09:32:00-0400,771.8250122070312,771.9299926757812,771.5800170898438,771.7100219726562,82634
2026-08-28 09:33:00-0400,771.739990234375,771.8599853515625,771.5349731445312,771.8300170898438,46675
2026-08-28 09:34:00-0400,772.0,772.02001953125,771.6900024414062,771.719970703125,46719
2026-08-28 09:35:00-0400,771.9000244140625,772.0999755859375,771.72998046875,772.0250244140625,60400
2026-08-28 09:36:00-0400,772.1199951171875,772.2000122070312,771.885009765625,771.8900146484375,126403
2026-08-28 09:37:00-0400,772.1165161132812,772.4400024414062,772.1099853515625,772.1300048828125,104849
2026-08-28 09:38:00-0400,772.0800170898438,772.22998046875,772.0499877929688,772.1199951171875,31585
2026-08-28 09:39:00-0400,772.239990234375,772.3200073242188,772.0499877929688,772.0700073242188,36092
2026-08-28 09:40:00-0400,772.6599731445312,772.6699829101562,772.1599731445312,772.260009765625,86506
2026-08-28 09:41:00-0400,772.8200073242188,772.8200073242188,772.6300048828125,772.669921875,89524
2026-08-28 09:42:00-0400,772.7000122070312,772.8400268554688,772.5499877929688,772.8400268554688,30711
2026-08-28 09:43:00-0400,772.6799926757812,772.7100219726562,772.5999755859375,772.6900024414062,23360
2026-08-28 09:44:00-0400,772.5800170898438,772.7000122070312,772.469970703125,772.6849975585938,53464
2026-08-28 09:45:00-0400,772.3599853515625,772.6400146484375,772.219970703125,772.5800170898438,58618
2026-08-28 09:46:00-0400,772.4099731445312,772.4450073242188,772.2999877929688,772.3699951171875,47433
2026-08-28 09:47:00-0400,772.5595092773438,772.5599975585938,772.1699829101562,772.4199829101562,68385
2026-08-28 09:48:00-0400,772.7498779296875,772.8699951171875,772.5449829101562,772.5449829101562,53441
2026-08-28 09:49:00-0400,772.1400146484375,772.8099975585938,771.989990234375,772.75,139326
2026-08-28 09:50:00-0400,771.8800048828125,772.1900024414062,771.875,772.1900024414062,64024
2026-08-28 09:51:00-0400,771.780029296875,771.9400024414062,771.6699829101562,771.8900146484375,42438
2026-08-28 09:52:00-0400,771.875,771.989990234375,771.760009765625,771.8099975585938,28734
2026-08-28 09:53:00-0400,771.9000244140625,771.9675903320312,771.75,771.8900146484375,186106
2026-08-28 09:54:00-0400,771.719970703125,772.02001953125,771.719970703125,771.9000244140625,44908
2026-08-28 09:55:00-0400,771.760009765625,771.8699951171875,771.6799926757812,771.72998046875,66008
2026-08-28 09:56:00-0400,772.0399780273438,772.1199951171875,771.72998046875,771.739990234375,45617
2026-08-28 09:57:00-0400,772.0800170898438,772.1300048828125,771.9299926757812,772.0349731445312,43109
2026-08-28 09:58:00-0400,772.1099853515625,772.135009765625,771.969970703125,772.0800170898438,80674
2026-08-28 09:59:00-0400,771.780029296875,772.3699951171875,771.6300048828125,772.0900268554688,90984
2026-08-28 10:00:00-0400,772.7899780273438,773.1300048828125,771.27001953125,771.7899780273438,201304
2026-08-28 10:01:00-0400,772.0150146484375,772.875,771.9400024414062,772.8200073242188,170739
2026-08-28 10:02:00-0400,772.1599731445312,772.3400268554688,771.6400146484375,772.0499877929688,243345
2026-08-28 10:03:00-0400,771.4600219726562,772.2100219726562,771.4500122070312,772.1300048828125,109319
2026-08-28 10:04:00-0400,771.7482299804688,771.7999877929688,771.25,771.4500122070312,205418
2026-08-28 10:05:00-0400,771.0800170898438,771.7949829101562,771.0800170898438,771.7380981445312,138161
2026-08-28 10:06:00-0400,770.9550170898438,771.2000122070312,770.6400146484375,771.0900268554688,158101
2026-08-28 10:07:00-0400,770.8900146484375,771.0499877929688,770.6199951171875,770.9500122070312,202391
2026-08-28 10:08:00-0400,771.3599853515625,771.3599853515625,770.6199951171875,770.8699951171875,158312
2026-08-28 10:09:00-0400,771.0,771.5449829101562,771.0,771.3499755859375,78412
2026-08-28 10:10:00-0400,770.6599731445312,771.0999755859375,770.6500244140625,770.989990234375,106442
2026-08-28 10:11:00-0400,770.5800170898438,770.8300170898438,770.3400268554688,770.6900024414062,141611
2026-08-28 10:12:00-0400,770.6099853515625,770.6599731445312,770.2999877929688,770.5800170898438,108303
2026-08-28 10:13:00-0400,770.0050048828125,770.5999755859375,769.77001953125,770.5999755859375,140331
2026-08-28 10:14:00-0400,770.280029296875,770.3499755859375,769.9000244140625,770.010009765625,195511
2026-08-28 10:15:00-0400,770.4299926757812,770.5499877929688,770.1199951171875,770.239990234375,102407
2026-08-28 10:16:00-0400,770.6552124023438,770.719970703125,770.260009765625,770.4500122070312,136109
2026-08-28 10:17:00-0400,771.1300048828125,771.1500854492188,770.6099853515625,770.6599731445312,260168
2026-08-28 10:18:00-0400,771.3300170898438,771.4600219726562,771.0900268554688,771.1500244140625,106398
2026-08-28 10:19:00-0400,771.4299926757812,771.739990234375,771.2899780273438,771.3499755859375,120089
2026-08-28 10:20:00-0400,771.6099853515625,771.9199829101562,771.3900146484375,771.4099731445312,116060
2026-08-28 10:21:00-0400,771.8599853515625,772.0,771.6300048828125,771.6300048828125,55236
2026-08-28 10:22:00-0400,772.114990234375,772.22998046875,771.75,771.8900146484375,74999
2026-08-28 10:23:00-0400,771.5549926757812,772.1350708007812,771.4400024414062,772.1199951171875,116850
2026-08-28 10:24:00-0400,771.5800170898438,771.5850219726562,770.97998046875,771.5601196289062,137532
2026-08-28 10:25:00-0400,771.22998046875,771.6900024414062,771.22998046875,771.5900268554688,90806
2026-08-28 10:26:00-0400,771.3150024414062,771.3400268554688,770.8900146484375,771.2100219726562,148960
2026-08-28 10:27:00-0400,770.6400146484375,771.3499755859375,770.5900268554688,771.3300170898438,89606
2026-08-28 10:28:00-0400,770.8699951171875,771.0499877929688,770.6400146484375,770.6599731445312,95951
2026-08-28 10:29:00-0400,771.2999877929688,771.2999877929688,770.780029296875,770.9000244140625,73415
2026-08-28 10:30:00-0400,771.0999755859375,771.4400024414062,771.010009765625,771.2999877929688,98154
2026-08-28 10:31:00-0400,771.2999877929688,771.5,770.9000244140625,771.1199951171875,54977
2026-08-28 10:32:00-0400,771.4299926757812,771.5900268554688,771.1500244140625,771.280029296875,70128
2026-08-28 10:33:00-0400,771.8900146484375,771.905029296875,771.3300170898438,771.4400024414062,86620
2026-08-28 10:34:00-0400,772.1400146484375,772.1599731445312,771.89501953125,771.89501953125,62018
2026-08-28 10:35:00-0400,772.2420043945312,772.2420043945312,772.0,772.14501953125,63822
2026-08-28 10:36:00-0400,772.27001953125,772.4500122070312,772.094970703125,772.239990234375,83963
2026-08-28 10:37:00-0400,772.3699951171875,772.489990234375,772.22998046875,772.2899780273438,52308
2026-08-28 10:38:00-0400,772.5900268554688,772.719970703125,772.3400268554688,772.3900146484375,70903
2026-08-28 10:39:00-0400,772.3300170898438,772.6199951171875,772.3200073242188,772.5999755859375,53351
2026-08-28 10:40:00-0400,772.8109741210938,772.8300170898438,772.2999877929688,772.3300170898438,66959
2026-08-28 10:41:00-0400,772.6400146484375,772.8800048828125,772.6400146484375,772.8099975585938,75263
2026-08-28 10:42:00-0400,772.9299926757812,773.0,772.489990234375,772.7000122070312,52021
2026-08-28 10:43:00-0400,773.0800170898438,773.1099853515625,772.8599853515625,772.9299926757812,55428
2026-08-28 10:44:00-0400,773.3900146484375,773.5599975585938,773.0900268554688,773.0900268554688,125158
2026-08-28 10:45:00-0400,773.2100219726562,773.5700073242188,773.2100219726562,773.4299926757812,115044
2026-08-28 10:46:00-0400,773.489990234375,773.6400146484375,773.2000122070312,773.2100219726562,162887
2026-08-28 10:47:00-0400,773.5,773.72998046875,773.4299926757812,773.52001953125,123694
2026-08-28 10:48:00-0400,773.6500244140625,773.7999877929688,773.47998046875,773.5299072265625,100571
2026-08-28 10:49:00-0400,773.85498046875,773.8599853515625,773.6300048828125,773.6599731445312,47015
2026-08-28 10:50:00-0400,774.0399780273438,774.1699829101562,773.780029296875,773.8599853515625,95923
2026-08-28 10:51:00-0400,773.989990234375,774.0800170898438,773.7999877929688,774.030029296875,110550
2026-08-28 10:52:00-0400,774.219970703125,774.219970703125,773.97998046875,773.9901123046875,158590
2026-08-28 10:53:00-0400,774.52001953125,774.5599975585938,774.0900268554688,774.22998046875,112105
2026-08-28 10:54:00-0400,774.5399780273438,774.7000122070312,774.530029296875,774.540771484375,101769
2026-08-28 10:55:00-0400,774.6900024414062,774.72998046875,774.4600219726562,774.5349731445312,140466
2026-08-28 10:56:00-0400,774.72998046875,774.8300170898438,774.5999755859375,774.6900024414062,90934
2026-08-28 10:57:00-0400,774.8200073242188,774.8900146484375,774.7000122070312,774.7490234375,80020
2026-08-28 10:58:00-0400,774.8900146484375,774.9099731445312,774.77001953125,774.8150024414062,78416
2026-08-28 10:59:00-0400,774.9600830078125,775.0399780273438,774.8099975585938,774.885009765625,254775
2026-08-28 11:00:00-0400,775.219970703125,775.280029296875,774.8699951171875,774.97998046875,159276
2026-08-28 11:01:00-0400,775.0601196289062,775.2999877929688,775.0499877929688,775.22998046875,88192
2026-08-28 11:02:00-0400,775.0,775.1400146484375,774.8699951171875,775.0599975585938,79140
2026-08-28 11:03:00-0400,774.9500122070312,775.030029296875,774.760009765625,775.0,103179
2026-08-28 11:04:00-0400,774.9099731445312,775.1094970703125,774.7999877929688,774.9600219726562,116160
2026-08-28 11:05:00-0400,774.8800048828125,775.0399780273438,774.739990234375,774.9000244140625,103773
2026-08-28 11:06:00-0400,774.780029296875,774.97998046875,774.760009765625,774.8800048828125,65458
2026-08-28 11:07:00-0400,774.8200073242188,774.8599853515625,774.60009765625,774.7999877929688,122165
2026-08-28 11:08:00-0400,774.3699951171875,774.8099975585938,774.3400268554688,774.7938232421875,120998
2026-08-28 11:09:00-0400,774.239990234375,774.4000244140625,774.1024780273438,774.3699951171875,93396
2026-08-28 11:10:00-0400,774.260009765625,774.4000854492188,774.2100219726562,774.239990234375,55139
2026-08-28 11:11:00-0400,774.1799926757812,774.260009765625,774.010009765625,774.260009765625,88809
2026-08-28 11:12:00-0400,774.1099853515625,774.1799926757812,773.8200073242188,774.1699829101562,67191
2026-08-28 11:13:00-0400,774.219970703125,774.25,773.9600219726562,774.10498046875,62820
2026-08-28 11:14:00-0400,774.1950073242188,774.4400024414062,774.0900268554688,774.2100219726562,90494
2026-08-28 11:15:00-0400,774.4089965820312,774.6223754882812,774.1900024414062,774.1900024414062,53785
2026-08-28 11:16:00-0400,774.4600219726562,774.6699829101562,774.3699951171875,774.4000244140625,39060
2026-08-28 11:17:00-0400,774.52001953125,774.5399780273438,774.3250122070312,774.4650268554688,54211
2026-08-28 11:18:00-0400,774.27001953125,774.5695190429688,774.2550048828125,774.52001953125,34388
2026-08-28 11:19:00-0400,774.2999877929688,774.4500122070312,774.25,774.27001953125,39792
2026-08-28 11:20:00-0400,774.7999267578125,774.7999267578125,774.3049926757812,774.3099975585938,37053
2026-08-28 11:21:00-0400,774.4749755859375,774.780029296875,774.3400268554688,774.77001953125,39172
2026-08-28 11:22:00-0400,774.4400024414062,774.510009765625,774.3300170898438,774.47998046875,30405
2026-08-28 11:23:00-0400,774.8099975585938,774.8400268554688,774.469970703125,774.469970703125,70089
2026-08-28 11:24:00-0400,774.8250122070312,774.9000244140625,774.77001953125,774.8300170898438,40814
2026-08-28 11:25:00-0400,775.0419921875,775.0599975585938,774.77001953125,774.8200073242188,115425
2026-08-28 11:26:00-0400,775.0399780273438,775.219970703125,774.989990234375,775.0599975585938,69936
2026-08-28 11:27:00-0400,774.9400024414062,775.0549926757812,774.8350219726562,775.0499877929688,51888
2026-08-28 11:28:00-0400,775.02001953125,775.030029296875,774.7318725585938,774.9210815429688,75427
2026-08-28 11:29:00-0400,774.9500122070312,775.010009765625,774.7999877929688,775.010009765625,75665
2026-08-28 11:30:00-0400,774.8099975585938,775.0,774.7999877929688,774.969970703125,52824
2026-08-28 11:31:00-0400,774.7050170898438,774.8350219726562,774.6300048828125,774.8099975585938,65535
2026-08-28 11:32:00-0400,774.7899780273438,774.8300170898438,774.6699829101562,774.6900024414062,40919
2026-08-28 11:33:00-0400,774.7899780273438,774.9000244140625,774.72998046875,774.7899780273438,30202
2026-08-28 11:34:00-0400,774.4600219726562,774.8200073242188,774.4500122070312,774.7899780273438,47275
2026-08-28 11:35:00-0400,774.489990234375,774.6099853515625,774.4299926757812,774.4600219726562,43168
2026-08-28 11:36:00-0400,774.4000244140625,774.5900268554688,774.3400268554688,774.489990234375,41155
2026-08-28 11:37:00-0400,774.2100219726562,774.4094848632812,774.2000122070312,774.405029296875,31907
2026-08-28 11:38:00-0400,773.8499755859375,774.1900024414062,773.8499755859375,774.1900024414062,103605
2026-08-28 11:39:00-0400,773.6500244140625,773.8800048828125,773.5700073242188,773.8400268554688,67128
2026-08-28 11:40:00-0400,772.8699951171875,773.6599731445312,772.8599853515625,773.6599731445312,136320
2026-08-28 11:41:00-0400,773.239990234375,773.27001953125,772.6699829101562,772.8900146484375,168915
2026-08-28 11:42:00-0400,772.969970703125,773.4000244140625,772.9299926757812,773.2100219726562,165847
2026-08-28 11:43:00-0400,773.0900268554688,773.219970703125,772.8400268554688,772.969970703125,85526
2026-08-28 11:44:00-0400,772.8200073242188,773.1400146484375,772.7000122070312,773.1300048828125,108848
2026-08-28 11:45:00-0400,772.9099731445312,773.030029296875,772.6300048828125,772.8200073242188,104950
2026-08-28 11:46:00-0400,772.7899169921875,772.9500122070312,772.6699829101562,772.88623046875,51391
2026-08-28 11:47:00-0400,772.52001953125,772.9600219726562,772.47998046875,772.780029296875,74797
2026-08-28 11:48:00-0400,772.4299926757812,772.5499877929688,772.2100219726562,772.52001953125,112446
2026-08-28 11:49:00-0400,772.2899780273438,772.4299926757812,772.1699829101562,772.4199829101562,118220
2026-08-28 11:50:00-0400,772.1599731445312,772.489990234375,772.1400146484375,772.2899780273438,93268
2026-08-28 11:51:00-0400,771.760009765625,772.280029296875,771.760009765625,772.1599731445312,111961
2026-08-28 11:52:00-0400,771.5599975585938,771.7999877929688,771.469970703125,771.760009765625,106338
2026-08-28 11:53:00-0400,771.655029296875,771.9500122070312,771.5,771.5444946289062,92147
2026-08-28 11:54:00-0400,772.0999145507812,772.1300048828125,771.5,771.635009765625,72640
2026-08-28 11:55:00-0400,771.5499877929688,772.1300048828125,771.5499877929688,772.0999755859375,62932
2026-08-28 11:56:00-0400,771.0599975585938,771.5900268554688,770.97998046875,771.5399780273438,93465
2026-08-28 11:57:00-0400,771.010009765625,771.1300048828125,770.8300170898438,771.0499877929688,104224
2026-08-28 11:58:00-0400,771.2100219726562,771.2899780273438,770.9299926757812,770.989990234375,95504
2026-08-28 11:59:00-0400,771.0700073242188,771.2000122070312,770.9400024414062,771.2000122070312,80317
2026-08-28 12:00:00-0400,770.9600219726562,771.22998046875,770.9600219726562,771.0850219726562,143600
2026-08-28 12:01:00-0400,770.75,770.9699096679688,770.4600219726562,770.9600219726562,165359
2026-08-28 12:02:00-0400,771.0150146484375,771.02001953125,770.6400146484375,770.760009765625,91657
2026-08-28 12:03:00-0400,771.10498046875,771.219970703125,770.9199829101562,771.02001953125,108409
2026-08-28 12:04:00-0400,770.8099975585938,771.22998046875,770.7150268554688,771.0999755859375,72184
2026-08-28 12:05:00-0400,771.10498046875,771.1300048828125,770.75,770.8049926757812,53926
2026-08-28 12:06:00-0400,771.1500244140625,771.25,770.8099975585938,771.10498046875,114426
2026-08-28 12:07:00-0400,771.469970703125,771.5,771.1400146484375,771.14501953125,130474
2026-08-28 12:08:00-0400,771.4450073242188,771.47998046875,771.22998046875,771.4500122070312,90533
2026-08-28 12:09:00-0400,771.5587768554688,771.6500244140625,771.4099731445312,771.4349975585938,67220
2026-08-28 12:10:00-0400,771.5800170898438,771.5900268554688,771.3499755859375,771.5413818359375,53284
2026-08-28 12:11:00-0400,771.1099853515625,771.5900268554688,771.1099853515625,771.5700073242188,87521
2026-08-28 12:12:00-0400,771.1599731445312,771.260009765625,771.0499877929688,771.1099853515625,58079
2026-08-28 12:13:00-0400,771.1500244140625,771.219970703125,770.989990234375,771.1799926757812,78839
2026-08-28 12:14:00-0400,770.97998046875,771.22998046875,770.9500122070312,771.1099853515625,57514
2026-08-28 12:15:00-0400,770.5900268554688,771.22998046875,770.5701293945312,770.989990234375,50946
2026-08-28 12:16:00-0400,770.5,770.5900268554688,770.3599853515625,770.5700073242188,70329
2026-08-28 12:17:00-0400,770.3900146484375,770.5800170898438,770.31201171875,770.5050048828125,57144
2026-08-28 12:18:00-0400,769.8900146484375,770.4199829101562,769.7550048828125,770.3900146484375,120161
2026-08-28 12:19:00-0400,770.1799926757812,770.2899780273438,769.8599853515625,769.8699951171875,71139
2026-08-28 12:20:00-0400,769.9000244140625,770.3599853515625,769.8400268554688,770.1799926757812,106139
2026-08-28 12:21:00-0400,769.97998046875,770.010009765625,769.5800170898438,769.9000244140625,69857
2026-08-28 12:22:00-0400,769.72998046875,769.97998046875,769.6099853515625,769.97998046875,68643
2026-08-28 12:23:00-0400,769.7100219726562,769.7999877929688,769.5900268554688,769.739990234375,103390
2026-08-28 12:24:00-0400,769.5,769.739990234375,769.1400146484375,769.7000122070312,108228
2026-08-28 12:25:00-0400,769.6199951171875,769.6300048828125,769.3101196289062,769.469970703125,62619
2026-08-28 12:26:00-0400,769.614990234375,769.8300170898438,769.47998046875,769.6199951171875,41541
2026-08-28 12:27:00-0400,769.760009765625,769.780029296875,769.530029296875,769.6300048828125,47563
2026-08-28 12:28:00-0400,769.5900268554688,769.8800048828125,769.5700073242188,769.77001953125,68145
2026-08-28 12:29:00-0400,769.5999755859375,769.7100219726562,769.5050048828125,769.5700073242188,41750
2026-08-28 12:30:00-0400,770.023681640625,770.0599975585938,769.5750122070312,769.5999755859375,120725
2026-08-28 12:31:00-0400,770.1500244140625,770.219970703125,769.8900146484375,770.0303955078125,56221
2026-08-28 12:32:00-0400,770.4000244140625,770.52001953125,770.0399780273438,770.1500244140625,51702
2026-08-28 12:33:00-0400,770.1701049804688,770.4600219726562,770.0499877929688,770.407470703125,47358
2026-08-28 12:34:00-0400,769.6400146484375,770.1799926757812,769.6300048828125,770.1699829101562,48741
2026-08-28 12:35:00-0400,770.2150268554688,770.239990234375,769.6400146484375,769.6450805664062,65454
2026-08-28 12:36:00-0400,770.3099975585938,770.47998046875,770.1500244140625,770.2100219726562,59224
2026-08-28 12:37:00-0400,770.510009765625,770.5900268554688,770.2100219726562,770.3599853515625,44056
2026-08-28 12:38:00-0400,770.489990234375,770.6199951171875,770.39990234375,770.52001953125,41525
2026-08-28 12:39:00-0400,770.3400268554688,770.489990234375,770.0800170898438,770.4749755859375,41903
2026-08-28 12:40:00-0400,769.89501953125,770.3599853515625,769.780029296875,770.3300170898438,60584
2026-08-28 12:41:00-0400,769.780029296875,770.0,769.7005004882812,769.8800048828125,35944
2026-08-28 12:42:00-0400,769.780029296875,769.969970703125,769.6799926757812,769.7589721679688,40193
2026-08-28 12:43:00-0400,769.6799926757812,769.780029296875,769.5599975585938,769.77001953125,35321
2026-08-28 12:44:00-0400,769.6699829101562,769.6749877929688,769.5399780273438,769.6500244140625,29916
2026-08-28 12:45:00-0400,770.3699951171875,770.3699951171875,769.6500244140625,769.6799926757812,564795
2026-08-28 12:46:00-0400,770.3400268554688,770.530029296875,770.2899780273438,770.3856811523438,52250
2026-08-28 12:47:00-0400,770.4000244140625,770.5399780273438,770.27001953125,770.3400268554688,44130
2026-08-28 12:48:00-0400,770.4849853515625,770.5599975585938,770.2999877929688,770.3900146484375,26756
2026-08-28 12:49:00-0400,770.4199829101562,770.60498046875,770.2520141601562,770.4990234375,47872
2026-08-28 12:50:00-0400,770.25,770.4500122070312,770.1300048828125,770.4099731445312,88385
2026-08-28 12:51:00-0400,770.469970703125,770.5399780273438,770.1900024414062,770.25,31192
2026-08-28 12:52:00-0400,770.6900024414062,770.7000122070312,770.3900146484375,770.489990234375,31381
2026-08-28 12:53:00-0400,770.2100219726562,770.6799926757812,770.2000122070312,770.6799926757812,30229
2026-08-28 12:54:00-0400,769.9400024414062,770.4299926757812,769.8300170898438,770.2000122070312,56407
2026-08-28 12:55:00-0400,770.0,770.0599975585938,769.8900146484375,769.9299926757812,31703
2026-08-28 12:56:00-0400,769.8400268554688,770.0,769.72998046875,769.989990234375,36900
2026-08-28 12:57:00-0400,770.0399780273438,770.0399780273438,769.780029296875,769.8200073242188,121341
2026-08-28 12:58:00-0400,769.9099731445312,770.0999755859375,769.8800048828125,770.0399780273438,76784
2026-08-28 12:59:00-0400,769.6900024414062,769.968994140625,769.6799926757812,769.9099731445312,29753
2026-08-28 13:00:00-0400,768.9000244140625,769.7100219726562,768.8400268554688,769.6799926757812,95873
2026-08-28 13:01:00-0400,768.8200073242188,769.0,768.77001953125,768.9299926757812,66353
2026-08-28 13:02:00-0400,769.030029296875,769.0997924804688,768.6599731445312,768.8099975585938,77138
2026-08-28 13:03:00-0400,769.2098999023438,769.2109985351562,768.9199829101562,769.030029296875,81946
2026-08-28 13:04:00-0400,768.9949951171875,769.4500122070312,768.989990234375,769.2100219726562,60333
2026-08-28 13:05:00-0400,768.8699951171875,769.010009765625,768.8049926757812,769.0,50864
2026-08-28 13:06:00-0400,768.5900268554688,768.9000244140625,768.5499877929688,768.864990234375,68061
2026-08-28 13:07:00-0400,768.6699829101562,768.760009765625,768.4719848632812,768.5900268554688,75498
2026-08-28 13:08:00-0400,768.8200073242188,768.8300170898438,768.6199951171875,768.6699829101562,49869
2026-08-28 13:09:00-0400,768.489990234375,768.8250122070312,768.469970703125,768.8099975585938,58202
2026-08-28 13:10:00-0400,768.5599975585938,768.5800170898438,768.3076171875,768.47998046875,67510
2026-08-28 13:11:00-0400,768.8099975585938,768.8499755859375,768.5499877929688,768.5700073242188,60630
2026-08-28 13:12:00-0400,769.0,769.1400146484375,768.8300170898438,768.8300170898438,100082
2026-08-28 13:13:00-0400,769.159912109375,769.1599731445312,768.9000244140625,768.989990234375,35242
2026-08-28 13:14:00-0400,769.3499755859375,769.3499755859375,769.0399780273438,769.14501953125,40689
2026-08-28 13:15:00-0400,769.1400146484375,769.4099731445312,768.9600219726562,769.3499755859375,30787
2026-08-28 13:16:00-0400,769.0900268554688,769.1400146484375,768.9400024414062,769.1400146484375,24723
2026-08-28 13:17:00-0400,769.3599853515625,769.3599853515625,768.9550170898438,769.0900268554688,47869
2026-08-28 13:18:00-0400,769.0700073242188,769.3699951171875,769.030029296875,769.3599853515625,50002
2026-08-28 13:19:00-0400,769.1300048828125,769.3350219726562,769.0900268554688,769.0900268554688,119360
2026-08-28 13:20:00-0400,768.9000244140625,769.219970703125,768.9000244140625,769.1300048828125,69193
2026-08-28 13:21:00-0400,768.8800048828125,768.9299926757812,768.7000122070312,768.9099731445312,48743
2026-08-28 13:22:00-0400,768.6199951171875,768.9650268554688,768.5800170898438,768.905029296875,57309
2026-08-28 13:23:00-0400,768.6300048828125,768.97998046875,768.5900268554688,768.6099853515625,44059
2026-08-28 13:24:00-0400,768.9749755859375,768.9749755859375,768.6300048828125,768.6400146484375,28077
2026-08-28 13:25:00-0400,768.8599853515625,769.02001953125,768.77001953125,768.97998046875,21606
2026-08-28 13:26:00-0400,768.8699951171875,769.0,768.8099975585938,768.8599853515625,24870
2026-08-28 13:27:00-0400,768.969970703125,769.0599975585938,768.8400268554688,768.8699951171875,33626
2026-08-28 13:28:00-0400,769.1900024414062,769.3250122070312,768.97998046875,768.97998046875,50327
2026-08-28 13:29:00-0400,768.8200073242188,769.280029296875,768.8099975585938,769.1900024414062,46498
2026-08-28 13:30:00-0400,768.8599853515625,768.9600219726562,768.719970703125,768.8400268554688,42385
2026-08-28 13:31:00-0400,769.0700073242188,769.0700073242188,768.7999877929688,768.8800048828125,37114
2026-08-28 13:32:00-0400,769.27001953125,769.27001953125,768.9600219726562,769.0700073242188,27370
2026-08-28 13:33:00-0400,769.4000244140625,769.4600219726562,769.2479858398438,769.280029296875,24633
2026-08-28 13:34:00-0400,769.3200073242188,769.4600219726562,769.25,769.39501953125,33606
2026-08-28 13:35:00-0400,769.4400024414062,769.489990234375,769.2999877929688,769.3400268554688,32916
2026-08-28 13:36:00-0400,769.4199829101562,769.47998046875,769.3099975585938,769.4199829101562,21010
2026-08-28 13:37:00-0400,769.260009765625,769.5,769.0999755859375,769.4299926757812,47919
2026-08-28 13:38:00-0400,769.1199951171875,769.2899780273438,769.0850219726562,769.2650146484375,56490
2026-08-28 13:39:00-0400,768.6599731445312,769.1400146484375,768.5999755859375,769.1199951171875,75893
2026-08-28 13:40:00-0400,768.8699951171875,768.9600219726562,768.6400146484375,768.6589965820312,61988
2026-08-28 13:41:00-0400,768.9299926757812,768.969970703125,768.8397827148438,768.8900146484375,37639
2026-08-28 13:42:00-0400,769.0698852539062,769.1500244140625,768.8699951171875,768.9400024414062,35497
2026-08-28 13:43:00-0400,769.0,769.1599731445312,768.9099731445312,769.0900268554688,30454
2026-08-28 13:44:00-0400,769.0700073242188,769.0900268554688,768.8599853515625,769.02001953125,21783
2026-08-28 13:45:00-0400,769.1599731445312,769.1900024414062,768.8900146484375,769.0499877929688,25024
2026-08-28 13:46:00-0400,769.4511108398438,769.5399780273438,769.1500244140625,769.1599731445312,37015
2026-08-28 13:47:00-0400,769.2999877929688,769.489990234375,769.2999877929688,769.4500122070312,32451
2026-08-28 13:48:00-0400,769.5399780273438,769.5499877929688,769.2999877929688,769.2999877929688,42944
2026-08-28 13:49:00-0400,769.6599731445312,769.72998046875,769.510009765625,769.544921875,27101
2026-08-28 13:50:00-0400,769.5,769.6599731445312,769.5,769.6599731445312,32065
2026-08-28 13:51:00-0400,769.5650024414062,769.6201171875,769.4249877929688,769.5,32267
2026-08-28 13:52:00-0400,769.5490112304688,769.739990234375,769.5490112304688,769.5650024414062,32455
2026-08-28 13:53:00-0400,769.5599975585938,769.6199951171875,769.52001953125,769.5499877929688,26488
2026-08-28 13:54:00-0400,769.5,769.5999755859375,769.4500122070312,769.5800170898438,22832
2026-08-28 13:55:00-0400,769.1500244140625,769.5,769.0800170898438,769.5,35474
2026-08-28 13:56:00-0400,769.1699829101562,769.2150268554688,769.0900268554688,769.1500244140625,39171
2026-08-28 13:57:00-0400,769.25,769.4000244140625,769.1500244140625,769.1699829101562,24506
2026-08-28 13:58:00-0400,769.469970703125,769.5,769.239990234375,769.24462890625,22010
2026-08-28 13:59:00-0400,769.5399169921875,769.5800170898438,769.4600830078125,769.47998046875,19123
2026-08-28 14:00:00-0400,769.47998046875,769.6699829101562,769.469970703125,769.5599975585938,37111
2026-08-28 14:01:00-0400,769.4749755859375,769.5349731445312,769.3400268554688,769.469970703125,44765
2026-08-28 14:02:00-0400,769.7100219726562,769.75,769.4298706054688,769.489990234375,28812
2026-08-28 14:03:00-0400,769.739990234375,769.75,769.5900268554688,769.7000122070312,42397
2026-08-28 14:04:00-0400,769.52001953125,769.7999877929688,769.510009765625,769.7550048828125,38949
2026-08-28 14:05:00-0400,769.5700073242188,769.75,769.47998046875,769.5,29531
2026-08-28 14:06:00-0400,769.4600219726562,769.6199951171875,769.4199829101562,769.5499877929688,20014
2026-08-28 14:07:00-0400,769.510009765625,769.6799926757812,769.4400024414062,769.469970703125,24908
2026-08-28 14:08:00-0400,769.5800170898438,769.5800170898438,769.3400268554688,769.489990234375,34616
2026-08-28 14:09:00-0400,769.5700073242188,769.6900024414062,769.469970703125,769.5599975585938,44517
2026-08-28 14:10:00-0400,769.7000122070312,769.7000122070312,769.5599975585938,769.5800170898438,34727
2026-08-28 14:11:00-0400,769.7100219726562,769.780029296875,769.5599975585938,769.6900024414062,28331
2026-08-28 14:12:00-0400,769.708984375,769.760009765625,769.6199951171875,769.7000122070312,23195
2026-08-28 14:13:00-0400,769.4949951171875,769.7349853515625,769.4600219726562,769.7100219726562,28707
2026-08-28 14:14:00-0400,769.219970703125,769.5,769.2000122070312,769.47998046875,84003
2026-08-28 14:15:00-0400,769.4400024414062,769.4849853515625,769.2000122070312,769.22998046875,33401
2026-08-28 14:16:00-0400,769.3049926757812,769.5250244140625,769.2999877929688,769.4400024414062,28665
2026-08-28 14:17:00-0400,769.3300170898438,769.3599853515625,769.1400146484375,769.2999877929688,32022
2026-08-28 14:18:00-0400,769.4199829101562,769.5299072265625,769.3200073242188,769.3300170898438,32236
2026-08-28 14:19:00-0400,769.4149780273438,769.469970703125,769.3800048828125,769.4299926757812,20464
2026-08-28 14:20:00-0400,769.4099731445312,769.5700073242188,769.3699951171875,769.4099731445312,21402
2026-08-28 14:21:00-0400,769.489990234375,769.530029296875,769.3599853515625,769.4099731445312,26456
2026-08-28 14:22:00-0400,769.3599853515625,769.5050048828125,769.3300170898438,769.489990234375,20946
2026-08-28 14:23:00-0400,768.989990234375,769.3599853515625,768.9299926757812,769.3599853515625,61042
2026-08-28 14:24:00-0400,769.0700073242188,769.1500244140625,769.0,769.0,61430
2026-08-28 14:25:00-0400,769.0399780273438,769.1099853515625,768.8900146484375,769.0599975585938,40090
2026-08-28 14:26:00-0400,769.1701049804688,769.2000122070312,768.989990234375,769.0499877929688,32146
2026-08-28 14:27:00-0400,769.1950073242188,769.3300170898438,769.1500244140625,769.1900024414062,27772
2026-08-28 14:28:00-0400,769.25,769.27001953125,769.1099853515625,769.1900024414062,26922
2026-08-28 14:29:00-0400,769.0599975585938,769.2849731445312,769.0399780273438,769.2449951171875,30632
2026-08-28 14:30:00-0400,769.030029296875,769.1699829101562,769.0050048828125,769.0499877929688,52009
2026-08-28 14:31:00-0400,769.2100219726562,769.2750244140625,769.0,769.010009765625,36332
2026-08-28 14:32:00-0400,769.0700073242188,769.25,769.0700073242188,769.219970703125,25051
2026-08-28 14:33:00-0400,769.1900024414062,769.1900024414062,769.0399780273438,769.0700073242188,27795
2026-08-28 14:34:00-0400,769.3699951171875,769.47998046875,769.1649780273438,769.1900024414062,37208
2026-08-28 14:35:00-0400,769.4199829101562,769.5800170898438,769.3400268554688,769.3800048828125,31935
2026-08-28 14:36:00-0400,769.3099975585938,769.4600219726562,769.260009765625,769.4000244140625,156448
2026-08-28 14:37:00-0400,769.2100219726562,769.3599853515625,769.1900024414062,769.2999877929688,32608
2026-08-28 14:38:00-0400,769.2100219726562,769.219970703125,769.0599975585938,769.2000122070312,31319
2026-08-28 14:39:00-0400,769.1099853515625,769.239990234375,769.1099853515625,769.1900024414062,40768
2026-08-28 14:40:00-0400,769.3800048828125,769.3900146484375,769.1099853515625,769.1099853515625,39067
2026-08-28 14:41:00-0400,769.219970703125,769.3900146484375,769.2000122070312,769.3900146484375,41919
2026-08-28 14:42:00-0400,769.0999755859375,769.239990234375,769.0399780273438,769.239990234375,44715
2026-08-28 14:43:00-0400,769.1099853515625,769.1500244140625,769.030029296875,769.1099853515625,66073
2026-08-28 14:44:00-0400,769.3150024414062,769.3200073242188,769.0999755859375,769.0999755859375,25653
2026-08-28 14:45:00-0400,769.1799926757812,769.3049926757812,769.1300048828125,769.27001953125,22054
2026-08-28 14:46:00-0400,769.0499877929688,769.2000122070312,769.02001953125,769.1749877929688,26080
2026-08-28 14:47:00-0400,769.0999755859375,769.1400146484375,769.010009765625,769.0499877929688,21414
2026-08-28 14:48:00-0400,768.7999877929688,769.0900268554688,768.780029296875,769.0499877929688,32608
2026-08-28 14:49:00-0400,768.77001953125,768.8800048828125,768.719970703125,768.7999877929688,36408
2026-08-28 14:50:00-0400,768.4600219726562,768.760009765625,768.4199829101562,768.760009765625,68740
2026-08-28 14:51:00-0400,768.5,768.5700073242188,768.3699951171875,768.4600219726562,102829
2026-08-28 14:52:00-0400,768.3800048828125,768.5399780273438,768.3099975585938,768.510009765625,43978
2026-08-28 14:53:00-0400,768.6699829101562,768.6699829101562,768.3099975585938,768.3900146484375,60494
2026-08-28 14:54:00-0400,768.5599975585938,768.6699829101562,768.530029296875,768.6599731445312,31437
2026-08-28 14:55:00-0400,768.52001953125,768.5399780273438,768.3699951171875,768.52001953125,50259
2026-08-28 14:56:00-0400,768.6859741210938,768.7000122070312,768.489990234375,768.5399780273438,42742
2026-08-28 14:57:00-0400,768.6799926757812,768.719970703125,768.6099853515625,768.6900024414062,40595
2026-08-28 14:58:00-0400,768.760009765625,768.760009765625,768.5700073242188,768.6900024414062,39593
2026-08-28 14:59:00-0400,768.6799926757812,768.7899780273438,768.6599731445312,768.77001953125,34273
2026-08-28 15:00:00-0400,768.4801025390625,768.780029296875,768.469970703125,768.6799926757812,46304
2026-08-28 15:01:00-0400,768.9099731445312,768.9099731445312,768.489990234375,768.5,41313
2026-08-28 15:02:00-0400,768.780029296875,768.9199829101562,768.6900024414062,768.8900146484375,29771
2026-08-28 15:03:00-0400,768.8599853515625,768.9000244140625,768.719970703125,768.77001953125,33949
2026-08-28 15:04:00-0400,768.7999877929688,768.9500122070312,768.7550048828125,768.8400268554688,25885
2026-08-28 15:05:00-0400,768.9600219726562,769.030029296875,768.7100830078125,768.7899780273438,69508
2026-08-28 15:06:00-0400,768.780029296875,769.0,768.77001953125,768.9500122070312,34261
2026-08-28 15:07:00-0400,768.9993286132812,769.0,768.77001953125,768.77001953125,35931
2026-08-28 15:08:00-0400,769.0599975585938,769.1699829101562,768.9249877929688,769.0,51470
2026-08-28 15:09:00-0400,769.3499755859375,769.3699951171875,769.030029296875,769.0700073242188,172983
2026-08-28 15:10:00-0400,769.1901245117188,769.3800048828125,769.0399780273438,769.3400268554688,58268
2026-08-28 15:11:00-0400,769.1400146484375,769.2830200195312,769.1199951171875,769.2050170898438,208327
2026-08-28 15:12:00-0400,769.1699829101562,769.260009765625,769.0999755859375,769.1400146484375,30223
2026-08-28 15:13:00-0400,769.0999755859375,769.1599731445312,769.0499877929688,769.1599731445312,35957
2026-08-28 15:14:00-0400,769.236328125,769.2564086914062,768.989990234375,769.10498046875,41072
2026-08-28 15:15:00-0400,769.1649780273438,769.2650146484375,769.1099853515625,769.219970703125,159859
2026-08-28 15:16:00-0400,769.0900268554688,769.2100219726562,769.0900268554688,769.1599731445312,37270
2026-08-28 15:17:00-0400,769.0700073242188,769.1199951171875,769.010009765625,769.1099243164062,28813
2026-08-28 15:18:00-0400,769.0700073242188,769.1300048828125,768.9967041015625,769.0800170898438,30140
2026-08-28 15:19:00-0400,769.2100219726562,769.280029296875,769.030029296875,769.0700073242188,42432
2026-08-28 15:20:00-0400,769.3900146484375,769.4199829101562,769.2000122070312,769.219970703125,180506
2026-08-28 15:21:00-0400,769.3699951171875,769.52001953125,769.280029296875,769.4099731445312,122382
2026-08-28 15:22:00-0400,769.3800048828125,769.469970703125,769.3699951171875,769.3800048828125,77348
2026-08-28 15:23:00-0400,769.1849975585938,769.4099731445312,769.1799926757812,769.3800048828125,72185
2026-08-28 15:24:00-0400,769.3200073242188,769.3499755859375,769.1500244140625,769.1804809570312,42650
2026-08-28 15:25:00-0400,769.469970703125,769.47998046875,769.2899780273438,769.3099975585938,52158
2026-08-28 15:26:00-0400,769.510009765625,769.510009765625,769.3900146484375,769.469970703125,35802
2026-08-28 15:27:00-0400,769.5700073242188,769.5900268554688,769.45947265625,769.5020141601562,49014
2026-08-28 15:28:00-0400,769.4400024414062,769.5800170898438,769.4299926757812,769.5800170898438,83154
2026-08-28 15:29:00-0400,769.5150146484375,769.52001953125,769.3800048828125,769.4400024414062,40436
2026-08-28 15:30:00-0400,769.3599853515625,769.5100708007812,769.1799926757812,769.510009765625,64936
2026-08-28 15:31:00-0400,769.3200073242188,769.4299926757812,769.3099975585938,769.3499755859375,57574
2026-08-28 15:32:00-0400,769.4199829101562,769.4600219726562,769.280029296875,769.344970703125,58201
2026-08-28 15:33:00-0400,769.3900146484375,769.469970703125,769.280029296875,769.4199829101562,124109
2026-08-28 15:34:00-0400,769.4000244140625,769.4299926757812,769.2999877929688,769.4000244140625,90895
2026-08-28 15:35:00-0400,769.260009765625,769.4000244140625,769.2098999023438,769.4000244140625,77844
2026-08-28 15:36:00-0400,769.2550048828125,769.3300170898438,769.1300048828125,769.27001953125,82455
2026-08-28 15:37:00-0400,769.280029296875,769.3099975585938,769.2000122070312,769.2550048828125,79323
2026-08-28 15:38:00-0400,769.3900146484375,769.4400024414062,769.239990234375,769.25,55083
2026-08-28 15:39:00-0400,769.5449829101562,769.5750122070312,769.3499755859375,769.3800048828125,95233
2026-08-28 15:40:00-0400,769.6201171875,769.780029296875,769.530029296875,769.5499877929688,79588
2026-08-28 15:41:00-0400,769.655029296875,769.7100219726562,769.530029296875,769.6375122070312,225180
2026-08-28 15:42:00-0400,769.6400146484375,769.7150268554688,769.5900268554688,769.6599731445312,126505
2026-08-28 15:43:00-0400,769.75,769.75,769.5900268554688,769.6500244140625,172493
2026-08-28 15:44:00-0400,769.6199951171875,769.7899780273438,769.5999755859375,769.75,97773
2026-08-28 15:45:00-0400,769.405029296875,769.6900024414062,769.3345947265625,769.5999755859375,101524
2026-08-28 15:46:00-0400,769.3200073242188,769.52001953125,769.239990234375,769.3909912109375,124730
2026-08-28 15:47:00-0400,769.14501953125,769.3599853515625,769.0800170898438,769.2999877929688,228131
2026-08-28 15:48:00-0400,769.0798950195312,769.14501953125,769.02001953125,769.14501953125,228235
2026-08-28 15:49:00-0400,769.239990234375,769.280029296875,769.030029296875,769.0800170898438,119774
2026-08-28 15:50:00-0400,769.739990234375,769.780029296875,769.1799926757812,769.25,239459
2026-08-28 15:51:00-0400,769.2899780273438,769.760009765625,769.1500244140625,769.739990234375,276684
2026-08-28 15:52:00-0400,769.280029296875,769.3800048828125,769.205078125,769.280029296875,157907
2026-08-28 15:53:00-0400,769.1599731445312,769.3099975585938,769.1099853515625,769.260009765625,162823
2026-08-28 15:54:00-0400,769.3599853515625,769.4299926757812,769.1599731445312,769.1699829101562,220440
2026-08-28 15:55:00-0400,769.6300048828125,769.6699829101562,769.280029296875,769.3499755859375,341129
2026-08-28 15:56:00-0400,769.760009765625,769.77001953125,769.6300048828125,769.6400146484375,248185
2026-08-28 15:57:00-0400,769.760009765625,769.8800048828125,769.7000122070312,769.75,378576
2026-08-28 15:58:00-0400,769.6300048828125,769.814697265625,769.4099731445312,769.77001953125,412822
2026-08-28 15:59:00-0400,769.3800048828125,769.75,769.0700073242188,769.6199951171875,1289632
2026-08-31 09:30:00-0400,767.3900146484375,767.5670166015625,767.1400146484375,767.3300170898438,1188955
2026-08-31 09:31:00-0400,767.3599853515625,767.6199951171875,767.1699829101562,767.3699951171875,270278
2026-08-31 09:32:00-0400,766.739990234375,767.4400024414062,766.72998046875,767.3699951171875,243848
2026-08-31 09:33:00-0400,766.60009765625,766.8499755859375,766.333984375,766.739990234375,172207
2026-08-31 09:34:00-0400,766.3800048828125,766.5999755859375,766.3049926757812,766.5999755859375,132460
2026-08-31 09:35:00-0400,765.9099731445312,766.3699951171875,765.7899780273438,766.3699951171875,121340
2026-08-31 09:36:00-0400,766.219970703125,766.3499755859375,765.75,765.9249877929688,212838
2026-08-31 09:37:00-0400,766.27001953125,766.3400268554688,766.0499877929688,766.2000122070312,66686
2026-08-31 09:38:00-0400,766.2349853515625,766.52001953125,766.1799926757812,766.27001953125,115954
2026-08-31 09:39:00-0400,766.2750244140625,766.389892578125,766.1199951171875,766.2550048828125,42497
2026-08-31 09:40:00-0400,766.1199951171875,766.6400146484375,766.0499877929688,766.25,124191
2026-08-31 09:41:00-0400,766.2020263671875,766.2999877929688,766.0700073242188,766.0999755859375,91769
2026-08-31 09:42:00-0400,766.3150024414062,766.3499755859375,766.0700073242188,766.2000122070312,50175
2026-08-31 09:43:00-0400,765.8350219726562,766.3400268554688,765.8300170898438,766.3300170898438,95363
2026-08-31 09:44:00-0400,765.8049926757812,766.0499877929688,765.780029296875,765.8400268554688,79342
2026-08-31 09:45:00-0400,766.1400146484375,766.2100219726562,765.77001953125,765.8300170898438,84529
2026-08-31 09:46:00-0400,765.9550170898438,766.1497802734375,765.7239990234375,766.1497802734375,68466
2026-08-31 09:47:00-0400,766.5250244140625,766.5900268554688,765.5,765.9398803710938,248360
2026-08-31 09:48:00-0400,766.3099975585938,766.6300048828125,766.219970703125,766.5499877929688,118013
2026-08-31 09:49:00-0400,766.114990234375,766.4199829101562,765.9400024414062,766.2999877929688,76660
2026-08-31 09:50:00-0400,765.9500122070312,766.2498779296875,765.9000244140625,766.1199951171875,63811
2026-08-31 09:51:00-0400,766.3900146484375,766.4400024414062,765.780029296875,765.9450073242188,78306
2026-08-31 09:52:00-0400,765.9400024414062,766.4000244140625,765.8300170898438,766.3900146484375,50385
2026-08-31 09:53:00-0400,766.3599853515625,766.3699951171875,765.9000244140625,765.9299926757812,57443
2026-08-31 09:54:00-0400,766.52001953125,766.530029296875,766.2349853515625,766.3699951171875,85594
2026-08-31 09:55:00-0400,766.4749755859375,766.7100219726562,766.3200073242188,766.47998046875,90616
2026-08-31 09:56:00-0400,766.47998046875,766.5499877929688,766.3699951171875,766.469970703125,66363
2026-08-31 09:57:00-0400,766.4500122070312,766.5349731445312,766.2100219726562,766.47998046875,105402
2026-08-31 09:58:00-0400,766.260009765625,766.4500122070312,766.1199951171875,766.4500122070312,51223
2026-08-31 09:59:00-0400,766.1799926757812,766.2904052734375,766.0800170898438,766.260009765625,43722
2026-08-31 10:00:00-0400,766.0599975585938,766.2999877929688,766.0399780273438,766.1900024414062,89861
2026-08-31 10:01:00-0400,766.0150146484375,766.1300048828125,765.9400024414062,766.0399780273438,73503
2026-08-31 10:02:00-0400,765.8800048828125,766.0999755859375,765.77001953125,766.0003051757812,87293
2026-08-31 10:03:00-0400,765.75,765.989990234375,765.75,765.885009765625,76599
2026-08-31 10:04:00-0400,765.7999877929688,765.969970703125,765.7000122070312,765.75,42014
2026-08-31 10:05:00-0400,765.9400024414062,766.0800170898438,765.7000122070312,765.7899780273438,56692
2026-08-31 10:06:00-0400,765.489990234375,766.010009765625,765.469970703125,765.9500122070312,115775
2026-08-31 10:07:00-0400,765.5900268554688,765.75,765.4600219726562,765.5048828125,63213
2026-08-31 10:08:00-0400,765.7349853515625,765.8099975585938,765.469970703125,765.5999755859375,52472
2026-08-31 10:09:00-0400,765.5,765.7999877929688,765.4600219726562,765.75,29460
2026-08-31 10:10:00-0400,765.5999755859375,765.5999755859375,765.3400268554688,765.4749755859375,74552
2026-08-31 10:11:00-0400,765.5999755859375,765.8400268554688,765.5,765.5900268554688,61657
2026-08-31 10:12:00-0400,765.5599975585938,765.6500244140625,765.4249877929688,765.5800170898438,40205
2026-08-31 10:13:00-0400,765.6799926757812,765.6799926757812,765.47998046875,765.5800170898438,40670
2026-08-31 10:14:00-0400,765.8101196289062,765.864990234375,765.5900268554688,765.6699829101562,45476
2026-08-31 10:15:00-0400,765.7249755859375,765.889892578125,765.6799926757812,765.7999877929688,39254
2026-08-31 10:16:00-0400,765.8699951171875,765.8699951171875,765.5599975585938,765.72998046875,51179
2026-08-31 10:17:00-0400,765.8599853515625,765.9400024414062,765.7000122070312,765.8300170898438,60156
2026-08-31 10:18:00-0400,765.77001953125,766.0399780273438,765.6500244140625,765.8599243164062,88252
2026-08-31 10:19:00-0400,765.9500122070312,766.0079956054688,765.7100219726562,765.760009765625,62143
2026-08-31 10:20:00-0400,765.7999877929688,765.969970703125,765.6799926757812,765.9550170898438,50748
2026-08-31 10:21:00-0400,765.9299926757812,765.9749755859375,765.7100219726562,765.7999877929688,72306
2026-08-31 10:22:00-0400,765.5499877929688,765.9400024414062,765.5499877929688,765.9000244140625,31399
2026-08-31 10:23:00-0400,765.3499755859375,765.5549926757812,765.219970703125,765.5499877929688,66198
2026-08-31 10:24:00-0400,765.0098876953125,765.35498046875,765.0,765.3499755859375,70487
2026-08-31 10:25:00-0400,764.7999877929688,765.02001953125,764.7205200195312,765.010009765625,104635
2026-08-31 10:26:00-0400,764.77001953125,764.9600219726562,764.7150268554688,764.8099975585938,70428
2026-08-31 10:27:00-0400,764.8499755859375,764.9000244140625,764.7210083007812,764.77001953125,70762
2026-08-31 10:28:00-0400,764.9600219726562,765.0900268554688,764.780029296875,764.8599853515625,122147
2026-08-31 10:29:00-0400,764.9299926757812,765.02001953125,764.77001953125,764.9600219726562,53481
2026-08-31 10:30:00-0400,765.1099853515625,765.139892578125,764.8101196289062,764.885009765625,68858
2026-08-31 10:31:00-0400,765.0,765.1500244140625,764.8400268554688,765.1199951171875,57587
2026-08-31 10:32:00-0400,764.9498901367188,765.010009765625,764.7999877929688,765.010009765625,52147
2026-08-31 10:33:00-0400,765.010009765625,765.0698852539062,764.8599853515625,764.9299926757812,33736
2026-08-31 10:34:00-0400,764.9000244140625,765.0800170898438,764.8099975585938,765.02001953125,53775
2026-08-31 10:35:00-0400,765.280029296875,765.2949829101562,764.8250122070312,764.8900146484375,64422
2026-08-31 10:36:00-0400,765.5599975585938,765.5800170898438,765.280029296875,765.280029296875,86750
2026-08-31 10:37:00-0400,765.5449829101562,765.7899780273438,765.5,765.5599975585938,48955
2026-08-31 10:38:00-0400,765.5399780273438,765.6950073242188,765.47998046875,765.530029296875,55262
2026-08-31 10:39:00-0400,765.6400146484375,765.6599731445312,765.4600219726562,765.530029296875,53904
2026-08-31 10:40:00-0400,765.7349853515625,765.8499755859375,765.5800170898438,765.6199951171875,45648
2026-08-31 10:41:00-0400,765.8699951171875,766.0,765.6599731445312,765.7249755859375,64157
2026-08-31 10:42:00-0400,765.9500122070312,766.0700073242188,765.7899780273438,765.8699951171875,41458
2026-08-31 10:43:00-0400,765.8400268554688,766.02001953125,765.8400268554688,765.9600219726562,63465
2026-08-31 10:44:00-0400,765.8200073242188,765.9299926757812,765.6900024414062,765.8099975585938,67292
2026-08-31 10:45:00-0400,765.7000122070312,765.8300170898438,765.5599975585938,765.8300170898438,57737
2026-08-31 10:46:00-0400,765.6900024414062,765.8300170898438,765.6199951171875,765.7000122070312,39433
2026-08-31 10:47:00-0400,765.7000122070312,765.75,765.4600219726562,765.6799926757812,36206
2026-08-31 10:48:00-0400,765.5999755859375,765.760009765625,765.5700073242188,765.6998901367188,40193
2026-08-31 10:49:00-0400,765.4199829101562,765.6199951171875,765.3699951171875,765.60498046875,41914
2026-08-31 10:50:00-0400,765.590087890625,765.6300048828125,765.3499755859375,765.4395141601562,28994
2026-08-31 10:51:00-0400,765.5999755859375,765.6500244140625,765.47998046875,765.594970703125,30173
2026-08-31 10:52:00-0400,765.6099853515625,765.6500244140625,765.52001953125,765.5900268554688,24446
2026-08-31 10:53:00-0400,765.4400024414062,765.60498046875,765.4099731445312,765.5999755859375,32579
2026-08-31 10:54:00-0400,765.8400268554688,765.8599853515625,765.4500122070312,765.4500122070312,52643
2026-08-31 10:55:00-0400,765.8200073242188,765.905029296875,765.72998046875,765.8433837890625,40435
2026-08-31 10:56:00-0400,766.0999755859375,766.1799926757812,765.8099975585938,765.8200073242188,49835
2026-08-31 10:57:00-0400,766.3900146484375,766.3989868164062,766.0999755859375,766.1099853515625,69903
2026-08-31 10:58:00-0400,766.1599731445312,766.385009765625,766.1400146484375,766.3800048828125,69350
2026-08-31 10:59:00-0400,765.9500122070312,766.219970703125,765.8800048828125,766.1599731445312,61447
2026-08-31 11:00:00-0400,766.3049926757812,766.4600219726562,765.8200073242188,765.9500122070312,207682
2026-08-31 11:01:00-0400,766.1699829101562,766.369873046875,766.0599975585938,766.3200073242188,42854
2026-08-31 11:02:00-0400,765.7899780273438,766.2349853515625,765.780029296875,766.1900024414062,47598
2026-08-31 11:03:00-0400,765.9600219726562,766.0499877929688,765.72998046875,765.8419189453125,30593
2026-08-31 11:04:00-0400,765.760009765625,765.97998046875,765.6704711914062,765.9600219726562,32856
2026-08-31 11:05:00-0400,765.9199829101562,765.9199829101562,765.739990234375,765.760009765625,23137
2026-08-31 11:06:00-0400,766.1749877929688,766.2000122070312,765.8200073242188,765.9000244140625,43120
2026-08-31 11:07:00-0400,765.7589721679688,766.1900024414062,765.75,766.1500244140625,35007
2026-08-31 11:08:00-0400,765.6849975585938,765.780029296875,765.6104736328125,765.72998046875,46193
2026-08-31 11:09:00-0400,765.6799926757812,765.7650146484375,765.6300048828125,765.6849975585938,27873
2026-08-31 11:10:00-0400,765.8200073242188,765.9299926757812,765.6799926757812,765.6900024414062,109610
2026-08-31 11:11:00-0400,765.6300048828125,765.8400268554688,765.5999755859375,765.8300170898438,38637
2026-08-31 11:12:00-0400,765.8699951171875,765.8699951171875,765.635009765625,765.635009765625,27661
2026-08-31 11:13:00-0400,765.6500244140625,765.969970703125,765.6500244140625,765.8699951171875,36653
2026-08-31 11:14:00-0400,765.739990234375,765.739990234375,765.5499877929688,765.6400146484375,78989
2026-08-31 11:15:00-0400,765.760009765625,765.9199829101562,765.6699829101562,765.7349853515625,30743
2026-08-31 11:16:00-0400,765.5399780273438,765.77001953125,765.510009765625,765.7449951171875,35793
2026-08-31 11:17:00-0400,765.4400024414062,765.5549926757812,765.3800048828125,765.52001953125,32179
2026-08-31 11:18:00-0400,765.510009765625,765.5499877929688,765.4199829101562,765.4550170898438,32163
2026-08-31 11:19:00-0400,765.77001953125,765.77001953125,765.510009765625,765.510009765625,50324
2026-08-31 11:20:00-0400,765.7999877929688,765.8099975585938,765.5800170898438,765.780029296875,34632
2026-08-31 11:21:00-0400,766.0,766.0025024414062,765.75,765.7899780273438,43455
2026-08-31 11:22:00-0400,765.9500122070312,766.030029296875,765.9450073242188,766.010009765625,56156
2026-08-31 11:23:00-0400,765.8701171875,766.0650024414062,765.8699951171875,765.9550170898438,26534
2026-08-31 11:24:00-0400,766.0349731445312,766.0349731445312,765.780029296875,765.8699951171875,29013
2026-08-31 11:25:00-0400,765.89501953125,766.1599731445312,765.8699951171875,766.030029296875,34869
2026-08-31 11:26:00-0400,765.969970703125,765.989990234375,765.8200073242188,765.9000244140625,44661
2026-08-31 11:27:00-0400,765.989990234375,766.010009765625,765.8300170898438,765.9550170898438,19852
2026-08-31 11:28:00-0400,766.0599975585938,766.1799926757812,765.969970703125,765.989990234375,31528
2026-08-31 11:29:00-0400,765.9400024414062,766.1199951171875,765.8699951171875,766.0499877929688,23223
2026-08-31 11:30:00-0400,765.6799926757812,766.0,765.6099853515625,765.9500122070312,50734
2026-08-31 11:31:00-0400,765.6749877929688,765.7000122070312,765.4400024414062,765.6649780273438,49313
2026-08-31 11:32:00-0400,765.6599731445312,765.8499755859375,765.6599731445312,765.6699829101562,28075
2026-08-31 11:33:00-0400,765.5900268554688,765.7000122070312,765.5399780273438,765.6799926757812,26029
2026-08-31 11:34:00-0400,765.7598876953125,765.8200073242188,765.5700073242188,765.5850219726562,97201
2026-08-31 11:35:00-0400,765.77001953125,765.8300170898438,765.6875,765.739990234375,60698
2026-08-31 11:36:00-0400,765.7999267578125,765.844970703125,765.6799926757812,765.75,38537
2026-08-31 11:37:00-0400,765.7000122070312,765.8099975585938,765.5999755859375,765.780029296875,26567
2026-08-31 11:38:00-0400,765.5599975585938,765.7999877929688,765.5,765.7050170898438,35714
2026-08-31 11:39:00-0400,765.5900268554688,765.6099853515625,765.4299926757812,765.5900268554688,51055
2026-08-31 11:40:00-0400,765.5418701171875,765.6199951171875,765.4500122070312,765.5963745117188,34261
2026-08-31 11:41:00-0400,765.6500244140625,765.6599731445312,765.4000244140625,765.5499877929688,33887
2026-08-31 11:42:00-0400,765.72998046875,765.739990234375,765.510009765625,765.6300048828125,21837
2026-08-31 11:43:00-0400,765.5999755859375,765.8699951171875,765.5800170898438,765.72998046875,40662
2026-08-31 11:44:00-0400,765.8350219726562,765.8388061523438,765.5999755859375,765.64990234375,16204
2026-08-31 11:45:00-0400,765.739990234375,765.989990234375,765.6599731445312,765.8499755859375,30139
2026-08-31 11:46:00-0400,765.9099731445312,765.969970703125,765.72998046875,765.739990234375,22155
2026-08-31 11:47:00-0400,765.7899780273438,766.010009765625,765.7349853515625,765.902587890625,28728
2026-08-31 11:48:00-0400,765.8200073242188,765.8900146484375,765.760009765625,765.7899780273438,18432
2026-08-31 11:49:00-0400,765.851806640625,765.9500122070312,765.8099975585938,765.8300170898438,18711
2026-08-31 11:50:00-0400,766.0900268554688,766.0900268554688,765.8599853515625,765.8599853515625,26098
2026-08-31 11:51:00-0400,766.0900268554688,766.1900024414062,766.010009765625,766.0750122070312,43173
2026-08-31 11:52:00-0400,766.1300048828125,766.1400146484375,766.0399780273438,766.10498046875,39114
2026-08-31 11:53:00-0400,766.135009765625,766.3400268554688,766.0850219726562,766.1300048828125,82023
2026-08-31 11:54:00-0400,766.0800170898438,766.1799926757812,766.0700073242188,766.135009765625,55629
2026-08-31 11:55:00-0400,765.8900146484375,766.1199951171875,765.7999877929688,766.0599975585938,39004
2026-08-31 11:56:00-0400,765.72998046875,765.97998046875,765.719970703125,765.9199829101562,28421
2026-08-31 11:57:00-0400,765.6599731445312,765.75,765.6199951171875,765.719970703125,31383
2026-08-31 11:58:00-0400,765.6199951171875,765.6749877929688,765.5,765.6567993164062,36396
2026-08-31 11:59:00-0400,765.419921875,765.6300048828125,765.3099975585938,765.614990234375,34094
2026-08-31 12:00:00-0400,765.239990234375,765.4199829101562,765.219970703125,765.4199829101562,27617
2026-08-31 12:01:00-0400,765.25,765.2999877929688,765.0999755859375,765.22998046875,47134
2026-08-31 12:02:00-0400,765.239990234375,765.3099975585938,765.1799926757812,765.27001953125,51041
2026-08-31 12:03:00-0400,765.27001953125,765.3599853515625,765.22998046875,765.2449951171875,49769
2026-08-31 12:04:00-0400,765.1599731445312,765.27001953125,765.0599975585938,765.2650146484375,58044
2026-08-31 12:05:00-0400,765.0549926757812,765.1900024414062,765.0499877929688,765.1400146484375,55615
2026-08-31 12:06:00-0400,765.1300048828125,765.1400146484375,764.97998046875,765.0499877929688,61626
2026-08-31 12:07:00-0400,765.1099853515625,765.2100219726562,765.0800170898438,765.1500244140625,41163
2026-08-31 12:08:00-0400,765.1500244140625,765.2100219726562,765.0499877929688,765.114990234375,42319
2026-08-31 12:09:00-0400,765.135009765625,765.1950073242188,765.0700073242188,765.1500244140625,50615
2026-08-31 12:10:00-0400,765.4199829101562,765.469970703125,765.0800170898438,765.1300048828125,71480
2026-08-31 12:11:00-0400,765.6400146484375,765.6500244140625,765.3800048828125,765.4400024414062,39529
2026-08-31 12:12:00-0400,765.5900268554688,765.72998046875,765.5850219726562,765.6300048828125,30121
2026-08-31 12:13:00-0400,765.5399780273438,765.6199951171875,765.5,765.6199951171875,26421
2026-08-31 12:14:00-0400,765.7100219726562,765.77001953125,765.489990234375,765.5399780273438,33576
2026-08-31 12:15:00-0400,765.6300048828125,765.760009765625,765.6199951171875,765.7150268554688,43149
2026-08-31 12:16:00-0400,765.5390014648438,765.6799926757812,765.469970703125,765.6400146484375,33536
2026-08-31 12:17:00-0400,765.3300170898438,765.530029296875,765.27001953125,765.530029296875,64583
2026-08-31 12:18:00-0400,765.3900146484375,765.4099731445312,765.2999877929688,765.3599853515625,35425
2026-08-31 12:19:00-0400,765.580078125,765.6099853515625,765.3300170898438,765.3699951171875,29253
2026-08-31 12:20:00-0400,765.60498046875,765.6900024414062,765.530029296875,765.6099853515625,38665
2026-08-31 12:21:00-0400,765.52001953125,765.6400146484375,765.47998046875,765.6195068359375,35267
2026-08-31 12:22:00-0400,765.4199829101562,765.5399780273438,765.27001953125,765.530029296875,33222
2026-08-31 12:23:00-0400,765.35498046875,765.4299926757812,765.2999877929688,765.4193725585938,45030
2026-08-31 12:24:00-0400,765.469970703125,765.5791015625,765.3300170898438,765.35498046875,32737
2026-08-31 12:25:00-0400,765.5399780273438,765.5800170898438,765.469970703125,765.489990234375,35270
2026-08-31 12:26:00-0400,765.7000122070312,765.7100219726562,765.469970703125,765.530029296875,35087
2026-08-31 12:27:00-0400,765.8200073242188,765.8200073242188,765.6500244140625,765.7000122070312,34036
2026-08-31 12:28:00-0400,765.780029296875,765.8900146484375,765.72998046875,765.7999877929688,58987
2026-08-31 12:29:00-0400,765.9000244140625,765.9500122070312,765.7650146484375,765.7650146484375,21685
2026-08-31 12:30:00-0400,765.7899780273438,765.9500122070312,765.6699829101562,765.8948974609375,165532
2026-08-31 12:31:00-0400,765.739990234375,765.8800048828125,765.6599731445312,765.8200073242188,23654
2026-08-31 12:32:00-0400,765.6799926757812,765.75,765.6300048828125,765.719970703125,24848
2026-08-31 12:33:00-0400,765.75,765.8099975585938,765.6900024414062,765.7000122070312,30371
2026-08-31 12:34:00-0400,765.8049926757812,765.8800048828125,765.719970703125,765.7999877929688,28035
2026-08-31 12:35:00-0400,765.739990234375,765.9299926757812,765.739990234375,765.8200073242188,30467
2026-08-31 12:36:00-0400,765.780029296875,765.8300170898438,765.7000122070312,765.760009765625,20656
2026-08-31 12:37:00-0400,765.6799926757812,765.77001953125,765.6463012695312,765.77001953125,24604
2026-08-31 12:38:00-0400,765.3900146484375,765.7000122070312,765.3699951171875,765.6900024414062,52762
2026-08-31 12:39:00-0400,765.219970703125,765.4500122070312,765.2150268554688,765.3800048828125,31665
2026-08-31 12:40:00-0400,765.3690185546875,765.3690185546875,765.1900024414062,765.22998046875,33217
2026-08-31 12:41:00-0400,765.7498779296875,765.7498779296875,765.3400268554688,765.35498046875,32255
2026-08-31 12:42:00-0400,765.5999755859375,765.75,765.5800170898438,765.739990234375,156548
2026-08-31 12:43:00-0400,765.7100219726562,765.75,765.530029296875,765.5900268554688,27489
2026-08-31 12:44:00-0400,765.4149780273438,765.719970703125,765.4099731445312,765.7000122070312,33987
2026-08-31 12:45:00-0400,765.4749755859375,765.5599975585938,765.4199829101562,765.4199829101562,92589
2026-08-31 12:46:00-0400,765.469970703125,765.52001953125,765.4199829101562,765.47998046875,18354
2026-08-31 12:47:00-0400,765.5900268554688,765.6099853515625,765.489990234375,765.489990234375,18190
2026-08-31 12:48:00-0400,765.7899780273438,765.7996826171875,765.5601196289062,765.5850219726562,21685
2026-08-31 12:49:00-0400,765.75,765.8599853515625,765.739990234375,765.780029296875,27084
2026-08-31 12:50:00-0400,765.8695068359375,765.8695068359375,765.6799926757812,765.739990234375,37646
2026-08-31 12:51:00-0400,765.8800048828125,765.9099731445312,765.8200073242188,765.8657836914062,30999
2026-08-31 12:52:00-0400,765.8499755859375,765.9500122070312,765.8499755859375,765.8900146484375,29996
2026-08-31 12:53:00-0400,765.8400268554688,765.9600219726562,765.8400268554688,765.8599853515625,38611
2026-08-31 12:54:00-0400,765.8099975585938,765.8400268554688,765.7501220703125,765.8400268554688,24827
2026-08-31 12:55:00-0400,765.8699951171875,765.9099731445312,765.780029296875,765.7999877929688,23375
2026-08-31 12:56:00-0400,765.8800048828125,765.9349975585938,765.8099975585938,765.8900146484375,20102
2026-08-31 12:57:00-0400,765.9450073242188,765.969970703125,765.85498046875,765.8599853515625,24077
2026-08-31 12:58:00-0400,765.8699951171875,765.97998046875,765.8699951171875,765.9500122070312,24577
2026-08-31 12:59:00-0400,765.8400268554688,765.8900146484375,765.760009765625,765.8599853515625,41849
2026-08-31 13:00:00-0400,765.760009765625,765.8900146484375,765.739990234375,765.8499755859375,37959
2026-08-31 13:01:00-0400,765.8099975585938,765.8300170898438,765.6599731445312,765.75,28956
2026-08-31 13:02:00-0400,765.72998046875,765.8499755859375,765.6500244140625,765.8499755859375,21006
2026-08-31 13:03:00-0400,765.6199951171875,765.75,765.6099853515625,765.719970703125,33555
2026-08-31 13:04:00-0400,765.6500244140625,765.6900024414062,765.5700073242188,765.6199951171875,33406
2026-08-31 13:05:00-0400,765.6799926757812,765.8400268554688,765.6799926757812,765.6900024414062,24014
2026-08-31 13:06:00-0400,765.6400146484375,765.719970703125,765.5900268554688,765.6849975585938,22893
2026-08-31 13:07:00-0400,765.6900024414062,765.7100219726562,765.5499877929688,765.6300048828125,25456
2026-08-31 13:08:00-0400,765.5499877929688,765.72998046875,765.5399780273438,765.6900024414062,26633
2026-08-31 13:09:00-0400,765.5850219726562,765.6400146484375,765.5499877929688,765.5499877929688,20735
2026-08-31 13:10:00-0400,765.6599731445312,765.739990234375,765.5700073242188,765.5800170898438,19595
2026-08-31 13:11:00-0400,765.77001953125,765.7999877929688,765.6500244140625,765.6599731445312,20684
2026-08-31 13:12:00-0400,765.844970703125,765.85498046875,765.739990234375,765.7650146484375,24531
2026-08-31 13:13:00-0400,765.7999877929688,765.9199829101562,765.7999877929688,765.8499755859375,19064
2026-08-31 13:14:00-0400,765.9199829101562,765.9398803710938,765.8099975585938,765.8099975585938,19839
2026-08-31 13:15:00-0400,765.969970703125,765.969970703125,765.7999877929688,765.9099731445312,28355
2026-08-31 13:16:00-0400,766.0399780273438,766.0599975585938,765.9400024414062,765.95361328125,33984
2026-08-31 13:17:00-0400,765.9099731445312,766.0549926757812,765.9099731445312,766.0499877929688,20031
2026-08-31 13:18:00-0400,765.8400268554688,765.9600219726562,765.8150024414062,765.9000244140625,41694
2026-08-31 13:19:00-0400,765.8599853515625,765.8900146484375,765.7000122070312,765.8400268554688,18697
2026-08-31 13:20:00-0400,765.8099975585938,765.8699951171875,765.7650146484375,765.8499755859375,20232
2026-08-31 13:21:00-0400,765.7550048828125,765.8800048828125,765.7100219726562,765.8099975585938,18308
2026-08-31 13:22:00-0400,765.864990234375,765.9199829101562,765.719970703125,765.7550048828125,33403
2026-08-31 13:23:00-0400,765.9199829101562,765.9400024414062,765.85498046875,765.8699951171875,18690
2026-08-31 13:24:00-0400,765.7999877929688,765.9099731445312,765.7899780273438,765.9099731445312,22179
2026-08-31 13:25:00-0400,765.5598754882812,765.8200073242188,765.5399780273438,765.7899780273438,34787
2026-08-31 13:26:00-0400,765.489990234375,765.5599975585938,765.489990234375,765.5599975585938,17434
2026-08-31 13:27:00-0400,765.5,765.530029296875,765.4400024414062,765.47998046875,24944
2026-08-31 13:28:00-0400,765.4650268554688,765.530029296875,765.4500122070312,765.5,39012
2026-08-31 13:29:00-0400,765.4199829101562,765.489990234375,765.3900146484375,765.4650268554688,33079
2026-08-31 13:30:00-0400,765.25,765.4400024414062,765.2349853515625,765.4249877929688,102913
2026-08-31 13:31:00-0400,765.3200073242188,765.3400268554688,765.1699829101562,765.260009765625,28535
2026-08-31 13:32:00-0400,765.489990234375,765.489990234375,765.3300170898438,765.3499755859375,34527
2026-08-31 13:33:00-0400,765.530029296875,765.5499877929688,765.4299926757812,765.489990234375,27362
2026-08-31 13:34:00-0400,765.2899780273438,765.5499877929688,765.2899780273438,765.5399780273438,33750
2026-08-31 13:35:00-0400,765.5015258789062,765.52001953125,765.3049926757812,765.3200073242188,19091
2026-08-31 13:36:00-0400,765.7000122070312,765.719970703125,765.4400024414062,765.489990234375,23600
2026-08-31 13:37:00-0400,765.6925048828125,765.72998046875,765.6500244140625,765.7000122070312,19493
2026-08-31 13:38:00-0400,765.6199951171875,765.708984375,765.6199951171875,765.6950073242188,16544
2026-08-31 13:39:00-0400,765.8400268554688,765.8400268554688,765.6400146484375,765.6400146484375,17973
2026-08-31 13:40:00-0400,765.8900146484375,765.9099731445312,765.780029296875,765.8400268554688,23440
2026-08-31 13:41:00-0400,766.0250244140625,766.0700073242188,765.8900146484375,765.8900146484375,33739
2026-08-31 13:42:00-0400,765.989990234375,766.0999755859375,765.969970703125,766.0700073242188,28916
2026-08-31 13:43:00-0400,766.1500244140625,766.1900024414062,765.9564208984375,765.97998046875,29887
2026-08-31 13:44:00-0400,766.239990234375,766.239990234375,766.1463012695312,766.1467895507812,37624
2026-08-31 13:45:00-0400,766.25,766.3699951171875,766.219970703125,766.260009765625,28245
2026-08-31 13:46:00-0400,766.219970703125,766.2650146484375,766.1400146484375,766.260009765625,28725
2026-08-31 13:47:00-0400,766.3200073242188,766.3400268554688,766.22998046875,766.2399291992188,44445
2026-08-31 13:48:00-0400,766.3400268554688,766.4000244140625,766.280029296875,766.3400268554688,29392
2026-08-31 13:49:00-0400,766.3250122070312,766.4500122070312,766.3049926757812,766.3350219726562,28149
2026-08-31 13:50:00-0400,766.5999755859375,766.6799926757812,766.3150024414062,766.3200073242188,62522
2026-08-31 13:51:00-0400,766.6904907226562,766.739990234375,766.5900268554688,766.5999755859375,54213
2026-08-31 13:52:00-0400,766.6300048828125,766.760009765625,766.6300048828125,766.7000122070312,43043
2026-08-31 13:53:00-0400,766.719970703125,766.760009765625,766.6099853515625,766.6400146484375,28747
2026-08-31 13:54:00-0400,766.7698974609375,766.7698974609375,766.6799926757812,766.72998046875,21683
2026-08-31 13:55:00-0400,766.7150268554688,766.8099975585938,766.6300048828125,766.75,26303
2026-08-31 13:56:00-0400,766.6400146484375,766.7150268554688,766.6099853515625,766.7000732421875,36522
2026-08-31 13:57:00-0400,766.3900146484375,766.6500244140625,766.3800048828125,766.6400146484375,39991
2026-08-31 13:58:00-0400,766.4299926757812,766.469970703125,766.3800048828125,766.3900146484375,33454
2026-08-31 13:59:00-0400,766.52001953125,766.5499877929688,766.4199829101562,766.4277954101562,118049
2026-08-31 14:00:00-0400,766.27001953125,766.5,766.1799926757812,766.5,74993
2026-08-31 14:01:00-0400,766.4600219726562,766.489990234375,766.239990234375,766.239990234375,54591
2026-08-31 14:02:00-0400,766.4578857421875,766.530029296875,766.3400268554688,766.4500122070312,62263
2026-08-31 14:03:00-0400,766.6099853515625,766.64990234375,766.4400024414062,766.469970703125,30275
2026-08-31 14:04:00-0400,766.5999755859375,766.6300048828125,766.52001953125,766.6099853515625,40334
2026-08-31 14:05:00-0400,766.4749755859375,766.5900268554688,766.469970703125,766.5900268554688,30028
2026-08-31 14:06:00-0400,766.6799926757812,766.6799926757812,766.469970703125,766.489990234375,18259
2026-08-31 14:07:00-0400,766.5800170898438,766.6799926757812,766.530029296875,766.6599731445312,23001
2026-08-31 14:08:00-0400,766.6740112304688,766.6900024414062,766.5399780273438,766.5700073242188,16335
2026-08-31 14:09:00-0400,766.6699829101562,766.7000122070312,766.6400146484375,766.6599731445312,23464
2026-08-31 14:10:00-0400,766.5800170898438,766.6699829101562,766.5399780273438,766.6699829101562,27114
2026-08-31 14:11:00-0400,766.5700073242188,766.5900268554688,766.4500122070312,766.5800170898438,27837
2026-08-31 14:12:00-0400,766.5,766.5900268554688,766.5,766.5750122070312,26582
2026-08-31 14:13:00-0400,766.52001953125,766.6199951171875,766.489990234375,766.489990234375,34996
2026-08-31 14:14:00-0400,766.719970703125,766.72998046875,766.52001953125,766.530029296875,34230
2026-08-31 14:15:00-0400,766.6799926757812,766.7249755859375,766.6500244140625,766.7000122070312,29232
2026-08-31 14:16:00-0400,766.7100219726562,766.780029296875,766.5499877929688,766.6799926757812,86775
2026-08-31 14:17:00-0400,766.6099853515625,766.7050170898438,766.5704956054688,766.7000122070312,86733
2026-08-31 14:18:00-0400,766.6300048828125,766.6749877929688,766.5800170898438,766.6199951171875,32089
2026-08-31 14:19:00-0400,766.6950073242188,766.7000122070312,766.610107421875,766.6300048828125,20877
2026-08-31 14:20:00-0400,766.75,766.8400268554688,766.6950073242188,766.6950073242188,43947
2026-08-31 14:21:00-0400,766.5999755859375,766.7550048828125,766.5900268554688,766.7550048828125,31829
2026-08-31 14:22:00-0400,766.530029296875,766.6099853515625,766.5,766.5800170898438,22330
2026-08-31 14:23:00-0400,766.6701049804688,766.7100219726562,766.52001953125,766.5349731445312,75720
2026-08-31 14:24:00-0400,766.614990234375,766.72998046875,766.614990234375,766.6799926757812,27673
2026-08-31 14:25:00-0400,766.469970703125,766.639892578125,766.4099731445312,766.6199951171875,69977
2026-08-31 14:26:00-0400,766.3400268554688,766.469970703125,766.2999877929688,766.4600219726562,32610
2026-08-31 14:27:00-0400,766.405029296875,766.4500122070312,766.3599853515625,766.3699951171875,31393
2026-08-31 14:28:00-0400,766.4400024414062,766.5089721679688,766.3900146484375,766.4099731445312,24255
2026-08-31 14:29:00-0400,766.2999877929688,766.4500122070312,766.280029296875,766.4199829101562,20586
2026-08-31 14:30:00-0400,766.4000244140625,766.4199829101562,766.27001953125,766.2999877929688,32444
2026-08-31 14:31:00-0400,766.27001953125,766.4199829101562,766.2100219726562,766.405029296875,25759
2026-08-31 14:32:00-0400,766.2999877929688,766.2999877929688,766.2042846679688,766.260009765625,530519
2026-08-31 14:33:00-0400,766.1500244140625,766.3099975585938,766.1500244140625,766.2999877929688,18351
2026-08-31 14:34:00-0400,766.030029296875,766.2100219726562,766.0,766.1729125976562,41481
2026-08-31 14:35:00-0400,765.719970703125,766.0800170898438,765.7000122070312,766.010009765625,79331
2026-08-31 14:36:00-0400,765.7000122070312,765.7999877929688,765.6500244140625,765.7100219726562,84139
2026-08-31 14:37:00-0400,765.6500244140625,765.760009765625,765.6400146484375,765.7150268554688,73147
2026-08-31 14:38:00-0400,765.356689453125,765.7000122070312,765.27001953125,765.6799926757812,148884
2026-08-31 14:39:00-0400,765.4550170898438,765.52001953125,765.3499755859375,765.3499755859375,58198
2026-08-31 14:40:00-0400,765.5247192382812,765.5499877929688,765.3350219726562,765.4550170898438,47717
2026-08-31 14:41:00-0400,765.239990234375,765.5700073242188,765.239990234375,765.5206298828125,92799
2026-08-31 14:42:00-0400,765.375,765.4199829101562,765.219970703125,765.25,73300
2026-08-31 14:43:00-0400,765.155029296875,765.3699951171875,765.0499877929688,765.3699951171875,91809
2026-08-31 14:44:00-0400,765.3499145507812,765.405029296875,765.1199951171875,765.1500244140625,69918
2026-08-31 14:45:00-0400,765.260009765625,765.3900146484375,765.22998046875,765.3499755859375,32806
2026-08-31 14:46:00-0400,765.3049926757812,765.3049926757812,765.1900024414062,765.260009765625,26250
2026-08-31 14:47:00-0400,765.25,765.3599853515625,765.2100219726562,765.3200073242188,43353
2026-08-31 14:48:00-0400,765.4000244140625,765.4299926757812,765.219970703125,765.2550048828125,34044
2026-08-31 14:49:00-0400,765.4246215820312,765.4400024414062,765.3300170898438,765.4099731445312,31675
2026-08-31 14:50:00-0400,765.311279296875,765.4400024414062,765.22998046875,765.4299926757812,43419
2026-08-31 14:51:00-0400,765.4000244140625,765.4400024414062,765.27001953125,765.3300170898438,37444
2026-08-31 14:52:00-0400,765.510009765625,765.5698852539062,765.3699951171875,765.4099731445312,46844
2026-08-31 14:53:00-0400,765.64501953125,765.7000122070312,765.4199829101562,765.5150146484375,144356
2026-08-31 14:54:00-0400,765.6500244140625,765.719970703125,765.5900268554688,765.6400146484375,31091
2026-08-31 14:55:00-0400,765.60498046875,765.6599731445312,765.5499877929688,765.6400146484375,29903
2026-08-31 14:56:00-0400,765.739990234375,765.7766723632812,765.5599975585938,765.6099853515625,47737
2026-08-31 14:57:00-0400,765.7100219726562,765.8300170898438,765.6900024414062,765.739990234375,84618
2026-08-31 14:58:00-0400,765.7999877929688,765.7999877929688,765.6900024414062,765.7050170898438,42677
2026-08-31 14:59:00-0400,765.6699829101562,765.89501953125,765.6599731445312,765.7955932617188,38233
2026-08-31 15:00:00-0400,765.9500122070312,766.0499877929688,765.6699829101562,765.6699829101562,82344
2026-08-31 15:01:00-0400,765.85498046875,765.989990234375,765.7999877929688,765.9500122070312,43163
2026-08-31 15:02:00-0400,765.9400024414062,766.0,765.8400268554688,765.8699951171875,89516
2026-08-31 15:03:00-0400,765.9000244140625,765.969970703125,765.8800048828125,765.9400024414062,40430
2026-08-31 15:04:00-0400,765.8099975585938,765.9099731445312,765.7899780273438,765.8900756835938,31670
2026-08-31 15:05:00-0400,765.7952880859375,765.9400024414062,765.75,765.7899780273438,45616
2026-08-31 15:06:00-0400,765.7899780273438,765.8300170898438,765.6799926757812,765.8099975585938,194038
2026-08-31 15:07:00-0400,765.8250122070312,765.8800048828125,765.75,765.7899780273438,55747
2026-08-31 15:08:00-0400,765.9400024414062,765.9600219726562,765.8099975585938,765.8300170898438,114161
2026-08-31 15:09:00-0400,766.0150146484375,766.0399780273438,765.9400024414062,765.9600219726562,34982
2026-08-31 15:10:00-0400,766.0399780273438,766.169921875,766.0250244140625,766.030029296875,33065
2026-08-31 15:11:00-0400,766.03662109375,766.1099853515625,765.9849853515625,766.02001953125,76019
2026-08-31 15:12:00-0400,766.0399780273438,766.1199951171875,766.0112915039062,766.0399780273438,37356
2026-08-31 15:13:00-0400,766.0499877929688,766.0900268554688,765.9409790039062,766.0341186523438,35284
2026-08-31 15:14:00-0400,766.1799926757812,766.2164916992188,766.0800170898438,766.0800170898438,32841
2026-08-31 15:15:00-0400,766.0999755859375,766.239990234375,766.0499877929688,766.1799926757812,39323
2026-08-31 15:16:00-0400,766.1699829101562,766.1900024414062,766.0900268554688,766.114990234375,30892
2026-08-31 15:17:00-0400,766.0800170898438,766.25,766.0599975585938,766.1799926757812,42757
2026-08-31 15:18:00-0400,766.0999755859375,766.1099853515625,765.97998046875,766.0900268554688,30243
2026-08-31 15:19:00-0400,766.0349731445312,766.1300048828125,766.030029296875,766.0999755859375,27373
2026-08-31 15:20:00-0400,766.0399780273438,766.1099853515625,766.0150146484375,766.030029296875,48756
2026-08-31 15:21:00-0400,766.010009765625,766.0999755859375,765.989990234375,766.0399780273438,31958
2026-08-31 15:22:00-0400,766.260009765625,766.260009765625,766.0,766.010009765625,42985
2026-08-31 15:23:00-0400,766.3099975585938,766.489990234375,766.239990234375,766.27001953125,62160
2026-08-31 15:24:00-0400,766.4099731445312,766.4600219726562,766.3099975585938,766.3200073242188,41944
2026-08-31 15:25:00-0400,766.3599853515625,766.4500122070312,766.2999877929688,766.4199829101562,55566
2026-08-31 15:26:00-0400,766.4022827148438,766.4400024414062,766.27001953125,766.3599853515625,43853
2026-08-31 15:27:00-0400,766.6099853515625,766.6099853515625,766.3699951171875,766.3900146484375,38430
2026-08-31 15:28:00-0400,766.5499877929688,766.75,766.5399780273438,766.6099853515625,106630
2026-08-31 15:29:00-0400,766.635009765625,766.6699829101562,766.52001953125,766.5399780273438,48069
2026-08-31 15:30:00-0400,766.3800048828125,766.6300048828125,766.3300170898438,766.6199951171875,71001
2026-08-31 15:31:00-0400,766.2899780273438,766.469970703125,766.260009765625,766.3900146484375,42954
2026-08-31 15:32:00-0400,766.280029296875,766.3699951171875,766.27001953125,766.2999877929688,49364
2026-08-31 15:33:00-0400,766.3300170898438,766.3399047851562,766.1799926757812,766.280029296875,74454
2026-08-31 15:34:00-0400,766.4400024414062,766.4600219726562,766.25,766.3200073242188,34428
2026-08-31 15:35:00-0400,766.489990234375,766.5150146484375,766.3900146484375,766.4600219726562,67867
2026-08-31 15:36:00-0400,766.5499877929688,766.6400146484375,766.469970703125,766.4849853515625,90305
2026-08-31 15:37:00-0400,766.6400146484375,766.6699829101562,766.5499877929688,766.5499877929688,42522
2026-08-31 15:38:00-0400,766.6300048828125,766.7000122070312,766.6199951171875,766.6300048828125,52855
2026-08-31 15:39:00-0400,766.6400146484375,766.6900024414062,766.5700073242188,766.6199951171875,145668
2026-08-31 15:40:00-0400,766.6599731445312,766.7000122070312,766.5999755859375,766.6300048828125,69474
2026-08-31 15:41:00-0400,766.7349853515625,766.75,766.6500244140625,766.6599731445312,100578
2026-08-31 15:42:00-0400,766.9099731445312,766.969970703125,766.72998046875,766.7349853515625,76977
2026-08-31 15:43:00-0400,767.1300048828125,767.1649780273438,766.89501953125,766.9000244140625,238535
2026-08-31 15:44:00-0400,767.010009765625,767.2050170898438,766.989990234375,767.1300048828125,69652
2026-08-31 15:45:00-0400,767.0700073242188,767.0900268554688,766.9000244140625,767.0,111638
2026-08-31 15:46:00-0400,766.989990234375,767.1599731445312,766.9000244140625,767.0700073242188,254429
2026-08-31 15:47:00-0400,766.77001953125,767.02001953125,766.7509765625,766.9951171875,104001
2026-08-31 15:48:00-0400,766.6900024414062,766.8400268554688,766.6699829101562,766.77001953125,293322
2026-08-31 15:49:00-0400,766.8499755859375,766.8699951171875,766.5999755859375,766.6799926757812,327166
2026-08-31 15:50:00-0400,767.1599731445312,767.6500244140625,766.8699951171875,766.8699951171875,495042
2026-08-31 15:51:00-0400,767.3900146484375,767.4199829101562,766.989990234375,767.1699829101562,775382
2026-08-31 15:52:00-0400,767.5399780273438,767.5800170898438,767.2899780273438,767.3900146484375,529954
2026-08-31 15:53:00-0400,767.2999877929688,767.5800170898438,767.2000122070312,767.5499877929688,497682
2026-08-31 15:54:00-0400,767.3825073242188,767.4199829101562,767.010009765625,767.280029296875,810803
2026-08-31 15:55:00-0400,767.1199951171875,767.3599853515625,767.0,767.3599853515625,801419
2026-08-31 15:56:00-0400,767.3049926757812,767.3099975585938,767.1099853515625,767.1099853515625,579229
2026-08-31 15:57:00-0400,767.1799926757812,767.4199829101562,767.1599731445312,767.3099975585938,610486
2026-08-31 15:58:00-0400,767.2849731445312,767.4099731445312,767.0999755859375,767.1749877929688,1095116
2026-08-31 15:59:00-0400,766.9500122070312,767.9949951171875,766.5800170898438,767.2650146484375,2387769
2026-09-01 09:30:00-0400,761.3920288085938,762.0399780273438,761.1799926757812,762.010009765625,1849397
2026-09-01 09:31:00-0400,761.760009765625,761.905029296875,761.3599853515625,761.3800048828125,232188
2026-09-01 09:32:00-0400,761.7899780273438,761.9400024414062,761.5900268554688,761.75,142819
2026-09-01 09:33:00-0400,761.7849731445312,762.1099853515625,761.5905151367188,761.780029296875,123461
2026-09-01 09:34:00-0400,761.9299926757812,762.1395263671875,761.72998046875,761.8049926757812,54601
2026-09-01 09:35:00-0400,762.2899780273438,762.39990234375,761.8400268554688,761.9400024414062,137247
2026-09-01 09:36:00-0400,762.0050048828125,762.2999877929688,761.9672241210938,762.2949829101562,108683
2026-09-01 09:37:00-0400,762.1900024414062,762.2899780273438,761.97998046875,762.010009765625,101587
2026-09-01 09:38:00-0400,761.8400268554688,762.2299194335938,761.6500244140625,762.1799926757812,148252
2026-09-01 09:39:00-0400,761.7698974609375,761.9500122070312,761.6099853515625,761.8400268554688,90856
2026-09-01 09:40:00-0400,761.6699829101562,761.909912109375,761.6300048828125,761.760009765625,114476
2026-09-01 09:41:00-0400,761.72998046875,761.739990234375,761.4299926757812,761.6749877929688,105848
2026-09-01 09:42:00-0400,761.8198852539062,761.8800048828125,761.6199951171875,761.719970703125,97723
2026-09-01 09:43:00-0400,761.969970703125,761.9888916015625,761.6500244140625,761.7999877929688,86687
2026-09-01 09:44:00-0400,761.9600219726562,762.1199951171875,761.8699951171875,761.9400024414062,71494
2026-09-01 09:45:00-0400,762.055419921875,762.1900024414062,761.7702026367188,761.9600219726562,106892
2026-09-01 09:46:00-0400,761.719970703125,762.169921875,761.6799926757812,762.0349731445312,118187
2026-09-01 09:47:00-0400,761.9500122070312,762.1799926757812,761.7100219726562,761.7219848632812,113016
2026-09-01 09:48:00-0400,761.9249877929688,762.1500244140625,761.9199829101562,761.9600219726562,81404
2026-09-01 09:49:00-0400,762.2000122070312,762.2000122070312,761.8699951171875,761.9249877929688,65060
2026-09-01 09:50:00-0400,762.3150024414062,762.47998046875,762.1799926757812,762.1799926757812,99542
2026-09-01 09:51:00-0400,762.14501953125,762.3699951171875,762.0599975585938,762.3200073242188,64670
2026-09-01 09:52:00-0400,761.9000244140625,762.169921875,761.8300170898438,762.1500244140625,107378
2026-09-01 09:53:00-0400,761.7860717773438,761.919921875,761.6799926757812,761.8900146484375,59263
2026-09-01 09:54:00-0400,761.8099975585938,761.8099975585938,761.5946044921875,761.7811889648438,68006
2026-09-01 09:55:00-0400,761.6900024414062,761.8300170898438,761.4749755859375,761.8200073242188,105369
2026-09-01 09:56:00-0400,761.6599731445312,761.8298950195312,761.6400146484375,761.6932983398438,113469
2026-09-01 09:57:00-0400,761.719970703125,761.8400268554688,761.625,761.6500244140625,73114
2026-09-01 09:58:00-0400,761.739990234375,761.9000244140625,761.7050170898438,761.7100219726562,65696
2026-09-01 09:59:00-0400,762.0150146484375,762.094970703125,761.719970703125,761.72998046875,53096
2026-09-01 10:00:00-0400,762.0700073242188,762.25,761.739990234375,762.02001953125,100757
2026-09-01 10:01:00-0400,762.5599975585938,762.5599975585938,762.0499877929688,762.0499877929688,86327
2026-09-01 10:02:00-0400,762.1199951171875,762.5599975585938,761.9099731445312,762.5499877929688,92329
2026-09-01 10:03:00-0400,762.35498046875,762.3800048828125,761.989990234375,762.1199951171875,60988
2026-09-01 10:04:00-0400,762.1699829101562,762.4199829101562,762.1599731445312,762.3400268554688,85928
2026-09-01 10:05:00-0400,762.4000244140625,762.4400024414062,762.1699829101562,762.1699829101562,52662
2026-09-01 10:06:00-0400,762.75,762.75,762.3900146484375,762.4099731445312,95795
2026-09-01 10:07:00-0400,762.89501953125,762.9099731445312,762.6799926757812,762.7686767578125,82744
2026-09-01 10:08:00-0400,762.760009765625,762.8900146484375,762.6199951171875,762.8900146484375,68680
2026-09-01 10:09:00-0400,762.9000244140625,762.9600219726562,762.719970703125,762.77001953125,53367
2026-09-01 10:10:00-0400,762.8699951171875,763.0,762.780029296875,762.9202270507812,51659
2026-09-01 10:11:00-0400,762.6500244140625,763.0,762.625,762.8499755859375,107603
2026-09-01 10:12:00-0400,762.530029296875,762.7000122070312,762.5,762.669921875,70615
2026-09-01 10:13:00-0400,762.780029296875,762.7899780273438,762.4931030273438,762.530029296875,53574
2026-09-01 10:14:00-0400,763.0,763.083984375,762.739990234375,762.77001953125,57778
2026-09-01 10:15:00-0400,763.27001953125,763.3099975585938,762.9000244140625,762.989990234375,130194
2026-09-01 10:16:00-0400,763.4600219726562,763.489990234375,763.2100219726562,763.27001953125,87811
2026-09-01 10:17:00-0400,763.301025390625,763.52001953125,763.2349853515625,763.469970703125,62661
2026-09-01 10:18:00-0400,763.0700073242188,763.3350219726562,763.0599975585938,763.2999877929688,58912
2026-09-01 10:19:00-0400,763.3099975585938,763.3099975585938,763.0399780273438,763.0800170898438,62889
2026-09-01 10:20:00-0400,763.4550170898438,763.510009765625,763.3200073242188,763.3200073242188,65013
2026-09-01 10:21:00-0400,763.4404907226562,763.5900268554688,763.4400024414062,763.4550170898438,64509
2026-09-01 10:22:00-0400,763.8699951171875,764.0,763.4400024414062,763.4400024414062,112991
2026-09-01 10:23:00-0400,763.7449951171875,763.8599853515625,763.6699829101562,763.8599853515625,54442
2026-09-01 10:24:00-0400,763.6799926757812,763.8400268554688,763.6300048828125,763.739990234375,63631
2026-09-01 10:25:00-0400,763.9400024414062,764.0,763.6900024414062,763.6900024414062,69313
2026-09-01 10:26:00-0400,763.9299926757812,764.0,763.8800048828125,763.9450073242188,52646
2026-09-01 10:27:00-0400,763.8099975585938,763.9500122070312,763.6599731445312,763.9400024414062,126334
2026-09-01 10:28:00-0400,763.8098754882812,763.8900146484375,763.7100219726562,763.8200073242188,45846
2026-09-01 10:29:00-0400,763.7694702148438,763.7899780273438,763.6199951171875,763.7899780273438,42269
2026-09-01 10:30:00-0400,764.1900024414062,764.2000122070312,763.75,763.760009765625,72583
2026-09-01 10:31:00-0400,764.25,764.3599853515625,764.0900268554688,764.1799926757812,112343
2026-09-01 10:32:00-0400,764.3250122070312,764.3300170898438,764.1856079101562,764.2449951171875,59206
2026-09-01 10:33:00-0400,764.4500122070312,764.47998046875,764.2999877929688,764.3250122070312,164407
2026-09-01 10:34:00-0400,764.4500122070312,764.4998779296875,764.3900146484375,764.4600219726562,103925
2026-09-01 10:35:00-0400,764.3400268554688,764.5499877929688,764.2999877929688,764.4509887695312,60399
2026-09-01 10:36:00-0400,764.2550048828125,764.394775390625,764.2100219726562,764.3300170898438,62061
2026-09-01 10:37:00-0400,764.3200073242188,764.3800048828125,764.22998046875,764.25,47896
2026-09-01 10:38:00-0400,764.2100219726562,764.4500122070312,764.0999755859375,764.323974609375,162602
2026-09-01 10:39:00-0400,764.27001953125,764.3300170898438,764.0700073242188,764.1901245117188,69027
2026-09-01 10:40:00-0400,764.2142944335938,764.3400268554688,764.1900024414062,764.27001953125,49797
2026-09-01 10:41:00-0400,764.0900268554688,764.2949829101562,764.0800170898438,764.22998046875,47268
2026-09-01 10:42:00-0400,764.0599975585938,764.0999755859375,763.969970703125,764.0900268554688,116182
2026-09-01 10:43:00-0400,764.02001953125,764.1599731445312,763.9600219726562,764.0549926757812,45438
2026-09-01 10:44:00-0400,764.1599731445312,764.1599731445312,763.8961791992188,764.0490112304688,50229
2026-09-01 10:45:00-0400,764.110107421875,764.1599731445312,763.9400024414062,764.1599731445312,50835
2026-09-01 10:46:00-0400,764.0999755859375,764.1400146484375,763.989990234375,764.1099853515625,35111
2026-09-01 10:47:00-0400,764.25,764.280029296875,764.030029296875,764.0999755859375,164465
2026-09-01 10:48:00-0400,764.2100219726562,764.3599853515625,764.1300048828125,764.22998046875,58893
2026-09-01 10:49:00-0400,763.9199829101562,764.219482421875,763.9199829101562,764.2100219726562,43616
2026-09-01 10:50:00-0400,763.8721923828125,763.9299926757812,763.760009765625,763.9299926757812,54329
2026-09-01 10:51:00-0400,763.6500244140625,763.8699951171875,763.6099853515625,763.8699951171875,50562
2026-09-01 10:52:00-0400,763.6500244140625,763.77001953125,763.560302734375,763.6400146484375,47960
2026-09-01 10:53:00-0400,763.5750122070312,763.77001953125,763.5599975585938,763.6900024414062,61912
2026-09-01 10:54:00-0400,763.5900268554688,763.6300048828125,763.5,763.5700073242188,47785
2026-09-01 10:55:00-0400,763.5499877929688,763.6599731445312,763.52001953125,763.5900268554688,43265
2026-09-01 10:56:00-0400,763.6174926757812,763.6549072265625,763.489990234375,763.5499877929688,128590
2026-09-01 10:57:00-0400,763.4600219726562,763.6998901367188,763.4299926757812,763.619873046875,64522
2026-09-01 10:58:00-0400,763.3912963867188,763.5499877929688,763.35009765625,763.4600219726562,55448
2026-09-01 10:59:00-0400,763.5399780273438,763.5750122070312,763.3599853515625,763.380126953125,57088
2026-09-01 11:00:00-0400,763.52001953125,763.6599731445312,763.4500122070312,763.5599975585938,90700
2026-09-01 11:01:00-0400,763.4000244140625,763.530029296875,763.3499755859375,763.530029296875,25387
2026-09-01 11:02:00-0400,763.4099731445312,763.52001953125,763.3599853515625,763.4000244140625,33544
2026-09-01 11:03:00-0400,763.1599731445312,763.4349975585938,763.1500244140625,763.4099731445312,38189
2026-09-01 11:04:00-0400,763.1099853515625,763.1699829101562,763.010009765625,763.1500244140625,71903
2026-09-01 11:05:00-0400,763.0900268554688,763.1699829101562,762.9559936523438,763.0700073242188,88372
2026-09-01 11:06:00-0400,762.9000244140625,763.0999755859375,762.885986328125,763.0900268554688,84247
2026-09-01 11:07:00-0400,762.760009765625,762.9600219726562,762.7000122070312,762.9099731445312,124014
2026-09-01 11:08:00-0400,762.760009765625,762.8599853515625,762.6699829101562,762.75,73039
2026-09-01 11:09:00-0400,762.7999877929688,762.8798828125,762.75,762.780029296875,42859
2026-09-01 11:10:00-0400,762.8599853515625,763.0,762.7100219726562,762.7825927734375,77054
2026-09-01 11:11:00-0400,762.8499755859375,762.9600219726562,762.8200073242188,762.860107421875,52105
2026-09-01 11:12:00-0400,762.9047241210938,762.9700927734375,762.780029296875,762.8400268554688,62757
2026-09-01 11:13:00-0400,763.00048828125,763.1599731445312,762.8800048828125,762.8900146484375,51355
2026-09-01 11:14:00-0400,762.9255981445312,763.1701049804688,762.9255981445312,763.010009765625,41771
2026-09-01 11:15:00-0400,762.969970703125,763.02001953125,762.8499755859375,762.9400024414062,39857
2026-09-01 11:16:00-0400,762.9600219726562,763.0999755859375,762.9400024414062,762.969970703125,29042
2026-09-01 11:17:00-0400,763.0399780273438,763.1400146484375,762.9600219726562,762.969970703125,29725
2026-09-01 11:18:00-0400,763.22998046875,763.280029296875,763.0499877929688,763.0499877929688,67615
2026-09-01 11:19:00-0400,763.2899780273438,763.3499755859375,763.1701049804688,763.22998046875,48772
2026-09-01 11:20:00-0400,763.1901245117188,763.3499755859375,763.1849975585938,763.289794921875,38696
2026-09-01 11:21:00-0400,763.219970703125,763.280029296875,763.0700073242188,763.1900024414062,47977
2026-09-01 11:22:00-0400,763.3300170898438,763.4199829101562,763.1599731445312,763.2000122070312,49067
2026-09-01 11:23:00-0400,763.4000244140625,763.4299926757812,763.2249755859375,763.3200073242188,43182
2026-09-01 11:24:00-0400,763.4500122070312,763.469970703125,763.3499755859375,763.3900146484375,43479
2026-09-01 11:25:00-0400,763.25,763.469970703125,763.219970703125,763.4299926757812,42253
2026-09-01 11:26:00-0400,763.4349975585938,763.469970703125,763.2301025390625,763.2550048828125,48830
2026-09-01 11:27:00-0400,763.4000244140625,763.4500122070312,763.3400268554688,763.4299926757812,31815
2026-09-01 11:28:00-0400,763.4000244140625,763.4099731445312,763.2100219726562,763.4000244140625,44971
2026-09-01 11:29:00-0400,763.5900268554688,763.6099853515625,763.3599853515625,763.3900146484375,67998
2026-09-01 11:30:00-0400,763.75,763.780029296875,763.4400024414062,763.5900268554688,66673
2026-09-01 11:31:00-0400,763.4949951171875,763.780029296875,763.4819946289062,763.760498046875,71695
2026-09-01 11:32:00-0400,763.530029296875,763.625,763.4400024414062,763.510009765625,41023
2026-09-01 11:33:00-0400,763.6599731445312,763.7000122070312,763.52001953125,763.5399780273438,28342
2026-09-01 11:34:00-0400,763.6199951171875,763.7100219726562,763.5399780273438,763.6799926757812,31240
2026-09-01 11:35:00-0400,763.6599731445312,763.708984375,763.47998046875,763.6199951171875,68575
2026-09-01 11:36:00-0400,763.72998046875,763.75,763.6199951171875,763.6599731445312,28278
2026-09-01 11:37:00-0400,763.9149780273438,763.9299926757812,763.7005004882812,763.75,39724
2026-09-01 11:38:00-0400,764.0,764.0599975585938,763.9199829101562,763.9299926757812,54328
2026-09-01 11:39:00-0400,764.0999755859375,764.1094970703125,763.9550170898438,764.0050048828125,46230
2026-09-01 11:40:00-0400,764.1500244140625,764.219970703125,764.0700073242188,764.0900268554688,53216
2026-09-01 11:41:00-0400,764.0599975585938,764.239990234375,764.0192260742188,764.1500244140625,66530
2026-09-01 11:42:00-0400,764.0900268554688,764.0900268554688,763.989990234375,764.041015625,59513
2026-09-01 11:43:00-0400,764.0599975585938,764.1300048828125,764.010009765625,764.0800170898438,34474
2026-09-01 11:44:00-0400,764.22998046875,764.27001953125,764.010009765625,764.0599975585938,47134
2026-09-01 11:45:00-0400,764.2150268554688,764.25,764.1300048828125,764.219970703125,53825
2026-09-01 11:46:00-0400,764.375,764.4199829101562,764.2000122070312,764.2100219726562,80857
2026-09-01 11:47:00-0400,764.5,764.530029296875,764.375,764.375,82792
2026-09-01 11:48:00-0400,764.4808959960938,764.510009765625,764.3699951171875,764.489990234375,58647
2026-09-01 11:49:00-0400,764.5599975585938,764.5999755859375,764.4299926757812,764.47998046875,58974
2026-09-01 11:50:00-0400,764.3967895507812,764.5800170898438,764.3200073242188,764.5599975585938,66866
2026-09-01 11:51:00-0400,764.4400024414062,764.530029296875,764.3900146484375,764.39501953125,71682
2026-09-01 11:52:00-0400,764.4099731445312,764.469970703125,764.280029296875,764.4500122070312,62611
2026-09-01 11:53:00-0400,764.6300048828125,764.6699829101562,764.3699951171875,764.4199829101562,43211
2026-09-01 11:54:00-0400,764.5499877929688,764.6199951171875,764.4500732421875,764.6099853515625,39121
2026-09-01 11:55:00-0400,764.4760131835938,764.5800170898438,764.4199829101562,764.5449829101562,44208
2026-09-01 11:56:00-0400,764.3599853515625,764.5,764.3400268554688,764.4896850585938,33127
2026-09-01 11:57:00-0400,764.219970703125,764.4299926757812,764.219970703125,764.340087890625,152131
2026-09-01 11:58:00-0400,764.2800903320312,764.3200073242188,764.1199951171875,764.2100219726562,51761
2026-09-01 11:59:00-0400,764.2899780273438,764.458984375,764.260009765625,764.27001953125,26652
2026-09-01 12:00:00-0400,764.3200073242188,764.3400268554688,764.1699829101562,764.2899780273438,141025
2026-09-01 12:01:00-0400,764.239990234375,764.3300170898438,764.1859741210938,764.3099975585938,27452
2026-09-01 12:02:00-0400,764.1099853515625,764.219970703125,764.0599975585938,764.2000122070312,102026
2026-09-01 12:03:00-0400,764.1849975585938,764.2100219726562,764.0999755859375,764.1099853515625,20588
2026-09-01 12:04:00-0400,764.260009765625,764.2755737304688,764.1699829101562,764.1849975585938,24367
2026-09-01 12:05:00-0400,764.27001953125,764.2899780273438,764.1900024414062,764.22998046875,23565
2026-09-01 12:06:00-0400,764.010009765625,764.2999877929688,763.97998046875,764.280029296875,32089
2026-09-01 12:07:00-0400,764.0700073242188,764.2100219726562,764.0,764.010009765625,34786
2026-09-01 12:08:00-0400,763.8900146484375,764.0999755859375,763.8099975585938,764.0700073242188,48220
2026-09-01 12:09:00-0400,763.8900146484375,764.0050048828125,763.8599853515625,763.9000244140625,83481
2026-09-01 12:10:00-0400,763.9600219726562,763.9600219726562,763.719970703125,763.9099731445312,82468
2026-09-01 12:11:00-0400,763.9199829101562,763.969970703125,763.8800048828125,763.9400024414062,23250
2026-09-01 12:12:00-0400,763.9398193359375,764.0999755859375,763.9000244140625,763.9287109375,34163
2026-09-01 12:13:00-0400,763.8099975585938,764.02001953125,763.8099975585938,763.9398803710938,33306
2026-09-01 12:14:00-0400,763.5399780273438,763.8400268554688,763.510009765625,763.8150024414062,69106
2026-09-01 12:15:00-0400,763.5822143554688,763.6199951171875,763.4199829101562,763.5349731445312,65277
2026-09-01 12:16:00-0400,763.4849853515625,763.5999755859375,763.3900146484375,763.5700073242188,59949
2026-09-01 12:17:00-0400,763.2100219726562,763.510009765625,763.2100219726562,763.47998046875,49295
2026-09-01 12:18:00-0400,763.1699829101562,763.3200073242188,763.1510009765625,763.219970703125,58843
2026-09-01 12:19:00-0400,763.02001953125,763.260009765625,762.9600219726562,763.1799926757812,76839
2026-09-01 12:20:00-0400,762.639892578125,763.030029296875,762.60498046875,763.0050048828125,98308
2026-09-01 12:21:00-0400,762.510009765625,762.7100219726562,762.4000244140625,762.6400146484375,97577
2026-09-01 12:22:00-0400,762.739990234375,762.8200073242188,762.5,762.5,133320
2026-09-01 12:23:00-0400,762.9199829101562,763.0900268554688,762.6799926757812,762.72998046875,149110
2026-09-01 12:24:00-0400,762.8699951171875,762.9299926757812,762.6400146484375,762.9299926757812,90643
2026-09-01 12:25:00-0400,762.8809814453125,762.9400024414062,762.719970703125,762.8499755859375,24778
2026-09-01 12:26:00-0400,762.3200073242188,762.9000244140625,762.3200073242188,762.8900146484375,247329
2026-09-01 12:27:00-0400,762.3800048828125,762.5999755859375,762.2899780273438,762.3099975585938,118645
2026-09-01 12:28:00-0400,762.47998046875,762.5800170898438,762.3400268554688,762.3599853515625,61279
2026-09-01 12:29:00-0400,762.5399169921875,762.5900268554688,762.4550170898438,762.489990234375,43889
2026-09-01 12:30:00-0400,761.97998046875,762.6300048828125,761.9299926757812,762.5399780273438,240032
2026-09-01 12:31:00-0400,761.9650268554688,762.0599975585938,761.8499755859375,761.989990234375,119937
2026-09-01 12:32:00-0400,761.9650268554688,762.010009765625,761.8499755859375,761.969970703125,79388
2026-09-01 12:33:00-0400,762.0,762.0999755859375,761.89501953125,761.9500122070312,63574
2026-09-01 12:34:00-0400,761.69921875,762.0,761.5800170898438,761.9849853515625,91193
2026-09-01 12:35:00-0400,761.9600219726562,761.9600219726562,761.7000122070312,761.7100219726562,65098
2026-09-01 12:36:00-0400,761.780029296875,762.0,761.6900024414062,761.9550170898438,94814
2026-09-01 12:37:00-0400,761.9199829101562,761.9600219726562,761.7000122070312,761.77001953125,52414
2026-09-01 12:38:00-0400,761.989990234375,762.1400146484375,761.9199829101562,761.9199829101562,61441
2026-09-01 12:39:00-0400,762.2100219726562,762.22998046875,762.02001953125,762.02001953125,29766
2026-09-01 12:40:00-0400,762.0150146484375,762.2999877929688,761.9901123046875,762.22998046875,64199
2026-09-01 12:41:00-0400,762.3099975585938,762.3699951171875,762.030029296875,762.030029296875,37758
2026-09-01 12:42:00-0400,761.8200073242188,762.3099975585938,761.8200073242188,762.2899780273438,49236
2026-09-01 12:43:00-0400,761.9299926757812,762.0700073242188,761.7999877929688,761.8099975585938,105518
2026-09-01 12:44:00-0400,761.7100219726562,761.9849853515625,761.6599731445312,761.9400024414062,42827
2026-09-01 12:45:00-0400,761.8400268554688,761.8599853515625,761.6400146484375,761.7000122070312,74710
2026-09-01 12:46:00-0400,761.7849731445312,761.9199829101562,761.760009765625,761.84521484375,39126
2026-09-01 12:47:00-0400,761.8099975585938,761.9600219726562,761.7899780273438,761.7899780273438,23675
2026-09-01 12:48:00-0400,761.989990234375,762.010009765625,761.8099975585938,761.8300170898438,25682
2026-09-01 12:49:00-0400,761.9600219726562,762.02001953125,761.9000244140625,761.9600219726562,25481
2026-09-01 12:50:00-0400,762.0700073242188,762.0800170898438,761.8099975585938,761.9500122070312,27807
2026-09-01 12:51:00-0400,761.9000244140625,762.0700073242188,761.8499755859375,762.0700073242188,42663
2026-09-01 12:52:00-0400,761.8900146484375,761.9669799804688,761.739990234375,761.8900146484375,43610
2026-09-01 12:53:00-0400,761.8099975585938,761.9400024414062,761.780029296875,761.8699951171875,25997
2026-09-01 12:54:00-0400,761.8800048828125,761.9400024414062,761.760009765625,761.7799072265625,30068
2026-09-01 12:55:00-0400,762.1300048828125,762.1749877929688,761.9000244140625,761.9000244140625,34169
2026-09-01 12:56:00-0400,762.239990234375,762.25,762.0399780273438,762.1400146484375,51491
2026-09-01 12:57:00-0400,762.1898803710938,762.2999877929688,762.1500244140625,762.25,44504
2026-09-01 12:58:00-0400,762.2999877929688,762.3900146484375,762.1699829101562,762.1799926757812,44903
2026-09-01 12:59:00-0400,762.260009765625,762.3900146484375,762.25,762.2899780273438,40283
2026-09-01 13:00:00-0400,762.0299072265625,762.2899780273438,761.989990234375,762.260009765625,70015
2026-09-01 13:01:00-0400,761.840087890625,762.0650024414062,761.7999877929688,762.0399780273438,27051
2026-09-01 13:02:00-0400,761.8477172851562,761.989990234375,761.7999877929688,761.8599853515625,42427
2026-09-01 13:03:00-0400,761.7999877929688,762.02001953125,761.7899780273438,761.8599853515625,32395
2026-09-01 13:04:00-0400,761.7100219726562,761.9500122070312,761.6900024414062,761.7999877929688,33817
2026-09-01 13:05:00-0400,761.739990234375,761.8300170898438,761.7000122070312,761.7100219726562,38355
2026-09-01 13:06:00-0400,761.739990234375,761.787109375,761.6599731445312,761.7100219726562,68950
2026-09-01 13:07:00-0400,761.56201171875,761.739990234375,761.530029296875,761.739990234375,36214
2026-09-01 13:08:00-0400,761.5700073242188,761.7000122070312,761.5,761.5750122070312,65000
2026-09-01 13:09:00-0400,761.7000122070312,761.77001953125,761.5505981445312,761.5650024414062,65049
2026-09-01 13:10:00-0400,761.6749877929688,761.7650146484375,761.6199951171875,761.7000122070312,51034
2026-09-01 13:11:00-0400,761.909912109375,761.9099731445312,761.6799926757812,761.6799926757812,105272
2026-09-01 13:12:00-0400,762.0299072265625,762.030029296875,761.8499755859375,761.9000244140625,58600
2026-09-01 13:13:00-0400,761.9000244140625,762.0900268554688,761.8800048828125,762.02001953125,32494
2026-09-01 13:14:00-0400,761.9650268554688,762.0700073242188,761.8900146484375,761.8900146484375,28242
2026-09-01 13:15:00-0400,762.0700073242188,762.1500244140625,761.9149780273438,761.9600219726562,58946
2026-09-01 13:16:00-0400,761.7100219726562,762.0999755859375,761.6500854492188,762.0700073242188,73855
2026-09-01 13:17:00-0400,761.6099853515625,761.7849731445312,761.5900268554688,761.6600952148438,75974
2026-09-01 13:18:00-0400,761.6699829101562,761.760009765625,761.5800170898438,761.5999755859375,42380
2026-09-01 13:19:00-0400,761.60498046875,761.6799926757812,761.5,761.6599731445312,39866
2026-09-01 13:20:00-0400,761.6500244140625,761.780029296875,761.5599975585938,761.6199951171875,36322
2026-09-01 13:21:00-0400,761.6599731445312,761.7100219726562,761.510009765625,761.6500244140625,38393
2026-09-01 13:22:00-0400,761.6699829101562,761.7260131835938,761.5999755859375,761.6699829101562,35713
2026-09-01 13:23:00-0400,761.52001953125,761.6849975585938,761.510009765625,761.6699829101562,38580
2026-09-01 13:24:00-0400,761.5999755859375,761.6400146484375,761.489990234375,761.530029296875,34681
2026-09-01 13:25:00-0400,761.4299926757812,761.72998046875,760.72998046875,761.6199951171875,228003
2026-09-01 13:26:00-0400,761.2999877929688,761.5,761.239990234375,761.4299926757812,88897
2026-09-01 13:27:00-0400,761.5700073242188,761.6099853515625,761.25537109375,761.2999877929688,135786
2026-09-01 13:28:00-0400,761.52001953125,761.6099853515625,761.3900146484375,761.5700073242188,37633
2026-09-01 13:29:00-0400,761.6799926757812,761.739990234375,761.510009765625,761.5800170898438,41780
2026-09-01 13:30:00-0400,761.7999877929688,761.9299926757812,761.6199951171875,761.6799926757812,59971
2026-09-01 13:31:00-0400,761.9979858398438,762.0,761.7816772460938,761.7999877929688,30915
2026-09-01 13:32:00-0400,761.8599853515625,761.9949951171875,761.8599853515625,761.989990234375,47520
2026-09-01 13:33:00-0400,761.9000244140625,761.9000244140625,761.6699829101562,761.8250122070312,91278
2026-09-01 13:34:00-0400,761.989990234375,762.0499877929688,761.8800048828125,761.8955078125,49264
2026-09-01 13:35:00-0400,762.1400146484375,762.2000122070312,761.9949951171875,761.9949951171875,36328
2026-09-01 13:36:00-0400,762.010009765625,762.1799926757812,761.9500122070312,762.1199951171875,23511
2026-09-01 13:37:00-0400,761.97998046875,762.0399780273438,761.9000244140625,761.97998046875,295382
2026-09-01 13:38:00-0400,761.9500122070312,761.969970703125,761.780029296875,761.969970703125,70801
2026-09-01 13:39:00-0400,761.9149780273438,762.0499877929688,761.8900146484375,761.9349975585938,63617
2026-09-01 13:40:00-0400,761.9000244140625,762.0700073242188,761.8599853515625,761.9199829101562,36943
2026-09-01 13:41:00-0400,762.1199951171875,762.22998046875,761.8900146484375,761.9000854492188,57781
2026-09-01 13:42:00-0400,762.1500244140625,762.2000122070312,762.010009765625,762.1199951171875,22812
2026-09-01 13:43:00-0400,762.0,762.1599731445312,762.0,762.1500244140625,37744
2026-09-01 13:44:00-0400,762.0700073242188,762.0900268554688,761.989990234375,762.0250244140625,20275
2026-09-01 13:45:00-0400,762.02001953125,762.1400146484375,762.010009765625,762.0499877929688,26028
2026-09-01 13:46:00-0400,761.739990234375,762.030029296875,761.6799926757812,762.019775390625,54021
2026-09-01 13:47:00-0400,761.8599853515625,761.8699951171875,761.739990234375,761.739990234375,47575
2026-09-01 13:48:00-0400,761.719970703125,761.8599853515625,761.6500244140625,761.8499755859375,45618
2026-09-01 13:49:00-0400,761.5750122070312,761.760009765625,761.5599975585938,761.719970703125,45417
2026-09-01 13:50:00-0400,761.6699829101562,761.6857299804688,761.5499877929688,761.5750122070312,125072
2026-09-01 13:51:00-0400,761.760009765625,761.780029296875,761.5828857421875,761.6649780273438,31572
2026-09-01 13:52:00-0400,761.7000122070312,761.8400268554688,761.6749877929688,761.77001953125,23389
2026-09-01 13:53:00-0400,761.52001953125,761.719970703125,761.52001953125,761.7000122070312,43291
2026-09-01 13:54:00-0400,761.5599975585938,761.5900268554688,761.47998046875,761.52001953125,33651
2026-09-01 13:55:00-0400,761.5700073242188,761.6199951171875,761.530029296875,761.5650024414062,25798
2026-09-01 13:56:00-0400,761.52001953125,761.6199951171875,761.469970703125,761.5750122070312,49077
2026-09-01 13:57:00-0400,761.5349731445312,761.5800170898438,761.4600219726562,761.530029296875,40561
2026-09-01 13:58:00-0400,761.760009765625,761.77001953125,761.489990234375,761.5499877929688,32637
2026-09-01 13:59:00-0400,761.8200073242188,761.8800048828125,761.760009765625,761.77001953125,55556
2026-09-01 14:00:00-0400,761.7999877929688,762.0399780273438,761.7100219726562,761.8099975585938,86590
2026-09-01 14:01:00-0400,761.7100219726562,761.8499755859375,761.69091796875,761.7949829101562,36897
2026-09-01 14:02:00-0400,761.8499755859375,761.9099731445312,761.6799926757812,761.7000122070312,43638
2026-09-01 14:03:00-0400,761.780029296875,761.9500122070312,761.75,761.864990234375,90970
2026-09-01 14:04:00-0400,761.60009765625,761.8099975585938,761.5565185546875,761.7899780273438,55622
2026-09-01 14:05:00-0400,761.5349731445312,761.64501953125,761.489990234375,761.5999755859375,44621
2026-09-01 14:06:00-0400,761.4500122070312,761.5700073242188,761.4218139648438,761.5399780273438,49106
2026-09-01 14:07:00-0400,761.6099853515625,761.625,761.4500122070312,761.4600219726562,113112
2026-09-01 14:08:00-0400,761.6400146484375,761.6900024414062,761.5499877929688,761.614990234375,26965
2026-09-01 14:09:00-0400,761.655029296875,761.6900024414062,761.5650024414062,761.6199951171875,57842
2026-09-01 14:10:00-0400,761.5449829101562,761.7100219726562,761.510009765625,761.64501953125,40674
2026-09-01 14:11:00-0400,761.5650024414062,761.6799926757812,761.510009765625,761.5599975585938,23653
2026-09-01 14:12:00-0400,761.5399780273438,761.6300048828125,761.5399780273438,761.5700073242188,22719
2026-09-01 14:13:00-0400,761.3699951171875,761.5399780273438,761.3599853515625,761.5399780273438,58200
2026-09-01 14:14:00-0400,761.3800048828125,761.4299926757812,761.30322265625,761.3699951171875,47986
2026-09-01 14:15:00-0400,761.4000244140625,761.4600219726562,761.280029296875,761.3699951171875,127086
2026-09-01 14:16:00-0400,761.5,761.5,761.3699951171875,761.4000244140625,30439
2026-09-01 14:17:00-0400,761.77001953125,761.77001953125,761.469970703125,761.47998046875,81918
2026-09-01 14:18:00-0400,761.739990234375,761.7999877929688,761.6900024414062,761.760009765625,148458
2026-09-01 14:19:00-0400,761.7550048828125,761.8200073242188,761.7100219726562,761.75,33654
2026-09-01 14:20:00-0400,761.77001953125,761.8300170898438,761.6599731445312,761.760009765625,28058
2026-09-01 14:21:00-0400,761.6900024414062,761.8099975585938,761.6500244140625,761.7899780273438,42847
2026-09-01 14:22:00-0400,761.7100219726562,761.739990234375,761.6500244140625,761.7000122070312,26412
2026-09-01 14:23:00-0400,761.594970703125,761.72998046875,761.5,761.7100219726562,50368
2026-09-01 14:24:00-0400,761.6599731445312,761.7000122070312,761.552978515625,761.580078125,54123
2026-09-01 14:25:00-0400,761.5850219726562,761.6400146484375,761.3499755859375,761.6400146484375,47233
2026-09-01 14:26:00-0400,761.4849853515625,761.6099853515625,761.4199829101562,761.5999755859375,30675
2026-09-01 14:27:00-0400,761.2214965820312,761.47998046875,761.2100219726562,761.47998046875,42690
2026-09-01 14:28:00-0400,761.10009765625,761.219970703125,761.0700073242188,761.2100219726562,115437
2026-09-01 14:29:00-0400,761.2100219726562,761.219970703125,761.0700073242188,761.0900268554688,57387
2026-09-01 14:30:00-0400,761.05419921875,761.2449951171875,761.0501098632812,761.2199096679688,50025
2026-09-01 14:31:00-0400,760.89501953125,761.1099853515625,760.8800048828125,761.0599975585938,97136
2026-09-01 14:32:00-0400,761.0599975585938,761.149169921875,760.9000244140625,760.9000244140625,82792
2026-09-01 14:33:00-0400,760.8400268554688,761.0800170898438,760.8300170898438,761.0650024414062,44377
2026-09-01 14:34:00-0400,760.75,760.8599853515625,760.6699829101562,760.8400268554688,65875
2026-09-01 14:35:00-0400,760.8499755859375,760.8690185546875,760.719970703125,760.75,595726
2026-09-01 14:36:00-0400,760.7899780273438,760.9099731445312,760.7600708007812,760.8300170898438,196108
2026-09-01 14:37:00-0400,760.6849975585938,760.79541015625,760.6199951171875,760.7899780273438,79581
2026-09-01 14:38:00-0400,760.6400146484375,760.77001953125,760.6300048828125,760.7000122070312,52968
2026-09-01 14:39:00-0400,760.5399780273438,760.6400146484375,760.5,760.6300048828125,74287
2026-09-01 14:40:00-0400,760.5599975585938,760.6199951171875,760.530029296875,760.5399780273438,41015
2026-09-01 14:41:00-0400,760.2999877929688,760.5850219726562,760.2999877929688,760.5349731445312,50783
2026-09-01 14:42:00-0400,760.030029296875,760.3300170898438,760.030029296875,760.2999877929688,107253
2026-09-01 14:43:00-0400,759.9400024414062,760.1199951171875,759.8800048828125,760.0399780273438,145324
2026-09-01 14:44:00-0400,759.739990234375,759.9500122070312,759.7100219726562,759.9400024414062,180460
2026-09-01 14:45:00-0400,759.5,759.8300170898438,759.5,759.7249755859375,119235
2026-09-01 14:46:00-0400,759.739990234375,759.7949829101562,759.47998046875,759.5050048828125,141882
2026-09-01 14:47:00-0400,759.9990234375,760.0,759.7000732421875,759.75,107804
2026-09-01 14:48:00-0400,759.8499755859375,760.0499267578125,759.75,759.989990234375,79548
2026-09-01 14:49:00-0400,760.1900024414062,760.260009765625,759.8350219726562,759.8350219726562,106217
2026-09-01 14:50:00-0400,760.135009765625,760.219970703125,760.0399780273438,760.2000122070312,70577
2026-09-01 14:51:00-0400,760.1599731445312,760.239990234375,760.030029296875,760.0999755859375,63363
2026-09-01 14:52:00-0400,760.27099609375,760.3900146484375,760.0999755859375,760.1500244140625,65367
2026-09-01 14:53:00-0400,760.219970703125,760.2705078125,760.1500244140625,760.2705078125,56334
2026-09-01 14:54:00-0400,760.25,760.280029296875,760.1400146484375,760.2150268554688,47250
2026-09-01 14:55:00-0400,760.3499755859375,760.4500122070312,760.1699829101562,760.219970703125,59268
2026-09-01 14:56:00-0400,760.739990234375,760.77001953125,760.2999877929688,760.3499755859375,97424
2026-09-01 14:57:00-0400,760.6300048828125,760.7849731445312,760.530029296875,760.719970703125,103894
2026-09-01 14:58:00-0400,760.77001953125,760.8900146484375,760.6300048828125,760.6500244140625,51905
2026-09-01 14:59:00-0400,760.7294921875,760.8499755859375,760.6900024414062,760.7999877929688,43128
2026-09-01 15:00:00-0400,760.8900146484375,761.030029296875,760.6199951171875,760.719970703125,99741
2026-09-01 15:01:00-0400,760.8049926757812,760.9299926757812,760.6500244140625,760.9099731445312,104956
2026-09-01 15:02:00-0400,760.77001953125,760.8400268554688,760.6699829101562,760.8099975585938,70154
2026-09-01 15:03:00-0400,760.97998046875,761.02001953125,760.7100219726562,760.77001953125,65291
2026-09-01 15:04:00-0400,761.1400146484375,761.2000122070312,760.97998046875,760.9901123046875,90002
2026-09-01 15:05:00-0400,761.0,761.1599731445312,760.8900146484375,761.1599731445312,79626
2026-09-01 15:06:00-0400,761.0941772460938,761.1699829101562,760.9400024414062,760.989990234375,65209
2026-09-01 15:07:00-0400,760.9600219726562,761.0900268554688,760.8759155273438,761.0900268554688,47516
2026-09-01 15:08:00-0400,761.0399780273438,761.0700073242188,760.8405151367188,760.9600219726562,49809
2026-09-01 15:09:00-0400,761.094970703125,761.1199951171875,760.969970703125,761.0784912109375,63556
2026-09-01 15:10:00-0400,761.1699829101562,761.22998046875,761.0499877929688,761.0800170898438,66643
2026-09-01 15:11:00-0400,761.260009765625,761.4400024414062,761.1500244140625,761.1599731445312,80830
2026-09-01 15:12:00-0400,761.3400268554688,761.3798828125,761.1099853515625,761.260009765625,81056
2026-09-01 15:13:00-0400,761.3200073242188,761.3900146484375,761.22998046875,761.3499755859375,66144
2026-09-01 15:14:00-0400,761.4600219726562,761.47998046875,761.2999877929688,761.3300170898438,78549
2026-09-01 15:15:00-0400,761.5700073242188,761.5700073242188,761.4000244140625,761.4600219726562,85245
2026-09-01 15:16:00-0400,761.3900146484375,761.6099853515625,761.3699951171875,761.5700073242188,68009
2026-09-01 15:17:00-0400,761.3400268554688,761.530029296875,761.260009765625,761.3900146484375,76404
2026-09-01 15:18:00-0400,761.3099975585938,761.47998046875,761.2100219726562,761.3300170898438,80508
2026-09-01 15:19:00-0400,761.4000244140625,761.4500122070312,761.1099853515625,761.3099975585938,81938
2026-09-01 15:20:00-0400,761.1199951171875,761.4299926757812,761.1099853515625,761.3800048828125,102976
2026-09-01 15:21:00-0400,761.1599731445312,761.25,761.1099853515625,761.1300048828125,89294
2026-09-01 15:22:00-0400,761.3599853515625,761.4099731445312,761.0700073242188,761.1799926757812,74057
2026-09-01 15:23:00-0400,761.3900146484375,761.47998046875,761.2899780273438,761.3699951171875,84244
2026-09-01 15:24:00-0400,761.280029296875,761.39501953125,761.27001953125,761.3699951171875,51894
2026-09-01 15:25:00-0400,761.2899780273438,761.4299926757812,761.219970703125,761.2899780273438,74812
2026-09-01 15:26:00-0400,761.22998046875,761.3074951171875,761.2100219726562,761.280029296875,57918
2026-09-01 15:27:00-0400,761.219970703125,761.2899780273438,761.1799926757812,761.2550048828125,82218
2026-09-01 15:28:00-0400,761.3150024414062,761.3200073242188,761.1799926757812,761.219970703125,85992
2026-09-01 15:29:00-0400,761.3599853515625,761.4400024414062,761.27001953125,761.3200073242188,92850
2026-09-01 15:30:00-0400,761.0718994140625,761.39990234375,761.030029296875,761.39990234375,98674
2026-09-01 15:31:00-0400,760.9000244140625,761.1400146484375,760.9000244140625,761.0499877929688,83274
2026-09-01 15:32:00-0400,760.77001953125,760.9600219726562,760.760009765625,760.9199829101562,302519
2026-09-01 15:33:00-0400,760.909912109375,760.9099731445312,760.77001953125,760.780029296875,73274
2026-09-01 15:34:00-0400,761.1400756835938,761.1699829101562,760.8400268554688,760.8900146484375,103268
2026-09-01 15:35:00-0400,761.2550048828125,761.3400268554688,761.0599975585938,761.1400146484375,95856
2026-09-01 15:36:00-0400,760.9600219726562,761.27001953125,760.8900146484375,761.260009765625,79246
2026-09-01 15:37:00-0400,760.9600219726562,761.0,760.8800048828125,760.97900390625,74241
2026-09-01 15:38:00-0400,760.8800048828125,760.97998046875,760.8599853515625,760.969970703125,66427
2026-09-01 15:39:00-0400,760.8499755859375,761.010009765625,760.8300170898438,760.8900146484375,112852
2026-09-01 15:40:00-0400,761.0800170898438,761.0900268554688,760.739990234375,760.8699951171875,161298
2026-09-01 15:41:00-0400,761.10498046875,761.2598876953125,761.0399780273438,761.0800170898438,146057
2026-09-01 15:42:00-0400,760.8300170898438,761.1300048828125,760.8200073242188,761.0999755859375,342414
2026-09-01 15:43:00-0400,760.9598999023438,760.989990234375,760.77001953125,760.8200073242188,114398
2026-09-01 15:44:00-0400,761.0499877929688,761.0599975585938,760.8900146484375,760.9500122070312,105372
2026-09-01 15:45:00-0400,761.0150146484375,761.2999877929688,760.969970703125,761.0599975585938,173142
2026-09-01 15:46:00-0400,761.155029296875,761.2100219726562,760.969970703125,761.010009765625,141126
2026-09-01 15:47:00-0400,761.3599853515625,761.3699951171875,761.1300048828125,761.1400146484375,148919
2026-09-01 15:48:00-0400,761.3499755859375,761.4450073242188,761.3099975585938,761.3599853515625,210116
2026-09-01 15:49:00-0400,761.260009765625,761.4199829101562,761.1199951171875,761.3499755859375,224699
2026-09-01 15:50:00-0400,761.25,761.2899780273438,760.969970703125,761.25,239757
2026-09-01 15:51:00-0400,761.0599975585938,761.280029296875,760.969970703125,761.239990234375,205072
2026-09-01 15:52:00-0400,760.969970703125,761.1199951171875,760.9000244140625,761.0549926757812,246411
2026-09-01 15:53:00-0400,760.7100219726562,760.9600219726562,760.5800170898438,760.9500122070312,227324
2026-09-01 15:54:00-0400,760.9299926757812,760.969970703125,760.6400146484375,760.7100219726562,160830
2026-09-01 15:55:00-0400,760.8699951171875,761.2000122070312,760.8400268554688,760.9500122070312,218976
2026-09-01 15:56:00-0400,760.780029296875,760.85498046875,760.594970703125,760.8499755859375,175112
2026-09-01 15:57:00-0400,760.8099975585938,760.8499755859375,760.7000122070312,760.7849731445312,168928
2026-09-01 15:58:00-0400,761.2550048828125,761.260009765625,760.77001953125,760.8200073242188,383286
2026-09-01 15:59:00-0400,761.7000122070312,761.75,761.0399780273438,761.260009765625,1694316
2026-09-02 09:30:00-0400,762.0050048828125,762.52001953125,761.8099975585938,762.4500122070312,1105623
2026-09-02 09:31:00-0400,761.8800048828125,762.2222900390625,761.739990234375,762.02001953125,142315
2026-09-02 09:32:00-0400,762.3499755859375,762.3599853515625,761.8599853515625,761.8699951171875,119239
2026-09-02 09:33:00-0400,762.2100219726562,762.3900146484375,762.0800170898438,762.3400268554688,120731
2026-09-02 09:34:00-0400,762.3800048828125,762.4199829101562,762.1699829101562,762.2100219726562,81561
2026-09-02 09:35:00-0400,762.14990234375,762.4099731445312,762.0,762.4000244140625,100988
2026-09-02 09:36:00-0400,761.844970703125,762.22998046875,761.8400268554688,762.1300048828125,66550
2026-09-02 09:37:00-0400,762.0150146484375,762.1765747070312,761.72998046875,761.8400268554688,92165
2026-09-02 09:38:00-0400,762.2100219726562,762.3320922851562,761.9500122070312,762.010009765625,64485
2026-09-02 09:39:00-0400,762.469970703125,762.47998046875,762.0700073242188,762.2100219726562,47713
2026-09-02 09:40:00-0400,762.4749755859375,762.6500244140625,762.260009765625,762.4500122070312,170626
2026-09-02 09:41:00-0400,762.5413208007812,762.6799926757812,762.3699951171875,762.4550170898438,58653
2026-09-02 09:42:00-0400,762.5599975585938,762.6900024414062,762.5,762.5800170898438,64879
2026-09-02 09:43:00-0400,762.489990234375,762.6395263671875,762.3908081054688,762.5449829101562,171213
2026-09-02 09:44:00-0400,762.7999877929688,762.8300170898438,762.4703979492188,762.47998046875,96965
2026-09-02 09:45:00-0400,762.3300170898438,762.9000244140625,762.030029296875,762.8099975585938,168746
2026-09-02 09:46:00-0400,762.2490234375,762.4199829101562,762.0499877929688,762.32373046875,87016
2026-09-02 09:47:00-0400,762.3499755859375,762.3900146484375,762.1799926757812,762.22998046875,71398
2026-09-02 09:48:00-0400,762.27001953125,762.489990234375,762.22998046875,762.3599853515625,91022
2026-09-02 09:49:00-0400,762.0900268554688,762.3300170898438,761.9609985351562,762.2650146484375,90942
2026-09-02 09:50:00-0400,762.375,762.489990234375,762.0800170898438,762.0800170898438,57278
2026-09-02 09:51:00-0400,762.0700073242188,762.4099731445312,762.0499877929688,762.4099731445312,60427
2026-09-02 09:52:00-0400,762.375,762.489990234375,762.0599975585938,762.0999755859375,38497
2026-09-02 09:53:00-0400,762.489990234375,762.6110229492188,762.3900146484375,762.3900146484375,44512
2026-09-02 09:54:00-0400,762.4600219726562,762.5850219726562,762.3699951171875,762.484375,51235
2026-09-02 09:55:00-0400,762.364990234375,762.489990234375,762.1799926757812,762.4600219726562,89954
2026-09-02 09:56:00-0400,762.6799926757812,762.6900024414062,762.3499755859375,762.3499755859375,51589
2026-09-02 09:57:00-0400,762.5499877929688,762.739990234375,762.5399780273438,762.6900024414062,59155
2026-09-02 09:58:00-0400,762.5750122070312,762.72998046875,762.47998046875,762.5515747070312,73348
2026-09-02 09:59:00-0400,763.0650024414062,763.0650024414062,762.580078125,762.5900268554688,62166
2026-09-02 10:00:00-0400,763.2999877929688,763.2999877929688,762.8599853515625,763.030029296875,81984
2026-09-02 10:01:00-0400,763.3900146484375,763.5900268554688,763.25,763.2999877929688,127243
2026-09-02 10:02:00-0400,763.4500122070312,763.469970703125,763.1500244140625,763.3800048828125,103707
2026-09-02 10:03:00-0400,763.3201293945312,763.4600219726562,763.2899780273438,763.45947265625,40862
2026-09-02 10:04:00-0400,763.739990234375,763.739990234375,763.3400268554688,763.3499755859375,58795
2026-09-02 10:05:00-0400,763.8400268554688,763.8900146484375,763.739990234375,763.739990234375,113824
2026-09-02 10:06:00-0400,764.0399780273438,764.0399780273438,763.72998046875,763.8049926757812,78952
2026-09-02 10:07:00-0400,764.0599975585938,764.1400146484375,764.030029296875,764.0399780273438,154521
2026-09-02 10:08:00-0400,764.010009765625,764.1300048828125,763.9099731445312,764.0599975585938,105911
2026-09-02 10:09:00-0400,763.72998046875,764.0399780273438,763.6300048828125,764.0150146484375,76495
2026-09-02 10:10:00-0400,763.9500122070312,764.0599975585938,763.6900024414062,763.72998046875,52927
2026-09-02 10:11:00-0400,763.9600219726562,763.9600219726562,763.780029296875,763.9400024414062,58933
2026-09-02 10:12:00-0400,763.8099975585938,763.9849853515625,763.6500244140625,763.969970703125,54891
2026-09-02 10:13:00-0400,764.02001953125,764.0399780273438,763.7899780273438,763.8099975585938,68232
2026-09-02 10:14:00-0400,764.25,764.2899780273438,764.02001953125,764.02001953125,66898
2026-09-02 10:15:00-0400,764.2150268554688,764.35498046875,764.0850219726562,764.260009765625,95945
2026-09-02 10:16:00-0400,764.3800048828125,764.4099731445312,764.219970703125,764.219970703125,87779
2026-09-02 10:17:00-0400,764.5598754882812,764.5700073242188,764.3099975585938,764.3699951171875,77676
2026-09-02 10:18:00-0400,764.6599731445312,764.6799926757812,764.4099731445312,764.5599975585938,122870
2026-09-02 10:19:00-0400,764.8599853515625,764.989990234375,764.6807250976562,764.6900024414062,90950
2026-09-02 10:20:00-0400,764.7899780273438,764.9400024414062,764.77001953125,764.8599853515625,90515
2026-09-02 10:21:00-0400,765.2449951171875,765.2550048828125,764.7899780273438,764.7899780273438,173523
2026-09-02 10:22:00-0400,765.22998046875,765.3350219726562,765.1649780273438,765.25,138423
2026-09-02 10:23:00-0400,765.2999877929688,765.3250122070312,765.0700073242188,765.25,92006
2026-09-02 10:24:00-0400,765.2092895507812,765.3099975585938,765.1799926757812,765.2899780273438,37312
2026-09-02 10:25:00-0400,765.1900024414062,765.2449951171875,765.0399780273438,765.2100219726562,93510
2026-09-02 10:26:00-0400,765.5599975585938,765.5850219726562,765.1950073242188,765.2000122070312,60266
2026-09-02 10:27:00-0400,765.3800048828125,765.5599975585938,765.3300170898438,765.5599975585938,74736
2026-09-02 10:28:00-0400,765.4299926757812,765.4299926757812,765.3499755859375,765.3800048828125,40375
2026-09-02 10:29:00-0400,765.27001953125,765.4650268554688,765.2000122070312,765.4249877929688,59391
2026-09-02 10:30:00-0400,765.1699829101562,765.3800048828125,765.1099853515625,765.2750244140625,88776
2026-09-02 10:31:00-0400,765.280029296875,765.3099975585938,765.0700073242188,765.1599731445312,39275
2026-09-02 10:32:00-0400,765.1099853515625,765.3300170898438,765.1099853515625,765.281005859375,55505
2026-09-02 10:33:00-0400,765.1199951171875,765.1400146484375,764.9299926757812,765.1099853515625,106461
2026-09-02 10:34:00-0400,765.5800170898438,765.5900268554688,765.0900268554688,765.125,42380
2026-09-02 10:35:00-0400,765.6500244140625,765.7449951171875,765.5250244140625,765.6099853515625,139869
2026-09-02 10:36:00-0400,765.719970703125,765.760009765625,765.5,765.6505126953125,51017
2026-09-02 10:37:00-0400,765.6799926757812,765.7899780273438,765.6400146484375,765.7399291992188,40577
2026-09-02 10:38:00-0400,765.5800170898438,765.6994018554688,765.489990234375,765.6900024414062,47022
2026-09-02 10:39:00-0400,765.8800048828125,765.8800048828125,765.5,765.5800170898438,51239
2026-09-02 10:40:00-0400,766.0399780273438,766.0490112304688,765.7899780273438,765.8699951171875,100293
2026-09-02 10:41:00-0400,765.9450073242188,766.0750122070312,765.9099731445312,766.0401000976562,62973
2026-09-02 10:42:00-0400,765.989990234375,766.2000122070312,765.9500122070312,765.9500122070312,70489
2026-09-02 10:43:00-0400,766.1300048828125,766.1400146484375,765.9099731445312,766.0,42739
2026-09-02 10:44:00-0400,766.2999877929688,766.3400268554688,766.1400146484375,766.1400146484375,61173
2026-09-02 10:45:00-0400,766.0,766.3099975585938,766.0,766.2899780273438,71553
2026-09-02 10:46:00-0400,765.9006958007812,766.02001953125,765.8400268554688,766.0,64907
2026-09-02 10:47:00-0400,765.9249877929688,765.958984375,765.8400268554688,765.9299926757812,30518
2026-09-02 10:48:00-0400,765.760009765625,765.989990234375,765.760009765625,765.9099731445312,48792
2026-09-02 10:49:00-0400,765.8200073242188,765.8300170898438,765.6199951171875,765.77001953125,65926
2026-09-02 10:50:00-0400,765.5,765.8150024414062,765.5,765.8099975585938,78858
2026-09-02 10:51:00-0400,765.6199951171875,765.6298828125,765.3900146484375,765.5,88579
2026-09-02 10:52:00-0400,765.5850219726562,765.6849975585938,765.5349731445312,765.6199951171875,81678
2026-09-02 10:53:00-0400,765.3800048828125,765.6099853515625,765.3300170898438,765.5900268554688,51127
2026-09-02 10:54:00-0400,765.4299926757812,765.485595703125,765.3200073242188,765.380126953125,33542
2026-09-02 10:55:00-0400,765.455810546875,765.5700073242188,765.3900146484375,765.4099731445312,49340
2026-09-02 10:56:00-0400,765.4149780273438,765.530029296875,765.3300170898438,765.4650268554688,54116
2026-09-02 10:57:00-0400,765.5800170898438,765.5800170898438,765.3499755859375,765.4099731445312,30315
2026-09-02 10:58:00-0400,765.3098754882812,765.6300048828125,765.2620239257812,765.5700073242188,88327
2026-09-02 10:59:00-0400,765.3099975585938,765.3200073242188,765.1599731445312,765.2938842773438,36685
2026-09-02 11:00:00-0400,765.2000122070312,765.3499755859375,765.1619873046875,765.3099975585938,50394
2026-09-02 11:01:00-0400,765.1849975585938,765.3699951171875,765.1400146484375,765.2100219726562,53226
2026-09-02 11:02:00-0400,765.3200073242188,765.4199829101562,765.1799926757812,765.1799926757812,41946
2026-09-02 11:03:00-0400,765.6300048828125,765.6300048828125,765.280029296875,765.3099975585938,50145
2026-09-02 11:04:00-0400,765.4299926757812,765.6699829101562,765.3099975585938,765.6358032226562,43408
2026-09-02 11:05:00-0400,765.3900146484375,765.4600219726562,765.2899780273438,765.4400024414062,39469
2026-09-02 11:06:00-0400,765.489990234375,765.6300048828125,765.3400268554688,765.4099731445312,38278
2026-09-02 11:07:00-0400,765.2999877929688,765.510009765625,765.260009765625,765.510009765625,28375
2026-09-02 11:08:00-0400,765.2899780273438,765.3300170898438,765.2150268554688,765.2899780273438,49043
2026-09-02 11:09:00-0400,765.4400024414062,765.469970703125,765.25,765.2899780273438,77891
2026-09-02 11:10:00-0400,765.2899780273438,765.4500122070312,765.22998046875,765.4299926757812,57266
2026-09-02 11:11:00-0400,765.719970703125,765.72998046875,765.25,765.2949829101562,49068
2026-09-02 11:12:00-0400,765.3900146484375,765.7799072265625,765.385009765625,765.72998046875,45677
2026-09-02 11:13:00-0400,765.2598876953125,765.4600219726562,765.25,765.3900146484375,39989
2026-09-02 11:14:00-0400,765.5280151367188,765.5499877929688,765.239990234375,765.260009765625,31916
2026-09-02 11:15:00-0400,765.6500244140625,765.655029296875,765.4000244140625,765.530029296875,31622
2026-09-02 11:16:00-0400,765.7000122070312,765.75,765.5900268554688,765.6699829101562,50101
2026-09-02 11:17:00-0400,765.7000122070312,765.77001953125,765.6400146484375,765.6900024414062,24445
2026-09-02 11:18:00-0400,765.8499755859375,765.8699951171875,765.6599731445312,765.6900024414062,22344
2026-09-02 11:19:00-0400,765.9749755859375,766.02001953125,765.8499755859375,765.8499755859375,41593
2026-09-02 11:20:00-0400,765.9400024414062,766.0399780273438,765.8900146484375,765.989990234375,36816
2026-09-02 11:21:00-0400,765.7999877929688,765.9500122070312,765.7750244140625,765.9299926757812,38590
2026-09-02 11:22:00-0400,765.9299926757812,765.9400024414062,765.7678833007812,765.780029296875,30154
2026-09-02 11:23:00-0400,765.8049926757812,765.989990234375,765.7100219726562,765.9299926757812,49393
2026-09-02 11:24:00-0400,765.8800048828125,765.9400024414062,765.7999877929688,765.8200073242188,52678
2026-09-02 11:25:00-0400,766.1199951171875,766.1300048828125,765.8699951171875,765.8900146484375,32737
2026-09-02 11:26:00-0400,766.02001953125,766.1300048828125,766.02001953125,766.1300048828125,26512
2026-09-02 11:27:00-0400,766.0499877929688,766.0900268554688,765.9700927734375,766.030029296875,18474
2026-09-02 11:28:00-0400,766.2100830078125,766.4000244140625,766.0700073242188,766.0700073242188,30085
2026-09-02 11:29:00-0400,766.2949829101562,766.3499755859375,766.1300048828125,766.22998046875,43925
2026-09-02 11:30:00-0400,766.1599731445312,766.4299926757812,766.1599731445312,766.3250122070312,73675
2026-09-02 11:31:00-0400,766.219970703125,766.219970703125,766.0999755859375,766.155029296875,73179
2026-09-02 11:32:00-0400,766.2800903320312,766.2999877929688,766.1400146484375,766.219970703125,50530
2026-09-02 11:33:00-0400,766.2100219726562,766.2999877929688,766.0999755859375,766.2899780273438,28004
2026-09-02 11:34:00-0400,766.02001953125,766.2100219726562,766.010009765625,766.1900024414062,45384
2026-09-02 11:35:00-0400,765.969970703125,766.0900268554688,765.9000244140625,766.02001953125,50649
2026-09-02 11:36:00-0400,766.0499877929688,766.1300048828125,765.9600219726562,765.989990234375,65337
2026-09-02 11:37:00-0400,766.0800170898438,766.1400146484375,765.9949951171875,766.0499877929688,36124
2026-09-02 11:38:00-0400,765.989990234375,766.1099853515625,765.989990234375,766.094970703125,32530
2026-09-02 11:39:00-0400,765.85498046875,766.00048828125,765.77001953125,765.97998046875,51936
2026-09-02 11:40:00-0400,765.8699951171875,765.97998046875,765.8400268554688,765.8699951171875,43200
2026-09-02 11:41:00-0400,765.885009765625,765.9600219726562,765.7999877929688,765.8699951171875,22944
2026-09-02 11:42:00-0400,765.780029296875,765.9099731445312,765.75,765.8800048828125,21295
2026-09-02 11:43:00-0400,765.72998046875,765.8800048828125,765.7000122070312,765.780029296875,57951
2026-09-02 11:44:00-0400,765.6500244140625,765.7899780273438,765.644287109375,765.72998046875,46447
2026-09-02 11:45:00-0400,765.260009765625,765.6599731445312,765.2401123046875,765.6599731445312,65868
2026-09-02 11:46:00-0400,765.4199829101562,765.4600219726562,765.2249755859375,765.260009765625,55210
2026-09-02 11:47:00-0400,765.27001953125,765.4400024414062,765.239990234375,765.4099731445312,26061
2026-09-02 11:48:00-0400,765.1199951171875,765.2999877929688,765.0,765.2849731445312,42984
2026-09-02 11:49:00-0400,765.0399780273438,765.1649780273438,765.0,765.1199951171875,57302
2026-09-02 11:50:00-0400,765.0900268554688,765.1799926757812,764.969970703125,765.0499877929688,42936
2026-09-02 11:51:00-0400,765.260009765625,765.27001953125,764.97998046875,765.0900268554688,44660
2026-09-02 11:52:00-0400,765.5499877929688,765.5499877929688,765.219970703125,765.25,47215
2026-09-02 11:53:00-0400,765.3099975585938,765.5798950195312,765.2899780273438,765.5499877929688,33398
2026-09-02 11:54:00-0400,765.2550048828125,765.3599853515625,765.22998046875,765.3200073242188,23353
2026-09-02 11:55:00-0400,765.22998046875,765.3599853515625,765.2000122070312,765.2650146484375,15334
2026-09-02 11:56:00-0400,765.2050170898438,765.2899780273438,765.1599731445312,765.239990234375,22788
2026-09-02 11:57:00-0400,765.3499755859375,765.4099731445312,765.1900024414062,765.2000122070312,17030
2026-09-02 11:58:00-0400,765.8099975585938,765.8400268554688,765.35498046875,765.3599853515625,55685
2026-09-02 11:59:00-0400,765.9249877929688,765.9600219726562,765.7899780273438,765.8079833984375,32738
2026-09-02 12:00:00-0400,765.9000244140625,765.9199829101562,765.7926025390625,765.9199829101562,31627
2026-09-02 12:01:00-0400,765.719970703125,765.9099731445312,765.7000122070312,765.905029296875,38088
2026-09-02 12:02:00-0400,765.631103515625,765.7999877929688,765.6300048828125,765.7000122070312,27398
2026-09-02 12:03:00-0400,765.6699829101562,765.6900024414062,765.5499877929688,765.635009765625,14734
2026-09-02 12:04:00-0400,765.7999877929688,765.8599853515625,765.6300048828125,765.6599731445312,22953
2026-09-02 12:05:00-0400,765.75,765.8400268554688,765.6500244140625,765.8400268554688,23299
2026-09-02 12:06:00-0400,765.8099975585938,765.8099975585938,765.6300048828125,765.780029296875,23354
2026-09-02 12:07:00-0400,765.8400268554688,765.8599853515625,765.7650146484375,765.77099609375,17396
2026-09-02 12:08:00-0400,765.8499755859375,765.8900146484375,765.77001953125,765.8300170898438,16867
2026-09-02 12:09:00-0400,765.739990234375,765.8699951171875,765.6599731445312,765.8499755859375,25786
2026-09-02 12:10:00-0400,765.8200073242188,765.8499755859375,765.6799926757812,765.739990234375,17286
2026-09-02 12:11:00-0400,765.6599731445312,765.8499755859375,765.6599731445312,765.8300170898438,23579
2026-09-02 12:12:00-0400,765.7100219726562,765.7349853515625,765.625,765.6649780273438,12764
2026-09-02 12:13:00-0400,765.6799926757812,765.7849731445312,765.6699829101562,765.7000122070312,19200
2026-09-02 12:14:00-0400,765.6900024414062,765.7750244140625,765.6300048828125,765.7030029296875,16970
2026-09-02 12:15:00-0400,765.4849853515625,765.6950073242188,765.469970703125,765.6950073242188,20894
2026-09-02 12:16:00-0400,765.385009765625,765.5599975585938,765.3800048828125,765.4849853515625,22892
2026-09-02 12:17:00-0400,765.3400268554688,765.4299926757812,765.3200073242188,765.3800048828125,32666
2026-09-02 12:18:00-0400,765.3599853515625,765.3800048828125,765.3150024414062,765.3400268554688,18530
2026-09-02 12:19:00-0400,765.4498901367188,765.47998046875,765.3521118164062,765.3599853515625,20258
2026-09-02 12:20:00-0400,765.5,765.5599975585938,765.4000244140625,765.4500122070312,11372
2026-09-02 12:21:00-0400,765.3300170898438,765.5,765.3200073242188,765.5,10890
2026-09-02 12:22:00-0400,765.3200073242188,765.3900146484375,765.25,765.3200073242188,34001
2026-09-02 12:23:00-0400,765.0924072265625,765.3300170898438,765.0900268554688,765.3200073242188,27815
2026-09-02 12:24:00-0400,764.9849853515625,765.1199951171875,764.969970703125,765.0999755859375,27077
2026-09-02 12:25:00-0400,765.030029296875,765.14501953125,764.9849853515625,764.9849853515625,26724
2026-09-02 12:26:00-0400,764.8900146484375,765.0599975585938,764.8800048828125,765.02001953125,25383
2026-09-02 12:27:00-0400,764.8900146484375,764.989990234375,764.8499755859375,764.8900146484375,33575
2026-09-02 12:28:00-0400,764.7849731445312,764.9299926757812,764.739990234375,764.9099731445312,34111
2026-09-02 12:29:00-0400,764.8499755859375,764.8499755859375,764.6900024414062,764.7999877929688,38250
2026-09-02 12:30:00-0400,764.8400268554688,764.9600219726562,764.8099975585938,764.8499755859375,40712
2026-09-02 12:31:00-0400,765.1599731445312,765.1599731445312,764.8300170898438,764.8300170898438,64690
2026-09-02 12:32:00-0400,765.1500244140625,765.3200073242188,765.0900268554688,765.1400146484375,32111
2026-09-02 12:33:00-0400,765.0,765.2000122070312,764.989990234375,765.14990234375,27006
2026-09-02 12:34:00-0400,765.0999755859375,765.2100219726562,764.969970703125,764.9849853515625,20391
2026-09-02 12:35:00-0400,765.1400146484375,765.2000122070312,765.1098022460938,765.1099853515625,25048
2026-09-02 12:36:00-0400,765.0800170898438,765.27001953125,765.0599975585938,765.1400146484375,33813
2026-09-02 12:37:00-0400,765.22998046875,765.239990234375,765.0,765.119873046875,22520
2026-09-02 12:38:00-0400,765.0900268554688,765.2100219726562,765.0700073242188,765.2050170898438,9712
2026-09-02 12:39:00-0400,765.0872802734375,765.1599731445312,765.0399780273438,765.0900268554688,11035
2026-09-02 12:40:00-0400,764.989990234375,765.0999755859375,764.8900146484375,765.0700073242188,13852
2026-09-02 12:41:00-0400,764.9199829101562,765.010009765625,764.8701171875,765.0,24348
2026-09-02 12:42:00-0400,764.8200073242188,764.9400024414062,764.8200073242188,764.9299926757812,10813
2026-09-02 12:43:00-0400,764.8049926757812,764.8400268554688,764.75,764.7999877929688,27201
2026-09-02 12:44:00-0400,764.7000122070312,764.8499755859375,764.7000122070312,764.8099975585938,52498
2026-09-02 12:45:00-0400,764.8699951171875,764.9000244140625,764.72998046875,764.72998046875,21640
2026-09-02 12:46:00-0400,764.8400268554688,764.97998046875,764.7700805664062,764.8599853515625,18317
2026-09-02 12:47:00-0400,764.739990234375,764.8499755859375,764.72998046875,764.8499755859375,16357
2026-09-02 12:48:00-0400,764.760009765625,764.8049926757812,764.719970703125,764.739990234375,9939
2026-09-02 12:49:00-0400,764.8499755859375,764.8499755859375,764.719970703125,764.760009765625,15159
2026-09-02 12:50:00-0400,764.7689819335938,764.8800048828125,764.72998046875,764.8599853515625,30395
2026-09-02 12:51:00-0400,764.780029296875,764.8599853515625,764.7100219726562,764.739990234375,14040
2026-09-02 12:52:00-0400,764.8300170898438,764.9000244140625,764.72998046875,764.7899780273438,12679
2026-09-02 12:53:00-0400,765.114990234375,765.1300048828125,764.7899780273438,764.8201293945312,23076
2026-09-02 12:54:00-0400,765.1400146484375,765.2000122070312,765.0499877929688,765.1295776367188,47943
2026-09-02 12:55:00-0400,765.0601196289062,765.25,765.0599975585938,765.1599731445312,24798
2026-09-02 12:56:00-0400,765.1099853515625,765.1500244140625,764.989990234375,765.0399780273438,13768
2026-09-02 12:57:00-0400,764.9810180664062,765.1400146484375,764.9703979492188,765.1199951171875,25147
2026-09-02 12:58:00-0400,764.9299926757812,765.0599975585938,764.9199829101562,764.9849853515625,16222
2026-09-02 12:59:00-0400,764.9199829101562,764.97998046875,764.8800048828125,764.9400024414062,20823
2026-09-02 13:00:00-0400,765.1400146484375,765.239990234375,764.9199829101562,764.9199829101562,18725
2026-09-02 13:01:00-0400,765.280029296875,765.2899780273438,765.1467895507812,765.1467895507812,26030
2026-09-02 13:02:00-0400,765.3699951171875,765.3699951171875,765.219970703125,765.280029296875,27985
2026-09-02 13:03:00-0400,765.3800048828125,765.4199829101562,765.3099975585938,765.364990234375,27572
2026-09-02 13:04:00-0400,765.468505859375,765.47998046875,765.3200073242188,765.3400268554688,29854
2026-09-02 13:05:00-0400,765.3800048828125,765.47802734375,765.3699951171875,765.4500122070312,21696
2026-09-02 13:06:00-0400,765.3099975585938,765.4000244140625,765.3099975585938,765.3800048828125,17914
2026-09-02 13:07:00-0400,765.0,765.3300170898438,764.989990234375,765.3300170898438,37063
2026-09-02 13:08:00-0400,764.7100219726562,765.0401000976562,764.6799926757812,765.0,81424
2026-09-02 13:09:00-0400,764.6799926757812,764.760009765625,764.6099853515625,764.719970703125,23051
2026-09-02 13:10:00-0400,764.7899780273438,764.8499755859375,764.6599731445312,764.6614990234375,21016
2026-09-02 13:11:00-0400,764.7949829101562,764.8499755859375,764.6976928710938,764.7849731445312,15619
2026-09-02 13:12:00-0400,764.9299926757812,764.9400024414062,764.719970703125,764.7899780273438,28155
2026-09-02 13:13:00-0400,764.9500122070312,764.97998046875,764.8200073242188,764.9400024414062,12768
2026-09-02 13:14:00-0400,764.9000244140625,765.0599975585938,764.9000244140625,764.9600219726562,20485
2026-09-02 13:15:00-0400,764.9299926757812,764.9500122070312,764.760009765625,764.9202880859375,25060
2026-09-02 13:16:00-0400,764.875,764.9400024414062,764.8150024414062,764.9299926757812,26623
2026-09-02 13:17:00-0400,764.6900024414062,764.8900146484375,764.6900024414062,764.8900146484375,50032
2026-09-02 13:18:00-0400,764.52001953125,764.739990234375,764.52001953125,764.7000122070312,50111
2026-09-02 13:19:00-0400,764.5999755859375,764.6099853515625,764.5250244140625,764.5250244140625,24953
2026-09-02 13:20:00-0400,764.5800170898438,764.6300048828125,764.52001953125,764.5900268554688,28182
2026-09-02 13:21:00-0400,764.6699829101562,764.6699829101562,764.4600219726562,764.5599975585938,27400
2026-09-02 13:22:00-0400,764.6199951171875,764.780029296875,764.5499877929688,764.6799926757812,52020
2026-09-02 13:23:00-0400,764.719970703125,764.739990234375,764.5800170898438,764.6199951171875,30066
2026-09-02 13:24:00-0400,764.6199951171875,764.739990234375,764.6199951171875,764.72998046875,12689
2026-09-02 13:25:00-0400,764.7100219726562,764.719970703125,764.5999755859375,764.6375732421875,39242
2026-09-02 13:26:00-0400,764.7299194335938,764.864990234375,764.6699829101562,764.7249755859375,21872
2026-09-02 13:27:00-0400,764.610107421875,764.739990234375,764.6099853515625,764.739990234375,17701
2026-09-02 13:28:00-0400,764.760009765625,764.7999877929688,764.6099853515625,764.6099853515625,38248
2026-09-02 13:29:00-0400,764.7100219726562,764.780029296875,764.6749877929688,764.7548217773438,26155
2026-09-02 13:30:00-0400,764.739990234375,764.7899780273438,764.6300048828125,764.75,27909
2026-09-02 13:31:00-0400,764.719970703125,764.74951171875,764.5999755859375,764.7349853515625,19915
2026-09-02 13:32:00-0400,764.5798950195312,764.72998046875,764.52001953125,764.72998046875,18296
2026-09-02 13:33:00-0400,764.5,764.5700073242188,764.4500122070312,764.5700073242188,32228
2026-09-02 13:34:00-0400,764.3900146484375,764.52978515625,764.3900146484375,764.489990234375,25150
2026-09-02 13:35:00-0400,764.4500122070312,764.5499877929688,764.3900146484375,764.39501953125,30606
2026-09-02 13:36:00-0400,764.4299926757812,764.510009765625,764.3699951171875,764.4500122070312,24876
2026-09-02 13:37:00-0400,764.5,764.5499877929688,764.4400024414062,764.4400024414062,18124
2026-09-02 13:38:00-0400,764.4500122070312,764.52001953125,764.4299926757812,764.489990234375,20132
2026-09-02 13:39:00-0400,764.4600219726562,764.5800170898438,764.4299926757812,764.469970703125,37030
2026-09-02 13:40:00-0400,764.4500122070312,764.5499877929688,764.4400024414062,764.4550170898438,20601
2026-09-02 13:41:00-0400,764.4149780273438,764.469970703125,764.3499755859375,764.4400024414062,26819
2026-09-02 13:42:00-0400,764.6199951171875,764.6799926757812,764.4099731445312,764.4099731445312,59157
2026-09-02 13:43:00-0400,764.739990234375,764.7849731445312,764.5999755859375,764.6300048828125,24213
2026-09-02 13:44:00-0400,764.9000244140625,764.9400024414062,764.75,764.75,39741
2026-09-02 13:45:00-0400,765.1599731445312,765.22998046875,764.9000244140625,764.9099731445312,53450
2026-09-02 13:46:00-0400,765.2598876953125,765.27001953125,765.125,765.1599731445312,29998
2026-09-02 13:47:00-0400,765.219970703125,765.2550048828125,765.0800170898438,765.25,44272
2026-09-02 13:48:00-0400,765.0700073242188,765.27001953125,765.0700073242188,765.2100219726562,37229
2026-09-02 13:49:00-0400,764.989990234375,765.0999755859375,764.969970703125,765.0650024414062,25441
2026-09-02 13:50:00-0400,765.010009765625,765.0800170898438,764.8300170898438,764.9998779296875,30781
2026-09-02 13:51:00-0400,764.9299926757812,765.0700073242188,764.8577270507812,765.0,27510
2026-09-02 13:52:00-0400,764.969970703125,765.0399780273438,764.9199829101562,764.9199829101562,14296
2026-09-02 13:53:00-0400,764.989990234375,765.010009765625,764.9199829101562,764.969970703125,7865
2026-09-02 13:54:00-0400,764.989990234375,765.0700073242188,764.969970703125,764.9990234375,46353
2026-09-02 13:55:00-0400,765.010009765625,765.010009765625,764.739990234375,764.9758911132812,32103
2026-09-02 13:56:00-0400,765.0700073242188,765.0900268554688,764.9550170898438,765.0399780273438,18092
2026-09-02 13:57:00-0400,765.2550048828125,765.2899780273438,765.0650024414062,765.0650024414062,32126
2026-09-02 13:58:00-0400,765.114990234375,765.260009765625,765.1099853515625,765.260009765625,26774
2026-09-02 13:59:00-0400,765.1799926757812,765.239990234375,765.0999755859375,765.1199951171875,23520
2026-09-02 14:00:00-0400,764.7999877929688,765.210693359375,764.7899780273438,765.1799926757812,70974
2026-09-02 14:01:00-0400,764.739990234375,764.8699951171875,764.72998046875,764.780517578125,91985
2026-09-02 14:02:00-0400,764.969970703125,764.969970703125,764.75,764.760009765625,39865
2026-09-02 14:03:00-0400,765.25,765.2999877929688,764.967529296875,764.969970703125,179315
2026-09-02 14:04:00-0400,765.2899780273438,765.3300170898438,765.219970703125,765.27001953125,78489
2026-09-02 14:05:00-0400,765.3300170898438,765.4099731445312,765.239990234375,765.27001953125,28184
2026-09-02 14:06:00-0400,765.3350219726562,765.4000244140625,765.2899780273438,765.3499755859375,25120
2026-09-02 14:07:00-0400,765.1199951171875,765.3400268554688,765.0700073242188,765.3400268554688,33014
2026-09-02 14:08:00-0400,765.1300048828125,765.2000122070312,765.0999755859375,765.125,23387
2026-09-02 14:09:00-0400,765.0800170898438,765.1699829101562,765.0700073242188,765.1300048828125,71424
2026-09-02 14:10:00-0400,765.1900024414062,765.25,765.0800170898438,765.0800170898438,44570
2026-09-02 14:11:00-0400,765.1199951171875,765.25,765.0900268554688,765.1875,28070
2026-09-02 14:12:00-0400,765.0599975585938,765.1599731445312,765.0599975585938,765.0900268554688,49473
2026-09-02 14:13:00-0400,765.219970703125,765.2899780273438,765.0750122070312,765.0750122070312,27753
2026-09-02 14:14:00-0400,765.1799926757812,765.2000122070312,765.0900268554688,765.2000122070312,22277
2026-09-02 14:15:00-0400,765.22998046875,765.2899780273438,765.1500244140625,765.1900024414062,43558
2026-09-02 14:16:00-0400,765.2100219726562,765.27001953125,765.1900024414062,765.22998046875,29961
2026-09-02 14:17:00-0400,765.27001953125,765.2899780273438,765.1614990234375,765.22998046875,73787
2026-09-02 14:18:00-0400,765.6900024414062,766.0899047851562,765.1900024414062,765.27001953125,263922
2026-09-02 14:19:00-0400,765.5999755859375,765.6799926757812,765.52001953125,765.6799926757812,86865
2026-09-02 14:20:00-0400,765.5599975585938,765.6799926757812,765.5,765.5999755859375,49966
2026-09-02 14:21:00-0400,765.5465087890625,765.719970703125,765.4749755859375,765.5999755859375,70052
2026-09-02 14:22:00-0400,765.52001953125,765.5700073242188,765.4000244140625,765.5599975585938,58420
2026-09-02 14:23:00-0400,765.4199829101562,765.5399780273438,765.4099731445312,765.52001953125,41290
2026-09-02 14:24:00-0400,765.489990234375,765.489990234375,765.4099731445312,765.4249877929688,13509
2026-09-02 14:25:00-0400,765.4600219726562,765.5399780273438,765.4299926757812,765.489990234375,24933
2026-09-02 14:26:00-0400,765.3599853515625,765.47998046875,765.3300170898438,765.4600219726562,29821
2026-09-02 14:27:00-0400,765.27001953125,765.3900146484375,765.219970703125,765.3900146484375,26467
2026-09-02 14:28:00-0400,765.27001953125,765.3300170898438,765.2100219726562,765.27001953125,48597
2026-09-02 14:29:00-0400,765.3200073242188,765.3499755859375,765.2550048828125,765.2550048828125,40118
2026-09-02 14:30:00-0400,765.5,765.5,765.2999877929688,765.3400268554688,29833
2026-09-02 14:31:00-0400,765.4199829101562,765.52001953125,765.3800048828125,765.5,26472
2026-09-02 14:32:00-0400,765.4600219726562,765.5,765.4099731445312,765.4199829101562,25584
2026-09-02 14:33:00-0400,765.4901123046875,765.5252075195312,765.4500122070312,765.47998046875,43397
2026-09-02 14:34:00-0400,765.2899780273438,765.510009765625,765.260009765625,765.5,47367
2026-09-02 14:35:00-0400,765.2449951171875,765.3699951171875,765.239990234375,765.280029296875,39338
2026-09-02 14:36:00-0400,765.1599731445312,765.2999877929688,765.0999755859375,765.239990234375,69532
2026-09-02 14:37:00-0400,764.9500732421875,765.155029296875,764.9500122070312,765.155029296875,160814
2026-09-02 14:38:00-0400,764.9500122070312,765.010009765625,764.9299926757812,764.969970703125,32937
2026-09-02 14:39:00-0400,764.8099975585938,764.989990234375,764.7899780273438,764.9500122070312,34845
2026-09-02 14:40:00-0400,764.8150024414062,764.8889770507812,764.780029296875,764.8300170898438,27629
2026-09-02 14:41:00-0400,764.7199096679688,764.802001953125,764.6699829101562,764.7999877929688,23968
2026-09-02 14:42:00-0400,764.6500244140625,764.8099975585938,764.6500244140625,764.719970703125,18774
2026-09-02 14:43:00-0400,764.7150268554688,764.77001953125,764.6400146484375,764.6500244140625,43063
2026-09-02 14:44:00-0400,764.719970703125,764.760009765625,764.6799926757812,764.72998046875,43781
2026-09-02 14:45:00-0400,764.780029296875,764.8900146484375,764.72998046875,764.739990234375,41646
2026-09-02 14:46:00-0400,764.5999755859375,764.8099975585938,764.5900268554688,764.780029296875,27085
2026-09-02 14:47:00-0400,764.6799926757812,764.6900024414062,764.5900268554688,764.60498046875,23570
2026-09-02 14:48:00-0400,764.8800048828125,764.9000244140625,764.6699829101562,764.6900024414062,46664
2026-09-02 14:49:00-0400,764.8699951171875,764.97998046875,764.8699951171875,764.8900146484375,43668
2026-09-02 14:50:00-0400,764.8800048828125,764.989990234375,764.8099975585938,764.8900146484375,45292
2026-09-02 14:51:00-0400,764.8200073242188,764.8800048828125,764.7899780273438,764.8800048828125,34655
2026-09-02 14:52:00-0400,764.7100219726562,764.8200073242188,764.6699829101562,764.8200073242188,60148
2026-09-02 14:53:00-0400,764.9000244140625,764.9299926757812,764.6900024414062,764.6900024414062,122962
2026-09-02 14:54:00-0400,764.8099975585938,764.905029296875,764.7999877929688,764.9000244140625,83257
2026-09-02 14:55:00-0400,764.8900146484375,764.9199829101562,764.7999877929688,764.8049926757812,63146
2026-09-02 14:56:00-0400,764.9500122070312,764.9600219726562,764.8300170898438,764.8900146484375,441311
2026-09-02 14:57:00-0400,764.719970703125,765.0,764.719970703125,764.9500122070312,68781
2026-09-02 14:58:00-0400,764.7650146484375,764.7899780273438,764.6799926757812,764.719970703125,37856
2026-09-02 14:59:00-0400,764.8099975585938,764.8300170898438,764.75,764.7650146484375,122857
2026-09-02 15:00:00-0400,764.6857299804688,764.8900146484375,764.6699829101562,764.7899780273438,64762
2026-09-02 15:01:00-0400,764.719970703125,764.7999877929688,764.6799926757812,764.7100219726562,68960
2026-09-02 15:02:00-0400,764.8200073242188,764.8298950195312,764.7100219726562,764.719970703125,26712
2026-09-02 15:03:00-0400,764.905029296875,764.97998046875,764.8200073242188,764.8200073242188,68483
2026-09-02 15:04:00-0400,764.885009765625,764.9199829101562,764.8300170898438,764.8900146484375,101750
2026-09-02 15:05:00-0400,765.0,765.0499877929688,764.8900146484375,764.9000244140625,27540
2026-09-02 15:06:00-0400,765.0250244140625,765.0800170898438,764.969970703125,764.989990234375,30017
2026-09-02 15:07:00-0400,764.9500122070312,765.0399169921875,764.9199829101562,765.02001953125,23564
2026-09-02 15:08:00-0400,764.9749755859375,764.989990234375,764.9199829101562,764.9400024414062,21704
2026-09-02 15:09:00-0400,765.2100219726562,765.22998046875,764.969970703125,764.969970703125,61550
2026-09-02 15:10:00-0400,765.3250122070312,765.3250122070312,765.219970703125,765.219970703125,50661
2026-09-02 15:11:00-0400,765.280029296875,765.3250122070312,765.2219848632812,765.3150024414062,35230
2026-09-02 15:12:00-0400,765.3699951171875,765.3900146484375,765.260009765625,765.2899780273438,120852
2026-09-02 15:13:00-0400,765.4099731445312,765.4500122070312,765.3200073242188,765.3687133789062,101237
2026-09-02 15:14:00-0400,765.3900146484375,765.4799194335938,765.3699951171875,765.4000244140625,32221
2026-09-02 15:15:00-0400,765.219970703125,765.4199829101562,765.219970703125,765.385009765625,63251
2026-09-02 15:16:00-0400,765.2899780273438,765.2899780273438,765.2100219726562,765.239990234375,34116
2026-09-02 15:17:00-0400,765.25,765.3499755859375,765.25,765.280029296875,16432
2026-09-02 15:18:00-0400,765.219970703125,765.2899780273438,765.2100219726562,765.25,31025
2026-09-02 15:19:00-0400,765.4099731445312,765.4199829101562,765.2000122070312,765.2100219726562,32570
2026-09-02 15:20:00-0400,765.1199951171875,765.4099731445312,765.0700073242188,765.4000244140625,36856
2026-09-02 15:21:00-0400,765.239990234375,765.3499755859375,765.1220092773438,765.1220092773438,148812
2026-09-02 15:22:00-0400,765.3599853515625,765.39501953125,765.22998046875,765.239990234375,49391
2026-09-02 15:23:00-0400,765.2899780273438,765.3800048828125,765.25,765.3699951171875,34576
2026-09-02 15:24:00-0400,765.239990234375,765.2999877929688,765.219970703125,765.2999877929688,28709
2026-09-02 15:25:00-0400,765.219970703125,765.3099975585938,765.1599731445312,765.239990234375,23572
2026-09-02 15:26:00-0400,765.4176025390625,765.4199829101562,765.219970703125,765.219970703125,34673
2026-09-02 15:27:00-0400,765.3800048828125,765.4299926757812,765.3300170898438,765.419921875,169504
2026-09-02 15:28:00-0400,765.4099731445312,765.4500122070312,765.3699951171875,765.3900146484375,37652
2026-09-02 15:29:00-0400,765.47998046875,765.52001953125,765.3900146484375,765.4099731445312,292993
2026-09-02 15:30:00-0400,765.3699951171875,765.47998046875,765.3599853515625,765.469970703125,40255
2026-09-02 15:31:00-0400,765.3699951171875,765.3900146484375,765.2901000976562,765.3599853515625,56956
2026-09-02 15:32:00-0400,765.3400268554688,765.3900146484375,765.25,765.3699951171875,72704
2026-09-02 15:33:00-0400,765.2999877929688,765.4749755859375,765.280029296875,765.3499755859375,44004
2026-09-02 15:34:00-0400,765.3049926757812,765.3099975585938,765.1500244140625,765.3034057617188,48038
2026-09-02 15:35:00-0400,765.22998046875,765.3300170898438,765.1799926757812,765.3099975585938,40562
2026-09-02 15:36:00-0400,765.25,765.3200073242188,765.1400146484375,765.239990234375,67175
2026-09-02 15:37:00-0400,765.1400146484375,765.3599853515625,765.1400146484375,765.239990234375,47638
2026-09-02 15:38:00-0400,765.1599731445312,765.1900024414062,765.0900268554688,765.1400146484375,40905
2026-09-02 15:39:00-0400,765.0800170898438,765.1699829101562,765.0800170898438,765.1699829101562,72865
2026-09-02 15:40:00-0400,765.1199951171875,765.2000122070312,765.0700073242188,765.0999755859375,72630
2026-09-02 15:41:00-0400,765.1400146484375,765.1699829101562,765.0499877929688,765.1099853515625,67044
2026-09-02 15:42:00-0400,765.1400146484375,765.1798706054688,765.030029296875,765.1300048828125,95044
2026-09-02 15:43:00-0400,765.3800048828125,765.3900146484375,765.1300048828125,765.1400146484375,104910
2026-09-02 15:44:00-0400,765.364990234375,765.3699951171875,765.3049926757812,765.3699951171875,57431
2026-09-02 15:45:00-0400,765.3250122070312,765.4849853515625,765.2999877929688,765.3599853515625,79587
2026-09-02 15:46:00-0400,765.3300170898438,765.39501953125,765.22998046875,765.3300170898438,228562
2026-09-02 15:47:00-0400,765.239990234375,765.3599853515625,765.219970703125,765.3300170898438,80495
2026-09-02 15:48:00-0400,765.3449096679688,765.3599853515625,765.25,765.25,101024
2026-09-02 15:49:00-0400,765.375,765.4450073242188,765.3499755859375,765.3499755859375,62348
2026-09-02 15:50:00-0400,765.2550048828125,765.4500122070312,765.1500244140625,765.3699951171875,210206
2026-09-02 15:51:00-0400,765.0750122070312,765.280029296875,765.010009765625,765.2550048828125,217871
2026-09-02 15:52:00-0400,764.9749755859375,765.1799926757812,764.9600219726562,765.0800170898438,103903
2026-09-02 15:53:00-0400,765.0,765.0700073242188,764.9500122070312,764.9749755859375,102878
2026-09-02 15:54:00-0400,765.219970703125,765.3200073242188,764.9600219726562,765.010009765625,139294
2026-09-02 15:55:00-0400,764.9400024414062,765.260009765625,764.8200073242188,765.219970703125,148360
2026-09-02 15:56:00-0400,764.97998046875,764.989990234375,764.8099975585938,764.9299926757812,186162
2026-09-02 15:57:00-0400,764.9349975585938,765.0499877929688,764.8699951171875,764.97998046875,227077
2026-09-02 15:58:00-0400,764.9299926757812,765.030029296875,764.9199829101562,764.9349975585938,218984
2026-09-02 15:59:00-0400,765.1500244140625,765.1599731445312,764.75,764.9199829101562,823668
