Price,Close,High,Low,Open,Volume
Ticker,T,T,T,T,T
Datetime,,,,,
2026-08-27 09:30:00-04:00,25.469999313354492,25.56999969482422,25.440000534057617,25.5,684052
2026-08-27 09:31:00-04:00,25.32670021057129,25.5,25.31999969482422,25.469999313354492,182552
2026-08-27 09:32:00-04:00,25.34000015258789,25.399999618530273,25.290000915527344,25.31999969482422,180632
2026-08-27 09:33:00-04:00,25.389999389648438,25.395000457763672,25.33300018310547,25.34000015258789,110630
2026-08-27 09:34:00-04:00,25.375,25.395000457763672,25.360000610351562,25.38010025024414,51648
2026-08-27 09:35:00-04:00,25.344999313354492,25.3700008392334,25.329999923706055,25.3700008392334,95459
2026-08-27 09:36:00-04:00,25.344999313354492,25.3700008392334,25.334999084472656,25.344999313354492,112950
2026-08-27 09:37:00-04:00,25.354999542236328,25.3799991607666,25.334999084472656,25.34000015258789,43640
2026-08-27 09:38:00-04:00,25.354999542236328,25.360000610351562,25.34000015258789,25.354999542236328,47022
2026-08-27 09:39:00-04:00,25.364999771118164,25.375,25.34000015258789,25.350000381469727,101347
2026-08-27 09:40:00-04:00,25.334999084472656,25.360000610351562,25.309999465942383,25.360000610351562,57875
2026-08-27 09:41:00-04:00,25.344999313354492,25.385000228881836,25.329999923706055,25.334999084472656,90361
2026-08-27 09:42:00-04:00,25.325000762939453,25.354999542236328,25.31999969482422,25.344999313354492,24321
2026-08-27 09:43:00-04:00,25.30500030517578,25.34000015258789,25.299999237060547,25.325000762939453,70911
2026-08-27 09:44:00-04:00,25.329999923706055,25.334999084472656,25.290000915527344,25.299999237060547,55531
2026-08-27 09:45:00-04:00,25.360000610351562,25.3700008392334,25.315000534057617,25.325000762939453,98366
2026-08-27 09:46:00-04:00,25.379899978637695,25.379899978637695,25.34000015258789,25.360000610351562,57951
2026-08-27 09:47:00-04:00,25.375,25.399999618530273,25.364999771118164,25.3700008392334,76261
2026-08-27 09:48:00-04:00,25.385000228881836,25.395000457763672,25.364999771118164,25.3799991607666,46397
2026-08-27 09:49:00-04:00,25.344999313354492,25.399999618530273,25.344999313354492,25.3799991607666,49058
2026-08-27 09:50:00-04:00,25.28499984741211,25.34000015258789,25.280000686645508,25.34000015258789,126916
2026-08-27 09:51:00-04:00,25.299999237060547,25.315000534057617,25.28499984741211,25.28499984741211,66059
2026-08-27 09:52:00-04:00,25.30500030517578,25.334999084472656,25.30229949951172,25.309999465942383,46580
2026-08-27 09:53:00-04:00,25.325000762939453,25.325000762939453,25.290000915527344,25.30500030517578,41823
2026-08-27 09:54:00-04:00,25.325000762939453,25.325000762939453,25.290000915527344,25.31999969482422,77706
2026-08-27 09:55:00-04:00,25.31999969482422,25.350000381469727,25.315000534057617,25.329999923706055,133961
2026-08-27 09:56:00-04:00,25.3700008392334,25.3799991607666,25.334999084472656,25.344999313354492,123957
2026-08-27 09:57:00-04:00,25.375,25.399999618530273,25.3700008392334,25.375,34104
2026-08-27 09:58:00-04:00,25.389999389648438,25.40999984741211,25.375,25.3799991607666,116812
2026-08-27 09:59:00-04:00,25.405000686645508,25.405000686645508,25.3799991607666,25.389999389648438,12640
2026-08-27 10:00:00-04:00,25.437000274658203,25.450000762939453,25.402000427246094,25.405000686645508,37504
2026-08-27 10:01:00-04:00,25.399999618530273,25.440000534057617,25.395000457763672,25.434999465942383,39174
2026-08-27 10:02:00-04:00,25.420000076293945,25.420000076293945,25.399999618530273,25.399999618530273,21508
2026-08-27 10:03:00-04:00,25.415000915527344,25.43000030517578,25.415000915527344,25.420000076293945,54164
2026-08-27 10:04:00-04:00,25.40999984741211,25.424999237060547,25.40489959716797,25.40999984741211,35487
2026-08-27 10:05:00-04:00,25.405000686645508,25.40999984741211,25.405000686645508,25.407400131225586,9307
2026-08-27 10:06:00-04:00,25.424999237060547,25.424999237060547,25.399999618530273,25.405000686645508,35965
2026-08-27 10:07:00-04:00,25.434999465942383,25.454999923706055,25.424999237060547,25.424999237060547,39039
2026-08-27 10:08:00-04:00,25.440000534057617,25.454999923706055,25.424999237060547,25.43000030517578,33580
2026-08-27 10:09:00-04:00,25.434999465942383,25.450000762939453,25.43000030517578,25.440000534057617,29995
2026-08-27 10:10:00-04:00,25.405000686645508,25.434999465942383,25.399999618530273,25.434999465942383,33241
2026-08-27 10:11:00-04:00,25.385000228881836,25.40999984741211,25.385000228881836,25.40999984741211,40640
2026-08-27 10:12:00-04:00,25.364999771118164,25.395000457763672,25.364999771118164,25.389999389648438,43143
2026-08-27 10:13:00-04:00,25.399999618530273,25.399999618530273,25.350000381469727,25.365100860595703,110326
2026-08-27 10:14:00-04:00,25.389999389648438,25.405000686645508,25.3700008392334,25.399999618530273,126473
2026-08-27 10:15:00-04:00,25.416900634765625,25.416900634765625,25.375,25.399999618530273,89986
2026-08-27 10:16:00-04:00,25.424999237060547,25.434999465942383,25.411699295043945,25.415000915527344,56179
2026-08-27 10:17:00-04:00,25.43000030517578,25.43000030517578,25.420000076293945,25.424999237060547,47470
2026-08-27 10:18:00-04:00,25.424999237060547,25.424999237060547,25.405000686645508,25.424999237060547,58605
2026-08-27 10:19:00-04:00,25.44499969482422,25.44499969482422,25.424999237060547,25.424999237060547,30465
2026-08-27 10:20:00-04:00,25.44499969482422,25.450000762939453,25.43000030517578,25.44499969482422,61601
2026-08-27 10:21:00-04:00,25.454999923706055,25.459999084472656,25.440000534057617,25.44499969482422,28429
2026-08-27 10:22:00-04:00,25.475000381469727,25.479999542236328,25.450000762939453,25.459999084472656,33846
2026-08-27 10:23:00-04:00,25.4950008392334,25.5,25.469999313354492,25.475000381469727,53300
2026-08-27 10:24:00-04:00,25.489999771118164,25.514999389648438,25.489999771118164,25.4950008392334,62947
2026-08-27 10:25:00-04:00,25.485000610351562,25.4950008392334,25.479999542236328,25.489999771118164,20106
2026-08-27 10:26:00-04:00,25.454999923706055,25.485000610351562,25.44499969482422,25.479999542236328,62010
2026-08-27 10:27:00-04:00,25.434999465942383,25.450000762939453,25.43000030517578,25.450000762939453,48479
2026-08-27 10:28:00-04:00,25.450000762939453,25.455299377441406,25.434999465942383,25.43950080871582,61569
2026-08-27 10:29:00-04:00,25.454999923706055,25.459999084472656,25.44499969482422,25.454999923706055,43119
2026-08-27 10:30:00-04:00,25.489999771118164,25.489999771118164,25.457300186157227,25.457300186157227,62804
2026-08-27 10:31:00-04:00,25.5049991607666,25.510000228881836,25.489999771118164,25.4950008392334,29690
2026-08-27 10:32:00-04:00,25.510000228881836,25.530000686645508,25.5,25.5049991607666,51025
2026-08-27 10:33:00-04:00,25.50860023498535,25.520000457763672,25.4950008392334,25.5039005279541,55789
2026-08-27 10:34:00-04:00,25.520000457763672,25.520000457763672,25.5,25.5049991607666,40901
2026-08-27 10:35:00-04:00,25.543699264526367,25.54990005493164,25.520000457763672,25.520000457763672,40081
2026-08-27 10:36:00-04:00,25.559900283813477,25.559999465942383,25.549400329589844,25.549400329589844,31103
2026-08-27 10:37:00-04:00,25.565000534057617,25.56999969482422,25.55500030517578,25.55500030517578,46573
2026-08-27 10:38:00-04:00,25.530000686645508,25.559999465942383,25.524999618530273,25.559999465942383,64005
2026-08-27 10:39:00-04:00,25.549999237060547,25.549999237060547,25.530000686645508,25.53499984741211,47609
2026-08-27 10:40:00-04:00,25.53499984741211,25.549999237060547,25.530000686645508,25.541000366210938,44957
2026-08-27 10:41:00-04:00,25.530000686645508,25.540000915527344,25.520000457763672,25.530000686645508,20514
2026-08-27 10:42:00-04:00,25.540000915527344,25.559999465942383,25.520000457763672,25.524999618530273,63150
2026-08-27 10:43:00-04:00,25.53499984741211,25.549999237060547,25.533599853515625,25.536300659179688,22116
2026-08-27 10:44:00-04:00,25.53499984741211,25.549999237060547,25.5330810546875,25.53499984741211,78572
2026-08-27 10:45:00-04:00,25.524999618530273,25.540000915527344,25.520000457763672,25.53499984741211,89071
2026-08-27 10:46:00-04:00,25.559999465942383,25.559999465942383,25.524999618530273,25.524999618530273,39658
2026-08-27 10:47:00-04:00,25.545000076293945,25.559999465942383,25.540000915527344,25.549999237060547,71169
2026-08-27 10:48:00-04:00,25.540000915527344,25.549999237060547,25.530000686645508,25.549999237060547,43482
2026-08-27 10:49:00-04:00,25.540000915527344,25.540000915527344,25.530000686645508,25.540000915527344,28488
2026-08-27 10:50:00-04:00,25.530000686645508,25.540000915527344,25.530000686645508,25.539499282836914,33664
2026-08-27 10:51:00-04:00,25.529800415039062,25.53499984741211,25.5,25.530099868774414,41851
2026-08-27 10:52:00-04:00,25.510000228881836,25.530000686645508,25.510000228881836,25.5226993560791,23881
2026-08-27 10:53:00-04:00,25.5,25.520000457763672,25.5,25.514999389648438,29451
2026-08-27 10:54:00-04:00,25.485000610351562,25.5049991607666,25.483600616455078,25.5049991607666,35204
2026-08-27 10:55:00-04:00,25.489999771118164,25.5,25.485000610351562,25.489999771118164,42353
2026-08-27 10:56:00-04:00,25.489999771118164,25.5049991607666,25.479999542236328,25.4950008392334,33784
2026-08-27 10:57:00-04:00,25.46500015258789,25.489999771118164,25.459999084472656,25.489999771118164,25353
2026-08-27 10:58:00-04:00,25.44499969482422,25.469999313354492,25.434999465942383,25.46500015258789,76430
2026-08-27 10:59:00-04:00,25.479999542236328,25.485000610351562,25.44499969482422,25.44499969482422,40451
2026-08-27 11:00:00-04:00,25.485000610351562,25.4950008392334,25.479999542236328,25.485000610351562,48807
2026-08-27 11:01:00-04:00,25.485000610351562,25.5,25.479999542236328,25.489999771118164,57797
2026-08-27 11:02:00-04:00,25.498699188232422,25.5,25.479999542236328,25.485000610351562,43757
2026-08-27 11:03:00-04:00,25.46500015258789,25.5049991607666,25.46500015258789,25.5,77992
2026-08-27 11:04:00-04:00,25.424999237060547,25.475000381469727,25.420000076293945,25.465999603271484,318269
2026-08-27 11:05:00-04:00,25.44499969482422,25.454999923706055,25.420000076293945,25.420000076293945,49376
2026-08-27 11:06:00-04:00,25.459999084472656,25.459999084472656,25.43000030517578,25.440000534057617,71224
2026-08-27 11:07:00-04:00,25.45210075378418,25.45949935913086,25.440000534057617,25.454999923706055,115142
2026-08-27 11:08:00-04:00,25.434999465942383,25.45599937438965,25.43000030517578,25.450000762939453,77054
2026-08-27 11:09:00-04:00,25.44499969482422,25.450000762939453,25.43000030517578,25.434999465942383,31220
2026-08-27 11:10:00-04:00,25.459999084472656,25.46500015258789,25.44499969482422,25.450000762939453,122095
2026-08-27 11:11:00-04:00,25.485000610351562,25.485000610351562,25.434999465942383,25.469999313354492,145681
2026-08-27 11:12:00-04:00,25.5049991607666,25.510000228881836,25.484100341796875,25.484100341796875,125239
2026-08-27 11:13:00-04:00,25.5,25.520000457763672,25.4950008392334,25.5049991607666,34333
2026-08-27 11:14:00-04:00,25.510000228881836,25.514999389648438,25.497299194335938,25.497299194335938,62677
2026-08-27 11:15:00-04:00,25.510000228881836,25.510000228881836,25.5,25.5049991607666,13865
2026-08-27 11:16:00-04:00,25.5,25.510000228881836,25.4950008392334,25.510000228881836,34624
2026-08-27 11:17:00-04:00,25.524999618530273,25.530000686645508,25.5,25.5,31945
2026-08-27 11:18:00-04:00,25.53499984741211,25.549999237060547,25.524999618530273,25.524999618530273,38617
2026-08-27 11:19:00-04:00,25.549999237060547,25.559999465942383,25.524999618530273,25.53499984741211,64928
2026-08-27 11:20:00-04:00,25.549999237060547,25.55500030517578,25.540000915527344,25.540000915527344,65054
2026-08-27 11:21:00-04:00,25.524999618530273,25.549699783325195,25.520000457763672,25.545000076293945,45695
2026-08-27 11:22:00-04:00,25.514999389648438,25.530000686645508,25.5049991607666,25.530000686645508,48123
2026-08-27 11:23:00-04:00,25.516000747680664,25.530000686645508,25.510000228881836,25.514999389648438,61886
2026-08-27 11:24:00-04:00,25.520000457763672,25.53499984741211,25.520000457763672,25.520000457763672,84444
2026-08-27 11:25:00-04:00,25.524999618530273,25.530000686645508,25.510000228881836,25.524999618530273,58832
2026-08-27 11:26:00-04:00,25.520000457763672,25.540000915527344,25.510000228881836,25.524999618530273,50192
2026-08-27 11:27:00-04:00,25.505300521850586,25.514999389648438,25.5,25.514999389648438,18713
2026-08-27 11:28:00-04:00,25.510000228881836,25.510000228881836,25.4950008392334,25.5049991607666,25697
2026-08-27 11:29:00-04:00,25.5049991607666,25.510000228881836,25.5,25.5049991607666,32231
2026-08-27 11:30:00-04:00,25.520099639892578,25.524999618530273,25.503700256347656,25.5049991607666,89495
2026-08-27 11:31:00-04:00,25.524999618530273,25.540000915527344,25.520099639892578,25.524999618530273,47997
2026-08-27 11:32:00-04:00,25.530000686645508,25.530000686645508,25.520000457763672,25.524999618530273,17342
2026-08-27 11:33:00-04:00,25.530000686645508,25.530000686645508,25.510000228881836,25.520000457763672,56077
2026-08-27 11:34:00-04:00,25.540000915527344,25.55500030517578,25.520000457763672,25.530000686645508,97587
2026-08-27 11:35:00-04:00,25.545000076293945,25.549999237060547,25.540000915527344,25.545000076293945,43108
2026-08-27 11:36:00-04:00,25.530099868774414,25.549999237060547,25.530000686645508,25.545000076293945,78105
2026-08-27 11:37:00-04:00,25.524999618530273,25.53499984741211,25.520000457763672,25.53499984741211,55650
2026-08-27 11:38:00-04:00,25.539899826049805,25.549999237060547,25.520000457763672,25.524999618530273,91647
2026-08-27 11:39:00-04:00,25.530099868774414,25.540000915527344,25.530000686645508,25.53499984741211,52338
2026-08-27 11:40:00-04:00,25.55500030517578,25.559999465942383,25.530000686645508,25.53499984741211,77910
2026-08-27 11:41:00-04:00,25.574981689453125,25.579999923706055,25.549999237060547,25.55500030517578,69409
2026-08-27 11:42:00-04:00,25.565000534057617,25.579999923706055,25.559999465942383,25.575000762939453,106135
2026-08-27 11:43:00-04:00,25.585500717163086,25.59000015258789,25.565000534057617,25.565000534057617,45345
2026-08-27 11:44:00-04:00,25.57990074157715,25.584999084472656,25.56999969482422,25.584999084472656,47667
2026-08-27 11:45:00-04:00,25.571699142456055,25.584999084472656,25.56999969482422,25.579999923706055,71724
2026-08-27 11:46:00-04:00,25.56999969482422,25.579999923706055,25.559999465942383,25.575000762939453,31288
2026-08-27 11:47:00-04:00,25.56999969482422,25.56999969482422,25.559999465942383,25.56999969482422,30107
2026-08-27 11:48:00-04:00,25.569900512695312,25.56999969482422,25.549999237060547,25.56999969482422,36701
2026-08-27 11:49:00-04:00,25.545000076293945,25.567100524902344,25.540000915527344,25.559999465942383,85517
2026-08-27 11:50:00-04:00,25.53499984741211,25.549999237060547,25.53499984741211,25.545000076293945,38584
2026-08-27 11:51:00-04:00,25.540000915527344,25.54509925842285,25.530000686645508,25.53499984741211,31634
2026-08-27 11:52:00-04:00,25.5487003326416,25.549999237060547,25.540000915527344,25.545000076293945,6184
2026-08-27 11:53:00-04:00,25.543899536132812,25.549999237060547,25.540000915527344,25.545000076293945,37586
2026-08-27 11:54:00-04:00,25.53499984741211,25.545000076293945,25.530000686645508,25.545000076293945,31295
2026-08-27 11:55:00-04:00,25.524999618530273,25.53499984741211,25.520000457763672,25.53499984741211,19056
2026-08-27 11:56:00-04:00,25.53499984741211,25.540000915527344,25.520000457763672,25.520000457763672,50523
2026-08-27 11:57:00-04:00,25.53499984741211,25.545000076293945,25.530000686645508,25.53499984741211,37557
2026-08-27 11:58:00-04:00,25.53499984741211,25.545000076293945,25.530000686645508,25.537799835205078,34232
2026-08-27 11:59:00-04:00,25.52989959716797,25.540000915527344,25.520000457763672,25.540000915527344,45325
2026-08-27 12:00:00-04:00,25.53499984741211,25.540000915527344,25.520000457763672,25.530000686645508,66498
2026-08-27 12:01:00-04:00,25.524999618530273,25.540000915527344,25.520000457763672,25.540000915527344,53270
2026-08-27 12:02:00-04:00,25.53499984741211,25.53499984741211,25.520000457763672,25.530000686645508,48903
2026-08-27 12:03:00-04:00,25.53499984741211,25.540000915527344,25.530000686645508,25.53499984741211,35648
2026-08-27 12:04:00-04:00,25.53499984741211,25.540000915527344,25.520000457763672,25.53499984741211,64943
2026-08-27 12:05:00-04:00,25.54010009765625,25.549999237060547,25.530000686645508,25.540000915527344,35345
2026-08-27 12:06:00-04:00,25.546899795532227,25.55500030517578,25.540000915527344,25.549999237060547,77259
2026-08-27 12:07:00-04:00,25.53499984741211,25.55500030517578,25.530000686645508,25.545000076293945,36629
2026-08-27 12:08:00-04:00,25.524999618530273,25.53499984741211,25.520000457763672,25.53499984741211,28115
2026-08-27 12:09:00-04:00,25.529800415039062,25.530000686645508,25.520000457763672,25.520000457763672,30208
2026-08-27 12:10:00-04:00,25.530000686645508,25.530000686645508,25.520000457763672,25.524999618530273,20775
2026-08-27 12:11:00-04:00,25.54990005493164,25.549999237060547,25.520000457763672,25.530000686645508,36029
2026-08-27 12:12:00-04:00,25.545000076293945,25.549999237060547,25.540000915527344,25.545000076293945,20255
2026-08-27 12:13:00-04:00,25.559999465942383,25.559999465942383,25.540000915527344,25.540000915527344,22016
2026-08-27 12:14:00-04:00,25.549999237060547,25.559999465942383,25.549999237060547,25.559999465942383,17177
2026-08-27 12:15:00-04:00,25.559999465942383,25.559999465942383,25.549999237060547,25.55500030517578,44038
2026-08-27 12:16:00-04:00,25.549999237060547,25.559999465942383,25.54490089416504,25.55500030517578,84277
2026-08-27 12:17:00-04:00,25.54199981689453,25.559999465942383,25.540000915527344,25.559999465942383,72284
2026-08-27 12:18:00-04:00,25.520099639892578,25.549999237060547,25.520000457763672,25.545000076293945,239084
2026-08-27 12:19:00-04:00,25.520099639892578,25.530000686645508,25.520000457763672,25.524999618530273,26021
2026-08-27 12:20:00-04:00,25.524999618530273,25.525100708007812,25.522199630737305,25.524999618530273,9877
2026-08-27 12:21:00-04:00,25.510000228881836,25.530000686645508,25.510000228881836,25.530000686645508,34041
2026-08-27 12:22:00-04:00,25.510000228881836,25.520000457763672,25.510000228881836,25.514999389648438,8850
2026-08-27 12:23:00-04:00,25.5,25.520000457763672,25.5,25.520000457763672,68701
2026-08-27 12:24:00-04:00,25.4950008392334,25.510000228881836,25.489999771118164,25.510000228881836,87375
2026-08-27 12:25:00-04:00,25.474140167236328,25.5,25.474140167236328,25.499900817871094,79562
2026-08-27 12:26:00-04:00,25.475000381469727,25.479999542236328,25.469999313354492,25.475000381469727,33593
2026-08-27 12:27:00-04:00,25.459999084472656,25.479999542236328,25.459999084472656,25.475000381469727,58852
2026-08-27 12:28:00-04:00,25.469999313354492,25.469999313354492,25.459999084472656,25.459999084472656,19423
2026-08-27 12:29:00-04:00,25.469999313354492,25.479999542236328,25.459999084472656,25.46500015258789,56322
2026-08-27 12:30:00-04:00,25.475000381469727,25.479999542236328,25.469999313354492,25.475000381469727,13396
2026-08-27 12:31:00-04:00,25.469999313354492,25.479999542236328,25.469999313354492,25.475000381469727,20975
2026-08-27 12:32:00-04:00,25.47010040283203,25.47610092163086,25.469999313354492,25.475000381469727,10605
2026-08-27 12:33:00-04:00,25.46500015258789,25.475000381469727,25.459999084472656,25.475000381469727,21827
2026-08-27 12:34:00-04:00,25.456300735473633,25.469999313354492,25.454999923706055,25.46500015258789,48891
2026-08-27 12:35:00-04:00,25.453100204467773,25.459999084472656,25.450000762939453,25.450000762939453,32316
2026-08-27 12:36:00-04:00,25.44499969482422,25.459999084472656,25.440000534057617,25.459999084472656,47242
2026-08-27 12:37:00-04:00,25.434999465942383,25.44499969482422,25.424999237060547,25.44499969482422,43483
2026-08-27 12:38:00-04:00,25.439599990844727,25.439599990844727,25.43000030517578,25.434999465942383,40656
2026-08-27 12:39:00-04:00,25.440000534057617,25.450000762939453,25.439699172973633,25.439699172973633,29442
2026-08-27 12:40:00-04:00,25.44499969482422,25.450000762939453,25.440000534057617,25.44499969482422,25962
2026-08-27 12:41:00-04:00,25.454999923706055,25.45989990234375,25.44099998474121,25.44499969482422,50860
2026-08-27 12:42:00-04:00,25.450000762939453,25.459999084472656,25.450000762939453,25.454999923706055,20311
2026-08-27 12:43:00-04:00,25.46500015258789,25.475000381469727,25.450000762939453,25.454999923706055,38782
2026-08-27 12:44:00-04:00,25.475000381469727,25.479999542236328,25.46500015258789,25.46500015258789,30092
2026-08-27 12:45:00-04:00,25.475000381469727,25.479999542236328,25.469999313354492,25.475000381469727,25655
2026-08-27 12:46:00-04:00,25.475000381469727,25.479999542236328,25.474000930786133,25.475000381469727,19383
2026-08-27 12:47:00-04:00,25.479999542236328,25.479999542236328,25.469999313354492,25.475000381469727,9775
2026-08-27 12:48:00-04:00,25.489999771118164,25.499900817871094,25.475000381469727,25.475000381469727,70558
2026-08-27 12:49:00-04:00,25.5,25.5049991607666,25.489999771118164,25.493900299072266,42641
2026-08-27 12:50:00-04:00,25.514999389648438,25.520000457763672,25.4950008392334,25.498699188232422,67970
2026-08-27 12:51:00-04:00,25.520000457763672,25.530000686645508,25.514999389648438,25.514999389648438,57978
2026-08-27 12:52:00-04:00,25.524999618530273,25.530000686645508,25.520000457763672,25.524999618530273,21619
2026-08-27 12:53:00-04:00,25.5049991607666,25.524999618530273,25.5049991607666,25.524999618530273,83372
2026-08-27 12:54:00-04:00,25.5049991607666,25.510000228881836,25.5,25.5049991607666,12624
2026-08-27 12:55:00-04:00,25.4950008392334,25.510000228881836,25.489999771118164,25.5049991607666,57534
2026-08-27 12:56:00-04:00,25.4950008392334,25.5,25.489999771118164,25.5,25174
2026-08-27 12:57:00-04:00,25.485000610351562,25.5,25.479999542236328,25.489999771118164,41608
2026-08-27 12:58:00-04:00,25.485000610351562,25.489999771118164,25.485000610351562,25.485000610351562,29841
2026-08-27 12:59:00-04:00,25.485000610351562,25.5,25.485000610351562,25.485000610351562,47222
2026-08-27 13:00:00-04:00,25.4950008392334,25.5,25.489900588989258,25.489900588989258,28515
2026-08-27 13:01:00-04:00,25.485000610351562,25.5,25.485000610351562,25.489999771118164,18552
2026-08-27 13:02:00-04:00,25.4950008392334,25.5,25.479999542236328,25.485000610351562,63875
2026-08-27 13:03:00-04:00,25.4950008392334,25.5,25.489999771118164,25.5,34159
2026-08-27 13:04:00-04:00,25.46500015258789,25.4950008392334,25.46500015258789,25.4950008392334,63627
2026-08-27 13:05:00-04:00,25.46500015258789,25.469999313354492,25.464799880981445,25.46500015258789,6696
2026-08-27 13:06:00-04:00,25.46500015258789,25.479999542236328,25.46500015258789,25.469999313354492,80039
2026-08-27 13:07:00-04:00,25.475000381469727,25.479999542236328,25.459999084472656,25.46500015258789,45991
2026-08-27 13:08:00-04:00,25.479999542236328,25.485000610351562,25.475000381469727,25.479999542236328,41725
2026-08-27 13:09:00-04:00,25.475000381469727,25.489999771118164,25.475000381469727,25.479999542236328,43404
2026-08-27 13:10:00-04:00,25.475000381469727,25.479999542236328,25.469999313354492,25.47610092163086,21872
2026-08-27 13:11:00-04:00,25.479000091552734,25.479999542236328,25.47010040283203,25.479999542236328,29199
2026-08-27 13:12:00-04:00,25.469999313354492,25.489999771118164,25.469999313354492,25.479999542236328,39931
2026-08-27 13:13:00-04:00,25.47369956970215,25.479999542236328,25.469999313354492,25.475000381469727,17877
2026-08-27 13:14:00-04:00,25.475000381469727,25.479999542236328,25.469999313354492,25.469999313354492,33258
2026-08-27 13:15:00-04:00,25.47800064086914,25.479999542236328,25.469999313354492,25.475000381469727,9898
2026-08-27 13:16:00-04:00,25.48390007019043,25.485000610351562,25.469999313354492,25.475000381469727,72338
2026-08-27 13:17:00-04:00,25.479999542236328,25.489999771118164,25.479999542236328,25.485000610351562,24417
2026-08-27 13:18:00-04:00,25.484100341796875,25.489999771118164,25.479999542236328,25.489999771118164,14593
2026-08-27 13:19:00-04:00,25.475000381469727,25.489999771118164,25.475000381469727,25.489999771118164,43724
2026-08-27 13:20:00-04:00,25.4950008392334,25.4950008392334,25.475000381469727,25.475000381469727,56699
2026-08-27 13:21:00-04:00,25.485000610351562,25.489999771118164,25.479999542236328,25.489999771118164,35084
2026-08-27 13:22:00-04:00,25.48509979248047,25.489999771118164,25.479999542236328,25.485000610351562,23118
2026-08-27 13:23:00-04:00,25.493799209594727,25.499000549316406,25.485000610351562,25.485000610351562,40077
2026-08-27 13:24:00-04:00,25.489999771118164,25.5,25.489999771118164,25.49020004272461,29960
2026-08-27 13:25:00-04:00,25.5049991607666,25.510000228881836,25.489999771118164,25.4950008392334,42310
2026-08-27 13:26:00-04:00,25.5049991607666,25.514999389648438,25.5,25.5,44314
2026-08-27 13:27:00-04:00,25.5,25.50510025024414,25.5,25.5049991607666,18777
2026-08-27 13:28:00-04:00,25.5049991607666,25.510000228881836,25.490100860595703,25.5049991607666,49290
2026-08-27 13:29:00-04:00,25.499300003051758,25.50670051574707,25.490100860595703,25.5049991607666,44628
2026-08-27 13:30:00-04:00,25.4950008392334,25.5,25.489999771118164,25.499900817871094,12210
2026-08-27 13:31:00-04:00,25.5049991607666,25.505199432373047,25.4950008392334,25.4950008392334,20869
2026-08-27 13:32:00-04:00,25.4950008392334,25.510000228881836,25.4950008392334,25.5,69149
2026-08-27 13:33:00-04:00,25.485000610351562,25.4950008392334,25.479999542236328,25.4950008392334,28179
2026-08-27 13:34:00-04:00,25.487499237060547,25.489999771118164,25.47010040283203,25.485000610351562,41788
2026-08-27 13:35:00-04:00,25.485000610351562,25.489999771118164,25.479999542236328,25.489999771118164,29262
2026-08-27 13:36:00-04:00,25.510000228881836,25.510000228881836,25.485000610351562,25.485000610351562,56103
2026-08-27 13:37:00-04:00,25.4950008392334,25.510000228881836,25.4950008392334,25.510000228881836,52388
2026-08-27 13:38:00-04:00,25.497699737548828,25.5049991607666,25.489999771118164,25.499500274658203,74424
2026-08-27 13:39:00-04:00,25.503799438476562,25.510000228881836,25.4950008392334,25.499900817871094,29071
2026-08-27 13:40:00-04:00,25.4950008392334,25.510000228881836,25.489999771118164,25.510000228881836,58361
2026-08-27 13:41:00-04:00,25.4950008392334,25.4950008392334,25.489999771118164,25.491899490356445,15973
2026-08-27 13:42:00-04:00,25.495100021362305,25.5,25.490100860595703,25.49180030822754,98886
2026-08-27 13:43:00-04:00,25.497499465942383,25.497499465942383,25.4950008392334,25.4950008392334,5090
2026-08-27 13:44:00-04:00,25.4950008392334,25.5,25.490100860595703,25.4950008392334,22266
2026-08-27 13:45:00-04:00,25.485000610351562,25.5,25.475000381469727,25.4950008392334,100186
2026-08-27 13:46:00-04:00,25.484800338745117,25.489999771118164,25.469999313354492,25.485000610351562,42978
2026-08-27 13:47:00-04:00,25.479999542236328,25.489999771118164,25.479999542236328,25.485000610351562,21046
2026-08-27 13:48:00-04:00,25.475000381469727,25.489999771118164,25.475000381469727,25.479999542236328,31155
2026-08-27 13:49:00-04:00,25.480100631713867,25.48889923095703,25.475000381469727,25.47879981994629,14292
2026-08-27 13:50:00-04:00,25.4950008392334,25.498699188232422,25.479999542236328,25.485000610351562,24173
2026-08-27 13:51:00-04:00,25.4950008392334,25.5,25.490100860595703,25.4950008392334,17758
2026-08-27 13:52:00-04:00,25.499000549316406,25.5,25.4950008392334,25.4950008392334,14365
2026-08-27 13:53:00-04:00,25.4950008392334,25.5,25.489999771118164,25.5,12796
2026-08-27 13:54:00-04:00,25.481000900268555,25.5,25.481000900268555,25.4950008392334,44978
2026-08-27 13:55:00-04:00,25.473594665527344,25.485000610351562,25.473594665527344,25.485000610351562,51516
2026-08-27 13:56:00-04:00,25.4950008392334,25.5,25.47010040283203,25.47909927368164,42082
2026-08-27 13:57:00-04:00,25.4950008392334,25.5,25.494199752807617,25.4950008392334,12372
2026-08-27 13:58:00-04:00,25.495800018310547,25.5,25.485000610351562,25.494800567626953,51920
2026-08-27 13:59:00-04:00,25.485000610351562,25.4950008392334,25.479999542236328,25.4950008392334,33391
2026-08-27 14:00:00-04:00,25.46500015258789,25.489999771118164,25.461200714111328,25.489999771118164,54192
2026-08-27 14:01:00-04:00,25.475000381469727,25.47610092163086,25.459999084472656,25.46619987487793,51356
2026-08-27 14:02:00-04:00,25.485000610351562,25.485000610351562,25.469999313354492,25.475000381469727,25012
2026-08-27 14:03:00-04:00,25.485000610351562,25.489999771118164,25.479999542236328,25.480100631713867,31202
2026-08-27 14:04:00-04:00,25.485000610351562,25.489999771118164,25.479999542236328,25.489999771118164,9357
2026-08-27 14:05:00-04:00,25.489999771118164,25.489999771118164,25.479999542236328,25.479999542236328,17996
2026-08-27 14:06:00-04:00,25.47599983215332,25.479999542236328,25.469999313354492,25.479999542236328,47697
2026-08-27 14:07:00-04:00,25.479999542236328,25.479999542236328,25.475000381469727,25.475000381469727,19771
2026-08-27 14:08:00-04:00,25.485000610351562,25.485000610351562,25.469999313354492,25.479999542236328,28611
2026-08-27 14:09:00-04:00,25.489999771118164,25.489999771118164,25.479999542236328,25.479999542236328,17148
2026-08-27 14:10:00-04:00,25.485000610351562,25.489999771118164,25.479999542236328,25.489999771118164,108940
2026-08-27 14:11:00-04:00,25.485000610351562,25.489999771118164,25.469999313354492,25.483699798583984,51986
2026-08-27 14:12:00-04:00,25.485000610351562,25.489999771118164,25.480100631713867,25.485000610351562,21195
2026-08-27 14:13:00-04:00,25.485000610351562,25.485000610351562,25.479999542236328,25.479999542236328,56802
2026-08-27 14:14:00-04:00,25.485000610351562,25.489999771118164,25.479999542236328,25.489999771118164,28579
2026-08-27 14:15:00-04:00,25.485000610351562,25.489999771118164,25.479999542236328,25.485000610351562,14167
2026-08-27 14:16:00-04:00,25.485000610351562,25.489999771118164,25.479999542236328,25.485000610351562,32732
2026-08-27 14:17:00-04:00,25.480100631713867,25.489999771118164,25.479999542236328,25.485000610351562,23016
2026-08-27 14:18:00-04:00,25.485000610351562,25.489999771118164,25.479999542236328,25.485000610351562,46199
2026-08-27 14:19:00-04:00,25.485000610351562,25.489999771118164,25.479999542236328,25.485000610351562,39464
2026-08-27 14:20:00-04:00,25.4950008392334,25.5,25.487300872802734,25.48900032043457,24450
2026-08-27 14:21:00-04:00,25.4950008392334,25.5,25.4950008392334,25.4950008392334,13055
2026-08-27 14:22:00-04:00,25.514999389648438,25.520000457763672,25.4950008392334,25.4950008392334,77889
2026-08-27 14:23:00-04:00,25.514999389648438,25.518999099731445,25.510000228881836,25.515600204467773,13341
2026-08-27 14:24:00-04:00,25.520000457763672,25.524999618530273,25.514999389648438,25.514999389648438,53693
2026-08-27 14:25:00-04:00,25.5049991607666,25.524999618530273,25.500099182128906,25.520000457763672,75886
2026-08-27 14:26:00-04:00,25.4950008392334,25.510000228881836,25.49489974975586,25.5049991607666,20286
2026-08-27 14:27:00-04:00,25.49799919128418,25.5,25.489999771118164,25.4950008392334,14004
2026-08-27 14:28:00-04:00,25.4950008392334,25.5,25.489999771118164,25.4950008392334,12411
2026-08-27 14:29:00-04:00,25.5049991607666,25.510000228881836,25.489999771118164,25.489999771118164,31341
2026-08-27 14:30:00-04:00,25.4950008392334,25.5049991607666,25.489999771118164,25.5049991607666,44462
2026-08-27 14:31:00-04:00,25.499000549316406,25.499000549316406,25.489999771118164,25.4950008392334,23642
2026-08-27 14:32:00-04:00,25.4950008392334,25.5,25.489999771118164,25.489999771118164,21727
2026-08-27 14:33:00-04:00,25.489999771118164,25.510000228881836,25.489999771118164,25.4950008392334,39078
2026-08-27 14:34:00-04:00,25.489999771118164,25.4950008392334,25.489999771118164,25.489999771118164,6784
2026-08-27 14:35:00-04:00,25.489999771118164,25.5,25.489999771118164,25.492399215698242,23678
2026-08-27 14:36:00-04:00,25.4950008392334,25.5,25.489999771118164,25.489999771118164,14586
2026-08-27 14:37:00-04:00,25.4950008392334,25.495399475097656,25.480100631713867,25.489999771118164,45755
2026-08-27 14:38:00-04:00,25.49049949645996,25.5,25.489999771118164,25.4950008392334,34150
2026-08-27 14:39:00-04:00,25.489999771118164,25.5,25.489999771118164,25.5,30423
2026-08-27 14:40:00-04:00,25.4950008392334,25.5,25.489999771118164,25.491100311279297,22932
2026-08-27 14:41:00-04:00,25.50510025024414,25.50510025024414,25.4950008392334,25.5,84062
2026-08-27 14:42:00-04:00,25.5,25.510000228881836,25.5,25.502599716186523,26160
2026-08-27 14:43:00-04:00,25.514999389648438,25.516300201416016,25.5,25.5049991607666,37272
2026-08-27 14:44:00-04:00,25.510000228881836,25.516300201416016,25.510000228881836,25.514999389648438,11521
2026-08-27 14:45:00-04:00,25.510000228881836,25.514999389648438,25.5,25.510000228881836,67098
2026-08-27 14:46:00-04:00,25.5049991607666,25.507699966430664,25.5049991607666,25.5049991607666,16085
2026-08-27 14:47:00-04:00,25.5049991607666,25.5049991607666,25.5,25.5049991607666,37937
2026-08-27 14:48:00-04:00,25.5049991607666,25.510000228881836,25.5,25.5049991607666,22516
2026-08-27 14:49:00-04:00,25.4950008392334,25.510000228881836,25.489999771118164,25.510000228881836,36554
2026-08-27 14:50:00-04:00,25.4950008392334,25.5,25.49372100830078,25.49372100830078,19635
2026-08-27 14:51:00-04:00,25.499900817871094,25.5,25.489999771118164,25.5,18911
2026-08-27 14:52:00-04:00,25.485000610351562,25.4950008392334,25.479999542236328,25.4950008392334,45704
2026-08-27 14:53:00-04:00,25.485000610351562,25.489999771118164,25.479999542236328,25.485000610351562,11493
2026-08-27 14:54:00-04:00,25.485000610351562,25.489999771118164,25.485000610351562,25.485000610351562,20719
2026-08-27 14:55:00-04:00,25.485000610351562,25.485000610351562,25.479999542236328,25.485000610351562,14975
2026-08-27 14:56:00-04:00,25.485000610351562,25.489999771118164,25.479999542236328,25.485000610351562,26025
2026-08-27 14:57:00-04:00,25.485000610351562,25.489999771118164,25.479999542236328,25.485000610351562,24538
2026-08-27 14:58:00-04:00,25.485000610351562,25.489999771118164,25.479999542236328,25.479999542236328,22492
2026-08-27 14:59:00-04:00,25.475000381469727,25.48509979248047,25.475000381469727,25.485000610351562,43548
2026-08-27 15:00:00-04:00,25.489999771118164,25.489999771118164,25.475000381469727,25.475000381469727,39867
2026-08-27 15:01:00-04:00,25.475000381469727,25.485000610351562,25.469999313354492,25.485000610351562,27485
2026-08-27 15:02:00-04:00,25.454999923706055,25.485000610351562,25.450000762939453,25.475000381469727,64337
2026-08-27 15:03:00-04:00,25.450000762939453,25.469999313354492,25.450000762939453,25.450000762939453,23666
2026-08-27 15:04:00-04:00,25.450000762939453,25.459999084472656,25.443700790405273,25.454999923706055,33910
2026-08-27 15:05:00-04:00,25.44499969482422,25.450000762939453,25.444700241088867,25.450000762939453,38616
2026-08-27 15:06:00-04:00,25.45400047302246,25.454999923706055,25.440099716186523,25.44499969482422,74755
2026-08-27 15:07:00-04:00,25.454999923706055,25.456100463867188,25.450000762939453,25.454999923706055,10944
2026-08-27 15:08:00-04:00,25.454999923706055,25.459999084472656,25.450000762939453,25.45009994506836,28703
2026-08-27 15:09:00-04:00,25.454999923706055,25.459999084472656,25.450000762939453,25.45509910583496,11663
2026-08-27 15:10:00-04:00,25.44499969482422,25.459999084472656,25.440000534057617,25.454999923706055,53297
2026-08-27 15:11:00-04:00,25.44499969482422,25.450000762939453,25.440000534057617,25.44499969482422,13837
2026-08-27 15:12:00-04:00,25.44219970703125,25.450000762939453,25.440000534057617,25.44339942932129,31918
2026-08-27 15:13:00-04:00,25.454999923706055,25.459999084472656,25.440000534057617,25.44499969482422,42217
2026-08-27 15:14:00-04:00,25.454999923706055,25.459999084472656,25.454999923706055,25.454999923706055,12072
2026-08-27 15:15:00-04:00,25.450000762939453,25.459999084472656,25.450000762939453,25.454999923706055,25314
2026-08-27 15:16:00-04:00,25.44499969482422,25.459999084472656,25.44499969482422,25.45400047302246,48145
2026-08-27 15:17:00-04:00,25.44499969482422,25.450000762939453,25.440000534057617,25.44499969482422,19072
2026-08-27 15:18:00-04:00,25.45989990234375,25.459999084472656,25.44499969482422,25.44499969482422,53563
2026-08-27 15:19:00-04:00,25.459999084472656,25.459999084472656,25.454999923706055,25.454999923706055,16344
2026-08-27 15:20:00-04:00,25.459999084472656,25.459999084472656,25.454999923706055,25.4596004486084,39986
2026-08-27 15:21:00-04:00,25.459999084472656,25.459999084472656,25.450000762939453,25.459999084472656,23930
2026-08-27 15:22:00-04:00,25.424999237060547,25.454999923706055,25.420000076293945,25.454999923706055,77823
2026-08-27 15:23:00-04:00,25.424999237060547,25.43000030517578,25.420000076293945,25.420000076293945,15279
2026-08-27 15:24:00-04:00,25.415000915527344,25.424999237060547,25.415000915527344,25.420000076293945,68189
2026-08-27 15:25:00-04:00,25.389999389648438,25.415000915527344,25.389999389648438,25.40999984741211,43726
2026-08-27 15:26:00-04:00,25.364999771118164,25.395000457763672,25.364999771118164,25.389999389648438,162979
2026-08-27 15:27:00-04:00,25.385000228881836,25.385000228881836,25.364999771118164,25.364999771118164,81723
2026-08-27 15:28:00-04:00,25.354999542236328,25.385000228881836,25.350000381469727,25.385000228881836,95211
2026-08-27 15:29:00-04:00,25.354999542236328,25.359699249267578,25.34000015258789,25.354999542236328,99779
2026-08-27 15:30:00-04:00,25.350000381469727,25.360000610351562,25.344999313354492,25.354999542236328,76990
2026-08-27 15:31:00-04:00,25.354999542236328,25.360000610351562,25.350000381469727,25.350000381469727,23863
2026-08-27 15:32:00-04:00,25.374799728393555,25.3799991607666,25.354999542236328,25.354999542236328,72236
2026-08-27 15:33:00-04:00,25.375,25.3799991607666,25.364999771118164,25.375,95827
2026-08-27 15:34:00-04:00,25.385000228881836,25.385000228881836,25.371999740600586,25.375,53168
2026-08-27 15:35:00-04:00,25.385000228881836,25.389999389648438,25.3799991607666,25.385000228881836,28797
2026-08-27 15:36:00-04:00,25.415000915527344,25.42609977722168,25.3799991607666,25.3799991607666,134121
2026-08-27 15:37:00-04:00,25.405000686645508,25.41510009765625,25.400299072265625,25.410999298095703,43204
2026-08-27 15:38:00-04:00,25.389999389648438,25.40999984741211,25.389999389648438,25.405000686645508,61546
2026-08-27 15:39:00-04:00,25.405000686645508,25.405000686645508,25.385000228881836,25.395000457763672,48578
2026-08-27 15:40:00-04:00,25.40999984741211,25.40999984741211,25.405000686645508,25.405000686645508,33492
2026-08-27 15:41:00-04:00,25.424999237060547,25.43000030517578,25.40999984741211,25.40999984741211,43119
2026-08-27 15:42:00-04:00,25.415000915527344,25.434999465942383,25.415000915527344,25.424999237060547,78785
2026-08-27 15:43:00-04:00,25.424999237060547,25.424999237060547,25.405000686645508,25.415000915527344,66208
2026-08-27 15:44:00-04:00,25.43000030517578,25.43000030517578,25.420000076293945,25.424999237060547,46669
2026-08-27 15:45:00-04:00,25.43000030517578,25.434999465942383,25.420000076293945,25.434999465942383,59699
2026-08-27 15:46:00-04:00,25.424999237060547,25.429899215698242,25.420000076293945,25.424999237060547,73523
2026-08-27 15:47:00-04:00,25.415000915527344,25.429899215698242,25.40999984741211,25.42009925842285,64407
2026-08-27 15:48:00-04:00,25.415000915527344,25.420000076293945,25.40999984741211,25.415000915527344,67048
2026-08-27 15:49:00-04:00,25.389999389648438,25.420000076293945,25.389999389648438,25.420000076293945,78292
2026-08-27 15:50:00-04:00,25.395000457763672,25.405000686645508,25.389999389648438,25.389999389648438,86154
2026-08-27 15:51:00-04:00,25.395000457763672,25.39579963684082,25.3799991607666,25.389999389648438,128805
2026-08-27 15:52:00-04:00,25.389999389648438,25.395999908447266,25.3799991607666,25.389999389648438,71076
2026-08-27 15:53:00-04:00,25.405000686645508,25.40999984741211,25.385000228881836,25.385000228881836,81060
2026-08-27 15:54:00-04:00,25.415000915527344,25.420000076293945,25.399999618530273,25.40999984741211,77888
2026-08-27 15:55:00-04:00,25.424999237060547,25.450000762939453,25.40999984741211,25.415000915527344,221906
2026-08-27 15:56:00-04:00,25.415000915527344,25.43000030517578,25.40999984741211,25.424999237060547,194673
2026-08-27 15:57:00-04:00,25.40999984741211,25.420000076293945,25.405000686645508,25.415000915527344,231801
2026-08-27 15:58:00-04:00,25.415000915527344,25.43000030517578,25.405000686645508,25.405000686645508,311180
2026-08-27 15:59:00-04:00,25.440000534057617,25.440000534057617,25.40999984741211,25.40999984741211,612189
2026-08-28 09:30:00-04:00,25.56999969482422,25.6200008392334,25.50860023498535,25.559999465942383,386463
2026-08-28 09:31:00-04:00,25.649999618530273,25.65999984741211,25.56999969482422,25.579999923706055,62693
2026-08-28 09:32:00-04:00,25.689899444580078,25.689899444580078,25.639999389648438,25.649999618530273,46986
2026-08-28 09:33:00-04:00,25.649999618530273,25.709999084472656,25.649999618530273,25.68000030517578,64459
2026-08-28 09:34:00-04:00,25.649999618530273,25.68000030517578,25.649999618530273,25.655000686645508,29276
2026-08-28 09:35:00-04:00,25.6299991607666,25.649999618530273,25.6200008392334,25.639999389648438,48534
2026-08-28 09:36:00-04:00,25.625,25.639999389648438,25.6200008392334,25.625,31108
2026-08-28 09:37:00-04:00,25.7450008392334,25.7450008392334,25.6200008392334,25.6299991607666,71330
2026-08-28 09:38:00-04:00,25.704999923706055,25.7450008392334,25.690000534057617,25.739999771118164,41554
2026-08-28 09:39:00-04:00,25.684999465942383,25.707300186157227,25.68000030517578,25.704999923706055,22919
2026-08-28 09:40:00-04:00,25.649999618530273,25.69499969482422,25.639999389648438,25.688129425048828,39582
2026-08-28 09:41:00-04:00,25.65999984741211,25.665000915527344,25.6299991607666,25.649999618530273,25819
2026-08-28 09:42:00-04:00,25.700000762939453,25.725000381469727,25.670000076293945,25.670000076293945,70391
2026-08-28 09:43:00-04:00,25.709999084472656,25.719999313354492,25.69499969482422,25.700000762939453,30345
2026-08-28 09:44:00-04:00,25.704999923706055,25.72825050354004,25.690000534057617,25.709999084472656,50492
2026-08-28 09:45:00-04:00,25.735000610351562,25.7549991607666,25.690000534057617,25.700000762939453,52443
2026-08-28 09:46:00-04:00,25.735000610351562,25.73879051208496,25.709999084472656,25.735000610351562,17418
2026-08-28 09:47:00-04:00,25.725000381469727,25.739999771118164,25.719999313354492,25.735000610351562,24517
2026-08-28 09:48:00-04:00,25.735000610351562,25.739999771118164,25.71500015258789,25.729999542236328,34074
2026-08-28 09:49:00-04:00,25.774999618530273,25.780000686645508,25.729999542236328,25.739999771118164,58507
2026-08-28 09:50:00-04:00,25.770000457763672,25.774999618530273,25.75,25.774999618530273,43554
2026-08-28 09:51:00-04:00,25.80500030517578,25.815000534057617,25.780000686645508,25.780000686645508,92449
2026-08-28 09:52:00-04:00,25.825000762939453,25.829999923706055,25.799999237060547,25.809999465942383,35941
2026-08-28 09:53:00-04:00,25.829999923706055,25.84000015258789,25.825000762939453,25.825000762939453,29467
2026-08-28 09:54:00-04:00,25.844999313354492,25.864999771118164,25.834999084472656,25.840099334716797,70852
2026-08-28 09:55:00-04:00,25.86009979248047,25.8700008392334,25.84000015258789,25.844999313354492,31990
2026-08-28 09:56:00-04:00,25.854999542236328,25.8700008392334,25.850000381469727,25.8700008392334,24205
2026-08-28 09:57:00-04:00,25.864999771118164,25.865100860595703,25.850000381469727,25.854999542236328,21440
2026-08-28 09:58:00-04:00,25.889999389648438,25.899999618530273,25.860000610351562,25.864999771118164,37820
2026-08-28 09:59:00-04:00,25.90999984741211,25.915000915527344,25.8799991607666,25.889999389648438,57226
2026-08-28 10:00:00-04:00,25.917499542236328,25.920000076293945,25.899999618530273,25.90999984741211,26358
2026-08-28 10:01:00-04:00,25.920000076293945,25.93000030517578,25.90999984741211,25.920000076293945,36636
2026-08-28 10:02:00-04:00,25.924999237060547,25.93000030517578,25.903799057006836,25.915000915527344,43999
2026-08-28 10:03:00-04:00,25.915000915527344,25.924999237060547,25.90999984741211,25.924999237060547,23400
2026-08-28 10:04:00-04:00,25.905000686645508,25.917699813842773,25.899999618530273,25.917699813842773,27757
2026-08-28 10:05:00-04:00,25.94499969482422,25.950000762939453,25.899999618530273,25.905000686645508,94397
2026-08-28 10:06:00-04:00,25.934999465942383,25.950000762939453,25.934999465942383,25.94499969482422,39204
2026-08-28 10:07:00-04:00,25.959999084472656,25.959999084472656,25.93000030517578,25.934999465942383,33968
2026-08-28 10:08:00-04:00,25.957500457763672,25.96500015258789,25.950000762939453,25.959999084472656,27108
2026-08-28 10:09:00-04:00,25.950000762939453,25.969999313354492,25.94499969482422,25.954999923706055,37056
2026-08-28 10:10:00-04:00,25.93000030517578,25.959999084472656,25.920000076293945,25.954999923706055,49937
2026-08-28 10:11:00-04:00,25.90999984741211,25.934999465942383,25.899999618530273,25.934999465942383,25724
2026-08-28 10:12:00-04:00,25.905000686645508,25.915000915527344,25.899999618530273,25.90999984741211,51989
2026-08-28 10:13:00-04:00,25.90999984741211,25.934999465942383,25.899999618530273,25.905000686645508,64229
2026-08-28 10:14:00-04:00,25.915000915527344,25.91990089416504,25.90999984741211,25.915000915527344,27589
2026-08-28 10:15:00-04:00,25.90999984741211,25.90999984741211,25.885000228881836,25.90999984741211,59080
2026-08-28 10:16:00-04:00,25.924999237060547,25.935100555419922,25.90999984741211,25.90999984741211,77603
2026-08-28 10:17:00-04:00,25.934999465942383,25.950000762939453,25.920000076293945,25.924999237060547,66370
2026-08-28 10:18:00-04:00,25.94499969482422,25.950000762939453,25.93000030517578,25.934999465942383,46129
2026-08-28 10:19:00-04:00,25.950000762939453,25.957500457763672,25.934999465942383,25.946300506591797,60786
2026-08-28 10:20:00-04:00,25.94499969482422,25.959999084472656,25.940000534057617,25.950000762939453,30172
2026-08-28 10:21:00-04:00,25.94499969482422,25.950000762939453,25.940000534057617,25.950000762939453,51241
2026-08-28 10:22:00-04:00,25.924999237060547,25.950000762939453,25.920000076293945,25.940000534057617,22048
2026-08-28 10:23:00-04:00,25.90999984741211,25.935100555419922,25.90999984741211,25.93000030517578,34745
2026-08-28 10:24:00-04:00,25.905000686645508,25.90999984741211,25.899999618530273,25.90519905090332,20002
2026-08-28 10:25:00-04:00,25.90999984741211,25.90999984741211,25.899999618530273,25.905000686645508,23121
2026-08-28 10:26:00-04:00,25.909900665283203,25.926599502563477,25.899999618530273,25.90999984741211,25337
2026-08-28 10:27:00-04:00,25.905000686645508,25.915000915527344,25.899999618530273,25.899999618530273,19291
2026-08-28 10:28:00-04:00,25.905000686645508,25.90999984741211,25.899999618530273,25.905000686645508,9647
2026-08-28 10:29:00-04:00,25.905000686645508,25.90690040588379,25.899999618530273,25.905000686645508,11175
2026-08-28 10:30:00-04:00,25.91349983215332,25.91349983215332,25.890100479125977,25.905000686645508,27997
2026-08-28 10:31:00-04:00,25.924999237060547,25.940000534057617,25.90999984741211,25.915000915527344,51067
2026-08-28 10:32:00-04:00,25.920000076293945,25.93000030517578,25.90999984741211,25.924999237060547,65177
2026-08-28 10:33:00-04:00,25.924999237060547,25.93000030517578,25.915000915527344,25.91510009765625,30045
2026-08-28 10:34:00-04:00,25.924999237060547,25.93000030517578,25.915000915527344,25.92009925842285,56194
2026-08-28 10:35:00-04:00,25.96500015258789,25.969999313354492,25.93000030517578,25.93000030517578,88790
2026-08-28 10:36:00-04:00,25.94499969482422,25.969999313354492,25.94499969482422,25.959999084472656,158156
2026-08-28 10:37:00-04:00,25.93000030517578,25.950000762939453,25.93000030517578,25.94499969482422,24017
2026-08-28 10:38:00-04:00,25.92289924621582,25.934999465942383,25.90999984741211,25.934999465942383,44840
2026-08-28 10:39:00-04:00,25.889999389648438,25.920000076293945,25.889999389648438,25.920000076293945,49665
2026-08-28 10:40:00-04:00,25.885000228881836,25.899999618530273,25.8799991607666,25.895099639892578,83672
2026-08-28 10:41:00-04:00,25.920000076293945,25.93000030517578,25.8799991607666,25.889999389648438,65836
2026-08-28 10:42:00-04:00,25.899999618530273,25.93000030517578,25.889999389648438,25.924999237060547,58120
2026-08-28 10:43:00-04:00,25.899999618530273,25.90999984741211,25.899999618530273,25.899999618530273,22396
2026-08-28 10:44:00-04:00,25.920000076293945,25.93000030517578,25.899999618530273,25.899999618530273,58609
2026-08-28 10:45:00-04:00,25.91510009765625,25.93000030517578,25.912700653076172,25.915000915527344,79883
2026-08-28 10:46:00-04:00,25.93000030517578,25.93000030517578,25.90999984741211,25.90999984741211,29824
2026-08-28 10:47:00-04:00,25.905000686645508,25.924999237060547,25.899999618530273,25.924999237060547,23849
2026-08-28 10:48:00-04:00,25.895000457763672,25.90999984741211,25.889999389648438,25.905000686645508,27402
2026-08-28 10:49:00-04:00,25.895000457763672,25.899999618530273,25.889999389648438,25.895000457763672,15485
2026-08-28 10:50:00-04:00,25.895000457763672,25.899999618530273,25.889999389648438,25.89389991760254,116872
2026-08-28 10:51:00-04:00,25.915000915527344,25.920000076293945,25.889999389648438,25.895000457763672,73880
2026-08-28 10:52:00-04:00,25.915000915527344,25.920000076293945,25.90999984741211,25.915000915527344,57075
2026-08-28 10:53:00-04:00,25.920000076293945,25.924999237060547,25.90999984741211,25.915000915527344,34511
2026-08-28 10:54:00-04:00,25.920000076293945,25.934999465942383,25.912500381469727,25.93000030517578,57003
2026-08-28 10:55:00-04:00,25.900100708007812,25.93000030517578,25.900100708007812,25.920000076293945,52286
2026-08-28 10:56:00-04:00,25.905000686645508,25.90999984741211,25.899999618530273,25.905000686645508,33496
2026-08-28 10:57:00-04:00,25.895000457763672,25.90999984741211,25.889999389648438,25.899999618530273,41104
2026-08-28 10:58:00-04:00,25.895000457763672,25.90999984741211,25.889999389648438,25.895000457763672,32175
2026-08-28 10:59:00-04:00,25.895000457763672,25.90999984741211,25.889999389648438,25.895000457763672,27165
2026-08-28 11:00:00-04:00,25.90276527404785,25.90999984741211,25.889999389648438,25.889999389648438,47661
2026-08-28 11:01:00-04:00,25.90999984741211,25.920000076293945,25.899999618530273,25.899999618530273,57968
2026-08-28 11:02:00-04:00,25.915000915527344,25.920000076293945,25.90999984741211,25.90999984741211,49657
2026-08-28 11:03:00-04:00,25.895000457763672,25.920000076293945,25.889999389648438,25.915000915527344,45168
2026-08-28 11:04:00-04:00,25.889999389648438,25.899999618530273,25.8799991607666,25.895000457763672,17719
2026-08-28 11:05:00-04:00,25.889999389648438,25.895099639892578,25.8799991607666,25.885000228881836,30239
2026-08-28 11:06:00-04:00,25.885000228881836,25.895000457763672,25.8799991607666,25.8799991607666,50597
2026-08-28 11:07:00-04:00,25.875,25.885000228881836,25.860000610351562,25.885000228881836,28529
2026-08-28 11:08:00-04:00,25.895000457763672,25.899999618530273,25.8700008392334,25.875,42165
2026-08-28 11:09:00-04:00,25.899999618530273,25.899999618530273,25.889999389648438,25.889999389648438,25492
2026-08-28 11:10:00-04:00,25.889999389648438,25.899999618530273,25.8799991607666,25.895000457763672,54942
2026-08-28 11:11:00-04:00,25.889999389648438,25.899999618530273,25.8799991607666,25.8799991607666,27929
2026-08-28 11:12:00-04:00,25.875,25.889999389648438,25.8700008392334,25.885000228881836,20940
2026-08-28 11:13:00-04:00,25.875,25.8799991607666,25.8700008392334,25.8799991607666,5783
2026-08-28 11:14:00-04:00,25.8799991607666,25.8799991607666,25.8700008392334,25.8799991607666,20580
2026-08-28 11:15:00-04:00,25.860000610351562,25.8799991607666,25.860000610351562,25.8799991607666,25130
2026-08-28 11:16:00-04:00,25.875,25.8799991607666,25.860000610351562,25.864999771118164,19265
2026-08-28 11:17:00-04:00,25.8799991607666,25.885700225830078,25.8700008392334,25.875,33775
2026-08-28 11:18:00-04:00,25.875,25.8799991607666,25.8700008392334,25.87969970703125,27420
2026-08-28 11:19:00-04:00,25.8700008392334,25.8799991607666,25.865699768066406,25.8700008392334,33764
2026-08-28 11:20:00-04:00,25.875,25.8799991607666,25.8700008392334,25.8799991607666,17088
2026-08-28 11:21:00-04:00,25.88249969482422,25.88990020751953,25.8700008392334,25.8799991607666,28465
2026-08-28 11:22:00-04:00,25.8799991607666,25.899999618530273,25.8799991607666,25.8799991607666,47095
2026-08-28 11:23:00-04:00,25.8799991607666,25.889999389648438,25.870100021362305,25.885000228881836,21560
2026-08-28 11:24:00-04:00,25.879899978637695,25.885700225830078,25.8700008392334,25.8799991607666,40006
2026-08-28 11:25:00-04:00,25.875,25.8799991607666,25.8700008392334,25.87540054321289,61344
2026-08-28 11:26:00-04:00,25.875,25.885700225830078,25.8700008392334,25.8799991607666,88353
2026-08-28 11:27:00-04:00,25.889999389648438,25.889999389648438,25.875,25.879899978637695,32480
2026-08-28 11:28:00-04:00,25.889999389648438,25.895000457763672,25.8799991607666,25.88640022277832,65486
2026-08-28 11:29:00-04:00,25.899999618530273,25.905000686645508,25.889999389648438,25.889999389648438,54989
2026-08-28 11:30:00-04:00,25.899999618530273,25.899999618530273,25.889999389648438,25.899999618530273,27277
2026-08-28 11:31:00-04:00,25.895000457763672,25.899999618530273,25.8799991607666,25.897132873535156,77477
2026-08-28 11:32:00-04:00,25.90999984741211,25.920000076293945,25.889999389648438,25.889999389648438,41649
2026-08-28 11:33:00-04:00,25.90999984741211,25.90999984741211,25.899999618530273,25.905000686645508,15292
2026-08-28 11:34:00-04:00,25.905000686645508,25.90999984741211,25.889999389648438,25.905000686645508,23101
2026-08-28 11:35:00-04:00,25.915000915527344,25.920000076293945,25.899999618530273,25.909700393676758,43697
2026-08-28 11:36:00-04:00,25.90999984741211,25.920000076293945,25.899999618530273,25.915000915527344,38138
2026-08-28 11:37:00-04:00,25.915000915527344,25.920000076293945,25.902299880981445,25.902299880981445,29944
2026-08-28 11:38:00-04:00,25.915000915527344,25.940000534057617,25.90999984741211,25.920000076293945,101473
2026-08-28 11:39:00-04:00,25.93000030517578,25.93000030517578,25.90999984741211,25.91510009765625,33152
2026-08-28 11:40:00-04:00,25.940000534057617,25.940000534057617,25.920000076293945,25.924999237060547,76682
2026-08-28 11:41:00-04:00,25.934999465942383,25.950000762939453,25.93000030517578,25.93000030517578,72501
2026-08-28 11:42:00-04:00,25.92930030822754,25.934999465942383,25.920000076293945,25.934999465942383,34993
2026-08-28 11:43:00-04:00,25.90999984741211,25.93000030517578,25.90999984741211,25.93000030517578,39844
2026-08-28 11:44:00-04:00,25.920000076293945,25.920000076293945,25.90999984741211,25.90999984741211,26569
2026-08-28 11:45:00-04:00,25.925500869750977,25.93000030517578,25.90999984741211,25.920000076293945,41132
2026-08-28 11:46:00-04:00,25.9325008392334,25.940000534057617,25.920000076293945,25.924999237060547,65378
2026-08-28 11:47:00-04:00,25.939199447631836,25.950000762939453,25.93000030517578,25.93000030517578,39004
2026-08-28 11:48:00-04:00,25.940000534057617,25.950000762939453,25.93000030517578,25.93939971923828,22250
2026-08-28 11:49:00-04:00,25.959999084472656,25.969999313354492,25.940000534057617,25.94499969482422,61842
2026-08-28 11:50:00-04:00,25.96500015258789,25.969999313354492,25.959999084472656,25.959999084472656,21099
2026-08-28 11:51:00-04:00,25.969999313354492,25.969999313354492,25.959999084472656,25.959999084472656,27924
2026-08-28 11:52:00-04:00,25.985000610351562,25.989999771118164,25.959999084472656,25.961000442504883,31109
2026-08-28 11:53:00-04:00,25.983600616455078,25.98509979248047,25.975000381469727,25.985000610351562,44909
2026-08-28 11:54:00-04:00,25.96500015258789,26.009899139404297,25.959999084472656,25.985000610351562,260292
2026-08-28 11:55:00-04:00,25.975000381469727,25.979999542236328,25.959999084472656,25.969999313354492,34444
2026-08-28 11:56:00-04:00,25.975000381469727,25.979999542236328,25.959999084472656,25.969999313354492,23660
2026-08-28 11:57:00-04:00,25.975000381469727,25.989999771118164,25.969999313354492,25.975000381469727,46510
2026-08-28 11:58:00-04:00,25.969999313354492,25.979999542236328,25.96500015258789,25.975000381469727,59367
2026-08-28 11:59:00-04:00,25.979999542236328,25.979999542236328,25.959999084472656,25.96500015258789,80920
2026-08-28 12:00:00-04:00,25.9950008392334,26.0,25.975000381469727,25.979999542236328,42831
2026-08-28 12:01:00-04:00,26.014999389648438,26.030000686645508,25.989999771118164,25.989999771118164,144323
2026-08-28 12:02:00-04:00,26.014999389648438,26.020000457763672,26.010000228881836,26.014999389648438,35477
2026-08-28 12:03:00-04:00,26.0049991607666,26.020000457763672,26.0049991607666,26.020000457763672,52481
2026-08-28 12:04:00-04:00,26.010000228881836,26.014999389648438,26.0,26.0049991607666,26384
2026-08-28 12:05:00-04:00,26.0,26.020000457763672,26.0,26.014999389648438,50234
2026-08-28 12:06:00-04:00,25.975000381469727,26.0,25.975000381469727,25.9950008392334,65606
2026-08-28 12:07:00-04:00,25.960100173950195,25.979999542236328,25.959999084472656,25.970399856567383,75305
2026-08-28 12:08:00-04:00,25.930099487304688,25.959999084472656,25.93000030517578,25.959999084472656,83332
2026-08-28 12:09:00-04:00,25.915000915527344,25.934999465942383,25.90999984741211,25.934999465942383,69166
2026-08-28 12:10:00-04:00,25.93000030517578,25.940000534057617,25.915000915527344,25.920000076293945,95907
2026-08-28 12:11:00-04:00,25.939899444580078,25.940000534057617,25.920000076293945,25.93090057373047,53088
2026-08-28 12:12:00-04:00,25.92009925842285,25.935100555419922,25.915000915527344,25.935100555419922,116548
2026-08-28 12:13:00-04:00,25.924999237060547,25.93000030517578,25.920000076293945,25.920499801635742,85625
2026-08-28 12:14:00-04:00,25.915000915527344,25.93000030517578,25.91010093688965,25.924999237060547,63772
2026-08-28 12:15:00-04:00,25.915000915527344,25.920000076293945,25.889999389648438,25.920000076293945,138543
2026-08-28 12:16:00-04:00,25.93000030517578,25.934999465942383,25.91939926147461,25.91939926147461,55702
2026-08-28 12:17:00-04:00,25.94499969482422,25.950000762939453,25.93000030517578,25.934999465942383,47377
2026-08-28 12:18:00-04:00,25.954999923706055,25.959999084472656,25.93000030517578,25.950000762939453,120171
2026-08-28 12:19:00-04:00,25.957599639892578,25.959999084472656,25.950000762939453,25.954999923706055,33639
2026-08-28 12:20:00-04:00,25.940099716186523,25.969999313354492,25.940000534057617,25.959999084472656,48707
2026-08-28 12:21:00-04:00,25.920000076293945,25.950000762939453,25.920000076293945,25.94499969482422,52055
2026-08-28 12:22:00-04:00,25.899999618530273,25.920000076293945,25.899999618530273,25.920000076293945,29746
2026-08-28 12:23:00-04:00,25.90999984741211,25.924999237060547,25.899999618530273,25.905000686645508,102847
2026-08-28 12:24:00-04:00,25.885000228881836,25.920000076293945,25.88050079345703,25.91510009765625,112653
2026-08-28 12:25:00-04:00,25.8799991607666,25.889999389648438,25.8799991607666,25.885000228881836,28626
2026-08-28 12:26:00-04:00,25.8799991607666,25.889999389648438,25.8799991607666,25.885000228881836,46371
2026-08-28 12:27:00-04:00,25.8700008392334,25.88990020751953,25.864999771118164,25.885000228881836,33722
2026-08-28 12:28:00-04:00,25.875,25.875,25.860000610351562,25.8700008392334,52801
2026-08-28 12:29:00-04:00,25.879899978637695,25.8799991607666,25.8700008392334,25.875,35435
2026-08-28 12:30:00-04:00,25.889999389648438,25.895000457763672,25.875,25.8799991607666,24641
2026-08-28 12:31:00-04:00,25.90999984741211,25.90999984741211,25.889999389648438,25.895000457763672,22387
2026-08-28 12:32:00-04:00,25.905000686645508,25.920000076293945,25.899999618530273,25.905000686645508,25307
2026-08-28 12:33:00-04:00,25.915000915527344,25.915000915527344,25.899999618530273,25.899999618530273,36597
2026-08-28 12:34:00-04:00,25.895000457763672,25.915000915527344,25.889999389648438,25.90999984741211,22317
2026-08-28 12:35:00-04:00,25.889999389648438,25.899999618530273,25.889999389648438,25.889999389648438,18604
2026-08-28 12:36:00-04:00,25.895000457763672,25.905000686645508,25.889999389648438,25.889999389648438,47773
2026-08-28 12:37:00-04:00,25.889999389648438,25.899999618530273,25.8799991607666,25.895000457763672,18737
2026-08-28 12:38:00-04:00,25.870100021362305,25.885000228881836,25.8700008392334,25.885000228881836,29895
2026-08-28 12:39:00-04:00,25.8700008392334,25.8799991607666,25.8700008392334,25.8700008392334,24335
2026-08-28 12:40:00-04:00,25.860000610351562,25.8799991607666,25.860000610351562,25.875,53846
2026-08-28 12:41:00-04:00,25.8700008392334,25.8799991607666,25.86989974975586,25.8700008392334,19118
2026-08-28 12:42:00-04:00,25.860000610351562,25.8799991607666,25.860000610351562,25.877300262451172,22914
2026-08-28 12:43:00-04:00,25.864999771118164,25.8700008392334,25.860000610351562,25.86989974975586,14477
2026-08-28 12:44:00-04:00,25.864999771118164,25.8700008392334,25.860000610351562,25.864999771118164,13528
2026-08-28 12:45:00-04:00,25.864999771118164,25.8799991607666,25.860000610351562,25.864999771118164,61734
2026-08-28 12:46:00-04:00,25.864999771118164,25.8700008392334,25.860000610351562,25.864999771118164,13369
2026-08-28 12:47:00-04:00,25.860000610351562,25.8700008392334,25.854999542236328,25.864999771118164,37895
2026-08-28 12:48:00-04:00,25.844999313354492,25.854999542236328,25.84000015258789,25.850000381469727,58379
2026-08-28 12:49:00-04:00,25.84000015258789,25.850000381469727,25.829999923706055,25.844999313354492,56595
2026-08-28 12:50:00-04:00,25.860000610351562,25.860000610351562,25.833799362182617,25.834999084472656,35487
2026-08-28 12:51:00-04:00,25.859800338745117,25.8700008392334,25.850000381469727,25.860000610351562,71877
2026-08-28 12:52:00-04:00,25.854999542236328,25.860000610351562,25.850000381469727,25.854999542236328,43581
2026-08-28 12:53:00-04:00,25.850099563598633,25.860000610351562,25.844999313354492,25.850000381469727,70833
2026-08-28 12:54:00-04:00,25.875,25.8799991607666,25.850000381469727,25.860000610351562,52446
2026-08-28 12:55:00-04:00,25.875,25.8799991607666,25.8700008392334,25.875,35265
2026-08-28 12:56:00-04:00,25.875,25.889999389648438,25.8700008392334,25.875,43151
2026-08-28 12:57:00-04:00,25.8700008392334,25.879899978637695,25.860000610351562,25.875,30616
2026-08-28 12:58:00-04:00,25.864999771118164,25.8700008392334,25.860000610351562,25.864999771118164,39667
2026-08-28 12:59:00-04:00,25.885000228881836,25.88599967956543,25.860000610351562,25.864999771118164,61914
2026-08-28 13:00:00-04:00,25.889999389648438,25.889999389648438,25.8700008392334,25.885000228881836,72738
2026-08-28 13:01:00-04:00,25.895000457763672,25.899999618530273,25.889999389648438,25.895000457763672,24978
2026-08-28 13:02:00-04:00,25.88990020751953,25.899999618530273,25.885000228881836,25.899999618530273,55647
2026-08-28 13:03:00-04:00,25.875,25.895099639892578,25.872499465942383,25.889699935913086,100766
2026-08-28 13:04:00-04:00,25.885000228881836,25.889999389648438,25.875,25.875,73044
2026-08-28 13:05:00-04:00,25.895000457763672,25.899999618530273,25.885000228881836,25.885000228881836,44904
2026-08-28 13:06:00-04:00,25.900100708007812,25.90999984741211,25.889999389648438,25.895000457763672,32791
2026-08-28 13:07:00-04:00,25.895000457763672,25.90999984741211,25.889999389648438,25.899999618530273,20486
2026-08-28 13:08:00-04:00,25.893299102783203,25.899999618530273,25.889999389648438,25.899900436401367,19383
2026-08-28 13:09:00-04:00,25.875,25.895000457763672,25.8700008392334,25.895000457763672,41566
2026-08-28 13:10:00-04:00,25.88990020751953,25.889999389648438,25.8700008392334,25.872900009155273,83428
2026-08-28 13:11:00-04:00,25.885000228881836,25.889999389648438,25.8799991607666,25.88593101501465,39103
2026-08-28 13:12:00-04:00,25.8799991607666,25.885000228881836,25.875,25.880800247192383,43520
2026-08-28 13:13:00-04:00,25.899999618530273,25.899999618530273,25.8799991607666,25.889999389648438,63579
2026-08-28 13:14:00-04:00,25.8799991607666,25.899999618530273,25.8799991607666,25.895000457763672,48593
2026-08-28 13:15:00-04:00,25.8799991607666,25.889999389648438,25.8799991607666,25.88010025024414,37248
2026-08-28 13:16:00-04:00,25.885000228881836,25.889999389648438,25.8799991607666,25.8799991607666,48902
2026-08-28 13:17:00-04:00,25.885000228881836,25.889999389648438,25.8799991607666,25.8799991607666,30756
2026-08-28 13:18:00-04:00,25.88990020751953,25.889999389648438,25.8799991607666,25.88990020751953,32582
2026-08-28 13:19:00-04:00,25.875,25.899999618530273,25.8700008392334,25.885000228881836,105981
2026-08-28 13:20:00-04:00,25.889999389648438,25.889999389648438,25.875,25.875,28392
2026-08-28 13:21:00-04:00,25.895000457763672,25.899999618530273,25.8799991607666,25.885099411010742,26485
2026-08-28 13:22:00-04:00,25.885099411010742,25.899999618530273,25.885000228881836,25.895000457763672,39704
2026-08-28 13:23:00-04:00,25.885000228881836,25.899999618530273,25.8799991607666,25.885000228881836,35022
2026-08-28 13:24:00-04:00,25.889999389648438,25.889999389648438,25.8799991607666,25.885000228881836,15411
2026-08-28 13:25:00-04:00,25.885000228881836,25.889999389648438,25.8799991607666,25.884199142456055,16476
2026-08-28 13:26:00-04:00,25.88360023498535,25.889999389648438,25.8799991607666,25.885000228881836,16905
2026-08-28 13:27:00-04:00,25.875,25.889999389648438,25.8700008392334,25.885099411010742,28972
2026-08-28 13:28:00-04:00,25.873899459838867,25.8799991607666,25.8700008392334,25.8700008392334,11397
2026-08-28 13:29:00-04:00,25.875,25.8799991607666,25.8700008392334,25.875,28568
2026-08-28 13:30:00-04:00,25.8700008392334,25.8799991607666,25.8700008392334,25.875,22355
2026-08-28 13:31:00-04:00,25.885000228881836,25.889999389648438,25.8700008392334,25.875,32633
2026-08-28 13:32:00-04:00,25.889999389648438,25.899999618530273,25.8799991607666,25.88990020751953,50560
2026-08-28 13:33:00-04:00,25.889999389648438,25.899999618530273,25.8799991607666,25.899999618530273,47354
2026-08-28 13:34:00-04:00,25.885000228881836,25.889999389648438,25.8799991607666,25.885000228881836,19053
2026-08-28 13:35:00-04:00,25.885000228881836,25.899999618530273,25.8799991607666,25.8799991607666,69850
2026-08-28 13:36:00-04:00,25.889999389648438,25.889999389648438,25.8799991607666,25.885000228881836,24682
2026-08-28 13:37:00-04:00,25.885000228881836,25.889999389648438,25.8799991607666,25.885000228881836,29722
2026-08-28 13:38:00-04:00,25.885000228881836,25.889999389648438,25.8799991607666,25.885000228881836,16409
2026-08-28 13:39:00-04:00,25.885000228881836,25.889999389648438,25.8799991607666,25.885000228881836,20126
2026-08-28 13:40:00-04:00,25.8799991607666,25.889999389648438,25.8799991607666,25.885000228881836,18176
2026-08-28 13:41:00-04:00,25.889999389648438,25.889999389648438,25.8799991607666,25.885000228881836,20443
2026-08-28 13:42:00-04:00,25.885000228881836,25.889999389648438,25.8799991607666,25.885000228881836,13242
2026-08-28 13:43:00-04:00,25.905000686645508,25.90999984741211,25.8799991607666,25.885000228881836,117645
2026-08-28 13:44:00-04:00,25.905000686645508,25.90999984741211,25.899999618530273,25.905000686645508,34313
2026-08-28 13:45:00-04:00,25.915000915527344,25.920000076293945,25.899999618530273,25.909900665283203,46382
2026-08-28 13:46:00-04:00,25.890100479125977,25.920000076293945,25.889999389648438,25.915000915527344,48863
2026-08-28 13:47:00-04:00,25.895000457763672,25.899999618530273,25.889999389648438,25.895000457763672,30804
2026-08-28 13:48:00-04:00,25.8799991607666,25.889999389648438,25.8799991607666,25.889999389648438,44495
2026-08-28 13:49:00-04:00,25.8799991607666,25.889999389648438,25.8799991607666,25.8799991607666,32981
2026-08-28 13:50:00-04:00,25.885000228881836,25.889999389648438,25.8799991607666,25.885000228881836,11351
2026-08-28 13:51:00-04:00,25.875,25.889999389648438,25.8700008392334,25.885000228881836,22221
2026-08-28 13:52:00-04:00,25.885000228881836,25.885000228881836,25.8700008392334,25.8700008392334,25966
2026-08-28 13:53:00-04:00,25.875,25.889999389648438,25.8700008392334,25.8799991607666,6240
2026-08-28 13:54:00-04:00,25.875,25.8799991607666,25.860000610351562,25.8700008392334,33354
2026-08-28 13:55:00-04:00,25.875,25.879899978637695,25.870100021362305,25.879899978637695,20848
2026-08-28 13:56:00-04:00,25.8799991607666,25.8799991607666,25.875,25.875,14785
2026-08-28 13:57:00-04:00,25.885000228881836,25.889999389648438,25.8700008392334,25.875,44961
2026-08-28 13:58:00-04:00,25.8799991607666,25.889999389648438,25.8700008392334,25.885000228881836,22693
2026-08-28 13:59:00-04:00,25.885000228881836,25.889999389648438,25.8700008392334,25.875,64707
2026-08-28 14:00:00-04:00,25.895000457763672,25.899999618530273,25.8799991607666,25.885000228881836,49913
2026-08-28 14:01:00-04:00,25.889999389648438,25.899999618530273,25.889999389648438,25.895000457763672,51215
2026-08-28 14:02:00-04:00,25.899999618530273,25.90999984741211,25.895000457763672,25.895000457763672,29561
2026-08-28 14:03:00-04:00,25.90999984741211,25.90999984741211,25.899999618530273,25.905000686645508,24934
2026-08-28 14:04:00-04:00,25.899999618530273,25.90999984741211,25.899999618530273,25.899999618530273,26942
2026-08-28 14:05:00-04:00,25.915000915527344,25.915000915527344,25.899999618530273,25.905000686645508,80519
2026-08-28 14:06:00-04:00,25.915000915527344,25.920000076293945,25.90999984741211,25.915000915527344,14847
2026-08-28 14:07:00-04:00,25.924999237060547,25.93000030517578,25.90999984741211,25.90999984741211,30411
2026-08-28 14:08:00-04:00,25.920000076293945,25.93000030517578,25.920000076293945,25.920000076293945,7620
2026-08-28 14:09:00-04:00,25.924999237060547,25.93000030517578,25.920000076293945,25.93000030517578,4876
2026-08-28 14:10:00-04:00,25.924999237060547,25.93000030517578,25.915000915527344,25.924999237060547,46071
2026-08-28 14:11:00-04:00,25.920000076293945,25.93000030517578,25.920000076293945,25.93000030517578,11237
2026-08-28 14:12:00-04:00,25.93000030517578,25.93000030517578,25.920000076293945,25.93000030517578,15017
2026-08-28 14:13:00-04:00,25.93000030517578,25.93000030517578,25.920000076293945,25.924999237060547,14405
2026-08-28 14:14:00-04:00,25.93000030517578,25.93000030517578,25.920000076293945,25.924999237060547,9613
2026-08-28 14:15:00-04:00,25.93000030517578,25.93000030517578,25.920000076293945,25.920000076293945,37197
2026-08-28 14:16:00-04:00,25.90999984741211,25.93000030517578,25.90999984741211,25.924999237060547,35867
2026-08-28 14:17:00-04:00,25.90999984741211,25.920000076293945,25.90999984741211,25.915000915527344,17632
2026-08-28 14:18:00-04:00,25.93000030517578,25.93000030517578,25.90999984741211,25.915000915527344,19301
2026-08-28 14:19:00-04:00,25.915000915527344,25.93000030517578,25.90999984741211,25.920000076293945,30723
2026-08-28 14:20:00-04:00,25.90999984741211,25.920000076293945,25.90999984741211,25.915800094604492,22563
2026-08-28 14:21:00-04:00,25.915000915527344,25.920000076293945,25.90999984741211,25.915000915527344,10084
2026-08-28 14:22:00-04:00,25.915199279785156,25.915199279785156,25.899999618530273,25.915000915527344,35735
2026-08-28 14:23:00-04:00,25.90999984741211,25.920000076293945,25.90999984741211,25.91990089416504,12276
2026-08-28 14:24:00-04:00,25.920000076293945,25.920000076293945,25.90999984741211,25.90999984741211,14261
2026-08-28 14:25:00-04:00,25.915000915527344,25.920000076293945,25.90999984741211,25.915000915527344,15359
2026-08-28 14:26:00-04:00,25.915000915527344,25.920000076293945,25.90999984741211,25.915000915527344,10533
2026-08-28 14:27:00-04:00,25.920000076293945,25.920000076293945,25.90999984741211,25.90999984741211,16794
2026-08-28 14:28:00-04:00,25.90999984741211,25.920000076293945,25.90999984741211,25.90999984741211,28064
2026-08-28 14:29:00-04:00,25.915000915527344,25.920000076293945,25.90999984741211,25.915000915527344,31032
2026-08-28 14:30:00-04:00,25.909099578857422,25.920000076293945,25.899999618530273,25.915000915527344,30933
2026-08-28 14:31:00-04:00,25.90999984741211,25.90999984741211,25.899999618530273,25.90920066833496,10231
2026-08-28 14:32:00-04:00,25.91990089416504,25.920000076293945,25.90999984741211,25.90999984741211,25857
2026-08-28 14:33:00-04:00,25.924999237060547,25.93000030517578,25.899999618530273,25.920000076293945,72542
2026-08-28 14:34:00-04:00,25.940000534057617,25.940000534057617,25.920000076293945,25.926799774169922,40123
2026-08-28 14:35:00-04:00,25.93000030517578,25.940000534057617,25.93000030517578,25.934999465942383,17145
2026-08-28 14:36:00-04:00,25.93000030517578,25.940000534057617,25.93000030517578,25.93000030517578,37938
2026-08-28 14:37:00-04:00,25.959999084472656,25.959999084472656,25.940000534057617,25.940000534057617,58103
2026-08-28 14:38:00-04:00,25.950000762939453,25.959999084472656,25.950000762939453,25.959999084472656,30311
2026-08-28 14:39:00-04:00,25.940000534057617,25.959999084472656,25.940000534057617,25.954999923706055,43629
2026-08-28 14:40:00-04:00,25.924999237060547,25.950000762939453,25.924999237060547,25.94499969482422,39935
2026-08-28 14:41:00-04:00,25.93000030517578,25.940000534057617,25.922500610351562,25.924999237060547,30274
2026-08-28 14:42:00-04:00,25.94499969482422,25.950000762939453,25.934999465942383,25.940000534057617,56972
2026-08-28 14:43:00-04:00,25.94499969482422,25.950000762939453,25.940000534057617,25.940000534057617,27189
2026-08-28 14:44:00-04:00,25.950000762939453,25.950000762939453,25.940000534057617,25.94499969482422,12767
2026-08-28 14:45:00-04:00,25.934999465942383,25.94499969482422,25.93000030517578,25.94499969482422,60911
2026-08-28 14:46:00-04:00,25.934999465942383,25.940000534057617,25.93000030517578,25.940000534057617,15716
2026-08-28 14:47:00-04:00,25.940000534057617,25.950000762939453,25.93000030517578,25.93000030517578,33153
2026-08-28 14:48:00-04:00,25.940000534057617,25.950000762939453,25.940000534057617,25.943899154663086,45091
2026-08-28 14:49:00-04:00,25.934999465942383,25.950000762939453,25.93000030517578,25.940000534057617,44918
2026-08-28 14:50:00-04:00,25.950000762939453,25.950000762939453,25.93000030517578,25.93000030517578,61024
2026-08-28 14:51:00-04:00,25.935100555419922,25.94499969482422,25.93000030517578,25.940000534057617,42229
2026-08-28 14:52:00-04:00,25.934999465942383,25.940000534057617,25.93000030517578,25.940000534057617,19196
2026-08-28 14:53:00-04:00,25.940000534057617,25.940000534057617,25.93000030517578,25.934999465942383,19182
2026-08-28 14:54:00-04:00,25.934999465942383,25.935100555419922,25.93000030517578,25.934999465942383,8566
2026-08-28 14:55:00-04:00,25.93000030517578,25.940000534057617,25.93000030517578,25.934999465942383,19768
2026-08-28 14:56:00-04:00,25.93000030517578,25.940000534057617,25.920000076293945,25.940000534057617,67952
2026-08-28 14:57:00-04:00,25.924999237060547,25.93000030517578,25.920000076293945,25.924999237060547,24286
2026-08-28 14:58:00-04:00,25.924999237060547,25.93000030517578,25.920000076293945,25.924999237060547,32383
2026-08-28 14:59:00-04:00,25.915000915527344,25.924999237060547,25.90999984741211,25.924999237060547,105767
2026-08-28 15:00:00-04:00,25.915000915527344,25.920000076293945,25.90999984741211,25.920000076293945,21040
2026-08-28 15:01:00-04:00,25.924999237060547,25.93000030517578,25.90999984741211,25.915000915527344,60616
2026-08-28 15:02:00-04:00,25.90999984741211,25.93000030517578,25.905000686645508,25.920000076293945,93475
2026-08-28 15:03:00-04:00,25.90999984741211,25.916099548339844,25.899999618530273,25.905000686645508,49995
2026-08-28 15:04:00-04:00,25.924999237060547,25.93000030517578,25.90999984741211,25.915000915527344,47743
2026-08-28 15:05:00-04:00,25.920000076293945,25.93000030517578,25.920000076293945,25.924999237060547,28201
2026-08-28 15:06:00-04:00,25.924999237060547,25.93000030517578,25.90999984741211,25.924999237060547,76414
2026-08-28 15:07:00-04:00,25.915000915527344,25.93000030517578,25.914499282836914,25.924999237060547,72170
2026-08-28 15:08:00-04:00,25.905000686645508,25.920000076293945,25.905000686645508,25.915000915527344,60333
2026-08-28 15:09:00-04:00,25.920000076293945,25.93000030517578,25.899999618530273,25.90999984741211,34231
2026-08-28 15:10:00-04:00,25.93000030517578,25.93000030517578,25.920000076293945,25.93000030517578,13937
2026-08-28 15:11:00-04:00,25.924999237060547,25.93000030517578,25.920000076293945,25.920000076293945,13872
2026-08-28 15:12:00-04:00,25.920000076293945,25.93000030517578,25.920000076293945,25.924999237060547,51762
2026-08-28 15:13:00-04:00,25.915000915527344,25.920000076293945,25.91010093688965,25.915000915527344,29893
2026-08-28 15:14:00-04:00,25.915000915527344,25.91990089416504,25.91010093688965,25.915000915527344,12548
2026-08-28 15:15:00-04:00,25.915000915527344,25.93000030517578,25.91010093688965,25.915000915527344,134781
2026-08-28 15:16:00-04:00,25.92009925842285,25.927099227905273,25.90999984741211,25.915000915527344,52889
2026-08-28 15:17:00-04:00,25.934999465942383,25.940000534057617,25.92490005493164,25.929100036621094,43400
2026-08-28 15:18:00-04:00,25.934999465942383,25.950000762939453,25.93000030517578,25.93000030517578,80095
2026-08-28 15:19:00-04:00,25.934999465942383,25.940000534057617,25.93000030517578,25.934999465942383,17140
2026-08-28 15:20:00-04:00,25.934999465942383,25.93899917602539,25.93000030517578,25.934999465942383,29561
2026-08-28 15:21:00-04:00,25.93000030517578,25.940000534057617,25.920000076293945,25.935100555419922,54361
2026-08-28 15:22:00-04:00,25.935100555419922,25.935100555419922,25.920000076293945,25.929899215698242,27324
2026-08-28 15:23:00-04:00,25.934999465942383,25.940000534057617,25.93000030517578,25.934999465942383,20784
2026-08-28 15:24:00-04:00,25.93000030517578,25.940000534057617,25.93000030517578,25.934999465942383,30084
2026-08-28 15:25:00-04:00,25.934999465942383,25.940000534057617,25.93000030517578,25.934999465942383,20234
2026-08-28 15:26:00-04:00,25.934999465942383,25.950000762939453,25.93000030517578,25.93000030517578,97054
2026-08-28 15:27:00-04:00,25.93000030517578,25.940000534057617,25.93000030517578,25.934999465942383,15543
2026-08-28 15:28:00-04:00,25.934999465942383,25.940000534057617,25.93000030517578,25.934999465942383,52892
2026-08-28 15:29:00-04:00,25.940000534057617,25.950000762939453,25.934999465942383,25.934999465942383,77275
2026-08-28 15:30:00-04:00,25.940000534057617,25.950000762939453,25.940000534057617,25.940000534057617,31388
2026-08-28 15:31:00-04:00,25.94499969482422,25.94499969482422,25.93000030517578,25.940000534057617,94412
2026-08-28 15:32:00-04:00,25.950000762939453,25.950000762939453,25.940000534057617,25.94499969482422,18576
2026-08-28 15:33:00-04:00,25.94499969482422,25.959999084472656,25.940000534057617,25.94499969482422,104511
2026-08-28 15:34:00-04:00,25.956199645996094,25.959999084472656,25.940000534057617,25.948299407958984,54239
2026-08-28 15:35:00-04:00,25.954999923706055,25.959999084472656,25.950000762939453,25.954999923706055,72023
2026-08-28 15:36:00-04:00,25.954999923706055,25.969999313354492,25.950000762939453,25.959999084472656,60017
2026-08-28 15:37:00-04:00,25.954999923706055,25.959999084472656,25.950000762939453,25.954999923706055,25913
2026-08-28 15:38:00-04:00,25.954999923706055,25.969999313354492,25.95009994506836,25.954999923706055,122495
2026-08-28 15:39:00-04:00,25.969999313354492,25.969999313354492,25.954999923706055,25.954999923706055,51637
2026-08-28 15:40:00-04:00,25.96500015258789,25.969999313354492,25.959999084472656,25.96500015258789,38621
2026-08-28 15:41:00-04:00,25.979999542236328,25.979999542236328,25.959999084472656,25.96500015258789,101682
2026-08-28 15:42:00-04:00,25.970600128173828,25.979999542236328,25.969999313354492,25.975000381469727,52106
2026-08-28 15:43:00-04:00,25.96500015258789,25.979999542236328,25.959999084472656,25.975099563598633,72334
2026-08-28 15:44:00-04:00,25.94499969482422,25.969999313354492,25.940000534057617,25.96500015258789,101062
2026-08-28 15:45:00-04:00,25.950000762939453,25.950000762939453,25.93000030517578,25.94499969482422,125718
2026-08-28 15:46:00-04:00,25.93000030517578,25.950000762939453,25.93000030517578,25.940000534057617,73370
2026-08-28 15:47:00-04:00,25.920000076293945,25.940000534057617,25.920000076293945,25.940000534057617,64676
2026-08-28 15:48:00-04:00,25.915000915527344,25.93000030517578,25.90999984741211,25.920000076293945,74755
2026-08-28 15:49:00-04:00,25.920000076293945,25.920000076293945,25.90999984741211,25.915000915527344,82541
2026-08-28 15:50:00-04:00,25.934999465942383,25.940000534057617,25.90999984741211,25.91990089416504,91991
2026-08-28 15:51:00-04:00,25.94499969482422,25.950000762939453,25.934999465942383,25.934999465942383,62177
2026-08-28 15:52:00-04:00,25.96500015258789,25.969999313354492,25.94499969482422,25.950000762939453,89004
2026-08-28 15:53:00-04:00,25.959999084472656,25.969999313354492,25.959999084472656,25.969999313354492,89437
2026-08-28 15:54:00-04:00,25.979900360107422,25.989999771118164,25.959999084472656,25.959999084472656,174564
2026-08-28 15:55:00-04:00,26.014999389648438,26.020000457763672,25.975000381469727,25.979999542236328,278779
2026-08-28 15:56:00-04:00,26.0049991607666,26.020000457763672,26.0,26.014999389648438,130748
2026-08-28 15:57:00-04:00,26.010000228881836,26.020000457763672,26.0,26.0049991607666,202130
2026-08-28 15:58:00-04:00,26.014999389648438,26.030000686645508,26.0,26.014999389648438,455924
2026-08-28 15:59:00-04:00,26.0,26.020000457763672,26.0,26.020000457763672,535902
2026-08-31 09:30:00-04:00,25.920000076293945,25.959999084472656,25.889999389648438,25.915000915527344,439868
2026-08-31 09:31:00-04:00,25.920000076293945,25.969999313354492,25.885000228881836,25.920000076293945,97915
2026-08-31 09:32:00-04:00,25.920000076293945,25.94499969482422,25.9143009185791,25.924800872802734,32310
2026-08-31 09:33:00-04:00,25.96500015258789,25.969999313354492,25.91900062561035,25.924699783325195,56823
2026-08-31 09:34:00-04:00,25.940000534057617,25.96500015258789,25.93400001525879,25.96500015258789,30171
2026-08-31 09:35:00-04:00,25.985000610351562,25.9950008392334,25.920000076293945,25.940000534057617,108588
2026-08-31 09:36:00-04:00,25.985000610351562,26.010000228881836,25.950000762939453,25.985000610351562,74335
2026-08-31 09:37:00-04:00,26.014999389648438,26.020000457763672,25.989500045776367,25.989500045776367,59330
2026-08-31 09:38:00-04:00,26.034000396728516,26.040000915527344,26.0049991607666,26.014999389648438,83455
2026-08-31 09:39:00-04:00,26.025100708007812,26.040000915527344,26.0,26.03499984741211,50047
2026-08-31 09:40:00-04:00,26.009899139404297,26.03499984741211,26.0,26.022663116455078,50486
2026-08-31 09:41:00-04:00,26.030000686645508,26.03619956970215,26.0,26.0,38180
2026-08-31 09:42:00-04:00,26.010000228881836,26.030000686645508,25.9950008392334,26.030000686645508,70238
2026-08-31 09:43:00-04:00,26.010000228881836,26.014999389648438,26.0,26.010000228881836,18433
2026-08-31 09:44:00-04:00,25.959999084472656,26.0049991607666,25.959999084472656,26.0049991607666,69820
2026-08-31 09:45:00-04:00,26.0226993560791,26.024999618530273,25.96500015258789,25.96500015258789,112565
2026-08-31 09:46:00-04:00,26.040000915527344,26.040000915527344,26.0226993560791,26.024999618530273,31750
2026-08-31 09:47:00-04:00,26.024999618530273,26.040000915527344,26.020000457763672,26.040000915527344,51275
2026-08-31 09:48:00-04:00,25.924999237060547,26.041000366210938,25.924999237060547,26.020099639892578,226133
2026-08-31 09:49:00-04:00,25.91629981994629,25.93000030517578,25.899999618530273,25.924999237060547,110442
2026-08-31 09:50:00-04:00,25.920000076293945,25.920000076293945,25.899999618530273,25.915000915527344,25121
2026-08-31 09:51:00-04:00,25.885000228881836,25.924999237060547,25.875,25.920000076293945,121286
2026-08-31 09:52:00-04:00,25.895000457763672,25.905500411987305,25.8799991607666,25.885000228881836,20419
2026-08-31 09:53:00-04:00,25.889999389648438,25.90999984741211,25.889999389648438,25.899999618530273,28159
2026-08-31 09:54:00-04:00,25.893999099731445,25.90999984741211,25.885000228881836,25.885000228881836,70254
2026-08-31 09:55:00-04:00,25.90999984741211,25.90999984741211,25.889999389648438,25.895000457763672,16808
2026-08-31 09:56:00-04:00,25.915000915527344,25.93000030517578,25.90999984741211,25.915000915527344,48025
2026-08-31 09:57:00-04:00,25.924999237060547,25.924999237060547,25.905000686645508,25.920000076293945,18520
2026-08-31 09:58:00-04:00,25.924999237060547,25.93000030517578,25.920000076293945,25.924999237060547,25159
2026-08-31 09:59:00-04:00,25.905000686645508,25.920000076293945,25.899999618530273,25.920000076293945,39295
2026-08-31 10:00:00-04:00,25.895000457763672,25.912799835205078,25.889999389648438,25.905000686645508,32215
2026-08-31 10:01:00-04:00,25.8700008392334,25.899999618530273,25.860000610351562,25.889999389648438,115803
2026-08-31 10:02:00-04:00,25.905000686645508,25.90999984741211,25.8700008392334,25.875,23865
2026-08-31 10:03:00-04:00,25.899999618530273,25.91990089416504,25.895000457763672,25.90999984741211,39060
2026-08-31 10:04:00-04:00,25.920000076293945,25.93000030517578,25.895000457763672,25.905000686645508,49615
2026-08-31 10:05:00-04:00,25.913999557495117,25.93000030517578,25.90999984741211,25.920000076293945,31289
2026-08-31 10:06:00-04:00,25.90999984741211,25.920000076293945,25.899999618530273,25.915000915527344,58586
2026-08-31 10:07:00-04:00,25.905000686645508,25.90999984741211,25.889999389648438,25.90999984741211,35625
2026-08-31 10:08:00-04:00,25.924999237060547,25.934999465942383,25.905000686645508,25.90999984741211,121771
2026-08-31 10:09:00-04:00,25.954999923706055,25.954999923706055,25.90999984741211,25.93000030517578,704144
2026-08-31 10:10:00-04:00,25.989999771118164,26.0,25.940099716186523,25.950000762939453,92547
2026-08-31 10:11:00-04:00,25.985000610351562,26.0049991607666,25.982999801635742,25.9950008392334,50004
2026-08-31 10:12:00-04:00,26.045000076293945,26.059999465942383,25.989999771118164,25.989999771118164,734373
2026-08-31 10:13:00-04:00,26.065000534057617,26.06999969482422,26.040000915527344,26.045000076293945,43001
2026-08-31 10:14:00-04:00,26.079999923706055,26.079999923706055,26.059999465942383,26.065000534057617,60809
2026-08-31 10:15:00-04:00,26.1200008392334,26.1200008392334,26.06999969482422,26.075000762939453,126203
2026-08-31 10:16:00-04:00,26.114999771118164,26.1200008392334,26.110000610351562,26.11400032043457,38510
2026-08-31 10:17:00-04:00,26.104999542236328,26.1299991607666,26.103900909423828,26.114999771118164,81853
2026-08-31 10:18:00-04:00,26.104999542236328,26.114999771118164,26.100000381469727,26.110000610351562,19107
2026-08-31 10:19:00-04:00,26.14349937438965,26.149999618530273,26.079999923706055,26.100299835205078,168240
2026-08-31 10:20:00-04:00,26.114999771118164,26.149999618530273,26.113399505615234,26.149999618530273,274734
2026-08-31 10:21:00-04:00,26.104999542236328,26.1200008392334,26.104999542236328,26.110000610351562,23469
2026-08-31 10:22:00-04:00,26.094999313354492,26.104999542236328,26.09000015258789,26.104999542236328,18227
2026-08-31 10:23:00-04:00,26.075000762939453,26.09000015258789,26.070100784301758,26.09000015258789,36408
2026-08-31 10:24:00-04:00,26.06999969482422,26.079999923706055,26.06999969482422,26.079999923706055,34966
2026-08-31 10:25:00-04:00,26.05500030517578,26.084999084472656,26.049999237060547,26.075000762939453,52937
2026-08-31 10:26:00-04:00,26.04509925842285,26.059999465942383,26.045000076293945,26.05500030517578,34292
2026-08-31 10:27:00-04:00,26.040000915527344,26.049999237060547,26.040000915527344,26.045000076293945,7578
2026-08-31 10:28:00-04:00,26.014299392700195,26.049999237060547,26.010000228881836,26.045000076293945,156274
2026-08-31 10:29:00-04:00,26.014999389648438,26.020000457763672,26.010000228881836,26.010000228881836,19746
2026-08-31 10:30:00-04:00,26.030000686645508,26.040000915527344,26.020000457763672,26.020000457763672,39790
2026-08-31 10:31:00-04:00,26.045000076293945,26.06999969482422,26.03499984741211,26.040000915527344,45221
2026-08-31 10:32:00-04:00,26.0,26.049999237060547,26.0,26.04010009765625,25857
2026-08-31 10:33:00-04:00,26.0,26.010000228881836,25.989999771118164,26.010000228881836,33145
2026-08-31 10:34:00-04:00,25.985000610351562,26.006099700927734,25.985000610351562,25.9950008392334,76331
2026-08-31 10:35:00-04:00,26.0,26.006099700927734,25.979999542236328,25.987600326538086,57833
2026-08-31 10:36:00-04:00,26.010000228881836,26.024700164794922,26.0,26.0049991607666,37614
2026-08-31 10:37:00-04:00,26.014999389648438,26.020000457763672,25.9950008392334,26.010000228881836,54354
2026-08-31 10:38:00-04:00,26.035200119018555,26.040000915527344,26.020000457763672,26.020000457763672,17215
2026-08-31 10:39:00-04:00,26.045000076293945,26.049999237060547,26.03619956970215,26.040000915527344,16323
2026-08-31 10:40:00-04:00,26.040000915527344,26.049999237060547,26.030000686645508,26.045000076293945,53693
2026-08-31 10:41:00-04:00,26.03499984741211,26.049999237060547,26.03230094909668,26.045499801635742,25889
2026-08-31 10:42:00-04:00,26.024999618530273,26.040000915527344,26.0221004486084,26.030000686645508,45768
2026-08-31 10:43:00-04:00,26.024999618530273,26.040000915527344,26.020000457763672,26.030000686645508,18046
2026-08-31 10:44:00-04:00,26.030000686645508,26.03499984741211,26.010000228881836,26.020000457763672,25723
2026-08-31 10:45:00-04:00,26.03499984741211,26.040000915527344,26.030000686645508,26.03219985961914,28571
2026-08-31 10:46:00-04:00,26.030000686645508,26.040000915527344,26.020000457763672,26.030000686645508,48388
2026-08-31 10:47:00-04:00,26.049999237060547,26.049999237060547,26.020000457763672,26.024999618530273,38630
2026-08-31 10:48:00-04:00,26.05500030517578,26.059999465942383,26.030000686645508,26.040000915527344,117599
2026-08-31 10:49:00-04:00,26.05500030517578,26.059999465942383,26.049999237060547,26.059999465942383,32471
2026-08-31 10:50:00-04:00,26.05500030517578,26.059999465942383,26.049999237060547,26.049999237060547,11917
2026-08-31 10:51:00-04:00,26.045000076293945,26.059999465942383,26.040000915527344,26.049999237060547,48340
2026-08-31 10:52:00-04:00,26.040000915527344,26.049999237060547,26.040000915527344,26.045000076293945,34212
2026-08-31 10:53:00-04:00,26.059999465942383,26.059999465942383,26.030000686645508,26.045000076293945,66008
2026-08-31 10:54:00-04:00,26.059999465942383,26.06999969482422,26.049999237060547,26.049999237060547,66908
2026-08-31 10:55:00-04:00,26.06999969482422,26.079999923706055,26.059999465942383,26.06999969482422,39734
2026-08-31 10:56:00-04:00,26.065000534057617,26.079999923706055,26.059999465942383,26.079999923706055,27804
2026-08-31 10:57:00-04:00,26.104999542236328,26.1200008392334,26.059999465942383,26.059999465942383,93180
2026-08-31 10:58:00-04:00,26.084999084472656,26.110000610351562,26.079999923706055,26.104999542236328,55384
2026-08-31 10:59:00-04:00,26.104999542236328,26.1299991607666,26.084999084472656,26.09000015258789,59568
2026-08-31 11:00:00-04:00,26.100000381469727,26.110000610351562,26.079999923706055,26.110000610351562,485573
2026-08-31 11:01:00-04:00,26.110000610351562,26.110000610351562,26.09000015258789,26.09000015258789,25053
2026-08-31 11:02:00-04:00,26.114999771118164,26.1200008392334,26.100000381469727,26.100000381469727,33463
2026-08-31 11:03:00-04:00,26.100099563598633,26.1200008392334,26.100099563598633,26.111099243164062,31876
2026-08-31 11:04:00-04:00,26.094999313354492,26.110000610351562,26.09000015258789,26.110000610351562,35681
2026-08-31 11:05:00-04:00,26.06999969482422,26.104999542236328,26.06999969482422,26.09510040283203,44084
2026-08-31 11:06:00-04:00,26.084999084472656,26.085100173950195,26.06999969482422,26.06999969482422,21542
2026-08-31 11:07:00-04:00,26.079999923706055,26.084999084472656,26.06999969482422,26.079999923706055,18356
2026-08-31 11:08:00-04:00,26.065000534057617,26.079999923706055,26.059999465942383,26.075000762939453,75469
2026-08-31 11:09:00-04:00,26.06999969482422,26.075000762939453,26.059999465942383,26.059999465942383,36937
2026-08-31 11:10:00-04:00,26.059999465942383,26.079999923706055,26.059999465942383,26.06999969482422,23104
2026-08-31 11:11:00-04:00,26.074199676513672,26.07990074157715,26.059999465942383,26.06999969482422,40072
2026-08-31 11:12:00-04:00,26.075000762939453,26.079999923706055,26.059999465942383,26.075000762939453,43280
2026-08-31 11:13:00-04:00,26.075000762939453,26.09000015258789,26.06999969482422,26.079999923706055,34061
2026-08-31 11:14:00-04:00,26.065000534057617,26.079999923706055,26.059999465942383,26.06999969482422,73547
2026-08-31 11:15:00-04:00,26.065000534057617,26.06999969482422,26.059999465942383,26.059999465942383,16661
2026-08-31 11:16:00-04:00,26.065000534057617,26.06999969482422,26.059999465942383,26.065000534057617,16186
2026-08-31 11:17:00-04:00,26.059999465942383,26.06999969482422,26.059999465942383,26.065000534057617,12309
2026-08-31 11:18:00-04:00,26.059999465942383,26.06999969482422,26.059999465942383,26.065000534057617,25210
2026-08-31 11:19:00-04:00,26.075000762939453,26.075000762939453,26.059999465942383,26.059999465942383,37052
2026-08-31 11:20:00-04:00,26.06999969482422,26.079999923706055,26.06999969482422,26.06999969482422,14203
2026-08-31 11:21:00-04:00,26.072900772094727,26.079999923706055,26.06999969482422,26.079999923706055,56681
2026-08-31 11:22:00-04:00,26.070100784301758,26.079999923706055,26.065000534057617,26.075000762939453,79194
2026-08-31 11:23:00-04:00,26.06999969482422,26.079999923706055,26.059999465942383,26.070100784301758,42023
2026-08-31 11:24:00-04:00,26.050100326538086,26.06999969482422,26.049999237060547,26.059999465942383,39418
2026-08-31 11:25:00-04:00,26.059999465942383,26.06999969482422,26.049999237060547,26.05500030517578,37351
2026-08-31 11:26:00-04:00,26.055299758911133,26.065000534057617,26.045000076293945,26.059999465942383,67027
2026-08-31 11:27:00-04:00,26.059999465942383,26.059999465942383,26.049999237060547,26.049999237060547,20123
2026-08-31 11:28:00-04:00,26.059999465942383,26.065000534057617,26.049999237060547,26.049999237060547,44886
2026-08-31 11:29:00-04:00,26.075000762939453,26.075000762939453,26.049999237060547,26.049999237060547,44239
2026-08-31 11:30:00-04:00,26.075000762939453,26.079999923706055,26.06999969482422,26.075000762939453,29173
2026-08-31 11:31:00-04:00,26.104999542236328,26.110000610351562,26.06999969482422,26.077136993408203,63833
2026-08-31 11:32:00-04:00,26.114999771118164,26.125,26.100000381469727,26.110000610351562,90100
2026-08-31 11:33:00-04:00,26.1200008392334,26.1299991607666,26.114999771118164,26.114999771118164,66096
2026-08-31 11:34:00-04:00,26.1299991607666,26.139999389648438,26.1200008392334,26.1299991607666,81015
2026-08-31 11:35:00-04:00,26.12649917602539,26.139999389648438,26.1200008392334,26.135000228881836,47768
2026-08-31 11:36:00-04:00,26.104999542236328,26.1299991607666,26.100000381469727,26.1299991607666,43629
2026-08-31 11:37:00-04:00,26.094999313354492,26.110000610351562,26.09000015258789,26.110000610351562,36765
2026-08-31 11:38:00-04:00,26.09000015258789,26.100000381469727,26.09000015258789,26.094999313354492,22197
2026-08-31 11:39:00-04:00,26.094999313354492,26.104999542236328,26.079999923706055,26.100000381469727,74642
2026-08-31 11:40:00-04:00,26.100000381469727,26.100000381469727,26.09000015258789,26.100000381469727,39346
2026-08-31 11:41:00-04:00,26.104999542236328,26.106300354003906,26.09000015258789,26.100000381469727,70848
2026-08-31 11:42:00-04:00,26.1200008392334,26.1200008392334,26.100000381469727,26.104999542236328,65552
2026-08-31 11:43:00-04:00,26.110000610351562,26.1200008392334,26.110000610351562,26.1200008392334,36543
2026-08-31 11:44:00-04:00,26.104999542236328,26.1200008392334,26.100000381469727,26.1200008392334,40831
2026-08-31 11:45:00-04:00,26.104999542236328,26.110000610351562,26.100000381469727,26.104999542236328,24165
2026-08-31 11:46:00-04:00,26.1200008392334,26.1200008392334,26.090099334716797,26.100000381469727,88767
2026-08-31 11:47:00-04:00,26.18000030517578,26.18000030517578,26.110000610351562,26.1200008392334,224625
2026-08-31 11:48:00-04:00,26.187000274658203,26.190000534057617,26.170000076293945,26.18000030517578,66760
2026-08-31 11:49:00-04:00,26.190000534057617,26.190000534057617,26.18000030517578,26.18000030517578,55318
2026-08-31 11:50:00-04:00,26.190000534057617,26.190000534057617,26.18000030517578,26.190000534057617,31774
2026-08-31 11:51:00-04:00,26.190000534057617,26.200000762939453,26.18000030517578,26.190000534057617,110424
2026-08-31 11:52:00-04:00,26.229999542236328,26.229999542236328,26.190000534057617,26.200000762939453,172775
2026-08-31 11:53:00-04:00,26.229999542236328,26.239999771118164,26.219999313354492,26.229999542236328,76827
2026-08-31 11:54:00-04:00,26.229999542236328,26.239999771118164,26.229999542236328,26.239999771118164,20496
2026-08-31 11:55:00-04:00,26.229999542236328,26.239999771118164,26.22010040283203,26.23509979248047,47491
2026-08-31 11:56:00-04:00,26.225000381469727,26.229999542236328,26.219999313354492,26.225000381469727,21956
2026-08-31 11:57:00-04:00,26.21500015258789,26.229999542236328,26.21500015258789,26.219999313354492,30827
2026-08-31 11:58:00-04:00,26.225000381469727,26.229999542236328,26.211000442504883,26.21500015258789,106189
2026-08-31 11:59:00-04:00,26.211000442504883,26.229999542236328,26.211000442504883,26.225000381469727,33687
2026-08-31 12:00:00-04:00,26.219999313354492,26.229999542236328,26.209999084472656,26.21500015258789,79945
2026-08-31 12:01:00-04:00,26.21500015258789,26.229999542236328,26.209999084472656,26.225000381469727,28039
2026-08-31 12:02:00-04:00,26.209999084472656,26.219999313354492,26.209999084472656,26.21500015258789,18275
2026-08-31 12:03:00-04:00,26.209999084472656,26.219999313354492,26.200000762939453,26.209999084472656,77296
2026-08-31 12:04:00-04:00,26.200000762939453,26.219999313354492,26.200000762939453,26.21500015258789,19266
2026-08-31 12:05:00-04:00,26.204999923706055,26.209999084472656,26.200000762939453,26.20989990234375,39203
2026-08-31 12:06:00-04:00,26.21500015258789,26.219999313354492,26.200000762939453,26.209999084472656,74148
2026-08-31 12:07:00-04:00,26.209999084472656,26.219999313354492,26.209999084472656,26.21500015258789,48055
2026-08-31 12:08:00-04:00,26.225000381469727,26.229999542236328,26.21500015258789,26.21500015258789,91184
2026-08-31 12:09:00-04:00,26.204999923706055,26.225000381469727,26.203899383544922,26.225000381469727,61234
2026-08-31 12:10:00-04:00,26.204999923706055,26.209999084472656,26.200000762939453,26.209999084472656,29877
2026-08-31 12:11:00-04:00,26.204999923706055,26.209999084472656,26.200000762939453,26.200000762939453,90658
2026-08-31 12:12:00-04:00,26.19499969482422,26.209999084472656,26.184999465942383,26.209999084472656,86638
2026-08-31 12:13:00-04:00,26.19499969482422,26.200000762939453,26.190000534057617,26.200000762939453,59010
2026-08-31 12:14:00-04:00,26.184999465942383,26.200000762939453,26.18000030517578,26.19499969482422,93558
2026-08-31 12:15:00-04:00,26.165000915527344,26.1875,26.15999984741211,26.184099197387695,46590
2026-08-31 12:16:00-04:00,26.156600952148438,26.170000076293945,26.155000686645508,26.1648006439209,77884
2026-08-31 12:17:00-04:00,26.140100479125977,26.15999984741211,26.139999389648438,26.155000686645508,53908
2026-08-31 12:18:00-04:00,26.13680076599121,26.149999618530273,26.1299991607666,26.139999389648438,53799
2026-08-31 12:19:00-04:00,26.146099090576172,26.149999618530273,26.1299991607666,26.139999389648438,101709
2026-08-31 12:20:00-04:00,26.135000228881836,26.149999618530273,26.1299991607666,26.145000457763672,49006
2026-08-31 12:21:00-04:00,26.1299991607666,26.139999389648438,26.1299991607666,26.135000228881836,67360
2026-08-31 12:22:00-04:00,26.1200008392334,26.139999389648438,26.114999771118164,26.135000228881836,49139
2026-08-31 12:23:00-04:00,26.114999771118164,26.1200008392334,26.110000610351562,26.110000610351562,39928
2026-08-31 12:24:00-04:00,26.112945556640625,26.1200008392334,26.110000610351562,26.1200008392334,9376
2026-08-31 12:25:00-04:00,26.104999542236328,26.1200008392334,26.104999542236328,26.1200008392334,80673
2026-08-31 12:26:00-04:00,26.094999313354492,26.110000610351562,26.09000015258789,26.104999542236328,70914
2026-08-31 12:27:00-04:00,26.09000015258789,26.110000610351562,26.09000015258789,26.094999313354492,84653
2026-08-31 12:28:00-04:00,26.100000381469727,26.100000381469727,26.09000015258789,26.094999313354492,30940
2026-08-31 12:29:00-04:00,26.087299346923828,26.100000381469727,26.084999084472656,26.094999313354492,52988
2026-08-31 12:30:00-04:00,26.109899520874023,26.109899520874023,26.079999923706055,26.084999084472656,31398
2026-08-31 12:31:00-04:00,26.114999771118164,26.1200008392334,26.100000381469727,26.110000610351562,48568
2026-08-31 12:32:00-04:00,26.1200008392334,26.1200008392334,26.110000610351562,26.114999771118164,46280
2026-08-31 12:33:00-04:00,26.104999542236328,26.1200008392334,26.100000381469727,26.110000610351562,85059
2026-08-31 12:34:00-04:00,26.094999313354492,26.110000610351562,26.09000015258789,26.100000381469727,39766
2026-08-31 12:35:00-04:00,26.100000381469727,26.110000610351562,26.100000381469727,26.100000381469727,87407
2026-08-31 12:36:00-04:00,26.094999313354492,26.110000610351562,26.09000015258789,26.100000381469727,126750
2026-08-31 12:37:00-04:00,26.09000015258789,26.100000381469727,26.09000015258789,26.09000015258789,75109
2026-08-31 12:38:00-04:00,26.094999313354492,26.100000381469727,26.09000015258789,26.090099334716797,28894
2026-08-31 12:39:00-04:00,26.06999969482422,26.094999313354492,26.065000534057617,26.09000015258789,100637
2026-08-31 12:40:00-04:00,26.075000762939453,26.079999923706055,26.06999969482422,26.075000762939453,67489
2026-08-31 12:41:00-04:00,26.06999969482422,26.075000762939453,26.059999465942383,26.071800231933594,23397
2026-08-31 12:42:00-04:00,26.06999969482422,26.079999923706055,26.065000534057617,26.065000534057617,15676
2026-08-31 12:43:00-04:00,26.059999465942383,26.079999923706055,26.049999237060547,26.06999969482422,69474
2026-08-31 12:44:00-04:00,26.05500030517578,26.06999969482422,26.050100326538086,26.065000534057617,37907
2026-08-31 12:45:00-04:00,26.039899826049805,26.059999465942383,26.030099868774414,26.05500030517578,50618
2026-08-31 12:46:00-04:00,26.048200607299805,26.049999237060547,26.020000457763672,26.03499984741211,55639
2026-08-31 12:47:00-04:00,26.049999237060547,26.049999237060547,26.040000915527344,26.045000076293945,45339
2026-08-31 12:48:00-04:00,26.049999237060547,26.049999237060547,26.040000915527344,26.045000076293945,80809
2026-08-31 12:49:00-04:00,26.040000915527344,26.049999237060547,26.040000915527344,26.04319953918457,42790
2026-08-31 12:50:00-04:00,26.040000915527344,26.049999237060547,26.030000686645508,26.037099838256836,35870
2026-08-31 12:51:00-04:00,26.030000686645508,26.049999237060547,26.030000686645508,26.049999237060547,53279
2026-08-31 12:52:00-04:00,26.024999618530273,26.03499984741211,26.020000457763672,26.03499984741211,57641
2026-08-31 12:53:00-04:00,26.024999618530273,26.030000686645508,26.010499954223633,26.020000457763672,55687
2026-08-31 12:54:00-04:00,26.024999618530273,26.030000686645508,26.020000457763672,26.024999618530273,72408
2026-08-31 12:55:00-04:00,26.024999618530273,26.030000686645508,26.020000457763672,26.020000457763672,16985
2026-08-31 12:56:00-04:00,26.0,26.027700424194336,26.0,26.027700424194336,74868
2026-08-31 12:57:00-04:00,26.010000228881836,26.010000228881836,26.0,26.000099182128906,77510
2026-08-31 12:58:00-04:00,26.010499954223633,26.014999389648438,26.010000228881836,26.014999389648438,22305
2026-08-31 12:59:00-04:00,26.0049991607666,26.015100479125977,26.000099182128906,26.010000228881836,33753
2026-08-31 13:00:00-04:00,26.014999389648438,26.014999389648438,26.0049991607666,26.010000228881836,40753
2026-08-31 13:01:00-04:00,26.014999389648438,26.020000457763672,26.010000228881836,26.010099411010742,29156
2026-08-31 13:02:00-04:00,26.010099411010742,26.020000457763672,26.010000228881836,26.014999389648438,8026
2026-08-31 13:03:00-04:00,26.0049991607666,26.020000457763672,26.0,26.010000228881836,38871
2026-08-31 13:04:00-04:00,26.0,26.010000228881836,26.0,26.010000228881836,16997
2026-08-31 13:05:00-04:00,26.003999710083008,26.010000228881836,26.0,26.0,18539
2026-08-31 13:06:00-04:00,26.006999969482422,26.010000228881836,25.989999771118164,26.010000228881836,60344
2026-08-31 13:07:00-04:00,26.014999389648438,26.014999389648438,26.0,26.00510025024414,50597
2026-08-31 13:08:00-04:00,26.033199310302734,26.040000915527344,26.014999389648438,26.019899368286133,104153
2026-08-31 13:09:00-04:00,26.040000915527344,26.040000915527344,26.030000686645508,26.040000915527344,21901
2026-08-31 13:10:00-04:00,26.045000076293945,26.049999237060547,26.030000686645508,26.03499984741211,51154
2026-08-31 13:11:00-04:00,26.045000076293945,26.059999465942383,26.045000076293945,26.045000076293945,32460
2026-08-31 13:12:00-04:00,26.04509925842285,26.049999237060547,26.030000686645508,26.045000076293945,56048
2026-08-31 13:13:00-04:00,26.040000915527344,26.049999237060547,26.030000686645508,26.049999237060547,33749
2026-08-31 13:14:00-04:00,26.049999237060547,26.049999237060547,26.030000686645508,26.03499984741211,81829
2026-08-31 13:15:00-04:00,26.045000076293945,26.049999237060547,26.040000915527344,26.045000076293945,10411
2026-08-31 13:16:00-04:00,26.045000076293945,26.049999237060547,26.040000915527344,26.040000915527344,32936
2026-08-31 13:17:00-04:00,26.030000686645508,26.04509925842285,26.030000686645508,26.040000915527344,44743
2026-08-31 13:18:00-04:00,26.030000686645508,26.040000915527344,26.030000686645508,26.035600662231445,11393
2026-08-31 13:19:00-04:00,26.024999618530273,26.040000915527344,26.024999618530273,26.03499984741211,41733
2026-08-31 13:20:00-04:00,26.040000915527344,26.040000915527344,26.024999618530273,26.024999618530273,43551
2026-08-31 13:21:00-04:00,26.040000915527344,26.040000915527344,26.030000686645508,26.037900924682617,19929
2026-08-31 13:22:00-04:00,26.03499984741211,26.040000915527344,26.030000686645508,26.03499984741211,18334
2026-08-31 13:23:00-04:00,26.025100708007812,26.040000915527344,26.020099639892578,26.03499984741211,51521
2026-08-31 13:24:00-04:00,26.020000457763672,26.030000686645508,26.020000457763672,26.024999618530273,14842
2026-08-31 13:25:00-04:00,26.020000457763672,26.030000686645508,26.010000228881836,26.024599075317383,13534
2026-08-31 13:26:00-04:00,26.025100708007812,26.030000686645508,26.020000457763672,26.020000457763672,17714
2026-08-31 13:27:00-04:00,26.020000457763672,26.030000686645508,26.020000457763672,26.020000457763672,10814
2026-08-31 13:28:00-04:00,26.014999389648438,26.024999618530273,26.010099411010742,26.024099349975586,31781
2026-08-31 13:29:00-04:00,26.01400375366211,26.020000457763672,26.010000228881836,26.014999389648438,23507
2026-08-31 13:30:00-04:00,26.014999389648438,26.020000457763672,26.010000228881836,26.020000457763672,11436
2026-08-31 13:31:00-04:00,26.020000457763672,26.020000457763672,26.010000228881836,26.010000228881836,12338
2026-08-31 13:32:00-04:00,26.010099411010742,26.02989959716797,26.010000228881836,26.014999389648438,47969
2026-08-31 13:33:00-04:00,26.020000457763672,26.020000457763672,26.010000228881836,26.014999389648438,23451
2026-08-31 13:34:00-04:00,26.020000457763672,26.020000457763672,26.010000228881836,26.010000228881836,14128
2026-08-31 13:35:00-04:00,26.03499984741211,26.040000915527344,26.014999389648438,26.014999389648438,81269
2026-08-31 13:36:00-04:00,26.014999389648438,26.03499984741211,26.010000228881836,26.030000686645508,99558
2026-08-31 13:37:00-04:00,26.014999389648438,26.030000686645508,26.014999389648438,26.014999389648438,52687
2026-08-31 13:38:00-04:00,26.020000457763672,26.020000457763672,26.010000228881836,26.014999389648438,21562
2026-08-31 13:39:00-04:00,26.024999618530273,26.030000686645508,26.010000228881836,26.010000228881836,44034
2026-08-31 13:40:00-04:00,26.03499984741211,26.040000915527344,26.020000457763672,26.030000686645508,25918
2026-08-31 13:41:00-04:00,26.024999618530273,26.040000915527344,26.02280044555664,26.040000915527344,32604
2026-08-31 13:42:00-04:00,26.039899826049805,26.039899826049805,26.020000457763672,26.024999618530273,53317
2026-08-31 13:43:00-04:00,26.03499984741211,26.040000915527344,26.030000686645508,26.030000686645508,11064
2026-08-31 13:44:00-04:00,26.030000686645508,26.040000915527344,26.030000686645508,26.040000915527344,7072
2026-08-31 13:45:00-04:00,26.03499984741211,26.040000915527344,26.030000686645508,26.03499984741211,10112
2026-08-31 13:46:00-04:00,26.040000915527344,26.040000915527344,26.030000686645508,26.040000915527344,11970
2026-08-31 13:47:00-04:00,26.040000915527344,26.040000915527344,26.030000686645508,26.030000686645508,38811
2026-08-31 13:48:00-04:00,26.040000915527344,26.049999237060547,26.040000915527344,26.040000915527344,33790
2026-08-31 13:49:00-04:00,26.040000915527344,26.049999237060547,26.040000915527344,26.045000076293945,12265
2026-08-31 13:50:00-04:00,26.049999237060547,26.059999465942383,26.040000915527344,26.045000076293945,39967
2026-08-31 13:51:00-04:00,26.049999237060547,26.059999465942383,26.049999237060547,26.059999465942383,27169
2026-08-31 13:52:00-04:00,26.05500030517578,26.059999465942383,26.049999237060547,26.05500030517578,16178
2026-08-31 13:53:00-04:00,26.05500030517578,26.059999465942383,26.045000076293945,26.05500030517578,51503
2026-08-31 13:54:00-04:00,26.05500030517578,26.059999465942383,26.049999237060547,26.059999465942383,8999
2026-08-31 13:55:00-04:00,26.07990074157715,26.079999923706055,26.049999237060547,26.05500030517578,52197
2026-08-31 13:56:00-04:00,26.075000762939453,26.079999923706055,26.06999969482422,26.079999923706055,28114
2026-08-31 13:57:00-04:00,26.059999465942383,26.07990074157715,26.059999465942383,26.06999969482422,25963
2026-08-31 13:58:00-04:00,26.065000534057617,26.06999969482422,26.059999465942383,26.065000534057617,21105
2026-08-31 13:59:00-04:00,26.075000762939453,26.079999923706055,26.059999465942383,26.065000534057617,30621
2026-08-31 14:00:00-04:00,26.084999084472656,26.09000015258789,26.06999969482422,26.06999969482422,38257
2026-08-31 14:01:00-04:00,26.07390022277832,26.09000015258789,26.06999969482422,26.084999084472656,77701
2026-08-31 14:02:00-04:00,26.063800811767578,26.06999969482422,26.059999465942383,26.06999969482422,24528
2026-08-31 14:03:00-04:00,26.059999465942383,26.06999969482422,26.059999465942383,26.065000534057617,136818
2026-08-31 14:04:00-04:00,26.05500030517578,26.059999465942383,26.049999237060547,26.059999465942383,35733
2026-08-31 14:05:00-04:00,26.059999465942383,26.059999465942383,26.049999237060547,26.05500030517578,9356
2026-08-31 14:06:00-04:00,26.05500030517578,26.059999465942383,26.049999237060547,26.049999237060547,24758
2026-08-31 14:07:00-04:00,26.065000534057617,26.06999969482422,26.059999465942383,26.059999465942383,33782
2026-08-31 14:08:00-04:00,26.06999969482422,26.06999969482422,26.059999465942383,26.065000534057617,10897
2026-08-31 14:09:00-04:00,26.065000534057617,26.06999969482422,26.059999465942383,26.059999465942383,17976
2026-08-31 14:10:00-04:00,26.059999465942383,26.06999969482422,26.059999465942383,26.06559944152832,11936
2026-08-31 14:11:00-04:00,26.063800811767578,26.06999969482422,26.059999465942383,26.060199737548828,9208
2026-08-31 14:12:00-04:00,26.065000534057617,26.06999969482422,26.059999465942383,26.059999465942383,8437
2026-08-31 14:13:00-04:00,26.065000534057617,26.06999969482422,26.059999465942383,26.059999465942383,29212
2026-08-31 14:14:00-04:00,26.079999923706055,26.084999084472656,26.060699462890625,26.065000534057617,51250
2026-08-31 14:15:00-04:00,26.06999969482422,26.09000015258789,26.06999969482422,26.084999084472656,31266
2026-08-31 14:16:00-04:00,26.079999923706055,26.079999923706055,26.07069969177246,26.075000762939453,14921
2026-08-31 14:17:00-04:00,26.075000762939453,26.079999923706055,26.06999969482422,26.07990074157715,17078
2026-08-31 14:18:00-04:00,26.09000015258789,26.09000015258789,26.06999969482422,26.075000762939453,30509
2026-08-31 14:19:00-04:00,26.094999313354492,26.100000381469727,26.0802001953125,26.084999084472656,36405
2026-08-31 14:20:00-04:00,26.100000381469727,26.100000381469727,26.09000015258789,26.09510040283203,19393
2026-08-31 14:21:00-04:00,26.08989906311035,26.100000381469727,26.084999084472656,26.100000381469727,73281
2026-08-31 14:22:00-04:00,26.09000015258789,26.100000381469727,26.079999923706055,26.084999084472656,49259
2026-08-31 14:23:00-04:00,26.084999084472656,26.094999313354492,26.083900451660156,26.092300415039062,46191
2026-08-31 14:24:00-04:00,26.084999084472656,26.09000015258789,26.079999923706055,26.084999084472656,14412
2026-08-31 14:25:00-04:00,26.084999084472656,26.09000015258789,26.079999923706055,26.084999084472656,35250
2026-08-31 14:26:00-04:00,26.094999313354492,26.100000381469727,26.079999923706055,26.09000015258789,56151
2026-08-31 14:27:00-04:00,26.100000381469727,26.100000381469727,26.09000015258789,26.09000015258789,24217
2026-08-31 14:28:00-04:00,26.100000381469727,26.100000381469727,26.09000015258789,26.094999313354492,20000
2026-08-31 14:29:00-04:00,26.094999313354492,26.100000381469727,26.09000015258789,26.09000015258789,21251
2026-08-31 14:30:00-04:00,26.094999313354492,26.100000381469727,26.09000015258789,26.094999313354492,15403
2026-08-31 14:31:00-04:00,26.104999542236328,26.110000610351562,26.094999313354492,26.09510040283203,84834
2026-08-31 14:32:00-04:00,26.100099563598633,26.110000610351562,26.100000381469727,26.100000381469727,72980
2026-08-31 14:33:00-04:00,26.100000381469727,26.110000610351562,26.09000015258789,26.104900360107422,48065
2026-08-31 14:34:00-04:00,26.100000381469727,26.100000381469727,26.09000015258789,26.096200942993164,25378
2026-08-31 14:35:00-04:00,26.094999313354492,26.100000381469727,26.09000015258789,26.094999313354492,56349
2026-08-31 14:36:00-04:00,26.09510040283203,26.100000381469727,26.09000015258789,26.094999313354492,28955
2026-08-31 14:37:00-04:00,26.084999084472656,26.100000381469727,26.079999923706055,26.099899291992188,39640
2026-08-31 14:38:00-04:00,26.084999084472656,26.09000015258789,26.079999923706055,26.09000015258789,28346
2026-08-31 14:39:00-04:00,26.06999969482422,26.09000015258789,26.059999465942383,26.079999923706055,134985
2026-08-31 14:40:00-04:00,26.06999969482422,26.075000762939453,26.059999465942383,26.069900512695312,45616
2026-08-31 14:41:00-04:00,26.06999969482422,26.079999923706055,26.06999969482422,26.06999969482422,33441
2026-08-31 14:42:00-04:00,26.065000534057617,26.079999923706055,26.065000534057617,26.079999923706055,48796
2026-08-31 14:43:00-04:00,26.07509994506836,26.079999923706055,26.059999465942383,26.069900512695312,32609
2026-08-31 14:44:00-04:00,26.06999969482422,26.079999923706055,26.059999465942383,26.079999923706055,39491
2026-08-31 14:45:00-04:00,26.059999465942383,26.06999969482422,26.059999465942383,26.065000534057617,22780
2026-08-31 14:46:00-04:00,26.059999465942383,26.06999969482422,26.059999465942383,26.065000534057617,16010
2026-08-31 14:47:00-04:00,26.085100173950195,26.09000015258789,26.065000534057617,26.06999969482422,62568
2026-08-31 14:48:00-04:00,26.075000762939453,26.084999084472656,26.06999969482422,26.08009910583496,29221
2026-08-31 14:49:00-04:00,26.084999084472656,26.09000015258789,26.06999969482422,26.075000762939453,31617
2026-08-31 14:50:00-04:00,26.09000015258789,26.09000015258789,26.079999923706055,26.09000015258789,10459
2026-08-31 14:51:00-04:00,26.094999313354492,26.100000381469727,26.079999923706055,26.084999084472656,37687
2026-08-31 14:52:00-04:00,26.07539939880371,26.094999313354492,26.06999969482422,26.09000015258789,35199
2026-08-31 14:53:00-04:00,26.09000015258789,26.09000015258789,26.06999969482422,26.06999969482422,45116
2026-08-31 14:54:00-04:00,26.084999084472656,26.09000015258789,26.079999923706055,26.084999084472656,19566
2026-08-31 14:55:00-04:00,26.094999313354492,26.100000381469727,26.079999923706055,26.084999084472656,57762
2026-08-31 14:56:00-04:00,26.094999313354492,26.100000381469727,26.09000015258789,26.094999313354492,29551
2026-08-31 14:57:00-04:00,26.104999542236328,26.104999542236328,26.09000015258789,26.100000381469727,32052
2026-08-31 14:58:00-04:00,26.11989974975586,26.1200008392334,26.100000381469727,26.110000610351562,51757
2026-08-31 14:59:00-04:00,26.114999771118164,26.1200008392334,26.110000610351562,26.114999771118164,30793
2026-08-31 15:00:00-04:00,26.1200008392334,26.1200008392334,26.110000610351562,26.110000610351562,49370
2026-08-31 15:01:00-04:00,26.114999771118164,26.1200008392334,26.110000610351562,26.110000610351562,25169
2026-08-31 15:02:00-04:00,26.125,26.1299991607666,26.110000610351562,26.1200008392334,38043
2026-08-31 15:03:00-04:00,26.125,26.1299991607666,26.1200008392334,26.125,13301
2026-08-31 15:04:00-04:00,26.1200008392334,26.1299991607666,26.110000610351562,26.125,46016
2026-08-31 15:05:00-04:00,26.1200008392334,26.125,26.110000610351562,26.110000610351562,28746
2026-08-31 15:06:00-04:00,26.110000610351562,26.125099182128906,26.094999313354492,26.1200008392334,102334
2026-08-31 15:07:00-04:00,26.104999542236328,26.110000610351562,26.100000381469727,26.110000610351562,20684
2026-08-31 15:08:00-04:00,26.104999542236328,26.104999542236328,26.094999313354492,26.104999542236328,42452
2026-08-31 15:09:00-04:00,26.09000015258789,26.110000610351562,26.09000015258789,26.104700088500977,33313
2026-08-31 15:10:00-04:00,26.09000015258789,26.100000381469727,26.09000015258789,26.09000015258789,28698
2026-08-31 15:11:00-04:00,26.075000762939453,26.094999313354492,26.06999969482422,26.094999313354492,101542
2026-08-31 15:12:00-04:00,26.070100784301758,26.075000762939453,26.064800262451172,26.06999969482422,94950
2026-08-31 15:13:00-04:00,26.065000534057617,26.07509994506836,26.059999465942383,26.07509994506836,49583
2026-08-31 15:14:00-04:00,26.07390022277832,26.075000762939453,26.059999465942383,26.065000534057617,40409
2026-08-31 15:15:00-04:00,26.065000534057617,26.06999969482422,26.059999465942383,26.06999969482422,31698
2026-08-31 15:16:00-04:00,26.053634643554688,26.06999969482422,26.053634643554688,26.060699462890625,59288
2026-08-31 15:17:00-04:00,26.045000076293945,26.055099487304688,26.040000915527344,26.049999237060547,38365
2026-08-31 15:18:00-04:00,26.05500030517578,26.059999465942383,26.040000915527344,26.049999237060547,57198
2026-08-31 15:19:00-04:00,26.040000915527344,26.059999465942383,26.040000915527344,26.055299758911133,63410
2026-08-31 15:20:00-04:00,26.041099548339844,26.049999237060547,26.040000915527344,26.045000076293945,32102
2026-08-31 15:21:00-04:00,26.045000076293945,26.049999237060547,26.040000915527344,26.040000915527344,21037
2026-08-31 15:22:00-04:00,26.059900283813477,26.059999465942383,26.040000915527344,26.040000915527344,68361
2026-08-31 15:23:00-04:00,26.059999465942383,26.059999465942383,26.049999237060547,26.059999465942383,21978
2026-08-31 15:24:00-04:00,26.050199508666992,26.059999465942383,26.040000915527344,26.049999237060547,125255
2026-08-31 15:25:00-04:00,26.055099487304688,26.059999465942383,26.049999237060547,26.05500030517578,16998
2026-08-31 15:26:00-04:00,26.045000076293945,26.05500030517578,26.040000915527344,26.05500030517578,38989
2026-08-31 15:27:00-04:00,26.03499984741211,26.046199798583984,26.030000686645508,26.045000076293945,80289
2026-08-31 15:28:00-04:00,26.020099639892578,26.038999557495117,26.020000457763672,26.03499984741211,43049
2026-08-31 15:29:00-04:00,26.030000686645508,26.030000686645508,26.014999389648438,26.020000457763672,113479
2026-08-31 15:30:00-04:00,26.030000686645508,26.03580093383789,26.030000686645508,26.030000686645508,37585
2026-08-31 15:31:00-04:00,26.014999389648438,26.030000686645508,26.010000228881836,26.030000686645508,63672
2026-08-31 15:32:00-04:00,26.0049991607666,26.010000228881836,26.0,26.010000228881836,58073
2026-08-31 15:33:00-04:00,26.0049991607666,26.0049991607666,25.9950008392334,26.0049991607666,149192
2026-08-31 15:34:00-04:00,25.9950008392334,26.0049991607666,25.989999771118164,26.0049991607666,33970
2026-08-31 15:35:00-04:00,25.9950008392334,26.0,25.989999771118164,25.9950008392334,137661
2026-08-31 15:36:00-04:00,25.9950008392334,26.0,25.989999771118164,26.0,49494
2026-08-31 15:37:00-04:00,25.9950008392334,26.0,25.989999771118164,25.989999771118164,57256
2026-08-31 15:38:00-04:00,26.0,26.0,25.989999771118164,26.0,23820
2026-08-31 15:39:00-04:00,25.9950008392334,26.0,25.989999771118164,25.9950008392334,46075
2026-08-31 15:40:00-04:00,25.984500885009766,26.0,25.979999542236328,25.9950008392334,113624
2026-08-31 15:41:00-04:00,25.985000610351562,25.989999771118164,25.979999542236328,25.98310089111328,90648
2026-08-31 15:42:00-04:00,25.979999542236328,25.989999771118164,25.979999542236328,25.985000610351562,46095
2026-08-31 15:43:00-04:00,25.985000610351562,26.0,25.979999542236328,25.979999542236328,164223
2026-08-31 15:44:00-04:00,25.985000610351562,25.989999771118164,25.979999542236328,25.98940086364746,44511
2026-08-31 15:45:00-04:00,25.985000610351562,25.989999771118164,25.975000381469727,25.979999542236328,55179
2026-08-31 15:46:00-04:00,25.975000381469727,25.985000610351562,25.969999313354492,25.979999542236328,121300
2026-08-31 15:47:00-04:00,25.96500015258789,25.985000610351562,25.959999084472656,25.975000381469727,86331
2026-08-31 15:48:00-04:00,25.975000381469727,25.979999542236328,25.96500015258789,25.96500015258789,86477
2026-08-31 15:49:00-04:00,25.969999313354492,25.975000381469727,25.950000762939453,25.969999313354492,254992
2026-08-31 15:50:00-04:00,25.92009925842285,25.975000381469727,25.915000915527344,25.969999313354492,349302
2026-08-31 15:51:00-04:00,25.920000076293945,25.94499969482422,25.915000915527344,25.924999237060547,218419
2026-08-31 15:52:00-04:00,25.920000076293945,25.920000076293945,25.90999984741211,25.915000915527344,65153
2026-08-31 15:53:00-04:00,25.905000686645508,25.926799774169922,25.899999618530273,25.915000915527344,307653
2026-08-31 15:54:00-04:00,25.899999618530273,25.90999984741211,25.899999618530273,25.905000686645508,79833
2026-08-31 15:55:00-04:00,25.915000915527344,25.93000030517578,25.899999618530273,25.905000686645508,171276
2026-08-31 15:56:00-04:00,25.905000686645508,25.920000076293945,25.899999618530273,25.915000915527344,182736
2026-08-31 15:57:00-04:00,25.915000915527344,25.93000030517578,25.899999618530273,25.899999618530273,301887
2026-08-31 15:58:00-04:00,25.885000228881836,25.93000030517578,25.885000228881836,25.920000076293945,642792
2026-08-31 15:59:00-04:00,25.889999389648438,25.93000030517578,25.8799991607666,25.885000228881836,905001
2026-09-01 09:30:00-04:00,26.174999237060547,26.189699172973633,26.084999084472656,26.09000015258789,652554
2026-09-01 09:31:00-04:00,26.184999465942383,26.200000762939453,26.139999389648438,26.174999237060547,72553
2026-09-01 09:32:00-04:00,26.174999237060547,26.225000381469727,26.1299991607666,26.189899444580078,100395
2026-09-01 09:33:00-04:00,26.1299991607666,26.174999237060547,26.1299991607666,26.17300033569336,68198
2026-09-01 09:34:00-04:00,26.204999923706055,26.219999313354492,26.114999771118164,26.1200008392334,104760
2026-09-01 09:35:00-04:00,26.270000457763672,26.274999618530273,26.180099487304688,26.200000762939453,195441
2026-09-01 09:36:00-04:00,26.239999771118164,26.280000686645508,26.21500015258789,26.280000686645508,137166
2026-09-01 09:37:00-04:00,26.19499969482422,26.239999771118164,26.184999465942383,26.239999771118164,86319
2026-09-01 09:38:00-04:00,26.18000030517578,26.21500015258789,26.149999618530273,26.19499969482422,60871
2026-09-01 09:39:00-04:00,26.155000686645508,26.204999923706055,26.155000686645508,26.174999237060547,42166
2026-09-01 09:40:00-04:00,26.145000457763672,26.18000030517578,26.139999389648438,26.15913963317871,55099
2026-09-01 09:41:00-04:00,26.19499969482422,26.200000762939453,26.14299964904785,26.14299964904785,24368
2026-09-01 09:42:00-04:00,26.22949981689453,26.229999542236328,26.190000534057617,26.200000762939453,71477
2026-09-01 09:43:00-04:00,26.274999618530273,26.290000915527344,26.223899841308594,26.225000381469727,62081
2026-09-01 09:44:00-04:00,26.2549991607666,26.280000686645508,26.25,26.272499084472656,54206
2026-09-01 09:45:00-04:00,26.25,26.260000228881836,26.225000381469727,26.25,59870
2026-09-01 09:46:00-04:00,26.21500015258789,26.25,26.209999084472656,26.2450008392334,28760
2026-09-01 09:47:00-04:00,26.235000610351562,26.235000610351562,26.200000762939453,26.21500015258789,47850
2026-09-01 09:48:00-04:00,26.225000381469727,26.25,26.21500015258789,26.235000610351562,49027
2026-09-01 09:49:00-04:00,26.226940155029297,26.235000610351562,26.209999084472656,26.225000381469727,43220
2026-09-01 09:50:00-04:00,26.270000457763672,26.274999618530273,26.221599578857422,26.225000381469727,29587
2026-09-01 09:51:00-04:00,26.260000228881836,26.280000686645508,26.25,26.270000457763672,41636
2026-09-01 09:52:00-04:00,26.31570053100586,26.31999969482422,26.2549991607666,26.260000228881836,138623
2026-09-01 09:53:00-04:00,26.299999237060547,26.31599998474121,26.288799285888672,26.31599998474121,63714
2026-09-01 09:54:00-04:00,26.274999618530273,26.315000534057617,26.260000228881836,26.295000076293945,87060
2026-09-01 09:55:00-04:00,26.260000228881836,26.274999618530273,26.231000900268555,26.274999618530273,35618
2026-09-01 09:56:00-04:00,26.270000457763672,26.270000457763672,26.23270034790039,26.25,54954
2026-09-01 09:57:00-04:00,26.260000228881836,26.274999618530273,26.25,26.264999389648438,124973
2026-09-01 09:58:00-04:00,26.2450008392334,26.264999389648438,26.21500015258789,26.260000228881836,77879
2026-09-01 09:59:00-04:00,26.229999542236328,26.25,26.21500015258789,26.24250030517578,56764
2026-09-01 10:00:00-04:00,26.229999542236328,26.239999771118164,26.204999923706055,26.225000381469727,39149
2026-09-01 10:01:00-04:00,26.235000610351562,26.239999771118164,26.209999084472656,26.219999313354492,47711
2026-09-01 10:02:00-04:00,26.219999313354492,26.239999771118164,26.209999084472656,26.235000610351562,115723
2026-09-01 10:03:00-04:00,26.249099731445312,26.2549991607666,26.21500015258789,26.219999313354492,102817
2026-09-01 10:04:00-04:00,26.21500015258789,26.2450008392334,26.209999084472656,26.2450008392334,61762
2026-09-01 10:05:00-04:00,26.19499969482422,26.219999313354492,26.190000534057617,26.219999313354492,44061
2026-09-01 10:06:00-04:00,26.184141159057617,26.200000762939453,26.1835994720459,26.199800491333008,29048
2026-09-01 10:07:00-04:00,26.190000534057617,26.204999923706055,26.18400001525879,26.185100555419922,55207
2026-09-01 10:08:00-04:00,26.190000534057617,26.199499130249023,26.18000030517578,26.19529914855957,47534
2026-09-01 10:09:00-04:00,26.172300338745117,26.200000762939453,26.170000076293945,26.19499969482422,20346
2026-09-01 10:10:00-04:00,26.174999237060547,26.18000030517578,26.170000076293945,26.18000030517578,37924
2026-09-01 10:11:00-04:00,26.170000076293945,26.18000030517578,26.15999984741211,26.179899215698242,35777
2026-09-01 10:12:00-04:00,26.15999984741211,26.174999237060547,26.149999618530273,26.170000076293945,36961
2026-09-01 10:13:00-04:00,26.184499740600586,26.190000534057617,26.153799057006836,26.153799057006836,55332
2026-09-01 10:14:00-04:00,26.19499969482422,26.206899642944336,26.18000030517578,26.190000534057617,45008
2026-09-01 10:15:00-04:00,26.165000915527344,26.200000762939453,26.139999389648438,26.200000762939453,69765
2026-09-01 10:16:00-04:00,26.15999984741211,26.184999465942383,26.139999389648438,26.170000076293945,40597
2026-09-01 10:17:00-04:00,26.15999984741211,26.15999984741211,26.149999618530273,26.15999984741211,22650
2026-09-01 10:18:00-04:00,26.165000915527344,26.170000076293945,26.139999389648438,26.155000686645508,78596
2026-09-01 10:19:00-04:00,26.170000076293945,26.18000030517578,26.15999984741211,26.170000076293945,47995
2026-09-01 10:20:00-04:00,26.165000915527344,26.18000030517578,26.15999984741211,26.15999984741211,41471
2026-09-01 10:21:00-04:00,26.165000915527344,26.18000030517578,26.15999984741211,26.15999984741211,38564
2026-09-01 10:22:00-04:00,26.19499969482422,26.19499969482422,26.15999984741211,26.170000076293945,36689
2026-09-01 10:23:00-04:00,26.190000534057617,26.209999084472656,26.165000915527344,26.200000762939453,96217
2026-09-01 10:24:00-04:00,26.190000534057617,26.190000534057617,26.170000076293945,26.18000030517578,23593
2026-09-01 10:25:00-04:00,26.184999465942383,26.19499969482422,26.173799514770508,26.190000534057617,47345
2026-09-01 10:26:00-04:00,26.184999465942383,26.190000534057617,26.18000030517578,26.184999465942383,33835
2026-09-01 10:27:00-04:00,26.200000762939453,26.209999084472656,26.184999465942383,26.184999465942383,61851
2026-09-01 10:28:00-04:00,26.200000762939453,26.200000762939453,26.18000030517578,26.19499969482422,37295
2026-09-01 10:29:00-04:00,26.209999084472656,26.219999313354492,26.200000762939453,26.200000762939453,53581
2026-09-01 10:30:00-04:00,26.19499969482422,26.219999313354492,26.19499969482422,26.200000762939453,43103
2026-09-01 10:31:00-04:00,26.19499969482422,26.200000762939453,26.18000030517578,26.19499969482422,40513
2026-09-01 10:32:00-04:00,26.165000915527344,26.197240829467773,26.165000915527344,26.19499969482422,68009
2026-09-01 10:33:00-04:00,26.139999389648438,26.170000076293945,26.139999389648438,26.170000076293945,39709
2026-09-01 10:34:00-04:00,26.132400512695312,26.149999618530273,26.1299991607666,26.145099639892578,45442
2026-09-01 10:35:00-04:00,26.110000610351562,26.139999389648438,26.100000381469727,26.1299991607666,71690
2026-09-01 10:36:00-04:00,26.110000610351562,26.1200008392334,26.110000610351562,26.110000610351562,20522
2026-09-01 10:37:00-04:00,26.1200008392334,26.1299991607666,26.110000610351562,26.114999771118164,84740
2026-09-01 10:38:00-04:00,26.1200008392334,26.1299991607666,26.110000610351562,26.112600326538086,57916
2026-09-01 10:39:00-04:00,26.110000610351562,26.1200008392334,26.100000381469727,26.110000610351562,37497
2026-09-01 10:40:00-04:00,26.100000381469727,26.1200008392334,26.09000015258789,26.110000610351562,87042
2026-09-01 10:41:00-04:00,26.084999084472656,26.100000381469727,26.06999969482422,26.09000015258789,72592
2026-09-01 10:42:00-04:00,26.079999923706055,26.09000015258789,26.06999969482422,26.079999923706055,44625
2026-09-01 10:43:00-04:00,26.100000381469727,26.100000381469727,26.079999923706055,26.09000015258789,35367
2026-09-01 10:44:00-04:00,26.075000762939453,26.114999771118164,26.070199966430664,26.100000381469727,89926
2026-09-01 10:45:00-04:00,26.104999542236328,26.110000610351562,26.075000762939453,26.075000762939453,80972
2026-09-01 10:46:00-04:00,26.09000015258789,26.110000610351562,26.09000015258789,26.110000610351562,34484
2026-09-01 10:47:00-04:00,26.100000381469727,26.110000610351562,26.094999313354492,26.100000381469727,41873
2026-09-01 10:48:00-04:00,26.100000381469727,26.110000610351562,26.100000381469727,26.100000381469727,38379
2026-09-01 10:49:00-04:00,26.106199264526367,26.110000610351562,26.093900680541992,26.110000610351562,41295
2026-09-01 10:50:00-04:00,26.110000610351562,26.1200008392334,26.104999542236328,26.104999542236328,71328
2026-09-01 10:51:00-04:00,26.110000610351562,26.1200008392334,26.094999313354492,26.114999771118164,61470
2026-09-01 10:52:00-04:00,26.079999923706055,26.110000610351562,26.079999923706055,26.110000610351562,95736
2026-09-01 10:53:00-04:00,26.03499984741211,26.09000015258789,26.03499984741211,26.084999084472656,60076
2026-09-01 10:54:00-04:00,26.04669952392578,26.049999237060547,26.030000686645508,26.03499984741211,69792
2026-09-01 10:55:00-04:00,26.045000076293945,26.049999237060547,26.030000686645508,26.040000915527344,91655
2026-09-01 10:56:00-04:00,26.045000076293945,26.049999237060547,26.040000915527344,26.045000076293945,35340
2026-09-01 10:57:00-04:00,26.040000915527344,26.049999237060547,26.040000915527344,26.049999237060547,60044
2026-09-01 10:58:00-04:00,26.040000915527344,26.049999237060547,26.030000686645508,26.049999237060547,72439
2026-09-01 10:59:00-04:00,26.050100326538086,26.059999465942383,26.040000915527344,26.045000076293945,63052
2026-09-01 11:00:00-04:00,26.040000915527344,26.059999465942383,26.030000686645508,26.049999237060547,90337
2026-09-01 11:01:00-04:00,26.05500030517578,26.05500030517578,26.020000457763672,26.03499984741211,71293
2026-09-01 11:02:00-04:00,26.03499984741211,26.059999465942383,26.03499984741211,26.059999465942383,46959
2026-09-01 11:03:00-04:00,26.010000228881836,26.040000915527344,26.010000228881836,26.040000915527344,41713
2026-09-01 11:04:00-04:00,26.020000457763672,26.02989959716797,26.010000228881836,26.020000457763672,57396
2026-09-01 11:05:00-04:00,26.020000457763672,26.030000686645508,26.010000228881836,26.014999389648438,68637
2026-09-01 11:06:00-04:00,26.045000076293945,26.049999237060547,26.020000457763672,26.020000457763672,79929
2026-09-01 11:07:00-04:00,26.079999923706055,26.079999923706055,26.049999237060547,26.049999237060547,112609
2026-09-01 11:08:00-04:00,26.06100082397461,26.079999923706055,26.049999237060547,26.079999923706055,123658
2026-09-01 11:09:00-04:00,26.05500030517578,26.06999969482422,26.030000686645508,26.065000534057617,62459
2026-09-01 11:10:00-04:00,26.05419921875,26.059999465942383,26.045000076293945,26.049999237060547,61535
2026-09-01 11:11:00-04:00,26.04509925842285,26.059999465942383,26.040000915527344,26.049999237060547,47246
2026-09-01 11:12:00-04:00,26.03499984741211,26.049999237060547,26.030000686645508,26.049999237060547,33083
2026-09-01 11:13:00-04:00,26.020000457763672,26.040000915527344,26.020000457763672,26.03499984741211,66225
2026-09-01 11:14:00-04:00,26.024999618530273,26.030000686645508,26.010000228881836,26.020000457763672,37518
2026-09-01 11:15:00-04:00,26.020000457763672,26.030000686645508,26.014999389648438,26.020000457763672,60356
2026-09-01 11:16:00-04:00,26.040000915527344,26.049999237060547,26.024999618530273,26.024999618530273,49495
2026-09-01 11:17:00-04:00,26.05500030517578,26.059999465942383,26.04010009765625,26.045000076293945,69827
2026-09-01 11:18:00-04:00,26.065000534057617,26.075000762939453,26.059999465942383,26.059999465942383,91337
2026-09-01 11:19:00-04:00,26.09000015258789,26.09000015258789,26.065000534057617,26.065000534057617,86047
2026-09-01 11:20:00-04:00,26.094999313354492,26.100000381469727,26.079999923706055,26.084999084472656,94634
2026-09-01 11:21:00-04:00,26.125,26.1299991607666,26.084999084472656,26.100000381469727,151832
2026-09-01 11:22:00-04:00,26.114999771118164,26.139999389648438,26.11009979248047,26.125,140696
2026-09-01 11:23:00-04:00,26.135000228881836,26.139999389648438,26.1200008392334,26.1200008392334,97920
2026-09-01 11:24:00-04:00,26.084999084472656,26.139999389648438,26.084999084472656,26.139999389648438,80458
2026-09-01 11:25:00-04:00,26.09000015258789,26.09000015258789,26.079999923706055,26.079999923706055,47290
2026-09-01 11:26:00-04:00,26.110000610351562,26.110000610351562,26.079999923706055,26.079999923706055,67930
2026-09-01 11:27:00-04:00,26.108400344848633,26.110000610351562,26.100000381469727,26.10723876953125,45298
2026-09-01 11:28:00-04:00,26.094999313354492,26.110000610351562,26.09000015258789,26.110000610351562,100581
2026-09-01 11:29:00-04:00,26.06999969482422,26.100000381469727,26.06999969482422,26.094999313354492,44626
2026-09-01 11:30:00-04:00,26.06999969482422,26.079999923706055,26.059999465942383,26.06999969482422,39096
2026-09-01 11:31:00-04:00,26.065000534057617,26.079999923706055,26.059999465942383,26.067136764526367,89507
2026-09-01 11:32:00-04:00,26.065000534057617,26.079999923706055,26.065000534057617,26.06999969482422,60231
2026-09-01 11:33:00-04:00,26.06999969482422,26.06999969482422,26.059999465942383,26.06999969482422,9424
2026-09-01 11:34:00-04:00,26.06999969482422,26.079999923706055,26.059999465942383,26.06999969482422,87258
2026-09-01 11:35:00-04:00,26.059999465942383,26.06999969482422,26.049999237060547,26.059999465942383,78481
2026-09-01 11:36:00-04:00,26.065000534057617,26.06999969482422,26.059999465942383,26.06999969482422,45770
2026-09-01 11:37:00-04:00,26.094999313354492,26.100000381469727,26.06999969482422,26.06999969482422,37427
2026-09-01 11:38:00-04:00,26.100000381469727,26.110000610351562,26.094999313354492,26.094999313354492,52818
2026-09-01 11:39:00-04:00,26.110000610351562,26.110000610351562,26.100000381469727,26.110000610351562,72787
2026-09-01 11:40:00-04:00,26.104999542236328,26.1200008392334,26.100000381469727,26.104999542236328,69748
2026-09-01 11:41:00-04:00,26.09000015258789,26.110000610351562,26.09000015258789,26.104999542236328,40400
2026-09-01 11:42:00-04:00,26.114999771118164,26.1200008392334,26.09000015258789,26.094999313354492,80121
2026-09-01 11:43:00-04:00,26.110000610351562,26.1299991607666,26.110000610351562,26.1200008392334,51353
2026-09-01 11:44:00-04:00,26.114999771118164,26.1200008392334,26.100099563598633,26.110000610351562,41738
2026-09-01 11:45:00-04:00,26.104999542236328,26.1200008392334,26.104999542236328,26.1200008392334,22170
2026-09-01 11:46:00-04:00,26.1200008392334,26.1200008392334,26.100000381469727,26.104999542236328,30408
2026-09-01 11:47:00-04:00,26.114999771118164,26.1200008392334,26.104999542236328,26.114999771118164,38689
2026-09-01 11:48:00-04:00,26.110000610351562,26.1299991607666,26.100000381469727,26.1200008392334,103685
2026-09-01 11:49:00-04:00,26.110000610351562,26.1200008392334,26.110000610351562,26.110000610351562,39882
2026-09-01 11:50:00-04:00,26.114999771118164,26.1200008392334,26.110000610351562,26.1200008392334,46916
2026-09-01 11:51:00-04:00,26.09000015258789,26.1200008392334,26.079999923706055,26.110000610351562,101128
2026-09-01 11:52:00-04:00,26.100000381469727,26.110000610351562,26.079999923706055,26.09000015258789,93891
2026-09-01 11:53:00-04:00,26.100000381469727,26.1200008392334,26.100000381469727,26.110000610351562,116028
2026-09-01 11:54:00-04:00,26.104999542236328,26.110000610351562,26.09000015258789,26.104999542236328,40761
2026-09-01 11:55:00-04:00,26.114200592041016,26.1200008392334,26.100000381469727,26.110000610351562,52335
2026-09-01 11:56:00-04:00,26.094999313354492,26.110000610351562,26.09000015258789,26.110000610351562,95913
2026-09-01 11:57:00-04:00,26.09000015258789,26.100000381469727,26.09000015258789,26.100000381469727,19245
2026-09-01 11:58:00-04:00,26.09000015258789,26.100000381469727,26.09000015258789,26.100000381469727,25064
2026-09-01 11:59:00-04:00,26.094999313354492,26.110000610351562,26.09000015258789,26.100000381469727,70306
2026-09-01 12:00:00-04:00,26.110000610351562,26.110000610351562,26.094999313354492,26.100000381469727,61852
2026-09-01 12:01:00-04:00,26.100000381469727,26.110000610351562,26.100000381469727,26.104999542236328,26830
2026-09-01 12:02:00-04:00,26.079999923706055,26.100099563598633,26.079999923706055,26.100000381469727,56124
2026-09-01 12:03:00-04:00,26.09000015258789,26.09000015258789,26.079999923706055,26.084999084472656,14285
2026-09-01 12:04:00-04:00,26.094999313354492,26.100000381469727,26.09000015258789,26.09000015258789,27220
2026-09-01 12:05:00-04:00,26.104999542236328,26.110000610351562,26.09000015258789,26.09000015258789,29203
2026-09-01 12:06:00-04:00,26.1200008392334,26.1200008392334,26.100000381469727,26.109800338745117,22709
2026-09-01 12:07:00-04:00,26.114999771118164,26.1200008392334,26.100000381469727,26.11590003967285,50600
2026-09-01 12:08:00-04:00,26.094999313354492,26.125,26.094999313354492,26.1200008392334,116182
2026-09-01 12:09:00-04:00,26.09000015258789,26.100000381469727,26.079999923706055,26.094999313354492,39041
2026-09-01 12:10:00-04:00,26.104999542236328,26.110000610351562,26.09000015258789,26.095399856567383,36960
2026-09-01 12:11:00-04:00,26.084999084472656,26.110000610351562,26.079999923706055,26.110000610351562,32666
2026-09-01 12:12:00-04:00,26.100099563598633,26.104999542236328,26.079999923706055,26.079999923706055,54121
2026-09-01 12:13:00-04:00,26.110000610351562,26.1200008392334,26.100000381469727,26.100000381469727,35953
2026-09-01 12:14:00-04:00,26.104999542236328,26.110000610351562,26.09000015258789,26.104999542236328,80237
2026-09-01 12:15:00-04:00,26.114999771118164,26.1200008392334,26.100000381469727,26.100000381469727,53846
2026-09-01 12:16:00-04:00,26.114999771118164,26.1200008392334,26.110000610351562,26.110200881958008,52545
2026-09-01 12:17:00-04:00,26.100000381469727,26.1200008392334,26.100000381469727,26.110000610351562,118725
2026-09-01 12:18:00-04:00,26.1200008392334,26.1200008392334,26.110000610351562,26.110000610351562,37850
2026-09-01 12:19:00-04:00,26.1200008392334,26.1200008392334,26.110000610351562,26.114999771118164,11962
2026-09-01 12:20:00-04:00,26.1200008392334,26.1299991607666,26.1200008392334,26.125,11819
2026-09-01 12:21:00-04:00,26.125,26.1299991607666,26.1200008392334,26.125,13404
2026-09-01 12:22:00-04:00,26.1200008392334,26.135000228881836,26.11009979248047,26.125,66538
2026-09-01 12:23:00-04:00,26.104999542236328,26.114999771118164,26.100000381469727,26.114999771118164,40583
2026-09-01 12:24:00-04:00,26.110000610351562,26.110000610351562,26.09000015258789,26.110000610351562,56218
2026-09-01 12:25:00-04:00,26.1200008392334,26.1200008392334,26.100000381469727,26.110200881958008,78072
2026-09-01 12:26:00-04:00,26.110000610351562,26.1200008392334,26.110000610351562,26.1200008392334,44761
2026-09-01 12:27:00-04:00,26.110000610351562,26.1200008392334,26.100000381469727,26.114999771118164,35155
2026-09-01 12:28:00-04:00,26.108299255371094,26.110000610351562,26.100000381469727,26.104999542236328,43849
2026-09-01 12:29:00-04:00,26.1200008392334,26.1200008392334,26.100000381469727,26.110000610351562,30485
2026-09-01 12:30:00-04:00,26.125,26.1299991607666,26.110000610351562,26.114999771118164,41424
2026-09-01 12:31:00-04:00,26.1299991607666,26.139999389648438,26.1200008392334,26.1200008392334,63787
2026-09-01 12:32:00-04:00,26.135000228881836,26.139999389648438,26.1200008392334,26.1200008392334,32265
2026-09-01 12:33:00-04:00,26.1299991607666,26.139999389648438,26.1200008392334,26.1299991607666,40758
2026-09-01 12:34:00-04:00,26.135000228881836,26.139999389648438,26.125,26.129899978637695,59738
2026-09-01 12:35:00-04:00,26.145000457763672,26.149999618530273,26.1299991607666,26.1299991607666,26215
2026-09-01 12:36:00-04:00,26.1299991607666,26.149999618530273,26.125,26.145000457763672,66595
2026-09-01 12:37:00-04:00,26.110000610351562,26.135000228881836,26.110000610351562,26.1299991607666,73252
2026-09-01 12:38:00-04:00,26.114999771118164,26.1200008392334,26.110000610351562,26.110000610351562,52585
2026-09-01 12:39:00-04:00,26.1200008392334,26.1200008392334,26.110000610351562,26.110000610351562,17434
2026-09-01 12:40:00-04:00,26.100000381469727,26.1200008392334,26.100000381469727,26.114999771118164,26691
2026-09-01 12:41:00-04:00,26.104999542236328,26.110000610351562,26.094999313354492,26.100000381469727,39516
2026-09-01 12:42:00-04:00,26.110000610351562,26.1200008392334,26.100000381469727,26.104999542236328,38073
2026-09-01 12:43:00-04:00,26.1200008392334,26.1200008392334,26.110000610351562,26.1200008392334,28468
2026-09-01 12:44:00-04:00,26.1200008392334,26.1200008392334,26.110000610351562,26.1200008392334,6185
2026-09-01 12:45:00-04:00,26.11359977722168,26.1200008392334,26.110000610351562,26.110000610351562,9207
2026-09-01 12:46:00-04:00,26.106000900268555,26.1200008392334,26.104999542236328,26.114999771118164,31244
2026-09-01 12:47:00-04:00,26.100099563598633,26.110000610351562,26.100000381469727,26.100000381469727,13558
2026-09-01 12:48:00-04:00,26.100000381469727,26.110000610351562,26.100000381469727,26.110000610351562,21020
2026-09-01 12:49:00-04:00,26.094999313354492,26.110000610351562,26.09480094909668,26.100000381469727,52954
2026-09-01 12:50:00-04:00,26.094999313354492,26.100000381469727,26.09000015258789,26.100000381469727,15945
2026-09-01 12:51:00-04:00,26.100000381469727,26.110000610351562,26.09000015258789,26.094999313354492,56373
2026-09-01 12:52:00-04:00,26.110000610351562,26.110000610351562,26.094999313354492,26.100000381469727,41721
2026-09-01 12:53:00-04:00,26.104999542236328,26.110000610351562,26.100000381469727,26.104999542236328,6752
2026-09-01 12:54:00-04:00,26.104999542236328,26.110000610351562,26.100000381469727,26.110000610351562,11328
2026-09-01 12:55:00-04:00,26.100000381469727,26.110000610351562,26.09000015258789,26.104999542236328,21604
2026-09-01 12:56:00-04:00,26.094999313354492,26.100000381469727,26.09000015258789,26.094999313354492,29450
2026-09-01 12:57:00-04:00,26.083799362182617,26.100000381469727,26.079999923706055,26.100000381469727,44109
2026-09-01 12:58:00-04:00,26.079999923706055,26.09000015258789,26.079999923706055,26.084999084472656,28367
2026-09-01 12:59:00-04:00,26.079999923706055,26.09000015258789,26.079999923706055,26.09000015258789,20960
2026-09-01 13:00:00-04:00,26.084999084472656,26.09000015258789,26.079999923706055,26.079999923706055,38861
2026-09-01 13:01:00-04:00,26.084999084472656,26.09000015258789,26.079999923706055,26.09000015258789,11186
2026-09-01 13:02:00-04:00,26.094999313354492,26.104999542236328,26.09000015258789,26.09000015258789,79243
2026-09-01 13:03:00-04:00,26.109699249267578,26.110000610351562,26.095699310302734,26.095699310302734,32391
2026-09-01 13:04:00-04:00,26.110000610351562,26.110000610351562,26.100000381469727,26.100000381469727,31838
2026-09-01 13:05:00-04:00,26.1200008392334,26.1200008392334,26.104999542236328,26.110000610351562,71187
2026-09-01 13:06:00-04:00,26.1299991607666,26.1299991607666,26.110000610351562,26.110000610351562,35976
2026-09-01 13:07:00-04:00,26.139999389648438,26.139999389648438,26.1200008392334,26.1299991607666,49571
2026-09-01 13:08:00-04:00,26.149999618530273,26.149999618530273,26.1299991607666,26.139999389648438,56121
2026-09-01 13:09:00-04:00,26.149999618530273,26.15999984741211,26.139999389648438,26.145000457763672,86697
2026-09-01 13:10:00-04:00,26.149999618530273,26.149999618530273,26.139999389648438,26.145000457763672,27589
2026-09-01 13:11:00-04:00,26.155000686645508,26.15999984741211,26.139999389648438,26.149999618530273,45735
2026-09-01 13:12:00-04:00,26.130800247192383,26.15999984741211,26.1299991607666,26.155000686645508,94524
2026-09-01 13:13:00-04:00,26.13010025024414,26.139999389648438,26.1299991607666,26.135000228881836,54668
2026-09-01 13:14:00-04:00,26.139999389648438,26.149999618530273,26.1299991607666,26.139999389648438,51286
2026-09-01 13:15:00-04:00,26.145000457763672,26.149999618530273,26.139999389648438,26.145000457763672,42200
2026-09-01 13:16:00-04:00,26.155000686645508,26.165000915527344,26.139999389648438,26.149999618530273,67393
2026-09-01 13:17:00-04:00,26.1299991607666,26.15999984741211,26.1200008392334,26.155000686645508,76501
2026-09-01 13:18:00-04:00,26.125,26.1299991607666,26.1200008392334,26.125,28839
2026-09-01 13:19:00-04:00,26.110000610351562,26.1299991607666,26.110000610351562,26.125,45591
2026-09-01 13:20:00-04:00,26.1200008392334,26.1200008392334,26.110000610351562,26.1200008392334,41414
2026-09-01 13:21:00-04:00,26.1200008392334,26.1200008392334,26.110000610351562,26.114999771118164,33505
2026-09-01 13:22:00-04:00,26.1200008392334,26.1200008392334,26.110000610351562,26.110000610351562,36290
2026-09-01 13:23:00-04:00,26.114999771118164,26.1200008392334,26.110000610351562,26.114999771118164,17778
2026-09-01 13:24:00-04:00,26.1200008392334,26.1200008392334,26.110000610351562,26.1200008392334,14877
2026-09-01 13:25:00-04:00,26.1200008392334,26.1200008392334,26.110000610351562,26.110000610351562,21927
2026-09-01 13:26:00-04:00,26.1299991607666,26.1299991607666,26.114999771118164,26.1200008392334,19534
2026-09-01 13:27:00-04:00,26.1299991607666,26.1299991607666,26.1200008392334,26.125,17485
2026-09-01 13:28:00-04:00,26.1200008392334,26.1299991607666,26.110000610351562,26.1200008392334,22073
2026-09-01 13:29:00-04:00,26.114999771118164,26.1200008392334,26.110000610351562,26.1200008392334,24480
2026-09-01 13:30:00-04:00,26.104999542236328,26.1200008392334,26.100000381469727,26.114999771118164,57978
2026-09-01 13:31:00-04:00,26.104799270629883,26.110000610351562,26.100000381469727,26.110000610351562,20343
2026-09-01 13:32:00-04:00,26.100000381469727,26.110000610351562,26.100000381469727,26.100000381469727,59968
2026-09-01 13:33:00-04:00,26.09000015258789,26.110000610351562,26.09000015258789,26.100000381469727,46326
2026-09-01 13:34:00-04:00,26.09000015258789,26.100000381469727,26.09000015258789,26.094999313354492,11796
2026-09-01 13:35:00-04:00,26.094999313354492,26.100000381469727,26.09000015258789,26.09000015258789,18401
2026-09-01 13:36:00-04:00,26.09630012512207,26.100000381469727,26.09000015258789,26.094999313354492,13727
2026-09-01 13:37:00-04:00,26.125,26.125,26.094999313354492,26.100000381469727,40375
2026-09-01 13:38:00-04:00,26.125,26.1299991607666,26.1200008392334,26.1299991607666,21589
2026-09-01 13:39:00-04:00,26.1200008392334,26.135000228881836,26.1200008392334,26.1200008392334,77725
2026-09-01 13:40:00-04:00,26.1299991607666,26.1299991607666,26.1200008392334,26.1299991607666,13036
2026-09-01 13:41:00-04:00,26.1299991607666,26.1299991607666,26.1200008392334,26.1299991607666,24588
2026-09-01 13:42:00-04:00,26.110000610351562,26.125,26.104999542236328,26.1200008392334,56217
2026-09-01 13:43:00-04:00,26.104999542236328,26.110000610351562,26.100000381469727,26.104999542236328,27188
2026-09-01 13:44:00-04:00,26.110000610351562,26.114999771118164,26.100000381469727,26.100000381469727,63540
2026-09-01 13:45:00-04:00,26.1200008392334,26.1299991607666,26.104999542236328,26.110000610351562,71012
2026-09-01 13:46:00-04:00,26.1299991607666,26.1299991607666,26.1200008392334,26.1299991607666,23569
2026-09-01 13:47:00-04:00,26.1200008392334,26.1299991607666,26.1200008392334,26.1299991607666,13828
2026-09-01 13:48:00-04:00,26.1299991607666,26.139999389648438,26.125,26.125,48359
2026-09-01 13:49:00-04:00,26.125,26.1299991607666,26.1200008392334,26.125,16171
2026-09-01 13:50:00-04:00,26.1200008392334,26.1299991607666,26.1200008392334,26.125,9563
2026-09-01 13:51:00-04:00,26.125,26.1299991607666,26.1200008392334,26.1299991607666,4644
2026-09-01 13:52:00-04:00,26.139999389648438,26.139999389648438,26.124359130859375,26.125,27640
2026-09-01 13:53:00-04:00,26.135000228881836,26.139999389648438,26.1299991607666,26.1299991607666,31637
2026-09-01 13:54:00-04:00,26.1299991607666,26.139999389648438,26.1299991607666,26.139999389648438,15140
2026-09-01 13:55:00-04:00,26.139999389648438,26.139999389648438,26.1299991607666,26.1299991607666,33152
2026-09-01 13:56:00-04:00,26.149999618530273,26.149999618530273,26.1299991607666,26.139999389648438,57395
2026-09-01 13:57:00-04:00,26.139999389648438,26.149999618530273,26.139999389648438,26.149999618530273,29444
2026-09-01 13:58:00-04:00,26.149999618530273,26.149999618530273,26.139999389648438,26.149999618530273,11854
2026-09-01 13:59:00-04:00,26.135000228881836,26.149999618530273,26.1299991607666,26.149999618530273,46472
2026-09-01 14:00:00-04:00,26.145000457763672,26.149999618530273,26.130199432373047,26.139999389648438,56520
2026-09-01 14:01:00-04:00,26.1299991607666,26.145000457763672,26.1200008392334,26.145000457763672,119713
2026-09-01 14:02:00-04:00,26.1299991607666,26.1299991607666,26.1200008392334,26.1299991607666,15421
2026-09-01 14:03:00-04:00,26.149999618530273,26.149999618530273,26.1200008392334,26.125,22607
2026-09-01 14:04:00-04:00,26.149999618530273,26.149999618530273,26.139999389648438,26.139999389648438,25007
2026-09-01 14:05:00-04:00,26.149999618530273,26.149999618530273,26.139999389648438,26.149999618530273,14100
2026-09-01 14:06:00-04:00,26.1299991607666,26.145000457763672,26.1299991607666,26.145000457763672,46971
2026-09-01 14:07:00-04:00,26.110000610351562,26.139999389648438,26.104999542236328,26.135000228881836,52920
2026-09-01 14:08:00-04:00,26.094999313354492,26.104999542236328,26.09000015258789,26.104999542236328,26023
2026-09-01 14:09:00-04:00,26.094999313354492,26.100000381469727,26.09000015258789,26.093900680541992,14667
2026-09-01 14:10:00-04:00,26.094999313354492,26.100000381469727,26.09000015258789,26.094999313354492,7945
2026-09-01 14:11:00-04:00,26.110000610351562,26.110000610351562,26.09000015258789,26.094999313354492,28784
2026-09-01 14:12:00-04:00,26.114999771118164,26.1200008392334,26.104999542236328,26.104999542236328,16041
2026-09-01 14:13:00-04:00,26.1200008392334,26.1200008392334,26.110000610351562,26.1200008392334,12599
2026-09-01 14:14:00-04:00,26.1200008392334,26.1200008392334,26.110000610351562,26.114999771118164,9496
2026-09-01 14:15:00-04:00,26.114999771118164,26.1200008392334,26.110000610351562,26.114999771118164,11489
2026-09-01 14:16:00-04:00,26.114999771118164,26.1200008392334,26.110000610351562,26.110000610351562,20175
2026-09-01 14:17:00-04:00,26.110000610351562,26.1200008392334,26.110000610351562,26.114999771118164,26279
2026-09-01 14:18:00-04:00,26.149999618530273,26.15999984741211,26.110000610351562,26.114999771118164,186899
2026-09-01 14:19:00-04:00,26.174999237060547,26.18000030517578,26.149999618530273,26.155000686645508,48317
2026-09-01 14:20:00-04:00,26.125,26.18000030517578,26.1200008392334,26.174999237060547,394300
2026-09-01 14:21:00-04:00,26.125,26.145000457763672,26.1200008392334,26.125,186039
2026-09-01 14:22:00-04:00,26.1299991607666,26.139999389648438,26.1200008392334,26.1299991607666,256620
2026-09-01 14:23:00-04:00,26.18000030517578,26.18000030517578,26.125,26.1299991607666,197555
2026-09-01 14:24:00-04:00,26.155000686645508,26.18000030517578,26.155000686645508,26.174999237060547,187167
2026-09-01 14:25:00-04:00,26.174999237060547,26.18000030517578,26.149999618530273,26.15999984741211,1137260
2026-09-01 14:26:00-04:00,26.174999237060547,26.18000030517578,26.165000915527344,26.170000076293945,60555
2026-09-01 14:27:00-04:00,26.229999542236328,26.229999542236328,26.174999237060547,26.174999237060547,208577
2026-09-01 14:28:00-04:00,26.225000381469727,26.229999542236328,26.219999313354492,26.219999313354492,18771
2026-09-01 14:29:00-04:00,26.204999923706055,26.225000381469727,26.200000762939453,26.225000381469727,174573
2026-09-01 14:30:00-04:00,26.209999084472656,26.219999313354492,26.204999923706055,26.206199645996094,53475
2026-09-01 14:31:00-04:00,26.18000030517578,26.219999313354492,26.18000030517578,26.214500427246094,76107
2026-09-01 14:32:00-04:00,26.184999465942383,26.190000534057617,26.174999237060547,26.18000030517578,57566
2026-09-01 14:33:00-04:00,26.189899444580078,26.190000534057617,26.18000030517578,26.18000030517578,31136
2026-09-01 14:34:00-04:00,26.19499969482422,26.200000762939453,26.18000030517578,26.190000534057617,113863
2026-09-01 14:35:00-04:00,26.190000534057617,26.200000762939453,26.18000030517578,26.200000762939453,54388
2026-09-01 14:36:00-04:00,26.200000762939453,26.200000762939453,26.190000534057617,26.190000534057617,17885
2026-09-01 14:37:00-04:00,26.200000762939453,26.200000762939453,26.190000534057617,26.19499969482422,25071
2026-09-01 14:38:00-04:00,26.200000762939453,26.200000762939453,26.190000534057617,26.196800231933594,26052
2026-09-01 14:39:00-04:00,26.204999923706055,26.205799102783203,26.190000534057617,26.19499969482422,49849
2026-09-01 14:40:00-04:00,26.200000762939453,26.209999084472656,26.200000762939453,26.200000762939453,16028
2026-09-01 14:41:00-04:00,26.209999084472656,26.219999313354492,26.19499969482422,26.209999084472656,167665
2026-09-01 14:42:00-04:00,26.190000534057617,26.219900131225586,26.190000534057617,26.219900131225586,40912
2026-09-01 14:43:00-04:00,26.190000534057617,26.209999084472656,26.18000030517578,26.190000534057617,180136
2026-09-01 14:44:00-04:00,26.165000915527344,26.190000534057617,26.165000915527344,26.184999465942383,56758
2026-09-01 14:45:00-04:00,26.149999618530273,26.170000076293945,26.149999618530273,26.165000915527344,79286
2026-09-01 14:46:00-04:00,26.155000686645508,26.15999984741211,26.149999618530273,26.155000686645508,26659
2026-09-01 14:47:00-04:00,26.139999389648438,26.15999984741211,26.139999389648438,26.149999618530273,51016
2026-09-01 14:48:00-04:00,26.1299991607666,26.170000076293945,26.1299991607666,26.149999618530273,225059
2026-09-01 14:49:00-04:00,26.114999771118164,26.139999389648438,26.110000610351562,26.135000228881836,47797
2026-09-01 14:50:00-04:00,26.100000381469727,26.114999771118164,26.100000381469727,26.114999771118164,33286
2026-09-01 14:51:00-04:00,26.104999542236328,26.110000610351562,26.100000381469727,26.100000381469727,28836
2026-09-01 14:52:00-04:00,26.104999542236328,26.110000610351562,26.100000381469727,26.100000381469727,12288
2026-09-01 14:53:00-04:00,26.104999542236328,26.110000610351562,26.100000381469727,26.104999542236328,13929
2026-09-01 14:54:00-04:00,26.114999771118164,26.1200008392334,26.100000381469727,26.104999542236328,83414
2026-09-01 14:55:00-04:00,26.125,26.1299991607666,26.110000610351562,26.1200008392334,11070
2026-09-01 14:56:00-04:00,26.145000457763672,26.145000457763672,26.1200008392334,26.124134063720703,67738
2026-09-01 14:57:00-04:00,26.149999618530273,26.149999618530273,26.139999389648438,26.139999389648438,25971
2026-09-01 14:58:00-04:00,26.165000915527344,26.170000076293945,26.145000457763672,26.149999618530273,498996
2026-09-01 14:59:00-04:00,26.165000915527344,26.170000076293945,26.139999389648438,26.165000915527344,279693
2026-09-01 15:00:00-04:00,26.134599685668945,26.170000076293945,26.1299991607666,26.170000076293945,203684
2026-09-01 15:01:00-04:00,26.104999542236328,26.135000228881836,26.104999542236328,26.135000228881836,36635
2026-09-01 15:02:00-04:00,26.094999313354492,26.110000610351562,26.09000015258789,26.100000381469727,20919
2026-09-01 15:03:00-04:00,26.104299545288086,26.110000610351562,26.084999084472656,26.09000015258789,46605
2026-09-01 15:04:00-04:00,26.14389991760254,26.149999618530273,26.100000381469727,26.110000610351562,68917
2026-09-01 15:05:00-04:00,26.139999389648438,26.149999618530273,26.1299991607666,26.149999618530273,64144
2026-09-01 15:06:00-04:00,26.125,26.139999389648438,26.120500564575195,26.139999389648438,26716
2026-09-01 15:07:00-04:00,26.110200881958008,26.1200008392334,26.110000610351562,26.1200008392334,15579
2026-09-01 15:08:00-04:00,26.1382999420166,26.139999389648438,26.110000610351562,26.110000610351562,32615
2026-09-01 15:09:00-04:00,26.1200008392334,26.139999389648438,26.110000610351562,26.135000228881836,34890
2026-09-01 15:10:00-04:00,26.114999771118164,26.1299991607666,26.114999771118164,26.114999771118164,36747
2026-09-01 15:11:00-04:00,26.125,26.125,26.110000610351562,26.114999771118164,11216
2026-09-01 15:12:00-04:00,26.125,26.1299991607666,26.114999771118164,26.1200008392334,79659
2026-09-01 15:13:00-04:00,26.1299991607666,26.1299991607666,26.1200008392334,26.1200008392334,25383
2026-09-01 15:14:00-04:00,26.104999542236328,26.126100540161133,26.100000381469727,26.124799728393555,59277
2026-09-01 15:15:00-04:00,26.1200008392334,26.12700080871582,26.104999542236328,26.110000610351562,225367
2026-09-01 15:16:00-04:00,26.125,26.125,26.114999771118164,26.114999771118164,14489
2026-09-01 15:17:00-04:00,26.1299991607666,26.139999389648438,26.125,26.125,37360
2026-09-01 15:18:00-04:00,26.125,26.139999389648438,26.1200008392334,26.139999389648438,46506
2026-09-01 15:19:00-04:00,26.125,26.1299991607666,26.110000610351562,26.1299991607666,124236
2026-09-01 15:20:00-04:00,26.1299991607666,26.1299991607666,26.110000610351562,26.125,72918
2026-09-01 15:21:00-04:00,26.114999771118164,26.1299991607666,26.110000610351562,26.125,77691
2026-09-01 15:22:00-04:00,26.104999542236328,26.1200008392334,26.100000381469727,26.114999771118164,98825
2026-09-01 15:23:00-04:00,26.11989974975586,26.1200008392334,26.100000381469727,26.104999542236328,37101
2026-09-01 15:24:00-04:00,26.113000869750977,26.1200008392334,26.110000610351562,26.1200008392334,29973
2026-09-01 15:25:00-04:00,26.125,26.125,26.110000610351562,26.110000610351562,37508
2026-09-01 15:26:00-04:00,26.110000610351562,26.125,26.110000610351562,26.125,25109
2026-09-01 15:27:00-04:00,26.114999771118164,26.1200008392334,26.110000610351562,26.110000610351562,23386
2026-09-01 15:28:00-04:00,26.114999771118164,26.11989974975586,26.110000610351562,26.114999771118164,15372
2026-09-01 15:29:00-04:00,26.114999771118164,26.1200008392334,26.110000610351562,26.110000610351562,38339
2026-09-01 15:30:00-04:00,26.135000228881836,26.139999389648438,26.114999771118164,26.1200008392334,46639
2026-09-01 15:31:00-04:00,26.139999389648438,26.149999618530273,26.1299991607666,26.139999389648438,55857
2026-09-01 15:32:00-04:00,26.114999771118164,26.145000457763672,26.110000610351562,26.139999389648438,45270
2026-09-01 15:33:00-04:00,26.104999542236328,26.1200008392334,26.100000381469727,26.110000610351562,37090
2026-09-01 15:34:00-04:00,26.1200008392334,26.1200008392334,26.100000381469727,26.104999542236328,62331
2026-09-01 15:35:00-04:00,26.115999221801758,26.1200008392334,26.110000610351562,26.114999771118164,29092
2026-09-01 15:36:00-04:00,26.104999542236328,26.114999771118164,26.100000381469727,26.11319923400879,28259
2026-09-01 15:37:00-04:00,26.114999771118164,26.1200008392334,26.100000381469727,26.100099563598633,51805
2026-09-01 15:38:00-04:00,26.09269905090332,26.115100860595703,26.09000015258789,26.11009979248047,46870
2026-09-01 15:39:00-04:00,26.104999542236328,26.110000610351562,26.084999084472656,26.09119987487793,113551
2026-09-01 15:40:00-04:00,26.1200008392334,26.1200008392334,26.100000381469727,26.110000610351562,49060
2026-09-01 15:41:00-04:00,26.09000015258789,26.1200008392334,26.09000015258789,26.1200008392334,37985
2026-09-01 15:42:00-04:00,26.084999084472656,26.094999313354492,26.079999923706055,26.094999313354492,29091
2026-09-01 15:43:00-04:00,26.075000762939453,26.09000015258789,26.06999969482422,26.084999084472656,41834
2026-09-01 15:44:00-04:00,26.065000534057617,26.079999923706055,26.059999465942383,26.075000762939453,71651
2026-09-01 15:45:00-04:00,26.059999465942383,26.065000534057617,26.049999237060547,26.059999465942383,60833
2026-09-01 15:46:00-04:00,26.05500030517578,26.06999969482422,26.05500030517578,26.065000534057617,53861
2026-09-01 15:47:00-04:00,26.079999923706055,26.079999923706055,26.05500030517578,26.05500030517578,53775
2026-09-01 15:48:00-04:00,26.070100784301758,26.079999923706055,26.06999969482422,26.075000762939453,37719
2026-09-01 15:49:00-04:00,26.05500030517578,26.070100784301758,26.049999237060547,26.06999969482422,39499
2026-09-01 15:50:00-04:00,26.065000534057617,26.079599380493164,26.049999237060547,26.049999237060547,159769
2026-09-01 15:51:00-04:00,26.075000762939453,26.079999923706055,26.059999465942383,26.059999465942383,46376
2026-09-01 15:52:00-04:00,26.075000762939453,26.079999923706055,26.06999969482422,26.079999923706055,0
2026-09-01 15:53:00-04:00,26.06999969482422,26.077600479125977,26.059999465942383,26.06999969482422,58651
2026-09-01 15:54:00-04:00,26.065000534057617,26.079999923706055,26.065000534057617,26.075000762939453,55463
2026-09-01 15:55:00-04:00,26.025999069213867,26.065000534057617,26.020000457763672,26.065000534057617,209124
2026-09-01 15:56:00-04:00,26.065000534057617,26.065000534057617,26.014999389648438,26.024999618530273,151335
2026-09-01 15:57:00-04:00,26.049999237060547,26.06999969482422,26.049999237060547,26.065000534057617,70327
2026-09-01 15:58:00-04:00,26.03499984741211,26.05500030517578,26.030000686645508,26.05500030517578,309659
2026-09-01 15:59:00-04:00,26.014999389648438,26.040000915527344,26.0,26.040000915527344,738529
2026-09-02 09:30:00-04:00,26.15999984741211,26.260000228881836,26.065000534057617,26.09000015258789,598893
2026-09-02 09:31:00-04:00,26.149999618530273,26.239999771118164,26.139999389648438,26.174999237060547,94919
2026-09-02 09:32:00-04:00,26.235000610351562,26.239999771118164,26.139999389648438,26.149999618530273,177252
2026-09-02 09:33:00-04:00,26.200000762939453,26.260000228881836,26.184999465942383,26.235000610351562,165388
2026-09-02 09:34:00-04:00,26.295000076293945,26.31999969482422,26.200000762939453,26.200000762939453,94908
2026-09-02 09:35:00-04:00,26.329999923706055,26.34000015258789,26.290000915527344,26.296300888061523,97736
2026-09-02 09:36:00-04:00,26.325000762939453,26.350000381469727,26.31999969482422,26.34000015258789,116104
2026-09-02 09:37:00-04:00,26.28499984741211,26.344999313354492,26.28499984741211,26.325000762939453,137095
2026-09-02 09:38:00-04:00,26.270000457763672,26.315000534057617,26.270000457763672,26.28499984741211,94372
2026-09-02 09:39:00-04:00,26.225000381469727,26.270000457763672,26.21500015258789,26.264999389648438,86392
2026-09-02 09:40:00-04:00,26.19499969482422,26.22913932800293,26.190000534057617,26.22913932800293,52976
2026-09-02 09:41:00-04:00,26.260000228881836,26.270000457763672,26.200000762939453,26.200000762939453,40526
2026-09-02 09:42:00-04:00,26.274999618530273,26.280000686645508,26.2549991607666,26.260000228881836,36661
2026-09-02 09:43:00-04:00,26.25670051574707,26.274999618530273,26.2450008392334,26.274999618530273,33168
2026-09-02 09:44:00-04:00,26.270000457763672,26.27790069580078,26.2549991607666,26.2549991607666,30850
2026-09-02 09:45:00-04:00,26.309999465942383,26.315000534057617,26.270000457763672,26.270000457763672,42303
2026-09-02 09:46:00-04:00,26.325000762939453,26.329999923706055,26.309999465942383,26.315000534057617,45680
2026-09-02 09:47:00-04:00,26.30500030517578,26.325000762939453,26.290000915527344,26.325000762939453,72463
2026-09-02 09:48:00-04:00,26.280000686645508,26.30500030517578,26.280000686645508,26.30500030517578,64843
2026-09-02 09:49:00-04:00,26.270000457763672,26.280000686645508,26.260000228881836,26.280000686645508,38743
2026-09-02 09:50:00-04:00,26.235000610351562,26.270000457763672,26.229999542236328,26.264999389648438,58399
2026-09-02 09:51:00-04:00,26.270000457763672,26.290000915527344,26.235000610351562,26.235000610351562,53865
2026-09-02 09:52:00-04:00,26.2549991607666,26.274999618530273,26.2549991607666,26.270000457763672,19458
2026-09-02 09:53:00-04:00,26.2450008392334,26.257299423217773,26.235000610351562,26.25,43200
2026-09-02 09:54:00-04:00,26.280099868774414,26.299999237060547,26.2450008392334,26.2450008392334,40351
2026-09-02 09:55:00-04:00,26.30500030517578,26.31999969482422,26.280000686645508,26.28499984741211,68795
2026-09-02 09:56:00-04:00,26.295000076293945,26.334999084472656,26.28499984741211,26.30500030517578,105689
2026-09-02 09:57:00-04:00,26.334999084472656,26.334999084472656,26.290000915527344,26.295000076293945,64747
2026-09-02 09:58:00-04:00,26.309999465942383,26.34000015258789,26.29010009765625,26.334999084472656,65570
2026-09-02 09:59:00-04:00,26.274999618530273,26.309900283813477,26.270000457763672,26.30500030517578,41679
2026-09-02 10:00:00-04:00,26.329999923706055,26.34000015258789,26.270000457763672,26.274999618530273,66727
2026-09-02 10:01:00-04:00,26.340099334716797,26.350000381469727,26.31999969482422,26.31999969482422,34625
2026-09-02 10:02:00-04:00,26.315000534057617,26.344999313354492,26.309999465942383,26.34000015258789,73725
2026-09-02 10:03:00-04:00,26.30500030517578,26.31999969482422,26.290000915527344,26.315000534057617,46279
2026-09-02 10:04:00-04:00,26.264999389648438,26.30500030517578,26.264999389648438,26.299999237060547,53534
2026-09-02 10:05:00-04:00,26.260000228881836,26.264999389648438,26.25,26.264999389648438,30516
2026-09-02 10:06:00-04:00,26.260000228881836,26.270000457763672,26.2549991607666,26.264999389648438,52104
2026-09-02 10:07:00-04:00,26.264999389648438,26.270000457763672,26.239999771118164,26.25149917602539,136573
2026-09-02 10:08:00-04:00,26.264999389648438,26.274999618530273,26.2450008392334,26.264999389648438,116839
2026-09-02 10:09:00-04:00,26.274999618530273,26.290000915527344,26.260000228881836,26.264999389648438,47841
2026-09-02 10:10:00-04:00,26.190000534057617,26.274999618530273,26.190000534057617,26.270000457763672,115955
2026-09-02 10:11:00-04:00,26.264999389648438,26.280000686645508,26.18000030517578,26.19499969482422,811525
2026-09-02 10:12:00-04:00,26.274999618530273,26.280000686645508,26.2450008392334,26.26259994506836,62506
2026-09-02 10:13:00-04:00,26.315000534057617,26.34000015258789,26.260000228881836,26.270000457763672,218813
2026-09-02 10:14:00-04:00,26.315000534057617,26.329999923706055,26.30500030517578,26.309999465942383,55388
2026-09-02 10:15:00-04:00,26.309900283813477,26.31679916381836,26.295000076293945,26.315000534057617,80916
2026-09-02 10:16:00-04:00,26.295000076293945,26.309999465942383,26.280000686645508,26.30500030517578,50426
2026-09-02 10:17:00-04:00,26.296236038208008,26.299999237060547,26.28339958190918,26.290000915527344,44047
2026-09-02 10:18:00-04:00,26.30500030517578,26.31999969482422,26.295000076293945,26.295000076293945,73538
2026-09-02 10:19:00-04:00,26.295000076293945,26.31570053100586,26.290000915527344,26.30500030517578,77050
2026-09-02 10:20:00-04:00,26.274200439453125,26.290000915527344,26.270000457763672,26.290000915527344,73340
2026-09-02 10:21:00-04:00,26.274999618530273,26.280000686645508,26.270000457763672,26.274999618530273,15769
2026-09-02 10:22:00-04:00,26.290000915527344,26.290000915527344,26.2549991607666,26.280000686645508,101074
2026-09-02 10:23:00-04:00,26.264999389648438,26.299999237060547,26.264999389648438,26.28499984741211,173179
2026-09-02 10:24:00-04:00,26.295000076293945,26.299999237060547,26.260000228881836,26.264999389648438,43957
2026-09-02 10:25:00-04:00,26.309999465942383,26.309999465942383,26.280099868774414,26.295000076293945,96147
2026-09-02 10:26:00-04:00,26.30500030517578,26.309999465942383,26.299999237060547,26.30500030517578,40896
2026-09-02 10:27:00-04:00,26.3302001953125,26.34000015258789,26.30500030517578,26.30500030517578,70091
2026-09-02 10:28:00-04:00,26.309999465942383,26.34000015258789,26.30500030517578,26.34000015258789,106478
2026-09-02 10:29:00-04:00,26.298999786376953,26.31999969482422,26.295000076293945,26.315000534057617,49475
2026-09-02 10:30:00-04:00,26.290000915527344,26.299999237060547,26.280000686645508,26.295000076293945,42266
2026-09-02 10:31:00-04:00,26.299999237060547,26.31999969482422,26.295000076293945,26.295000076293945,68648
2026-09-02 10:32:00-04:00,26.290000915527344,26.306299209594727,26.28499984741211,26.295000076293945,44049
2026-09-02 10:33:00-04:00,26.274999618530273,26.290000915527344,26.270000457763672,26.28499984741211,43855
2026-09-02 10:34:00-04:00,26.299999237060547,26.299999237060547,26.274999618530273,26.280000686645508,29183
2026-09-02 10:35:00-04:00,26.309999465942383,26.309999465942383,26.290000915527344,26.290000915527344,37326
2026-09-02 10:36:00-04:00,26.290000915527344,26.309999465942383,26.290000915527344,26.299999237060547,55637
2026-09-02 10:37:00-04:00,26.309999465942383,26.315000534057617,26.28499984741211,26.290000915527344,62260
2026-09-02 10:38:00-04:00,26.325000762939453,26.334999084472656,26.299999237060547,26.309999465942383,92745
2026-09-02 10:39:00-04:00,26.34000015258789,26.350000381469727,26.31999969482422,26.325000762939453,310903
2026-09-02 10:40:00-04:00,26.34000015258789,26.34000015258789,26.329999923706055,26.334999084472656,35203
2026-09-02 10:41:00-04:00,26.34000015258789,26.34000015258789,26.329999923706055,26.34000015258789,42505
2026-09-02 10:42:00-04:00,26.334999084472656,26.34000015258789,26.329999923706055,26.34000015258789,49617
2026-09-02 10:43:00-04:00,26.329999923706055,26.34000015258789,26.31999969482422,26.34000015258789,74099
2026-09-02 10:44:00-04:00,26.34000015258789,26.350000381469727,26.329999923706055,26.329999923706055,52450
2026-09-02 10:45:00-04:00,26.350000381469727,26.360000610351562,26.34000015258789,26.34000015258789,144124
2026-09-02 10:46:00-04:00,26.360000610351562,26.360000610351562,26.350000381469727,26.354999542236328,22517
2026-09-02 10:47:00-04:00,26.334999084472656,26.360000610351562,26.329999923706055,26.354999542236328,99399
2026-09-02 10:48:00-04:00,26.360000610351562,26.360000610351562,26.329999923706055,26.334999084472656,29475
2026-09-02 10:49:00-04:00,26.364999771118164,26.3700008392334,26.350000381469727,26.360000610351562,38557
2026-09-02 10:50:00-04:00,26.360000610351562,26.3700008392334,26.350000381469727,26.3700008392334,44916
2026-09-02 10:51:00-04:00,26.360000610351562,26.3700008392334,26.350000381469727,26.350000381469727,60994
2026-09-02 10:52:00-04:00,26.389999389648438,26.389999389648438,26.360000610351562,26.3700008392334,76496
2026-09-02 10:53:00-04:00,26.40999984741211,26.420000076293945,26.3799991607666,26.389699935913086,145018
2026-09-02 10:54:00-04:00,26.399999618530273,26.415000915527344,26.389999389648438,26.40999984741211,83365
2026-09-02 10:55:00-04:00,26.40999984741211,26.420000076293945,26.399999618530273,26.399999618530273,29889
2026-09-02 10:56:00-04:00,26.43000030517578,26.440000534057617,26.40999984741211,26.415000915527344,91384
2026-09-02 10:57:00-04:00,26.405000686645508,26.434999465942383,26.405000686645508,26.434999465942383,71084
2026-09-02 10:58:00-04:00,26.40999984741211,26.420000076293945,26.399999618530273,26.405000686645508,34380
2026-09-02 10:59:00-04:00,26.415000915527344,26.434999465942383,26.40999984741211,26.420000076293945,97408
2026-09-02 11:00:00-04:00,26.40999984741211,26.420000076293945,26.40999984741211,26.420000076293945,46215
2026-09-02 11:01:00-04:00,26.420000076293945,26.420000076293945,26.40999984741211,26.41990089416504,24108
2026-09-02 11:02:00-04:00,26.40999984741211,26.420000076293945,26.40999984741211,26.420000076293945,17557
2026-09-02 11:03:00-04:00,26.43000030517578,26.43000030517578,26.40999984741211,26.40999984741211,65171
2026-09-02 11:04:00-04:00,26.43000030517578,26.43000030517578,26.420000076293945,26.420000076293945,55131
2026-09-02 11:05:00-04:00,26.43000030517578,26.440000534057617,26.420000076293945,26.420000076293945,48096
2026-09-02 11:06:00-04:00,26.434999465942383,26.440000534057617,26.43000030517578,26.43860626220703,59725
2026-09-02 11:07:00-04:00,26.415000915527344,26.434999465942383,26.40999984741211,26.43000030517578,87915
2026-09-02 11:08:00-04:00,26.389999389648438,26.420000076293945,26.389999389648438,26.40999984741211,59283
2026-09-02 11:09:00-04:00,26.399999618530273,26.399999618530273,26.389999389648438,26.395000457763672,25992
2026-09-02 11:10:00-04:00,26.399999618530273,26.399999618530273,26.3799991607666,26.399999618530273,74662
2026-09-02 11:11:00-04:00,26.40999984741211,26.420000076293945,26.389999389648438,26.395000457763672,52608
2026-09-02 11:12:00-04:00,26.399999618530273,26.420000076293945,26.389999389648438,26.40999984741211,91447
2026-09-02 11:13:00-04:00,26.360200881958008,26.395000457763672,26.360000610351562,26.395000457763672,101401
2026-09-02 11:14:00-04:00,26.3799991607666,26.3799991607666,26.350000381469727,26.36009979248047,47670
2026-09-02 11:15:00-04:00,26.354999542236328,26.3799991607666,26.350000381469727,26.3799991607666,73932
2026-09-02 11:16:00-04:00,26.364999771118164,26.364999771118164,26.350000381469727,26.354999542236328,46422
2026-09-02 11:17:00-04:00,26.3700008392334,26.3700008392334,26.360000610351562,26.364999771118164,40174
2026-09-02 11:18:00-04:00,26.395000457763672,26.395000457763672,26.364999771118164,26.3700008392334,146535
2026-09-02 11:19:00-04:00,26.385000228881836,26.395000457763672,26.3799991607666,26.395000457763672,10539
2026-09-02 11:20:00-04:00,26.3700008392334,26.389999389648438,26.3700008392334,26.385000228881836,81447
2026-09-02 11:21:00-04:00,26.38990020751953,26.389999389648438,26.3700008392334,26.3799991607666,74642
2026-09-02 11:22:00-04:00,26.3799991607666,26.389999389648438,26.3700008392334,26.389999389648438,34214
2026-09-02 11:23:00-04:00,26.3799991607666,26.389999389648438,26.3700008392334,26.375,38228
2026-09-02 11:24:00-04:00,26.385000228881836,26.389999389648438,26.3799991607666,26.385000228881836,17734
2026-09-02 11:25:00-04:00,26.3700008392334,26.385000228881836,26.3700008392334,26.3799991607666,47700
2026-09-02 11:26:00-04:00,26.389999389648438,26.395099639892578,26.3700008392334,26.3799991607666,91145
2026-09-02 11:27:00-04:00,26.375,26.389999389648438,26.3700008392334,26.389999389648438,37853
2026-09-02 11:28:00-04:00,26.3700008392334,26.3799991607666,26.3700008392334,26.3700008392334,18754
2026-09-02 11:29:00-04:00,26.375,26.3799991607666,26.3700008392334,26.3799991607666,36892
2026-09-02 11:30:00-04:00,26.3799991607666,26.3799991607666,26.3700008392334,26.3799991607666,41860
2026-09-02 11:31:00-04:00,26.360000610351562,26.3799991607666,26.360000610351562,26.37714385986328,84787
2026-09-02 11:32:00-04:00,26.360000610351562,26.3700008392334,26.354999542236328,26.3700008392334,36340
2026-09-02 11:33:00-04:00,26.354999542236328,26.360000610351562,26.350000381469727,26.357500076293945,25951
2026-09-02 11:34:00-04:00,26.350000381469727,26.360000610351562,26.350000381469727,26.35260009765625,23505
2026-09-02 11:35:00-04:00,26.360000610351562,26.360000610351562,26.350000381469727,26.354999542236328,33117
2026-09-02 11:36:00-04:00,26.34000015258789,26.360000610351562,26.34000015258789,26.350000381469727,37767
2026-09-02 11:37:00-04:00,26.358999252319336,26.360000610351562,26.34000015258789,26.350000381469727,35716
2026-09-02 11:38:00-04:00,26.360000610351562,26.3700008392334,26.350000381469727,26.350000381469727,99724
2026-09-02 11:39:00-04:00,26.329999923706055,26.360000610351562,26.31999969482422,26.354999542236328,53546
2026-09-02 11:40:00-04:00,26.309999465942383,26.329999923706055,26.309999465942383,26.31999969482422,58237
2026-09-02 11:41:00-04:00,26.299999237060547,26.31999969482422,26.299999237060547,26.309999465942383,49428
2026-09-02 11:42:00-04:00,26.299999237060547,26.309999465942383,26.299999237060547,26.309999465942383,15702
2026-09-02 11:43:00-04:00,26.30500030517578,26.309999465942383,26.299999237060547,26.309999465942383,20434
2026-09-02 11:44:00-04:00,26.260000228881836,26.315000534057617,26.260000228881836,26.30500030517578,179004
2026-09-02 11:45:00-04:00,26.2549991607666,26.260000228881836,26.229999542236328,26.260000228881836,118939
2026-09-02 11:46:00-04:00,26.259899139404297,26.264999389648438,26.25,26.25,66503
2026-09-02 11:47:00-04:00,26.260000228881836,26.260000228881836,26.239999771118164,26.2549991607666,52184
2026-09-02 11:48:00-04:00,26.2549991607666,26.260000228881836,26.25,26.2549991607666,36718
2026-09-02 11:49:00-04:00,26.239999771118164,26.260000228881836,26.229999542236328,26.2549991607666,35343
2026-09-02 11:50:00-04:00,26.260000228881836,26.260000228881836,26.239999771118164,26.239999771118164,70721
2026-09-02 11:51:00-04:00,26.230100631713867,26.260000228881836,26.230100631713867,26.260000228881836,39424
2026-09-02 11:52:00-04:00,26.229999542236328,26.239999771118164,26.225000381469727,26.239999771118164,38629
2026-09-02 11:53:00-04:00,26.229999542236328,26.235000610351562,26.219999313354492,26.219999313354492,27286
2026-09-02 11:54:00-04:00,26.225000381469727,26.229999542236328,26.219999313354492,26.229999542236328,35829
2026-09-02 11:55:00-04:00,26.229999542236328,26.229999542236328,26.219999313354492,26.225000381469727,25163
2026-09-02 11:56:00-04:00,26.235000610351562,26.239999771118164,26.219999313354492,26.225000381469727,56304
2026-09-02 11:57:00-04:00,26.2450008392334,26.2549991607666,26.235000610351562,26.239999771118164,81841
2026-09-02 11:58:00-04:00,26.25,26.25,26.239999771118164,26.2450008392334,41870
2026-09-02 11:59:00-04:00,26.25,26.25,26.239999771118164,26.25,11918
2026-09-02 12:00:00-04:00,26.239999771118164,26.25,26.239999771118164,26.239999771118164,40882
2026-09-02 12:01:00-04:00,26.270000457763672,26.270000457763672,26.239999771118164,26.25,91362
2026-09-02 12:02:00-04:00,26.289899826049805,26.290000915527344,26.260000228881836,26.264999389648438,129330
2026-09-02 12:03:00-04:00,26.325000762939453,26.344999313354492,26.280000686645508,26.290000915527344,161344
2026-09-02 12:04:00-04:00,26.334999084472656,26.34000015258789,26.31999969482422,26.329999923706055,38388
2026-09-02 12:05:00-04:00,26.31999969482422,26.34000015258789,26.31999969482422,26.33989906311035,100422
2026-09-02 12:06:00-04:00,26.31999969482422,26.329999923706055,26.31999969482422,26.320100784301758,52313
2026-09-02 12:07:00-04:00,26.325000762939453,26.329999923706055,26.31999969482422,26.31999969482422,46810
2026-09-02 12:08:00-04:00,26.329999923706055,26.329999923706055,26.31999969482422,26.32990074157715,66791
2026-09-02 12:09:00-04:00,26.325000762939453,26.329999923706055,26.31999969482422,26.325000762939453,21245
2026-09-02 12:10:00-04:00,26.31999969482422,26.329999923706055,26.309999465942383,26.329999923706055,32534
2026-09-02 12:11:00-04:00,26.31999969482422,26.31999969482422,26.299999237060547,26.315000534057617,99438
2026-09-02 12:12:00-04:00,26.315000534057617,26.31999969482422,26.309999465942383,26.309999465942383,33654
2026-09-02 12:13:00-04:00,26.31999969482422,26.31999969482422,26.309999465942383,26.309999465942383,19039
2026-09-02 12:14:00-04:00,26.31999969482422,26.31999969482422,26.309999465942383,26.309999465942383,22455
2026-09-02 12:15:00-04:00,26.31999969482422,26.31999969482422,26.309999465942383,26.31999969482422,47197
2026-09-02 12:16:00-04:00,26.329999923706055,26.329999923706055,26.309999465942383,26.319900512695312,46510
2026-09-02 12:17:00-04:00,26.360000610351562,26.360000610351562,26.31999969482422,26.325000762939453,132350
2026-09-02 12:18:00-04:00,26.34000015258789,26.360000610351562,26.34000015258789,26.350000381469727,92669
2026-09-02 12:19:00-04:00,26.33989906311035,26.350000381469727,26.334999084472656,26.350000381469727,51186
2026-09-02 12:20:00-04:00,26.34000015258789,26.350000381469727,26.329999923706055,26.33989906311035,41841
2026-09-02 12:21:00-04:00,26.34000015258789,26.350000381469727,26.334999084472656,26.350000381469727,64034
2026-09-02 12:22:00-04:00,26.356399536132812,26.360000610351562,26.344999313354492,26.350000381469727,57562
2026-09-02 12:23:00-04:00,26.344999313354492,26.360000610351562,26.34000015258789,26.350000381469727,49216
2026-09-02 12:24:00-04:00,26.350000381469727,26.350000381469727,26.34000015258789,26.350000381469727,10587
2026-09-02 12:25:00-04:00,26.34000015258789,26.344999313354492,26.329999923706055,26.344999313354492,25023
2026-09-02 12:26:00-04:00,26.334999084472656,26.34000015258789,26.329999923706055,26.329999923706055,18913
2026-09-02 12:27:00-04:00,26.334999084472656,26.34000015258789,26.329999923706055,26.34000015258789,16253
2026-09-02 12:28:00-04:00,26.329999923706055,26.34000015258789,26.329999923706055,26.334999084472656,35566
2026-09-02 12:29:00-04:00,26.334999084472656,26.34000015258789,26.329999923706055,26.329999923706055,65867
2026-09-02 12:30:00-04:00,26.33340072631836,26.34000015258789,26.329999923706055,26.334999084472656,45873
2026-09-02 12:31:00-04:00,26.325000762939453,26.34000015258789,26.31999969482422,26.334999084472656,45208
2026-09-02 12:32:00-04:00,26.31999969482422,26.329999923706055,26.31999969482422,26.325000762939453,60029
2026-09-02 12:33:00-04:00,26.325000762939453,26.325000762939453,26.31999969482422,26.325000762939453,17070
2026-09-02 12:34:00-04:00,26.334999084472656,26.334999084472656,26.315000534057617,26.325000762939453,101744
2026-09-02 12:35:00-04:00,26.334999084472656,26.34000015258789,26.333711624145508,26.334999084472656,57697
2026-09-02 12:36:00-04:00,26.325000762939453,26.334999084472656,26.31999969482422,26.334999084472656,18511
2026-09-02 12:37:00-04:00,26.329999923706055,26.329999923706055,26.309999465942383,26.31999969482422,110557
2026-09-02 12:38:00-04:00,26.31999969482422,26.329999923706055,26.31999969482422,26.31999969482422,30877
2026-09-02 12:39:00-04:00,26.31999969482422,26.329999923706055,26.31999969482422,26.329999923706055,21721
2026-09-02 12:40:00-04:00,26.315000534057617,26.329999923706055,26.309999465942383,26.325000762939453,55288
2026-09-02 12:41:00-04:00,26.31999969482422,26.31999969482422,26.309999465942383,26.310100555419922,51442
2026-09-02 12:42:00-04:00,26.315000534057617,26.31999969482422,26.309999465942383,26.31999969482422,16989
2026-09-02 12:43:00-04:00,26.31999969482422,26.31999969482422,26.309999465942383,26.315000534057617,81994
2026-09-02 12:44:00-04:00,26.31410026550293,26.31999969482422,26.309999465942383,26.315000534057617,47869
2026-09-02 12:45:00-04:00,26.31999969482422,26.329999923706055,26.309999465942383,26.315000534057617,64463
2026-09-02 12:46:00-04:00,26.31999969482422,26.329999923706055,26.31999969482422,26.325000762939453,38056
2026-09-02 12:47:00-04:00,26.325000762939453,26.329999923706055,26.31999969482422,26.329999923706055,35644
2026-09-02 12:48:00-04:00,26.329999923706055,26.329999923706055,26.31999969482422,26.329999923706055,11690
2026-09-02 12:49:00-04:00,26.31999969482422,26.329999923706055,26.31999969482422,26.329999923706055,24867
2026-09-02 12:50:00-04:00,26.329999923706055,26.329999923706055,26.31999969482422,26.31999969482422,19960
2026-09-02 12:51:00-04:00,26.31999969482422,26.329999923706055,26.315000534057617,26.31999969482422,46729
2026-09-02 12:52:00-04:00,26.31999969482422,26.329999923706055,26.309999465942383,26.315000534057617,49835
2026-09-02 12:53:00-04:00,26.31999969482422,26.329999923706055,26.31999969482422,26.325000762939453,30622
2026-09-02 12:54:00-04:00,26.315000534057617,26.325000762939453,26.309999465942383,26.31999969482422,23930
2026-09-02 12:55:00-04:00,26.325000762939453,26.329999923706055,26.309999465942383,26.31999969482422,43107
2026-09-02 12:56:00-04:00,26.32539939880371,26.335599899291992,26.309999465942383,26.325000762939453,48656
2026-09-02 12:57:00-04:00,26.31999969482422,26.329999923706055,26.31999969482422,26.31999969482422,18109
2026-09-02 12:58:00-04:00,26.309999465942383,26.329999923706055,26.309999465942383,26.329999923706055,56184
2026-09-02 12:59:00-04:00,26.31999969482422,26.329999923706055,26.309999465942383,26.31999969482422,63567
2026-09-02 13:00:00-04:00,26.315000534057617,26.329999923706055,26.309999465942383,26.329999923706055,48454
2026-09-02 13:01:00-04:00,26.309999465942383,26.31999969482422,26.299999237060547,26.31999969482422,48568
2026-09-02 13:02:00-04:00,26.30500030517578,26.313800811767578,26.299999237060547,26.309999465942383,50006
2026-09-02 13:03:00-04:00,26.309999465942383,26.309999465942383,26.299999237060547,26.299999237060547,39181
2026-09-02 13:04:00-04:00,26.31999969482422,26.31999969482422,26.299999237060547,26.309999465942383,39800
2026-09-02 13:05:00-04:00,26.309999465942383,26.31999969482422,26.299999237060547,26.31999969482422,39638
2026-09-02 13:06:00-04:00,26.295000076293945,26.309999465942383,26.295000076293945,26.30500030517578,28436
2026-09-02 13:07:00-04:00,26.315000534057617,26.315000534057617,26.290000915527344,26.29990005493164,72691
2026-09-02 13:08:00-04:00,26.315000534057617,26.31999969482422,26.309999465942383,26.315000534057617,20468
2026-09-02 13:09:00-04:00,26.309999465942383,26.31999969482422,26.30500030517578,26.310100555419922,52291
2026-09-02 13:10:00-04:00,26.299999237060547,26.31999969482422,26.299999237060547,26.309999465942383,81295
2026-09-02 13:11:00-04:00,26.309999465942383,26.309999465942383,26.299999237060547,26.309999465942383,21966
2026-09-02 13:12:00-04:00,26.30500030517578,26.309999465942383,26.299999237060547,26.299999237060547,32564
2026-09-02 13:13:00-04:00,26.290000915527344,26.309999465942383,26.290000915527344,26.299999237060547,48805
2026-09-02 13:14:00-04:00,26.299999237060547,26.299999237060547,26.290000915527344,26.295000076293945,11854
2026-09-02 13:15:00-04:00,26.299999237060547,26.299999237060547,26.290000915527344,26.299999237060547,9317
2026-09-02 13:16:00-04:00,26.290000915527344,26.299999237060547,26.290000915527344,26.299999237060547,11226
2026-09-02 13:17:00-04:00,26.295000076293945,26.299999237060547,26.290000915527344,26.299999237060547,35682
2026-09-02 13:18:00-04:00,26.295000076293945,26.299999237060547,26.290000915527344,26.290000915527344,26219
2026-09-02 13:19:00-04:00,26.295000076293945,26.299999237060547,26.290000915527344,26.290000915527344,30378
2026-09-02 13:20:00-04:00,26.290000915527344,26.299999237060547,26.290000915527344,26.295000076293945,32464
2026-09-02 13:21:00-04:00,26.290000915527344,26.299999237060547,26.290000915527344,26.295000076293945,16301
2026-09-02 13:22:00-04:00,26.295000076293945,26.299999237060547,26.290000915527344,26.290000915527344,13161
2026-09-02 13:23:00-04:00,26.299999237060547,26.299999237060547,26.290000915527344,26.290000915527344,26103
2026-09-02 13:24:00-04:00,26.329999923706055,26.34000015258789,26.290000915527344,26.295000076293945,180856
2026-09-02 13:25:00-04:00,26.315000534057617,26.329999923706055,26.309999465942383,26.325000762939453,87083
2026-09-02 13:26:00-04:00,26.315000534057617,26.31999969482422,26.309999465942383,26.315000534057617,22658
2026-09-02 13:27:00-04:00,26.31999969482422,26.31999969482422,26.309999465942383,26.31999969482422,28468
2026-09-02 13:28:00-04:00,26.315000534057617,26.31999969482422,26.309999465942383,26.315000534057617,24001
2026-09-02 13:29:00-04:00,26.315000534057617,26.31999969482422,26.309999465942383,26.315000534057617,20227
2026-09-02 13:30:00-04:00,26.315000534057617,26.329999923706055,26.309999465942383,26.315000534057617,70452
2026-09-02 13:31:00-04:00,26.309999465942383,26.31999969482422,26.309999465942383,26.315000534057617,14532
2026-09-02 13:32:00-04:00,26.299999237060547,26.31999969482422,26.295000076293945,26.309999465942383,41107
2026-09-02 13:33:00-04:00,26.290000915527344,26.299999237060547,26.290000915527344,26.295000076293945,16505
2026-09-02 13:34:00-04:00,26.28499984741211,26.299999237060547,26.280000686645508,26.299999237060547,14696
2026-09-02 13:35:00-04:00,26.290000915527344,26.29520034790039,26.280000686645508,26.280000686645508,32724
2026-09-02 13:36:00-04:00,26.295000076293945,26.299999237060547,26.270000457763672,26.290000915527344,82743
2026-09-02 13:37:00-04:00,26.290000915527344,26.299999237060547,26.290000915527344,26.299999237060547,15385
2026-09-02 13:38:00-04:00,26.299999237060547,26.299999237060547,26.290000915527344,26.299999237060547,17409
2026-09-02 13:39:00-04:00,26.290000915527344,26.299999237060547,26.290000915527344,26.299999237060547,15786
2026-09-02 13:40:00-04:00,26.30500030517578,26.309999465942383,26.290000915527344,26.299999237060547,47231
2026-09-02 13:41:00-04:00,26.299999237060547,26.30500030517578,26.290000915527344,26.299999237060547,28372
2026-09-02 13:42:00-04:00,26.299999237060547,26.309999465942383,26.295000076293945,26.299999237060547,22105
2026-09-02 13:43:00-04:00,26.295000076293945,26.309999465942383,26.290000915527344,26.299999237060547,70266
2026-09-02 13:44:00-04:00,26.28499984741211,26.299999237060547,26.280000686645508,26.295000076293945,45756
2026-09-02 13:45:00-04:00,26.274999618530273,26.290000915527344,26.270000457763672,26.28499984741211,69278
2026-09-02 13:46:00-04:00,26.274999618530273,26.290000915527344,26.270000457763672,26.274999618530273,34126
2026-09-02 13:47:00-04:00,26.280000686645508,26.280000686645508,26.270000457763672,26.280000686645508,8350
2026-09-02 13:48:00-04:00,26.270000457763672,26.280000686645508,26.270000457763672,26.270000457763672,22260
2026-09-02 13:49:00-04:00,26.270000457763672,26.280000686645508,26.270000457763672,26.274999618530273,17469
2026-09-02 13:50:00-04:00,26.280000686645508,26.280000686645508,26.270000457763672,26.274999618530273,30900
2026-09-02 13:51:00-04:00,26.264999389648438,26.280000686645508,26.260000228881836,26.274999618530273,49818
2026-09-02 13:52:00-04:00,26.25,26.270000457763672,26.25,26.260000228881836,48735
2026-09-02 13:53:00-04:00,26.25,26.260000228881836,26.239999771118164,26.25,69000
2026-09-02 13:54:00-04:00,26.209999084472656,26.25,26.200000762939453,26.25,99834
2026-09-02 13:55:00-04:00,26.200000762939453,26.209999084472656,26.200000762939453,26.209999084472656,15615
2026-09-02 13:56:00-04:00,26.229999542236328,26.239900588989258,26.200000762939453,26.209999084472656,119751
2026-09-02 13:57:00-04:00,26.21500015258789,26.239999771118164,26.214599609375,26.229999542236328,66916
2026-09-02 13:58:00-04:00,26.209999084472656,26.219999313354492,26.209999084472656,26.209999084472656,20387
2026-09-02 13:59:00-04:00,26.219999313354492,26.219999313354492,26.200000762939453,26.219999313354492,24653
2026-09-02 14:00:00-04:00,26.209999084472656,26.219999313354492,26.209999084472656,26.21500015258789,28328
2026-09-02 14:01:00-04:00,26.204999923706055,26.21500015258789,26.200000762939453,26.21500015258789,54372
2026-09-02 14:02:00-04:00,26.19499969482422,26.225000381469727,26.190000534057617,26.204999923706055,142702
2026-09-02 14:03:00-04:00,26.204999923706055,26.209999084472656,26.190000534057617,26.200000762939453,20841
2026-09-02 14:04:00-04:00,26.209999084472656,26.209999084472656,26.200000762939453,26.209999084472656,15907
2026-09-02 14:05:00-04:00,26.200000762939453,26.209999084472656,26.200000762939453,26.209999084472656,12900
2026-09-02 14:06:00-04:00,26.209999084472656,26.219999313354492,26.200000762939453,26.200000762939453,65036
2026-09-02 14:07:00-04:00,26.229999542236328,26.229999542236328,26.209999084472656,26.219999313354492,35670
2026-09-02 14:08:00-04:00,26.229999542236328,26.239999771118164,26.219999313354492,26.229999542236328,31099
2026-09-02 14:09:00-04:00,26.229999542236328,26.239999771118164,26.22010040283203,26.235000610351562,43089
2026-09-02 14:10:00-04:00,26.229999542236328,26.239999771118164,26.219999313354492,26.225000381469727,113501
2026-09-02 14:11:00-04:00,26.229999542236328,26.239999771118164,26.229999542236328,26.235000610351562,14640
2026-09-02 14:12:00-04:00,26.25,26.25,26.229999542236328,26.239999771118164,44545
2026-09-02 14:13:00-04:00,26.235000610351562,26.260000228881836,26.229999542236328,26.2450008392334,39280
2026-09-02 14:14:00-04:00,26.235000610351562,26.239999771118164,26.229999542236328,26.230100631713867,8988
2026-09-02 14:15:00-04:00,26.235000610351562,26.239999771118164,26.229999542236328,26.235000610351562,21893
2026-09-02 14:16:00-04:00,26.235000610351562,26.239999771118164,26.219999313354492,26.229999542236328,41902
2026-09-02 14:17:00-04:00,26.230499267578125,26.239999771118164,26.229999542236328,26.229999542236328,34702
2026-09-02 14:18:00-04:00,26.229999542236328,26.239999771118164,26.229999542236328,26.235000610351562,30839
2026-09-02 14:19:00-04:00,26.219999313354492,26.239999771118164,26.21380043029785,26.229999542236328,61797
2026-09-02 14:20:00-04:00,26.239999771118164,26.239999771118164,26.219999313354492,26.219999313354492,71860
2026-09-02 14:21:00-04:00,26.229999542236328,26.239999771118164,26.229999542236328,26.235000610351562,34248
2026-09-02 14:22:00-04:00,26.190000534057617,26.239999771118164,26.190000534057617,26.229999542236328,83509
2026-09-02 14:23:00-04:00,26.184999465942383,26.193300247192383,26.18000030517578,26.190000534057617,48597
2026-09-02 14:24:00-04:00,26.174999237060547,26.189899444580078,26.170000076293945,26.184999465942383,59319
2026-09-02 14:25:00-04:00,26.175199508666992,26.18000030517578,26.170000076293945,26.172199249267578,25065
2026-09-02 14:26:00-04:00,26.170000076293945,26.18000030517578,26.170000076293945,26.174999237060547,20262
2026-09-02 14:27:00-04:00,26.174999237060547,26.18000030517578,26.170000076293945,26.18000030517578,24804
2026-09-02 14:28:00-04:00,26.174999237060547,26.18000030517578,26.170000076293945,26.174999237060547,74465
2026-09-02 14:29:00-04:00,26.18600082397461,26.219999313354492,26.174999237060547,26.174999237060547,178393
2026-09-02 14:30:00-04:00,26.193700790405273,26.209999084472656,26.184999465942383,26.184999465942383,54585
2026-09-02 14:31:00-04:00,26.204999923706055,26.209999084472656,26.190000534057617,26.19499969482422,64027
2026-09-02 14:32:00-04:00,26.21500015258789,26.219999313354492,26.19379997253418,26.20009994506836,127857
2026-09-02 14:33:00-04:00,26.204999923706055,26.219999313354492,26.190000534057617,26.219999313354492,28078
2026-09-02 14:34:00-04:00,26.202800750732422,26.209999084472656,26.200000762939453,26.209999084472656,26352
2026-09-02 14:35:00-04:00,26.209999084472656,26.209999084472656,26.200000762939453,26.204999923706055,48409
2026-09-02 14:36:00-04:00,26.209999084472656,26.209999084472656,26.200000762939453,26.204999923706055,17133
2026-09-02 14:37:00-04:00,26.204999923706055,26.209999084472656,26.200000762939453,26.204999923706055,21521
2026-09-02 14:38:00-04:00,26.184999465942383,26.204999923706055,26.18000030517578,26.200000762939453,70105
2026-09-02 14:39:00-04:00,26.190000534057617,26.19499969482422,26.18000030517578,26.190000534057617,38338
2026-09-02 14:40:00-04:00,26.184999465942383,26.200000762939453,26.18000030517578,26.190000534057617,39697
2026-09-02 14:41:00-04:00,26.18000030517578,26.190000534057617,26.18000030517578,26.190000534057617,35510
2026-09-02 14:42:00-04:00,26.170000076293945,26.190000534057617,26.170000076293945,26.190000534057617,27125
2026-09-02 14:43:00-04:00,26.17530059814453,26.18000030517578,26.170000076293945,26.174999237060547,38572
2026-09-02 14:44:00-04:00,26.18000030517578,26.19499969482422,26.170000076293945,26.174999237060547,118621
2026-09-02 14:45:00-04:00,26.170000076293945,26.190000534057617,26.170000076293945,26.184999465942383,30540
2026-09-02 14:46:00-04:00,26.149999618530273,26.18000030517578,26.149999618530273,26.174999237060547,38941
2026-09-02 14:47:00-04:00,26.159500122070312,26.15999984741211,26.149999618530273,26.15999984741211,42101
2026-09-02 14:48:00-04:00,26.165000915527344,26.170000076293945,26.149999618530273,26.159900665283203,51800
2026-09-02 14:49:00-04:00,26.170000076293945,26.170000076293945,26.15999984741211,26.15999984741211,32341
2026-09-02 14:50:00-04:00,26.170000076293945,26.170000076293945,26.15999984741211,26.16010093688965,33919
2026-09-02 14:51:00-04:00,26.149999618530273,26.170000076293945,26.149999618530273,26.15999984741211,46719
2026-09-02 14:52:00-04:00,26.125,26.15999984741211,26.110000610351562,26.159900665283203,165564
2026-09-02 14:53:00-04:00,26.125,26.1299991607666,26.1200008392334,26.120800018310547,47851
2026-09-02 14:54:00-04:00,26.133499145507812,26.139999389648438,26.1200008392334,26.1299991607666,54389
2026-09-02 14:55:00-04:00,26.13520050048828,26.139999389648438,26.1299991607666,26.135000228881836,34446
2026-09-02 14:56:00-04:00,26.110000610351562,26.139999389648438,26.110000610351562,26.1299991607666,85775
2026-09-02 14:57:00-04:00,26.084999084472656,26.1200008392334,26.084999084472656,26.1200008392334,0
2026-09-02 14:58:00-04:00,26.050100326538086,26.084999084472656,26.049999237060547,26.079999923706055,85714
2026-09-02 14:59:00-04:00,26.040000915527344,26.059999465942383,26.040000915527344,26.059900283813477,44851
2026-09-02 15:00:00-04:00,26.045000076293945,26.06999969482422,26.040000915527344,26.040000915527344,84226
2026-09-02 15:01:00-04:00,26.045000076293945,26.055299758911133,26.040000915527344,26.045000076293945,32736
2026-09-02 15:02:00-04:00,26.036300659179688,26.045000076293945,26.030000686645508,26.040000915527344,41472
2026-09-02 15:03:00-04:00,26.040000915527344,26.049999237060547,26.020000457763672,26.040000915527344,92094
2026-09-02 15:04:00-04:00,26.040000915527344,26.049999237060547,26.040000915527344,26.049999237060547,22274
2026-09-02 15:05:00-04:00,26.065000534057617,26.079999923706055,26.040000915527344,26.040000915527344,128377
2026-09-02 15:06:00-04:00,26.059999465942383,26.059999465942383,26.049999237060547,26.059999465942383,42298
2026-09-02 15:07:00-04:00,26.049999237060547,26.06999969482422,26.045000076293945,26.05500030517578,131665
2026-09-02 15:08:00-04:00,26.059999465942383,26.06999969482422,26.049999237060547,26.05500030517578,87077
2026-09-02 15:09:00-04:00,26.075000762939453,26.079999923706055,26.05500030517578,26.065000534057617,87644
2026-09-02 15:10:00-04:00,26.075000762939453,26.079999923706055,26.06999969482422,26.07509994506836,19741
2026-09-02 15:11:00-04:00,26.065000534057617,26.06999969482422,26.059999465942383,26.06999969482422,24837
2026-09-02 15:12:00-04:00,26.075000762939453,26.075000762939453,26.075000762939453,26.075000762939453,0
