Price,Close,High,Low,Open,Volume
Ticker,TSLA,TSLA,TSLA,TSLA,TSLA
Datetime,,,,,
2026-08-27 09:30:00-04:00,346.45001220703125,346.7897033691406,345.45001220703125,346.29998779296875,872514
2026-08-27 09:31:00-04:00,347.0150146484375,348.239990234375,346.2699890136719,346.43499755859375,196325
2026-08-27 09:32:00-04:00,347.1199951171875,347.6300048828125,346.7699890136719,346.9100036621094,77440
2026-08-27 09:33:00-04:00,347.5,347.95001220703125,347.0,347.1700134277344,99815
2026-08-27 09:34:00-04:00,347.3699951171875,347.8900146484375,347.0299987792969,347.5,92749
2026-08-27 09:35:00-04:00,346.7799987792969,347.5899963378906,346.54998779296875,347.364990234375,185109
2026-08-27 09:36:00-04:00,348.0,348.07000732421875,346.66900634765625,346.80999755859375,191071
2026-08-27 09:37:00-04:00,346.95001220703125,348.3800048828125,346.75,348.0899963378906,162886
2026-08-27 09:38:00-04:00,347.70001220703125,347.82000732421875,346.0899963378906,347.010009765625,161583
2026-08-27 09:39:00-04:00,348.2799987792969,348.6579895019531,347.4200134277344,347.6549987792969,141267
2026-08-27 09:40:00-04:00,348.760009765625,349.20001220703125,348.1600036621094,348.1700134277344,187377
2026-08-27 09:41:00-04:00,348.9849853515625,349.3799133300781,348.42999267578125,348.8599853515625,174618
2026-08-27 09:42:00-04:00,349.1099853515625,349.489990234375,348.6099853515625,348.989990234375,147345
2026-08-27 09:43:00-04:00,349.17498779296875,349.34991455078125,348.75,349.1000061035156,106957
2026-08-27 09:44:00-04:00,350.7049865722656,350.75,349.13189697265625,349.1499938964844,215524
2026-08-27 09:45:00-04:00,351.8399963378906,352.2900085449219,350.4700012207031,350.70001220703125,265914
2026-08-27 09:46:00-04:00,350.1099853515625,352.42999267578125,350.010009765625,351.7936096191406,244526
2026-08-27 09:47:00-04:00,348.8298034667969,350.7799987792969,348.45001220703125,350.114990234375,241539
2026-08-27 09:48:00-04:00,348.7340087890625,349.2049865722656,348.57000732421875,348.7950134277344,127118
2026-08-27 09:49:00-04:00,347.94000244140625,348.739990234375,347.54998779296875,348.739990234375,180463
2026-08-27 09:50:00-04:00,349.7049865722656,349.8900146484375,348.0505065917969,348.1000061035156,183361
2026-08-27 09:51:00-04:00,350.3804016113281,350.4100036621094,349.5950012207031,349.7149963378906,136384
2026-08-27 09:52:00-04:00,350.3599853515625,351.0,349.8900146484375,350.4200134277344,168712
2026-08-27 09:53:00-04:00,349.864990234375,350.3739929199219,349.6615905761719,350.3739929199219,99309
2026-08-27 09:54:00-04:00,350.5799865722656,350.9100036621094,349.8204040527344,349.8420104980469,110409
2026-08-27 09:55:00-04:00,350.5299987792969,350.6600036621094,349.8800964355469,350.614990234375,91349
2026-08-27 09:56:00-04:00,350.5799865722656,350.9800109863281,350.260009765625,350.5,112196
2026-08-27 09:57:00-04:00,349.89581298828125,350.739990234375,349.57000732421875,350.5400085449219,111301
2026-08-27 09:58:00-04:00,350.2850036621094,350.3399963378906,349.239990234375,349.8605041503906,135992
2026-08-27 09:59:00-04:00,350.2900085449219,350.70001220703125,349.94000244140625,350.2799987792969,88031
2026-08-27 10:00:00-04:00,350.1099853515625,350.6600036621094,350.0799865722656,350.2149963378906,90107
2026-08-27 10:01:00-04:00,350.2300109863281,350.3999938964844,349.5799865722656,350.16009521484375,108587
2026-08-27 10:02:00-04:00,349.44500732421875,350.32000732421875,349.3500061035156,350.2998962402344,80968
2026-08-27 10:03:00-04:00,350.2699890136719,350.2699890136719,349.35009765625,349.4501037597656,87184
2026-08-27 10:04:00-04:00,349.8349914550781,350.2585144042969,349.587890625,350.2200012207031,49353
2026-08-27 10:05:00-04:00,349.8345947265625,350.1600036621094,349.67999267578125,349.8349914550781,49601
2026-08-27 10:06:00-04:00,349.82000732421875,350.1700134277344,349.6000061035156,349.760009765625,74780
2026-08-27 10:07:00-04:00,351.1549987792969,351.3500061035156,349.6600036621094,349.81500244140625,170386
2026-08-27 10:08:00-04:00,350.69000244140625,351.2200012207031,350.20001220703125,351.17999267578125,108704
2026-08-27 10:09:00-04:00,350.44000244140625,350.8999938964844,350.17999267578125,350.5851135253906,60656
2026-08-27 10:10:00-04:00,350.75,350.8800048828125,350.2099914550781,350.47698974609375,75633
2026-08-27 10:11:00-04:00,350.6600036621094,350.7995910644531,350.30999755859375,350.6852111816406,66086
2026-08-27 10:12:00-04:00,350.9599914550781,351.17999267578125,350.5,350.5,93307
2026-08-27 10:13:00-04:00,351.8800048828125,351.8800048828125,350.7701110839844,350.92498779296875,120234
2026-08-27 10:14:00-04:00,351.6300964355469,352.1700134277344,351.29998779296875,351.8800048828125,157052
2026-08-27 10:15:00-04:00,352.3695983886719,352.6199951171875,351.6300048828125,351.6300048828125,148006
2026-08-27 10:16:00-04:00,351.6300048828125,352.489990234375,351.2500915527344,352.32000732421875,112426
2026-08-27 10:17:00-04:00,352.3299865722656,352.3399963378906,351.5799865722656,351.6650085449219,82431
2026-08-27 10:18:00-04:00,351.6499938964844,352.5799865722656,351.5199890136719,352.30999755859375,104606
2026-08-27 10:19:00-04:00,350.8255920410156,351.989990234375,350.760009765625,351.6199951171875,102738
2026-08-27 10:20:00-04:00,350.8750915527344,350.9999084472656,350.4599914550781,350.8999938964844,84521
2026-08-27 10:21:00-04:00,350.9700012207031,351.2674865722656,350.7300109863281,350.8900146484375,70896
2026-08-27 10:22:00-04:00,351.3900146484375,351.3995056152344,350.5700988769531,350.9200134277344,92007
2026-08-27 10:23:00-04:00,351.5199890136719,351.9599914550781,351.2412109375,351.3900146484375,96814
2026-08-27 10:24:00-04:00,352.1737060546875,352.20001220703125,351.41009521484375,351.42999267578125,65364
2026-08-27 10:25:00-04:00,352.8399963378906,352.8500061035156,352.0000915527344,352.1499938964844,112860
2026-08-27 10:26:00-04:00,352.6400146484375,352.9700012207031,352.3999938964844,352.7900085449219,123994
2026-08-27 10:27:00-04:00,352.6499938964844,353.4200134277344,352.60009765625,352.7698974609375,208990
2026-08-27 10:28:00-04:00,352.4306945800781,352.9800109863281,352.3299865722656,352.6449890136719,111893
2026-08-27 10:29:00-04:00,352.4649963378906,352.5150146484375,352.1199951171875,352.3739929199219,90294
2026-08-27 10:30:00-04:00,352.0299987792969,352.5199890136719,351.8800048828125,352.489990234375,110696
2026-08-27 10:31:00-04:00,352.4049987792969,352.8699951171875,351.9100036621094,352.0400085449219,109575
2026-08-27 10:32:00-04:00,352.6099853515625,352.70001220703125,352.1499938964844,352.4049987792969,74423
2026-08-27 10:33:00-04:00,352.5849914550781,352.6597900390625,352.2200012207031,352.6099853515625,56451
2026-08-27 10:34:00-04:00,352.6300048828125,352.8399963378906,352.55010986328125,352.61248779296875,72690
2026-08-27 10:35:00-04:00,353.30999755859375,353.5,352.70001220703125,352.70001220703125,124520
2026-08-27 10:36:00-04:00,353.8399963378906,353.9649963378906,353.2417907714844,353.3599853515625,142561
2026-08-27 10:37:00-04:00,354.4649963378906,354.92999267578125,353.79998779296875,353.8900146484375,190104
2026-08-27 10:38:00-04:00,353.68060302734375,354.57000732421875,353.55999755859375,354.47198486328125,105568
2026-08-27 10:39:00-04:00,353.34930419921875,354.077392578125,353.3299865722656,353.72918701171875,87051
2026-08-27 10:40:00-04:00,352.9200134277344,353.5990905761719,352.760009765625,353.3299865722656,104884
2026-08-27 10:41:00-04:00,352.45001220703125,352.8599853515625,352.3399963378906,352.8599853515625,82295
2026-08-27 10:42:00-04:00,352.489990234375,352.69000244140625,352.1600036621094,352.4551086425781,69875
2026-08-27 10:43:00-04:00,352.18499755859375,352.6499938964844,352.0400085449219,352.5199890136719,55371
2026-08-27 10:44:00-04:00,352.1000061035156,352.32000732421875,351.8500061035156,352.2300109863281,56690
2026-08-27 10:45:00-04:00,351.7300109863281,352.1499938964844,351.534912109375,352.0899963378906,81453
2026-08-27 10:46:00-04:00,351.4200134277344,351.79998779296875,351.3041076660156,351.7099914550781,77386
2026-08-27 10:47:00-04:00,350.57000732421875,351.4700012207031,350.5,351.4200134277344,108706
2026-08-27 10:48:00-04:00,351.44000244140625,351.5899963378906,350.57000732421875,350.57501220703125,125613
2026-08-27 10:49:00-04:00,351.55841064453125,351.9200134277344,351.3100891113281,351.489990234375,93266
2026-08-27 10:50:00-04:00,351.7950134277344,351.909912109375,351.55999755859375,351.55999755859375,62778
2026-08-27 10:51:00-04:00,352.385009765625,352.4695129394531,351.7099914550781,351.8330078125,89893
2026-08-27 10:52:00-04:00,352.22601318359375,352.62799072265625,352.0116882324219,352.385009765625,110361
2026-08-27 10:53:00-04:00,351.989990234375,352.2799987792969,351.7699890136719,352.2139892578125,77481
2026-08-27 10:54:00-04:00,351.875,352.0799865722656,351.510009765625,351.95001220703125,71523
2026-08-27 10:55:00-04:00,351.57000732421875,351.864990234375,351.4442138671875,351.8399963378906,60432
2026-08-27 10:56:00-04:00,351.8804016113281,352.0899963378906,351.625,351.625,69240
2026-08-27 10:57:00-04:00,351.9049987792969,352.4599914550781,351.8599853515625,351.9176940917969,67368
2026-08-27 10:58:00-04:00,352.7121887207031,352.8099060058594,351.8900146484375,351.8951110839844,95510
2026-08-27 10:59:00-04:00,353.69500732421875,353.80999755859375,352.6099853515625,352.67999267578125,144910
2026-08-27 11:00:00-04:00,352.9700012207031,353.8299865722656,352.92999267578125,353.75,97337
2026-08-27 11:01:00-04:00,353.215087890625,353.2799072265625,352.6499938964844,352.95001220703125,87396
2026-08-27 11:02:00-04:00,353.0400085449219,353.6000061035156,353.0199890136719,353.25,58945
2026-08-27 11:03:00-04:00,353.0,353.67999267578125,352.9601135253906,353.0299987792969,52398
2026-08-27 11:04:00-04:00,352.57000732421875,353.09600830078125,352.5,353.0387878417969,84848
2026-08-27 11:05:00-04:00,353.0,353.1099853515625,352.35009765625,352.58599853515625,77003
2026-08-27 11:06:00-04:00,352.82000732421875,353.0899963378906,352.7300109863281,352.952392578125,45024
2026-08-27 11:07:00-04:00,352.2550048828125,352.989990234375,352.0203857421875,352.739990234375,87973
2026-08-27 11:08:00-04:00,352.5498962402344,352.7998962402344,352.25030517578125,352.260009765625,57631
2026-08-27 11:09:00-04:00,352.8999938964844,352.9700012207031,352.3399963378906,352.5150146484375,49573
2026-08-27 11:10:00-04:00,352.75,352.9800109863281,352.6099853515625,352.95001220703125,40564
2026-08-27 11:11:00-04:00,353.1600036621094,353.19000244140625,352.5799865722656,352.7099914550781,75266
2026-08-27 11:12:00-04:00,352.79998779296875,353.3900146484375,352.67999267578125,353.1300048828125,62736
2026-08-27 11:13:00-04:00,352.989990234375,353.0,352.75,352.7950134277344,39240
2026-08-27 11:14:00-04:00,353.1050109863281,353.159912109375,352.8478088378906,352.9800109863281,32312
2026-08-27 11:15:00-04:00,353.0716857910156,353.2300109863281,352.9908142089844,353.090087890625,42725
2026-08-27 11:16:00-04:00,353.0400085449219,353.20001220703125,352.79998779296875,353.0917053222656,72486
2026-08-27 11:17:00-04:00,353.20001220703125,353.3800048828125,352.8599853515625,353.0744934082031,60666
2026-08-27 11:18:00-04:00,353.114990234375,353.3599853515625,353.0199890136719,353.25,38713
2026-08-27 11:19:00-04:00,353.2200012207031,353.3900146484375,353.0299987792969,353.0799865722656,57105
2026-08-27 11:20:00-04:00,353.1050109863281,353.2799987792969,353.052001953125,353.19000244140625,31493
2026-08-27 11:21:00-04:00,352.9700012207031,353.239990234375,352.8728942871094,353.1099853515625,55628
2026-08-27 11:22:00-04:00,353.0899963378906,353.1199951171875,352.8414001464844,352.92498779296875,36354
2026-08-27 11:23:00-04:00,353.07000732421875,353.29998779296875,353.0,353.1050109863281,43944
2026-08-27 11:24:00-04:00,352.5801086425781,353.0976867675781,352.5801086425781,353.07000732421875,63270
2026-08-27 11:25:00-04:00,352.35089111328125,352.6099853515625,352.010009765625,352.6099853515625,80596
2026-08-27 11:26:00-04:00,352.6000061035156,352.75,352.2900085449219,352.3699951171875,39555
2026-08-27 11:27:00-04:00,352.375,352.6499938964844,352.309814453125,352.6499938964844,39867
2026-08-27 11:28:00-04:00,352.45001220703125,352.6099853515625,352.3299865722656,352.375,29743
2026-08-27 11:29:00-04:00,352.44000244140625,352.5400085449219,352.2200012207031,352.4314880371094,26147
2026-08-27 11:30:00-04:00,352.2264099121094,352.5,352.1099853515625,352.4800109863281,32770
2026-08-27 11:31:00-04:00,352.3500061035156,352.3900146484375,352.1199951171875,352.2992858886719,32315
2026-08-27 11:32:00-04:00,352.82000732421875,352.92999267578125,352.260009765625,352.260009765625,47965
2026-08-27 11:33:00-04:00,353.0799865722656,353.0799865722656,352.7699890136719,352.94000244140625,50467
2026-08-27 11:34:00-04:00,352.4649963378906,353.1300048828125,352.349609375,353.0400085449219,43164
2026-08-27 11:35:00-04:00,352.1600036621094,352.5799865722656,352.1000061035156,352.4700012207031,30457
2026-08-27 11:36:00-04:00,351.739990234375,352.1000061035156,351.510009765625,352.1000061035156,112617
2026-08-27 11:37:00-04:00,351.8599853515625,352.1499938964844,351.70001220703125,351.7799987792969,52402
2026-08-27 11:38:00-04:00,352.0950012207031,352.4200134277344,351.80999755859375,351.8599853515625,41967
2026-08-27 11:39:00-04:00,351.7900085449219,352.2300109863281,351.7099914550781,352.0899963378906,45568
2026-08-27 11:40:00-04:00,351.9150085449219,351.9200134277344,351.510009765625,351.7850036621094,28038
2026-08-27 11:41:00-04:00,351.95001220703125,352.0,351.7200927734375,351.9700012207031,36201
2026-08-27 11:42:00-04:00,351.92999267578125,352.0,351.70001220703125,351.9700012207031,25741
2026-08-27 11:43:00-04:00,351.4599914550781,351.8949890136719,351.2701110839844,351.8949890136719,56083
2026-08-27 11:44:00-04:00,351.2349853515625,351.4801025390625,351.1300048828125,351.44500732421875,47673
2026-08-27 11:45:00-04:00,351.30999755859375,351.4100036621094,351.0799865722656,351.2349853515625,57865
2026-08-27 11:46:00-04:00,350.7854919433594,351.4200134277344,350.7569885253906,351.375,86404
2026-08-27 11:47:00-04:00,350.80999755859375,351.0599060058594,350.6499938964844,350.81500244140625,58912
2026-08-27 11:48:00-04:00,350.8399963378906,350.8799133300781,350.70001220703125,350.80999755859375,44691
2026-08-27 11:49:00-04:00,351.07000732421875,351.07000732421875,350.7900085449219,350.8100891113281,36771
2026-08-27 11:50:00-04:00,351.5150146484375,351.75,351.05999755859375,351.05999755859375,80618
2026-08-27 11:51:00-04:00,351.6600036621094,351.79998779296875,351.3500061035156,351.4700012207031,62870
2026-08-27 11:52:00-04:00,351.80499267578125,351.8500061035156,351.3500061035156,351.6000061035156,46671
2026-08-27 11:53:00-04:00,351.7850036621094,351.9200134277344,351.7200927734375,351.82000732421875,38829
2026-08-27 11:54:00-04:00,352.28070068359375,352.44000244140625,351.772705078125,351.7799987792969,68946
2026-08-27 11:55:00-04:00,351.8550109863281,352.3800048828125,351.81610107421875,352.31500244140625,44180
2026-08-27 11:56:00-04:00,351.6700134277344,351.94989013671875,351.6000061035156,351.87921142578125,36845
2026-08-27 11:57:00-04:00,352.20001220703125,352.2699890136719,351.6000061035156,351.6000061035156,57681
2026-08-27 11:58:00-04:00,352.1600036621094,352.3500061035156,352.1199951171875,352.2135009765625,29400
2026-08-27 11:59:00-04:00,352.4800109863281,352.6600036621094,352.1600036621094,352.1736145019531,61113
2026-08-27 12:00:00-04:00,352.57989501953125,352.79998779296875,352.44000244140625,352.4750061035156,45428
2026-08-27 12:01:00-04:00,352.6617126464844,352.67999267578125,352.2799987792969,352.55780029296875,50904
2026-08-27 12:02:00-04:00,352.45001220703125,352.80999755859375,352.4100036621094,352.70001220703125,28807
2026-08-27 12:03:00-04:00,352.2101135253906,352.5098876953125,352.16009521484375,352.4599914550781,34317
2026-08-27 12:04:00-04:00,352.2049865722656,352.3800048828125,352.1300048828125,352.2099914550781,26347
2026-08-27 12:05:00-04:00,352.5,352.6000061035156,352.1000061035156,352.19329833984375,50869
2026-08-27 12:06:00-04:00,352.72088623046875,352.7300109863281,352.4501037597656,352.510009765625,32566
2026-08-27 12:07:00-04:00,352.54998779296875,352.8800048828125,352.510009765625,352.6400146484375,43406
2026-08-27 12:08:00-04:00,352.5849914550781,352.6600036621094,352.3800048828125,352.5849914550781,46579
2026-08-27 12:09:00-04:00,352.4750061035156,352.6199035644531,352.3800048828125,352.54998779296875,27364
2026-08-27 12:10:00-04:00,352.6650085449219,352.70001220703125,352.3399963378906,352.510009765625,42591
2026-08-27 12:11:00-04:00,352.42999267578125,352.69000244140625,352.3999938964844,352.67999267578125,22157
2026-08-27 12:12:00-04:00,352.3500061035156,352.5799865722656,352.1400146484375,352.43011474609375,48910
2026-08-27 12:13:00-04:00,352.45831298828125,352.57989501953125,352.260009765625,352.260009765625,23054
2026-08-27 12:14:00-04:00,352.2650146484375,352.55999755859375,352.2601013183594,352.455810546875,24433
2026-08-27 12:15:00-04:00,352.2699890136719,352.30999755859375,352.18499755859375,352.23199462890625,32817
2026-08-27 12:16:00-04:00,352.3223876953125,352.3900146484375,352.2200012207031,352.30999755859375,17155
2026-08-27 12:17:00-04:00,352.2799987792969,352.3900146484375,352.1875,352.3299865722656,29282
2026-08-27 12:18:00-04:00,352.5,352.56048583984375,352.2300109863281,352.2650146484375,20564
2026-08-27 12:19:00-04:00,352.3949890136719,352.5199890136719,352.3299865722656,352.510009765625,17179
2026-08-27 12:20:00-04:00,352.4800109863281,352.6600036621094,352.4100036621094,352.4100036621094,27536
2026-08-27 12:21:00-04:00,352.2850036621094,352.5028991699219,352.1300048828125,352.4800109863281,27622
2026-08-27 12:22:00-04:00,352.2950134277344,352.389892578125,352.0799865722656,352.2401123046875,26220
2026-08-27 12:23:00-04:00,352.44000244140625,352.70001220703125,352.2401123046875,352.2950134277344,67997
2026-08-27 12:24:00-04:00,352.5150146484375,352.6000061035156,352.2300109863281,352.44000244140625,30548
2026-08-27 12:25:00-04:00,352.5249938964844,352.70001220703125,352.4801025390625,352.5150146484375,25676
2026-08-27 12:26:00-04:00,352.6549987792969,352.68389892578125,352.489990234375,352.489990234375,28416
2026-08-27 12:27:00-04:00,352.6499938964844,352.7204895019531,352.45001220703125,352.67999267578125,49411
2026-08-27 12:28:00-04:00,352.67999267578125,352.7799987792969,352.5000915527344,352.6440124511719,38138
2026-08-27 12:29:00-04:00,352.9100036621094,352.9700012207031,352.6328125,352.67999267578125,34712
2026-08-27 12:30:00-04:00,352.7200927734375,352.9599914550781,352.7200012207031,352.912109375,32361
2026-08-27 12:31:00-04:00,353.0199890136719,353.1000061035156,352.6744079589844,352.7481994628906,55190
2026-08-27 12:32:00-04:00,353.1199951171875,353.139892578125,352.90008544921875,353.0150146484375,35577
2026-08-27 12:33:00-04:00,353.20989990234375,353.23028564453125,352.92999267578125,353.1000061035156,52064
2026-08-27 12:34:00-04:00,352.9501037597656,353.2200012207031,352.9400939941406,353.1600036621094,63294
2026-08-27 12:35:00-04:00,352.8799133300781,353.0400085449219,352.79998779296875,352.989990234375,32212
2026-08-27 12:36:00-04:00,352.94500732421875,353.1600036621094,352.6600036621094,352.8550109863281,41084
2026-08-27 12:37:00-04:00,353.0950012207031,353.1700134277344,352.8500061035156,352.94000244140625,40475
2026-08-27 12:38:00-04:00,352.93499755859375,353.0950012207031,352.8299865722656,353.0950012207031,21882
2026-08-27 12:39:00-04:00,352.9888000488281,353.2799987792969,352.8999938964844,352.95001220703125,45626
2026-08-27 12:40:00-04:00,353.0799865722656,353.25,352.9849853515625,352.9849853515625,37283
2026-08-27 12:41:00-04:00,353.1000061035156,353.1499938964844,352.8500061035156,353.07501220703125,37120
2026-08-27 12:42:00-04:00,353.3699951171875,353.3900146484375,353.07000732421875,353.07000732421875,42371
2026-08-27 12:43:00-04:00,353.10009765625,353.4049987792969,353.0101013183594,353.3699951171875,34600
2026-08-27 12:44:00-04:00,353.3949890136719,353.44000244140625,353.19000244140625,353.19000244140625,33055
2026-08-27 12:45:00-04:00,353.2799987792969,353.42999267578125,353.1000061035156,353.3999938964844,38443
2026-08-27 12:46:00-04:00,353.0799865722656,353.3494873046875,353.0299987792969,353.29998779296875,23415
2026-08-27 12:47:00-04:00,352.6300048828125,353.010009765625,352.5461120605469,353.010009765625,42470
2026-08-27 12:48:00-04:00,353.0199890136719,353.06500244140625,352.5899963378906,352.5899963378906,41291
2026-08-27 12:49:00-04:00,352.989990234375,353.0957946777344,352.80029296875,353.05499267578125,42881
2026-08-27 12:50:00-04:00,353.0299987792969,353.20001220703125,352.9700012207031,353.0249938964844,112117
2026-08-27 12:51:00-04:00,353.2196960449219,353.239990234375,352.9750061035156,353.07000732421875,30444
2026-08-27 12:52:00-04:00,353.150390625,353.22869873046875,353.1099853515625,353.19000244140625,19784
2026-08-27 12:53:00-04:00,354.1650085449219,354.1700134277344,353.1400146484375,353.18499755859375,133335
2026-08-27 12:54:00-04:00,354.6549987792969,354.66259765625,354.1885986328125,354.19000244140625,160135
2026-08-27 12:55:00-04:00,354.44000244140625,354.7300109863281,354.3200988769531,354.6549987792969,93332
2026-08-27 12:56:00-04:00,353.81500244140625,354.4849853515625,353.6283874511719,354.4750061035156,88949
2026-08-27 12:57:00-04:00,353.7900085449219,353.8699951171875,353.6099853515625,353.8351135253906,48747
2026-08-27 12:58:00-04:00,353.07000732421875,353.989990234375,352.98370361328125,353.81500244140625,99562
2026-08-27 12:59:00-04:00,353.8900146484375,353.93829345703125,352.94000244140625,353.0450134277344,80976
2026-08-27 13:00:00-04:00,354.1300048828125,354.1400146484375,353.7799987792969,353.8900146484375,70986
2026-08-27 13:01:00-04:00,354.3999938964844,354.5299072265625,354.0299987792969,354.1400146484375,71427
2026-08-27 13:02:00-04:00,354.60009765625,354.70001220703125,354.2200012207031,354.42999267578125,64220
2026-08-27 13:03:00-04:00,355.2200012207031,355.25,354.4620056152344,354.6300048828125,227058
2026-08-27 13:04:00-04:00,354.4800109863281,355.25,354.3900146484375,355.2099914550781,101310
2026-08-27 13:05:00-04:00,354.45001220703125,354.55999755859375,354.25,354.55999755859375,72318
2026-08-27 13:06:00-04:00,354.5978088378906,354.6199951171875,354.2799987792969,354.45001220703125,40788
2026-08-27 13:07:00-04:00,354.3900146484375,354.6282043457031,354.2699890136719,354.57501220703125,36016
2026-08-27 13:08:00-04:00,354.17999267578125,354.54998779296875,354.1199951171875,354.29998779296875,50954
2026-08-27 13:09:00-04:00,354.42999267578125,354.4599914550781,354.1099853515625,354.20001220703125,34629
2026-08-27 13:10:00-04:00,354.6000061035156,354.7499084472656,354.3399963378906,354.3800048828125,37894
2026-08-27 13:11:00-04:00,354.5350036621094,354.6499938964844,354.40130615234375,354.5899963378906,30378
2026-08-27 13:12:00-04:00,354.5450134277344,354.5899963378906,354.29998779296875,354.5,29663
2026-08-27 13:13:00-04:00,355.0790100097656,355.2699890136719,354.5199890136719,354.5199890136719,93257
2026-08-27 13:14:00-04:00,355.125,355.3800048828125,355.07000732421875,355.0968017578125,57903
2026-08-27 13:15:00-04:00,355.42999267578125,355.510009765625,355.1000061035156,355.125,77116
2026-08-27 13:16:00-04:00,355.0199890136719,355.6000061035156,354.9800109863281,355.44500732421875,68463
2026-08-27 13:17:00-04:00,354.8550109863281,355.0899963378906,354.80999755859375,355.0249938964844,64531
2026-08-27 13:18:00-04:00,355.32000732421875,355.3999938964844,354.82000732421875,354.8800048828125,59989
2026-08-27 13:19:00-04:00,355.0299987792969,355.3699951171875,354.8999938964844,355.2699890136719,99549
2026-08-27 13:20:00-04:00,354.80999755859375,355.05999755859375,354.79998779296875,355.00970458984375,29523
2026-08-27 13:21:00-04:00,354.6600036621094,354.8800048828125,354.5801086425781,354.8399963378906,41960
2026-08-27 13:22:00-04:00,354.5000915527344,354.7699890136719,354.5000915527344,354.6600036621094,30237
2026-08-27 13:23:00-04:00,354.4700012207031,354.6700134277344,354.45001220703125,354.55999755859375,42108
2026-08-27 13:24:00-04:00,354.0,354.510009765625,353.75,354.4800109863281,80343
2026-08-27 13:25:00-04:00,353.8999938964844,354.0299987792969,353.7099914550781,354.0,46334
2026-08-27 13:26:00-04:00,353.9100036621094,354.1700134277344,353.8299865722656,353.8999938964844,38469
2026-08-27 13:27:00-04:00,354.04998779296875,354.272705078125,353.8999938964844,353.9200134277344,37736
2026-08-27 13:28:00-04:00,353.94000244140625,354.1000061035156,353.80999755859375,354.08740234375,26514
2026-08-27 13:29:00-04:00,354.1650085449219,354.20001220703125,353.82000732421875,353.9100036621094,45290
2026-08-27 13:30:00-04:00,354.3299865722656,354.3999938964844,354.1300048828125,354.1650085449219,41984
2026-08-27 13:31:00-04:00,354.32000732421875,354.3299865722656,354.0201110839844,354.3299865722656,36029
2026-08-27 13:32:00-04:00,354.33990478515625,354.489990234375,354.2200012207031,354.29010009765625,28883
2026-08-27 13:33:00-04:00,354.4150085449219,354.614990234375,354.260009765625,354.2919921875,39759
2026-08-27 13:34:00-04:00,354.1000061035156,354.45001220703125,354.05999755859375,354.380615234375,30974
2026-08-27 13:35:00-04:00,354.25,354.32000732421875,354.1449890136719,354.1650085449219,17640
2026-08-27 13:36:00-04:00,354.1449890136719,354.3799133300781,354.07000732421875,354.2799987792969,16964
2026-08-27 13:37:00-04:00,354.1099853515625,354.25,354.0299987792969,354.19000244140625,22550
2026-08-27 13:38:00-04:00,354.4049987792969,354.44000244140625,354.114990234375,354.114990234375,24169
2026-08-27 13:39:00-04:00,354.2449951171875,354.489990234375,354.20001220703125,354.42999267578125,23361
2026-08-27 13:40:00-04:00,354.385009765625,354.54998779296875,354.2099914550781,354.25,39672
2026-08-27 13:41:00-04:00,354.239990234375,354.4200134277344,354.19000244140625,354.385009765625,23024
2026-08-27 13:42:00-04:00,354.4700012207031,354.510009765625,354.20001220703125,354.239990234375,22179
2026-08-27 13:43:00-04:00,354.6000061035156,354.6400146484375,354.2699890136719,354.4700012207031,38554
2026-08-27 13:44:00-04:00,354.4100036621094,354.7330017089844,354.19000244140625,354.6000061035156,39393
2026-08-27 13:45:00-04:00,354.1600036621094,354.6400146484375,354.1600036621094,354.42059326171875,42587
2026-08-27 13:46:00-04:00,354.260009765625,354.3800048828125,354.1000061035156,354.1600036621094,26463
2026-08-27 13:47:00-04:00,354.2250061035156,354.489990234375,354.2250061035156,354.2250061035156,38754
2026-08-27 13:48:00-04:00,354.1400146484375,354.3399963378906,354.1199951171875,354.260009765625,29131
2026-08-27 13:49:00-04:00,354.1549987792969,354.25,354.1099853515625,354.1600036621094,20385
2026-08-27 13:50:00-04:00,353.8999938964844,354.1549987792969,353.8699951171875,354.1549987792969,46943
2026-08-27 13:51:00-04:00,353.68011474609375,353.9999084472656,353.6700134277344,353.92999267578125,43543
2026-08-27 13:52:00-04:00,353.75,353.8500061035156,353.70001220703125,353.7298889160156,23101
2026-08-27 13:53:00-04:00,353.9649963378906,354.1400146484375,353.6199951171875,353.739990234375,40585
2026-08-27 13:54:00-04:00,354.25,354.5199890136719,353.95001220703125,354.0,61216
2026-08-27 13:55:00-04:00,354.24688720703125,354.33990478515625,354.1600036621094,354.260009765625,23183
2026-08-27 13:56:00-04:00,354.1650085449219,354.2900085449219,354.0,354.239990234375,35016
2026-08-27 13:57:00-04:00,354.0857849121094,354.3299865722656,354.0711975097656,354.17999267578125,27200
2026-08-27 13:58:00-04:00,354.2349853515625,354.29998779296875,354.135009765625,354.135009765625,19027
2026-08-27 13:59:00-04:00,354.2349853515625,354.30999755859375,354.12860107421875,354.2200012207031,22505
2026-08-27 14:00:00-04:00,354.1499938964844,354.260009765625,354.0,354.2349853515625,17362
2026-08-27 14:01:00-04:00,353.7300109863281,354.2049865722656,353.6099853515625,354.17498779296875,33295
2026-08-27 14:02:00-04:00,353.739990234375,353.7900085449219,353.55999755859375,353.67498779296875,33541
2026-08-27 14:03:00-04:00,353.69989013671875,353.94000244140625,353.6499938964844,353.74029541015625,26514
2026-08-27 14:04:00-04:00,353.7799987792969,353.8800048828125,353.5299987792969,353.67498779296875,38174
2026-08-27 14:05:00-04:00,354.1499938964844,354.19989013671875,353.7300109863281,353.7650146484375,35582
2026-08-27 14:06:00-04:00,354.06890869140625,354.1499938964844,353.8800048828125,354.1499938964844,32696
2026-08-27 14:07:00-04:00,353.95001220703125,354.25,353.80029296875,354.0849914550781,30490
2026-08-27 14:08:00-04:00,354.0199890136719,354.0799865722656,353.70001220703125,353.94500732421875,51793
2026-08-27 14:09:00-04:00,353.8299865722656,354.0199890136719,353.78009033203125,353.9599914550781,17312
2026-08-27 14:10:00-04:00,353.3212890625,353.9200134277344,353.30999755859375,353.8599853515625,49269
2026-08-27 14:11:00-04:00,353.6600036621094,353.7699890136719,353.25,353.3599853515625,31936
2026-08-27 14:12:00-04:00,353.5849914550781,353.7200012207031,353.45001220703125,353.6300048828125,32598
2026-08-27 14:13:00-04:00,353.4599914550781,353.84991455078125,353.4588928222656,353.55999755859375,50408
2026-08-27 14:14:00-04:00,353.67999267578125,353.7200012207031,353.2900085449219,353.3999938964844,17547
2026-08-27 14:15:00-04:00,353.6300048828125,353.92999267578125,353.62939453125,353.62939453125,28831
2026-08-27 14:16:00-04:00,353.6400146484375,353.7099914550781,353.40008544921875,353.6700134277344,22278
2026-08-27 14:17:00-04:00,353.69000244140625,353.739990234375,353.5000915527344,353.7200012207031,17403
2026-08-27 14:18:00-04:00,353.92498779296875,353.9800109863281,353.6401062011719,353.67999267578125,19787
2026-08-27 14:19:00-04:00,353.9200134277344,354.17999267578125,353.83441162109375,353.92999267578125,34782
2026-08-27 14:20:00-04:00,353.8399963378906,354.1600036621094,353.79998779296875,353.9599914550781,25937
2026-08-27 14:21:00-04:00,353.7099914550781,353.8800048828125,353.6000061035156,353.8399963378906,28031
2026-08-27 14:22:00-04:00,353.94500732421875,354.0899963378906,353.590087890625,353.7300109863281,48725
2026-08-27 14:23:00-04:00,353.70001220703125,354.0398864746094,353.6565856933594,353.8999938964844,32761
2026-08-27 14:24:00-04:00,353.8349914550781,353.8999938964844,353.6700134277344,353.7349853515625,19723
2026-08-27 14:25:00-04:00,353.57501220703125,353.8999938964844,353.5400085449219,353.7900085449219,18663
2026-08-27 14:26:00-04:00,353.45001220703125,353.6199951171875,353.35009765625,353.6099853515625,32905
2026-08-27 14:27:00-04:00,353.4599914550781,353.6400146484375,353.3999938964844,353.4620056152344,27480
2026-08-27 14:28:00-04:00,353.95001220703125,353.9997863769531,353.3999938964844,353.4800109863281,44833
2026-08-27 14:29:00-04:00,354.1449890136719,354.1899108886719,353.5400085449219,353.8599853515625,45830
2026-08-27 14:30:00-04:00,354.17999267578125,354.3245849609375,354.04998779296875,354.20001220703125,43476
2026-08-27 14:31:00-04:00,354.29998779296875,354.5050048828125,354.1499938964844,354.1499938964844,58343
2026-08-27 14:32:00-04:00,354.75,354.95001220703125,354.2200012207031,354.33380126953125,75055
2026-08-27 14:33:00-04:00,354.760009765625,355.3299865722656,354.6502990722656,354.7449951171875,105338
2026-08-27 14:34:00-04:00,354.875,354.92999267578125,354.54998779296875,354.7300109863281,236352
2026-08-27 14:35:00-04:00,354.8999938964844,355.010009765625,354.739990234375,354.8949890136719,39754
2026-08-27 14:36:00-04:00,355.010009765625,355.1000061035156,354.80999755859375,354.85009765625,43669
2026-08-27 14:37:00-04:00,355.20001220703125,355.2373046875,355.0,355.05499267578125,43691
2026-08-27 14:38:00-04:00,355.1099853515625,355.29998779296875,355.0799865722656,355.2049865722656,38476
2026-08-27 14:39:00-04:00,355.3550109863281,355.55999755859375,354.8800048828125,355.1600036621094,93181
2026-08-27 14:40:00-04:00,355.3236083984375,355.5849914550781,355.239990234375,355.3699951171875,59252
2026-08-27 14:41:00-04:00,354.989990234375,355.3599853515625,354.8500061035156,355.29998779296875,45994
2026-08-27 14:42:00-04:00,355.3450012207031,355.4200134277344,355.0,355.08990478515625,50108
2026-08-27 14:43:00-04:00,355.18499755859375,355.42999267578125,355.04010009765625,355.29998779296875,41075
2026-08-27 14:44:00-04:00,355.409912109375,355.5,355.18499755859375,355.18499755859375,33401
2026-08-27 14:45:00-04:00,355.3500061035156,355.6000061035156,355.2101135253906,355.40008544921875,47247
2026-08-27 14:46:00-04:00,355.3214111328125,355.6000061035156,355.30999755859375,355.30999755859375,42413
2026-08-27 14:47:00-04:00,355.69000244140625,355.739990234375,355.3900146484375,355.3900146484375,63158
2026-08-27 14:48:00-04:00,355.47479248046875,355.7200012207031,355.4361877441406,355.69000244140625,60679
2026-08-27 14:49:00-04:00,355.1600036621094,355.69000244140625,355.1499938964844,355.5,65873
2026-08-27 14:50:00-04:00,355.4700012207031,355.5,355.0899963378906,355.20001220703125,45720
2026-08-27 14:51:00-04:00,355.44000244140625,355.6000061035156,355.3900146484375,355.4700012207031,28603
2026-08-27 14:52:00-04:00,355.3450012207031,355.55999755859375,355.2699890136719,355.42498779296875,39373
2026-08-27 14:53:00-04:00,355.3399963378906,355.4798889160156,355.3009948730469,355.30999755859375,31358
2026-08-27 14:54:00-04:00,354.6499938964844,355.30999755859375,354.57000732421875,355.30999755859375,86583
2026-08-27 14:55:00-04:00,354.6600036621094,354.8800048828125,354.44000244140625,354.5600891113281,58351
2026-08-27 14:56:00-04:00,354.6400146484375,354.79998779296875,354.3800048828125,354.6700134277344,66865
2026-08-27 14:57:00-04:00,355.18499755859375,355.2699890136719,354.60009765625,354.70001220703125,71258
2026-08-27 14:58:00-04:00,355.70989990234375,355.7099914550781,355.08441162109375,355.18499755859375,52780
2026-08-27 14:59:00-04:00,355.14990234375,355.7099914550781,355.01300048828125,355.67498779296875,53015
2026-08-27 15:00:00-04:00,355.0400085449219,355.3699035644531,354.9599914550781,355.0899963378906,51780
2026-08-27 15:01:00-04:00,354.9049987792969,355.1499938964844,354.79998779296875,355.0849914550781,45603
2026-08-27 15:02:00-04:00,354.4949951171875,355.0519104003906,354.45001220703125,354.9049987792969,45115
2026-08-27 15:03:00-04:00,354.9049987792969,354.9800109863281,354.44000244140625,354.45550537109375,37692
2026-08-27 15:04:00-04:00,355.0899963378906,355.20989990234375,354.8949890136719,354.9429931640625,27923
2026-08-27 15:05:00-04:00,355.07000732421875,355.3900146484375,355.0,355.1000061035156,49440
2026-08-27 15:06:00-04:00,354.989990234375,355.1499938964844,354.8500061035156,355.05999755859375,36043
2026-08-27 15:07:00-04:00,354.9800109863281,355.1300048828125,354.8699951171875,354.9700012207031,31994
2026-08-27 15:08:00-04:00,355.0199890136719,355.07000732421875,354.80999755859375,354.93499755859375,41008
2026-08-27 15:09:00-04:00,354.94000244140625,355.20001220703125,354.8500061035156,355.05999755859375,27110
2026-08-27 15:10:00-04:00,355.0199890136719,355.1000061035156,354.8800048828125,354.9049987792969,50572
2026-08-27 15:11:00-04:00,354.7001037597656,355.1199951171875,354.70001220703125,354.96990966796875,26962
2026-08-27 15:12:00-04:00,355.0008850097656,355.17999267578125,354.6400146484375,354.7900085449219,49969
2026-08-27 15:13:00-04:00,355.1449890136719,355.2900085449219,355.0199890136719,355.0450134277344,44589
2026-08-27 15:14:00-04:00,354.67999267578125,355.1449890136719,354.6400146484375,355.1449890136719,30027
2026-08-27 15:15:00-04:00,354.8599853515625,354.9100036621094,354.5799865722656,354.67999267578125,35643
2026-08-27 15:16:00-04:00,354.7950134277344,354.9599914550781,354.7301025390625,354.8599853515625,18856
2026-08-27 15:17:00-04:00,354.68499755859375,354.8399963378906,354.6499938964844,354.79998779296875,19343
2026-08-27 15:18:00-04:00,354.760009765625,354.8399963378906,354.6099853515625,354.6499938964844,22269
2026-08-27 15:19:00-04:00,354.8399963378906,354.8699951171875,354.6199951171875,354.7200012207031,41737
2026-08-27 15:20:00-04:00,354.80999755859375,354.9200134277344,354.6900939941406,354.8717956542969,27307
2026-08-27 15:21:00-04:00,354.5950012207031,354.8500061035156,354.5400085449219,354.81500244140625,31471
2026-08-27 15:22:00-04:00,354.6400146484375,354.67498779296875,354.44000244140625,354.6499938964844,49780
2026-08-27 15:23:00-04:00,354.510009765625,354.7200012207031,354.4700012207031,354.6000061035156,25768
2026-08-27 15:24:00-04:00,354.19500732421875,354.6499938964844,354.1600036621094,354.5450134277344,50639
2026-08-27 15:25:00-04:00,354.41009521484375,354.5043029785156,354.04998779296875,354.19000244140625,41671
2026-08-27 15:26:00-04:00,354.1199951171875,354.510009765625,354.07000732421875,354.4549865722656,41015
2026-08-27 15:27:00-04:00,353.875,354.2898864746094,353.7799987792969,354.17999267578125,57269
2026-08-27 15:28:00-04:00,354.07000732421875,354.114990234375,353.82000732421875,353.8200988769531,42126
2026-08-27 15:29:00-04:00,354.20001220703125,354.3528137207031,354.0600891113281,354.1000061035156,65993
2026-08-27 15:30:00-04:00,354.8349914550781,354.8999938964844,353.9200134277344,354.2049865722656,106146
2026-08-27 15:31:00-04:00,355.239990234375,355.2699890136719,354.67999267578125,354.8349914550781,91663
2026-08-27 15:32:00-04:00,354.98260498046875,355.2799987792969,354.9200134277344,355.2507019042969,58187
2026-08-27 15:33:00-04:00,354.57501220703125,355.0,354.5205078125,354.94140625,62682
2026-08-27 15:34:00-04:00,354.45001220703125,354.7099914550781,354.3999938964844,354.57000732421875,53351
2026-08-27 15:35:00-04:00,354.45001220703125,354.69659423828125,354.2301025390625,354.5899963378906,49110
2026-08-27 15:36:00-04:00,354.1499938964844,354.55999755859375,354.010009765625,354.510009765625,36308
2026-08-27 15:37:00-04:00,354.3949890136719,354.4100036621094,353.8999938964844,354.15618896484375,56154
2026-08-27 15:38:00-04:00,354.57501220703125,354.79998779296875,354.3399963378906,354.364990234375,55540
2026-08-27 15:39:00-04:00,354.8349914550781,354.8800048828125,354.5150146484375,354.57501220703125,45117
2026-08-27 15:40:00-04:00,354.6099853515625,354.8699951171875,354.5122985839844,354.8299865722656,46451
2026-08-27 15:41:00-04:00,354.3811950683594,354.6199951171875,354.3800048828125,354.5849914550781,35241
2026-08-27 15:42:00-04:00,354.489990234375,354.5498962402344,354.3450012207031,354.44000244140625,28903
2026-08-27 15:43:00-04:00,354.4200134277344,354.5398864746094,354.2200012207031,354.5,33153
2026-08-27 15:44:00-04:00,354.6300048828125,354.69000244140625,354.3800964355469,354.44000244140625,40547
2026-08-27 15:45:00-04:00,354.70001220703125,354.7499084472656,354.57000732421875,354.614990234375,43155
2026-08-27 15:46:00-04:00,354.6000061035156,354.8370056152344,354.54998779296875,354.70001220703125,39983
2026-08-27 15:47:00-04:00,354.7950134277344,354.79998779296875,354.5799865722656,354.6099853515625,45444
2026-08-27 15:48:00-04:00,354.81988525390625,354.8800048828125,354.6502990722656,354.81988525390625,62126
2026-08-27 15:49:00-04:00,354.80999755859375,354.8800048828125,354.7290954589844,354.7850036621094,60465
2026-08-27 15:50:00-04:00,354.652099609375,354.80999755859375,354.510009765625,354.80999755859375,58963
2026-08-27 15:51:00-04:00,355.0450134277344,355.04998779296875,354.57000732421875,354.6903991699219,65732
2026-08-27 15:52:00-04:00,355.3900146484375,355.5400085449219,355.0299987792969,355.04998779296875,126027
2026-08-27 15:53:00-04:00,355.1199951171875,355.5299987792969,355.1000061035156,355.3399963378906,96641
2026-08-27 15:54:00-04:00,355.15130615234375,355.54998779296875,354.7900085449219,355.17999267578125,158763
2026-08-27 15:55:00-04:00,354.8699951171875,355.7099914550781,354.6499938964844,355.2300109863281,172199
2026-08-27 15:56:00-04:00,354.385009765625,354.8800048828125,354.0458068847656,354.8800048828125,131613
2026-08-27 15:57:00-04:00,354.55999755859375,354.8399963378906,354.375,354.3999938964844,510732
2026-08-27 15:58:00-04:00,354.625,354.7900085449219,354.5199890136719,354.5799865722656,217555
2026-08-27 15:59:00-04:00,354.5899963378906,354.7900085449219,354.5199890136719,354.6499938964844,418601
2026-08-28 09:30:00-04:00,355.5050048828125,357.3900146484375,354.92498779296875,357.0950012207031,1175789
2026-08-28 09:31:00-04:00,356.6650085449219,357.29998779296875,355.3500061035156,355.5899963378906,142823
2026-08-28 09:32:00-04:00,358.1000061035156,358.489990234375,356.6156005859375,356.6650085449219,231582
2026-08-28 09:33:00-04:00,358.2049865722656,358.3900146484375,357.4100036621094,357.9700012207031,153283
2026-08-28 09:34:00-04:00,357.7449951171875,358.3699951171875,356.5505065917969,358.17999267578125,205384
2026-08-28 09:35:00-04:00,358.11968994140625,358.79998779296875,357.8299865722656,357.8399963378906,283054
2026-08-28 09:36:00-04:00,357.04998779296875,358.07501220703125,356.4849853515625,358.07501220703125,226484
2026-08-28 09:37:00-04:00,357.4849853515625,358.2300109863281,356.8999938964844,357.04998779296875,177828
2026-08-28 09:38:00-04:00,355.8399963378906,357.45989990234375,355.6000061035156,357.3500061035156,198976
2026-08-28 09:39:00-04:00,356.07501220703125,356.55999755859375,355.7099914550781,355.8500061035156,114938
2026-08-28 09:40:00-04:00,356.8299865722656,357.0692138671875,355.9700012207031,356.0299987792969,160264
2026-08-28 09:41:00-04:00,357.2449951171875,357.79998779296875,356.6966857910156,356.8500061035156,143730
2026-08-28 09:42:00-04:00,356.1900939941406,357.6000061035156,356.1099853515625,357.2550048828125,109672
2026-08-28 09:43:00-04:00,356.489990234375,356.7174072265625,356.110107421875,356.260009765625,67550
2026-08-28 09:44:00-04:00,356.1600036621094,356.5400085449219,356.0317077636719,356.5400085449219,53130
2026-08-28 09:45:00-04:00,356.2699890136719,356.75,355.9599914550781,356.05999755859375,90880
2026-08-28 09:46:00-04:00,355.9599914550781,356.34991455078125,355.80999755859375,356.17999267578125,96777
2026-08-28 09:47:00-04:00,356.57000732421875,356.5899963378906,355.79998779296875,355.95001220703125,85415
2026-08-28 09:48:00-04:00,357.0199890136719,357.19000244140625,356.4700012207031,356.57000732421875,125783
2026-08-28 09:49:00-04:00,355.9125061035156,357.09991455078125,355.29998779296875,357.05499267578125,157876
2026-08-28 09:50:00-04:00,354.8500061035156,356.1600036621094,354.6199951171875,355.93499755859375,138023
2026-08-28 09:51:00-04:00,354.93499755859375,355.57000732421875,354.6300964355469,354.79998779296875,123724
2026-08-28 09:52:00-04:00,355.6650085449219,356.010009765625,354.8699951171875,354.8999938964844,87325
2026-08-28 09:53:00-04:00,355.5299072265625,355.94000244140625,355.0,355.71990966796875,96724
2026-08-28 09:54:00-04:00,355.3599853515625,355.59991455078125,355.0299987792969,355.44500732421875,90469
2026-08-28 09:55:00-04:00,355.6507873535156,355.8800048828125,355.0799865722656,355.3699951171875,79691
2026-08-28 09:56:00-04:00,355.5,355.9472961425781,355.489990234375,355.7300109863281,65146
2026-08-28 09:57:00-04:00,355.3699951171875,355.6000061035156,355.1650085449219,355.45001220703125,48456
2026-08-28 09:58:00-04:00,355.0899963378906,355.6400146484375,354.8599853515625,355.43499755859375,67215
2026-08-28 09:59:00-04:00,354.6300048828125,355.30999755859375,354.6199951171875,355.05499267578125,86255
2026-08-28 10:00:00-04:00,355.0198974609375,355.7699890136719,354.0400085449219,354.70001220703125,146552
2026-08-28 10:01:00-04:00,353.7550048828125,355.0199890136719,353.5,354.9100036621094,176437
2026-08-28 10:02:00-04:00,354.1340026855469,354.5199890136719,353.6099853515625,353.7550048828125,124715
2026-08-28 10:03:00-04:00,353.2699890136719,354.3900146484375,353.260009765625,354.2699890136719,115329
2026-08-28 10:04:00-04:00,353.8500061035156,353.96990966796875,353.260009765625,353.29998779296875,90685
2026-08-28 10:05:00-04:00,352.875,353.8349914550781,352.8200988769531,353.7701110839844,153354
2026-08-28 10:06:00-04:00,352.7099914550781,353.0299987792969,352.3999938964844,352.92999267578125,224459
2026-08-28 10:07:00-04:00,352.79998779296875,353.17999267578125,352.4200134277344,352.7099914550781,140336
2026-08-28 10:08:00-04:00,352.89990234375,353.0,352.5199890136719,352.7699890136719,80855
2026-08-28 10:09:00-04:00,353.0150146484375,353.29998779296875,352.79998779296875,352.8699951171875,84736
2026-08-28 10:10:00-04:00,352.69500732421875,353.4599914550781,352.6199951171875,352.989990234375,100760
2026-08-28 10:11:00-04:00,352.1099853515625,352.909912109375,352.1099853515625,352.68499755859375,150410
2026-08-28 10:12:00-04:00,352.260009765625,352.3999938964844,351.9200134277344,352.1099853515625,125622
2026-08-28 10:13:00-04:00,351.5799865722656,352.260009765625,351.2099914550781,352.17999267578125,145872
2026-08-28 10:14:00-04:00,352.1520080566406,352.1520080566406,351.5299987792969,351.5799865722656,105374
2026-08-28 10:15:00-04:00,352.0199890136719,352.30999755859375,351.6600036621094,352.1549987792969,112759
2026-08-28 10:16:00-04:00,351.9200134277344,352.20001220703125,351.54998779296875,352.0249938964844,63034
2026-08-28 10:17:00-04:00,352.5101013183594,352.6300048828125,351.79998779296875,351.9200134277344,107381
2026-08-28 10:18:00-04:00,352.27960205078125,352.8599853515625,352.2699890136719,352.6000061035156,109462
2026-08-28 10:19:00-04:00,352.6099853515625,352.8800048828125,352.2650146484375,352.31500244140625,94126
2026-08-28 10:20:00-04:00,352.4549865722656,353.1600036621094,352.30999755859375,352.6300048828125,141016
2026-08-28 10:21:00-04:00,352.4599914550781,352.760009765625,352.2200012207031,352.4700012207031,57185
2026-08-28 10:22:00-04:00,352.6700134277344,352.6700134277344,352.1099853515625,352.5,62737
2026-08-28 10:23:00-04:00,352.05499267578125,352.6000061035156,351.9599914550781,352.5450134277344,99461
2026-08-28 10:24:00-04:00,352.3599853515625,352.4396057128906,351.8949890136719,352.1026916503906,74148
2026-08-28 10:25:00-04:00,352.2049865722656,352.55999755859375,351.82000732421875,352.3299865722656,96067
2026-08-28 10:26:00-04:00,352.32000732421875,352.3525085449219,351.5199890136719,352.2049865722656,106109
2026-08-28 10:27:00-04:00,352.260009765625,352.7300109863281,352.1700134277344,352.32000732421875,117261
2026-08-28 10:28:00-04:00,352.29998779296875,352.45001220703125,352.1134033203125,352.20001220703125,29848
2026-08-28 10:29:00-04:00,352.5400085449219,352.6600036621094,352.19000244140625,352.29998779296875,50099
2026-08-28 10:30:00-04:00,352.67498779296875,352.7300109863281,352.1300964355469,352.510009765625,68417
2026-08-28 10:31:00-04:00,352.6796875,352.9800109863281,352.4599914550781,352.67498779296875,85055
2026-08-28 10:32:00-04:00,352.6549987792969,353.1400146484375,352.58770751953125,352.7300109863281,94600
2026-08-28 10:33:00-04:00,352.55999755859375,352.82000732421875,352.3273010253906,352.6549987792969,80115
2026-08-28 10:34:00-04:00,352.7699890136719,352.95001220703125,352.5101013183594,352.55999755859375,63467
2026-08-28 10:35:00-04:00,352.81610107421875,352.9100036621094,352.6099853515625,352.7998962402344,43312
2026-08-28 10:36:00-04:00,352.8999938964844,352.9739990234375,352.6199951171875,352.80999755859375,61303
2026-08-28 10:37:00-04:00,353.2785949707031,353.4599914550781,352.85009765625,352.92999267578125,263272
2026-08-28 10:38:00-04:00,353.1099853515625,353.3999938964844,353.0,353.2799987792969,66274
2026-08-28 10:39:00-04:00,352.7601013183594,353.1997985839844,352.70001220703125,353.19000244140625,78793
2026-08-28 10:40:00-04:00,353.17498779296875,353.2099914550781,352.7410888671875,352.80999755859375,53807
2026-08-28 10:41:00-04:00,352.7604064941406,353.2099914550781,352.57000732421875,353.1650085449219,55265
2026-08-28 10:42:00-04:00,352.7300109863281,352.95001220703125,352.70001220703125,352.739990234375,33901
2026-08-28 10:43:00-04:00,352.44000244140625,352.94000244140625,352.17999267578125,352.83990478515625,83114
2026-08-28 10:44:00-04:00,352.44989013671875,352.7699890136719,352.3500061035156,352.3901062011719,57391
2026-08-28 10:45:00-04:00,352.15008544921875,352.5899963378906,352.15008544921875,352.44000244140625,67738
2026-08-28 10:46:00-04:00,352.5577087402344,352.7699890136719,352.010009765625,352.1499938964844,78829
2026-08-28 10:47:00-04:00,352.489990234375,352.8699951171875,352.3800048828125,352.54998779296875,52633
2026-08-28 10:48:00-04:00,352.7550048828125,352.8599853515625,352.42999267578125,352.42999267578125,43046
2026-08-28 10:49:00-04:00,353.1300048828125,353.19000244140625,352.6700134277344,352.7900085449219,69640
2026-08-28 10:50:00-04:00,353.5199890136719,353.7699890136719,353.0799865722656,353.0899963378906,113385
2026-08-28 10:51:00-04:00,353.68499755859375,354.0,353.5299987792969,353.56500244140625,113287
2026-08-28 10:52:00-04:00,353.6700134277344,353.9100036621094,353.4020080566406,353.68499755859375,116207
2026-08-28 10:53:00-04:00,353.7900085449219,353.9399108886719,353.6199951171875,353.6400146484375,62443
2026-08-28 10:54:00-04:00,353.9800109863281,354.0,353.6253967285156,353.81500244140625,77671
2026-08-28 10:55:00-04:00,354.10009765625,354.3450012207031,353.80010986328125,353.95989990234375,83957
2026-08-28 10:56:00-04:00,353.885009765625,354.39990234375,353.885009765625,354.1040954589844,106055
2026-08-28 10:57:00-04:00,354.2699890136719,354.2699890136719,353.7950134277344,353.8900146484375,53620
2026-08-28 10:58:00-04:00,353.9599914550781,354.260009765625,353.8301086425781,354.2099914550781,51601
2026-08-28 10:59:00-04:00,354.260009765625,354.260009765625,353.80999755859375,353.9100036621094,61806
2026-08-28 11:00:00-04:00,354.45001220703125,354.67999267578125,354.2301025390625,354.260009765625,104939
2026-08-28 11:01:00-04:00,354.3599853515625,354.57000732421875,354.30499267578125,354.4100036621094,57421
2026-08-28 11:02:00-04:00,354.1400146484375,354.4100036621094,353.9100036621094,354.4100036621094,71652
2026-08-28 11:03:00-04:00,354.0350036621094,354.32000732421875,353.95001220703125,354.125,57303
2026-08-28 11:04:00-04:00,354.2650146484375,354.29998779296875,354.0028991699219,354.0350036621094,52462
2026-08-28 11:05:00-04:00,354.1000061035156,354.29998779296875,353.93011474609375,354.2099914550781,47069
2026-08-28 11:06:00-04:00,353.6700134277344,354.17999267578125,353.6000061035156,354.07000732421875,66872
2026-08-28 11:07:00-04:00,353.5199890136719,353.8800048828125,353.3599853515625,353.6099853515625,93048
2026-08-28 11:08:00-04:00,353.6600036621094,353.6600036621094,353.1700134277344,353.5199890136719,98999
2026-08-28 11:09:00-04:00,353.5270080566406,353.8299865722656,353.32000732421875,353.5649108886719,49586
2026-08-28 11:10:00-04:00,354.1300048828125,354.2200012207031,353.5299987792969,353.55999755859375,62769
2026-08-28 11:11:00-04:00,353.92999267578125,354.20001220703125,353.760009765625,354.1650085449219,48207
2026-08-28 11:12:00-04:00,354.2099914550781,354.2099914550781,353.8699951171875,353.9150085449219,42421
2026-08-28 11:13:00-04:00,353.9800109863281,354.1499938964844,353.8901062011719,354.1499938964844,49399
2026-08-28 11:14:00-04:00,353.8203125,354.14990234375,353.69000244140625,354.0150146484375,53548
2026-08-28 11:15:00-04:00,353.8399963378906,353.95001220703125,353.55999755859375,353.8016052246094,41343
2026-08-28 11:16:00-04:00,353.81500244140625,354.0,353.75,353.8599853515625,30432
2026-08-28 11:17:00-04:00,353.58990478515625,353.8500061035156,353.31829833984375,353.82000732421875,57877
2026-08-28 11:18:00-04:00,353.5,353.58990478515625,353.29998779296875,353.5,22370
2026-08-28 11:19:00-04:00,353.2860107421875,353.5299072265625,353.2300109863281,353.4100036621094,33939
2026-08-28 11:20:00-04:00,353.57501220703125,353.6300048828125,353.2699890136719,353.2900085449219,24885
2026-08-28 11:21:00-04:00,352.9999084472656,353.5799865722656,352.8420104980469,353.57550048828125,63445
2026-08-28 11:22:00-04:00,352.7650146484375,352.95001220703125,352.6200866699219,352.8999938964844,56214
2026-08-28 11:23:00-04:00,352.45001220703125,352.7650146484375,352.2300109863281,352.7650146484375,73296
2026-08-28 11:24:00-04:00,352.7449951171875,352.92999267578125,352.3840026855469,352.4200134277344,54468
2026-08-28 11:25:00-04:00,352.92999267578125,353.125,352.6000061035156,352.70001220703125,72031
2026-08-28 11:26:00-04:00,352.3299865722656,353.0400085449219,352.3017883300781,352.8800048828125,48948
2026-08-28 11:27:00-04:00,352.4800109863281,352.69000244140625,352.17999267578125,352.2909851074219,47397
2026-08-28 11:28:00-04:00,352.42999267578125,352.6000061035156,352.2300109863281,352.489990234375,42776
2026-08-28 11:29:00-04:00,352.3999938964844,352.4200134277344,352.20001220703125,352.3900146484375,41026
2026-08-28 11:30:00-04:00,351.9700012207031,352.3299865722656,351.79998779296875,352.32000732421875,121451
2026-08-28 11:31:00-04:00,351.8659973144531,352.1199951171875,351.6499938964844,351.95220947265625,326066
2026-08-28 11:32:00-04:00,352.3599853515625,352.42999267578125,351.8280029296875,351.8999938964844,49168
2026-08-28 11:33:00-04:00,352.6700134277344,352.79998779296875,352.3027038574219,352.3599853515625,60741
2026-08-28 11:34:00-04:00,352.1000061035156,352.75,352.0799865722656,352.6565856933594,82898
2026-08-28 11:35:00-04:00,352.0249938964844,352.3598937988281,351.80010986328125,352.114990234375,58843
2026-08-28 11:36:00-04:00,351.55499267578125,352.0716857910156,351.510009765625,352.04998779296875,57815
2026-08-28 11:37:00-04:00,351.4100036621094,351.8299865722656,351.32000732421875,351.5899963378906,73405
2026-08-28 11:38:00-04:00,351.2900085449219,351.5899963378906,351.2699890136719,351.3847961425781,53989
2026-08-28 11:39:00-04:00,350.7099914550781,351.5072021484375,350.7099914550781,351.23370361328125,151999
2026-08-28 11:40:00-04:00,350.1050109863281,350.82000732421875,350.07000732421875,350.7099914550781,118696
2026-08-28 11:41:00-04:00,350.5898132324219,350.6099853515625,349.8299865722656,350.1050109863281,175994
2026-08-28 11:42:00-04:00,350.1882019042969,350.760009765625,350.1549987792969,350.6000061035156,71312
2026-08-28 11:43:00-04:00,350.0,350.45001220703125,350.0,350.1346130371094,77728
2026-08-28 11:44:00-04:00,349.8299865722656,350.0899963378906,349.7099914550781,350.0159912109375,133944
2026-08-28 11:45:00-04:00,349.74859619140625,349.9200134277344,349.3800048828125,349.8999938964844,121281
2026-08-28 11:46:00-04:00,349.68499755859375,349.8900146484375,349.510009765625,349.75,68257
2026-08-28 11:47:00-04:00,349.510009765625,349.7886047363281,349.485107421875,349.7099914550781,67066
2026-08-28 11:48:00-04:00,349.42999267578125,349.6184997558594,349.1099853515625,349.510009765625,82646
2026-08-28 11:49:00-04:00,349.0899963378906,349.42999267578125,348.9100036621094,349.42999267578125,110306
2026-08-28 11:50:00-04:00,348.9700012207031,349.2149963378906,348.8599853515625,349.09521484375,75780
2026-08-28 11:51:00-04:00,348.49591064453125,349.1380920410156,348.43121337890625,348.9884948730469,109898
2026-08-28 11:52:00-04:00,348.25,348.4924011230469,348.0400085449219,348.45330810546875,106787
2026-08-28 11:53:00-04:00,348.5198974609375,348.82000732421875,348.0700988769531,348.25,124794
2026-08-28 11:54:00-04:00,349.05499267578125,349.09991455078125,348.3500061035156,348.510009765625,208084
2026-08-28 11:55:00-04:00,348.81500244140625,349.1499938964844,348.6499938964844,349.0199890136719,128261
2026-08-28 11:56:00-04:00,348.4100036621094,348.8229064941406,348.25,348.80499267578125,95943
2026-08-28 11:57:00-04:00,348.7749938964844,348.8699035644531,348.2200012207031,348.3800048828125,81177
2026-08-28 11:58:00-04:00,348.9049987792969,349.0899963378906,348.6400146484375,348.7799987792969,90305
2026-08-28 11:59:00-04:00,348.4601135253906,348.8699951171875,348.1510009765625,348.8699951171875,87129
2026-08-28 12:00:00-04:00,348.1199951171875,348.62359619140625,348.1000061035156,348.4599914550781,82539
2026-08-28 12:01:00-04:00,347.7799987792969,348.14990234375,347.3999938964844,348.14990234375,179878
2026-08-28 12:02:00-04:00,348.1499938964844,348.19000244140625,347.7200012207031,347.7699890136719,57356
2026-08-28 12:03:00-04:00,348.125,348.3800048828125,348.05999755859375,348.0849914550781,63978
2026-08-28 12:04:00-04:00,347.8450012207031,348.260009765625,347.7200927734375,348.125,56980
2026-08-28 12:05:00-04:00,348.1700134277344,348.19000244140625,347.55999755859375,347.7799987792969,73317
2026-08-28 12:06:00-04:00,348.239990234375,348.5299987792969,347.9700927734375,348.20001220703125,88621
2026-08-28 12:07:00-04:00,348.56500244140625,348.6199951171875,348.239990234375,348.30999755859375,104717
2026-08-28 12:08:00-04:00,348.4949951171875,348.6400146484375,348.2900085449219,348.5799865722656,67573
2026-08-28 12:09:00-04:00,348.8999938964844,349.0400085449219,348.45001220703125,348.5400085449219,90354
2026-08-28 12:10:00-04:00,348.8949890136719,349.0098876953125,348.6824951171875,348.9200134277344,68809
2026-08-28 12:11:00-04:00,348.3900146484375,348.9150085449219,348.30999755859375,348.8999938964844,55178
2026-08-28 12:12:00-04:00,348.6400146484375,348.70001220703125,348.343994140625,348.3900146484375,47475
2026-08-28 12:13:00-04:00,348.54998779296875,348.6289978027344,348.40008544921875,348.6099853515625,32004
2026-08-28 12:14:00-04:00,348.33990478515625,348.64990234375,348.28009033203125,348.5249938964844,32897
2026-08-28 12:15:00-04:00,347.82000732421875,348.4200134277344,347.7799987792969,348.33990478515625,65929
2026-08-28 12:16:00-04:00,347.9800109863281,348.1099853515625,347.6619873046875,347.82000732421875,64746
2026-08-28 12:17:00-04:00,347.6700134277344,348.1400146484375,347.6300048828125,348.0150146484375,46657
2026-08-28 12:18:00-04:00,347.50750732421875,347.7799987792969,347.3900146484375,347.68499755859375,73013
2026-08-28 12:19:00-04:00,347.68499755859375,347.8299865722656,347.4150085449219,347.5350036621094,47775
2026-08-28 12:20:00-04:00,347.7174072265625,348.04998779296875,347.6099853515625,347.67999267578125,415103
2026-08-28 12:21:00-04:00,347.9010009765625,347.989990234375,347.4100036621094,347.7300109863281,49074
2026-08-28 12:22:00-04:00,347.9700012207031,348.1199951171875,347.7900085449219,347.94500732421875,33326
2026-08-28 12:23:00-04:00,347.79998779296875,348.05499267578125,347.68011474609375,347.9549865722656,41087
2026-08-28 12:24:00-04:00,347.44500732421875,347.82989501953125,347.1000061035156,347.7699890136719,86326
2026-08-28 12:25:00-04:00,347.5799865722656,347.6099853515625,347.2715148925781,347.4360046386719,41629
2026-08-28 12:26:00-04:00,347.375,347.5799865722656,347.25,347.5799865722656,41352
2026-08-28 12:27:00-04:00,347.375,347.4200134277344,347.0799865722656,347.40728759765625,63563
2026-08-28 12:28:00-04:00,347.3450012207031,347.51849365234375,347.2699890136719,347.3999938964844,38668
2026-08-28 12:29:00-04:00,347.3699951171875,347.4898986816406,347.0799865722656,347.3399963378906,31746
2026-08-28 12:30:00-04:00,347.4150085449219,347.80999755859375,347.25,347.3301086425781,77887
2026-08-28 12:31:00-04:00,347.510009765625,347.7799072265625,347.3800964355469,347.4599914550781,66468
2026-08-28 12:32:00-04:00,347.56500244140625,347.739501953125,347.3900146484375,347.45001220703125,37135
2026-08-28 12:33:00-04:00,347.3699951171875,347.5537109375,347.2300109863281,347.5537109375,44063
2026-08-28 12:34:00-04:00,346.974609375,347.3699951171875,346.9700012207031,347.32000732421875,88064
2026-08-28 12:35:00-04:00,347.7300109863281,347.7799987792969,346.95001220703125,346.989990234375,59942
2026-08-28 12:36:00-04:00,347.7699890136719,347.8599853515625,347.6199951171875,347.7799987792969,50924
2026-08-28 12:37:00-04:00,348.0249938964844,348.0799865722656,347.67999267578125,347.7550048828125,60925
2026-08-28 12:38:00-04:00,348.19000244140625,348.2705993652344,348.0,348.0249938964844,54135
2026-08-28 12:39:00-04:00,348.15380859375,348.2300109863281,347.7300109863281,348.2099914550781,53860
2026-08-28 12:40:00-04:00,347.7950134277344,348.17999267578125,347.760009765625,348.0870056152344,29642
2026-08-28 12:41:00-04:00,347.4599914550781,347.7940979003906,347.4150085449219,347.760009765625,39011
2026-08-28 12:42:00-04:00,347.5985107421875,347.6487121582031,347.3450012207031,347.4599914550781,28142
2026-08-28 12:43:00-04:00,347.260009765625,347.55999755859375,347.2200012207031,347.55999755859375,28181
2026-08-28 12:44:00-04:00,347.17999267578125,347.260009765625,347.0450134277344,347.2300109863281,36071
2026-08-28 12:45:00-04:00,347.9200134277344,347.9200134277344,347.17999267578125,347.25909423828125,47666
2026-08-28 12:46:00-04:00,347.8952941894531,348.07000732421875,347.79998779296875,347.92999267578125,48628
2026-08-28 12:47:00-04:00,347.9150085449219,348.010009765625,347.7099914550781,347.8599853515625,44882
2026-08-28 12:48:00-04:00,347.8299865722656,347.9700012207031,347.67999267578125,347.93499755859375,26888
2026-08-28 12:49:00-04:00,347.79998779296875,347.8800048828125,347.6099853515625,347.79998779296875,16992
2026-08-28 12:50:00-04:00,347.68499755859375,347.7998962402344,347.5199890136719,347.7300109863281,32678
2026-08-28 12:51:00-04:00,347.8399963378906,347.8399963378906,347.510009765625,347.67059326171875,29333
2026-08-28 12:52:00-04:00,347.8800964355469,347.92999267578125,347.70001220703125,347.864990234375,27997
2026-08-28 12:53:00-04:00,347.635009765625,348.1600036621094,347.57000732421875,347.92999267578125,50112
2026-08-28 12:54:00-04:00,347.5249938964844,347.79998779296875,347.3500061035156,347.6499938964844,39977
2026-08-28 12:55:00-04:00,347.5150146484375,347.5596008300781,347.4068908691406,347.4599914550781,16092
2026-08-28 12:56:00-04:00,347.0653991699219,347.5400085449219,347.0400085449219,347.510009765625,41180
2026-08-28 12:57:00-04:00,347.2650146484375,347.3190002441406,347.05999755859375,347.1099853515625,36152
2026-08-28 12:58:00-04:00,347.29998779296875,347.389892578125,347.20001220703125,347.2650146484375,16538
2026-08-28 12:59:00-04:00,346.9599914550781,347.29998779296875,346.95001220703125,347.29998779296875,62404
2026-08-28 13:00:00-04:00,346.2250061035156,346.989990234375,346.17999267578125,346.9599914550781,111508
2026-08-28 13:01:00-04:00,346.1000061035156,346.2950134277344,345.9800109863281,346.2250061035156,115188
2026-08-28 13:02:00-04:00,346.5050048828125,346.6000061035156,346.0,346.07000732421875,47087
2026-08-28 13:03:00-04:00,346.69000244140625,346.7250061035156,346.3349914550781,346.52301025390625,65768
2026-08-28 13:04:00-04:00,346.52288818359375,346.7900085449219,346.510009765625,346.6400146484375,45089
2026-08-28 13:05:00-04:00,346.3599853515625,346.510009765625,346.2500915527344,346.510009765625,42719
2026-08-28 13:06:00-04:00,346.25,346.39990234375,346.1300964355469,346.32000732421875,35419
2026-08-28 13:07:00-04:00,346.2101135253906,346.3302917480469,346.0199890136719,346.25,37674
2026-08-28 13:08:00-04:00,346.3699951171875,346.4999084472656,346.239990234375,346.239990234375,45032
2026-08-28 13:09:00-04:00,346.29998779296875,346.5299987792969,346.17999267578125,346.4100036621094,33015
2026-08-28 13:10:00-04:00,346.3599853515625,346.4200134277344,346.1099853515625,346.2699890136719,21684
2026-08-28 13:11:00-04:00,346.389892578125,346.4800109863281,346.2699890136719,346.3999938964844,23855
2026-08-28 13:12:00-04:00,346.4200134277344,346.5896911621094,346.3450012207031,346.3450012207031,40787
2026-08-28 13:13:00-04:00,346.6499938964844,346.69989013671875,346.4100036621094,346.4150085449219,43976
2026-08-28 13:14:00-04:00,346.80499267578125,346.84991455078125,346.53009033203125,346.5776062011719,39146
2026-08-28 13:15:00-04:00,346.635986328125,346.8500061035156,346.5799865722656,346.7912902832031,43597
2026-08-28 13:16:00-04:00,346.7349853515625,346.8599853515625,346.6001892089844,346.6001892089844,27888
2026-08-28 13:17:00-04:00,346.8999938964844,346.95001220703125,346.6643981933594,346.7300109863281,41447
2026-08-28 13:18:00-04:00,346.68011474609375,347.010009765625,346.5,346.8659973144531,48841
2026-08-28 13:19:00-04:00,346.8395080566406,346.9700012207031,346.67999267578125,346.7550048828125,38539
2026-08-28 13:20:00-04:00,346.67999267578125,346.9800109863281,346.6600036621094,346.8500061035156,33716
2026-08-28 13:21:00-04:00,346.5,346.7200012207031,346.3699951171875,346.69000244140625,36924
2026-08-28 13:22:00-04:00,346.29998779296875,346.6099853515625,346.260009765625,346.5,36367
2026-08-28 13:23:00-04:00,346.114990234375,346.6899108886719,346.1099853515625,346.3399963378906,45413
2026-08-28 13:24:00-04:00,346.25,346.3999938964844,346.07000732421875,346.0899963378906,39593
2026-08-28 13:25:00-04:00,346.4200134277344,346.4200134277344,346.1700134277344,346.2900085449219,31566
2026-08-28 13:26:00-04:00,346.44000244140625,346.5199890136719,346.30999755859375,346.4100036621094,19128
2026-08-28 13:27:00-04:00,346.3399963378906,346.4800109863281,346.16009521484375,346.44000244140625,45229
2026-08-28 13:28:00-04:00,346.5299987792969,346.6199951171875,346.3500061035156,346.3800048828125,34170
2026-08-28 13:29:00-04:00,346.19500732421875,346.6000061035156,346.19000244140625,346.5194091796875,29309
2026-08-28 13:30:00-04:00,346.45001220703125,346.510009765625,346.2001037597656,346.2200012207031,176871
2026-08-28 13:31:00-04:00,346.50469970703125,346.5198974609375,346.3399963378906,346.44000244140625,18854
2026-08-28 13:32:00-04:00,346.6000061035156,346.6000061035156,346.29998779296875,346.49481201171875,29636
2026-08-28 13:33:00-04:00,346.5950012207031,346.70001220703125,346.54998779296875,346.5950012207031,28610
2026-08-28 13:34:00-04:00,346.5793151855469,346.75,346.5,346.5950012207031,37774
2026-08-28 13:35:00-04:00,346.69500732421875,346.75,346.57000732421875,346.6199951171875,31350
2026-08-28 13:36:00-04:00,346.7550048828125,346.79998779296875,346.5899963378906,346.7200012207031,32706
2026-08-28 13:37:00-04:00,346.7799987792969,346.92999267578125,346.6099853515625,346.7703857421875,39585
2026-08-28 13:38:00-04:00,346.7298889160156,346.8800048828125,346.6322937011719,346.80499267578125,30531
2026-08-28 13:39:00-04:00,346.3599853515625,346.82000732421875,346.3135070800781,346.7300109863281,40283
2026-08-28 13:40:00-04:00,346.4949951171875,346.6899108886719,346.30999755859375,346.30999755859375,29488
2026-08-28 13:41:00-04:00,346.4750061035156,346.6700134277344,346.3800048828125,346.49090576171875,30646
2026-08-28 13:42:00-04:00,346.3599853515625,346.5299072265625,346.3299865722656,346.45001220703125,34329
2026-08-28 13:43:00-04:00,346.5299987792969,346.6000061035156,346.32000732421875,346.3500061035156,59285
2026-08-28 13:44:00-04:00,346.7300109863281,346.7300109863281,346.5003967285156,346.55999755859375,19084
2026-08-28 13:45:00-04:00,346.635009765625,346.7235107421875,346.4800109863281,346.69500732421875,25680
2026-08-28 13:46:00-04:00,346.6449890136719,346.82000732421875,346.5899963378906,346.590087890625,67985
2026-08-28 13:47:00-04:00,346.4100036621094,346.70989990234375,346.3800964355469,346.6449890136719,37614
2026-08-28 13:48:00-04:00,346.6654968261719,346.70001220703125,346.4100036621094,346.4100036621094,38799
2026-08-28 13:49:00-04:00,346.8999938964844,346.9798889160156,346.6600036621094,346.6600036621094,42887
2026-08-28 13:50:00-04:00,346.6199951171875,346.8999938964844,346.6000061035156,346.8900146484375,55562
2026-08-28 13:51:00-04:00,346.71539306640625,346.760009765625,346.5450134277344,346.6199951171875,23040
2026-08-28 13:52:00-04:00,346.7049865722656,346.8800048828125,346.70001220703125,346.7499084472656,31982
2026-08-28 13:53:00-04:00,346.8699951171875,346.8900146484375,346.6951904296875,346.6951904296875,26526
2026-08-28 13:54:00-04:00,346.7699890136719,346.989990234375,346.7449951171875,346.8504943847656,26601
2026-08-28 13:55:00-04:00,346.7099914550781,346.8500061035156,346.6199951171875,346.7650146484375,38550
2026-08-28 13:56:00-04:00,346.63470458984375,346.8699951171875,346.57000732421875,346.7178039550781,34154
2026-08-28 13:57:00-04:00,346.55499267578125,346.7099914550781,346.5,346.6300048828125,25729
2026-08-28 13:58:00-04:00,346.7799987792969,346.80999755859375,346.5400085449219,346.57501220703125,22722
2026-08-28 13:59:00-04:00,347.1000061035156,347.1099853515625,346.7099914550781,346.7099914550781,59647
2026-08-28 14:00:00-04:00,346.9299011230469,347.1698913574219,346.875,347.1000061035156,54548
2026-08-28 14:01:00-04:00,346.8800048828125,347.0599060058594,346.7401123046875,346.8800048828125,39922
2026-08-28 14:02:00-04:00,346.82000732421875,346.9200134277344,346.5600891113281,346.8500061035156,25413
2026-08-28 14:03:00-04:00,346.831787109375,346.831787109375,346.6000061035156,346.7699890136719,21766
2026-08-28 14:04:00-04:00,346.45001220703125,346.8599853515625,346.42999267578125,346.80999755859375,30538
2026-08-28 14:05:00-04:00,346.5,346.8500061035156,346.3999938964844,346.4549865722656,60802
2026-08-28 14:06:00-04:00,346.4649963378906,346.6300048828125,346.45001220703125,346.45001220703125,31018
2026-08-28 14:07:00-04:00,346.57501220703125,346.6099853515625,346.3599853515625,346.4599914550781,31505
2026-08-28 14:08:00-04:00,346.7200012207031,346.760009765625,346.3999938964844,346.57501220703125,18580
2026-08-28 14:09:00-04:00,346.739990234375,346.8599853515625,346.5450134277344,346.7499084472656,26157
2026-08-28 14:10:00-04:00,346.6700134277344,346.80999755859375,346.6099853515625,346.70001220703125,43297
2026-08-28 14:11:00-04:00,346.7799987792969,346.79998779296875,346.54998779296875,346.6300048828125,17365
2026-08-28 14:12:00-04:00,346.731689453125,346.92999267578125,346.6966857910156,346.75,27363
2026-08-28 14:13:00-04:00,346.54998779296875,346.7900085449219,346.45001220703125,346.7699890136719,26222
2026-08-28 14:14:00-04:00,346.3699035644531,346.58990478515625,346.3013000488281,346.54998779296875,25116
2026-08-28 14:15:00-04:00,346.44000244140625,346.5799865722656,346.30999755859375,346.3399963378906,53361
2026-08-28 14:16:00-04:00,346.4599914550781,346.5299987792969,346.35150146484375,346.3999938964844,27190
2026-08-28 14:17:00-04:00,346.32000732421875,346.5,346.20001220703125,346.44000244140625,40256
2026-08-28 14:18:00-04:00,346.44500732421875,346.5799865722656,346.31500244140625,346.3500061035156,25017
2026-08-28 14:19:00-04:00,346.4100036621094,346.58990478515625,346.4100036621094,346.42999267578125,19587
2026-08-28 14:20:00-04:00,346.489990234375,346.7134094238281,346.3500061035156,346.3699951171875,41277
2026-08-28 14:21:00-04:00,346.5350036621094,346.5400085449219,346.3699951171875,346.42999267578125,25521
2026-08-28 14:22:00-04:00,346.43499755859375,346.5400085449219,346.4049987792969,346.4800109863281,15382
2026-08-28 14:23:00-04:00,346.0799865722656,346.49969482421875,346.04998779296875,346.4700012207031,43627
2026-08-28 14:24:00-04:00,346.4150085449219,346.45599365234375,346.0799865722656,346.0799865722656,30161
2026-08-28 14:25:00-04:00,346.30999755859375,346.4800109863281,346.1300048828125,346.3900146484375,18819
2026-08-28 14:26:00-04:00,346.4599914550781,346.4599914550781,346.30999755859375,346.30999755859375,23329
2026-08-28 14:27:00-04:00,346.70001220703125,346.7699890136719,346.4599914550781,346.4700012207031,45342
2026-08-28 14:28:00-04:00,346.8500061035156,347.0,346.55999755859375,346.6300048828125,34839
2026-08-28 14:29:00-04:00,346.5400085449219,346.9800109863281,346.4200134277344,346.8800048828125,60014
2026-08-28 14:30:00-04:00,346.5,346.69000244140625,346.4949951171875,346.5249938964844,23410
2026-08-28 14:31:00-04:00,346.6449890136719,346.7200012207031,346.4700012207031,346.5414123535156,39100
2026-08-28 14:32:00-04:00,346.5,346.69000244140625,346.4200134277344,346.6622009277344,19873
2026-08-28 14:33:00-04:00,346.3299865722656,346.489990234375,346.1570129394531,346.4549865722656,31407
2026-08-28 14:34:00-04:00,346.2550048828125,346.5400085449219,346.2449951171875,346.3299865722656,21407
2026-08-28 14:35:00-04:00,346.1000061035156,346.3699035644531,346.0899963378906,346.2550048828125,33930
2026-08-28 14:36:00-04:00,345.8299865722656,346.1700134277344,345.82000732421875,346.0899963378906,81931
2026-08-28 14:37:00-04:00,345.7550048828125,345.9949951171875,345.7200012207031,345.8299865722656,59784
2026-08-28 14:38:00-04:00,345.7799987792969,345.8900146484375,345.6300048828125,345.7799987792969,47335
2026-08-28 14:39:00-04:00,345.7300109863281,345.8900146484375,345.70001220703125,345.82000732421875,38678
2026-08-28 14:40:00-04:00,345.9895935058594,345.9999084472656,345.6700134277344,345.739990234375,39871
2026-08-28 14:41:00-04:00,345.8500061035156,346.0,345.79998779296875,345.9700927734375,31490
2026-08-28 14:42:00-04:00,345.760009765625,345.8500061035156,345.54998779296875,345.80999755859375,59095
2026-08-28 14:43:00-04:00,345.75,345.8169860839844,345.6482849121094,345.75,21304
2026-08-28 14:44:00-04:00,345.8450012207031,345.8900146484375,345.7049865722656,345.7449951171875,27886
2026-08-28 14:45:00-04:00,346.0249938964844,346.04998779296875,345.7857971191406,345.8450012207031,39251
2026-08-28 14:46:00-04:00,345.82000732421875,346.07000732421875,345.68011474609375,346.0150146484375,45616
2026-08-28 14:47:00-04:00,345.7349853515625,345.7900085449219,345.6700134277344,345.7149963378906,30632
2026-08-28 14:48:00-04:00,345.4200134277344,345.75,345.3999938964844,345.75,63612
2026-08-28 14:49:00-04:00,345.3999938964844,345.5289001464844,345.30999755859375,345.4549865722656,36190
2026-08-28 14:50:00-04:00,345.3540954589844,345.45001220703125,345.2301025390625,345.42999267578125,39558
2026-08-28 14:51:00-04:00,345.635009765625,345.739990234375,345.4100036621094,345.4100036621094,51521
2026-08-28 14:52:00-04:00,345.635009765625,345.8599853515625,345.5899963378906,345.6499938964844,36991
2026-08-28 14:53:00-04:00,345.44000244140625,345.6700134277344,345.32000732421875,345.66729736328125,38570
2026-08-28 14:54:00-04:00,345.2818908691406,345.5,345.2699890136719,345.43499755859375,30791
2026-08-28 14:55:00-04:00,345.4150085449219,345.44000244140625,345.20001220703125,345.2974853515625,51386
2026-08-28 14:56:00-04:00,345.5199890136719,345.5899963378906,345.4100036621094,345.4399108886719,30983
2026-08-28 14:57:00-04:00,345.4100036621094,345.6000061035156,345.3515930175781,345.5,31422
2026-08-28 14:58:00-04:00,345.5400085449219,345.5400085449219,345.32000732421875,345.4100036621094,27629
2026-08-28 14:59:00-04:00,345.4800109863281,345.67230224609375,345.4100036621094,345.55999755859375,35279
2026-08-28 15:00:00-04:00,345.6300048828125,345.8299865722656,345.4800109863281,345.5199890136719,59981
2026-08-28 15:01:00-04:00,345.75,345.8800048828125,345.6200866699219,345.625,36029
2026-08-28 15:02:00-04:00,345.80999755859375,345.9700012207031,345.71868896484375,345.82000732421875,80365
2026-08-28 15:03:00-04:00,345.9849853515625,346.0198974609375,345.75,345.7850036621094,35322
2026-08-28 15:04:00-04:00,345.8299865722656,346.0400085449219,345.7699890136719,345.9700012207031,44906
2026-08-28 15:05:00-04:00,346.08990478515625,346.1499938964844,345.82501220703125,345.8299865722656,41239
2026-08-28 15:06:00-04:00,346.07000732421875,346.2300109863281,346.010009765625,346.0199890136719,36627
2026-08-28 15:07:00-04:00,346.2749938964844,346.29998779296875,345.9949951171875,346.05999755859375,57198
2026-08-28 15:08:00-04:00,346.6000061035156,346.6300048828125,346.2200012207031,346.2749938964844,78903
2026-08-28 15:09:00-04:00,346.6199951171875,346.7900085449219,346.5400085449219,346.57000732421875,51638
2026-08-28 15:10:00-04:00,346.61480712890625,346.639892578125,346.3450012207031,346.6000061035156,67250
2026-08-28 15:11:00-04:00,346.3599853515625,346.61248779296875,346.3399963378906,346.6050109863281,39432
2026-08-28 15:12:00-04:00,346.4700012207031,346.57000732421875,346.29998779296875,346.3699951171875,38649
2026-08-28 15:13:00-04:00,346.2699890136719,346.5299987792969,346.260009765625,346.45001220703125,32972
2026-08-28 15:14:00-04:00,346.45001220703125,346.5899963378906,346.1178894042969,346.2699890136719,47692
2026-08-28 15:15:00-04:00,346.5199890136719,346.6400146484375,346.2900085449219,346.5,48942
2026-08-28 15:16:00-04:00,346.5849914550781,346.7099914550781,346.5,346.54998779296875,38800
2026-08-28 15:17:00-04:00,346.69000244140625,346.69439697265625,346.4700012207031,346.5790100097656,40351
2026-08-28 15:18:00-04:00,346.67999267578125,346.7900085449219,346.6300048828125,346.67498779296875,57368
2026-08-28 15:19:00-04:00,346.7099914550781,346.7900085449219,346.57000732421875,346.6435852050781,55901
2026-08-28 15:20:00-04:00,347.3500061035156,347.3999938964844,346.69000244140625,346.7300109863281,107972
2026-08-28 15:21:00-04:00,347.364990234375,347.3999938964844,347.20001220703125,347.3500061035156,68560
2026-08-28 15:22:00-04:00,347.5,347.5799865722656,347.3599853515625,347.3699951171875,51525
2026-08-28 15:23:00-04:00,347.1600036621094,347.5899963378906,347.1000061035156,347.5199890136719,74232
2026-08-28 15:24:00-04:00,347.04779052734375,347.2300109863281,347.0199890136719,347.16009521484375,53464
2026-08-28 15:25:00-04:00,347.3926086425781,347.4096984863281,347.0527038574219,347.07000732421875,44749
2026-08-28 15:26:00-04:00,347.3699951171875,347.42999267578125,347.2799987792969,347.3999938964844,27192
2026-08-28 15:27:00-04:00,347.6300048828125,347.6600036621094,347.3699951171875,347.385009765625,62388
2026-08-28 15:28:00-04:00,347.56500244140625,347.70001220703125,347.53009033203125,347.6600036621094,61620
2026-08-28 15:29:00-04:00,347.70330810546875,347.75,347.4200134277344,347.54998779296875,56189
2026-08-28 15:30:00-04:00,347.5899963378906,347.8699951171875,347.5,347.69000244140625,80010
2026-08-28 15:31:00-04:00,347.2900085449219,347.6400146484375,347.0299987792969,347.5799865722656,63435
2026-08-28 15:32:00-04:00,346.9800109863281,347.1400146484375,346.7099914550781,347.0799865722656,108596
2026-08-28 15:33:00-04:00,346.760986328125,347.1099853515625,346.760986328125,347.0249938964844,52626
2026-08-28 15:34:00-04:00,346.7200012207031,346.9898986816406,346.70001220703125,346.78338623046875,53376
2026-08-28 15:35:00-04:00,346.760009765625,346.85430908203125,346.6400146484375,346.7200012207031,44956
2026-08-28 15:36:00-04:00,346.6650085449219,346.7900085449219,346.5600891113281,346.7799987792969,130699
2026-08-28 15:37:00-04:00,346.69000244140625,346.7998962402344,346.3901062011719,346.6600036621094,118940
2026-08-28 15:38:00-04:00,347.19000244140625,347.19000244140625,346.67999267578125,346.69000244140625,69760
2026-08-28 15:39:00-04:00,347.3699951171875,347.39990234375,347.1109924316406,347.20001220703125,50749
2026-08-28 15:40:00-04:00,347.25,347.5398864746094,347.1700134277344,347.3778076171875,88097
2026-08-28 15:41:00-04:00,347.34698486328125,347.3800048828125,347.260009765625,347.2749938964844,37902
2026-08-28 15:42:00-04:00,347.32000732421875,347.4399108886719,347.1700134277344,347.3599853515625,52744
2026-08-28 15:43:00-04:00,347.489990234375,347.5498962402344,347.2300109863281,347.3299865722656,40569
2026-08-28 15:44:00-04:00,347.6400146484375,347.7300109863281,347.4800109863281,347.489990234375,69719
2026-08-28 15:45:00-04:00,347.55999755859375,347.760009765625,347.510009765625,347.6499938964844,61179
2026-08-28 15:46:00-04:00,347.3999938964844,347.7200012207031,347.3399963378906,347.5400085449219,55427
2026-08-28 15:47:00-04:00,347.3299865722656,347.409912109375,347.260009765625,347.37298583984375,42114
2026-08-28 15:48:00-04:00,347.3299865722656,347.3500061035156,347.17999267578125,347.30999755859375,38243
2026-08-28 15:49:00-04:00,347.489990234375,347.5799865722656,347.2850036621094,347.3363952636719,45692
2026-08-28 15:50:00-04:00,347.7850036621094,347.909912109375,347.4700012207031,347.5,97522
2026-08-28 15:51:00-04:00,347.5799865722656,347.79998779296875,347.3995056152344,347.79998779296875,84294
2026-08-28 15:52:00-04:00,347.8450012207031,347.8599853515625,347.57110595703125,347.5799865722656,80217
2026-08-28 15:53:00-04:00,348.1000061035156,348.1000061035156,347.70001220703125,347.8399963378906,132916
2026-08-28 15:54:00-04:00,348.3800048828125,348.6400146484375,348.1014099121094,348.1300048828125,151151
2026-08-28 15:55:00-04:00,349.57000732421875,349.7799987792969,348.3800048828125,348.389892578125,480180
2026-08-28 15:56:00-04:00,348.989990234375,349.6000061035156,348.9200134277344,349.56500244140625,216504
2026-08-28 15:57:00-04:00,349.0199890136719,349.1099853515625,348.7799987792969,348.989990234375,217647
2026-08-28 15:58:00-04:00,349.1199951171875,349.2149963378906,348.95098876953125,349.0199890136719,218656
2026-08-28 15:59:00-04:00,348.760009765625,349.1199951171875,348.5299987792969,349.1099853515625,481554
2026-08-31 09:30:00-04:00,349.32501220703125,349.4599914550781,347.1499938964844,347.1499938964844,909921
2026-08-31 09:31:00-04:00,353.7340087890625,353.82611083984375,349.2799987792969,349.3800048828125,359456
2026-08-31 09:32:00-04:00,353.2900085449219,354.8550109863281,353.2099914550781,353.67498779296875,315310
2026-08-31 09:33:00-04:00,352.989990234375,353.57000732421875,351.5299987792969,353.3699035644531,291511
2026-08-31 09:34:00-04:00,352.55999755859375,352.8900146484375,351.45001220703125,352.760009765625,242650
2026-08-31 09:35:00-04:00,352.4800109863281,352.8500061035156,351.75,352.40008544921875,181669
2026-08-31 09:36:00-04:00,351.82501220703125,352.6000061035156,351.3999938964844,352.5481872558594,162827
2026-08-31 09:37:00-04:00,353.1553039550781,353.5,351.7099914550781,351.82000732421875,194882
2026-08-31 09:38:00-04:00,353.0199890136719,354.20001220703125,352.8599853515625,353.2300109863281,207241
2026-08-31 09:39:00-04:00,353.67999267578125,353.7799987792969,352.7099914550781,353.0199890136719,116253
2026-08-31 09:40:00-04:00,354.2049865722656,354.75,353.75,353.82000732421875,232324
2026-08-31 09:41:00-04:00,353.95001220703125,354.3999938964844,353.510009765625,354.2049865722656,164792
2026-08-31 09:42:00-04:00,355.4599914550781,355.6719970703125,353.5899963378906,353.92999267578125,242556
2026-08-31 09:43:00-04:00,355.4601135253906,355.94000244140625,354.92999267578125,355.4599914550781,270807
2026-08-31 09:44:00-04:00,355.82000732421875,355.9200134277344,354.760009765625,355.5150146484375,204435
2026-08-31 09:45:00-04:00,357.0899963378906,357.2850036621094,355.7349853515625,355.82000732421875,409946
2026-08-31 09:46:00-04:00,357.5,357.510009765625,356.41119384765625,357.0799865722656,315852
2026-08-31 09:47:00-04:00,358.1199951171875,358.29998779296875,356.53009033203125,357.489990234375,344255
2026-08-31 09:48:00-04:00,358.9513854980469,359.2200012207031,358.0,358.1199951171875,328030
2026-08-31 09:49:00-04:00,359.4200134277344,359.70001220703125,358.20001220703125,358.989990234375,394836
2026-08-31 09:50:00-04:00,359.1299133300781,359.5199890136719,358.6099853515625,359.4200134277344,211830
2026-08-31 09:51:00-04:00,360.1099853515625,360.5,358.70001220703125,359.1300048828125,454490
2026-08-31 09:52:00-04:00,360.82501220703125,360.989990234375,359.8599853515625,360.0801086425781,374912
2026-08-31 09:53:00-04:00,359.1400146484375,361.0339050292969,358.5700988769531,360.82000732421875,339860
2026-08-31 09:54:00-04:00,360.3999938964844,360.510009765625,359.1400146484375,359.1650085449219,246162
2026-08-31 09:55:00-04:00,359.44500732421875,360.6199951171875,358.7630920410156,360.5050048828125,263651
2026-08-31 09:56:00-04:00,359.9100036621094,360.1000061035156,359.010009765625,359.4200134277344,193465
2026-08-31 09:57:00-04:00,361.07000732421875,361.1499938964844,359.739990234375,359.989990234375,213882
2026-08-31 09:58:00-04:00,360.197509765625,361.1300048828125,360.0199890136719,361.07000732421875,198512
2026-08-31 09:59:00-04:00,360.1300048828125,360.3699951171875,359.5899963378906,360.1600036621094,149038
2026-08-31 10:00:00-04:00,360.3349914550781,360.70001220703125,360.0,360.1400146484375,162114
2026-08-31 10:01:00-04:00,360.3599853515625,360.7195129394531,359.9700012207031,360.3349914550781,124647
2026-08-31 10:02:00-04:00,360.3949890136719,360.95001220703125,360.1700134277344,360.31500244140625,194974
2026-08-31 10:03:00-04:00,360.4657897949219,361.2096862792969,360.3500061035156,360.3500061035156,240952
2026-08-31 10:04:00-04:00,360.5400085449219,361.0,360.1200866699219,360.4800109863281,231119
2026-08-31 10:05:00-04:00,360.6000061035156,361.29998779296875,360.04998779296875,360.4100036621094,299373
2026-08-31 10:06:00-04:00,360.7651062011719,361.2799987792969,360.53009033203125,360.6499938964844,207348
2026-08-31 10:07:00-04:00,360.3299865722656,360.8399963378906,360.1200866699219,360.8399963378906,174825
2026-08-31 10:08:00-04:00,361.0899963378906,361.3996887207031,360.2099914550781,360.30499267578125,247434
2026-08-31 10:09:00-04:00,360.7922058105469,361.2598876953125,360.1700134277344,361.07501220703125,174141
2026-08-31 10:10:00-04:00,361.2749938964844,361.29998779296875,360.4800109863281,360.760009765625,195113
2026-08-31 10:11:00-04:00,361.04998779296875,361.92999267578125,361.0000915527344,361.239990234375,247416
2026-08-31 10:12:00-04:00,360.4200134277344,361.2799072265625,360.04998779296875,361.04998779296875,202901
2026-08-31 10:13:00-04:00,360.6199951171875,360.95001220703125,360.05010986328125,360.385009765625,151087
2026-08-31 10:14:00-04:00,360.889892578125,360.889892578125,360.3301086425781,360.6499938964844,90488
2026-08-31 10:15:00-04:00,360.45001220703125,361.20001220703125,360.364990234375,360.889892578125,141240
2026-08-31 10:16:00-04:00,362.1199035644531,362.23748779296875,360.4549865722656,360.4549865722656,291356
2026-08-31 10:17:00-04:00,362.95001220703125,363.0400085449219,361.7200012207031,362.1199951171875,393613
2026-08-31 10:18:00-04:00,361.8800048828125,363.0299072265625,361.8500061035156,362.9599914550781,252190
2026-08-31 10:19:00-04:00,361.67999267578125,362.1000061035156,361.54998779296875,361.8900146484375,137320
2026-08-31 10:20:00-04:00,362.1400146484375,362.43499755859375,361.2200012207031,361.7200012207031,302792
2026-08-31 10:21:00-04:00,362.6000061035156,362.79998779296875,361.79998779296875,362.090087890625,234942
2026-08-31 10:22:00-04:00,361.7900085449219,362.79998779296875,361.7900085449219,362.54998779296875,233742
2026-08-31 10:23:00-04:00,362.6643981933594,362.67999267578125,361.70001220703125,361.8699951171875,214704
2026-08-31 10:24:00-04:00,361.8800048828125,362.67999267578125,361.7300109863281,362.6698913574219,159254
2026-08-31 10:25:00-04:00,362.1700134277344,362.2799072265625,361.68011474609375,361.82000732421875,204946
2026-08-31 10:26:00-04:00,362.5249938964844,362.8399963378906,362.1300048828125,362.17498779296875,174755
2026-08-31 10:27:00-04:00,363.7349853515625,363.75,362.29998779296875,362.4800109863281,226596
2026-08-31 10:28:00-04:00,364.4898986816406,364.5,363.6400146484375,363.7349853515625,350961
2026-08-31 10:29:00-04:00,363.58319091796875,364.8599853515625,363.5,364.45001220703125,281012
2026-08-31 10:30:00-04:00,364.07000732421875,364.20001220703125,362.8800048828125,363.57000732421875,239513
2026-08-31 10:31:00-04:00,363.94000244140625,364.8399963378906,363.6155090332031,364.1300048828125,222161
2026-08-31 10:32:00-04:00,363.864990234375,364.70001220703125,363.70001220703125,363.9700012207031,157633
2026-08-31 10:33:00-04:00,364.3599853515625,364.6700134277344,363.6346130371094,363.83270263671875,160698
2026-08-31 10:34:00-04:00,363.8949890136719,364.7300109863281,363.67999267578125,364.3599853515625,213706
2026-08-31 10:35:00-04:00,365.65899658203125,365.760009765625,363.8599853515625,363.8949890136719,337276
2026-08-31 10:36:00-04:00,365.1600036621094,365.80999755859375,364.739990234375,365.69000244140625,300778
2026-08-31 10:37:00-04:00,364.5050048828125,365.54998779296875,364.3999938964844,365.1400146484375,224397
2026-08-31 10:38:00-04:00,364.6000061035156,365.32000732421875,364.3299865722656,364.4888000488281,149435
2026-08-31 10:39:00-04:00,363.29998779296875,364.5,363.1400146484375,364.5,265134
2026-08-31 10:40:00-04:00,364.06500244140625,364.2499084472656,362.760009765625,363.2099914550781,260523
2026-08-31 10:41:00-04:00,364.7300109863281,364.7698974609375,363.7300109863281,364.0799865722656,155158
2026-08-31 10:42:00-04:00,364.75,365.1199035644531,364.4800109863281,364.7499084472656,213753
2026-08-31 10:43:00-04:00,365.3320007324219,365.3599853515625,364.6000061035156,364.82000732421875,165372
2026-08-31 10:44:00-04:00,365.05499267578125,365.7099914550781,364.8299865722656,365.2950134277344,217160
2026-08-31 10:45:00-04:00,364.75,365.2950134277344,364.60699462890625,365.05499267578125,154703
2026-08-31 10:46:00-04:00,365.260498046875,365.5400085449219,364.7001037597656,364.79998779296875,158128
2026-08-31 10:47:00-04:00,365.260009765625,365.32000732421875,364.80999755859375,365.2900085449219,96075
2026-08-31 10:48:00-04:00,364.6499938964844,365.29998779296875,364.6499938964844,365.260009765625,70363
2026-08-31 10:49:00-04:00,363.8599853515625,364.8299865722656,363.6400146484375,364.6716003417969,160665
2026-08-31 10:50:00-04:00,363.7705078125,364.05999755859375,363.260498046875,363.8599853515625,182133
2026-08-31 10:51:00-04:00,363.6588134765625,364.1099853515625,363.5899963378906,363.7950134277344,136592
2026-08-31 10:52:00-04:00,363.5,363.8699035644531,363.4200134277344,363.6499938964844,90199
2026-08-31 10:53:00-04:00,362.51141357421875,363.55999755859375,362.51141357421875,363.4599914550781,164157
2026-08-31 10:54:00-04:00,362.2945861816406,362.7898864746094,362.034912109375,362.5199890136719,209279
2026-08-31 10:55:00-04:00,362.06500244140625,362.45001220703125,361.8500061035156,362.3299865722656,214786
2026-08-31 10:56:00-04:00,363.2749938964844,363.3599853515625,362.06500244140625,362.07000732421875,172437
2026-08-31 10:57:00-04:00,363.7688903808594,363.9200134277344,363.0101013183594,363.2250061035156,147459
2026-08-31 10:58:00-04:00,363.5000915527344,363.94000244140625,363.3500061035156,363.7200012207031,146941
2026-08-31 10:59:00-04:00,363.8900146484375,363.8900146484375,363.3500061035156,363.510009765625,108677
2026-08-31 11:00:00-04:00,364.5899963378906,364.70001220703125,363.5199890136719,363.80999755859375,186246
2026-08-31 11:01:00-04:00,364.1510925292969,364.739990234375,364.1000061035156,364.57330322265625,123008
2026-08-31 11:02:00-04:00,363.9150085449219,364.9599914550781,363.70001220703125,364.2250061035156,166267
2026-08-31 11:03:00-04:00,364.0,364.6600036621094,363.62109375,363.93499755859375,131720
2026-08-31 11:04:00-04:00,364.4599914550781,365.010009765625,363.9599914550781,364.0050048828125,133418
2026-08-31 11:05:00-04:00,364.92999267578125,365.14569091796875,364.3299865722656,364.4750061035156,147265
2026-08-31 11:06:00-04:00,364.875,365.1199951171875,364.5799865722656,364.92999267578125,86081
2026-08-31 11:07:00-04:00,364.5350036621094,365.2099914550781,364.42010498046875,364.864013671875,151505
2026-08-31 11:08:00-04:00,364.45001220703125,364.6400146484375,364.2799987792969,364.489990234375,87790
2026-08-31 11:09:00-04:00,364.6050109863281,364.95001220703125,364.4599914550781,364.4599914550781,131053
2026-08-31 11:10:00-04:00,365.125,365.2099914550781,364.54998779296875,364.6600036621094,144796
2026-08-31 11:11:00-04:00,364.8550109863281,365.44000244140625,364.8399963378906,365.1499938964844,139351
2026-08-31 11:12:00-04:00,364.9700012207031,365.489990234375,364.8570861816406,364.864990234375,109106
2026-08-31 11:13:00-04:00,365.17498779296875,365.6499938964844,364.8500061035156,364.95001220703125,161227
2026-08-31 11:14:00-04:00,364.81500244140625,365.1499938964844,364.6700134277344,365.1499938964844,103113
2026-08-31 11:15:00-04:00,365.07000732421875,365.2799987792969,364.78009033203125,364.81500244140625,91093
2026-08-31 11:16:00-04:00,364.8299865722656,365.29998779296875,364.7200012207031,365.0950012207031,182878
2026-08-31 11:17:00-04:00,364.3599853515625,364.8500061035156,364.32000732421875,364.81500244140625,119093
2026-08-31 11:18:00-04:00,364.489990234375,364.59991455078125,364.2099914550781,364.3800048828125,120516
2026-08-31 11:19:00-04:00,364.6499938964844,364.7102966308594,364.0199890136719,364.510009765625,156938
2026-08-31 11:20:00-04:00,364.4150085449219,364.7398986816406,364.0199890136719,364.6549987792969,65756
2026-08-31 11:21:00-04:00,364.739990234375,365.0198974609375,364.2301025390625,364.4150085449219,108315
2026-08-31 11:22:00-04:00,364.2149963378906,364.9700012207031,364.0299987792969,364.75,62528
2026-08-31 11:23:00-04:00,363.9049987792969,364.260009765625,363.7099914550781,364.2200012207031,159901
2026-08-31 11:24:00-04:00,363.8100891113281,364.0504150390625,363.5400085449219,363.9100036621094,90552
2026-08-31 11:25:00-04:00,363.2900085449219,364.0379943847656,363.19000244140625,363.8599853515625,106875
2026-08-31 11:26:00-04:00,363.2699890136719,363.67999267578125,363.2300109863281,363.32000732421875,104945
2026-08-31 11:27:00-04:00,363.8800048828125,363.95001220703125,363.1700134277344,363.239990234375,91762
2026-08-31 11:28:00-04:00,364.2099914550781,364.3800048828125,363.8800048828125,363.8999938964844,131806
2026-08-31 11:29:00-04:00,364.1199035644531,364.44000244140625,364.0199890136719,364.2099914550781,71957
2026-08-31 11:30:00-04:00,363.8699951171875,364.19000244140625,363.739990234375,364.0899963378906,89333
2026-08-31 11:31:00-04:00,363.2799987792969,364.1199951171875,362.9599914550781,363.8663024902344,151191
2026-08-31 11:32:00-04:00,363.260009765625,363.6581115722656,363.1300964355469,363.4389953613281,70332
2026-08-31 11:33:00-04:00,363.2799987792969,363.5199890136719,363.17999267578125,363.30499267578125,80334
2026-08-31 11:34:00-04:00,363.1499938964844,363.29998779296875,363.05999755859375,363.2449951171875,46825
2026-08-31 11:35:00-04:00,363.5801086425781,363.8890075683594,363.114990234375,363.114990234375,105351
2026-08-31 11:36:00-04:00,364.0899963378906,364.260009765625,363.4700012207031,363.6400146484375,78300
2026-08-31 11:37:00-04:00,364.1700134277344,364.3500061035156,363.81988525390625,364.0799865722656,68267
2026-08-31 11:38:00-04:00,364.2049865722656,364.34991455078125,363.8900146484375,364.20001220703125,60787
2026-08-31 11:39:00-04:00,364.19000244140625,364.30499267578125,363.875,364.2099914550781,51049
2026-08-31 11:40:00-04:00,364.260009765625,364.5299987792969,364.1099853515625,364.19000244140625,74531
2026-08-31 11:41:00-04:00,363.875,364.37310791015625,363.7200927734375,364.32000732421875,83014
2026-08-31 11:42:00-04:00,364.1050109863281,364.2699890136719,363.7099914550781,363.9198913574219,56842
2026-08-31 11:43:00-04:00,364.6000061035156,365.20001220703125,364.0799865722656,364.1099853515625,194161
2026-08-31 11:44:00-04:00,364.9100036621094,364.9599914550781,364.3800048828125,364.6549987792969,101661
2026-08-31 11:45:00-04:00,364.9700012207031,365.3900146484375,364.7799987792969,364.9100036621094,195047
2026-08-31 11:46:00-04:00,365.489990234375,365.6000061035156,364.94000244140625,364.9934997558594,169359
2026-08-31 11:47:00-04:00,365.5299987792969,365.7298889160156,365.41009521484375,365.4700012207031,157505
2026-08-31 11:48:00-04:00,365.6549987792969,365.69000244140625,365.30999755859375,365.5150146484375,99462
2026-08-31 11:49:00-04:00,365.318115234375,365.8800048828125,365.29998779296875,365.6317138671875,173922
2026-08-31 11:50:00-04:00,366.4599914550781,366.4800109863281,365.30999755859375,365.3299865722656,284959
2026-08-31 11:51:00-04:00,366.5950012207031,366.94000244140625,366.44000244140625,366.4599914550781,267663
2026-08-31 11:52:00-04:00,366.55499267578125,366.722900390625,366.1711120605469,366.5950012207031,152295
2026-08-31 11:53:00-04:00,366.7850036621094,366.8599853515625,366.1300048828125,366.56451416015625,193720
2026-08-31 11:54:00-04:00,367.0400085449219,367.1499938964844,366.6400146484375,366.7500915527344,261487
2026-08-31 11:55:00-04:00,366.8500061035156,367.0899963378906,366.7300109863281,367.0899963378906,136777
2026-08-31 11:56:00-04:00,366.45001220703125,366.92999267578125,366.2799987792969,366.8293151855469,147340
2026-08-31 11:57:00-04:00,366.4800109863281,366.7900085449219,366.0205078125,366.42999267578125,130583
2026-08-31 11:58:00-04:00,365.5849914550781,366.55999755859375,365.3500061035156,366.489990234375,173536
2026-08-31 11:59:00-04:00,365.44000244140625,365.80999755859375,365.29998779296875,365.5849914550781,100356
2026-08-31 12:00:00-04:00,365.3399963378906,365.6000061035156,365.1099853515625,365.489990234375,117350
2026-08-31 12:01:00-04:00,364.7300109863281,365.31500244140625,364.70001220703125,365.2799987792969,170769
2026-08-31 12:02:00-04:00,364.4049987792969,364.840087890625,364.3599853515625,364.760009765625,112929
2026-08-31 12:03:00-04:00,363.8598937988281,364.5799865722656,363.760009765625,364.5400085449219,167327
2026-08-31 12:04:00-04:00,363.8340148925781,364.0299987792969,363.7200012207031,363.8598937988281,96269
2026-08-31 12:05:00-04:00,363.9599914550781,364.0799865722656,363.67999267578125,363.8550109863281,100165
2026-08-31 12:06:00-04:00,363.385009765625,364.0437927246094,363.29998779296875,363.9949951171875,121742
2026-08-31 12:07:00-04:00,363.9949951171875,364.1499938964844,363.3500061035156,363.3900146484375,123627
2026-08-31 12:08:00-04:00,363.7862854003906,364.0199890136719,363.6700134277344,364.0050048828125,69196
2026-08-31 12:09:00-04:00,364.9750061035156,365.25,363.6300048828125,363.69500732421875,221944
2026-08-31 12:10:00-04:00,365.5199890136719,365.5899963378906,364.73590087890625,364.9602966308594,149751
2026-08-31 12:11:00-04:00,366.1401062011719,366.2300109863281,365.3500061035156,365.54949951171875,149726
2026-08-31 12:12:00-04:00,366.6700134277344,366.760009765625,366.0119934082031,366.17401123046875,168203
2026-08-31 12:13:00-04:00,366.364013671875,366.67559814453125,366.260009765625,366.6700134277344,168538
2026-08-31 12:14:00-04:00,366.57000732421875,366.6600036621094,366.17999267578125,366.3546142578125,105777
2026-08-31 12:15:00-04:00,366.2900085449219,366.69000244140625,366.18438720703125,366.57000732421875,101012
2026-08-31 12:16:00-04:00,366.44000244140625,366.54998779296875,366.2200012207031,366.2749938964844,71649
2026-08-31 12:17:00-04:00,366.3999938964844,366.54998779296875,366.260009765625,366.45001220703125,75510
2026-08-31 12:18:00-04:00,366.3550109863281,366.62799072265625,366.1499938964844,366.4783935546875,96967
2026-08-31 12:19:00-04:00,366.1300048828125,366.5299987792969,366.1300048828125,366.3900146484375,180975
2026-08-31 12:20:00-04:00,366.2950134277344,366.3599853515625,365.9100036621094,366.1499938964844,119759
2026-08-31 12:21:00-04:00,366.2799987792969,366.4700012207031,366.05999755859375,366.2799987792969,110750
2026-08-31 12:22:00-04:00,365.8599853515625,366.29998779296875,365.5950012207031,366.2550048828125,86238
2026-08-31 12:23:00-04:00,365.6600036621094,365.95001220703125,365.6499938964844,365.84619140625,51192
2026-08-31 12:24:00-04:00,365.79998779296875,365.9798889160156,365.6600036621094,365.6600036621094,41053
2026-08-31 12:25:00-04:00,365.8999938964844,365.94000244140625,365.510009765625,365.8395080566406,88690
2026-08-31 12:26:00-04:00,365.5799865722656,365.89990234375,365.3599853515625,365.875,87802
2026-08-31 12:27:00-04:00,364.7149963378906,365.6000061035156,364.67999267578125,365.5799865722656,120349
2026-08-31 12:28:00-04:00,365.0400085449219,365.1700134277344,364.6300048828125,364.75,82179
2026-08-31 12:29:00-04:00,365.0899963378906,365.1400146484375,364.5899963378906,365.0400085449219,64322
2026-08-31 12:30:00-04:00,364.864990234375,365.1199951171875,364.7850036621094,365.1099853515625,80295
2026-08-31 12:31:00-04:00,365.1600036621094,365.2699890136719,364.8500061035156,364.875,76367
2026-08-31 12:32:00-04:00,364.81500244140625,365.260009765625,364.7699890136719,365.1400146484375,50582
2026-08-31 12:33:00-04:00,364.8504943847656,365.14990234375,364.81500244140625,364.8599853515625,44966
2026-08-31 12:34:00-04:00,364.7799987792969,365.0400085449219,364.6700134277344,364.875,61741
2026-08-31 12:35:00-04:00,365.20001220703125,365.2149963378906,364.75,364.75,66378
2026-08-31 12:36:00-04:00,364.9949951171875,365.3699951171875,364.989990234375,365.19549560546875,70084
2026-08-31 12:37:00-04:00,364.8299865722656,365.0299987792969,364.75,364.9700012207031,44883
2026-08-31 12:38:00-04:00,364.4649963378906,364.8893127441406,364.42999267578125,364.8450927734375,73646
2026-08-31 12:39:00-04:00,364.69720458984375,364.7699890136719,364.239990234375,364.4599914550781,80731
2026-08-31 12:40:00-04:00,364.3399963378906,364.7099914550781,364.16009521484375,364.6400146484375,68159
2026-08-31 12:41:00-04:00,364.4750061035156,364.5299987792969,364.2799987792969,364.3599853515625,76606
2026-08-31 12:42:00-04:00,364.93499755859375,365.05999755859375,364.4599914550781,364.4750061035156,93152
2026-08-31 12:43:00-04:00,364.92999267578125,365.010009765625,364.55999755859375,364.94000244140625,81084
2026-08-31 12:44:00-04:00,364.8999938964844,365.17999267578125,364.8500061035156,364.9200134277344,70731
2026-08-31 12:45:00-04:00,364.55999755859375,365.1199035644531,364.50079345703125,364.95001220703125,52993
2026-08-31 12:46:00-04:00,364.6549987792969,364.8999938964844,364.510009765625,364.55999755859375,47077
2026-08-31 12:47:00-04:00,364.9595947265625,364.9800109863281,364.6300048828125,364.67999267578125,35848
2026-08-31 12:48:00-04:00,365.25201416015625,365.32000732421875,364.760009765625,364.9800109863281,90557
2026-08-31 12:49:00-04:00,365.489990234375,365.5,365.1499938964844,365.2699890136719,80109
2026-08-31 12:50:00-04:00,365.7699890136719,365.7699890136719,365.2699890136719,365.44000244140625,103340
2026-08-31 12:51:00-04:00,365.55999755859375,365.8699951171875,365.42999267578125,365.7300109863281,99189
2026-08-31 12:52:00-04:00,365.2500915527344,365.95001220703125,365.2300109863281,365.4822998046875,115616
2026-08-31 12:53:00-04:00,365.8349914550781,365.9599914550781,365.2850036621094,365.2850036621094,114798
2026-08-31 12:54:00-04:00,365.8900146484375,365.9200134277344,365.5,365.8349914550781,68677
2026-08-31 12:55:00-04:00,365.95001220703125,365.9599914550781,365.6199951171875,365.82000732421875,58273
2026-08-31 12:56:00-04:00,366.2449951171875,366.4800109863281,365.9200134277344,365.9200134277344,144454
2026-08-31 12:57:00-04:00,366.1300048828125,366.3299865722656,366.0799865722656,366.2699890136719,64872
2026-08-31 12:58:00-04:00,366.0450134277344,366.3299865722656,365.8500061035156,366.1300048828125,79090
2026-08-31 12:59:00-04:00,366.05499267578125,366.1000061035156,365.75,366.0450134277344,86096
2026-08-31 13:00:00-04:00,366.1050109863281,366.1700134277344,365.8301086425781,366.0299987792969,57704
2026-08-31 13:01:00-04:00,366.19219970703125,366.1964111328125,365.7583923339844,366.1050109863281,68715
2026-08-31 13:02:00-04:00,365.8299865722656,366.2200012207031,365.7099914550781,366.1499938964844,63633
2026-08-31 13:03:00-04:00,365.55499267578125,365.8800048828125,365.5299987792969,365.8299865722656,57085
2026-08-31 13:04:00-04:00,365.30999755859375,365.62750244140625,365.29998779296875,365.55499267578125,67813
2026-08-31 13:05:00-04:00,365.2149963378906,365.6400146484375,365.1600036621094,365.3399963378906,50659
2026-08-31 13:06:00-04:00,365.5039978027344,365.760009765625,365.20001220703125,365.2300109863281,71736
2026-08-31 13:07:00-04:00,365.29010009765625,365.6700134277344,365.29010009765625,365.4949951171875,42117
2026-08-31 13:08:00-04:00,365.7500915527344,365.8299865722656,365.2900085449219,365.2900085449219,83239
2026-08-31 13:09:00-04:00,365.7449951171875,366.010009765625,365.5799865722656,365.75,67061
2026-08-31 13:10:00-04:00,365.8099060058594,365.989990234375,365.6499938964844,365.7099914550781,61530
2026-08-31 13:11:00-04:00,366.1300048828125,366.1300048828125,365.6400146484375,365.7799987792969,63436
2026-08-31 13:12:00-04:00,366.1780090332031,366.2900085449219,365.989990234375,366.1300048828125,79493
2026-08-31 13:13:00-04:00,366.5199890136719,366.6000061035156,366.1494140625,366.19000244140625,116757
2026-08-31 13:14:00-04:00,366.739990234375,366.7898864746094,366.5,366.55999755859375,121998
2026-08-31 13:15:00-04:00,366.79998779296875,366.8500061035156,366.43670654296875,366.739990234375,113793
2026-08-31 13:16:00-04:00,367.36590576171875,367.3999938964844,366.7699890136719,366.82000732421875,253326
2026-08-31 13:17:00-04:00,366.91009521484375,367.3999938964844,366.82000732421875,367.3999938964844,136089
2026-08-31 13:18:00-04:00,366.25,366.95001220703125,366.2099914550781,366.92999267578125,121761
2026-08-31 13:19:00-04:00,366.4649963378906,366.6000061035156,366.0299987792969,366.25,95553
2026-08-31 13:20:00-04:00,366.1000061035156,366.6400146484375,366.0101013183594,366.4601135253906,82572
2026-08-31 13:21:00-04:00,365.92919921875,366.1099853515625,365.760009765625,366.010009765625,96000
2026-08-31 13:22:00-04:00,365.8599853515625,366.0899963378906,365.79998779296875,365.9599914550781,78358
2026-08-31 13:23:00-04:00,366.0150146484375,366.0150146484375,365.79998779296875,365.8900146484375,35776
2026-08-31 13:24:00-04:00,365.6549987792969,366.0799865722656,365.57000732421875,366.0199890136719,66007
2026-08-31 13:25:00-04:00,365.5039978027344,365.7699890136719,365.45001220703125,365.6300964355469,73080
2026-08-31 13:26:00-04:00,365.39990234375,365.59478759765625,365.3599853515625,365.510009765625,55238
2026-08-31 13:27:00-04:00,365.260498046875,365.4399108886719,364.95001220703125,365.3699951171875,123975
2026-08-31 13:28:00-04:00,365.54998779296875,365.6600036621094,365.2200012207031,365.32000732421875,95143
2026-08-31 13:29:00-04:00,365.239990234375,365.6000061035156,365.1802062988281,365.54998779296875,59245
2026-08-31 13:30:00-04:00,365.4100036621094,365.6099853515625,365.19000244140625,365.19000244140625,58046
2026-08-31 13:31:00-04:00,365.510009765625,365.7300109863281,365.2699890136719,365.4299011230469,286572
2026-08-31 13:32:00-04:00,365.7799987792969,365.8599853515625,365.54998779296875,365.6099853515625,53684
2026-08-31 13:33:00-04:00,366.2149963378906,366.223388671875,365.7550048828125,365.7799987792969,112553
2026-08-31 13:34:00-04:00,366.3299865722656,366.54998779296875,366.110107421875,366.2300109863281,99660
2026-08-31 13:35:00-04:00,366.760009765625,366.8800048828125,366.30999755859375,366.3349914550781,122805
2026-08-31 13:36:00-04:00,367.1549987792969,367.2799987792969,366.581787109375,366.760009765625,139421
2026-08-31 13:37:00-04:00,367.0400085449219,367.3294982910156,366.80999755859375,367.19000244140625,128306
2026-08-31 13:38:00-04:00,366.80999755859375,367.04998779296875,366.6336975097656,367.0299987792969,122377
2026-08-31 13:39:00-04:00,367.0199890136719,367.0599060058594,366.75,366.80999755859375,92948
2026-08-31 13:40:00-04:00,366.9700012207031,367.07000732421875,366.8500061035156,367.0199890136719,66471
2026-08-31 13:41:00-04:00,367.0899963378906,367.1199035644531,366.7681884765625,366.94500732421875,83655
2026-08-31 13:42:00-04:00,367.1050109863281,367.239990234375,367.0199890136719,367.1000061035156,80896
2026-08-31 13:43:00-04:00,367.2650146484375,367.381591796875,366.92010498046875,367.1050109863281,129928
2026-08-31 13:44:00-04:00,367.30999755859375,367.385009765625,367.10009765625,367.2300109863281,63811
2026-08-31 13:45:00-04:00,367.6600036621094,367.7699890136719,367.2900085449219,367.3299865722656,232622
2026-08-31 13:46:00-04:00,367.5050048828125,367.7300109863281,367.3304138183594,367.7099914550781,115976
2026-08-31 13:47:00-04:00,367.5,367.6747131347656,367.42999267578125,367.5050048828125,60922
2026-08-31 13:48:00-04:00,367.6050109863281,367.6799011230469,367.3699951171875,367.4435119628906,73501
2026-08-31 13:49:00-04:00,367.6199951171875,367.7998962402344,367.5203857421875,367.6099853515625,124986
2026-08-31 13:50:00-04:00,367.6700134277344,367.79998779296875,367.510009765625,367.6099853515625,88956
2026-08-31 13:51:00-04:00,368.1383056640625,368.2799987792969,367.6600036621094,367.6600036621094,332126
2026-08-31 13:52:00-04:00,368.07000732421875,368.2496032714844,368.04998779296875,368.1300048828125,110252
2026-08-31 13:53:00-04:00,368.3399963378906,368.5,367.9100036621094,368.07501220703125,168511
2026-08-31 13:54:00-04:00,368.3500061035156,368.45001220703125,368.05999755859375,368.3349914550781,93267
2026-08-31 13:55:00-04:00,368.20001220703125,368.5400085449219,368.17010498046875,368.3500061035156,136537
2026-08-31 13:56:00-04:00,367.864990234375,368.2499084472656,367.8301086425781,368.17999267578125,132303
2026-08-31 13:57:00-04:00,367.8987121582031,368.0799865722656,367.7200012207031,367.8599853515625,106991
2026-08-31 13:58:00-04:00,368.2900085449219,368.32000732421875,367.8327941894531,367.8699951171875,90505
2026-08-31 13:59:00-04:00,368.3999938964844,368.45001220703125,368.1300048828125,368.29840087890625,91864
2026-08-31 14:00:00-04:00,368.1400146484375,368.3999938964844,368.1000061035156,368.3900146484375,74757
2026-08-31 14:01:00-04:00,367.8900146484375,368.260009765625,367.8399963378906,368.1499938964844,87779
2026-08-31 14:02:00-04:00,367.95001220703125,368.1000061035156,367.8450012207031,367.8450012207031,67386
2026-08-31 14:03:00-04:00,367.95989990234375,368.04998779296875,367.6300048828125,367.95001220703125,128084
2026-08-31 14:04:00-04:00,367.67999267578125,368.09991455078125,367.6611022949219,367.94000244140625,54104
2026-08-31 14:05:00-04:00,367.4700927734375,367.7900085449219,367.43011474609375,367.67999267578125,104880
2026-08-31 14:06:00-04:00,367.89990234375,368.3699951171875,367.4200134277344,367.5050048828125,93559
2026-08-31 14:07:00-04:00,367.2799072265625,367.8763122558594,367.25,367.864990234375,68233
2026-08-31 14:08:00-04:00,367.1499938964844,367.3599853515625,367.03009033203125,367.2900085449219,76552
2026-08-31 14:09:00-04:00,367.3349914550781,367.4200134277344,367.04998779296875,367.110107421875,75712
2026-08-31 14:10:00-04:00,367.4649963378906,367.54998779296875,367.2200012207031,367.3599853515625,54776
2026-08-31 14:11:00-04:00,367.1499938964844,367.5199890136719,367.1000061035156,367.4800109863281,66235
2026-08-31 14:12:00-04:00,366.9100036621094,367.16009521484375,366.8599853515625,367.1600036621094,121415
2026-08-31 14:13:00-04:00,367.2099914550781,367.45001220703125,366.8500061035156,366.8900146484375,101058
2026-08-31 14:14:00-04:00,367.6499938964844,367.80999755859375,367.2099914550781,367.2699890136719,75063
2026-08-31 14:15:00-04:00,368.0498962402344,368.1000061035156,367.6300048828125,367.69488525390625,91594
2026-08-31 14:16:00-04:00,368.0476989746094,368.139892578125,367.79998779296875,368.03509521484375,79904
2026-08-31 14:17:00-04:00,367.9750061035156,368.29998779296875,367.9599914550781,368.0199890136719,75193
2026-08-31 14:18:00-04:00,367.8205871582031,367.989990234375,367.5199890136719,367.989990234375,84648
2026-08-31 14:19:00-04:00,367.6549987792969,367.9100036621094,367.5700988769531,367.8699951171875,52079
2026-08-31 14:20:00-04:00,367.5840148925781,367.75,367.5526123046875,367.6549987792969,66466
2026-08-31 14:21:00-04:00,367.4599914550781,367.739990234375,367.4071044921875,367.6099853515625,46882
2026-08-31 14:22:00-04:00,367.23590087890625,367.5199890136719,367.05999755859375,367.44500732421875,57300
2026-08-31 14:23:00-04:00,367.6199951171875,367.6600036621094,367.2799987792969,367.29998779296875,51377
2026-08-31 14:24:00-04:00,367.41009521484375,367.82989501953125,367.3999938964844,367.62799072265625,60067
2026-08-31 14:25:00-04:00,367.5,367.7200012207031,367.2799987792969,367.4100036621094,54299
2026-08-31 14:26:00-04:00,367.2250061035156,367.5249938964844,367.1000061035156,367.5249938964844,58731
2026-08-31 14:27:00-04:00,367.42999267578125,367.5429992675781,367.239990234375,367.260009765625,57286
2026-08-31 14:28:00-04:00,367.5,367.82000732421875,367.30999755859375,367.4630126953125,70150
2026-08-31 14:29:00-04:00,367.5098876953125,367.6000061035156,367.3500061035156,367.45001220703125,37156
2026-08-31 14:30:00-04:00,366.75,367.4549865722656,366.75,367.4200134277344,86877
2026-08-31 14:31:00-04:00,366.7099914550781,366.8900146484375,366.6499938964844,366.7715148925781,93815
2026-08-31 14:32:00-04:00,366.55999755859375,366.760009765625,366.29998779296875,366.6665954589844,121944
2026-08-31 14:33:00-04:00,366.5237121582031,366.7300109863281,366.4901123046875,366.56170654296875,81763
2026-08-31 14:34:00-04:00,366.2799987792969,366.6099853515625,366.2200012207031,366.53509521484375,70156
2026-08-31 14:35:00-04:00,366.06500244140625,366.44000244140625,366.0101013183594,366.2799987792969,104281
2026-08-31 14:36:00-04:00,365.9100036621094,366.1400146484375,365.7799987792969,366.0299987792969,133139
2026-08-31 14:37:00-04:00,365.6300048828125,365.92999267578125,365.54998779296875,365.92999267578125,70809
2026-08-31 14:38:00-04:00,365.7200012207031,366.0199890136719,365.6000061035156,365.6300048828125,112543
2026-08-31 14:39:00-04:00,365.6000061035156,365.7699890136719,365.5299987792969,365.7349853515625,67591
2026-08-31 14:40:00-04:00,365.70001220703125,365.81988525390625,365.3800048828125,365.57501220703125,92398
2026-08-31 14:41:00-04:00,365.6700134277344,366.010009765625,365.6000061035156,365.69000244140625,108194
2026-08-31 14:42:00-04:00,365.8500061035156,365.9700012207031,365.6499938964844,365.6600036621094,70989
2026-08-31 14:43:00-04:00,365.7361145019531,366.0400085449219,365.6778869628906,365.8500061035156,92205
2026-08-31 14:44:00-04:00,365.8599853515625,366.1600036621094,365.7301025390625,365.7699890136719,81742
2026-08-31 14:45:00-04:00,365.7987060546875,365.9599914550781,365.7300109863281,365.8299865722656,44194
2026-08-31 14:46:00-04:00,365.80999755859375,365.8699951171875,365.6099853515625,365.7900085449219,52751
2026-08-31 14:47:00-04:00,365.6405944824219,365.92999267578125,365.6400146484375,365.7799987792969,59847
2026-08-31 14:48:00-04:00,365.9200134277344,366.0,365.6400146484375,365.7099914550781,52781
2026-08-31 14:49:00-04:00,366.0,366.010009765625,365.8900146484375,365.9100036621094,41130
2026-08-31 14:50:00-04:00,365.8550109863281,366.05999755859375,365.75,366.0,58895
2026-08-31 14:51:00-04:00,365.94000244140625,366.09991455078125,365.78009033203125,365.8550109863281,55209
2026-08-31 14:52:00-04:00,365.9700012207031,366.1098937988281,365.9200134277344,365.93499755859375,30127
2026-08-31 14:53:00-04:00,366.0022888183594,366.07000732421875,365.82000732421875,365.94000244140625,37781
2026-08-31 14:54:00-04:00,365.9399108886719,366.260009765625,365.8800048828125,366.0376892089844,72971
2026-08-31 14:55:00-04:00,365.8399963378906,366.0,365.7710876464844,365.9049987792969,53498
2026-08-31 14:56:00-04:00,366.0450134277344,366.0899963378906,365.82000732421875,365.8865051269531,33783
2026-08-31 14:57:00-04:00,365.9849853515625,366.2298889160156,365.90008544921875,366.068115234375,56963
2026-08-31 14:58:00-04:00,366.1099853515625,366.1300048828125,365.8800964355469,365.95001220703125,48741
2026-08-31 14:59:00-04:00,365.79998779296875,366.1299133300781,365.7721862792969,366.0350036621094,42549
2026-08-31 15:00:00-04:00,365.5,365.9100036621094,365.44000244140625,365.7799987792969,82388
2026-08-31 15:01:00-04:00,365.5899963378906,365.6400146484375,365.25,365.4700012207031,101144
2026-08-31 15:02:00-04:00,365.8131103515625,365.8699035644531,365.4700012207031,365.625,77802
2026-08-31 15:03:00-04:00,365.9100036621094,366.0,365.760009765625,365.82000732421875,57093
2026-08-31 15:04:00-04:00,365.7485046386719,366.07000732421875,365.7301025390625,365.94000244140625,47855
2026-08-31 15:05:00-04:00,365.6000061035156,365.9389953613281,365.6000061035156,365.7401123046875,69934
2026-08-31 15:06:00-04:00,365.8915100097656,365.94000244140625,365.54998779296875,365.6499938964844,42291
2026-08-31 15:07:00-04:00,366.57000732421875,366.57000732421875,365.8367004394531,365.8385009765625,105873
2026-08-31 15:08:00-04:00,366.7049865722656,366.79998779296875,366.50299072265625,366.5350036621094,86245
2026-08-31 15:09:00-04:00,366.3580017089844,366.7200012207031,366.3500061035156,366.7049865722656,73436
2026-08-31 15:10:00-04:00,365.9501037597656,366.4399108886719,365.92999267578125,366.364990234375,90977
2026-08-31 15:11:00-04:00,366.1050109863281,366.2799072265625,365.95001220703125,365.95001220703125,46889
2026-08-31 15:12:00-04:00,365.7799987792969,366.3999938964844,365.760986328125,366.0707092285156,69555
2026-08-31 15:13:00-04:00,365.9100036621094,366.0,365.7200012207031,365.75,99921
2026-08-31 15:14:00-04:00,366.037109375,366.29998779296875,365.9200134277344,365.95001220703125,59147
2026-08-31 15:15:00-04:00,365.3800048828125,366.0299987792969,365.32000732421875,366.0299987792969,108533
2026-08-31 15:16:00-04:00,365.6000061035156,365.70989990234375,365.260009765625,365.32000732421875,96561
2026-08-31 15:17:00-04:00,365.5,365.79998779296875,365.3599853515625,365.5950012207031,81528
2026-08-31 15:18:00-04:00,365.4849853515625,365.72198486328125,365.3200988769531,365.4700012207031,90128
2026-08-31 15:19:00-04:00,365.6499938964844,365.8500061035156,365.4849853515625,365.5199890136719,51683
2026-08-31 15:20:00-04:00,365.8299865722656,365.8900146484375,365.6000061035156,365.69000244140625,51399
2026-08-31 15:21:00-04:00,365.79998779296875,366.0899963378906,365.7001037597656,365.8299865722656,62386
2026-08-31 15:22:00-04:00,366.3699951171875,366.3999938964844,365.81500244140625,365.81500244140625,88261
2026-08-31 15:23:00-04:00,366.3890075683594,366.3999938964844,366.1300964355469,366.3800048828125,87449
2026-08-31 15:24:00-04:00,366.5,366.6700134277344,366.30999755859375,366.4399108886719,78824
2026-08-31 15:25:00-04:00,366.9049987792969,366.9800109863281,366.4800109863281,366.5199890136719,86972
2026-08-31 15:26:00-04:00,366.93499755859375,366.9800109863281,366.7001037597656,366.9049987792969,84240
2026-08-31 15:27:00-04:00,366.8299865722656,366.95001220703125,366.60009765625,366.93499755859375,102177
2026-08-31 15:28:00-04:00,366.8399963378906,367.0400085449219,366.55010986328125,366.8299865722656,119681
2026-08-31 15:29:00-04:00,366.6650085449219,366.8999938964844,366.4599914550781,366.8599853515625,80179
2026-08-31 15:30:00-04:00,366.7699890136719,366.79998779296875,366.44000244140625,366.6300048828125,89071
2026-08-31 15:31:00-04:00,366.8500061035156,366.8999938964844,366.5592956542969,366.7997131347656,58465
2026-08-31 15:32:00-04:00,366.9700012207031,366.9700012207031,366.6400146484375,366.8500061035156,67509
2026-08-31 15:33:00-04:00,366.860107421875,367.010009765625,366.70001220703125,366.9700012207031,82056
2026-08-31 15:34:00-04:00,367.4100036621094,367.44000244140625,366.8599853515625,366.8900146484375,89039
2026-08-31 15:35:00-04:00,367.57000732421875,367.760009765625,367.30218505859375,367.4100036621094,119354
2026-08-31 15:36:00-04:00,367.5899963378906,367.760009765625,367.5050048828125,367.5924987792969,78587
2026-08-31 15:37:00-04:00,367.32000732421875,367.6372985839844,367.260009765625,367.5201110839844,71852
2026-08-31 15:38:00-04:00,366.7099914550781,367.385009765625,366.66009521484375,367.29998779296875,133217
2026-08-31 15:39:00-04:00,366.389892578125,366.8699951171875,366.20001220703125,366.739990234375,102188
2026-08-31 15:40:00-04:00,366.68499755859375,366.83990478515625,366.2650146484375,366.3299865722656,123920
2026-08-31 15:41:00-04:00,366.8500061035156,366.9299011230469,366.6099853515625,366.7099914550781,79279
2026-08-31 15:42:00-04:00,367.010009765625,367.3900146484375,366.760009765625,366.8399963378906,139210
2026-08-31 15:43:00-04:00,367.489990234375,367.6099853515625,367.0,367.0299987792969,103872
2026-08-31 15:44:00-04:00,366.82501220703125,367.5899963378906,366.760009765625,367.556396484375,90487
2026-08-31 15:45:00-04:00,366.7300109863281,366.8500061035156,366.2799987792969,366.82501220703125,141515
2026-08-31 15:46:00-04:00,366.56500244140625,366.9200134277344,366.3699951171875,366.7300109863281,94383
2026-08-31 15:47:00-04:00,366.2799987792969,366.6000061035156,365.92999267578125,366.5899963378906,159497
2026-08-31 15:48:00-04:00,366.239990234375,366.42999267578125,366.07000732421875,366.2200012207031,149578
2026-08-31 15:49:00-04:00,366.6000061035156,366.6600036621094,366.1300048828125,366.2699890136719,99822
2026-08-31 15:50:00-04:00,368.0,368.0899963378906,366.6199951171875,366.6700134277344,278090
2026-08-31 15:51:00-04:00,368.3399963378906,368.3599853515625,367.96319580078125,368.0213928222656,188432
2026-08-31 15:52:00-04:00,368.57501220703125,368.82000732421875,368.2349853515625,368.3399963378906,274474
2026-08-31 15:53:00-04:00,368.42999267578125,368.79998779296875,368.2799987792969,368.57501220703125,182559
2026-08-31 15:54:00-04:00,368.7250061035156,368.9200134277344,368.30999755859375,368.4200134277344,168746
2026-08-31 15:55:00-04:00,368.3699951171875,368.7099914550781,367.7099914550781,368.7099914550781,260639
2026-08-31 15:56:00-04:00,368.67999267578125,368.79998779296875,368.3800048828125,368.3800048828125,198896
2026-08-31 15:57:00-04:00,367.6300048828125,368.7200012207031,367.55999755859375,368.69000244140625,294551
2026-08-31 15:58:00-04:00,367.9800109863281,368.1199951171875,367.6400146484375,367.6499938964844,278501
2026-08-31 15:59:00-04:00,367.9200134277344,368.2550048828125,367.6000061035156,367.9700012207031,701589
2026-09-01 09:30:00-04:00,360.5249938964844,362.69989013671875,359.4800109863281,360.8550109863281,2111381
2026-09-01 09:31:00-04:00,357.0,360.7950134277344,356.7799987792969,360.7950134277344,499174
2026-09-01 09:32:00-04:00,358.7950134277344,358.87188720703125,356.3705139160156,357.0,364463
2026-09-01 09:33:00-04:00,356.0799865722656,358.822509765625,356.0,358.82000732421875,438923
2026-09-01 09:34:00-04:00,356.135009765625,356.6199951171875,355.6600036621094,356.04998779296875,340098
2026-09-01 09:35:00-04:00,356.82501220703125,357.0,355.8699951171875,356.0799865722656,260744
2026-09-01 09:36:00-04:00,356.1199951171875,357.29998779296875,355.9599914550781,356.7200012207031,291322
2026-09-01 09:37:00-04:00,355.4150085449219,356.54998779296875,355.29998779296875,356.04998779296875,319114
2026-09-01 09:38:00-04:00,354.1499938964844,355.69000244140625,354.07501220703125,355.3800048828125,426517
2026-09-01 09:39:00-04:00,354.260009765625,354.8900146484375,353.82000732421875,354.0899963378906,307177
2026-09-01 09:40:00-04:00,353.8999938964844,354.4783020019531,353.67999267578125,354.3399963378906,301334
2026-09-01 09:41:00-04:00,353.7799987792969,353.9184875488281,353.3900146484375,353.9184875488281,229819
2026-09-01 09:42:00-04:00,354.2550048828125,354.5400085449219,353.3900146484375,353.760009765625,238298
2026-09-01 09:43:00-04:00,354.3699951171875,354.5899963378906,354.0,354.260009765625,196532
2026-09-01 09:44:00-04:00,355.010009765625,355.07000732421875,353.9200134277344,354.3550109863281,243269
2026-09-01 09:45:00-04:00,355.9267883300781,356.139892578125,354.8800964355469,354.9700012207031,316773
2026-09-01 09:46:00-04:00,356.57000732421875,356.7200012207031,355.6099853515625,355.8599853515625,298150
2026-09-01 09:47:00-04:00,357.4649963378906,357.75,356.3503112792969,356.6400146484375,313244
2026-09-01 09:48:00-04:00,358.2250061035156,358.3349914550781,357.4100036621094,357.5299987792969,316171
2026-09-01 09:49:00-04:00,358.19500732421875,358.45001220703125,357.79998779296875,358.19000244140625,227323
2026-09-01 09:50:00-04:00,358.8699951171875,358.95989990234375,358.0,358.239990234375,269832
2026-09-01 09:51:00-04:00,358.8999938964844,359.54888916015625,358.4100036621094,358.8999938964844,312024
2026-09-01 09:52:00-04:00,358.79998779296875,359.19000244140625,358.44000244140625,358.94000244140625,196824
2026-09-01 09:53:00-04:00,359.2900085449219,359.3699035644531,358.57000732421875,358.8349914550781,125037
2026-09-01 09:54:00-04:00,358.30999755859375,359.3599853515625,357.8399963378906,359.3598937988281,196672
2026-09-01 09:55:00-04:00,358.659912109375,358.7398986816406,358.1600036621094,358.34991455078125,111830
2026-09-01 09:56:00-04:00,358.2149963378906,358.8500061035156,357.6517028808594,358.5950012207031,148316
2026-09-01 09:57:00-04:00,358.43499755859375,358.6499938964844,357.8800048828125,358.2300109863281,100084
2026-09-01 09:58:00-04:00,358.66009521484375,358.7297058105469,357.9599914550781,358.4750061035156,133266
2026-09-01 09:59:00-04:00,358.79998779296875,359.4800109863281,358.59051513671875,358.70001220703125,188112
2026-09-01 10:00:00-04:00,358.29998779296875,358.8599853515625,358.0400085449219,358.8500061035156,149263
2026-09-01 10:01:00-04:00,359.1300048828125,359.25,358.2699890136719,358.32000732421875,166808
2026-09-01 10:02:00-04:00,358.80999755859375,359.3999938964844,358.6000061035156,359.2099914550781,111649
2026-09-01 10:03:00-04:00,358.76849365234375,359.159912109375,358.30999755859375,358.8299865722656,73801
2026-09-01 10:04:00-04:00,358.510009765625,358.95001220703125,358.25,358.67999267578125,81311
2026-09-01 10:05:00-04:00,358.6600036621094,358.9700012207031,358.4872131347656,358.5150146484375,58515
2026-09-01 10:06:00-04:00,358.8999938964844,358.9599914550781,358.510009765625,358.69000244140625,65410
2026-09-01 10:07:00-04:00,359.5350036621094,359.5899963378906,358.57000732421875,358.94000244140625,118418
2026-09-01 10:08:00-04:00,359.5299072265625,359.6600036621094,359.1606140136719,359.57000732421875,138157
2026-09-01 10:09:00-04:00,359.2300109863281,359.6697082519531,359.17999267578125,359.5299987792969,94066
2026-09-01 10:10:00-04:00,359.0270080566406,359.32000732421875,358.8800048828125,359.2349853515625,127359
2026-09-01 10:11:00-04:00,358.45001220703125,359.1099853515625,358.3800048828125,359.0350036621094,104821
2026-09-01 10:12:00-04:00,358.7760009765625,359.0,358.1499938964844,358.4700012207031,126776
2026-09-01 10:13:00-04:00,358.8599853515625,359.1398010253906,358.4599914550781,358.7900085449219,91392
2026-09-01 10:14:00-04:00,359.08990478515625,359.4800109863281,358.8599853515625,358.8599853515625,97488
2026-09-01 10:15:00-04:00,359.2449951171875,359.7698974609375,358.9200134277344,359.0299987792969,107278
2026-09-01 10:16:00-04:00,359.1099853515625,359.3699951171875,358.60699462890625,359.2900085449219,96979
2026-09-01 10:17:00-04:00,358.8349914550781,359.1629943847656,358.5199890136719,359.1050109863281,110153
2026-09-01 10:18:00-04:00,358.8550109863281,359.25,358.67999267578125,358.8699951171875,78114
2026-09-01 10:19:00-04:00,358.75,359.1300048828125,358.6105041503906,358.7900085449219,52958
2026-09-01 10:20:00-04:00,358.1499938964844,358.7799987792969,358.010009765625,358.7799987792969,147536
2026-09-01 10:21:00-04:00,357.8700866699219,358.2499084472656,357.8399963378906,358.114990234375,137275
2026-09-01 10:22:00-04:00,358.5150146484375,358.69000244140625,357.87060546875,357.9150085449219,89102
2026-09-01 10:23:00-04:00,358.5299987792969,358.6000061035156,358.1499938964844,358.5150146484375,60542
2026-09-01 10:24:00-04:00,358.4049987792969,358.6799011230469,358.0899963378906,358.4700012207031,50308
2026-09-01 10:25:00-04:00,358.3399963378906,358.739990234375,358.29998779296875,358.4049987792969,62577
2026-09-01 10:26:00-04:00,358.4100036621094,358.55999755859375,358.1499938964844,358.30999755859375,37413
2026-09-01 10:27:00-04:00,358.4549865722656,358.6000061035156,358.20001220703125,358.4100036621094,46289
2026-09-01 10:28:00-04:00,358.510009765625,358.6700134277344,358.3904113769531,358.4549865722656,47298
2026-09-01 10:29:00-04:00,358.3599853515625,358.510009765625,358.260009765625,358.510009765625,33632
2026-09-01 10:30:00-04:00,359.66900634765625,359.66900634765625,358.3399963378906,358.4049987792969,149247
2026-09-01 10:31:00-04:00,359.3299865722656,359.739990234375,359.1900939941406,359.6300048828125,122498
2026-09-01 10:32:00-04:00,358.9299011230469,359.5,358.7099914550781,359.3299865722656,76642
2026-09-01 10:33:00-04:00,358.5299987792969,359.010009765625,358.2799987792969,358.9299011230469,110546
2026-09-01 10:34:00-04:00,358.9700012207031,359.0,358.29998779296875,358.5299987792969,70615
2026-09-01 10:35:00-04:00,359.0,359.3500061035156,358.8301086425781,358.9700012207031,77443
2026-09-01 10:36:00-04:00,358.6199951171875,359.0299987792969,358.510009765625,359.0299987792969,68913
2026-09-01 10:37:00-04:00,358.3699951171875,358.75,358.29998779296875,358.57000732421875,50474
2026-09-01 10:38:00-04:00,358.8299865722656,359.17999267578125,358.34228515625,358.3949890136719,78372
2026-09-01 10:39:00-04:00,358.6549987792969,358.8699951171875,358.41009521484375,358.8399963378906,67924
2026-09-01 10:40:00-04:00,358.9299011230469,358.94000244140625,358.510009765625,358.70001220703125,36756
2026-09-01 10:41:00-04:00,358.8599853515625,359.19989013671875,358.82000732421875,358.9700012207031,59678
2026-09-01 10:42:00-04:00,359.1400146484375,359.19000244140625,358.8200988769531,358.8800048828125,46794
2026-09-01 10:43:00-04:00,359.18499755859375,359.3999938964844,358.79998779296875,359.1400146484375,53080
2026-09-01 10:44:00-04:00,359.1960144042969,359.2499084472656,358.9200134277344,359.18499755859375,47255
2026-09-01 10:45:00-04:00,358.94000244140625,359.29998779296875,358.8999938964844,359.20001220703125,43593
2026-09-01 10:46:00-04:00,359.114990234375,359.25,358.92999267578125,358.95001220703125,91920
2026-09-01 10:47:00-04:00,359.114990234375,359.44000244140625,359.04998779296875,359.0600891113281,48353
2026-09-01 10:48:00-04:00,359.3175964355469,359.3800048828125,358.95001220703125,359.1499938964844,55605
2026-09-01 10:49:00-04:00,358.54998779296875,359.3599853515625,358.5101013183594,359.3599853515625,89490
2026-09-01 10:50:00-04:00,358.17999267578125,358.5199890136719,358.0,358.510009765625,154642
2026-09-01 10:51:00-04:00,357.94000244140625,358.3399963378906,357.8999938964844,358.2200012207031,79521
2026-09-01 10:52:00-04:00,357.864990234375,358.1899108886719,357.5299987792969,357.94000244140625,115111
2026-09-01 10:53:00-04:00,357.9100036621094,358.239990234375,357.7099914550781,357.8245849609375,62201
2026-09-01 10:54:00-04:00,358.0299987792969,358.19000244140625,357.860107421875,357.94000244140625,47583
2026-09-01 10:55:00-04:00,357.7099914550781,358.03961181640625,357.68011474609375,358.0127868652344,55874
2026-09-01 10:56:00-04:00,357.42498779296875,357.7799987792969,357.30010986328125,357.760009765625,122757
2026-09-01 10:57:00-04:00,357.3399963378906,357.510009765625,357.20001220703125,357.42498779296875,85013
2026-09-01 10:58:00-04:00,357.7449951171875,357.7900085449219,357.30999755859375,357.3699951171875,78431
2026-09-01 10:59:00-04:00,357.6499938964844,357.8299865722656,357.3900146484375,357.70001220703125,70080
2026-09-01 11:00:00-04:00,357.67999267578125,358.1000061035156,357.5700988769531,357.635009765625,76437
2026-09-01 11:01:00-04:00,358.03948974609375,358.0899963378906,357.6199951171875,357.7099914550781,55458
2026-09-01 11:02:00-04:00,358.30999755859375,358.37890625,357.9800109863281,358.0400085449219,83822
2026-09-01 11:03:00-04:00,358.0899963378906,358.6000061035156,358.0000915527344,358.3699951171875,84096
2026-09-01 11:04:00-04:00,358.0801086425781,358.1877136230469,357.7099914550781,358.0899963378906,55711
2026-09-01 11:05:00-04:00,357.94000244140625,358.1600036621094,357.6499938964844,358.114990234375,59498
2026-09-01 11:06:00-04:00,357.4849853515625,357.9800109863281,357.44000244140625,357.92999267578125,83746
2026-09-01 11:07:00-04:00,357.4825134277344,357.6000061035156,357.3599853515625,357.4849853515625,55780
2026-09-01 11:08:00-04:00,358.2439880371094,358.2799987792969,357.4200134277344,357.4800109863281,92994
2026-09-01 11:09:00-04:00,358.3500061035156,358.6785888671875,358.17999267578125,358.1900939941406,107836
2026-09-01 11:10:00-04:00,358.2204895019531,358.5443115234375,358.0,358.3500061035156,52216
2026-09-01 11:11:00-04:00,358.3275146484375,358.5400085449219,358.1600036621094,358.20001220703125,49477
2026-09-01 11:12:00-04:00,358.44000244140625,358.5799865722656,358.2001037597656,358.4200134277344,38931
2026-09-01 11:13:00-04:00,359.3999938964844,359.3999938964844,358.489990234375,358.55999755859375,116235
2026-09-01 11:14:00-04:00,359.010009765625,359.42999267578125,359.0,359.3699951171875,78903
2026-09-01 11:15:00-04:00,358.3949890136719,359.1499938964844,358.3800048828125,359.031005859375,83781
2026-09-01 11:16:00-04:00,358.6400146484375,358.7898864746094,358.252197265625,358.45001220703125,71708
2026-09-01 11:17:00-04:00,358.6400146484375,358.9690856933594,358.5600891113281,358.7699890136719,62514
2026-09-01 11:18:00-04:00,358.868408203125,358.989990234375,358.57000732421875,358.625,44309
2026-09-01 11:19:00-04:00,358.55999755859375,358.8699951171875,358.54998779296875,358.8299865722656,32964
2026-09-01 11:20:00-04:00,358.2449951171875,358.5799865722656,358.2143859863281,358.5675048828125,55587
2026-09-01 11:21:00-04:00,358.0299987792969,358.2799987792969,357.75,358.2799987792969,78787
2026-09-01 11:22:00-04:00,358.3299865722656,358.4773864746094,357.9100036621094,358.07000732421875,59602
2026-09-01 11:23:00-04:00,358.2850036621094,358.3699951171875,358.010009765625,358.32501220703125,36630
2026-09-01 11:24:00-04:00,359.05999755859375,359.1000061035156,358.25738525390625,358.2699890136719,71506
2026-09-01 11:25:00-04:00,359.0799865722656,359.3900146484375,359.0199890136719,359.07000732421875,88733
2026-09-01 11:26:00-04:00,359.06500244140625,359.29998779296875,358.9114074707031,359.1199951171875,74516
2026-09-01 11:27:00-04:00,358.79998779296875,359.17999267578125,358.75,359.06500244140625,39424
2026-09-01 11:28:00-04:00,359.29998779296875,359.3699951171875,358.8299865722656,358.8399963378906,44142
2026-09-01 11:29:00-04:00,359.4700012207031,359.5899963378906,359.2200012207031,359.3399963378906,64294
2026-09-01 11:30:00-04:00,359.7349853515625,359.79998779296875,359.40008544921875,359.489990234375,84025
2026-09-01 11:31:00-04:00,359.5400085449219,360.1499938964844,359.5,359.75,141386
2026-09-01 11:32:00-04:00,359.8204040527344,359.8399963378906,359.3500061035156,359.5400085449219,83123
2026-09-01 11:33:00-04:00,360.0751037597656,360.1099853515625,359.610107421875,359.8299865722656,70164
2026-09-01 11:34:00-04:00,359.92999267578125,360.1199951171875,359.7200012207031,360.0527038574219,71194
2026-09-01 11:35:00-04:00,360.25,360.2900085449219,359.8699951171875,359.9599914550781,81970
2026-09-01 11:36:00-04:00,359.7698974609375,360.3699951171875,359.5299987792969,360.260009765625,98357
2026-09-01 11:37:00-04:00,359.42999267578125,359.760009765625,359.1199951171875,359.75,109002
2026-09-01 11:38:00-04:00,359.7699890136719,359.8800048828125,359.3699951171875,359.4800109863281,46066
2026-09-01 11:39:00-04:00,359.614990234375,359.8800048828125,359.5199890136719,359.82501220703125,35008
2026-09-01 11:40:00-04:00,359.2650146484375,359.8297119140625,359.0899963378906,359.614990234375,69240
2026-09-01 11:41:00-04:00,358.8399963378906,359.4100036621094,358.79998779296875,359.260009765625,85110
2026-09-01 11:42:00-04:00,358.5400085449219,358.8800048828125,358.3699951171875,358.8800048828125,64483
2026-09-01 11:43:00-04:00,358.6499938964844,358.7200012207031,358.42999267578125,358.54998779296875,47186
2026-09-01 11:44:00-04:00,358.5553894042969,358.70001220703125,358.3399963378906,358.70001220703125,43032
2026-09-01 11:45:00-04:00,358.30499267578125,358.57000732421875,358.239990234375,358.5,48438
2026-09-01 11:46:00-04:00,358.30999755859375,358.3699035644531,358.1000061035156,358.30499267578125,47756
2026-09-01 11:47:00-04:00,358.4100036621094,358.5,358.04998779296875,358.3299865722656,70074
2026-09-01 11:48:00-04:00,358.2300109863281,358.4599914550781,358.1000061035156,358.42999267578125,58369
2026-09-01 11:49:00-04:00,358.44500732421875,358.5,358.20001220703125,358.2300109863281,35726
2026-09-01 11:50:00-04:00,358.5249938964844,358.59991455078125,358.2799987792969,358.44500732421875,41065
2026-09-01 11:51:00-04:00,358.3999938964844,358.55999755859375,358.3699951171875,358.54998779296875,38148
2026-09-01 11:52:00-04:00,358.74798583984375,358.7493896484375,358.3901062011719,358.43499755859375,49248
2026-09-01 11:53:00-04:00,358.8699951171875,358.92999267578125,358.70001220703125,358.739990234375,53843
2026-09-01 11:54:00-04:00,358.7650146484375,358.9042053222656,358.70001220703125,358.8699951171875,54995
2026-09-01 11:55:00-04:00,358.8900146484375,358.9100036621094,358.70001220703125,358.7598876953125,39779
2026-09-01 11:56:00-04:00,358.82501220703125,358.9200134277344,358.6600036621094,358.9100036621094,25042
2026-09-01 11:57:00-04:00,358.76348876953125,358.8399963378906,358.5101013183594,358.8399963378906,27344
2026-09-01 11:58:00-04:00,359.0400085449219,359.0799865722656,358.7289123535156,358.7449951171875,49524
2026-09-01 11:59:00-04:00,358.70001220703125,359.0799865722656,358.70001220703125,359.0199890136719,20923
2026-09-01 12:00:00-04:00,358.73040771484375,358.8995056152344,358.70001220703125,358.75,28894
2026-09-01 12:01:00-04:00,358.6050109863281,358.80999755859375,358.4800109863281,358.739990234375,39264
2026-09-01 12:02:00-04:00,358.6495056152344,358.659912109375,358.3999938964844,358.6499938964844,34308
2026-09-01 12:03:00-04:00,358.6099853515625,358.7900085449219,358.5,358.6499938964844,30708
2026-09-01 12:04:00-04:00,358.7699890136719,358.7699890136719,358.6099853515625,358.6499938964844,30375
2026-09-01 12:05:00-04:00,359.0087890625,359.1000061035156,358.7401123046875,358.7799987792969,55113
2026-09-01 12:06:00-04:00,358.7449951171875,358.989990234375,358.7300109863281,358.989990234375,30358
2026-09-01 12:07:00-04:00,358.6700134277344,358.9700012207031,358.55999755859375,358.8299865722656,36451
2026-09-01 12:08:00-04:00,358.5299987792969,358.7200012207031,358.4100036621094,358.7149963378906,73256
2026-09-01 12:09:00-04:00,358.54998779296875,358.8999938964844,358.510009765625,358.57000732421875,50207
2026-09-01 12:10:00-04:00,358.6600036621094,358.70001220703125,358.3299865722656,358.57000732421875,43899
2026-09-01 12:11:00-04:00,358.5,358.7314147949219,358.30999755859375,358.61700439453125,67738
2026-09-01 12:12:00-04:00,358.3399963378906,358.6499938964844,358.30999755859375,358.5,25653
2026-09-01 12:13:00-04:00,358.3999938964844,358.64990234375,358.32000732421875,358.3550109863281,38011
2026-09-01 12:14:00-04:00,358.2250061035156,358.4100036621094,358.16009521484375,358.3999938964844,36644
2026-09-01 12:15:00-04:00,358.29998779296875,358.32879638671875,358.0400085449219,358.239990234375,35992
2026-09-01 12:16:00-04:00,358.1437072753906,358.2850036621094,357.95001220703125,358.2850036621094,88628
2026-09-01 12:17:00-04:00,357.9100036621094,358.19989013671875,357.8800048828125,358.1600036621094,39639
2026-09-01 12:18:00-04:00,358.0849914550781,358.239990234375,357.860107421875,357.94000244140625,52089
2026-09-01 12:19:00-04:00,357.9599914550781,358.19000244140625,357.8699951171875,358.0849914550781,28394
2026-09-01 12:20:00-04:00,357.42999267578125,357.93951416015625,357.3800964355469,357.9320068359375,73928
2026-09-01 12:21:00-04:00,357.4700012207031,357.5498962402344,357.1700134277344,357.42999267578125,82652
2026-09-01 12:22:00-04:00,356.9700012207031,357.4599914550781,356.9200134277344,357.4200134277344,98078
2026-09-01 12:23:00-04:00,356.7250061035156,357.06988525390625,356.69000244140625,356.989990234375,84965
2026-09-01 12:24:00-04:00,356.7799987792969,357.0,356.55999755859375,356.760009765625,59744
2026-09-01 12:25:00-04:00,356.6700134277344,356.8599853515625,356.4800109863281,356.7300109863281,41425
2026-09-01 12:26:00-04:00,356.6300048828125,357.0299987792969,356.6000061035156,356.739990234375,117406
2026-09-01 12:27:00-04:00,356.8299865722656,357.1099853515625,356.6099853515625,356.6289978027344,99996
2026-09-01 12:28:00-04:00,357.0299987792969,357.1400146484375,356.67999267578125,356.8699951171875,43950
2026-09-01 12:29:00-04:00,356.8297119140625,357.04998779296875,356.7001037597656,357.04998779296875,37783
2026-09-01 12:30:00-04:00,356.4126892089844,356.79998779296875,356.3912048339844,356.7699890136719,67711
2026-09-01 12:31:00-04:00,356.62921142578125,356.82501220703125,356.32000732421875,356.4599914550781,42979
2026-09-01 12:32:00-04:00,357.2149963378906,357.239990234375,356.6059875488281,356.6351013183594,57285
2026-09-01 12:33:00-04:00,357.7449951171875,357.760009765625,357.1099853515625,357.2149963378906,86139
2026-09-01 12:34:00-04:00,357.3299865722656,357.7799987792969,357.2200927734375,357.7699890136719,60251
2026-09-01 12:35:00-04:00,357.4100036621094,357.45001220703125,357.20001220703125,357.32989501953125,36149
2026-09-01 12:36:00-04:00,357.502685546875,357.6700134277344,357.2510070800781,357.4100036621094,45466
2026-09-01 12:37:00-04:00,357.2925109863281,357.57000732421875,357.1604919433594,357.4800109863281,42474
2026-09-01 12:38:00-04:00,357.46038818359375,357.54998779296875,357.30010986328125,357.3599853515625,41667
2026-09-01 12:39:00-04:00,357.7654113769531,357.8800048828125,357.5400085449219,357.54998779296875,42037
2026-09-01 12:40:00-04:00,357.6400146484375,357.760009765625,357.43011474609375,357.7001037597656,41387
2026-09-01 12:41:00-04:00,357.82501220703125,357.95001220703125,357.55999755859375,357.6698913574219,72470
2026-09-01 12:42:00-04:00,357.27130126953125,357.82501220703125,357.20001220703125,357.82501220703125,49315
2026-09-01 12:43:00-04:00,357.010009765625,357.29998779296875,356.9800109863281,357.25,75236
2026-09-01 12:44:00-04:00,356.8299865722656,357.1120910644531,356.7705078125,357.05999755859375,65945
2026-09-01 12:45:00-04:00,356.7699890136719,356.94000244140625,356.6199951171875,356.875,47294
2026-09-01 12:46:00-04:00,356.6600036621094,356.87249755859375,356.5799865722656,356.87249755859375,40548
2026-09-01 12:47:00-04:00,356.8800048828125,357.1199951171875,356.6300048828125,356.67999267578125,50476
2026-09-01 12:48:00-04:00,356.8599853515625,356.95989990234375,356.79998779296875,356.885009765625,26075
2026-09-01 12:49:00-04:00,356.7699890136719,356.9200134277344,356.70001220703125,356.885009765625,32366
2026-09-01 12:50:00-04:00,356.6449890136719,356.8299865722656,356.5299987792969,356.7900085449219,33107
2026-09-01 12:51:00-04:00,356.5450134277344,356.69000244140625,356.510009765625,356.67999267578125,33537
2026-09-01 12:52:00-04:00,356.8500061035156,356.989990234375,356.3700866699219,356.57000732421875,77369
2026-09-01 12:53:00-04:00,357.125,357.19989013671875,356.8500061035156,356.8900146484375,47169
2026-09-01 12:54:00-04:00,357.2200927734375,357.32000732421875,357.0299987792969,357.1000061035156,38820
2026-09-01 12:55:00-04:00,357.1499938964844,357.44000244140625,357.1050109863281,357.260009765625,39721
2026-09-01 12:56:00-04:00,357.0,357.1698913574219,356.9176025390625,357.1300048828125,28903
2026-09-01 12:57:00-04:00,356.885009765625,357.0,356.7699890136719,357.0,40238
2026-09-01 12:58:00-04:00,356.8800048828125,357.09991455078125,356.8500061035156,356.9200134277344,30984
2026-09-01 12:59:00-04:00,356.8299865722656,356.9100036621094,356.7699890136719,356.87200927734375,23395
2026-09-01 13:00:00-04:00,356.6451110839844,356.7900085449219,356.42999267578125,356.7900085449219,50957
2026-09-01 13:01:00-04:00,356.3612060546875,356.7300109863281,356.32000732421875,356.6449890136719,37446
2026-09-01 13:02:00-04:00,356.5299987792969,356.5690002441406,356.1300048828125,356.3450012207031,66552
2026-09-01 13:03:00-04:00,356.2650146484375,356.67999267578125,356.2200012207031,356.4800109863281,33696
2026-09-01 13:04:00-04:00,356.19000244140625,356.4200134277344,356.17999267578125,356.2650146484375,29646
2026-09-01 13:05:00-04:00,356.2900085449219,356.53509521484375,356.1600036621094,356.1600036621094,34109
2026-09-01 13:06:00-04:00,356.5849914550781,356.6499938964844,356.1700134277344,356.2900085449219,39480
2026-09-01 13:07:00-04:00,356.4150085449219,356.5899963378906,356.2500915527344,356.57501220703125,34701
2026-09-01 13:08:00-04:00,356.4150085449219,356.510009765625,356.3550109863281,356.3700866699219,20164
2026-09-01 13:09:00-04:00,356.6199951171875,356.7200012207031,356.25,356.3901062011719,29626
2026-09-01 13:10:00-04:00,356.6449890136719,356.739990234375,356.54998779296875,356.66949462890625,23977
2026-09-01 13:11:00-04:00,357.17498779296875,357.260009765625,356.6650085449219,356.6650085449219,50388
2026-09-01 13:12:00-04:00,357.1600036621094,357.3149108886719,357.1099853515625,357.17498779296875,36622
2026-09-01 13:13:00-04:00,357.2200012207031,357.260009765625,357.0400085449219,357.1600036621094,23776
2026-09-01 13:14:00-04:00,357.06500244140625,357.239990234375,357.0199890136719,357.2300109863281,24667
2026-09-01 13:15:00-04:00,357.1199951171875,357.260009765625,356.9194030761719,357.1000061035156,32248
2026-09-01 13:16:00-04:00,356.56500244140625,357.1600036621094,356.5199890136719,357.135009765625,40771
2026-09-01 13:17:00-04:00,356.6549987792969,356.70001220703125,356.5,356.56500244140625,21382
2026-09-01 13:18:00-04:00,356.8999938964844,356.93499755859375,356.7099914550781,356.7099914550781,25508
2026-09-01 13:19:00-04:00,356.9849853515625,357.0,356.82000732421875,356.9049987792969,27702
2026-09-01 13:20:00-04:00,356.8100891113281,357.0899963378906,356.8100891113281,356.9849853515625,33076
2026-09-01 13:21:00-04:00,356.8599853515625,357.010009765625,356.75,356.8699951171875,18591
2026-09-01 13:22:00-04:00,356.92999267578125,356.9930114746094,356.8299865722656,356.8511047363281,9430
2026-09-01 13:23:00-04:00,356.9397888183594,357.0400085449219,356.8999938964844,356.9800109863281,27367
2026-09-01 13:24:00-04:00,356.9794921875,356.9800109863281,356.8599853515625,356.9549865722656,14315
2026-09-01 13:25:00-04:00,357.0199890136719,357.1799011230469,356.3699951171875,356.95001220703125,77220
2026-09-01 13:26:00-04:00,356.7300109863281,357.04449462890625,356.7300109863281,357.010009765625,20701
2026-09-01 13:27:00-04:00,356.8330993652344,356.92840576171875,356.70001220703125,356.739990234375,16124
2026-09-01 13:28:00-04:00,356.8349914550781,356.9200134277344,356.69000244140625,356.9100036621094,40525
2026-09-01 13:29:00-04:00,356.9400939941406,357.1400146484375,356.8301086425781,356.8699951171875,34294
2026-09-01 13:30:00-04:00,357.29998779296875,357.55950927734375,357.0010070800781,357.07000732421875,63929
2026-09-01 13:31:00-04:00,357.4800109863281,357.50799560546875,357.2860107421875,357.29998779296875,26478
2026-09-01 13:32:00-04:00,357.2200012207031,357.510009765625,357.1300048828125,357.5,28955
2026-09-01 13:33:00-04:00,357.1099853515625,357.2250061035156,356.8634948730469,357.17010498046875,24385
2026-09-01 13:34:00-04:00,357.1199035644531,357.239990234375,356.9700012207031,357.1099853515625,18519
2026-09-01 13:35:00-04:00,357.2398986816406,357.409912109375,357.06500244140625,357.1199035644531,30176
2026-09-01 13:36:00-04:00,357.05499267578125,357.29998779296875,357.05010986328125,357.239990234375,16838
2026-09-01 13:37:00-04:00,357.05999755859375,357.2099914550781,357.0,357.06500244140625,17336
2026-09-01 13:38:00-04:00,357.0895080566406,357.20001220703125,356.8999938964844,357.05999755859375,45994
2026-09-01 13:39:00-04:00,356.8500061035156,357.19000244140625,356.79998779296875,357.0895080566406,42068
2026-09-01 13:40:00-04:00,356.7799987792969,356.9798889160156,356.739990234375,356.82000732421875,22085
2026-09-01 13:41:00-04:00,356.92999267578125,356.9800109863281,356.739990234375,356.7900085449219,18915
2026-09-01 13:42:00-04:00,357.0450134277344,357.1499938964844,356.9150085449219,356.96990966796875,37657
2026-09-01 13:43:00-04:00,356.875,357.1700134277344,356.8699951171875,357.0,24074
2026-09-01 13:44:00-04:00,357.0,357.05999755859375,356.8299865722656,356.8299865722656,11803
2026-09-01 13:45:00-04:00,356.8699951171875,357.0899963378906,356.79998779296875,357.05999755859375,25699
2026-09-01 13:46:00-04:00,356.5299987792969,356.95001220703125,356.5299987792969,356.885009765625,44036
2026-09-01 13:47:00-04:00,356.5299987792969,356.70330810546875,356.42999267578125,356.6000061035156,31262
2026-09-01 13:48:00-04:00,356.5299987792969,356.6000061035156,356.42498779296875,356.5299987792969,28326
2026-09-01 13:49:00-04:00,356.4949951171875,356.659912109375,356.4599914550781,356.5299987792969,19069
2026-09-01 13:50:00-04:00,356.45001220703125,356.5198974609375,356.3999938964844,356.4700012207031,22101
2026-09-01 13:51:00-04:00,356.2550048828125,356.54998779296875,356.2200012207031,356.4800109863281,31184
2026-09-01 13:52:00-04:00,356.42498779296875,356.6300048828125,356.20001220703125,356.25,28319
2026-09-01 13:53:00-04:00,356.3299865722656,356.4800109863281,356.3299865722656,356.4200134277344,26019
2026-09-01 13:54:00-04:00,356.2099914550781,356.3500061035156,356.1700134277344,356.3340148925781,33661
2026-09-01 13:55:00-04:00,356.3399963378906,356.4649963378906,356.2349853515625,356.2900085449219,49024
2026-09-01 13:56:00-04:00,356.2749938964844,356.54998779296875,356.1600036621094,356.3699951171875,47061
2026-09-01 13:57:00-04:00,356.3999938964844,356.54998779296875,356.2749938964844,356.2749938964844,23106
2026-09-01 13:58:00-04:00,356.510009765625,356.5199890136719,356.3500061035156,356.43499755859375,22803
2026-09-01 13:59:00-04:00,356.5198974609375,356.6099853515625,356.40008544921875,356.5299987792969,31488
2026-09-01 14:00:00-04:00,356.5201110839844,356.75,356.4800109863281,356.5199890136719,38398
2026-09-01 14:01:00-04:00,355.9949951171875,356.5885925292969,355.94000244140625,356.5885925292969,97044
2026-09-01 14:02:00-04:00,355.989990234375,356.04998779296875,355.8800048828125,356.0082092285156,50768
2026-09-01 14:03:00-04:00,356.1199951171875,356.29998779296875,355.80999755859375,355.965087890625,53083
2026-09-01 14:04:00-04:00,355.9465026855469,356.1882019042969,355.8699951171875,356.1400146484375,20621
2026-09-01 14:05:00-04:00,355.8009948730469,356.0,355.7200927734375,355.9549865722656,52153
2026-09-01 14:06:00-04:00,356.026611328125,356.0299987792969,355.70001220703125,355.8500061035156,38017
2026-09-01 14:07:00-04:00,356.05999755859375,356.0899963378906,355.9400939941406,356.04998779296875,33008
2026-09-01 14:08:00-04:00,356.1400146484375,356.2699890136719,356.0400085449219,356.05999755859375,46056
2026-09-01 14:09:00-04:00,355.8999938964844,356.20001220703125,355.7900085449219,356.1199951171875,53515
2026-09-01 14:10:00-04:00,355.739990234375,355.94000244140625,355.6499938964844,355.8999938964844,38666
2026-09-01 14:11:00-04:00,355.7300109863281,355.8900146484375,355.6700134277344,355.7380065917969,33306
2026-09-01 14:12:00-04:00,355.55499267578125,355.7799987792969,355.5400085449219,355.7799987792969,33944
2026-09-01 14:13:00-04:00,355.364990234375,355.54998779296875,355.3500061035156,355.510009765625,58496
2026-09-01 14:14:00-04:00,355.1300048828125,355.3699951171875,355.1199951171875,355.3429870605469,56545
2026-09-01 14:15:00-04:00,354.9245910644531,355.3304138183594,354.8800048828125,355.1300048828125,161986
2026-09-01 14:16:00-04:00,354.7699890136719,355.0450134277344,354.75,354.9200134277344,60300
2026-09-01 14:17:00-04:00,354.9804992675781,355.2200012207031,354.7622985839844,354.7699890136719,72346
2026-09-01 14:18:00-04:00,355.0299987792969,355.25,354.8999938964844,355.010009765625,65754
2026-09-01 14:19:00-04:00,354.989990234375,355.1064147949219,354.8999938964844,355.0,32798
2026-09-01 14:20:00-04:00,354.9849853515625,355.1199951171875,354.9200134277344,355.0199890136719,30779
2026-09-01 14:21:00-04:00,354.67999267578125,355.010009765625,354.6499938964844,354.9849853515625,72752
2026-09-01 14:22:00-04:00,354.7650146484375,354.7900085449219,354.6400146484375,354.70001220703125,39293
2026-09-01 14:23:00-04:00,354.7850036621094,354.84820556640625,354.6099853515625,354.7799987792969,38751
2026-09-01 14:24:00-04:00,354.75,354.80999755859375,354.6000061035156,354.80999755859375,54716
2026-09-01 14:25:00-04:00,354.75,354.80999755859375,354.6000061035156,354.7300109863281,39765
2026-09-01 14:26:00-04:00,354.9599914550781,355.06988525390625,354.7099914550781,354.7900085449219,57875
2026-09-01 14:27:00-04:00,354.78009033203125,355.0,354.7200012207031,355.0,30324
2026-09-01 14:28:00-04:00,354.6650085449219,354.7799987792969,354.5299987792969,354.7799987792969,50127
2026-09-01 14:29:00-04:00,354.7300109863281,354.81988525390625,354.57000732421875,354.7200012207031,33130
2026-09-01 14:30:00-04:00,354.6700134277344,354.9100036621094,354.6499938964844,354.75,37715
2026-09-01 14:31:00-04:00,354.69000244140625,354.84869384765625,354.489990234375,354.6600036621094,71731
2026-09-01 14:32:00-04:00,354.7900085449219,354.864990234375,354.648193359375,354.7799987792969,26875
2026-09-01 14:33:00-04:00,354.6499938964844,354.8800048828125,354.6400146484375,354.8299865722656,49296
2026-09-01 14:34:00-04:00,354.5799865722656,354.7200012207031,354.5,354.6499938964844,46495
2026-09-01 14:35:00-04:00,354.7650146484375,354.7898864746094,354.5400085449219,354.5400085449219,50178
2026-09-01 14:36:00-04:00,354.510009765625,354.7900085449219,354.4800109863281,354.7900085449219,36602
2026-09-01 14:37:00-04:00,354.42999267578125,354.69000244140625,354.30999755859375,354.489990234375,61431
2026-09-01 14:38:00-04:00,354.3500061035156,354.489990234375,354.3100891113281,354.44000244140625,31025
2026-09-01 14:39:00-04:00,354.30999755859375,354.4100036621094,354.17120361328125,354.4100036621094,49235
2026-09-01 14:40:00-04:00,354.1400146484375,354.3699951171875,354.10699462890625,354.3500061035156,33229
2026-09-01 14:41:00-04:00,354.010009765625,354.2149963378906,353.9599914550781,354.1300048828125,109383
2026-09-01 14:42:00-04:00,353.8038024902344,354.1299133300781,353.7969970703125,354.010009765625,54576
2026-09-01 14:43:00-04:00,353.6499938964844,353.8900146484375,353.6000061035156,353.8500061035156,81723
2026-09-01 14:44:00-04:00,353.29998779296875,353.7200012207031,353.29998779296875,353.67999267578125,141210
2026-09-01 14:45:00-04:00,353.0,353.4800109863281,352.9599914550781,353.3299865722656,177394
2026-09-01 14:46:00-04:00,353.05499267578125,353.260009765625,353.0,353.0199890136719,79047
2026-09-01 14:47:00-04:00,353.2900085449219,353.3999938964844,353.07000732421875,353.0799865722656,76151
2026-09-01 14:48:00-04:00,353.18499755859375,353.4800109863281,353.10009765625,353.2900085449219,60668
2026-09-01 14:49:00-04:00,353.9198913574219,353.9198913574219,353.16009521484375,353.19500732421875,103134
2026-09-01 14:50:00-04:00,353.8599853515625,354.14990234375,353.8157043457031,353.885009765625,77283
2026-09-01 14:51:00-04:00,353.8349914550781,353.9800109863281,353.75,353.8550109863281,41947
2026-09-01 14:52:00-04:00,354.05999755859375,354.0708923339844,353.7900085449219,353.8349914550781,52821
2026-09-01 14:53:00-04:00,354.1499938964844,354.20001220703125,353.92010498046875,354.0150146484375,42193
2026-09-01 14:54:00-04:00,353.885009765625,354.20001220703125,353.839111328125,354.20001220703125,34521
2026-09-01 14:55:00-04:00,353.9049987792969,354.07000732421875,353.75,353.8599853515625,55881
2026-09-01 14:56:00-04:00,354.0498962402344,354.04998779296875,353.8500061035156,353.91339111328125,38990
2026-09-01 14:57:00-04:00,354.0299987792969,354.04998779296875,353.7850036621094,354.04998779296875,40902
2026-09-01 14:58:00-04:00,354.29998779296875,354.3500061035156,353.9200134277344,354.04998779296875,60127
2026-09-01 14:59:00-04:00,354.3550109863281,354.44000244140625,354.1000061035156,354.29998779296875,63998
2026-09-01 15:00:00-04:00,354.1050109863281,354.4100036621094,354.0899963378906,354.3800048828125,59540
2026-09-01 15:01:00-04:00,354.1600036621094,354.1899108886719,353.9100036621094,354.1099853515625,39472
2026-09-01 15:02:00-04:00,354.3299865722656,354.5,354.1300048828125,354.1300048828125,80095
2026-09-01 15:03:00-04:00,354.7099914550781,354.7200012207031,354.364990234375,354.3900146484375,83693
2026-09-01 15:04:00-04:00,354.67999267578125,354.8999938964844,354.57000732421875,354.70001220703125,60715
2026-09-01 15:05:00-04:00,354.739990234375,354.8092041015625,354.57000732421875,354.67999267578125,40660
2026-09-01 15:06:00-04:00,354.875,354.9100036621094,354.5909118652344,354.7799987792969,44367
2026-09-01 15:07:00-04:00,355.114990234375,355.20001220703125,354.8700866699219,354.8800048828125,65544
2026-09-01 15:08:00-04:00,355.3399963378906,355.3399963378906,354.8999938964844,355.114990234375,43427
2026-09-01 15:09:00-04:00,355.6400146484375,355.70989990234375,355.20001220703125,355.31201171875,65161
2026-09-01 15:10:00-04:00,355.9700012207031,356.0,355.6099853515625,355.6400146484375,96703
2026-09-01 15:11:00-04:00,356.105712890625,356.3999938964844,355.92999267578125,355.9800109863281,139140
2026-09-01 15:12:00-04:00,356.23541259765625,356.239990234375,355.8699951171875,356.05999755859375,74209
2026-09-01 15:13:00-04:00,355.9901123046875,356.25,355.9804992675781,356.20001220703125,48708
2026-09-01 15:14:00-04:00,356.03009033203125,356.1000061035156,355.8700866699219,356.07000732421875,50664
2026-09-01 15:15:00-04:00,356.1700134277344,356.2200012207031,356.010009765625,356.010009765625,43296
2026-09-01 15:16:00-04:00,356.2699890136719,356.2799987792969,355.94970703125,356.197509765625,86583
2026-09-01 15:17:00-04:00,356.0150146484375,356.2900085449219,355.8999938964844,356.239990234375,48600
2026-09-01 15:18:00-04:00,356.13970947265625,356.154296875,355.9100036621094,356.0325012207031,37169
2026-09-01 15:19:00-04:00,356.260009765625,356.3500061035156,356.0801086425781,356.1424865722656,40626
2026-09-01 15:20:00-04:00,356.0400085449219,356.3800048828125,356.0,356.29998779296875,57338
2026-09-01 15:21:00-04:00,356.0799865722656,356.1051025390625,355.8901062011719,356.0249938964844,36145
2026-09-01 15:22:00-04:00,356.4750061035156,356.489990234375,356.0400085449219,356.0799865722656,52227
2026-09-01 15:23:00-04:00,356.239990234375,356.5199890136719,356.239990234375,356.4750061035156,46955
2026-09-01 15:24:00-04:00,356.20001220703125,356.29998779296875,356.1304016113281,356.2550048828125,37120
2026-09-01 15:25:00-04:00,356.2449951171875,356.3500061035156,356.04998779296875,356.20001220703125,34759
2026-09-01 15:26:00-04:00,356.25,356.364990234375,356.1499938964844,356.29998779296875,30057
2026-09-01 15:27:00-04:00,356.4049987792969,356.4429931640625,356.2200012207031,356.2550048828125,40809
2026-09-01 15:28:00-04:00,356.57501220703125,356.6000061035156,356.3999938964844,356.42999267578125,65549
2026-09-01 15:29:00-04:00,356.614990234375,356.8500061035156,356.5343933105469,356.57501220703125,88771
2026-09-01 15:30:00-04:00,356.114013671875,356.6700134277344,356.1000061035156,356.6199951171875,89536
2026-09-01 15:31:00-04:00,355.8500061035156,356.09991455078125,355.7701110839844,356.0799865722656,97423
2026-09-01 15:32:00-04:00,355.59820556640625,355.8999938964844,355.4613952636719,355.8900146484375,64423
2026-09-01 15:33:00-04:00,355.54998779296875,355.69000244140625,355.510009765625,355.55999755859375,48089
2026-09-01 15:34:00-04:00,355.8919982910156,355.9399108886719,355.5,355.54998779296875,65956
2026-09-01 15:35:00-04:00,355.7149963378906,355.9198913574219,355.4949951171875,355.885009765625,45273
2026-09-01 15:36:00-04:00,355.635009765625,355.7149963378906,355.5,355.7149963378906,41202
2026-09-01 15:37:00-04:00,355.6919860839844,355.6919860839844,355.54998779296875,355.6297912597656,30054
2026-09-01 15:38:00-04:00,355.8299865722656,355.8599853515625,355.6499938964844,355.7099914550781,37297
2026-09-01 15:39:00-04:00,355.375,355.8800048828125,355.3599853515625,355.8299865722656,63078
2026-09-01 15:40:00-04:00,355.6300048828125,355.6700134277344,355.33270263671875,355.4100036621094,68036
2026-09-01 15:41:00-04:00,355.5799865722656,355.7699890136719,355.4849853515625,355.6300048828125,34450
2026-09-01 15:42:00-04:00,355.6600036621094,355.7900085449219,355.5849914550781,355.5849914550781,37478
2026-09-01 15:43:00-04:00,355.87921142578125,355.8999938964844,355.4800109863281,355.6400146484375,54201
2026-09-01 15:44:00-04:00,356.29998779296875,356.30999755859375,355.8500061035156,355.8800048828125,74111
2026-09-01 15:45:00-04:00,356.42498779296875,356.6499938964844,356.239990234375,356.29998779296875,85970
2026-09-01 15:46:00-04:00,356.3901062011719,356.5199890136719,356.24139404296875,356.45001220703125,54328
2026-09-01 15:47:00-04:00,356.4869079589844,356.6000061035156,356.340087890625,356.4150085449219,50788
2026-09-01 15:48:00-04:00,356.3900146484375,356.5,356.32000732421875,356.5,50194
2026-09-01 15:49:00-04:00,356.0799865722656,356.3999938964844,355.79998779296875,356.3699951171875,110166
2026-09-01 15:50:00-04:00,356.1000061035156,356.32000732421875,355.79998779296875,356.04998779296875,74073
2026-09-01 15:51:00-04:00,356.20001220703125,356.2499084472656,356.0400085449219,356.0400085449219,71646
2026-09-01 15:52:00-04:00,355.8299865722656,356.4599914550781,355.5400085449219,356.2300109863281,152594
2026-09-01 15:53:00-04:00,356.2300109863281,356.239990234375,355.55999755859375,355.80999755859375,111672
2026-09-01 15:54:00-04:00,355.8800048828125,356.4700012207031,355.7300109863281,356.2300109863281,116100
2026-09-01 15:55:00-04:00,356.2300109863281,356.4200134277344,355.7799987792969,355.9100036621094,138661
2026-09-01 15:56:00-04:00,356.1050109863281,356.29998779296875,355.82000732421875,356.2200012207031,128140
2026-09-01 15:57:00-04:00,355.93499755859375,356.1700134277344,355.8699951171875,356.1000061035156,137331
2026-09-01 15:58:00-04:00,356.10650634765625,356.1449890136719,355.8299865722656,355.94000244140625,190331
2026-09-01 15:59:00-04:00,356.1199951171875,356.20001220703125,355.9100036621094,356.1099853515625,333586
2026-09-02 09:30:00-04:00,358.9346008300781,360.6199951171875,356.9599914550781,360.6099853515625,1276001
2026-09-02 09:31:00-04:00,355.96990966796875,359.2099914550781,355.42999267578125,359.2099914550781,285788
2026-09-02 09:32:00-04:00,356.2550048828125,356.9200134277344,355.6400146484375,355.8800048828125,216327
2026-09-02 09:33:00-04:00,357.385009765625,357.5199890136719,355.8385925292969,356.2699890136719,173267
2026-09-02 09:34:00-04:00,356.69000244140625,357.385009765625,356.1532897949219,357.385009765625,150926
2026-09-02 09:35:00-04:00,354.8393859863281,356.7099914550781,354.6400146484375,356.70001220703125,244197
2026-09-02 09:36:00-04:00,354.0199890136719,354.9892883300781,354.0199890136719,354.82501220703125,194359
2026-09-02 09:37:00-04:00,353.2070007324219,354.14959716796875,352.72601318359375,354.14959716796875,386421
2026-09-02 09:38:00-04:00,352.2449951171875,353.6499938964844,352.0899963378906,353.1777038574219,253868
2026-09-02 09:39:00-04:00,352.2950134277344,352.4700012207031,351.510009765625,352.25,252129
2026-09-02 09:40:00-04:00,352.9599914550781,353.1499938964844,351.5400085449219,352.2672119140625,262936
2026-09-02 09:41:00-04:00,352.20001220703125,353.17999267578125,351.65460205078125,352.989990234375,191759
2026-09-02 09:42:00-04:00,351.89801025390625,352.2699890136719,351.510009765625,352.239990234375,164638
2026-09-02 09:43:00-04:00,350.510009765625,351.92999267578125,350.4200134277344,351.92999267578125,345433
2026-09-02 09:44:00-04:00,350.70989990234375,351.19000244140625,350.4849853515625,350.4849853515625,200806
2026-09-02 09:45:00-04:00,350.70001220703125,351.0,349.9200134277344,350.6499938964844,445774
2026-09-02 09:46:00-04:00,350.92498779296875,351.0899963378906,350.19000244140625,350.67999267578125,209171
2026-09-02 09:47:00-04:00,351.85589599609375,352.1080017089844,350.8500061035156,350.9200134277344,271758
2026-09-02 09:48:00-04:00,351.2724914550781,351.9997863769531,351.1199951171875,351.8609924316406,141183
2026-09-02 09:49:00-04:00,351.55999755859375,352.0989990234375,351.239990234375,351.2699890136719,141823
2026-09-02 09:50:00-04:00,352.3699951171875,352.3800048828125,351.6300048828125,351.6600036621094,150553
2026-09-02 09:51:00-04:00,351.8699951171875,352.3699035644531,351.7900085449219,352.3699035644531,116693
2026-09-02 09:52:00-04:00,352.5,352.5899963378906,351.8800048828125,351.9049987792969,148322
2026-09-02 09:53:00-04:00,352.54998779296875,352.989990234375,352.4700012207031,352.55999755859375,136024
2026-09-02 09:54:00-04:00,352.3900146484375,352.52398681640625,351.92999267578125,352.510009765625,126393
2026-09-02 09:55:00-04:00,352.4949951171875,352.7398986816406,352.34869384765625,352.3900146484375,108516
2026-09-02 09:56:00-04:00,351.8800048828125,352.4949951171875,351.85009765625,352.4949951171875,98251
2026-09-02 09:57:00-04:00,352.2250061035156,352.3900146484375,351.8500061035156,352.0150146484375,77760
2026-09-02 09:58:00-04:00,352.3299865722656,352.6300048828125,352.0700988769531,352.2799987792969,72445
2026-09-02 09:59:00-04:00,351.79998779296875,352.3599853515625,351.4800109863281,352.3106994628906,137156
2026-09-02 10:00:00-04:00,351.05999755859375,351.76849365234375,350.7200012207031,351.7300109863281,169100
2026-09-02 10:01:00-04:00,351.1199951171875,351.4255065917969,350.9255065917969,351.0899963378906,85192
2026-09-02 10:02:00-04:00,351.1549987792969,351.3500061035156,350.5,351.19000244140625,130329
2026-09-02 10:03:00-04:00,350.6050109863281,351.1799011230469,350.3599853515625,351.1549987792969,77936
2026-09-02 10:04:00-04:00,351.07110595703125,351.114990234375,350.6099853515625,350.6099853515625,60285
2026-09-02 10:05:00-04:00,351.06500244140625,351.44000244140625,350.7300109863281,351.14990234375,109083
2026-09-02 10:06:00-04:00,351.1549987792969,351.25,350.7500915527344,351.06500244140625,85217
2026-09-02 10:07:00-04:00,351.2698974609375,351.30999755859375,350.8800964355469,351.1549987792969,63742
2026-09-02 10:08:00-04:00,351.3800048828125,351.54998779296875,351.0537109375,351.19000244140625,79487
2026-09-02 10:09:00-04:00,351.6499938964844,351.947998046875,351.3800048828125,351.4100036621094,116513
2026-09-02 10:10:00-04:00,352.0350036621094,352.2200012207031,351.5201110839844,351.71990966796875,124929
2026-09-02 10:11:00-04:00,352.04998779296875,352.19000244140625,351.79998779296875,352.0191955566406,93207
2026-09-02 10:12:00-04:00,352.07989501953125,352.25,351.8999938964844,352.0899963378906,82226
2026-09-02 10:13:00-04:00,352.489990234375,352.489990234375,351.989990234375,352.05499267578125,65479
2026-09-02 10:14:00-04:00,352.81500244140625,352.9100036621094,352.3399963378906,352.5,123460
2026-09-02 10:15:00-04:00,353.5398864746094,353.5400085449219,352.7099914550781,352.80120849609375,175458
2026-09-02 10:16:00-04:00,353.80999755859375,353.84869384765625,353.3500061035156,353.5,122072
2026-09-02 10:17:00-04:00,354.1499938964844,354.3800048828125,353.6499938964844,353.7900085449219,197332
2026-09-02 10:18:00-04:00,354.6099853515625,354.67999267578125,354.0,354.0700988769531,144946
2026-09-02 10:19:00-04:00,354.6199951171875,354.7900085449219,354.3999938964844,354.6050109863281,168738
2026-09-02 10:20:00-04:00,353.840087890625,354.78948974609375,353.55999755859375,354.6199951171875,184853
2026-09-02 10:21:00-04:00,354.6099853515625,354.70001220703125,353.8800048828125,353.9198913574219,158686
2026-09-02 10:22:00-04:00,354.7149963378906,354.7900085449219,354.2745056152344,354.54998779296875,116468
2026-09-02 10:23:00-04:00,354.8450012207031,355.07501220703125,354.60009765625,354.7149963378906,161774
2026-09-02 10:24:00-04:00,354.79150390625,355.0,354.1852111816406,354.8500061035156,139599
2026-09-02 10:25:00-04:00,354.94000244140625,354.9798889160156,354.55499267578125,354.7950134277344,62298
2026-09-02 10:26:00-04:00,355.239990234375,355.3500061035156,354.8817138671875,354.92999267578125,146043
2026-09-02 10:27:00-04:00,355.7550048828125,355.8599853515625,354.9700012207031,355.18011474609375,146329
2026-09-02 10:28:00-04:00,354.7149963378906,355.8299865722656,354.5,355.7799987792969,147191
2026-09-02 10:29:00-04:00,355.0199890136719,355.239990234375,354.41839599609375,354.6982116699219,97812
2026-09-02 10:30:00-04:00,355.2900085449219,355.4549865722656,355.0199890136719,355.0400085449219,73108
2026-09-02 10:31:00-04:00,354.92498779296875,355.4078063964844,354.7900085449219,355.2900085449219,77784
2026-09-02 10:32:00-04:00,354.66009521484375,354.9798889160156,354.42999267578125,354.9200134277344,103080
2026-09-02 10:33:00-04:00,354.75,354.7699890136719,354.2799987792969,354.7099914550781,72642
2026-09-02 10:34:00-04:00,355.2349853515625,355.3800048828125,354.75579833984375,354.7650146484375,91817
2026-09-02 10:35:00-04:00,355.20001220703125,355.3500061035156,354.9236145019531,355.2349853515625,72029
2026-09-02 10:36:00-04:00,355.44891357421875,355.510009765625,355.1300048828125,355.20001220703125,94740
2026-09-02 10:37:00-04:00,355.57501220703125,355.69000244140625,355.2699890136719,355.3949890136719,86764
2026-09-02 10:38:00-04:00,355.2300109863281,355.6300048828125,355.06500244140625,355.54638671875,83307
2026-09-02 10:39:00-04:00,355.54998779296875,355.659912109375,355.2300109863281,355.2699890136719,71433
2026-09-02 10:40:00-04:00,355.510009765625,355.6300048828125,355.4208068847656,355.5199890136719,49991
2026-09-02 10:41:00-04:00,355.6099853515625,355.70001220703125,355.4573974609375,355.4700927734375,61160
2026-09-02 10:42:00-04:00,355.9100036621094,356.1600036621094,355.54998779296875,355.5690002441406,192463
2026-09-02 10:43:00-04:00,356.05010986328125,356.6199951171875,355.8399963378906,355.92999267578125,129558
2026-09-02 10:44:00-04:00,356.25,356.2850036621094,355.9100036621094,356.0899963378906,114120
2026-09-02 10:45:00-04:00,355.5849914550781,356.64801025390625,355.55010986328125,356.2304992675781,190600
2026-09-02 10:46:00-04:00,355.6000061035156,356.3900146484375,355.260009765625,355.58599853515625,133186
2026-09-02 10:47:00-04:00,355.6400146484375,355.79559326171875,355.3999938964844,355.56500244140625,66498
2026-09-02 10:48:00-04:00,355.489990234375,356.09991455078125,355.44000244140625,355.6199951171875,63871
2026-09-02 10:49:00-04:00,353.9700012207031,355.55999755859375,353.93011474609375,355.489990234375,163755
2026-09-02 10:50:00-04:00,354.2244873046875,354.6300048828125,353.78009033203125,353.9700012207031,128525
2026-09-02 10:51:00-04:00,354.5398864746094,354.67999267578125,354.0299987792969,354.2799987792969,65487
2026-09-02 10:52:00-04:00,353.68499755859375,354.70989990234375,353.6300048828125,354.4849853515625,80519
2026-09-02 10:53:00-04:00,353.0899963378906,353.7799987792969,352.9352111816406,353.7298889160156,102311
2026-09-02 10:54:00-04:00,352.5700988769531,353.1000061035156,352.3599853515625,353.0899963378906,121297
2026-09-02 10:55:00-04:00,352.30499267578125,353.11871337890625,352.1300048828125,352.5950012207031,121821
2026-09-02 10:56:00-04:00,352.0,352.5,351.760009765625,352.20001220703125,166284
2026-09-02 10:57:00-04:00,351.8876953125,352.2698974609375,351.6000061035156,352.0,105196
2026-09-02 10:58:00-04:00,351.55999755859375,351.989990234375,351.3500061035156,351.9234924316406,90782
2026-09-02 10:59:00-04:00,351.3699951171875,351.7598876953125,351.25,351.55999755859375,76462
2026-09-02 11:00:00-04:00,351.7149963378906,351.9798889160156,350.94000244140625,351.3500061035156,208813
2026-09-02 11:01:00-04:00,351.4549865722656,351.8800048828125,351.4100036621094,351.7782897949219,86256
2026-09-02 11:02:00-04:00,351.74749755859375,351.79998779296875,351.28009033203125,351.4549865722656,121020
2026-09-02 11:03:00-04:00,352.3951110839844,352.5498962402344,351.4849853515625,351.7149963378906,162327
2026-09-02 11:04:00-04:00,353.5150146484375,353.54998779296875,352.1499938964844,352.3599853515625,159739
2026-09-02 11:05:00-04:00,353.04998779296875,353.5498962402344,352.70001220703125,353.5201110839844,129001
2026-09-02 11:06:00-04:00,353.55499267578125,353.5899963378906,352.78009033203125,353.04998779296875,80752
2026-09-02 11:07:00-04:00,353.6600036621094,353.7998962402344,353.38031005859375,353.5794982910156,86397
2026-09-02 11:08:00-04:00,353.7749938964844,353.8699035644531,353.5000915527344,353.6099853515625,61084
2026-09-02 11:09:00-04:00,353.79998779296875,353.8352966308594,353.4601135253906,353.82000732421875,79632
2026-09-02 11:10:00-04:00,353.6166076660156,353.9200134277344,353.5400085449219,353.8017883300781,54162
2026-09-02 11:11:00-04:00,354.7950134277344,354.8699951171875,353.6499938964844,353.75,130311
2026-09-02 11:12:00-04:00,354.4049987792969,354.92999267578125,354.4049987792969,354.82000732421875,91656
2026-09-02 11:13:00-04:00,354.1199951171875,354.79998779296875,354.1199951171875,354.4049987792969,67807
2026-09-02 11:14:00-04:00,354.1419982910156,354.4560852050781,354.01348876953125,354.1549987792969,82167
2026-09-02 11:15:00-04:00,354.57000732421875,354.70001220703125,354.0799865722656,354.18890380859375,48376
2026-09-02 11:16:00-04:00,354.7200012207031,354.7300109863281,354.3901062011719,354.57000732421875,50956
2026-09-02 11:17:00-04:00,354.6449890136719,355.2200012207031,354.54998779296875,354.69500732421875,96398
2026-09-02 11:18:00-04:00,354.7850036621094,354.8999938964844,354.1000061035156,354.6700134277344,76687
2026-09-02 11:19:00-04:00,354.7149963378906,354.95001220703125,354.57000732421875,354.8299865722656,41734
2026-09-02 11:20:00-04:00,354.6499938964844,354.8999938964844,354.54998779296875,354.7239990234375,48943
2026-09-02 11:21:00-04:00,354.6400146484375,354.8500061035156,354.57000732421875,354.6400146484375,52904
2026-09-02 11:22:00-04:00,355.17498779296875,355.20001220703125,354.5299987792969,354.6731872558594,67512
2026-09-02 11:23:00-04:00,355.1199951171875,355.29998779296875,354.9767150878906,355.17498779296875,69477
2026-09-02 11:24:00-04:00,355.239990234375,355.2900085449219,355.010009765625,355.0801086425781,46926
2026-09-02 11:25:00-04:00,355.2550048828125,355.3599853515625,355.1203918457031,355.260009765625,51035
2026-09-02 11:26:00-04:00,355.25,355.489990234375,355.04998779296875,355.20001220703125,55851
2026-09-02 11:27:00-04:00,354.7250061035156,355.3699951171875,354.7099914550781,355.3500061035156,80589
2026-09-02 11:28:00-04:00,354.42999267578125,354.889892578125,354.3999938964844,354.7349853515625,125296
2026-09-02 11:29:00-04:00,353.94500732421875,354.55999755859375,353.7799987792969,354.4100036621094,94463
2026-09-02 11:30:00-04:00,353.57501220703125,353.95001220703125,353.4801025390625,353.95001220703125,86011
2026-09-02 11:31:00-04:00,353.5799865722656,354.2799987792969,353.2300109863281,353.59100341796875,90412
2026-09-02 11:32:00-04:00,353.885009765625,354.1300048828125,353.4200134277344,353.5304870605469,66840
2026-09-02 11:33:00-04:00,354.0299987792969,354.1698913574219,353.8949890136719,353.96881103515625,37494
2026-09-02 11:34:00-04:00,354.3599853515625,354.6575927734375,354.010009765625,354.05499267578125,69226
2026-09-02 11:35:00-04:00,353.9700012207031,354.4530029296875,353.8804931640625,354.3599853515625,40948
2026-09-02 11:36:00-04:00,353.8804931640625,354.2799987792969,353.8800048828125,353.9359130859375,40008
2026-09-02 11:37:00-04:00,353.8500061035156,354.19000244140625,353.7101135253906,353.885009765625,76563
2026-09-02 11:38:00-04:00,353.7784118652344,354.05999755859375,353.69000244140625,354.0,44013
2026-09-02 11:39:00-04:00,353.9367980957031,354.0299987792969,353.6300048828125,353.7900085449219,48154
2026-09-02 11:40:00-04:00,353.8800048828125,354.0299987792969,353.7300109863281,353.9549865722656,29204
2026-09-02 11:41:00-04:00,354.11199951171875,354.20001220703125,353.8319091796875,353.864990234375,30522
2026-09-02 11:42:00-04:00,354.1590881347656,354.2200012207031,354.0198974609375,354.125,22857
2026-09-02 11:43:00-04:00,354.1449890136719,354.2900085449219,354.07000732421875,354.159912109375,27822
2026-09-02 11:44:00-04:00,354.0299072265625,354.1499938964844,353.9400939941406,354.14019775390625,16770
2026-09-02 11:45:00-04:00,353.69500732421875,354.0299987792969,353.6000061035156,353.989990234375,38091
2026-09-02 11:46:00-04:00,353.6000061035156,353.6799011230469,353.54998779296875,353.6499938964844,35253
2026-09-02 11:47:00-04:00,353.1650085449219,353.54998779296875,353.0899963378906,353.54998779296875,72076
2026-09-02 11:48:00-04:00,353.4049987792969,353.45001220703125,353.1300048828125,353.16778564453125,34167
2026-09-02 11:49:00-04:00,352.8280944824219,353.45001220703125,352.79998779296875,353.3902893066406,59391
2026-09-02 11:50:00-04:00,353.1700134277344,353.1700134277344,352.79998779296875,352.8450012207031,48002
2026-09-02 11:51:00-04:00,353.2096862792969,353.2096862792969,352.9200134277344,353.135009765625,52949
2026-09-02 11:52:00-04:00,352.9750061035156,353.1680908203125,352.93499755859375,353.135009765625,30120
2026-09-02 11:53:00-04:00,352.5328063964844,353.0199890136719,352.45001220703125,353.0,89349
2026-09-02 11:54:00-04:00,352.94000244140625,352.94000244140625,352.5299987792969,352.54998779296875,46396
2026-09-02 11:55:00-04:00,352.6700134277344,353.0465087890625,352.5299987792969,352.9132080078125,45527
2026-09-02 11:56:00-04:00,352.3699951171875,352.70001220703125,352.2799987792969,352.70001220703125,62865
2026-09-02 11:57:00-04:00,352.7099914550781,352.8450012207031,352.3500061035156,352.398193359375,34617
2026-09-02 11:58:00-04:00,353.07501220703125,353.1300048828125,352.70721435546875,352.7467041015625,54675
2026-09-02 11:59:00-04:00,352.6700134277344,353.0799865722656,352.57000732421875,353.0799865722656,54628
2026-09-02 12:00:00-04:00,353.00640869140625,353.0498962402344,352.6400146484375,352.67999267578125,50406
2026-09-02 12:01:00-04:00,353.05670166015625,353.2200012207031,352.82000732421875,353.0087890625,45516
2026-09-02 12:02:00-04:00,352.6099853515625,353.0799865722656,352.6000061035156,353.05999755859375,44747
2026-09-02 12:03:00-04:00,352.6365051269531,352.6893005371094,352.4216003417969,352.6000061035156,42480
2026-09-02 12:04:00-04:00,352.8500061035156,352.8500061035156,352.5,352.6000061035156,40829
2026-09-02 12:05:00-04:00,352.7900085449219,353.0299072265625,352.75,352.8599853515625,55545
2026-09-02 12:06:00-04:00,352.6289978027344,352.82501220703125,352.4399108886719,352.7929992675781,32180
2026-09-02 12:07:00-04:00,353.2900085449219,353.3893127441406,352.5899963378906,352.6199951171875,54570
2026-09-02 12:08:00-04:00,353.07000732421875,353.57000732421875,352.92999267578125,353.2900085449219,64853
2026-09-02 12:09:00-04:00,353.45001220703125,353.5,353.04998779296875,353.0945129394531,38300
2026-09-02 12:10:00-04:00,353.6199951171875,353.67669677734375,353.36138916015625,353.45001220703125,53596
2026-09-02 12:11:00-04:00,353.93499755859375,354.1199951171875,353.70001220703125,353.70001220703125,113631
2026-09-02 12:12:00-04:00,354.3999938964844,354.426513671875,353.9100036621094,353.94000244140625,61856
2026-09-02 12:13:00-04:00,354.2650146484375,354.5400085449219,354.1600036621094,354.3550109863281,69969
2026-09-02 12:14:00-04:00,354.45001220703125,354.5,354.260009765625,354.260009765625,52355
2026-09-02 12:15:00-04:00,354.125,354.6239929199219,354.010009765625,354.489990234375,65398
2026-09-02 12:16:00-04:00,353.7950134277344,354.1099853515625,353.739990234375,354.1081848144531,48553
2026-09-02 12:17:00-04:00,354.0950012207031,354.1600036621094,353.6600036621094,353.80499267578125,45624
2026-09-02 12:18:00-04:00,354.23040771484375,354.489990234375,354.05999755859375,354.1000061035156,56636
2026-09-02 12:19:00-04:00,354.3900146484375,354.4800109863281,354.15008544921875,354.2950134277344,36926
2026-09-02 12:20:00-04:00,354.375,354.5400085449219,354.2900085449219,354.385009765625,54624
2026-09-02 12:21:00-04:00,354.3800048828125,354.5,354.30999755859375,354.35009765625,35559
2026-09-02 12:22:00-04:00,354.3299865722656,354.4800109863281,354.239990234375,354.3450012207031,40875
2026-09-02 12:23:00-04:00,354.0899963378906,354.4399108886719,354.05999755859375,354.364990234375,48455
2026-09-02 12:24:00-04:00,353.9800109863281,354.1099853515625,353.8900146484375,354.081298828125,30958
2026-09-02 12:25:00-04:00,353.8999938964844,354.1192932128906,353.8699951171875,354.0,24493
2026-09-02 12:26:00-04:00,354.1300048828125,354.1679992675781,353.79998779296875,353.8999938964844,31839
2026-09-02 12:27:00-04:00,354.2200012207031,354.2799987792969,353.7799987792969,354.1300048828125,49154
2026-09-02 12:28:00-04:00,354.04998779296875,354.2049865722656,354.0199890136719,354.2049865722656,18326
2026-09-02 12:29:00-04:00,353.7349853515625,354.09991455078125,353.67999267578125,354.09991455078125,33914
2026-09-02 12:30:00-04:00,353.2550048828125,353.89990234375,353.04998779296875,353.7349853515625,57335
2026-09-02 12:31:00-04:00,353.2250061035156,353.5014953613281,353.110107421875,353.29998779296875,32947
2026-09-02 12:32:00-04:00,352.4649963378906,353.25,352.360107421875,353.2200012207031,91898
2026-09-02 12:33:00-04:00,352.42999267578125,352.75,352.3900146484375,352.4649963378906,84443
2026-09-02 12:34:00-04:00,352.7912902832031,352.8500061035156,352.3599853515625,352.4100036621094,59100
2026-09-02 12:35:00-04:00,353.0400085449219,353.17999267578125,352.6300964355469,352.760009765625,65038
2026-09-02 12:36:00-04:00,352.875,353.07501220703125,352.70001220703125,353.06500244140625,34413
2026-09-02 12:37:00-04:00,352.7267150878906,352.9739074707031,352.7267150878906,352.885009765625,17847
2026-09-02 12:38:00-04:00,352.45001220703125,352.8699951171875,352.4100036621094,352.760009765625,54182
2026-09-02 12:39:00-04:00,352.6000061035156,352.94000244140625,352.42999267578125,352.42999267578125,37018
2026-09-02 12:40:00-04:00,352.610107421875,352.69989013671875,352.3999938964844,352.6094970703125,29416
2026-09-02 12:41:00-04:00,352.29998779296875,352.69000244140625,352.20001220703125,352.6499938964844,48475
2026-09-02 12:42:00-04:00,352.4599914550781,352.5,352.25,352.2850036621094,30547
2026-09-02 12:43:00-04:00,352.6299133300781,352.6400146484375,352.4226989746094,352.489501953125,40200
2026-09-02 12:44:00-04:00,352.7626953125,352.8800048828125,352.5527038574219,352.5527038574219,27109
2026-09-02 12:45:00-04:00,352.79998779296875,352.94000244140625,352.6549987792969,352.7699890136719,35606
2026-09-02 12:46:00-04:00,353.04998779296875,353.1000061035156,352.69000244140625,352.760009765625,44356
2026-09-02 12:47:00-04:00,353.09600830078125,353.1700134277344,352.7799987792969,353.04998779296875,37498
2026-09-02 12:48:00-04:00,353.4607849121094,353.5050048828125,353.0799865722656,353.17120361328125,73195
2026-09-02 12:49:00-04:00,353.572509765625,353.7099914550781,353.09100341796875,353.4750061035156,53603
2026-09-02 12:50:00-04:00,353.4862060546875,353.82000732421875,353.4862060546875,353.5450134277344,51887
2026-09-02 12:51:00-04:00,353.8558044433594,353.94000244140625,353.4599914550781,353.5150146484375,46972
2026-09-02 12:52:00-04:00,353.989990234375,354.20001220703125,353.8500061035156,353.8500061035156,59007
2026-09-02 12:53:00-04:00,354.42498779296875,354.4599914550781,353.9599914550781,353.989990234375,49119
2026-09-02 12:54:00-04:00,354.3800048828125,354.55950927734375,354.2301025390625,354.42498779296875,60299
2026-09-02 12:55:00-04:00,354.5801086425781,354.64898681640625,354.2401123046875,354.2799987792969,43997
2026-09-02 12:56:00-04:00,354.4649963378906,354.95001220703125,354.4200134277344,354.614990234375,89962
2026-09-02 12:57:00-04:00,353.9750061035156,354.4700012207031,353.9750061035156,354.4100036621094,64585
2026-09-02 12:58:00-04:00,353.9599914550781,354.2298889160156,353.9010925292969,353.9700012207031,50090
2026-09-02 12:59:00-04:00,353.76690673828125,354.0199890136719,353.7101135253906,353.9649963378906,55470
2026-09-02 13:00:00-04:00,354.31500244140625,354.36419677734375,353.6918029785156,353.81561279296875,46500
2026-09-02 13:01:00-04:00,354.3099060058594,354.54998779296875,353.93011474609375,354.3399963378906,71403
2026-09-02 13:02:00-04:00,354.3894958496094,354.3894958496094,354.2300109863281,354.3550109863281,15533
2026-09-02 13:03:00-04:00,354.0849914550781,354.452392578125,353.7699890136719,354.3900146484375,45138
2026-09-02 13:04:00-04:00,354.04998779296875,354.13031005859375,353.7701110839844,354.0639953613281,32682
2026-09-02 13:05:00-04:00,354.12921142578125,354.12921142578125,353.7760009765625,354.04998779296875,23706
2026-09-02 13:06:00-04:00,353.80499267578125,354.07501220703125,353.7799987792969,354.07501220703125,29025
2026-09-02 13:07:00-04:00,353.29998779296875,353.82000732421875,353.25,353.7900085449219,82053
2026-09-02 13:08:00-04:00,353.1449890136719,353.4599914550781,352.9700012207031,353.3627014160156,54391
2026-09-02 13:09:00-04:00,353.2298889160156,353.4100036621094,353.0299987792969,353.19000244140625,33800
2026-09-02 13:10:00-04:00,353.04998779296875,353.260009765625,352.9100036621094,353.1487121582031,37739
2026-09-02 13:11:00-04:00,353.1650085449219,353.17999267578125,352.8999938964844,353.1000061035156,26973
2026-09-02 13:12:00-04:00,353.17498779296875,353.24749755859375,352.96099853515625,353.1650085449219,26549
2026-09-02 13:13:00-04:00,353.19000244140625,353.25,353.04998779296875,353.20001220703125,33805
2026-09-02 13:14:00-04:00,353.17498779296875,353.2532958984375,353.0199890136719,353.19000244140625,26959
2026-09-02 13:15:00-04:00,353.1499938964844,353.2799987792969,353.04998779296875,353.2095947265625,20720
2026-09-02 13:16:00-04:00,352.8550109863281,353.1632080078125,352.6730041503906,353.1600036621094,41297
2026-09-02 13:17:00-04:00,352.7799987792969,353.0799865722656,352.70001220703125,352.8100891113281,46418
2026-09-02 13:18:00-04:00,352.7799987792969,352.9515075683594,352.7615966796875,352.8399963378906,24163
2026-09-02 13:19:00-04:00,352.635009765625,352.89569091796875,352.57000732421875,352.7799987792969,31925
2026-09-02 13:20:00-04:00,352.739990234375,352.9590148925781,352.5899963378906,352.5899963378906,39812
2026-09-02 13:21:00-04:00,353.0085144042969,353.05999755859375,352.7001037597656,352.7210998535156,49967
2026-09-02 13:22:00-04:00,353.0448913574219,353.2298889160156,353.010009765625,353.0504150390625,38222
2026-09-02 13:23:00-04:00,353.2449951171875,353.2799987792969,353.0,353.0318908691406,35452
2026-09-02 13:24:00-04:00,353.05999755859375,353.25,353.0199890136719,353.2099914550781,35967
2026-09-02 13:25:00-04:00,353.07501220703125,353.20989990234375,353.010009765625,353.05999755859375,22045
2026-09-02 13:26:00-04:00,353.3500061035156,353.3716125488281,353.0899963378906,353.0899963378906,25812
2026-09-02 13:27:00-04:00,353.32000732421875,353.4200134277344,353.260009765625,353.385009765625,25482
2026-09-02 13:28:00-04:00,353.6400146484375,353.67999267578125,353.29998779296875,353.3598937988281,48496
2026-09-02 13:29:00-04:00,353.69000244140625,353.79998779296875,353.5617980957031,353.63720703125,31791
2026-09-02 13:30:00-04:00,353.6488952636719,353.889892578125,353.6099853515625,353.6785888671875,46815
2026-09-02 13:31:00-04:00,353.55499267578125,353.7806091308594,353.3399963378906,353.6390075683594,56289
2026-09-02 13:32:00-04:00,353.6700134277344,353.95001220703125,353.4700012207031,353.56500244140625,38311
2026-09-02 13:33:00-04:00,353.57501220703125,353.76458740234375,353.5249938964844,353.6600036621094,20538
2026-09-02 13:34:00-04:00,353.54010009765625,353.70001220703125,353.42999267578125,353.5299987792969,38263
2026-09-02 13:35:00-04:00,353.5899963378906,353.7200012207031,353.43011474609375,353.5400085449219,22512
2026-09-02 13:36:00-04:00,353.3699951171875,353.6000061035156,353.2799987792969,353.5199890136719,28811
2026-09-02 13:37:00-04:00,352.9100036621094,353.4100036621094,352.7799987792969,353.3699951171875,66989
2026-09-02 13:38:00-04:00,352.8999938964844,352.9700012207031,352.57000732421875,352.9100036621094,69710
2026-09-02 13:39:00-04:00,352.95001220703125,353.1116027832031,352.8399963378906,352.8999938964844,28821
2026-09-02 13:40:00-04:00,353.0899963378906,353.1199951171875,352.9385070800781,352.97760009765625,25268
2026-09-02 13:41:00-04:00,353.1549987792969,353.2699890136719,353.0480041503906,353.0799865722656,33319
2026-09-02 13:42:00-04:00,352.81500244140625,353.32989501953125,352.7799987792969,353.1600036621094,44717
2026-09-02 13:43:00-04:00,352.94989013671875,352.9800109863281,352.81500244140625,352.81500244140625,21061
2026-09-02 13:44:00-04:00,353.2300109863281,353.2300109863281,352.92498779296875,352.92498779296875,22044
2026-09-02 13:45:00-04:00,353.3800048828125,353.3800048828125,353.1300048828125,353.1300964355469,28192
2026-09-02 13:46:00-04:00,353.15399169921875,353.42999267578125,353.0299987792969,353.29998779296875,73095
2026-09-02 13:47:00-04:00,352.885009765625,353.1499938964844,352.7900085449219,353.1400146484375,32700
2026-09-02 13:48:00-04:00,352.8599853515625,352.9700012207031,352.67999267578125,352.8800964355469,28424
2026-09-02 13:49:00-04:00,352.6679992675781,352.9700012207031,352.6300048828125,352.86090087890625,34145
2026-09-02 13:50:00-04:00,352.80999755859375,352.8699951171875,352.6000061035156,352.70001220703125,48948
2026-09-02 13:51:00-04:00,352.5400085449219,352.8699951171875,352.5400085449219,352.831298828125,31391
2026-09-02 13:52:00-04:00,352.4599914550781,352.67999267578125,352.3999938964844,352.57958984375,57131
2026-09-02 13:53:00-04:00,352.3399963378906,352.4898986816406,352.19000244140625,352.4200134277344,64610
2026-09-02 13:54:00-04:00,352.2200012207031,352.3599853515625,352.20001220703125,352.2950134277344,25815
2026-09-02 13:55:00-04:00,352.1449890136719,352.2699890136719,351.9501037597656,352.20001220703125,69122
2026-09-02 13:56:00-04:00,352.0350036621094,352.19000244140625,351.9599914550781,352.1700134277344,38041
2026-09-02 13:57:00-04:00,352.4700012207031,352.5447082519531,351.95001220703125,352.0,56163
2026-09-02 13:58:00-04:00,352.3999938964844,352.510009765625,352.3500061035156,352.44500732421875,30522
2026-09-02 13:59:00-04:00,352.2300109863281,352.39190673828125,352.1499938964844,352.385986328125,37838
2026-09-02 14:00:00-04:00,351.75,352.2950134277344,351.7170104980469,352.260009765625,65597
2026-09-02 14:01:00-04:00,351.75,352.0400085449219,351.7300109863281,351.7449951171875,52935
2026-09-02 14:02:00-04:00,351.8800048828125,352.010009765625,351.7438049316406,351.7438049316406,28347
2026-09-02 14:03:00-04:00,352.260009765625,352.32989501953125,351.864990234375,351.875,47027
2026-09-02 14:04:00-04:00,352.4700012207031,352.5199890136719,352.0700988769531,352.260009765625,47755
2026-09-02 14:05:00-04:00,352.70001220703125,352.7300109863281,352.3399963378906,352.4700012207031,45273
2026-09-02 14:06:00-04:00,352.75439453125,352.7699890136719,352.5339050292969,352.7049865722656,37535
2026-09-02 14:07:00-04:00,352.7149963378906,352.7900085449219,352.5700988769531,352.7200012207031,29907
2026-09-02 14:08:00-04:00,352.5350036621094,352.739990234375,352.45001220703125,352.739990234375,28545
2026-09-02 14:09:00-04:00,352.5400085449219,352.6427917480469,352.5,352.55999755859375,16562
2026-09-02 14:10:00-04:00,352.44000244140625,352.5799865722656,352.35009765625,352.5000915527344,24548
2026-09-02 14:11:00-04:00,352.0849914550781,352.4700012207031,352.0,352.4599914550781,45195
2026-09-02 14:12:00-04:00,351.9700012207031,352.2200012207031,351.8999938964844,352.0799865722656,33303
2026-09-02 14:13:00-04:00,352.1499938964844,352.20458984375,351.9800109863281,351.9800109863281,22192
2026-09-02 14:14:00-04:00,352.2793884277344,352.3727111816406,352.0600891113281,352.1000061035156,32123
2026-09-02 14:15:00-04:00,352.2799987792969,352.389892578125,352.18499755859375,352.3099060058594,29057
2026-09-02 14:16:00-04:00,352.3399963378906,352.4399108886719,352.25,352.29998779296875,20310
2026-09-02 14:17:00-04:00,352.54998779296875,352.6499938964844,352.30999755859375,352.31500244140625,37372
2026-09-02 14:18:00-04:00,352.8349914550781,353.2699890136719,352.4599914550781,352.55499267578125,97780
2026-09-02 14:19:00-04:00,352.864990234375,352.9100036621094,352.7304992675781,352.8349914550781,30741
2026-09-02 14:20:00-04:00,352.989990234375,353.1400146484375,352.864990234375,352.864990234375,62948
2026-09-02 14:21:00-04:00,352.7950134277344,353.14990234375,352.69000244140625,353.0199890136719,26585
2026-09-02 14:22:00-04:00,352.82000732421875,352.9100036621094,352.7417907714844,352.8299865722656,23783
2026-09-02 14:23:00-04:00,352.39801025390625,352.8800048828125,352.3800964355469,352.86358642578125,39860
2026-09-02 14:24:00-04:00,352.29998779296875,352.58990478515625,352.2099914550781,352.4299011230469,45661
2026-09-02 14:25:00-04:00,352.1650085449219,352.3399963378906,351.989990234375,352.29998779296875,57347
2026-09-02 14:26:00-04:00,351.9800109863281,352.32000732421875,351.9200134277344,352.1499938964844,55908
2026-09-02 14:27:00-04:00,352.0899963378906,352.17999267578125,351.8999938964844,351.9700012207031,37450
2026-09-02 14:28:00-04:00,352.0799865722656,352.2190856933594,352.04998779296875,352.0899963378906,29054
2026-09-02 14:29:00-04:00,352.1499938964844,352.19989013671875,352.0400085449219,352.0849914550781,38350
2026-09-02 14:30:00-04:00,352.45001220703125,352.4798889160156,352.1600036621094,352.1600036621094,76109
2026-09-02 14:31:00-04:00,352.3399963378906,352.44000244140625,352.1637878417969,352.44000244140625,29390
2026-09-02 14:32:00-04:00,352.6050109863281,352.67999267578125,352.2300109863281,352.30999755859375,43830
2026-09-02 14:33:00-04:00,352.5257873535156,352.6300048828125,352.4642028808594,352.6050109863281,22261
2026-09-02 14:34:00-04:00,352.1650085449219,352.5400085449219,352.1000061035156,352.4800109863281,29011
2026-09-02 14:35:00-04:00,351.92999267578125,352.25,351.8999938964844,352.152587890625,53387
2026-09-02 14:36:00-04:00,352.0899963378906,352.1300048828125,351.92999267578125,351.92999267578125,22840
2026-09-02 14:37:00-04:00,352.0950012207031,352.2200012207031,352.0299987792969,352.0849914550781,25799
2026-09-02 14:38:00-04:00,352.07550048828125,352.1799011230469,351.9400939941406,352.0950012207031,32738
2026-09-02 14:39:00-04:00,351.8699951171875,352.1007080078125,351.8301086425781,352.05999755859375,32055
2026-09-02 14:40:00-04:00,352.1400146484375,352.25,351.8500061035156,351.8949890136719,38378
2026-09-02 14:41:00-04:00,352.2850036621094,352.3599853515625,352.0899963378906,352.1449890136719,33336
2026-09-02 14:42:00-04:00,352.3599853515625,352.45001220703125,352.2099914550781,352.260009765625,25739
2026-09-02 14:43:00-04:00,352.3450012207031,352.4612121582031,352.3301086425781,352.3900146484375,14360
2026-09-02 14:44:00-04:00,352.510009765625,352.54998779296875,352.32000732421875,352.3699951171875,34971
2026-09-02 14:45:00-04:00,352.7650146484375,352.7699890136719,352.44000244140625,352.5400085449219,40119
2026-09-02 14:46:00-04:00,352.6224060058594,352.94140625,352.5899963378906,352.7650146484375,59778
2026-09-02 14:47:00-04:00,352.4800109863281,352.68609619140625,352.44500732421875,352.57501220703125,24352
2026-09-02 14:48:00-04:00,352.70001220703125,352.70001220703125,352.42999267578125,352.4700012207031,29603
2026-09-02 14:49:00-04:00,352.7349853515625,352.81500244140625,352.6099853515625,352.70001220703125,22439
2026-09-02 14:50:00-04:00,352.58758544921875,352.7900085449219,352.5199890136719,352.7300109863281,27680
2026-09-02 14:51:00-04:00,352.5201110839844,352.6600036621094,352.4501037597656,352.6099853515625,30351
2026-09-02 14:52:00-04:00,352.2200012207031,352.57000732421875,352.19000244140625,352.5400085449219,43042
2026-09-02 14:53:00-04:00,352.1000061035156,352.260009765625,352.0,352.21990966796875,108134
2026-09-02 14:54:00-04:00,352.19000244140625,352.2300109863281,352.0849914550781,352.0899963378906,47079
2026-09-02 14:55:00-04:00,352.489990234375,352.55999755859375,351.92999267578125,352.1700134277344,78120
2026-09-02 14:56:00-04:00,352.3999938964844,352.5199890136719,352.260009765625,352.489990234375,23921
2026-09-02 14:57:00-04:00,352.2449951171875,352.4700012207031,352.2077941894531,352.3999938964844,24489
2026-09-02 14:58:00-04:00,352.20001220703125,352.3399963378906,352.1300048828125,352.2119140625,16466
2026-09-02 14:59:00-04:00,351.82000732421875,352.2879943847656,351.7799987792969,352.239990234375,71689
2026-09-02 15:00:00-04:00,352.1050109863281,352.1050109863281,351.80999755859375,351.8299865722656,37744
2026-09-02 15:01:00-04:00,351.8500061035156,352.239990234375,351.8299865722656,352.1000061035156,36475
2026-09-02 15:02:00-04:00,352.25,352.2900085449219,351.79998779296875,351.8599853515625,55714
2026-09-02 15:03:00-04:00,352.8450012207031,352.8699951171875,352.2401123046875,352.2449951171875,87760
2026-09-02 15:04:00-04:00,352.7214050292969,352.8699951171875,352.6300048828125,352.80999755859375,43270
2026-09-02 15:05:00-04:00,352.7049865722656,352.80999755859375,352.6199951171875,352.75,29042
2026-09-02 15:06:00-04:00,352.7699890136719,352.7799987792969,352.6600036621094,352.6600036621094,14811
2026-09-02 15:07:00-04:00,352.7900085449219,352.9898986816406,352.54998779296875,352.75,77398
2026-09-02 15:08:00-04:00,352.7349853515625,352.9800109863281,352.69000244140625,352.8299865722656,51386
2026-09-02 15:09:00-04:00,352.8999938964844,352.9200134277344,352.6600036621094,352.70001220703125,32530
2026-09-02 15:10:00-04:00,352.7998962402344,353.05999755859375,352.6499938964844,352.95001220703125,61130
2026-09-02 15:11:00-04:00,353.0,353.0,352.635498046875,352.760009765625,22202
2026-09-02 15:12:00-04:00,353.0,353.0,353.0,353.0,0
