Price,Close,High,Low,Open,Volume
Ticker,VALE,VALE,VALE,VALE,VALE
Datetime,,,,,
2026-08-27 09:30:00-04:00,15.145000457763672,15.1850004196167,15.140000343322754,15.164999961853027,175485
2026-08-27 09:31:00-04:00,15.114999771118164,15.145000457763672,15.100000381469727,15.145000457763672,167170
2026-08-27 09:32:00-04:00,15.135000228881836,15.140000343322754,15.104999542236328,15.114999771118164,74041
2026-08-27 09:33:00-04:00,15.164999961853027,15.164999961853027,15.125,15.130000114440918,47984
2026-08-27 09:34:00-04:00,15.130000114440918,15.168999671936035,15.125,15.164999961853027,36481
2026-08-27 09:35:00-04:00,15.145000457763672,15.145000457763672,15.114999771118164,15.119999885559082,70267
2026-08-27 09:36:00-04:00,15.149999618530273,15.154999732971191,15.145000457763672,15.145000457763672,29685
2026-08-27 09:37:00-04:00,15.119999885559082,15.145000457763672,15.110099792480469,15.145000457763672,44691
2026-08-27 09:38:00-04:00,15.104999542236328,15.125,15.104999542236328,15.119999885559082,54128
2026-08-27 09:39:00-04:00,15.104999542236328,15.109999656677246,15.095000267028809,15.100000381469727,46007
2026-08-27 09:40:00-04:00,15.074999809265137,15.104999542236328,15.074999809265137,15.100000381469727,59091
2026-08-27 09:41:00-04:00,15.069999694824219,15.085000038146973,15.069999694824219,15.079999923706055,79572
2026-08-27 09:42:00-04:00,15.079999923706055,15.079999923706055,15.070099830627441,15.074999809265137,50091
2026-08-27 09:43:00-04:00,15.085000038146973,15.09000015258789,15.074999809265137,15.085000038146973,25880
2026-08-27 09:44:00-04:00,15.085000038146973,15.100000381469727,15.079999923706055,15.085000038146973,42684
2026-08-27 09:45:00-04:00,15.085000038146973,15.085000038146973,15.070899963378906,15.079999923706055,55301
2026-08-27 09:46:00-04:00,15.069999694824219,15.100000381469727,15.069999694824219,15.085000038146973,22323
2026-08-27 09:47:00-04:00,15.079999923706055,15.099100112915039,15.079999923706055,15.079999923706055,23403
2026-08-27 09:48:00-04:00,15.069999694824219,15.074999809265137,15.0649995803833,15.069999694824219,15124
2026-08-27 09:49:00-04:00,15.095000267028809,15.100000381469727,15.0649995803833,15.0649995803833,22195
2026-08-27 09:50:00-04:00,15.095000267028809,15.104999542236328,15.085000038146973,15.100000381469727,19324
2026-08-27 09:51:00-04:00,15.114999771118164,15.114999771118164,15.095000267028809,15.095000267028809,16789
2026-08-27 09:52:00-04:00,15.114999771118164,15.125,15.104999542236328,15.114999771118164,35724
2026-08-27 09:53:00-04:00,15.119099617004395,15.119999885559082,15.114999771118164,15.114999771118164,11815
2026-08-27 09:54:00-04:00,15.114999771118164,15.119999885559082,15.114999771118164,15.119999885559082,9345
2026-08-27 09:55:00-04:00,15.100899696350098,15.114999771118164,15.100899696350098,15.109999656677246,17534
2026-08-27 09:56:00-04:00,15.09119987487793,15.104999542236328,15.09000015258789,15.100000381469727,18763
2026-08-27 09:57:00-04:00,15.100000381469727,15.100000381469727,15.09000015258789,15.095000267028809,2790
2026-08-27 09:58:00-04:00,15.104999542236328,15.109999656677246,15.095000267028809,15.100000381469727,16472
2026-08-27 09:59:00-04:00,15.089900016784668,15.109999656677246,15.085000038146973,15.100000381469727,99139
2026-08-27 10:00:00-04:00,15.09000015258789,15.109999656677246,15.079999923706055,15.086751937866211,21795
2026-08-27 10:01:00-04:00,15.104999542236328,15.109999656677246,15.095000267028809,15.095000267028809,29968
2026-08-27 10:02:00-04:00,15.119999885559082,15.119999885559082,15.101699829101562,15.101699829101562,6911
2026-08-27 10:03:00-04:00,15.119999885559082,15.119999885559082,15.109999656677246,15.114999771118164,28698
2026-08-27 10:04:00-04:00,15.104999542236328,15.119999885559082,15.09000015258789,15.119999885559082,56334
2026-08-27 10:05:00-04:00,15.109999656677246,15.119999885559082,15.100099563598633,15.104999542236328,54613
2026-08-27 10:06:00-04:00,15.079999923706055,15.100000381469727,15.079999923706055,15.095000267028809,64078
2026-08-27 10:07:00-04:00,15.095000267028809,15.100000381469727,15.079999923706055,15.079999923706055,40068
2026-08-27 10:08:00-04:00,15.114999771118164,15.119999885559082,15.095000267028809,15.100000381469727,92262
2026-08-27 10:09:00-04:00,15.100000381469727,15.119999885559082,15.100000381469727,15.114999771118164,41815
2026-08-27 10:10:00-04:00,15.100000381469727,15.119999885559082,15.095000267028809,15.100000381469727,28113
2026-08-27 10:11:00-04:00,15.095000267028809,15.100000381469727,15.095000267028809,15.100000381469727,2438
2026-08-27 10:12:00-04:00,15.09000015258789,15.100000381469727,15.085000038146973,15.095000267028809,12183
2026-08-27 10:13:00-04:00,15.09000015258789,15.09000015258789,15.079999923706055,15.085000038146973,59570
2026-08-27 10:14:00-04:00,15.095000267028809,15.100000381469727,15.079999923706055,15.09000015258789,44623
2026-08-27 10:15:00-04:00,15.095000267028809,15.100000381469727,15.090100288391113,15.095000267028809,42524
2026-08-27 10:16:00-04:00,15.114999771118164,15.114999771118164,15.09000015258789,15.099900245666504,80292
2026-08-27 10:17:00-04:00,15.109999656677246,15.130000114440918,15.109999656677246,15.114999771118164,99787
2026-08-27 10:18:00-04:00,15.114999771118164,15.119999885559082,15.109999656677246,15.114999771118164,16380
2026-08-27 10:19:00-04:00,15.114999771118164,15.119999885559082,15.100099563598633,15.114999771118164,75131
2026-08-27 10:20:00-04:00,15.129899978637695,15.130000114440918,15.109999656677246,15.114999771118164,43583
2026-08-27 10:21:00-04:00,15.130000114440918,15.140000343322754,15.125,15.125,68594
2026-08-27 10:22:00-04:00,15.130000114440918,15.140000343322754,15.125,15.135000228881836,24312
2026-08-27 10:23:00-04:00,15.114999771118164,15.130000114440918,15.114999771118164,15.130000114440918,8396
2026-08-27 10:24:00-04:00,15.095000267028809,15.109999656677246,15.09000015258789,15.109999656677246,40405
2026-08-27 10:25:00-04:00,15.085000038146973,15.100000381469727,15.085000038146973,15.095000267028809,85377
2026-08-27 10:26:00-04:00,15.085000038146973,15.09000015258789,15.079999923706055,15.085000038146973,29542
2026-08-27 10:27:00-04:00,15.074999809265137,15.09000015258789,15.069999694824219,15.085000038146973,46418
2026-08-27 10:28:00-04:00,15.085000038146973,15.09000015258789,15.074999809265137,15.074999809265137,34386
2026-08-27 10:29:00-04:00,15.085000038146973,15.09000015258789,15.081000328063965,15.085000038146973,36602
2026-08-27 10:30:00-04:00,15.085000038146973,15.09000015258789,15.079999923706055,15.085000038146973,48364
2026-08-27 10:31:00-04:00,15.09000015258789,15.09000015258789,15.079999923706055,15.085000038146973,94987
2026-08-27 10:32:00-04:00,15.09000015258789,15.09000015258789,15.085000038146973,15.085000038146973,16323
2026-08-27 10:33:00-04:00,15.0649995803833,15.09000015258789,15.0600004196167,15.085000038146973,89229
2026-08-27 10:34:00-04:00,15.079999923706055,15.079999923706055,15.0649995803833,15.069999694824219,113152
2026-08-27 10:35:00-04:00,15.079999923706055,15.09000015258789,15.074999809265137,15.079999923706055,70766
2026-08-27 10:36:00-04:00,15.09000015258789,15.09000015258789,15.074999809265137,15.079999923706055,10581
2026-08-27 10:37:00-04:00,15.104999542236328,15.109999656677246,15.085000038146973,15.09000015258789,53994
2026-08-27 10:38:00-04:00,15.100000381469727,15.109999656677246,15.095000267028809,15.100000381469727,91587
2026-08-27 10:39:00-04:00,15.095000267028809,15.095000267028809,15.082300186157227,15.095000267028809,83454
2026-08-27 10:40:00-04:00,15.104999542236328,15.125,15.095000267028809,15.095000267028809,107880
2026-08-27 10:41:00-04:00,15.104999542236328,15.119999885559082,15.104999542236328,15.109999656677246,93961
2026-08-27 10:42:00-04:00,15.119999885559082,15.119999885559082,15.100000381469727,15.109999656677246,163090
2026-08-27 10:43:00-04:00,15.119999885559082,15.126212120056152,15.109999656677246,15.114999771118164,122404
2026-08-27 10:44:00-04:00,15.125,15.130000114440918,15.114999771118164,15.119999885559082,40917
2026-08-27 10:45:00-04:00,15.145000457763672,15.145000457763672,15.119999885559082,15.130000114440918,173587
2026-08-27 10:46:00-04:00,15.154999732971191,15.15999984741211,15.140000343322754,15.149999618530273,42282
2026-08-27 10:47:00-04:00,15.154999732971191,15.15999984741211,15.145000457763672,15.149999618530273,23623
2026-08-27 10:48:00-04:00,15.15999984741211,15.170000076293945,15.150099754333496,15.159500122070312,162236
2026-08-27 10:49:00-04:00,15.154999732971191,15.15999984741211,15.149999618530273,15.15999984741211,87582
2026-08-27 10:50:00-04:00,15.145000457763672,15.154999732971191,15.140000343322754,15.154999732971191,210035
2026-08-27 10:51:00-04:00,15.130000114440918,15.149999618530273,15.130000114440918,15.145000457763672,52017
2026-08-27 10:52:00-04:00,15.154999732971191,15.164999961853027,15.135000228881836,15.135000228881836,127897
2026-08-27 10:53:00-04:00,15.154999732971191,15.15999984741211,15.149999618530273,15.149999618530273,49853
2026-08-27 10:54:00-04:00,15.154999732971191,15.154999732971191,15.149999618530273,15.154999732971191,6447
2026-08-27 10:55:00-04:00,15.109999656677246,15.156785011291504,15.109999656677246,15.149999618530273,67908
2026-08-27 10:56:00-04:00,15.114999771118164,15.119999885559082,15.100000381469727,15.114999771118164,59092
2026-08-27 10:57:00-04:00,15.097299575805664,15.125,15.095000267028809,15.11989974975586,108821
2026-08-27 10:58:00-04:00,15.09000015258789,15.095000267028809,15.09000015258789,15.095000267028809,26063
2026-08-27 10:59:00-04:00,15.090100288391113,15.104999542236328,15.09000015258789,15.095000267028809,100072
2026-08-27 11:00:00-04:00,15.095000267028809,15.109999656677246,15.095000267028809,15.095000267028809,28844
2026-08-27 11:01:00-04:00,15.103500366210938,15.109999656677246,15.095000267028809,15.100000381469727,112702
2026-08-27 11:02:00-04:00,15.104999542236328,15.109999656677246,15.104999542236328,15.104999542236328,107278
2026-08-27 11:03:00-04:00,15.095000267028809,15.104999542236328,15.09000015258789,15.104999542236328,70503
2026-08-27 11:04:00-04:00,15.09000015258789,15.100000381469727,15.085000038146973,15.095000267028809,126008
2026-08-27 11:05:00-04:00,15.095000267028809,15.109999656677246,15.079999923706055,15.09000015258789,125603
2026-08-27 11:06:00-04:00,15.100000381469727,15.109999656677246,15.095000267028809,15.100000381469727,91891
2026-08-27 11:07:00-04:00,15.08650016784668,15.099900245666504,15.085000038146973,15.095000267028809,14128
2026-08-27 11:08:00-04:00,15.085000038146973,15.09000015258789,15.079999923706055,15.079999923706055,81719
2026-08-27 11:09:00-04:00,15.104999542236328,15.104999542236328,15.09000015258789,15.09000015258789,131544
2026-08-27 11:10:00-04:00,15.104999542236328,15.109999656677246,15.100000381469727,15.104999542236328,117149
2026-08-27 11:11:00-04:00,15.109999656677246,15.109999656677246,15.100000381469727,15.100000381469727,20807
2026-08-27 11:12:00-04:00,15.114999771118164,15.119999885559082,15.104999542236328,15.104999542236328,129666
2026-08-27 11:13:00-04:00,15.114999771118164,15.114999771118164,15.110699653625488,15.114999771118164,18164
2026-08-27 11:14:00-04:00,15.104999542236328,15.114999771118164,15.104999542236328,15.114999771118164,29516
2026-08-27 11:15:00-04:00,15.119999885559082,15.119999885559082,15.104999542236328,15.104999542236328,128994
2026-08-27 11:16:00-04:00,15.114999771118164,15.119999885559082,15.109999656677246,15.114999771118164,6525
2026-08-27 11:17:00-04:00,15.109999656677246,15.119999885559082,15.109999656677246,15.119999885559082,26213
2026-08-27 11:18:00-04:00,15.095000267028809,15.109999656677246,15.095000267028809,15.109999656677246,47417
2026-08-27 11:19:00-04:00,15.09000015258789,15.095000267028809,15.09000015258789,15.095000267028809,37425
2026-08-27 11:20:00-04:00,15.09000015258789,15.100000381469727,15.09000015258789,15.095000267028809,89143
2026-08-27 11:21:00-04:00,15.095000267028809,15.097700119018555,15.09000015258789,15.09000015258789,5202
2026-08-27 11:22:00-04:00,15.095000267028809,15.095000267028809,15.095000267028809,15.095000267028809,7001
2026-08-27 11:23:00-04:00,15.09850025177002,15.09850025177002,15.079999923706055,15.095000267028809,108895
2026-08-27 11:24:00-04:00,15.10200023651123,15.109999656677246,15.100000381469727,15.100000381469727,71686
2026-08-27 11:25:00-04:00,15.110099792480469,15.119999885559082,15.100000381469727,15.104999542236328,82005
2026-08-27 11:26:00-04:00,15.114999771118164,15.114999771118164,15.114999771118164,15.114999771118164,10725
2026-08-27 11:27:00-04:00,15.114999771118164,15.119999885559082,15.109999656677246,15.114999771118164,139222
2026-08-27 11:28:00-04:00,15.135000228881836,15.135000228881836,15.11989974975586,15.11989974975586,132284
2026-08-27 11:29:00-04:00,15.140000343322754,15.145000457763672,15.130000114440918,15.135000228881836,77317
2026-08-27 11:30:00-04:00,15.189900398254395,15.189900398254395,15.145000457763672,15.14631175994873,151375
2026-08-27 11:31:00-04:00,15.180000305175781,15.1899995803833,15.175000190734863,15.1850004196167,100862
2026-08-27 11:32:00-04:00,15.1850004196167,15.194999694824219,15.170000076293945,15.1850004196167,288486
2026-08-27 11:33:00-04:00,15.1850004196167,15.1899995803833,15.1850004196167,15.189000129699707,92380
2026-08-27 11:34:00-04:00,15.194999694824219,15.199999809265137,15.1850004196167,15.187812805175781,128152
2026-08-27 11:35:00-04:00,15.194999694824219,15.199999809265137,15.1850004196167,15.194999694824219,182490
2026-08-27 11:36:00-04:00,15.1899995803833,15.194999694824219,15.180000305175781,15.191800117492676,107702
2026-08-27 11:37:00-04:00,15.194999694824219,15.199999809265137,15.18019962310791,15.1850004196167,71708
2026-08-27 11:38:00-04:00,15.225000381469727,15.22599983215332,15.194999694824219,15.194999694824219,201685
2026-08-27 11:39:00-04:00,15.225000381469727,15.229100227355957,15.21500015258789,15.225000381469727,118173
2026-08-27 11:40:00-04:00,15.219900131225586,15.229999542236328,15.210000038146973,15.225000381469727,79384
2026-08-27 11:41:00-04:00,15.234999656677246,15.239999771118164,15.21500015258789,15.21500015258789,143604
2026-08-27 11:42:00-04:00,15.225000381469727,15.239999771118164,15.225000381469727,15.234999656677246,178927
2026-08-27 11:43:00-04:00,15.225000381469727,15.229900360107422,15.224499702453613,15.224499702453613,20776
2026-08-27 11:44:00-04:00,15.21500015258789,15.229999542236328,15.21500015258789,15.225000381469727,73978
2026-08-27 11:45:00-04:00,15.19909954071045,15.21500015258789,15.1899995803833,15.21500015258789,78736
2026-08-27 11:46:00-04:00,15.194999694824219,15.199999809265137,15.1899995803833,15.199999809265137,133149
2026-08-27 11:47:00-04:00,15.199999809265137,15.210000038146973,15.194999694824219,15.194999694824219,86587
2026-08-27 11:48:00-04:00,15.194999694824219,15.210000038146973,15.1899995803833,15.201199531555176,156510
2026-08-27 11:49:00-04:00,15.199999809265137,15.204999923706055,15.194999694824219,15.19909954071045,93564
2026-08-27 11:50:00-04:00,15.204999923706055,15.204999923706055,15.199999809265137,15.204999923706055,2746
2026-08-27 11:51:00-04:00,15.21500015258789,15.220000267028809,15.204999923706055,15.204999923706055,73248
2026-08-27 11:52:00-04:00,15.21500015258789,15.220000267028809,15.213700294494629,15.21500015258789,77551
2026-08-27 11:53:00-04:00,15.21500015258789,15.21500015258789,15.21500015258789,15.21500015258789,5999
2026-08-27 11:54:00-04:00,15.21500015258789,15.220000267028809,15.210000038146973,15.21500015258789,67081
2026-08-27 11:55:00-04:00,15.204999923706055,15.210000038146973,15.199999809265137,15.210000038146973,35001
2026-08-27 11:56:00-04:00,15.220000267028809,15.220000267028809,15.204999923706055,15.204999923706055,39743
2026-08-27 11:57:00-04:00,15.204999923706055,15.220000267028809,15.204999923706055,15.21500015258789,26737
2026-08-27 11:58:00-04:00,15.204999923706055,15.204999923706055,15.204999923706055,15.204999923706055,3529
2026-08-27 11:59:00-04:00,15.204999923706055,15.209099769592285,15.199999809265137,15.209099769592285,47533
2026-08-27 12:00:00-04:00,15.204999923706055,15.204999923706055,15.199999809265137,15.204999923706055,33285
2026-08-27 12:01:00-04:00,15.21500015258789,15.220000267028809,15.204999923706055,15.204999923706055,92264
2026-08-27 12:02:00-04:00,15.204999923706055,15.21500015258789,15.199999809265137,15.21500015258789,146878
2026-08-27 12:03:00-04:00,15.204999923706055,15.21500015258789,15.199999809265137,15.204999923706055,131884
2026-08-27 12:04:00-04:00,15.204999923706055,15.210000038146973,15.204999923706055,15.210000038146973,27166
2026-08-27 12:05:00-04:00,15.204999923706055,15.210000038146973,15.194999694824219,15.204999923706055,97960
2026-08-27 12:06:00-04:00,15.19909954071045,15.204999923706055,15.1899995803833,15.204999923706055,87722
2026-08-27 12:07:00-04:00,15.204999923706055,15.210000038146973,15.194999694824219,15.194999694824219,148882
2026-08-27 12:08:00-04:00,15.208999633789062,15.210000038146973,15.199999809265137,15.204999923706055,81156
2026-08-27 12:09:00-04:00,15.204999923706055,15.204999923706055,15.199999809265137,15.204999923706055,86397
2026-08-27 12:10:00-04:00,15.194999694824219,15.204999923706055,15.194999694824219,15.201499938964844,42185
2026-08-27 12:11:00-04:00,15.194999694824219,15.199999809265137,15.1899995803833,15.194999694824219,51363
2026-08-27 12:12:00-04:00,15.204999923706055,15.210000038146973,15.190099716186523,15.194999694824219,62431
2026-08-27 12:13:00-04:00,15.204999923706055,15.210000038146973,15.199999809265137,15.204999923706055,92927
2026-08-27 12:14:00-04:00,15.204999923706055,15.210000038146973,15.204999923706055,15.204999923706055,10775
2026-08-27 12:15:00-04:00,15.210000038146973,15.210000038146973,15.203900337219238,15.204999923706055,8361
2026-08-27 12:16:00-04:00,15.229999542236328,15.229999542236328,15.204999923706055,15.204999923706055,86997
2026-08-27 12:17:00-04:00,15.225000381469727,15.229999542236328,15.220000267028809,15.225000381469727,36760
2026-08-27 12:18:00-04:00,15.225000381469727,15.229999542236328,15.225000381469727,15.229999542236328,25216
2026-08-27 12:19:00-04:00,15.220000267028809,15.225000381469727,15.210000038146973,15.225000381469727,55840
2026-08-27 12:20:00-04:00,15.220100402832031,15.229999542236328,15.21500015258789,15.21500015258789,98543
2026-08-27 12:21:00-04:00,15.220000267028809,15.229999542236328,15.220000267028809,15.229999542236328,6951
2026-08-27 12:22:00-04:00,15.225000381469727,15.229999542236328,15.210000038146973,15.21500015258789,132892
2026-08-27 12:23:00-04:00,15.220000267028809,15.229999542236328,15.220000267028809,15.225000381469727,16438
2026-08-27 12:24:00-04:00,15.225000381469727,15.225000381469727,15.220000267028809,15.220000267028809,18003
2026-08-27 12:25:00-04:00,15.225000381469727,15.225000381469727,15.221175193786621,15.221175193786621,3461
2026-08-27 12:26:00-04:00,15.225000381469727,15.225000381469727,15.220000267028809,15.220000267028809,14529
2026-08-27 12:27:00-04:00,15.225000381469727,15.225000381469727,15.220000267028809,15.225000381469727,2285
2026-08-27 12:28:00-04:00,15.225000381469727,15.229999542236328,15.220000267028809,15.225000381469727,104852
2026-08-27 12:29:00-04:00,15.220000267028809,15.229999542236328,15.210000038146973,15.225000381469727,86547
2026-08-27 12:30:00-04:00,15.219900131225586,15.225000381469727,15.21500015258789,15.219099998474121,152693
2026-08-27 12:31:00-04:00,15.234999656677246,15.239999771118164,15.210000038146973,15.21500015258789,140366
2026-08-27 12:32:00-04:00,15.234999656677246,15.234999656677246,15.229999542236328,15.234999656677246,26484
2026-08-27 12:33:00-04:00,15.225000381469727,15.234999656677246,15.225000381469727,15.234999656677246,17051
2026-08-27 12:34:00-04:00,15.234999656677246,15.234999656677246,15.229999542236328,15.229999542236328,10294
2026-08-27 12:35:00-04:00,15.239500045776367,15.239999771118164,15.234999656677246,15.234999656677246,60335
2026-08-27 12:36:00-04:00,15.244999885559082,15.25,15.230899810791016,15.239100456237793,56175
2026-08-27 12:37:00-04:00,15.239999771118164,15.244999885559082,15.239999771118164,15.244999885559082,61520
2026-08-27 12:38:00-04:00,15.244999885559082,15.244999885559082,15.244999885559082,15.244999885559082,4502
2026-08-27 12:39:00-04:00,15.241999626159668,15.24899959564209,15.239999771118164,15.244999885559082,7026
2026-08-27 12:40:00-04:00,15.244999885559082,15.244999885559082,15.240500450134277,15.244999885559082,2338
2026-08-27 12:41:00-04:00,15.244999885559082,15.244999885559082,15.239999771118164,15.244999885559082,9940
2026-08-27 12:42:00-04:00,15.239999771118164,15.25,15.239999771118164,15.239999771118164,25291
2026-08-27 12:43:00-04:00,15.244999885559082,15.244999885559082,15.239999771118164,15.24120044708252,17032
2026-08-27 12:44:00-04:00,15.239999771118164,15.244999885559082,15.239999771118164,15.239999771118164,2640
2026-08-27 12:45:00-04:00,15.234999656677246,15.239999771118164,15.234999656677246,15.239999771118164,104233
2026-08-27 12:46:00-04:00,15.239999771118164,15.239999771118164,15.234999656677246,15.234999656677246,6463
2026-08-27 12:47:00-04:00,15.234999656677246,15.234999656677246,15.23009967803955,15.234999656677246,29753
2026-08-27 12:48:00-04:00,15.234999656677246,15.234999656677246,15.229999542236328,15.234999656677246,44026
2026-08-27 12:49:00-04:00,15.234999656677246,15.239999771118164,15.230999946594238,15.234999656677246,2847
2026-08-27 12:50:00-04:00,15.234999656677246,15.239999771118164,15.229999542236328,15.229999542236328,59939
2026-08-27 12:51:00-04:00,15.244999885559082,15.244999885559082,15.234999656677246,15.234999656677246,34060
2026-08-27 12:52:00-04:00,15.249099731445312,15.25,15.239999771118164,15.244999885559082,34590
2026-08-27 12:53:00-04:00,15.25,15.25,15.244999885559082,15.244999885559082,18581
2026-08-27 12:54:00-04:00,15.244999885559082,15.244999885559082,15.239999771118164,15.244999885559082,46857
2026-08-27 12:55:00-04:00,15.25,15.25,15.244999885559082,15.244999885559082,6623
2026-08-27 12:56:00-04:00,15.25,15.25,15.244999885559082,15.244999885559082,10197
2026-08-27 12:57:00-04:00,15.244999885559082,15.25,15.244999885559082,15.244999885559082,46034
2026-08-27 12:58:00-04:00,15.244999885559082,15.25,15.240099906921387,15.25,12858
2026-08-27 12:59:00-04:00,15.244999885559082,15.25,15.239999771118164,15.25,8553
2026-08-27 13:00:00-04:00,15.265000343322754,15.26990032196045,15.241000175476074,15.249500274658203,96565
2026-08-27 13:01:00-04:00,15.265000343322754,15.279999732971191,15.265000343322754,15.265000343322754,200052
2026-08-27 13:02:00-04:00,15.265000343322754,15.265000343322754,15.260000228881836,15.265000343322754,23702
2026-08-27 13:03:00-04:00,15.270000457763672,15.270000457763672,15.265000343322754,15.265000343322754,90349
2026-08-27 13:04:00-04:00,15.265000343322754,15.270000457763672,15.260000228881836,15.265000343322754,90345
2026-08-27 13:05:00-04:00,15.265000343322754,15.270000457763672,15.260000228881836,15.265000343322754,40211
2026-08-27 13:06:00-04:00,15.265000343322754,15.268799781799316,15.260000228881836,15.265000343322754,3336
2026-08-27 13:07:00-04:00,15.265000343322754,15.268799781799316,15.260000228881836,15.265000343322754,6988
2026-08-27 13:08:00-04:00,15.274999618530273,15.274999618530273,15.265000343322754,15.265000343322754,38322
2026-08-27 13:09:00-04:00,15.270899772644043,15.279899597167969,15.270000457763672,15.274999618530273,9662
2026-08-27 13:10:00-04:00,15.269100189208984,15.274999618530273,15.263999938964844,15.274999618530273,90210
2026-08-27 13:11:00-04:00,15.279999732971191,15.28499984741211,15.269000053405762,15.269000053405762,113159
2026-08-27 13:12:00-04:00,15.28499984741211,15.28499984741211,15.28499984741211,15.28499984741211,694
2026-08-27 13:13:00-04:00,15.274999618530273,15.28499984741211,15.274999618530273,15.28499984741211,118238
2026-08-27 13:14:00-04:00,15.289799690246582,15.289999961853027,15.274999618530273,15.274999618530273,115402
2026-08-27 13:15:00-04:00,15.28499984741211,15.289899826049805,15.280099868774414,15.28499984741211,14831
2026-08-27 13:16:00-04:00,15.28499984741211,15.289999961853027,15.279999732971191,15.289899826049805,16099
2026-08-27 13:17:00-04:00,15.28499984741211,15.28499984741211,15.279999732971191,15.28499984741211,34518
2026-08-27 13:18:00-04:00,15.28499984741211,15.28499984741211,15.279999732971191,15.28499984741211,6816
2026-08-27 13:19:00-04:00,15.28499984741211,15.28499984741211,15.279999732971191,15.28499984741211,10938
2026-08-27 13:20:00-04:00,15.28499984741211,15.28499984741211,15.279999732971191,15.28499984741211,1362
2026-08-27 13:21:00-04:00,15.274999618530273,15.28499984741211,15.274999618530273,15.28499984741211,28492
2026-08-27 13:22:00-04:00,15.265000343322754,15.274999618530273,15.265000343322754,15.274999618530273,24894
2026-08-27 13:23:00-04:00,15.265000343322754,15.269399642944336,15.260000228881836,15.265000343322754,82579
2026-08-27 13:24:00-04:00,15.274999618530273,15.274999618530273,15.260000228881836,15.265000343322754,63604
2026-08-27 13:25:00-04:00,15.265000343322754,15.274999618530273,15.260100364685059,15.274999618530273,193163
2026-08-27 13:26:00-04:00,15.270099639892578,15.274999618530273,15.265000343322754,15.265000343322754,38326
2026-08-27 13:27:00-04:00,15.274999618530273,15.274999618530273,15.270899772644043,15.274999618530273,11064
2026-08-27 13:28:00-04:00,15.279999732971191,15.279999732971191,15.271200180053711,15.274999618530273,3221
2026-08-27 13:29:00-04:00,15.279999732971191,15.279999732971191,15.274999618530273,15.274999618530273,13838
2026-08-27 13:30:00-04:00,15.28499984741211,15.28499984741211,15.274999618530273,15.279500007629395,29300
2026-08-27 13:31:00-04:00,15.28499984741211,15.289999961853027,15.279999732971191,15.28499984741211,63344
2026-08-27 13:32:00-04:00,15.289999961853027,15.289999961853027,15.28499984741211,15.28499984741211,49907
2026-08-27 13:33:00-04:00,15.289999961853027,15.289999961853027,15.28499984741211,15.28499984741211,26948
2026-08-27 13:34:00-04:00,15.305000305175781,15.3149995803833,15.281000137329102,15.28499984741211,167915
2026-08-27 13:35:00-04:00,15.300000190734863,15.308799743652344,15.295000076293945,15.308799743652344,96798
2026-08-27 13:36:00-04:00,15.295000076293945,15.300000190734863,15.295000076293945,15.295000076293945,19701
2026-08-27 13:38:00-04:00,15.305100440979004,15.305100440979004,15.300000190734863,15.300000190734863,36888
2026-08-27 13:39:00-04:00,15.305000305175781,15.305000305175781,15.300000190734863,15.305000305175781,37095
2026-08-27 13:40:00-04:00,15.305000305175781,15.305100440979004,15.300000190734863,15.305000305175781,7837
2026-08-27 13:41:00-04:00,15.305000305175781,15.305000305175781,15.300000190734863,15.305000305175781,2806
2026-08-27 13:42:00-04:00,15.300000190734863,15.305000305175781,15.300000190734863,15.305000305175781,4624
2026-08-27 13:43:00-04:00,15.305000305175781,15.305000305175781,15.305000305175781,15.305000305175781,3217
2026-08-27 13:44:00-04:00,15.295000076293945,15.305000305175781,15.295000076293945,15.305000305175781,19981
2026-08-27 13:45:00-04:00,15.295000076293945,15.295100212097168,15.295000076293945,15.295000076293945,8261
2026-08-27 13:46:00-04:00,15.299099922180176,15.300000190734863,15.291199684143066,15.295000076293945,30232
2026-08-27 13:47:00-04:00,15.305000305175781,15.3100004196167,15.299099922180176,15.299099922180176,48986
2026-08-27 13:48:00-04:00,15.29010009765625,15.305000305175781,15.29010009765625,15.300000190734863,7506
2026-08-27 13:49:00-04:00,15.3100004196167,15.3100004196167,15.295000076293945,15.295000076293945,92909
2026-08-27 13:50:00-04:00,15.3149995803833,15.3149995803833,15.305000305175781,15.3100004196167,49245
2026-08-27 13:51:00-04:00,15.299099922180176,15.3149995803833,15.295000076293945,15.3149995803833,62105
2026-08-27 13:52:00-04:00,15.300000190734863,15.300000190734863,15.289999961853027,15.300000190734863,67304
2026-08-27 13:53:00-04:00,15.300000190734863,15.300000190734863,15.295000076293945,15.300000190734863,11329
2026-08-27 13:54:00-04:00,15.295000076293945,15.295000076293945,15.295000076293945,15.295000076293945,4165
2026-08-27 13:55:00-04:00,15.295000076293945,15.300000190734863,15.295000076293945,15.29990005493164,6044
2026-08-27 13:56:00-04:00,15.295000076293945,15.300000190734863,15.295000076293945,15.295000076293945,8744
2026-08-27 13:57:00-04:00,15.295000076293945,15.300000190734863,15.295000076293945,15.295000076293945,14362
2026-08-27 13:58:00-04:00,15.289999961853027,15.300000190734863,15.28499984741211,15.300000190734863,99800
2026-08-27 13:59:00-04:00,15.324999809265137,15.329999923706055,15.28499984741211,15.28499984741211,165997
2026-08-27 14:00:00-04:00,15.3149995803833,15.324999809265137,15.3100004196167,15.324999809265137,104711
2026-08-27 14:01:00-04:00,15.279999732971191,15.3149995803833,15.279999732971191,15.31089973449707,54011
2026-08-27 14:02:00-04:00,15.28499984741211,15.295000076293945,15.279999732971191,15.279999732971191,99509
2026-08-27 14:03:00-04:00,15.274999618530273,15.28499984741211,15.274999618530273,15.279999732971191,12000
2026-08-27 14:04:00-04:00,15.274999618530273,15.279999732971191,15.270000457763672,15.274999618530273,28595
2026-08-27 14:05:00-04:00,15.300000190734863,15.3100004196167,15.274999618530273,15.274999618530273,172177
2026-08-27 14:06:00-04:00,15.28499984741211,15.305000305175781,15.279999732971191,15.305000305175781,61905
2026-08-27 14:07:00-04:00,15.279999732971191,15.28499984741211,15.274999618530273,15.279999732971191,71349
2026-08-27 14:08:00-04:00,15.279999732971191,15.28499984741211,15.274999618530273,15.280099868774414,111153
2026-08-27 14:09:00-04:00,15.28499984741211,15.28499984741211,15.279999732971191,15.279999732971191,5066
2026-08-27 14:10:00-04:00,15.274999618530273,15.287699699401855,15.274999618530273,15.28499984741211,95410
2026-08-27 14:11:00-04:00,15.28499984741211,15.289999961853027,15.274999618530273,15.274999618530273,47651
2026-08-27 14:12:00-04:00,15.28499984741211,15.289999961853027,15.279999732971191,15.28499984741211,68286
2026-08-27 14:13:00-04:00,15.28499984741211,15.289999961853027,15.279999732971191,15.28499984741211,50864
2026-08-27 14:14:00-04:00,15.289999961853027,15.289999961853027,15.279999732971191,15.279999732971191,46240
2026-08-27 14:15:00-04:00,15.28499984741211,15.289999961853027,15.279999732971191,15.289999961853027,19475
2026-08-27 14:16:00-04:00,15.28499984741211,15.289999961853027,15.279999732971191,15.28499984741211,107655
2026-08-27 14:17:00-04:00,15.28499984741211,15.28499984741211,15.279999732971191,15.28499984741211,27118
2026-08-27 14:18:00-04:00,15.289999961853027,15.298600196838379,15.279999732971191,15.28499984741211,58301
2026-08-27 14:19:00-04:00,15.28499984741211,15.300000190734863,15.279999732971191,15.295000076293945,33467
2026-08-27 14:20:00-04:00,15.279999732971191,15.289999961853027,15.279999732971191,15.279999732971191,10138
2026-08-27 14:21:00-04:00,15.28499984741211,15.28499984741211,15.279999732971191,15.279999732971191,10404
2026-08-27 14:22:00-04:00,15.279999732971191,15.28499984741211,15.279999732971191,15.279999732971191,11683
2026-08-27 14:23:00-04:00,15.279999732971191,15.28499984741211,15.279999732971191,15.28499984741211,7448
2026-08-27 14:24:00-04:00,15.28499984741211,15.289999961853027,15.279999732971191,15.279999732971191,62439
2026-08-27 14:25:00-04:00,15.270000457763672,15.28499984741211,15.270000457763672,15.28499984741211,32978
2026-08-27 14:26:00-04:00,15.270000457763672,15.279999732971191,15.270000457763672,15.274999618530273,36545
2026-08-27 14:27:00-04:00,15.260000228881836,15.274999618530273,15.260000228881836,15.274999618530273,61332
2026-08-27 14:28:00-04:00,15.26990032196045,15.270000457763672,15.260000228881836,15.265000343322754,77743
2026-08-27 14:29:00-04:00,15.26140022277832,15.265000343322754,15.260899543762207,15.265000343322754,3113
2026-08-27 14:30:00-04:00,15.279999732971191,15.279999732971191,15.265000343322754,15.265000343322754,30859
2026-08-27 14:31:00-04:00,15.279899597167969,15.279999732971191,15.274999618530273,15.274999618530273,37154
2026-08-27 14:32:00-04:00,15.279999732971191,15.279999732971191,15.274999618530273,15.274999618530273,11833
2026-08-27 14:33:00-04:00,15.274999618530273,15.279999732971191,15.274999618530273,15.279999732971191,3479
2026-08-27 14:34:00-04:00,15.270000457763672,15.279999732971191,15.270000457763672,15.274999618530273,83440
2026-08-27 14:35:00-04:00,15.279500007629395,15.279999732971191,15.270000457763672,15.270000457763672,38647
2026-08-27 14:36:00-04:00,15.28499984741211,15.28499984741211,15.274999618530273,15.274999618530273,35245
2026-08-27 14:37:00-04:00,15.289899826049805,15.289999961853027,15.280099868774414,15.28499984741211,35866
2026-08-27 14:38:00-04:00,15.289999961853027,15.295100212097168,15.289999961853027,15.289999961853027,66587
2026-08-27 14:39:00-04:00,15.295000076293945,15.295000076293945,15.28499984741211,15.289999961853027,42029
2026-08-27 14:40:00-04:00,15.28499984741211,15.295000076293945,15.28499984741211,15.295000076293945,36999
2026-08-27 14:41:00-04:00,15.295000076293945,15.300000190734863,15.279999732971191,15.28499984741211,169426
2026-08-27 14:42:00-04:00,15.289999961853027,15.295000076293945,15.289999961853027,15.295000076293945,7827
2026-08-27 14:43:00-04:00,15.295000076293945,15.295000076293945,15.289999961853027,15.289999961853027,9517
2026-08-27 14:44:00-04:00,15.295000076293945,15.295000076293945,15.289999961853027,15.295000076293945,4501
2026-08-27 14:45:00-04:00,15.295000076293945,15.295000076293945,15.295000076293945,15.295000076293945,6464
2026-08-27 14:46:00-04:00,15.289999961853027,15.300000190734863,15.289999961853027,15.295000076293945,25180
2026-08-27 14:47:00-04:00,15.295000076293945,15.300000190734863,15.289999961853027,15.289999961853027,93688
2026-08-27 14:48:00-04:00,15.28499984741211,15.295000076293945,15.28499984741211,15.295000076293945,28108
2026-08-27 14:49:00-04:00,15.28499984741211,15.295000076293945,15.279999732971191,15.289999961853027,41247
2026-08-27 14:50:00-04:00,15.28499984741211,15.289999961853027,15.279999732971191,15.28499984741211,18411
2026-08-27 14:51:00-04:00,15.28499984741211,15.289999961853027,15.279999732971191,15.289999961853027,3531
2026-08-27 14:52:00-04:00,15.28499984741211,15.289899826049805,15.280099868774414,15.28499984741211,25413
2026-08-27 14:53:00-04:00,15.270000457763672,15.28499984741211,15.270000457763672,15.279999732971191,49871
2026-08-27 14:54:00-04:00,15.274999618530273,15.279999732971191,15.274999618530273,15.279999732971191,11404
2026-08-27 14:55:00-04:00,15.289899826049805,15.289899826049805,15.270000457763672,15.270000457763672,33020
2026-08-27 14:56:00-04:00,15.305000305175781,15.3149995803833,15.28499984741211,15.289999961853027,355890
2026-08-27 14:57:00-04:00,15.305000305175781,15.3100004196167,15.300000190734863,15.305000305175781,28725
2026-08-27 14:58:00-04:00,15.305000305175781,15.3100004196167,15.300000190734863,15.305000305175781,80193
2026-08-27 14:59:00-04:00,15.3100004196167,15.3100004196167,15.305000305175781,15.305000305175781,16207
2026-08-27 15:00:00-04:00,15.319999694824219,15.324999809265137,15.305000305175781,15.305000305175781,41424
2026-08-27 15:01:00-04:00,15.3149995803833,15.329999923706055,15.3149995803833,15.319999694824219,89032
2026-08-27 15:02:00-04:00,15.3149995803833,15.319999694824219,15.3100004196167,15.3149995803833,55531
2026-08-27 15:03:00-04:00,15.3149995803833,15.3149995803833,15.3100004196167,15.310999870300293,39416
2026-08-27 15:04:00-04:00,15.3149995803833,15.3149995803833,15.310099601745605,15.3149995803833,5066
2026-08-27 15:05:00-04:00,15.3100004196167,15.319999694824219,15.3100004196167,15.3149995803833,10985
2026-08-27 15:06:00-04:00,15.3149995803833,15.319999694824219,15.3100004196167,15.3149995803833,69292
2026-08-27 15:07:00-04:00,15.3149995803833,15.319000244140625,15.3100004196167,15.3149995803833,60724
2026-08-27 15:08:00-04:00,15.324999809265137,15.324999809265137,15.3100004196167,15.3100004196167,29509
2026-08-27 15:09:00-04:00,15.329000473022461,15.329999923706055,15.319999694824219,15.324999809265137,8689
2026-08-27 15:10:00-04:00,15.320099830627441,15.324999809265137,15.319999694824219,15.324999809265137,7782
2026-08-27 15:11:00-04:00,15.3149995803833,15.319999694824219,15.3100004196167,15.319999694824219,40343
2026-08-27 15:12:00-04:00,15.3100004196167,15.3149995803833,15.3100004196167,15.3149995803833,16583
2026-08-27 15:13:00-04:00,15.305000305175781,15.3149995803833,15.300000190734863,15.3100004196167,98748
2026-08-27 15:14:00-04:00,15.305000305175781,15.305000305175781,15.300000190734863,15.300000190734863,120525
2026-08-27 15:15:00-04:00,15.3100004196167,15.3100004196167,15.300000190734863,15.305000305175781,43686
2026-08-27 15:16:00-04:00,15.305000305175781,15.305000305175781,15.300000190734863,15.300000190734863,8761
2026-08-27 15:17:00-04:00,15.300000190734863,15.305100440979004,15.300000190734863,15.305000305175781,20679
2026-08-27 15:18:00-04:00,15.300000190734863,15.305000305175781,15.300000190734863,15.305000305175781,6707
2026-08-27 15:19:00-04:00,15.305000305175781,15.3100004196167,15.300000190734863,15.300000190734863,43670
2026-08-27 15:20:00-04:00,15.305000305175781,15.3149995803833,15.305000305175781,15.309000015258789,84514
2026-08-27 15:21:00-04:00,15.30049991607666,15.308500289916992,15.300000190734863,15.308500289916992,16926
2026-08-27 15:22:00-04:00,15.309700012207031,15.309700012207031,15.300100326538086,15.300999641418457,32532
2026-08-27 15:23:00-04:00,15.3149995803833,15.319999694824219,15.300000190734863,15.3100004196167,47336
2026-08-27 15:24:00-04:00,15.3149995803833,15.319999694824219,15.3100004196167,15.3100004196167,22239
2026-08-27 15:25:00-04:00,15.3149995803833,15.319999694824219,15.305000305175781,15.3149995803833,76381
2026-08-27 15:26:00-04:00,15.319899559020996,15.319899559020996,15.31089973449707,15.31089973449707,9163
2026-08-27 15:27:00-04:00,15.295000076293945,15.319999694824219,15.295000076293945,15.3100004196167,68832
2026-08-27 15:28:00-04:00,15.305000305175781,15.305000305175781,15.289999961853027,15.295000076293945,71231
2026-08-27 15:29:00-04:00,15.305000305175781,15.3100004196167,15.300000190734863,15.3100004196167,27349
2026-08-27 15:30:00-04:00,15.305000305175781,15.309000015258789,15.289999961853027,15.305000305175781,118802
2026-08-27 15:31:00-04:00,15.305000305175781,15.305000305175781,15.295000076293945,15.305000305175781,79024
2026-08-27 15:32:00-04:00,15.300000190734863,15.3100004196167,15.300000190734863,15.3100004196167,4986
2026-08-27 15:33:00-04:00,15.305000305175781,15.3100004196167,15.305000305175781,15.305000305175781,13926
2026-08-27 15:34:00-04:00,15.305000305175781,15.3100004196167,15.300000190734863,15.305000305175781,66141
2026-08-27 15:35:00-04:00,15.3149995803833,15.319999694824219,15.3100004196167,15.3100004196167,94439
2026-08-27 15:36:00-04:00,15.3149995803833,15.329999923706055,15.3100004196167,15.319999694824219,72370
2026-08-27 15:37:00-04:00,15.3149995803833,15.319999694824219,15.3100004196167,15.3149995803833,34634
2026-08-27 15:38:00-04:00,15.3149995803833,15.319999694824219,15.305000305175781,15.3100004196167,3102546
2026-08-27 15:39:00-04:00,15.3149995803833,15.319999694824219,15.3100004196167,15.3100004196167,12343
2026-08-27 15:40:00-04:00,15.3149995803833,15.329899787902832,15.310999870300293,15.3149995803833,66236
2026-08-27 15:41:00-04:00,15.319999694824219,15.319999694824219,15.3100004196167,15.3149995803833,29702
2026-08-27 15:42:00-04:00,15.305000305175781,15.319999694824219,15.305000305175781,15.319999694824219,63456
2026-08-27 15:43:00-04:00,15.3149995803833,15.319999694824219,15.305000305175781,15.305000305175781,76561
2026-08-27 15:44:00-04:00,15.319999694824219,15.319999694824219,15.3149995803833,15.319999694824219,19663
2026-08-27 15:45:00-04:00,15.3149995803833,15.319999694824219,15.3149995803833,15.3149995803833,19537
2026-08-27 15:46:00-04:00,15.3149995803833,15.319999694824219,15.3149995803833,15.3149995803833,14606
2026-08-27 15:47:00-04:00,15.324999809265137,15.324999809265137,15.3100004196167,15.319999694824219,106043
2026-08-27 15:48:00-04:00,15.324999809265137,15.329999923706055,15.319999694824219,15.329999923706055,61449
2026-08-27 15:49:00-04:00,15.329999923706055,15.329999923706055,15.319999694824219,15.319999694824219,45247
2026-08-27 15:50:00-04:00,15.324999809265137,15.329999923706055,15.319999694824219,15.324999809265137,56106
2026-08-27 15:51:00-04:00,15.319999694824219,15.329999923706055,15.319999694824219,15.321200370788574,48513
2026-08-27 15:52:00-04:00,15.324999809265137,15.324999809265137,15.319999694824219,15.324999809265137,22674
2026-08-27 15:53:00-04:00,15.3149995803833,15.329999923706055,15.3149995803833,15.324999809265137,84459
2026-08-27 15:54:00-04:00,15.324999809265137,15.329999923706055,15.3149995803833,15.319999694824219,46127
2026-08-27 15:55:00-04:00,15.324999809265137,15.329999923706055,15.319999694824219,15.324999809265137,60159
2026-08-27 15:56:00-04:00,15.335000038146973,15.34000015258789,15.319999694824219,15.324999809265137,124067
2026-08-27 15:57:00-04:00,15.345000267028809,15.350000381469727,15.329999923706055,15.335000038146973,135777
2026-08-27 15:58:00-04:00,15.34000015258789,15.350000381469727,15.329999923706055,15.345000267028809,274323
2026-08-27 15:59:00-04:00,15.3100004196167,15.34000015258789,15.3100004196167,15.335000038146973,318153
2026-08-28 09:30:00-04:00,15.258000373840332,15.3100004196167,15.25,15.274999618530273,249901
2026-08-28 09:31:00-04:00,15.260000228881836,15.305000305175781,15.260000228881836,15.260000228881836,118174
2026-08-28 09:32:00-04:00,15.239999771118164,15.260000228881836,15.239999771118164,15.255000114440918,51508
2026-08-28 09:33:00-04:00,15.244999885559082,15.25,15.223999977111816,15.229999542236328,9860
2026-08-28 09:34:00-04:00,15.225000381469727,15.239999771118164,15.225000381469727,15.239999771118164,16350
2026-08-28 09:35:00-04:00,15.239999771118164,15.249899864196777,15.225000381469727,15.229999542236328,35171
2026-08-28 09:36:00-04:00,15.244999885559082,15.25,15.21500015258789,15.229999542236328,135578
2026-08-28 09:37:00-04:00,15.212300300598145,15.244999885559082,15.212300300598145,15.244999885559082,53192
2026-08-28 09:38:00-04:00,15.225000381469727,15.225000381469727,15.210000038146973,15.21500015258789,17598
2026-08-28 09:39:00-04:00,15.194999694824219,15.225000381469727,15.194999694824219,15.220000267028809,22608
2026-08-28 09:40:00-04:00,15.199999809265137,15.204999923706055,15.190199851989746,15.194999694824219,36104
2026-08-28 09:41:00-04:00,15.204999923706055,15.204999923706055,15.198800086975098,15.198800086975098,17881
2026-08-28 09:42:00-04:00,15.199999809265137,15.204999923706055,15.19480037689209,15.204999923706055,29478
2026-08-28 09:43:00-04:00,15.180000305175781,15.199999809265137,15.170000076293945,15.199999809265137,34413
2026-08-28 09:44:00-04:00,15.15999984741211,15.175000190734863,15.15999984741211,15.175000190734863,14020
2026-08-28 09:45:00-04:00,15.194999694824219,15.194999694824219,15.170000076293945,15.170000076293945,17017
2026-08-28 09:46:00-04:00,15.1899995803833,15.194999694824219,15.1850004196167,15.194999694824219,17882
2026-08-28 09:47:00-04:00,15.19950008392334,15.19950008392334,15.1850004196167,15.1850004196167,47079
2026-08-28 09:48:00-04:00,15.1899995803833,15.199999809265137,15.184900283813477,15.199999809265137,23141
2026-08-28 09:49:00-04:00,15.1850004196167,15.1899995803833,15.180000305175781,15.1899995803833,55017
2026-08-28 09:50:00-04:00,15.180000305175781,15.1899995803833,15.170000076293945,15.1850004196167,79585
2026-08-28 09:51:00-04:00,15.170000076293945,15.180000305175781,15.15999984741211,15.170000076293945,114099
2026-08-28 09:52:00-04:00,15.180000305175781,15.180000305175781,15.15999984741211,15.169500350952148,32881
2026-08-28 09:53:00-04:00,15.1899995803833,15.1899995803833,15.169899940490723,15.175000190734863,33971
2026-08-28 09:54:00-04:00,15.180000305175781,15.1899995803833,15.175000190734863,15.180000305175781,28474
2026-08-28 09:55:00-04:00,15.1850004196167,15.1850004196167,15.175000190734863,15.179800033569336,18107
2026-08-28 09:56:00-04:00,15.180000305175781,15.1899995803833,15.180000305175781,15.1899995803833,4627
2026-08-28 09:57:00-04:00,15.1899995803833,15.194999694824219,15.1850004196167,15.1850004196167,56825
2026-08-28 09:58:00-04:00,15.220000267028809,15.220000267028809,15.199999809265137,15.199999809265137,7359
2026-08-28 09:59:00-04:00,15.170000076293945,15.229999542236328,15.170000076293945,15.220000267028809,116201
2026-08-28 10:00:00-04:00,15.210000038146973,15.21720027923584,15.15999984741211,15.15999984741211,102820
2026-08-28 10:01:00-04:00,15.169699668884277,15.210000038146973,15.169699668884277,15.210000038146973,67684
2026-08-28 10:02:00-04:00,15.164999961853027,15.170000076293945,15.154999732971191,15.164999961853027,47891
2026-08-28 10:03:00-04:00,15.125,15.164999961853027,15.125,15.164999961853027,92091
2026-08-28 10:04:00-04:00,15.109999656677246,15.119999885559082,15.100000381469727,15.119999885559082,76738
2026-08-28 10:05:00-04:00,15.060099601745605,15.109999656677246,15.0600004196167,15.109999656677246,85483
2026-08-28 10:06:00-04:00,15.045000076293945,15.069999694824219,15.029999732971191,15.069999694824219,96627
2026-08-28 10:07:00-04:00,15.045000076293945,15.055000305175781,15.029999732971191,15.045000076293945,152283
2026-08-28 10:08:00-04:00,15.0649995803833,15.0649995803833,15.029999732971191,15.039999961853027,157838
2026-08-28 10:09:00-04:00,15.050000190734863,15.08899974822998,15.050000190734863,15.0649995803833,105418
2026-08-28 10:10:00-04:00,15.050000190734863,15.0600004196167,15.039999961853027,15.045000076293945,67105
2026-08-28 10:11:00-04:00,15.029999732971191,15.045000076293945,15.024999618530273,15.039999961853027,44622
2026-08-28 10:12:00-04:00,15.020000457763672,15.039999961853027,15.010000228881836,15.029999732971191,58482
2026-08-28 10:13:00-04:00,15.005000114440918,15.024999618530273,14.990099906921387,15.024999618530273,102537
2026-08-28 10:14:00-04:00,15.020000457763672,15.029999732971191,15.00100040435791,15.005000114440918,92772
2026-08-28 10:15:00-04:00,15.045000076293945,15.050000190734863,15.020000457763672,15.020000457763672,71772
2026-08-28 10:16:00-04:00,15.059800148010254,15.0600004196167,15.03499984741211,15.047599792480469,108891
2026-08-28 10:17:00-04:00,15.085000038146973,15.09000015258789,15.0600004196167,15.0600004196167,116790
2026-08-28 10:18:00-04:00,15.069999694824219,15.085000038146973,15.0600004196167,15.085000038146973,141563
2026-08-28 10:19:00-04:00,15.0600004196167,15.074999809265137,15.0600004196167,15.069999694824219,46859
2026-08-28 10:20:00-04:00,15.050000190734863,15.069899559020996,15.050000190734863,15.055000305175781,75640
2026-08-28 10:21:00-04:00,15.055000305175781,15.069999694824219,15.045000076293945,15.050000190734863,103412
2026-08-28 10:22:00-04:00,15.069999694824219,15.079999923706055,15.0600004196167,15.0600004196167,54925
2026-08-28 10:23:00-04:00,15.055000305175781,15.079999923706055,15.055000305175781,15.079999923706055,61438
2026-08-28 10:24:00-04:00,15.0600004196167,15.0600004196167,15.039999961853027,15.050000190734863,99207
2026-08-28 10:25:00-04:00,15.079999923706055,15.079999923706055,15.069999694824219,15.069999694824219,58029
2026-08-28 10:26:00-04:00,15.079999923706055,15.079999923706055,15.062000274658203,15.074999809265137,27250
2026-08-28 10:27:00-04:00,15.0600004196167,15.095000267028809,15.0600004196167,15.079999923706055,104895
2026-08-28 10:28:00-04:00,15.045000076293945,15.0649995803833,15.045000076293945,15.0600004196167,54575
2026-08-28 10:29:00-04:00,15.079500198364258,15.079999923706055,15.045000076293945,15.045000076293945,81756
2026-08-28 10:30:00-04:00,15.09000015258789,15.09000015258789,15.069999694824219,15.079999923706055,111616
2026-08-28 10:31:00-04:00,15.104999542236328,15.125,15.085000038146973,15.085000038146973,169890
2026-08-28 10:32:00-04:00,15.095000267028809,15.109999656677246,15.09000015258789,15.104999542236328,21995
2026-08-28 10:33:00-04:00,15.114999771118164,15.114999771118164,15.09000015258789,15.095000267028809,65105
2026-08-28 10:34:00-04:00,15.119500160217285,15.125,15.109999656677246,15.114999771118164,63999
2026-08-28 10:35:00-04:00,15.130000114440918,15.130000114440918,15.114999771118164,15.11989974975586,207826
2026-08-28 10:36:00-04:00,15.135000228881836,15.145000457763672,15.125,15.125,99078
2026-08-28 10:37:00-04:00,15.139900207519531,15.140000343322754,15.130000114440918,15.140000343322754,23335
2026-08-28 10:38:00-04:00,15.149999618530273,15.154999732971191,15.130000114440918,15.135000228881836,126535
2026-08-28 10:39:00-04:00,15.140000343322754,15.15999984741211,15.140000343322754,15.149999618530273,136013
2026-08-28 10:40:00-04:00,15.145000457763672,15.149999618530273,15.125,15.135000228881836,197606
2026-08-28 10:41:00-04:00,15.13010025024414,15.140000343322754,15.130000114440918,15.140000343322754,15348
2026-08-28 10:42:00-04:00,15.125,15.135100364685059,15.114999771118164,15.130000114440918,269933
2026-08-28 10:43:00-04:00,15.104999542236328,15.130000114440918,15.090100288391113,15.130000114440918,208452
2026-08-28 10:44:00-04:00,15.114999771118164,15.130000114440918,15.109999656677246,15.109999656677246,115521
2026-08-28 10:45:00-04:00,15.085000038146973,15.119999885559082,15.085000038146973,15.114999771118164,85090
2026-08-28 10:46:00-04:00,15.079999923706055,15.089900016784668,15.069999694824219,15.089900016784668,20669
2026-08-28 10:47:00-04:00,15.095000267028809,15.095000267028809,15.079999923706055,15.081000328063965,129348
2026-08-28 10:48:00-04:00,15.09000015258789,15.095000267028809,15.085000038146973,15.095000267028809,18127
2026-08-28 10:49:00-04:00,15.085000038146973,15.09000015258789,15.079999923706055,15.079999923706055,53949
2026-08-28 10:50:00-04:00,15.104999542236328,15.109999656677246,15.085000038146973,15.09000015258789,171410
2026-08-28 10:51:00-04:00,15.100000381469727,15.114999771118164,15.090100288391113,15.10949993133545,191068
2026-08-28 10:52:00-04:00,15.100000381469727,15.114999771118164,15.100000381469727,15.100000381469727,131200
2026-08-28 10:53:00-04:00,15.104999542236328,15.109999656677246,15.100000381469727,15.100000381469727,23025
2026-08-28 10:54:00-04:00,15.104999542236328,15.119999885559082,15.100000381469727,15.109999656677246,157319
2026-08-28 10:55:00-04:00,15.13010025024414,15.135000228881836,15.104999542236328,15.109999656677246,141222
2026-08-28 10:56:00-04:00,15.140000343322754,15.154999732971191,15.135000228881836,15.135000228881836,172131
2026-08-28 10:57:00-04:00,15.135000228881836,15.149999618530273,15.125,15.135000228881836,161940
2026-08-28 10:58:00-04:00,15.125,15.135000228881836,15.119999885559082,15.135000228881836,81133
2026-08-28 10:59:00-04:00,15.129899978637695,15.129899978637695,15.119999885559082,15.125,3657
2026-08-28 11:00:00-04:00,15.139900207519531,15.145000457763672,15.125,15.128999710083008,137341
2026-08-28 11:01:00-04:00,15.135000228881836,15.145000457763672,15.130000114440918,15.135000228881836,102231
2026-08-28 11:02:00-04:00,15.119999885559082,15.139100074768066,15.114999771118164,15.139100074768066,90972
2026-08-28 11:03:00-04:00,15.104999542236328,15.11989974975586,15.104999542236328,15.11989974975586,95392
2026-08-28 11:04:00-04:00,15.109999656677246,15.119999885559082,15.104999542236328,15.109999656677246,186720
2026-08-28 11:05:00-04:00,15.109999656677246,15.119999885559082,15.104999542236328,15.104999542236328,147132
2026-08-28 11:06:00-04:00,15.095000267028809,15.109999656677246,15.09000015258789,15.109999656677246,66557
2026-08-28 11:07:00-04:00,15.095000267028809,15.100000381469727,15.079999923706055,15.095000267028809,190006
2026-08-28 11:08:00-04:00,15.104999542236328,15.104999542236328,15.079999923706055,15.09000015258789,62797
2026-08-28 11:09:00-04:00,15.085000038146973,15.104999542236328,15.085000038146973,15.104999542236328,89191
2026-08-28 11:10:00-04:00,15.085000038146973,15.100000381469727,15.085000038146973,15.09000015258789,64215
2026-08-28 11:11:00-04:00,15.089900016784668,15.09000015258789,15.079999923706055,15.085000038146973,71217
2026-08-28 11:12:00-04:00,15.100000381469727,15.100000381469727,15.079999923706055,15.085000038146973,129188
2026-08-28 11:13:00-04:00,15.100000381469727,15.100000381469727,15.079999923706055,15.095000267028809,107285
2026-08-28 11:14:00-04:00,15.085000038146973,15.095000267028809,15.079999923706055,15.09119987487793,85854
2026-08-28 11:15:00-04:00,15.085000038146973,15.095000267028809,15.079999923706055,15.09000015258789,103322
2026-08-28 11:16:00-04:00,15.09000015258789,15.104999542236328,15.080100059509277,15.085000038146973,92845
2026-08-28 11:17:00-04:00,15.104999542236328,15.109999656677246,15.09000015258789,15.09000015258789,151761
2026-08-28 11:18:00-04:00,15.100000381469727,15.104999542236328,15.090100288391113,15.104999542236328,66513
2026-08-28 11:19:00-04:00,15.095000267028809,15.109999656677246,15.095000267028809,15.104999542236328,54128
2026-08-28 11:20:00-04:00,15.109999656677246,15.114999771118164,15.095000267028809,15.095000267028809,68744
2026-08-28 11:21:00-04:00,15.109999656677246,15.116000175476074,15.09000015258789,15.104999542236328,139791
2026-08-28 11:22:00-04:00,15.114999771118164,15.114999771118164,15.104999542236328,15.104999542236328,65673
2026-08-28 11:23:00-04:00,15.097000122070312,15.114999771118164,15.095000267028809,15.114999771118164,84008
2026-08-28 11:24:00-04:00,15.090100288391113,15.109999656677246,15.09000015258789,15.095000267028809,115902
2026-08-28 11:25:00-04:00,15.10990047454834,15.109999656677246,15.09000015258789,15.095000267028809,118217
2026-08-28 11:26:00-04:00,15.104999542236328,15.119999885559082,15.100000381469727,15.100000381469727,127440
2026-08-28 11:27:00-04:00,15.08899974822998,15.104999542236328,15.074999809265137,15.100000381469727,143965
2026-08-28 11:28:00-04:00,15.079999923706055,15.09000015258789,15.074999809265137,15.081999778747559,82674
2026-08-28 11:29:00-04:00,15.085000038146973,15.09000015258789,15.079999923706055,15.09000015258789,76486
2026-08-28 11:30:00-04:00,15.085000038146973,15.09000015258789,15.085000038146973,15.09000015258789,76819
2026-08-28 11:31:00-04:00,15.081000328063965,15.09000015258789,15.079999923706055,15.09000015258789,22224
2026-08-28 11:32:00-04:00,15.079999923706055,15.09000015258789,15.074999809265137,15.085000038146973,91135
2026-08-28 11:33:00-04:00,15.090900421142578,15.095000267028809,15.085000038146973,15.085000038146973,60812
2026-08-28 11:34:00-04:00,15.079999923706055,15.100000381469727,15.079999923706055,15.095000267028809,56351
2026-08-28 11:35:00-04:00,15.085000038146973,15.085000038146973,15.079999923706055,15.085000038146973,37381
2026-08-28 11:36:00-04:00,15.085000038146973,15.100000381469727,15.085000038146973,15.085000038146973,139262
2026-08-28 11:37:00-04:00,15.09000015258789,15.09000015258789,15.079999923706055,15.085000038146973,25386
2026-08-28 11:38:00-04:00,15.0649995803833,15.085000038146973,15.0649995803833,15.085000038146973,23086
2026-08-28 11:39:00-04:00,15.04010009765625,15.0649995803833,15.04010009765625,15.0649995803833,40712
2026-08-28 11:40:00-04:00,15.024999618530273,15.050000190734863,15.024999618530273,15.045000076293945,116684
2026-08-28 11:41:00-04:00,15.020000457763672,15.029899597167969,15.020000457763672,15.024999618530273,109238
2026-08-28 11:42:00-04:00,15.010000228881836,15.024999618530273,15.010000228881836,15.020000457763672,78483
2026-08-28 11:43:00-04:00,15.010100364685059,15.015000343322754,15.005000114440918,15.010000228881836,50704
2026-08-28 11:44:00-04:00,15.005000114440918,15.010000228881836,15.0,15.010000228881836,15354
2026-08-28 11:45:00-04:00,15.005000114440918,15.005000114440918,14.994999885559082,15.005000114440918,41546
2026-08-28 11:46:00-04:00,15.005000114440918,15.005000114440918,15.0,15.0,20219
2026-08-28 11:47:00-04:00,15.005000114440918,15.015000343322754,15.0,15.005000114440918,50785
2026-08-28 11:48:00-04:00,14.994999885559082,15.0,14.989999771118164,15.0,160956
2026-08-28 11:49:00-04:00,14.994999885559082,15.0,14.984999656677246,14.994999885559082,106520
2026-08-28 11:50:00-04:00,15.0,15.0,14.989999771118164,14.994999885559082,73383
2026-08-28 11:51:00-04:00,15.010000228881836,15.015000343322754,15.0,15.0,97733
2026-08-28 11:52:00-04:00,15.005000114440918,15.020000457763672,15.005000114440918,15.010000228881836,77744
2026-08-28 11:53:00-04:00,15.005000114440918,15.019100189208984,15.005000114440918,15.005000114440918,71188
2026-08-28 11:54:00-04:00,15.005000114440918,15.005000114440918,14.989999771118164,15.0,123255
2026-08-28 11:55:00-04:00,14.991000175476074,15.010000228881836,14.991000175476074,15.010000228881836,29476
2026-08-28 11:56:00-04:00,14.970000267028809,14.990099906921387,14.970000267028809,14.990099906921387,107094
2026-08-28 11:57:00-04:00,14.975000381469727,14.979999542236328,14.960000038146973,14.970000267028809,167623
2026-08-28 11:58:00-04:00,14.975000381469727,14.979999542236328,14.970000267028809,14.979999542236328,44317
2026-08-28 11:59:00-04:00,14.96500015258789,14.979999542236328,14.96500015258789,14.970499992370605,163752
2026-08-28 12:00:00-04:00,14.954999923706055,14.96500015258789,14.954999923706055,14.963800430297852,48461
2026-08-28 12:01:00-04:00,14.944999694824219,14.95009994506836,14.9399995803833,14.949999809265137,115736
2026-08-28 12:02:00-04:00,14.960000038146973,14.960000038146973,14.9399995803833,14.9399995803833,127589
2026-08-28 12:03:00-04:00,14.954999923706055,14.965100288391113,14.954999923706055,14.96500015258789,34059
2026-08-28 12:04:00-04:00,14.9399995803833,14.970000267028809,14.9350004196167,14.960000038146973,181373
2026-08-28 12:05:00-04:00,14.9399995803833,14.9399995803833,14.930000305175781,14.9350004196167,48056
2026-08-28 12:06:00-04:00,14.949000358581543,14.949899673461914,14.930100440979004,14.9350004196167,66994
2026-08-28 12:07:00-04:00,14.944999694824219,14.949999809265137,14.940099716186523,14.944999694824219,55822
2026-08-28 12:08:00-04:00,14.9350004196167,14.944999694824219,14.930000305175781,14.944999694824219,36084
2026-08-28 12:09:00-04:00,14.9399995803833,14.9399995803833,14.930100440979004,14.9350004196167,43452
2026-08-28 12:10:00-04:00,14.9350004196167,14.9399995803833,14.925000190734863,14.9350004196167,86947
2026-08-28 12:11:00-04:00,14.925000190734863,14.9399995803833,14.925000190734863,14.9350004196167,48444
2026-08-28 12:12:00-04:00,14.925000190734863,14.930000305175781,14.90999984741211,14.929499626159668,115415
2026-08-28 12:13:00-04:00,14.904999732971191,14.925000190734863,14.904999732971191,14.925000190734863,41406
2026-08-28 12:14:00-04:00,14.904999732971191,14.909000396728516,14.899999618530273,14.899999618530273,29215
2026-08-28 12:15:00-04:00,14.914999961853027,14.914999961853027,14.904999732971191,14.904999732971191,43475
2026-08-28 12:16:00-04:00,14.904999732971191,14.914999961853027,14.904999732971191,14.914999961853027,47386
2026-08-28 12:17:00-04:00,14.904999732971191,14.90999984741211,14.899999618530273,14.90999984741211,42625
2026-08-28 12:18:00-04:00,14.895000457763672,14.904999732971191,14.890000343322754,14.904999732971191,53605
2026-08-28 12:19:00-04:00,14.904999732971191,14.90999984741211,14.890000343322754,14.895000457763672,87630
2026-08-28 12:20:00-04:00,14.899999618530273,14.904999732971191,14.89229965209961,14.899999618530273,40692
2026-08-28 12:21:00-04:00,14.904999732971191,14.905500411987305,14.890000343322754,14.895000457763672,38863
2026-08-28 12:22:00-04:00,14.899999618530273,14.90999984741211,14.890000343322754,14.904999732971191,88929
2026-08-28 12:23:00-04:00,14.904999732971191,14.906000137329102,14.895000457763672,14.904999732971191,104544
2026-08-28 12:24:00-04:00,14.899900436401367,14.905031204223633,14.89050006866455,14.904999732971191,35203
2026-08-28 12:25:00-04:00,14.895000457763672,14.899999618530273,14.895000457763672,14.895000457763672,31467
2026-08-28 12:26:00-04:00,14.904999732971191,14.90999984741211,14.895000457763672,14.895000457763672,83027
2026-08-28 12:27:00-04:00,14.925000190734863,14.925000190734863,14.904999732971191,14.90999984741211,71451
2026-08-28 12:28:00-04:00,14.925000190734863,14.930000305175781,14.914999961853027,14.925000190734863,112295
2026-08-28 12:29:00-04:00,14.9350004196167,14.9399995803833,14.925000190734863,14.925000190734863,50218
2026-08-28 12:30:00-04:00,14.960000038146973,14.960000038146973,14.930000305175781,14.9350004196167,153379
2026-08-28 12:31:00-04:00,14.954999923706055,14.960000038146973,14.944999694824219,14.954999923706055,93941
2026-08-28 12:32:00-04:00,14.944999694824219,14.960000038146973,14.9399995803833,14.960000038146973,115457
2026-08-28 12:33:00-04:00,14.944999694824219,14.944999694824219,14.930000305175781,14.944999694824219,159393
2026-08-28 12:34:00-04:00,14.944999694824219,14.949999809265137,14.944999694824219,14.944999694824219,12858
2026-08-28 12:35:00-04:00,14.975000381469727,14.975000381469727,14.9399995803833,14.944999694824219,100832
2026-08-28 12:36:00-04:00,14.975000381469727,14.979999542236328,14.970000267028809,14.975000381469727,30800
2026-08-28 12:37:00-04:00,14.984999656677246,14.989999771118164,14.970100402832031,14.979900360107422,35957
2026-08-28 12:38:00-04:00,15.0,15.0,14.984999656677246,14.984999656677246,43296
2026-08-28 12:39:00-04:00,14.984999656677246,14.994999885559082,14.975000381469727,14.994999885559082,128996
2026-08-28 12:40:00-04:00,14.96500015258789,14.989100456237793,14.96500015258789,14.984999656677246,167088
2026-08-28 12:41:00-04:00,14.960000038146973,14.970000267028809,14.95009994506836,14.970000267028809,69491
2026-08-28 12:42:00-04:00,14.954999923706055,14.954999923706055,14.954999923706055,14.954999923706055,20922
2026-08-28 12:43:00-04:00,14.944999694824219,14.960000038146973,14.944999694824219,14.954999923706055,30354
2026-08-28 12:44:00-04:00,14.944999694824219,14.944999694824219,14.944999694824219,14.944999694824219,1518
2026-08-28 12:45:00-04:00,14.975000381469727,14.975000381469727,14.944999694824219,14.944999694824219,58400
2026-08-28 12:46:00-04:00,14.979999542236328,14.979999542236328,14.96500015258789,14.979999542236328,91789
2026-08-28 12:47:00-04:00,14.975000381469727,14.975000381469727,14.970000267028809,14.975000381469727,6340
2026-08-28 12:48:00-04:00,14.975000381469727,14.975000381469727,14.975000381469727,14.975000381469727,19848
2026-08-28 12:49:00-04:00,14.979999542236328,14.979999542236328,14.975000381469727,14.975000381469727,31492
2026-08-28 12:50:00-04:00,14.984999656677246,14.99899959564209,14.979999542236328,14.979999542236328,141621
2026-08-28 12:51:00-04:00,14.994999885559082,14.994999885559082,14.984999656677246,14.984999656677246,45409
2026-08-28 12:52:00-04:00,14.994999885559082,15.0,14.991000175476074,14.994999885559082,53058
2026-08-28 12:53:00-04:00,14.989899635314941,15.0,14.984999656677246,14.991000175476074,34568
2026-08-28 12:54:00-04:00,14.979999542236328,14.989999771118164,14.979999542236328,14.984999656677246,19568
2026-08-28 12:55:00-04:00,14.96500015258789,14.979999542236328,14.96500015258789,14.975000381469727,27523
2026-08-28 12:56:00-04:00,14.960000038146973,14.96500015258789,14.954999923706055,14.96500015258789,44972
2026-08-28 12:57:00-04:00,14.960000038146973,14.96500015258789,14.954999923706055,14.960000038146973,53214
2026-08-28 12:58:00-04:00,14.960000038146973,14.970000267028809,14.960000038146973,14.970000267028809,13051
2026-08-28 12:59:00-04:00,14.959099769592285,14.960000038146973,14.954999923706055,14.954999923706055,21528
2026-08-28 13:00:00-04:00,14.944999694824219,14.954999923706055,14.944999694824219,14.954999923706055,66195
2026-08-28 13:01:00-04:00,14.925000190734863,14.9399995803833,14.920100212097168,14.9399995803833,44905
2026-08-28 13:02:00-04:00,14.9350004196167,14.9350004196167,14.925000190734863,14.925000190734863,102950
2026-08-28 13:03:00-04:00,14.9350004196167,14.9350004196167,14.9350004196167,14.9350004196167,20723
2026-08-28 13:04:00-04:00,14.9399995803833,14.949000358581543,14.9350004196167,14.9350004196167,37712
2026-08-28 13:05:00-04:00,14.9350004196167,14.9399995803833,14.9350004196167,14.9399995803833,18918
2026-08-28 13:06:00-04:00,14.925000190734863,14.939900398254395,14.920100212097168,14.9350004196167,23202
2026-08-28 13:07:00-04:00,14.929499626159668,14.930000305175781,14.925000190734863,14.930000305175781,43254
2026-08-28 13:08:00-04:00,14.9350004196167,14.9399995803833,14.920000076293945,14.930000305175781,185929
2026-08-28 13:09:00-04:00,14.925000190734863,14.930100440979004,14.925000190734863,14.930000305175781,10005
2026-08-28 13:10:00-04:00,14.914999961853027,14.920000076293945,14.90999984741211,14.920000076293945,92195
2026-08-28 13:11:00-04:00,14.925000190734863,14.930000305175781,14.914999961853027,14.914999961853027,97224
2026-08-28 13:12:00-04:00,14.925000190734863,14.930000305175781,14.920000076293945,14.925000190734863,95984
2026-08-28 13:13:00-04:00,14.930000305175781,14.930000305175781,14.925000190734863,14.925000190734863,13878
2026-08-28 13:14:00-04:00,14.930100440979004,14.9399995803833,14.925000190734863,14.925000190734863,140621
2026-08-28 13:15:00-04:00,14.930899620056152,14.9350004196167,14.930000305175781,14.9350004196167,25732
2026-08-28 13:16:00-04:00,14.9350004196167,14.9350004196167,14.930000305175781,14.9350004196167,50921
2026-08-28 13:17:00-04:00,14.944999694824219,14.949999809265137,14.9399995803833,14.9399995803833,129498
2026-08-28 13:18:00-04:00,14.949999809265137,14.949999809265137,14.9350004196167,14.944999694824219,144401
2026-08-28 13:19:00-04:00,14.949999809265137,14.960000038146973,14.944999694824219,14.949999809265137,124393
2026-08-28 13:20:00-04:00,14.954999923706055,14.95989990234375,14.949999809265137,14.954999923706055,61880
2026-08-28 13:21:00-04:00,14.954999923706055,14.954999923706055,14.95009994506836,14.95009994506836,39695
2026-08-28 13:22:00-04:00,14.944999694824219,14.960000038146973,14.9399995803833,14.960000038146973,187733
2026-08-28 13:23:00-04:00,14.944999694824219,14.954999923706055,14.944999694824219,14.944999694824219,119293
2026-08-28 13:24:00-04:00,14.944999694824219,14.949999809265137,14.9399995803833,14.944999694824219,83761
2026-08-28 13:25:00-04:00,14.925000190734863,14.944999694824219,14.925000190734863,14.944999694824219,115387
2026-08-28 13:26:00-04:00,14.9350004196167,14.9399995803833,14.920000076293945,14.925000190734863,161229
2026-08-28 13:27:00-04:00,14.9399995803833,14.9399995803833,14.9350004196167,14.9399995803833,50523
2026-08-28 13:28:00-04:00,14.944999694824219,14.960000038146973,14.9350004196167,14.93910026550293,278184
2026-08-28 13:29:00-04:00,14.925000190734863,14.944999694824219,14.920000076293945,14.944999694824219,145111
2026-08-28 13:30:00-04:00,14.925000190734863,14.9350004196167,14.920000076293945,14.92710018157959,145070
2026-08-28 13:31:00-04:00,14.928999900817871,14.929900169372559,14.920000076293945,14.925000190734863,35158
2026-08-28 13:32:00-04:00,14.90999984741211,14.925000190734863,14.90999984741211,14.925000190734863,136444
2026-08-28 13:33:00-04:00,14.920000076293945,14.925000190734863,14.914999961853027,14.914999961853027,45084
2026-08-28 13:34:00-04:00,14.930000305175781,14.9399995803833,14.925000190734863,14.925000190734863,98150
2026-08-28 13:35:00-04:00,14.930000305175781,14.949999809265137,14.930000305175781,14.9350004196167,145154
2026-08-28 13:36:00-04:00,14.9350004196167,14.9350004196167,14.930000305175781,14.9350004196167,21892
2026-08-28 13:37:00-04:00,14.925000190734863,14.930899620056152,14.920000076293945,14.930000305175781,46279
2026-08-28 13:38:00-04:00,14.930000305175781,14.9399995803833,14.925000190734863,14.930000305175781,117052
2026-08-28 13:39:00-04:00,14.920000076293945,14.9350004196167,14.920000076293945,14.9350004196167,43853
2026-08-28 13:40:00-04:00,14.90999984741211,14.920000076293945,14.90999984741211,14.920000076293945,34701
2026-08-28 13:41:00-04:00,14.899999618530273,14.914999961853027,14.899999618530273,14.914999961853027,72906
2026-08-28 13:42:00-04:00,14.895000457763672,14.899999618530273,14.895000457763672,14.895000457763672,35673
2026-08-28 13:43:00-04:00,14.895000457763672,14.904999732971191,14.895000457763672,14.899999618530273,75087
2026-08-28 13:44:00-04:00,14.895000457763672,14.899999618530273,14.890000343322754,14.899999618530273,71848
2026-08-28 13:45:00-04:00,14.90999984741211,14.90999984741211,14.890000343322754,14.895000457763672,98726
2026-08-28 13:46:00-04:00,14.920100212097168,14.925000190734863,14.904999732971191,14.904999732971191,175289
2026-08-28 13:47:00-04:00,14.9350004196167,14.9399995803833,14.920000076293945,14.925000190734863,49693
2026-08-28 13:48:00-04:00,14.9350004196167,14.9350004196167,14.9350004196167,14.9350004196167,7563
2026-08-28 13:49:00-04:00,14.9350004196167,14.9350004196167,14.9350004196167,14.9350004196167,2462
2026-08-28 13:50:00-04:00,14.9350004196167,14.9350004196167,14.9350004196167,14.9350004196167,44371
2026-08-28 13:51:00-04:00,14.949999809265137,14.949999809265137,14.9399995803833,14.9399995803833,110499
2026-08-28 13:52:00-04:00,14.944999694824219,14.949999809265137,14.942000389099121,14.942000389099121,8978
2026-08-28 13:53:00-04:00,14.940500259399414,14.949999809265137,14.9399995803833,14.944999694824219,49263
2026-08-28 13:54:00-04:00,14.930000305175781,14.944999694824219,14.930000305175781,14.944999694824219,27511
2026-08-28 13:55:00-04:00,14.930000305175781,14.9399995803833,14.930000305175781,14.939900398254395,23250
2026-08-28 13:56:00-04:00,14.930100440979004,14.9399995803833,14.930000305175781,14.938599586486816,14537
2026-08-28 13:57:00-04:00,14.944999694824219,14.949999809265137,14.930999755859375,14.930999755859375,31712
2026-08-28 13:58:00-04:00,14.944999694824219,14.944999694824219,14.9399995803833,14.944999694824219,28818
2026-08-28 13:59:00-04:00,14.954999923706055,14.960000038146973,14.949999809265137,14.949999809265137,25431
2026-08-28 14:00:00-04:00,14.944999694824219,14.960000038146973,14.9399995803833,14.954999923706055,85586
2026-08-28 14:01:00-04:00,14.9399995803833,14.944999694824219,14.930000305175781,14.944999694824219,47701
2026-08-28 14:02:00-04:00,14.944999694824219,14.946000099182129,14.930000305175781,14.9350004196167,87905
2026-08-28 14:03:00-04:00,14.9350004196167,14.944999694824219,14.9350004196167,14.944999694824219,19233
2026-08-28 14:04:00-04:00,14.930000305175781,14.9399995803833,14.930000305175781,14.93120002746582,11760
2026-08-28 14:05:00-04:00,14.9350004196167,14.949899673461914,14.925000190734863,14.930000305175781,68047
2026-08-28 14:06:00-04:00,14.925000190734863,14.9350004196167,14.925000190734863,14.9350004196167,31057
2026-08-28 14:07:00-04:00,14.930000305175781,14.930000305175781,14.925000190734863,14.925000190734863,18348
2026-08-28 14:08:00-04:00,14.929900169372559,14.930000305175781,14.920000076293945,14.930000305175781,41673
2026-08-28 14:09:00-04:00,14.9399995803833,14.9399995803833,14.920000076293945,14.930000305175781,87076
2026-08-28 14:10:00-04:00,14.9350004196167,14.9399995803833,14.930000305175781,14.930000305175781,70427
2026-08-28 14:11:00-04:00,14.9350004196167,14.9399995803833,14.930000305175781,14.9350004196167,41379
2026-08-28 14:12:00-04:00,14.9350004196167,14.9350004196167,14.9350004196167,14.9350004196167,50392
2026-08-28 14:13:00-04:00,14.925000190734863,14.9350004196167,14.920000076293945,14.9350004196167,54570
2026-08-28 14:14:00-04:00,14.914999961853027,14.930000305175781,14.90999984741211,14.930000305175781,146487
2026-08-28 14:15:00-04:00,14.920900344848633,14.925000190734863,14.90999984741211,14.914999961853027,47105
2026-08-28 14:16:00-04:00,14.925000190734863,14.930000305175781,14.925000190734863,14.930000305175781,130235
2026-08-28 14:17:00-04:00,14.930000305175781,14.930000305175781,14.920000076293945,14.930000305175781,27343
2026-08-28 14:18:00-04:00,14.925000190734863,14.930000305175781,14.920000076293945,14.930000305175781,84083
2026-08-28 14:19:00-04:00,14.914999961853027,14.930000305175781,14.90999984741211,14.930000305175781,143060
2026-08-28 14:20:00-04:00,14.925000190734863,14.930000305175781,14.920000076293945,14.920000076293945,83535
2026-08-28 14:21:00-04:00,14.930000305175781,14.930000305175781,14.920000076293945,14.925000190734863,56153
2026-08-28 14:22:00-04:00,14.9350004196167,14.9350004196167,14.925000190734863,14.925000190734863,104017
2026-08-28 14:23:00-04:00,14.925000190734863,14.9399995803833,14.925000190734863,14.9399995803833,62973
2026-08-28 14:24:00-04:00,14.925000190734863,14.925000190734863,14.920000076293945,14.925000190734863,33171
2026-08-28 14:25:00-04:00,14.925000190734863,14.930000305175781,14.920000076293945,14.920000076293945,5692
2026-08-28 14:26:00-04:00,14.9350004196167,14.9350004196167,14.920000076293945,14.925000190734863,126933
2026-08-28 14:27:00-04:00,14.914999961853027,14.9350004196167,14.90999984741211,14.9350004196167,129264
2026-08-28 14:28:00-04:00,14.920000076293945,14.925000190734863,14.90999984741211,14.920000076293945,121280
2026-08-28 14:29:00-04:00,14.914999961853027,14.930000305175781,14.914999961853027,14.930000305175781,20595
2026-08-28 14:30:00-04:00,14.914999961853027,14.914999961853027,14.899999618530273,14.914999961853027,121762
2026-08-28 14:31:00-04:00,14.914999961853027,14.920000076293945,14.90999984741211,14.914999961853027,97866
2026-08-28 14:32:00-04:00,14.914999961853027,14.920000076293945,14.90999984741211,14.90999984741211,24796
2026-08-28 14:33:00-04:00,14.925000190734863,14.930000305175781,14.90999984741211,14.914999961853027,94865
2026-08-28 14:34:00-04:00,14.9399995803833,14.9399995803833,14.925000190734863,14.925000190734863,54570
2026-08-28 14:35:00-04:00,14.9399995803833,14.9399995803833,14.930000305175781,14.9399995803833,76747
2026-08-28 14:36:00-04:00,14.9350004196167,14.9399995803833,14.930100440979004,14.9350004196167,46397
2026-08-28 14:37:00-04:00,14.9350004196167,14.9399995803833,14.9350004196167,14.9350004196167,6369
2026-08-28 14:38:00-04:00,14.9350004196167,14.9399995803833,14.930100440979004,14.9350004196167,13563
2026-08-28 14:39:00-04:00,14.940099716186523,14.949999809265137,14.9350004196167,14.9350004196167,82738
2026-08-28 14:40:00-04:00,14.949999809265137,14.949999809265137,14.944999694824219,14.944999694824219,4166
2026-08-28 14:41:00-04:00,14.9350004196167,14.944999694824219,14.9350004196167,14.944999694824219,17729
2026-08-28 14:42:00-04:00,14.9350004196167,14.9350004196167,14.931400299072266,14.9350004196167,21731
2026-08-28 14:43:00-04:00,14.930000305175781,14.9350004196167,14.930000305175781,14.930000305175781,3339
2026-08-28 14:44:00-04:00,14.944999694824219,14.944999694824219,14.930000305175781,14.9350004196167,93602
2026-08-28 14:45:00-04:00,14.949999809265137,14.954999923706055,14.944999694824219,14.944999694824219,58988
2026-08-28 14:46:00-04:00,14.944999694824219,14.954999923706055,14.9399995803833,14.954999923706055,68457
2026-08-28 14:47:00-04:00,14.9399995803833,14.949999809265137,14.9399995803833,14.949999809265137,104131
2026-08-28 14:48:00-04:00,14.930000305175781,14.944999694824219,14.930000305175781,14.944999694824219,109290
2026-08-28 14:49:00-04:00,14.9350004196167,14.9350004196167,14.930000305175781,14.9350004196167,2016
2026-08-28 14:50:00-04:00,14.949999809265137,14.949999809265137,14.9350004196167,14.9350004196167,82791
2026-08-28 14:51:00-04:00,14.954999923706055,14.954999923706055,14.9399995803833,14.949999809265137,85107
2026-08-28 14:52:00-04:00,14.944999694824219,14.954999923706055,14.9399995803833,14.954999923706055,100522
2026-08-28 14:53:00-04:00,14.954999923706055,14.954999923706055,14.940099716186523,14.944999694824219,43941
2026-08-28 14:54:00-04:00,14.954999923706055,14.954999923706055,14.949999809265137,14.954999923706055,62483
2026-08-28 14:55:00-04:00,14.954999923706055,14.954999923706055,14.949999809265137,14.954999923706055,21402
2026-08-28 14:56:00-04:00,14.96500015258789,14.970000267028809,14.954999923706055,14.954999923706055,111961
2026-08-28 14:57:00-04:00,14.954999923706055,14.970000267028809,14.949999809265137,14.970000267028809,115970
2026-08-28 14:58:00-04:00,14.954999923706055,14.960000038146973,14.949999809265137,14.954999923706055,38413
2026-08-28 14:59:00-04:00,14.947999954223633,14.960000038146973,14.944999694824219,14.954999923706055,52350
2026-08-28 15:00:00-04:00,14.960000038146973,14.960000038146973,14.9399995803833,14.944999694824219,57147
2026-08-28 15:01:00-04:00,14.975000381469727,14.979999542236328,14.96049976348877,14.970000267028809,45325
2026-08-28 15:02:00-04:00,14.96500015258789,14.979999542236328,14.960000038146973,14.975000381469727,161711
2026-08-28 15:03:00-04:00,14.984999656677246,14.989999771118164,14.970000267028809,14.970000267028809,150623
2026-08-28 15:04:00-04:00,14.975000381469727,14.984999656677246,14.970000267028809,14.984999656677246,23403
2026-08-28 15:05:00-04:00,14.979000091552734,14.979999542236328,14.970000267028809,14.979999542236328,77023
2026-08-28 15:06:00-04:00,14.975000381469727,14.975000381469727,14.975000381469727,14.975000381469727,11638
2026-08-28 15:07:00-04:00,14.975000381469727,14.975000381469727,14.970100402832031,14.975000381469727,30610
2026-08-28 15:08:00-04:00,14.975000381469727,14.979999542236328,14.975000381469727,14.975000381469727,24078
2026-08-28 15:09:00-04:00,14.984999656677246,14.989999771118164,14.975000381469727,14.979999542236328,114029
2026-08-28 15:10:00-04:00,14.984999656677246,14.989999771118164,14.979999542236328,14.984999656677246,115835
2026-08-28 15:11:00-04:00,14.984999656677246,14.989999771118164,14.979999542236328,14.989999771118164,85827
2026-08-28 15:12:00-04:00,14.975000381469727,14.984999656677246,14.970000267028809,14.984999656677246,104331
2026-08-28 15:13:00-04:00,14.979999542236328,14.979999542236328,14.970000267028809,14.975000381469727,41852
2026-08-28 15:14:00-04:00,14.975000381469727,14.975000381469727,14.970000267028809,14.975000381469727,13265
2026-08-28 15:15:00-04:00,14.979999542236328,14.979999542236328,14.970000267028809,14.975000381469727,14222
2026-08-28 15:16:00-04:00,14.984999656677246,14.984999656677246,14.970000267028809,14.970000267028809,81737
2026-08-28 15:17:00-04:00,14.989800453186035,14.989999771118164,14.979999542236328,14.984999656677246,21535
2026-08-28 15:18:00-04:00,14.979999542236328,14.989999771118164,14.975000381469727,14.989999771118164,47751
2026-08-28 15:19:00-04:00,14.984999656677246,14.989999771118164,14.975000381469727,14.979999542236328,106391
2026-08-28 15:20:00-04:00,14.980999946594238,14.984999656677246,14.98009967803955,14.984999656677246,24236
2026-08-28 15:21:00-04:00,14.979999542236328,14.989999771118164,14.979999542236328,14.984999656677246,86030
2026-08-28 15:22:00-04:00,14.989999771118164,14.989999771118164,14.984999656677246,14.984999656677246,8491
2026-08-28 15:23:00-04:00,14.984999656677246,14.994999885559082,14.979999542236328,14.984999656677246,120634
2026-08-28 15:24:00-04:00,14.989999771118164,14.989999771118164,14.984999656677246,14.984999656677246,26886
2026-08-28 15:25:00-04:00,14.989999771118164,14.989999771118164,14.979999542236328,14.984999656677246,92004
2026-08-28 15:26:00-04:00,15.0,15.0,14.984999656677246,14.989999771118164,83752
2026-08-28 15:27:00-04:00,14.994999885559082,15.005000114440918,14.990099906921387,15.0,117669
2026-08-28 15:28:00-04:00,15.010000228881836,15.010000228881836,14.989999771118164,15.0,132236
2026-08-28 15:29:00-04:00,15.005000114440918,15.010000228881836,15.000100135803223,15.005000114440918,22399
2026-08-28 15:30:00-04:00,15.005000114440918,15.010000228881836,15.0,15.005000114440918,23100
2026-08-28 15:31:00-04:00,15.005000114440918,15.010000228881836,15.005000114440918,15.010000228881836,44820
2026-08-28 15:32:00-04:00,15.020000457763672,15.020000457763672,15.0,15.008999824523926,145581
2026-08-28 15:33:00-04:00,15.015000343322754,15.020000457763672,15.010000228881836,15.015000343322754,75668
2026-08-28 15:34:00-04:00,15.019100189208984,15.020000457763672,15.010000228881836,15.020000457763672,73513
2026-08-28 15:35:00-04:00,15.024999618530273,15.029999732971191,15.010000228881836,15.020000457763672,114603
2026-08-28 15:36:00-04:00,15.010100364685059,15.024999618530273,15.010000228881836,15.020000457763672,62083
2026-08-28 15:37:00-04:00,15.015000343322754,15.020000457763672,15.010000228881836,15.020000457763672,46769
2026-08-28 15:38:00-04:00,15.024999618530273,15.029999732971191,15.010000228881836,15.015000343322754,173171
2026-08-28 15:39:00-04:00,15.03499984741211,15.039999961853027,15.020000457763672,15.024999618530273,179047
2026-08-28 15:40:00-04:00,15.03499984741211,15.03499984741211,15.029999732971191,15.03499984741211,36578
2026-08-28 15:41:00-04:00,15.045000076293945,15.050000190734863,15.029999732971191,15.03499984741211,83564
2026-08-28 15:42:00-04:00,15.050000190734863,15.050000190734863,15.039999961853027,15.045000076293945,92604
2026-08-28 15:43:00-04:00,15.058799743652344,15.0600004196167,15.045000076293945,15.045000076293945,98569
2026-08-28 15:44:00-04:00,15.055000305175781,15.0649995803833,15.045000076293945,15.0600004196167,299403
2026-08-28 15:45:00-04:00,15.055000305175781,15.0600004196167,15.050000190734863,15.059000015258789,63352
2026-08-28 15:46:00-04:00,15.055000305175781,15.0649995803833,15.050000190734863,15.055000305175781,191526
2026-08-28 15:47:00-04:00,15.050000190734863,15.0600004196167,15.050000190734863,15.055000305175781,40423
2026-08-28 15:48:00-04:00,15.050000190734863,15.055000305175781,15.045000076293945,15.055000305175781,92374
2026-08-28 15:49:00-04:00,15.045000076293945,15.045000076293945,15.039999961853027,15.045000076293945,61208
2026-08-28 15:50:00-04:00,15.03499984741211,15.045000076293945,15.029999732971191,15.045000076293945,130310
2026-08-28 15:51:00-04:00,15.055000305175781,15.0600004196167,15.03499984741211,15.03499984741211,379388
2026-08-28 15:52:00-04:00,15.055000305175781,15.0600004196167,15.055000305175781,15.055000305175781,10323
2026-08-28 15:53:00-04:00,15.0649995803833,15.0649995803833,15.050000190734863,15.050000190734863,107594
2026-08-28 15:54:00-04:00,15.0649995803833,15.069999694824219,15.0600004196167,15.0649995803833,23248
2026-08-28 15:55:00-04:00,15.055000305175781,15.069999694824219,15.029999732971191,15.069999694824219,522489
2026-08-28 15:56:00-04:00,15.039999961853027,15.0600004196167,15.03499984741211,15.055000305175781,249194
2026-08-28 15:57:00-04:00,15.03499984741211,15.039999961853027,15.029999732971191,15.029999732971191,175949
2026-08-28 15:58:00-04:00,15.050000190734863,15.050000190734863,15.029999732971191,15.03499984741211,304780
2026-08-28 15:59:00-04:00,15.039999961853027,15.0600004196167,15.029999732971191,15.050000190734863,1030517
2026-08-31 09:30:00-04:00,15.369999885559082,15.390000343322754,15.289999961853027,15.3149995803833,385300
2026-08-31 09:31:00-04:00,15.364999771118164,15.404999732971191,15.354999542236328,15.369999885559082,134915
2026-08-31 09:32:00-04:00,15.329999923706055,15.369999885559082,15.329999923706055,15.364999771118164,52726
2026-08-31 09:33:00-04:00,15.369999885559082,15.379899978637695,15.335000038146973,15.335000038146973,28931
2026-08-31 09:34:00-04:00,15.335000038146973,15.364999771118164,15.335000038146973,15.364999771118164,26440
2026-08-31 09:35:00-04:00,15.354999542236328,15.375,15.335000038146973,15.335000038146973,35182
2026-08-31 09:36:00-04:00,15.354999542236328,15.364999771118164,15.350000381469727,15.354999542236328,8935
2026-08-31 09:37:00-04:00,15.375,15.375,15.34000015258789,15.354999542236328,45610
2026-08-31 09:38:00-04:00,15.395000457763672,15.39900016784668,15.369999885559082,15.369999885559082,16638
2026-08-31 09:39:00-04:00,15.398799896240234,15.420000076293945,15.395000457763672,15.395000457763672,77341
2026-08-31 09:40:00-04:00,15.390000343322754,15.404999732971191,15.390000343322754,15.395000457763672,18716
2026-08-31 09:41:00-04:00,15.385000228881836,15.395000457763672,15.375,15.395000457763672,31187
2026-08-31 09:42:00-04:00,15.375,15.395000457763672,15.375,15.385000228881836,32851
2026-08-31 09:43:00-04:00,15.364999771118164,15.369999885559082,15.364999771118164,15.369999885559082,13107
2026-08-31 09:44:00-04:00,15.345000267028809,15.369999885559082,15.345000267028809,15.369999885559082,11476
2026-08-31 09:45:00-04:00,15.335000038146973,15.354999542236328,15.335000038146973,15.350000381469727,17020
2026-08-31 09:46:00-04:00,15.324999809265137,15.335000038146973,15.319999694824219,15.329999923706055,12751
2026-08-31 09:47:00-04:00,15.345000267028809,15.345000267028809,15.319999694824219,15.319999694824219,39215
2026-08-31 09:48:00-04:00,15.350000381469727,15.359999656677246,15.345000267028809,15.345000267028809,16213
2026-08-31 09:49:00-04:00,15.324999809265137,15.350000381469727,15.324999809265137,15.350000381469727,25373
2026-08-31 09:50:00-04:00,15.295000076293945,15.324999809265137,15.295000076293945,15.324999809265137,38536
2026-08-31 09:51:00-04:00,15.295000076293945,15.300000190734863,15.28499984741211,15.295000076293945,33112
2026-08-31 09:52:00-04:00,15.28950023651123,15.305000305175781,15.28499984741211,15.299099922180176,17859
2026-08-31 09:53:00-04:00,15.274999618530273,15.28499984741211,15.270000457763672,15.28499984741211,5624
2026-08-31 09:54:00-04:00,15.265000343322754,15.274999618530273,15.25,15.274999618530273,42493
2026-08-31 09:55:00-04:00,15.244999885559082,15.270000457763672,15.239999771118164,15.270000457763672,79020
2026-08-31 09:56:00-04:00,15.225000381469727,15.25,15.225000381469727,15.25,45330
2026-08-31 09:57:00-04:00,15.194999694824219,15.21500015258789,15.1899995803833,15.21500015258789,14762
2026-08-31 09:58:00-04:00,15.199999809265137,15.199999809265137,15.180000305175781,15.199999809265137,188804
2026-08-31 09:59:00-04:00,15.199999809265137,15.210000038146973,15.194999694824219,15.194999694824219,49941
2026-08-31 10:00:00-04:00,15.190199851989746,15.210000038146973,15.1899995803833,15.204999923706055,68182
2026-08-31 10:01:00-04:00,15.194999694824219,15.204999923706055,15.1899995803833,15.1899995803833,26568
2026-08-31 10:02:00-04:00,15.194999694824219,15.199999809265137,15.1850004196167,15.199999809265137,37240
2026-08-31 10:03:00-04:00,15.194999694824219,15.210000038146973,15.194999694824219,15.199999809265137,32949
2026-08-31 10:04:00-04:00,15.21500015258789,15.220000267028809,15.194999694824219,15.199999809265137,85888
2026-08-31 10:05:00-04:00,15.210000038146973,15.220000267028809,15.204999923706055,15.21500015258789,14957
2026-08-31 10:06:00-04:00,15.1850004196167,15.220000267028809,15.1850004196167,15.21500015258789,51870
2026-08-31 10:07:00-04:00,15.175000190734863,15.1899995803833,15.170000076293945,15.1850004196167,29941
2026-08-31 10:08:00-04:00,15.1850004196167,15.1899995803833,15.170100212097168,15.175000190734863,66499
2026-08-31 10:09:00-04:00,15.175000190734863,15.189499855041504,15.170000076293945,15.1850004196167,33656
2026-08-31 10:10:00-04:00,15.170000076293945,15.175000190734863,15.170000076293945,15.170000076293945,5251
2026-08-31 10:11:00-04:00,15.154999732971191,15.175000190734863,15.154999732971191,15.170000076293945,35603
2026-08-31 10:12:00-04:00,15.175000190734863,15.178999900817871,15.149999618530273,15.15880012512207,81824
2026-08-31 10:13:00-04:00,15.175000190734863,15.180000305175781,15.175000190734863,15.175000190734863,18020
2026-08-31 10:14:00-04:00,15.189900398254395,15.1899995803833,15.170000076293945,15.180000305175781,63257
2026-08-31 10:15:00-04:00,15.175000190734863,15.1899995803833,15.175000190734863,15.1899995803833,54259
2026-08-31 10:16:00-04:00,15.1899995803833,15.1899995803833,15.175000190734863,15.175800323486328,32271
2026-08-31 10:17:00-04:00,15.199999809265137,15.204999923706055,15.1899995803833,15.1899995803833,76521
2026-08-31 10:18:00-04:00,15.194999694824219,15.199999809265137,15.1899995803833,15.194999694824219,11831
2026-08-31 10:19:00-04:00,15.194999694824219,15.194999694824219,15.180999755859375,15.1899995803833,19713
2026-08-31 10:20:00-04:00,15.1850004196167,15.1899995803833,15.180000305175781,15.1899995803833,12265
2026-08-31 10:21:00-04:00,15.1850004196167,15.1899995803833,15.175000190734863,15.180000305175781,76276
2026-08-31 10:22:00-04:00,15.175000190734863,15.1899995803833,15.175000190734863,15.1850004196167,53329
2026-08-31 10:23:00-04:00,15.170100212097168,15.180000305175781,15.164999961853027,15.175000190734863,79663
2026-08-31 10:24:00-04:00,15.175000190734863,15.175000190734863,15.170000076293945,15.175000190734863,4222
2026-08-31 10:25:00-04:00,15.164999961853027,15.175000190734863,15.164999961853027,15.175000190734863,17113
2026-08-31 10:26:00-04:00,15.15999984741211,15.170000076293945,15.149999618530273,15.15999984741211,59941
2026-08-31 10:27:00-04:00,15.170100212097168,15.175000190734863,15.15999984741211,15.164999961853027,53649
2026-08-31 10:28:00-04:00,15.180000305175781,15.180000305175781,15.15999984741211,15.170999526977539,40300
2026-08-31 10:29:00-04:00,15.170000076293945,15.180000305175781,15.164999961853027,15.175000190734863,82733
2026-08-31 10:30:00-04:00,15.145000457763672,15.170000076293945,15.145000457763672,15.170000076293945,61508
2026-08-31 10:31:00-04:00,15.135000228881836,15.15999984741211,15.135000228881836,15.145000457763672,117541
2026-08-31 10:32:00-04:00,15.130000114440918,15.131199836730957,15.111000061035156,15.130000114440918,122549
2026-08-31 10:33:00-04:00,15.149999618530273,15.154999732971191,15.130000114440918,15.130000114440918,121982
2026-08-31 10:34:00-04:00,15.145000457763672,15.170000076293945,15.140000343322754,15.149999618530273,96509
2026-08-31 10:35:00-04:00,15.164999961853027,15.170000076293945,15.14009952545166,15.145000457763672,69000
2026-08-31 10:36:00-04:00,15.15999984741211,15.170000076293945,15.154999732971191,15.170000076293945,73358
2026-08-31 10:37:00-04:00,15.15999984741211,15.164999961853027,15.15999984741211,15.161199569702148,3219
2026-08-31 10:38:00-04:00,15.179900169372559,15.180000305175781,15.164999961853027,15.164999961853027,54884
2026-08-31 10:39:00-04:00,15.170000076293945,15.179900169372559,15.15999984741211,15.170000076293945,75572
2026-08-31 10:40:00-04:00,15.175000190734863,15.180000305175781,15.15999984741211,15.170000076293945,44367
2026-08-31 10:41:00-04:00,15.1899995803833,15.194999694824219,15.175000190734863,15.175000190734863,57201
2026-08-31 10:42:00-04:00,15.186200141906738,15.1899995803833,15.180000305175781,15.1899995803833,6558
2026-08-31 10:43:00-04:00,15.187999725341797,15.1899995803833,15.180999755859375,15.180999755859375,6047
2026-08-31 10:44:00-04:00,15.194999694824219,15.194999694824219,15.180000305175781,15.1899995803833,72975
2026-08-31 10:45:00-04:00,15.194999694824219,15.210000038146973,15.1899995803833,15.194999694824219,133371
2026-08-31 10:46:00-04:00,15.194999694824219,15.199999809265137,15.1899995803833,15.194999694824219,25498
2026-08-31 10:47:00-04:00,15.1899995803833,15.194999694824219,15.180100440979004,15.1899995803833,39772
2026-08-31 10:48:00-04:00,15.175000190734863,15.204999923706055,15.175000190734863,15.194999694824219,23541
2026-08-31 10:49:00-04:00,15.164999961853027,15.180000305175781,15.164999961853027,15.175000190734863,23948
2026-08-31 10:50:00-04:00,15.154999732971191,15.164999961853027,15.154999732971191,15.164999961853027,69688
2026-08-31 10:51:00-04:00,15.154999732971191,15.15999984741211,15.154999732971191,15.15999984741211,143714
2026-08-31 10:52:00-04:00,15.140000343322754,15.15999984741211,15.140000343322754,15.154999732971191,18923
2026-08-31 10:53:00-04:00,15.135000228881836,15.149999618530273,15.135000228881836,15.145000457763672,13762
2026-08-31 10:54:00-04:00,15.114999771118164,15.130000114440918,15.109999656677246,15.130000114440918,66815
2026-08-31 10:55:00-04:00,15.119999885559082,15.125100135803223,15.109999656677246,15.114999771118164,74287
2026-08-31 10:56:00-04:00,15.135000228881836,15.140000343322754,15.119999885559082,15.12909984588623,67701
2026-08-31 10:57:00-04:00,15.145000457763672,15.149999618530273,15.130000114440918,15.135000228881836,98605
2026-08-31 10:58:00-04:00,15.140000343322754,15.149999618530273,15.130000114440918,15.149999618530273,54942
2026-08-31 10:59:00-04:00,15.125,15.145000457763672,15.120100021362305,15.135000228881836,131580
2026-08-31 11:00:00-04:00,15.135000228881836,15.149999618530273,15.125,15.130000114440918,79727
2026-08-31 11:01:00-04:00,15.135000228881836,15.140000343322754,15.119999885559082,15.130000114440918,160342
2026-08-31 11:02:00-04:00,15.109999656677246,15.135100364685059,15.100000381469727,15.130000114440918,63845
2026-08-31 11:03:00-04:00,15.104999542236328,15.109999656677246,15.09000015258789,15.104000091552734,151807
2026-08-31 11:04:00-04:00,15.104999542236328,15.104999542236328,15.095000267028809,15.100000381469727,16363
2026-08-31 11:05:00-04:00,15.104999542236328,15.104999542236328,15.095000267028809,15.104999542236328,49002
2026-08-31 11:06:00-04:00,15.130000114440918,15.130000114440918,15.100000381469727,15.104999542236328,114076
2026-08-31 11:07:00-04:00,15.125499725341797,15.140000343322754,15.119999885559082,15.119999885559082,136060
2026-08-31 11:08:00-04:00,15.125,15.125,15.119999885559082,15.119999885559082,6710
2026-08-31 11:09:00-04:00,15.135000228881836,15.140000343322754,15.130000114440918,15.130000114440918,27644
2026-08-31 11:10:00-04:00,15.135000228881836,15.140000343322754,15.125,15.135000228881836,125085
2026-08-31 11:11:00-04:00,15.130000114440918,15.135000228881836,15.125,15.135000228881836,19163
2026-08-31 11:12:00-04:00,15.138999938964844,15.140000343322754,15.119999885559082,15.125,195029
2026-08-31 11:13:00-04:00,15.154999732971191,15.15999984741211,15.13010025024414,15.135000228881836,163720
2026-08-31 11:14:00-04:00,15.154999732971191,15.154999732971191,15.145000457763672,15.154999732971191,21971
2026-08-31 11:15:00-04:00,15.15999984741211,15.166799545288086,15.149999618530273,15.154999732971191,107449
2026-08-31 11:16:00-04:00,15.154999732971191,15.15999984741211,15.140000343322754,15.154999732971191,126955
2026-08-31 11:17:00-04:00,15.145000457763672,15.154999732971191,15.140000343322754,15.154999732971191,127303
2026-08-31 11:18:00-04:00,15.154999732971191,15.15999984741211,15.140000343322754,15.145000457763672,146408
2026-08-31 11:19:00-04:00,15.140000343322754,15.15999984741211,15.140000343322754,15.15999984741211,141555
2026-08-31 11:20:00-04:00,15.149999618530273,15.149999618530273,15.140000343322754,15.145000457763672,45543
2026-08-31 11:21:00-04:00,15.154999732971191,15.154999732971191,15.145000457763672,15.145000457763672,45858
2026-08-31 11:22:00-04:00,15.145000457763672,15.15999984741211,15.14009952545166,15.154999732971191,78392
2026-08-31 11:23:00-04:00,15.145000457763672,15.15999984741211,15.140000343322754,15.145000457763672,93301
2026-08-31 11:24:00-04:00,15.15999984741211,15.15999984741211,15.140000343322754,15.140000343322754,46021
2026-08-31 11:25:00-04:00,15.15999984741211,15.15999984741211,15.154999732971191,15.15999984741211,37815
2026-08-31 11:26:00-04:00,15.175000190734863,15.175000190734863,15.154999732971191,15.154999732971191,76589
2026-08-31 11:27:00-04:00,15.1899995803833,15.1899995803833,15.170000076293945,15.175000190734863,104404
2026-08-31 11:28:00-04:00,15.194999694824219,15.194999694824219,15.1850004196167,15.1850004196167,140107
2026-08-31 11:29:00-04:00,15.199999809265137,15.199999809265137,15.1899995803833,15.194999694824219,19870
2026-08-31 11:30:00-04:00,15.21500015258789,15.215499877929688,15.199999809265137,15.199999809265137,154422
2026-08-31 11:31:00-04:00,15.21500015258789,15.220000267028809,15.210000038146973,15.21500015258789,102199
2026-08-31 11:32:00-04:00,15.220000267028809,15.220000267028809,15.210000038146973,15.21500015258789,43234
2026-08-31 11:33:00-04:00,15.21500015258789,15.220000267028809,15.210000038146973,15.220000267028809,38085
2026-08-31 11:34:00-04:00,15.225000381469727,15.227999687194824,15.210000038146973,15.218000411987305,64164
2026-08-31 11:35:00-04:00,15.21500015258789,15.225000381469727,15.210000038146973,15.225000381469727,30820
2026-08-31 11:36:00-04:00,15.204999923706055,15.220000267028809,15.204999923706055,15.220000267028809,178905
2026-08-31 11:37:00-04:00,15.194999694824219,15.210000038146973,15.1899995803833,15.199999809265137,114608
2026-08-31 11:38:00-04:00,15.194999694824219,15.204999923706055,15.1899995803833,15.194999694824219,96900
2026-08-31 11:39:00-04:00,15.194999694824219,15.194999694824219,15.1899995803833,15.1899995803833,21139
2026-08-31 11:40:00-04:00,15.1850004196167,15.194999694824219,15.180000305175781,15.194999694824219,66916
2026-08-31 11:41:00-04:00,15.1850004196167,15.1850004196167,15.180000305175781,15.180000305175781,3271
2026-08-31 11:42:00-04:00,15.20989990234375,15.20989990234375,15.180100440979004,15.180100440979004,85315
2026-08-31 11:43:00-04:00,15.159000396728516,15.210000038146973,15.149999618530273,15.204999923706055,487649
2026-08-31 11:44:00-04:00,15.170000076293945,15.179900169372559,15.140000343322754,15.154999732971191,211128
2026-08-31 11:45:00-04:00,15.175000190734863,15.1899995803833,15.170000076293945,15.175000190734863,108481
2026-08-31 11:46:00-04:00,15.17020034790039,15.179900169372559,15.170000076293945,15.175000190734863,15276
2026-08-31 11:47:00-04:00,15.170000076293945,15.179900169372559,15.170000076293945,15.175000190734863,2639
2026-08-31 11:48:00-04:00,15.175000190734863,15.180000305175781,15.170000076293945,15.175000190734863,55750
2026-08-31 11:49:00-04:00,15.175000190734863,15.175000190734863,15.170000076293945,15.170100212097168,27623
2026-08-31 11:50:00-04:00,15.164999961853027,15.175000190734863,15.164999961853027,15.170000076293945,37576
2026-08-31 11:51:00-04:00,15.175000190734863,15.1899995803833,15.170000076293945,15.170000076293945,63538
2026-08-31 11:52:00-04:00,15.175000190734863,15.180000305175781,15.170000076293945,15.175000190734863,77688
2026-08-31 11:53:00-04:00,15.175000190734863,15.175000190734863,15.170000076293945,15.175000190734863,12232
2026-08-31 11:54:00-04:00,15.164999961853027,15.175000190734863,15.164999961853027,15.170100212097168,95741
2026-08-31 11:55:00-04:00,15.154999732971191,15.164999961853027,15.154999732971191,15.164999961853027,10763
2026-08-31 11:56:00-04:00,15.140000343322754,15.15999984741211,15.140000343322754,15.15999984741211,19076
2026-08-31 11:57:00-04:00,15.125100135803223,15.14900016784668,15.125,15.13010025024414,205022
2026-08-31 11:58:00-04:00,15.130000114440918,15.130000114440918,15.119999885559082,15.125,42451
2026-08-31 11:59:00-04:00,15.125,15.130000114440918,15.125,15.130000114440918,22882
2026-08-31 12:00:00-04:00,15.130999565124512,15.135000228881836,15.125,15.125,24364
2026-08-31 12:01:00-04:00,15.145000457763672,15.145000457763672,15.135000228881836,15.135000228881836,88024
2026-08-31 12:02:00-04:00,15.154999732971191,15.154999732971191,15.145000457763672,15.145000457763672,127912
2026-08-31 12:03:00-04:00,15.149999618530273,15.154999732971191,15.149999618530273,15.154999732971191,3964
2026-08-31 12:04:00-04:00,15.140000343322754,15.15999984741211,15.140000343322754,15.145000457763672,30547
2026-08-31 12:05:00-04:00,15.145000457763672,15.145000457763672,15.130000114440918,15.145000457763672,88647
2026-08-31 12:06:00-04:00,15.154999732971191,15.154999732971191,15.144499778747559,15.145000457763672,95084
2026-08-31 12:07:00-04:00,15.145000457763672,15.154999732971191,15.140000343322754,15.154999732971191,33747
2026-08-31 12:08:00-04:00,15.149999618530273,15.159000396728516,15.145000457763672,15.145000457763672,19625
2026-08-31 12:09:00-04:00,15.140000343322754,15.149999618530273,15.140000343322754,15.149999618530273,16703
2026-08-31 12:10:00-04:00,15.149100303649902,15.149999618530273,15.140000343322754,15.14009952545166,62371
2026-08-31 12:11:00-04:00,15.149999618530273,15.15999984741211,15.14900016784668,15.149999618530273,66238
2026-08-31 12:12:00-04:00,15.154999732971191,15.154999732971191,15.154999732971191,15.154999732971191,2271
2026-08-31 12:13:00-04:00,15.154999732971191,15.154999732971191,15.149999618530273,15.154999732971191,3408
2026-08-31 12:14:00-04:00,15.154999732971191,15.15999984741211,15.154999732971191,15.154999732971191,5469
2026-08-31 12:15:00-04:00,15.154999732971191,15.15999984741211,15.149999618530273,15.15999984741211,50122
2026-08-31 12:16:00-04:00,15.154999732971191,15.154999732971191,15.154999732971191,15.154999732971191,3504
2026-08-31 12:17:00-04:00,15.145000457763672,15.154999732971191,15.140000343322754,15.154999732971191,95848
2026-08-31 12:18:00-04:00,15.140299797058105,15.149999618530273,15.140000343322754,15.145000457763672,7280
2026-08-31 12:19:00-04:00,15.135000228881836,15.145000457763672,15.135000228881836,15.145000457763672,26346
2026-08-31 12:20:00-04:00,15.125,15.140000343322754,15.119999885559082,15.135000228881836,86431
2026-08-31 12:21:00-04:00,15.130900382995605,15.140000343322754,15.119999885559082,15.125,75953
2026-08-31 12:22:00-04:00,15.125,15.140000343322754,15.119999885559082,15.140000343322754,91044
2026-08-31 12:23:00-04:00,15.119999885559082,15.130000114440918,15.119999885559082,15.125,65192
2026-08-31 12:24:00-04:00,15.119999885559082,15.125100135803223,15.119999885559082,15.119999885559082,65550
2026-08-31 12:25:00-04:00,15.129899978637695,15.129899978637695,15.119999885559082,15.119999885559082,10937
2026-08-31 12:26:00-04:00,15.119999885559082,15.125,15.109999656677246,15.125,95947
2026-08-31 12:27:00-04:00,15.125,15.125100135803223,15.119999885559082,15.119999885559082,75735
2026-08-31 12:28:00-04:00,15.125,15.125,15.120100021362305,15.125,8959
2026-08-31 12:29:00-04:00,15.125,15.130000114440918,15.119999885559082,15.130000114440918,53474
2026-08-31 12:30:00-04:00,15.130000114440918,15.135000228881836,15.119999885559082,15.119999885559082,90588
2026-08-31 12:31:00-04:00,15.135100364685059,15.140000343322754,15.125,15.125,161104
2026-08-31 12:32:00-04:00,15.145000457763672,15.149999618530273,15.134499549865723,15.135000228881836,125266
2026-08-31 12:33:00-04:00,15.135000228881836,15.145000457763672,15.130000114440918,15.145000457763672,32969
2026-08-31 12:34:00-04:00,15.140000343322754,15.140000343322754,15.130000114440918,15.13949966430664,55651
2026-08-31 12:35:00-04:00,15.135000228881836,15.140000343322754,15.130000114440918,15.135000228881836,42822
2026-08-31 12:36:00-04:00,15.140000343322754,15.140000343322754,15.130900382995605,15.130900382995605,6789
2026-08-31 12:37:00-04:00,15.125,15.140000343322754,15.125,15.140000343322754,72524
2026-08-31 12:38:00-04:00,15.125,15.125,15.119999885559082,15.125,17871
2026-08-31 12:39:00-04:00,15.114999771118164,15.119999885559082,15.109999656677246,15.119999885559082,33559
2026-08-31 12:40:00-04:00,15.114999771118164,15.114999771118164,15.109999656677246,15.109999656677246,5040
2026-08-31 12:41:00-04:00,15.125,15.130000114440918,15.111200332641602,15.111200332641602,16186
2026-08-31 12:42:00-04:00,15.125,15.130000114440918,15.119999885559082,15.130000114440918,12599
2026-08-31 12:43:00-04:00,15.119999885559082,15.125,15.119999885559082,15.119999885559082,18175
2026-08-31 12:44:00-04:00,15.129500389099121,15.129500389099121,15.119999885559082,15.125,3628
2026-08-31 12:45:00-04:00,15.125,15.130000114440918,15.119999885559082,15.121199607849121,49225
2026-08-31 12:46:00-04:00,15.119999885559082,15.125100135803223,15.119999885559082,15.125,54316
2026-08-31 12:47:00-04:00,15.114999771118164,15.119999885559082,15.109999656677246,15.119999885559082,110631
2026-08-31 12:48:00-04:00,15.114999771118164,15.119999885559082,15.114999771118164,15.114999771118164,83202
2026-08-31 12:49:00-04:00,15.125,15.130000114440918,15.114999771118164,15.114999771118164,147088
2026-08-31 12:50:00-04:00,15.125,15.130000114440918,15.119999885559082,15.125,23948
2026-08-31 12:51:00-04:00,15.140000343322754,15.140000343322754,15.125,15.130000114440918,68721
2026-08-31 12:52:00-04:00,15.145000457763672,15.149999618530273,15.140000343322754,15.149900436401367,36462
2026-08-31 12:53:00-04:00,15.145000457763672,15.149999618530273,15.14009952545166,15.145000457763672,40491
2026-08-31 12:54:00-04:00,15.139900207519531,15.149900436401367,15.135000228881836,15.145000457763672,39841
2026-08-31 12:55:00-04:00,15.130000114440918,15.138799667358398,15.130000114440918,15.130000114440918,5619
2026-08-31 12:56:00-04:00,15.135000228881836,15.140000343322754,15.119999885559082,15.135000228881836,103705
2026-08-31 12:57:00-04:00,15.125,15.135000228881836,15.119999885559082,15.135000228881836,15007
2026-08-31 12:58:00-04:00,15.125,15.129899978637695,15.119999885559082,15.125,33294
2026-08-31 12:59:00-04:00,15.125,15.140000343322754,15.119999885559082,15.119999885559082,140212
2026-08-31 13:00:00-04:00,15.130900382995605,15.140000343322754,15.119999885559082,15.125,143071
2026-08-31 13:01:00-04:00,15.125,15.130000114440918,15.125,15.130000114440918,65294
2026-08-31 13:02:00-04:00,15.125,15.125,15.125,15.125,12301
2026-08-31 13:03:00-04:00,15.125,15.125100135803223,15.119999885559082,15.125,18418
2026-08-31 13:04:00-04:00,15.119000434875488,15.125,15.114999771118164,15.125,37564
2026-08-31 13:05:00-04:00,15.114999771118164,15.125,15.110899925231934,15.11989974975586,17276
2026-08-31 13:06:00-04:00,15.109999656677246,15.114999771118164,15.104999542236328,15.114999771118164,34459
2026-08-31 13:07:00-04:00,15.104999542236328,15.104999542236328,15.104999542236328,15.104999542236328,216399
2026-08-31 13:08:00-04:00,15.104999542236328,15.104999542236328,15.100000381469727,15.104999542236328,53090
2026-08-31 13:09:00-04:00,15.114999771118164,15.114999771118164,15.104999542236328,15.109999656677246,79683
2026-08-31 13:10:00-04:00,15.114999771118164,15.114999771118164,15.114999771118164,15.114999771118164,2036
2026-08-31 13:11:00-04:00,15.114999771118164,15.11989974975586,15.109999656677246,15.114999771118164,55759
2026-08-31 13:12:00-04:00,15.095000267028809,15.114999771118164,15.09000015258789,15.112500190734863,95796
2026-08-31 13:13:00-04:00,15.095000267028809,15.095000267028809,15.09000015258789,15.095000267028809,14656
2026-08-31 13:14:00-04:00,15.095000267028809,15.095000267028809,15.090900421142578,15.095000267028809,7918
2026-08-31 13:15:00-04:00,15.09000015258789,15.095000267028809,15.079999923706055,15.090499877929688,36140
2026-08-31 13:16:00-04:00,15.095000267028809,15.100000381469727,15.085000038146973,15.09000015258789,39982
2026-08-31 13:17:00-04:00,15.100000381469727,15.100000381469727,15.095000267028809,15.099100112915039,3887
2026-08-31 13:18:00-04:00,15.097700119018555,15.100000381469727,15.09000015258789,15.095000267028809,33103
2026-08-31 13:19:00-04:00,15.095000267028809,15.109999656677246,15.095000267028809,15.095000267028809,80314
2026-08-31 13:20:00-04:00,15.095000267028809,15.100000381469727,15.095000267028809,15.095000267028809,49048
2026-08-31 13:21:00-04:00,15.095000267028809,15.095000267028809,15.09000015258789,15.095000267028809,33201
2026-08-31 13:22:00-04:00,15.104999542236328,15.104999542236328,15.09000015258789,15.095000267028809,39421
2026-08-31 13:23:00-04:00,15.100000381469727,15.109999656677246,15.100000381469727,15.104999542236328,99011
2026-08-31 13:24:00-04:00,15.100000381469727,15.104999542236328,15.100000381469727,15.104999542236328,10324
2026-08-31 13:25:00-04:00,15.095000267028809,15.105999946594238,15.09000015258789,15.105999946594238,31716
2026-08-31 13:26:00-04:00,15.09000015258789,15.095000267028809,15.079999923706055,15.095000267028809,75099
2026-08-31 13:27:00-04:00,15.09000015258789,15.09000015258789,15.079999923706055,15.085000038146973,9191
2026-08-31 13:28:00-04:00,15.085000038146973,15.09000015258789,15.079999923706055,15.085000038146973,3027
2026-08-31 13:29:00-04:00,15.069999694824219,15.09000015258789,15.069999694824219,15.09000015258789,26254
2026-08-31 13:30:00-04:00,15.074999809265137,15.09000015258789,15.069999694824219,15.079999923706055,115890
2026-08-31 13:31:00-04:00,15.079999923706055,15.089900016784668,15.069999694824219,15.074999809265137,26966
2026-08-31 13:32:00-04:00,15.085000038146973,15.085000038146973,15.069999694824219,15.084799766540527,37773
2026-08-31 13:33:00-04:00,15.085000038146973,15.089900016784668,15.079999923706055,15.085000038146973,15848
2026-08-31 13:34:00-04:00,15.085000038146973,15.09000015258789,15.079999923706055,15.085000038146973,14788
2026-08-31 13:35:00-04:00,15.079999923706055,15.09000015258789,15.079999923706055,15.085000038146973,57372
2026-08-31 13:36:00-04:00,15.085000038146973,15.09000015258789,15.079999923706055,15.085000038146973,62907
2026-08-31 13:37:00-04:00,15.079999923706055,15.085000038146973,15.069999694824219,15.085000038146973,53334
2026-08-31 13:38:00-04:00,15.0649995803833,15.085000038146973,15.0649995803833,15.085000038146973,33972
2026-08-31 13:39:00-04:00,15.074999809265137,15.074999809265137,15.0600004196167,15.06879997253418,30072
2026-08-31 13:40:00-04:00,15.070300102233887,15.074999809265137,15.069999694824219,15.069999694824219,5872
2026-08-31 13:41:00-04:00,15.069999694824219,15.079999923706055,15.069999694824219,15.079999923706055,28358
2026-08-31 13:42:00-04:00,15.069999694824219,15.074999809265137,15.069999694824219,15.074999809265137,57139
2026-08-31 13:43:00-04:00,15.069999694824219,15.079999923706055,15.069999694824219,15.074999809265137,50004
2026-08-31 13:44:00-04:00,15.074999809265137,15.074999809265137,15.074999809265137,15.074999809265137,2022
2026-08-31 13:45:00-04:00,15.069999694824219,15.074999809265137,15.069999694824219,15.074999809265137,5326
2026-08-31 13:46:00-04:00,15.069999694824219,15.079999923706055,15.069999694824219,15.069999694824219,48943
2026-08-31 13:47:00-04:00,15.09000015258789,15.09000015258789,15.069999694824219,15.074999809265137,52437
2026-08-31 13:48:00-04:00,15.095000267028809,15.099900245666504,15.079999923706055,15.09000015258789,75655
2026-08-31 13:49:00-04:00,15.096199989318848,15.100000381469727,15.09000015258789,15.095000267028809,16692
2026-08-31 13:50:00-04:00,15.09000015258789,15.100000381469727,15.09000015258789,15.09000015258789,23806
2026-08-31 13:51:00-04:00,15.100000381469727,15.104999542236328,15.09000015258789,15.095000267028809,54129
2026-08-31 13:52:00-04:00,15.104999542236328,15.109999656677246,15.104999542236328,15.104999542236328,1747
2026-08-31 13:53:00-04:00,15.104999542236328,15.104999542236328,15.100000381469727,15.104999542236328,4801
2026-08-31 13:54:00-04:00,15.09000015258789,15.109999656677246,15.09000015258789,15.100000381469727,108753
2026-08-31 13:55:00-04:00,15.090100288391113,15.099900245666504,15.09000015258789,15.099900245666504,2793
2026-08-31 13:56:00-04:00,15.095000267028809,15.100000381469727,15.09000015258789,15.095000267028809,3563
2026-08-31 13:57:00-04:00,15.09000015258789,15.104999542236328,15.09000015258789,15.095000267028809,44975
2026-08-31 13:58:00-04:00,15.095000267028809,15.099900245666504,15.09000015258789,15.095000267028809,3281
2026-08-31 13:59:00-04:00,15.100000381469727,15.100000381469727,15.09000015258789,15.09119987487793,70195
2026-08-31 14:00:00-04:00,15.104999542236328,15.109999656677246,15.09000015258789,15.09119987487793,50645
2026-08-31 14:01:00-04:00,15.095000267028809,15.104999542236328,15.09000015258789,15.104999542236328,51407
2026-08-31 14:02:00-04:00,15.074999809265137,15.095000267028809,15.069999694824219,15.09000015258789,63043
2026-08-31 14:03:00-04:00,15.074999809265137,15.079999923706055,15.069999694824219,15.074999809265137,16567
2026-08-31 14:04:00-04:00,15.09000015258789,15.100000381469727,15.069999694824219,15.074999809265137,50505
2026-08-31 14:05:00-04:00,15.079999923706055,15.09000015258789,15.069999694824219,15.09000015258789,64742
2026-08-31 14:06:00-04:00,15.080499649047852,15.09000015258789,15.079999923706055,15.079999923706055,32153
2026-08-31 14:07:00-04:00,15.095000267028809,15.099900245666504,15.08132553100586,15.085000038146973,119647
2026-08-31 14:08:00-04:00,15.079999923706055,15.09000015258789,15.079999923706055,15.09000015258789,13140
2026-08-31 14:09:00-04:00,15.085000038146973,15.085000038146973,15.085000038146973,15.085000038146973,4275
2026-08-31 14:10:00-04:00,15.085000038146973,15.085000038146973,15.085000038146973,15.085000038146973,4019
2026-08-31 14:11:00-04:00,15.085000038146973,15.085000038146973,15.079999923706055,15.080100059509277,8194
2026-08-31 14:12:00-04:00,15.085000038146973,15.085000038146973,15.079999923706055,15.079999923706055,4322
2026-08-31 14:13:00-04:00,15.085000038146973,15.085000038146973,15.079999923706055,15.079999923706055,7802
2026-08-31 14:14:00-04:00,15.085000038146973,15.09000015258789,15.085000038146973,15.085000038146973,11401
2026-08-31 14:15:00-04:00,15.085000038146973,15.09000015258789,15.079999923706055,15.09000015258789,30199
2026-08-31 14:16:00-04:00,15.085000038146973,15.09000015258789,15.079999923706055,15.085000038146973,24401
2026-08-31 14:17:00-04:00,15.074999809265137,15.088800430297852,15.069999694824219,15.085000038146973,88964
2026-08-31 14:18:00-04:00,15.085000038146973,15.085000038146973,15.074999809265137,15.074999809265137,60563
2026-08-31 14:19:00-04:00,15.085000038146973,15.086199760437012,15.079999923706055,15.085000038146973,9786
2026-08-31 14:20:00-04:00,15.085000038146973,15.085000038146973,15.080100059509277,15.080499649047852,1506
2026-08-31 14:21:00-04:00,15.085000038146973,15.09000015258789,15.080100059509277,15.085000038146973,31468
2026-08-31 14:22:00-04:00,15.085000038146973,15.09000015258789,15.081000328063965,15.085000038146973,11933
2026-08-31 14:23:00-04:00,15.079999923706055,15.09000015258789,15.079999923706055,15.079999923706055,41702
2026-08-31 14:24:00-04:00,15.074999809265137,15.085000038146973,15.069999694824219,15.085000038146973,28502
2026-08-31 14:25:00-04:00,15.055000305175781,15.074999809265137,15.050000190734863,15.069999694824219,41998
2026-08-31 14:26:00-04:00,15.0600004196167,15.0600004196167,15.055000305175781,15.0600004196167,48542
2026-08-31 14:27:00-04:00,15.055000305175781,15.055000305175781,15.055000305175781,15.055000305175781,2991
2026-08-31 14:28:00-04:00,15.055000305175781,15.055000305175781,15.055000305175781,15.055000305175781,8350
2026-08-31 14:29:00-04:00,15.055000305175781,15.0600004196167,15.050000190734863,15.050000190734863,32304
2026-08-31 14:30:00-04:00,15.0600004196167,15.0600004196167,15.050000190734863,15.055000305175781,47897
2026-08-31 14:31:00-04:00,15.055000305175781,15.055000305175781,15.050000190734863,15.055000305175781,35870
2026-08-31 14:32:00-04:00,15.050000190734863,15.055000305175781,15.050000190734863,15.050000190734863,4345
2026-08-31 14:33:00-04:00,15.055000305175781,15.059900283813477,15.050000190734863,15.050000190734863,5219
2026-08-31 14:34:00-04:00,15.055000305175781,15.0600004196167,15.050000190734863,15.055000305175781,11535
2026-08-31 14:35:00-04:00,15.055000305175781,15.0600004196167,15.050000190734863,15.055000305175781,53170
2026-08-31 14:36:00-04:00,15.050000190734863,15.0600004196167,15.050000190734863,15.050000190734863,23685
2026-08-31 14:37:00-04:00,15.055000305175781,15.0600004196167,15.050000190734863,15.055000305175781,11192
2026-08-31 14:38:00-04:00,15.050000190734863,15.0600004196167,15.050000190734863,15.055000305175781,3717
2026-08-31 14:39:00-04:00,15.055000305175781,15.055000305175781,15.050000190734863,15.050000190734863,14679
2026-08-31 14:40:00-04:00,15.055000305175781,15.055000305175781,15.055000305175781,15.055000305175781,6398
2026-08-31 14:41:00-04:00,15.055000305175781,15.0600004196167,15.055000305175781,15.055000305175781,17035
2026-08-31 14:42:00-04:00,15.069999694824219,15.069999694824219,15.050000190734863,15.050000190734863,89770
2026-08-31 14:43:00-04:00,15.0649995803833,15.069999694824219,15.0600004196167,15.0649995803833,67950
2026-08-31 14:44:00-04:00,15.0649995803833,15.069999694824219,15.0600004196167,15.0649995803833,35049
2026-08-31 14:45:00-04:00,15.069999694824219,15.069999694824219,15.0649995803833,15.069999694824219,16954
2026-08-31 14:46:00-04:00,15.074999809265137,15.079999923706055,15.0600004196167,15.0649995803833,95220
2026-08-31 14:47:00-04:00,15.074999809265137,15.074999809265137,15.074999809265137,15.074999809265137,4262
2026-08-31 14:48:00-04:00,15.0649995803833,15.079000473022461,15.0600004196167,15.069999694824219,35039
2026-08-31 14:49:00-04:00,15.074999809265137,15.074999809265137,15.0600004196167,15.069999694824219,80759
2026-08-31 14:50:00-04:00,15.085000038146973,15.085000038146973,15.071399688720703,15.074999809265137,25304
2026-08-31 14:51:00-04:00,15.085000038146973,15.085000038146973,15.085000038146973,15.085000038146973,8923
2026-08-31 14:52:00-04:00,15.079999923706055,15.085000038146973,15.079999923706055,15.085000038146973,5614
2026-08-31 14:53:00-04:00,15.085000038146973,15.085000038146973,15.085000038146973,15.085000038146973,8420
2026-08-31 14:54:00-04:00,15.079999923706055,15.09000015258789,15.079999923706055,15.085000038146973,10801
2026-08-31 14:55:00-04:00,15.085000038146973,15.09000015258789,15.079999923706055,15.079999923706055,45006
2026-08-31 14:56:00-04:00,15.095000267028809,15.095000267028809,15.085000038146973,15.085000038146973,38902
2026-08-31 14:57:00-04:00,15.085000038146973,15.095000267028809,15.085000038146973,15.095000267028809,23291
2026-08-31 14:58:00-04:00,15.085000038146973,15.09000015258789,15.079999923706055,15.09000015258789,33555
2026-08-31 14:59:00-04:00,15.080100059509277,15.09000015258789,15.079999923706055,15.089900016784668,35742
2026-08-31 15:00:00-04:00,15.085000038146973,15.09000015258789,15.079999923706055,15.085000038146973,41835
2026-08-31 15:01:00-04:00,15.085000038146973,15.085000038146973,15.079999923706055,15.079999923706055,8732
2026-08-31 15:02:00-04:00,15.085000038146973,15.085000038146973,15.079999923706055,15.085000038146973,7030
2026-08-31 15:03:00-04:00,15.074999809265137,15.08549976348877,15.074999809265137,15.085000038146973,45940
2026-08-31 15:04:00-04:00,15.074999809265137,15.079899787902832,15.074999809265137,15.074999809265137,4215
2026-08-31 15:05:00-04:00,15.074999809265137,15.079999923706055,15.069999694824219,15.069999694824219,45638
2026-08-31 15:06:00-04:00,15.085000038146973,15.09000015258789,15.074999809265137,15.074999809265137,24516
2026-08-31 15:07:00-04:00,15.074999809265137,15.085000038146973,15.074999809265137,15.081000328063965,22423
2026-08-31 15:08:00-04:00,15.079999923706055,15.085000038146973,15.069999694824219,15.074999809265137,40420
2026-08-31 15:09:00-04:00,15.0649995803833,15.085000038146973,15.0649995803833,15.085000038146973,83474
2026-08-31 15:10:00-04:00,15.0649995803833,15.069999694824219,15.0600004196167,15.0649995803833,41262
2026-08-31 15:11:00-04:00,15.0649995803833,15.069999694824219,15.0600004196167,15.0649995803833,7074
2026-08-31 15:12:00-04:00,15.0649995803833,15.069499969482422,15.0600004196167,15.0600004196167,10346
2026-08-31 15:13:00-04:00,15.069999694824219,15.069999694824219,15.0600004196167,15.0600004196167,9364
2026-08-31 15:14:00-04:00,15.074999809265137,15.074999809265137,15.0600004196167,15.0649995803833,37184
2026-08-31 15:15:00-04:00,15.074999809265137,15.079999923706055,15.069999694824219,15.074999809265137,15551
2026-08-31 15:16:00-04:00,15.085000038146973,15.085000038146973,15.079999923706055,15.079999923706055,46995
2026-08-31 15:17:00-04:00,15.085000038146973,15.085000038146973,15.085000038146973,15.085000038146973,3440
2026-08-31 15:18:00-04:00,15.085000038146973,15.085000038146973,15.085000038146973,15.085000038146973,6495
2026-08-31 15:19:00-04:00,15.074999809265137,15.085000038146973,15.069999694824219,15.085000038146973,64383
2026-08-31 15:20:00-04:00,15.095000267028809,15.095000267028809,15.074999809265137,15.074999809265137,73114
2026-08-31 15:21:00-04:00,15.085000038146973,15.095000267028809,15.085000038146973,15.09000015258789,38548
2026-08-31 15:22:00-04:00,15.085000038146973,15.085000038146973,15.079999923706055,15.079999923706055,8920
2026-08-31 15:23:00-04:00,15.085000038146973,15.09000015258789,15.085000038146973,15.09000015258789,62953
2026-08-31 15:24:00-04:00,15.09000015258789,15.095000267028809,15.085000038146973,15.085000038146973,53341
2026-08-31 15:25:00-04:00,15.09000015258789,15.100000381469727,15.09000015258789,15.09000015258789,32550
2026-08-31 15:26:00-04:00,15.095000267028809,15.100000381469727,15.09000015258789,15.09000015258789,29031
2026-08-31 15:27:00-04:00,15.09000015258789,15.100000381469727,15.09000015258789,15.09000015258789,19266
2026-08-31 15:28:00-04:00,15.09000015258789,15.099100112915039,15.085000038146973,15.09000015258789,37094
2026-08-31 15:29:00-04:00,15.079999923706055,15.09000015258789,15.079999923706055,15.085000038146973,9417
2026-08-31 15:30:00-04:00,15.089900016784668,15.089900016784668,15.079999923706055,15.079999923706055,22513
2026-08-31 15:31:00-04:00,15.085000038146973,15.09000015258789,15.085000038146973,15.085000038146973,28101
2026-08-31 15:32:00-04:00,15.085000038146973,15.095000267028809,15.079999923706055,15.079999923706055,169994
2026-08-31 15:33:00-04:00,15.085000038146973,15.095000267028809,15.085000038146973,15.09000015258789,137193
2026-08-31 15:34:00-04:00,15.095000267028809,15.100000381469727,15.079999923706055,15.079999923706055,61615
2026-08-31 15:35:00-04:00,15.085000038146973,15.095000267028809,15.079999923706055,15.095000267028809,106566
2026-08-31 15:36:00-04:00,15.085000038146973,15.09000015258789,15.079999923706055,15.085000038146973,34844
2026-08-31 15:37:00-04:00,15.085000038146973,15.09000015258789,15.079999923706055,15.085000038146973,33825
2026-08-31 15:38:00-04:00,15.079999923706055,15.09000015258789,15.079999923706055,15.085000038146973,12872
2026-08-31 15:39:00-04:00,15.069999694824219,15.079999923706055,15.069999694824219,15.079999923706055,79226
2026-08-31 15:40:00-04:00,15.0649995803833,15.074999809265137,15.0600004196167,15.069999694824219,146347
2026-08-31 15:41:00-04:00,15.069999694824219,15.079999923706055,15.060099601745605,15.069999694824219,182113
2026-08-31 15:42:00-04:00,15.074999809265137,15.079999923706055,15.0600004196167,15.069999694824219,100542
2026-08-31 15:43:00-04:00,15.074999809265137,15.079999923706055,15.070099830627441,15.070099830627441,27547
2026-08-31 15:44:00-04:00,15.074999809265137,15.074999809265137,15.074999809265137,15.074999809265137,22456
2026-08-31 15:45:00-04:00,15.070099830627441,15.074999809265137,15.069999694824219,15.074999809265137,17194
2026-08-31 15:46:00-04:00,15.074999809265137,15.079999923706055,15.069999694824219,15.074999809265137,14906
2026-08-31 15:47:00-04:00,15.074999809265137,15.079999923706055,15.069999694824219,15.074999809265137,27341
2026-08-31 15:48:00-04:00,15.079999923706055,15.079999923706055,15.069999694824219,15.074999809265137,66241
2026-08-31 15:49:00-04:00,15.069999694824219,15.074999809265137,15.069999694824219,15.069999694824219,12500
2026-08-31 15:50:00-04:00,15.085000038146973,15.09000015258789,15.069999694824219,15.069999694824219,109625
2026-08-31 15:51:00-04:00,15.085000038146973,15.09000015258789,15.079999923706055,15.085000038146973,42711
2026-08-31 15:52:00-04:00,15.085000038146973,15.085000038146973,15.079999923706055,15.085000038146973,73242
2026-08-31 15:53:00-04:00,15.069999694824219,15.09000015258789,15.069999694824219,15.085000038146973,82379
2026-08-31 15:54:00-04:00,15.074999809265137,15.074999809265137,15.069999694824219,15.069999694824219,39255
2026-08-31 15:55:00-04:00,15.074999809265137,15.079999923706055,15.069999694824219,15.074999809265137,52610
2026-08-31 15:56:00-04:00,15.069999694824219,15.079999923706055,15.069999694824219,15.074999809265137,89692
2026-08-31 15:57:00-04:00,15.070500373840332,15.079999923706055,15.069999694824219,15.069999694824219,90782
2026-08-31 15:58:00-04:00,15.079999923706055,15.09000015258789,15.069999694824219,15.074999809265137,279578
2026-08-31 15:59:00-04:00,15.079999923706055,15.09000015258789,15.079999923706055,15.085000038146973,317723
2026-09-01 09:30:00-04:00,14.949999809265137,14.994999885559082,14.944999694824219,14.989999771118164,274227
2026-09-01 09:31:00-04:00,14.949999809265137,14.994999885559082,14.949999809265137,14.960000038146973,51362
2026-09-01 09:32:00-04:00,14.96500015258789,14.975000381469727,14.9350004196167,14.954999923706055,36665
2026-09-01 09:33:00-04:00,14.989999771118164,14.989999771118164,14.954999923706055,14.970000267028809,81621
2026-09-01 09:34:00-04:00,15.015000343322754,15.020000457763672,14.979999542236328,14.984999656677246,115170
2026-09-01 09:35:00-04:00,15.050000190734863,15.0600004196167,15.015000343322754,15.015000343322754,68085
2026-09-01 09:36:00-04:00,15.029999732971191,15.0600004196167,15.024999618530273,15.045000076293945,67804
2026-09-01 09:37:00-04:00,15.0600004196167,15.0600004196167,15.03499984741211,15.03499984741211,10445
2026-09-01 09:38:00-04:00,15.079999923706055,15.079999923706055,15.055000305175781,15.0600004196167,20092
2026-09-01 09:39:00-04:00,15.130000114440918,15.130000114440918,15.079999923706055,15.079999923706055,61639
2026-09-01 09:40:00-04:00,15.125,15.135000228881836,15.109999656677246,15.130000114440918,42212
2026-09-01 09:41:00-04:00,15.09000015258789,15.140000343322754,15.074999809265137,15.119999885559082,53966
2026-09-01 09:42:00-04:00,15.09000015258789,15.109999656677246,15.079999923706055,15.109999656677246,13292
2026-09-01 09:43:00-04:00,15.074999809265137,15.095000267028809,15.074999809265137,15.085000038146973,15660
2026-09-01 09:44:00-04:00,15.069999694824219,15.079999923706055,15.069999694824219,15.074999809265137,19442
2026-09-01 09:45:00-04:00,15.050000190734863,15.079999923706055,15.045000076293945,15.079899787902832,146415
2026-09-01 09:46:00-04:00,15.039999961853027,15.050000190734863,15.03499984741211,15.050000190734863,24372
2026-09-01 09:47:00-04:00,15.059100151062012,15.059100151062012,15.030900001525879,15.03499984741211,13084
2026-09-01 09:48:00-04:00,15.0649995803833,15.074999809265137,15.050000190734863,15.050000190734863,27979
2026-09-01 09:49:00-04:00,15.0649995803833,15.0649995803833,15.050000190734863,15.0600004196167,4391
2026-09-01 09:50:00-04:00,15.085000038146973,15.09000015258789,15.0600004196167,15.0600004196167,96087
2026-09-01 09:51:00-04:00,15.09000015258789,15.095000267028809,15.074999809265137,15.080100059509277,46510
2026-09-01 09:52:00-04:00,15.109999656677246,15.109999656677246,15.079999923706055,15.079999923706055,61223
2026-09-01 09:53:00-04:00,15.09000015258789,15.11989974975586,15.09000015258789,15.109999656677246,29871
2026-09-01 09:54:00-04:00,15.0649995803833,15.109999656677246,15.0600004196167,15.100000381469727,130255
2026-09-01 09:55:00-04:00,15.085000038146973,15.085000038146973,15.0600004196167,15.0649995803833,47964
2026-09-01 09:56:00-04:00,15.109999656677246,15.114999771118164,15.085000038146973,15.09000015258789,83891
2026-09-01 09:57:00-04:00,15.100000381469727,15.109999656677246,15.09000015258789,15.104999542236328,132495
2026-09-01 09:58:00-04:00,15.095000267028809,15.100000381469727,15.079999923706055,15.100000381469727,38550
2026-09-01 09:59:00-04:00,15.109999656677246,15.119999885559082,15.079999923706055,15.095000267028809,219353
2026-09-01 10:00:00-04:00,15.100000381469727,15.145000457763672,15.100000381469727,15.140000343322754,78808
2026-09-01 10:01:00-04:00,15.135000228881836,15.145000457763672,15.100000381469727,15.100000381469727,104744
2026-09-01 10:02:00-04:00,15.125,15.135000228881836,15.109999656677246,15.135000228881836,21599
2026-09-01 10:03:00-04:00,15.140000343322754,15.140000343322754,15.125,15.125,14297
2026-09-01 10:04:00-04:00,15.14900016784668,15.149999618530273,15.135000228881836,15.145000457763672,21039
2026-09-01 10:05:00-04:00,15.149999618530273,15.15999984741211,15.140000343322754,15.145000457763672,40995
2026-09-01 10:06:00-04:00,15.154999732971191,15.170000076293945,15.140000343322754,15.149999618530273,111346
2026-09-01 10:07:00-04:00,15.154999732971191,15.164999961853027,15.149999618530273,15.154999732971191,50184
2026-09-01 10:08:00-04:00,15.170000076293945,15.1899995803833,15.149999618530273,15.15999984741211,76263
2026-09-01 10:09:00-04:00,15.1899995803833,15.1899995803833,15.180000305175781,15.180000305175781,15965
2026-09-01 10:10:00-04:00,15.204999923706055,15.210000038146973,15.180000305175781,15.1899995803833,246626
2026-09-01 10:11:00-04:00,15.199999809265137,15.210000038146973,15.199999809265137,15.204999923706055,27063
2026-09-01 10:12:00-04:00,15.21500015258789,15.220000267028809,15.199999809265137,15.204999923706055,24888
2026-09-01 10:13:00-04:00,15.244999885559082,15.244999885559082,15.210000038146973,15.210000038146973,105619
2026-09-01 10:14:00-04:00,15.265000343322754,15.270000457763672,15.239999771118164,15.25,49357
2026-09-01 10:15:00-04:00,15.265000343322754,15.279999732971191,15.25,15.270000457763672,117290
2026-09-01 10:16:00-04:00,15.265000343322754,15.265000343322754,15.229999542236328,15.265000343322754,77711
2026-09-01 10:17:00-04:00,15.255000114440918,15.279999732971191,15.25,15.270000457763672,80329
2026-09-01 10:18:00-04:00,15.234999656677246,15.259900093078613,15.229999542236328,15.25,21363
2026-09-01 10:19:00-04:00,15.244999885559082,15.24899959564209,15.229999542236328,15.239999771118164,98477
2026-09-01 10:20:00-04:00,15.255000114440918,15.260000228881836,15.239999771118164,15.244999885559082,101364
2026-09-01 10:21:00-04:00,15.28499984741211,15.28499984741211,15.255000114440918,15.260000228881836,82105
2026-09-01 10:22:00-04:00,15.289999961853027,15.300000190734863,15.279999732971191,15.28499984741211,118038
2026-09-01 10:23:00-04:00,15.305000305175781,15.309900283813477,15.279999732971191,15.286199569702148,35448
2026-09-01 10:24:00-04:00,15.29990005493164,15.305000305175781,15.279999732971191,15.300000190734863,42835
2026-09-01 10:25:00-04:00,15.305000305175781,15.3100004196167,15.289999961853027,15.295000076293945,87259
2026-09-01 10:26:00-04:00,15.279999732971191,15.300000190734863,15.279999732971191,15.300000190734863,34073
2026-09-01 10:27:00-04:00,15.281000137329102,15.295000076293945,15.279999732971191,15.289999961853027,45861
2026-09-01 10:28:00-04:00,15.265000343322754,15.279999732971191,15.265000343322754,15.279999732971191,66890
2026-09-01 10:29:00-04:00,15.255000114440918,15.270000457763672,15.250100135803223,15.270000457763672,14807
2026-09-01 10:30:00-04:00,15.270000457763672,15.270000457763672,15.25,15.260000228881836,173304
2026-09-01 10:31:00-04:00,15.244999885559082,15.265000343322754,15.244999885559082,15.265000343322754,72254
2026-09-01 10:32:00-04:00,15.234999656677246,15.24899959564209,15.234999656677246,15.244999885559082,16905
2026-09-01 10:33:00-04:00,15.234999656677246,15.234999656677246,15.210000038146973,15.234999656677246,118604
2026-09-01 10:34:00-04:00,15.244999885559082,15.25,15.234999656677246,15.234999656677246,89923
2026-09-01 10:35:00-04:00,15.265000343322754,15.270000457763672,15.239999771118164,15.244999885559082,108707
2026-09-01 10:36:00-04:00,15.255000114440918,15.265000343322754,15.25,15.265000343322754,88003
2026-09-01 10:37:00-04:00,15.249899864196777,15.260000228881836,15.244999885559082,15.260000228881836,20839
2026-09-01 10:38:00-04:00,15.270000457763672,15.270000457763672,15.239999771118164,15.25,211973
2026-09-01 10:39:00-04:00,15.260000228881836,15.260000228881836,15.25,15.260000228881836,22760
2026-09-01 10:40:00-04:00,15.239999771118164,15.260000228881836,15.239999771118164,15.260000228881836,53965
2026-09-01 10:41:00-04:00,15.244999885559082,15.244999885559082,15.240099906921387,15.244999885559082,15885
2026-09-01 10:42:00-04:00,15.234999656677246,15.25,15.234999656677246,15.25,67414
2026-09-01 10:43:00-04:00,15.210100173950195,15.234999656677246,15.210000038146973,15.234999656677246,203902
2026-09-01 10:44:00-04:00,15.21500015258789,15.21500015258789,15.199999809265137,15.210100173950195,69775
2026-09-01 10:45:00-04:00,15.204999923706055,15.21500015258789,15.199999809265137,15.21500015258789,48621
2026-09-01 10:46:00-04:00,15.210000038146973,15.220000267028809,15.1899995803833,15.206500053405762,148550
2026-09-01 10:47:00-04:00,15.204999923706055,15.213000297546387,15.199999809265137,15.213000297546387,39791
2026-09-01 10:48:00-04:00,15.194999694824219,15.210000038146973,15.1899995803833,15.20009994506836,47095
2026-09-01 10:49:00-04:00,15.180000305175781,15.19909954071045,15.180000305175781,15.194999694824219,67115
2026-09-01 10:50:00-04:00,15.175000190734863,15.1850004196167,15.170000076293945,15.180000305175781,53322
2026-09-01 10:51:00-04:00,15.1850004196167,15.189800262451172,15.170000076293945,15.180000305175781,115432
2026-09-01 10:52:00-04:00,15.186599731445312,15.1899995803833,15.1850004196167,15.1899995803833,27699
2026-09-01 10:53:00-04:00,15.199999809265137,15.204999923706055,15.180000305175781,15.1899995803833,93777
2026-09-01 10:54:00-04:00,15.1899995803833,15.204999923706055,15.1899995803833,15.204999923706055,21017
2026-09-01 10:55:00-04:00,15.194999694824219,15.210000038146973,15.194999694824219,15.20989990234375,84497
2026-09-01 10:56:00-04:00,15.199999809265137,15.204999923706055,15.1899995803833,15.194999694824219,129767
2026-09-01 10:57:00-04:00,15.204999923706055,15.204999923706055,15.20009994506836,15.204999923706055,3282
2026-09-01 10:58:00-04:00,15.204999923706055,15.210000038146973,15.199999809265137,15.204999923706055,46261
2026-09-01 10:59:00-04:00,15.225000381469727,15.225000381469727,15.199999809265137,15.199999809265137,144577
2026-09-01 11:00:00-04:00,15.225000381469727,15.229999542236328,15.225000381469727,15.225000381469727,71740
2026-09-01 11:01:00-04:00,15.225000381469727,15.234999656677246,15.210000038146973,15.225000381469727,168191
2026-09-01 11:02:00-04:00,15.1899995803833,15.229999542236328,15.1850004196167,15.229999542236328,147989
2026-09-01 11:03:00-04:00,15.154999732971191,15.1899995803833,15.154999732971191,15.1899995803833,60092
2026-09-01 11:04:00-04:00,15.154999732971191,15.159099578857422,15.140000343322754,15.154999732971191,52766
2026-09-01 11:05:00-04:00,15.149999618530273,15.164999961853027,15.149999618530273,15.154999732971191,91921
2026-09-01 11:06:00-04:00,15.145000457763672,15.154999732971191,15.140000343322754,15.149999618530273,45885
2026-09-01 11:07:00-04:00,15.154999732971191,15.15999984741211,15.140000343322754,15.149999618530273,57959
2026-09-01 11:08:00-04:00,15.164999961853027,15.164999961853027,15.149999618530273,15.15999984741211,99225
2026-09-01 11:09:00-04:00,15.15999984741211,15.170000076293945,15.149999618530273,15.164999961853027,70740
2026-09-01 11:10:00-04:00,15.175000190734863,15.180000305175781,15.149999618530273,15.15999984741211,199025
2026-09-01 11:11:00-04:00,15.175000190734863,15.1850004196167,15.164999961853027,15.175000190734863,112409
2026-09-01 11:12:00-04:00,15.175000190734863,15.175000190734863,15.15999984741211,15.170000076293945,78787
2026-09-01 11:13:00-04:00,15.170000076293945,15.1850004196167,15.170000076293945,15.180000305175781,25423
2026-09-01 11:14:00-04:00,15.170900344848633,15.175000190734863,15.15999984741211,15.170000076293945,88493
2026-09-01 11:15:00-04:00,15.163999557495117,15.170000076293945,15.15999984741211,15.170000076293945,93423
2026-09-01 11:16:00-04:00,15.164999961853027,15.170000076293945,15.15999984741211,15.164999961853027,57496
2026-09-01 11:17:00-04:00,15.164999961853027,15.170000076293945,15.16100025177002,15.164999961853027,64449
2026-09-01 11:18:00-04:00,15.170000076293945,15.180000305175781,15.15999984741211,15.170000076293945,131802
2026-09-01 11:19:00-04:00,15.175000190734863,15.180000305175781,15.15999984741211,15.175000190734863,130544
2026-09-01 11:20:00-04:00,15.175000190734863,15.180000305175781,15.175000190734863,15.180000305175781,28126
2026-09-01 11:21:00-04:00,15.175000190734863,15.175000190734863,15.170000076293945,15.170000076293945,39548
2026-09-01 11:22:00-04:00,15.180000305175781,15.180000305175781,15.175000190734863,15.175000190734863,26729
2026-09-01 11:23:00-04:00,15.170000076293945,15.175000190734863,15.170000076293945,15.175000190734863,2457
2026-09-01 11:24:00-04:00,15.175000190734863,15.180000305175781,15.170000076293945,15.175000190734863,57853
2026-09-01 11:25:00-04:00,15.164999961853027,15.175000190734863,15.164999961853027,15.175000190734863,23368
2026-09-01 11:26:00-04:00,15.175000190734863,15.178799629211426,15.15999984741211,15.164999961853027,89115
2026-09-01 11:27:00-04:00,15.175000190734863,15.175000190734863,15.15999984741211,15.170000076293945,56309
2026-09-01 11:28:00-04:00,15.170999526977539,15.179100036621094,15.15999984741211,15.170000076293945,45335
2026-09-01 11:29:00-04:00,15.180899620056152,15.1899995803833,15.170000076293945,15.170000076293945,79766
2026-09-01 11:30:00-04:00,15.1899995803833,15.1899995803833,15.1850004196167,15.1899995803833,61554
2026-09-01 11:31:00-04:00,15.175000190734863,15.1899995803833,15.175000190734863,15.1899995803833,71381
2026-09-01 11:32:00-04:00,15.180000305175781,15.180000305175781,15.175000190734863,15.175000190734863,73447
2026-09-01 11:33:00-04:00,15.1899995803833,15.1899995803833,15.170000076293945,15.180000305175781,70249
2026-09-01 11:34:00-04:00,15.1850004196167,15.194999694824219,15.180000305175781,15.180000305175781,94658
2026-09-01 11:35:00-04:00,15.175000190734863,15.1899995803833,15.15999984741211,15.1850004196167,136741
2026-09-01 11:36:00-04:00,15.175000190734863,15.1899995803833,15.175000190734863,15.180000305175781,245535
2026-09-01 11:37:00-04:00,15.154999732971191,15.175000190734863,15.140000343322754,15.170900344848633,687643
2026-09-01 11:38:00-04:00,15.149900436401367,15.15999984741211,15.140000343322754,15.15999984741211,34984
2026-09-01 11:39:00-04:00,15.149999618530273,15.15999984741211,15.140000343322754,15.140000343322754,86266
2026-09-01 11:40:00-04:00,15.145000457763672,15.167400360107422,15.140000343322754,15.154999732971191,123401
2026-09-01 11:41:00-04:00,15.149999618530273,15.15999984741211,15.140000343322754,15.14009952545166,64379
2026-09-01 11:42:00-04:00,15.140000343322754,15.145000457763672,15.130000114440918,15.145000457763672,138366
2026-09-01 11:43:00-04:00,15.164999961853027,15.170000076293945,15.140000343322754,15.145000457763672,74947
2026-09-01 11:44:00-04:00,15.170000076293945,15.180000305175781,15.15999984741211,15.170000076293945,62141
2026-09-01 11:45:00-04:00,15.194999694824219,15.199999809265137,15.180000305175781,15.1850004196167,40254
2026-09-01 11:46:00-04:00,15.194999694824219,15.199899673461914,15.1899995803833,15.190899848937988,20626
2026-09-01 11:47:00-04:00,15.194999694824219,15.199999809265137,15.194999694824219,15.194999694824219,31349
2026-09-01 11:48:00-04:00,15.1899995803833,15.199999809265137,15.180000305175781,15.194999694824219,38942
2026-09-01 11:49:00-04:00,15.194999694824219,15.194999694824219,15.180000305175781,15.1899995803833,12716
2026-09-01 11:50:00-04:00,15.199000358581543,15.199000358581543,15.1899995803833,15.1899995803833,5960
2026-09-01 11:51:00-04:00,15.1850004196167,15.1899995803833,15.170000076293945,15.1899995803833,205006
2026-09-01 11:52:00-04:00,15.175000190734863,15.1850004196167,15.175000190734863,15.1850004196167,58797
2026-09-01 11:53:00-04:00,15.175000190734863,15.180000305175781,15.175000190734863,15.179900169372559,64020
2026-09-01 11:54:00-04:00,15.175000190734863,15.180000305175781,15.170000076293945,15.175000190734863,29130
2026-09-01 11:55:00-04:00,15.175000190734863,15.175000190734863,15.170000076293945,15.175000190734863,69740
2026-09-01 11:56:00-04:00,15.175000190734863,15.180000305175781,15.170000076293945,15.170000076293945,33254
2026-09-01 11:57:00-04:00,15.175000190734863,15.180000305175781,15.170000076293945,15.175000190734863,13629
2026-09-01 11:58:00-04:00,15.1850004196167,15.1850004196167,15.170000076293945,15.175000190734863,79357
2026-09-01 11:59:00-04:00,15.1850004196167,15.194999694824219,15.180000305175781,15.1850004196167,63788
2026-09-01 12:00:00-04:00,15.220000267028809,15.225000381469727,15.180000305175781,15.1850004196167,177937
2026-09-01 12:01:00-04:00,15.225000381469727,15.225000381469727,15.210000038146973,15.225000381469727,46111
2026-09-01 12:02:00-04:00,15.229999542236328,15.229999542236328,15.225000381469727,15.225000381469727,21471
2026-09-01 12:03:00-04:00,15.225000381469727,15.229900360107422,15.225000381469727,15.225000381469727,2436
2026-09-01 12:04:00-04:00,15.239999771118164,15.239999771118164,15.220000267028809,15.225000381469727,35233
2026-09-01 12:05:00-04:00,15.244999885559082,15.25,15.229999542236328,15.239999771118164,38695
2026-09-01 12:06:00-04:00,15.265000343322754,15.270000457763672,15.229999542236328,15.25,125815
2026-09-01 12:07:00-04:00,15.260000228881836,15.270000457763672,15.255000114440918,15.265000343322754,74211
2026-09-01 12:08:00-04:00,15.260000228881836,15.260000228881836,15.25,15.25,95894
2026-09-01 12:09:00-04:00,15.260000228881836,15.260000228881836,15.255000114440918,15.260000228881836,18547
2026-09-01 12:10:00-04:00,15.265000343322754,15.265000343322754,15.25,15.255000114440918,92093
2026-09-01 12:11:00-04:00,15.265000343322754,15.270000457763672,15.265000343322754,15.265000343322754,29820
2026-09-01 12:12:00-04:00,15.274999618530273,15.279999732971191,15.260000228881836,15.265000343322754,48413
2026-09-01 12:13:00-04:00,15.279999732971191,15.279999732971191,15.274999618530273,15.274999618530273,28254
2026-09-01 12:14:00-04:00,15.265000343322754,15.279999732971191,15.260000228881836,15.279999732971191,98658
2026-09-01 12:15:00-04:00,15.265000343322754,15.270000457763672,15.260000228881836,15.265000343322754,32566
2026-09-01 12:16:00-04:00,15.250900268554688,15.265000343322754,15.25,15.265000343322754,17079
2026-09-01 12:17:00-04:00,15.229900360107422,15.255000114440918,15.220000267028809,15.255000114440918,67167
2026-09-01 12:18:00-04:00,15.21500015258789,15.225000381469727,15.210000038146973,15.225000381469727,115828
2026-09-01 12:19:00-04:00,15.21500015258789,15.220000267028809,15.210000038146973,15.21500015258789,13027
2026-09-01 12:20:00-04:00,15.204999923706055,15.220000267028809,15.199999809265137,15.21500015258789,123483
2026-09-01 12:21:00-04:00,15.204999923706055,15.210000038146973,15.199999809265137,15.20009994506836,1912
2026-09-01 12:22:00-04:00,15.199999809265137,15.210000038146973,15.1899995803833,15.204999923706055,65219
2026-09-01 12:23:00-04:00,15.207200050354004,15.210000038146973,15.1899995803833,15.204999923706055,52151
2026-09-01 12:24:00-04:00,15.210000038146973,15.210000038146973,15.1899995803833,15.204999923706055,91774
2026-09-01 12:25:00-04:00,15.21500015258789,15.215100288391113,15.199999809265137,15.210000038146973,102925
2026-09-01 12:26:00-04:00,15.194999694824219,15.210000038146973,15.194999694824219,15.210000038146973,14244
2026-09-01 12:27:00-04:00,15.194999694824219,15.199999809265137,15.194999694824219,15.199999809265137,2914
2026-09-01 12:28:00-04:00,15.194999694824219,15.210000038146973,15.1899995803833,15.1899995803833,65857
2026-09-01 12:29:00-04:00,15.194999694824219,15.194999694824219,15.1899995803833,15.1899995803833,12583
2026-09-01 12:30:00-04:00,15.194999694824219,15.199999809265137,15.1899995803833,15.199999809265137,20439
2026-09-01 12:31:00-04:00,15.1850004196167,15.1899995803833,15.180000305175781,15.1899995803833,132704
2026-09-01 12:32:00-04:00,15.1850004196167,15.1850004196167,15.170000076293945,15.180000305175781,67198
2026-09-01 12:33:00-04:00,15.164999961853027,15.189000129699707,15.16100025177002,15.180000305175781,59838
2026-09-01 12:34:00-04:00,15.154999732971191,15.164999961853027,15.154999732971191,15.164999961853027,35764
2026-09-01 12:35:00-04:00,15.154999732971191,15.15999984741211,15.151000022888184,15.154999732971191,20185
2026-09-01 12:36:00-04:00,15.175000190734863,15.175000190734863,15.140000343322754,15.154999732971191,117431
2026-09-01 12:37:00-04:00,15.175000190734863,15.180000305175781,15.175000190734863,15.175000190734863,20452
2026-09-01 12:38:00-04:00,15.194999694824219,15.199999809265137,15.170000076293945,15.180000305175781,105798
2026-09-01 12:39:00-04:00,15.21500015258789,15.220000267028809,15.194999694824219,15.194999694824219,115101
2026-09-01 12:40:00-04:00,15.225000381469727,15.229999542236328,15.210000038146973,15.220000267028809,60705
2026-09-01 12:41:00-04:00,15.225000381469727,15.229999542236328,15.225000381469727,15.225000381469727,5069
2026-09-01 12:42:00-04:00,15.204999923706055,15.229999542236328,15.204999923706055,15.220100402832031,37468
2026-09-01 12:43:00-04:00,15.21500015258789,15.220000267028809,15.199999809265137,15.210000038146973,100859
2026-09-01 12:44:00-04:00,15.21500015258789,15.225000381469727,15.210000038146973,15.220000267028809,115049
2026-09-01 12:45:00-04:00,15.21500015258789,15.219099998474121,15.210000038146973,15.219099998474121,100918
2026-09-01 12:46:00-04:00,15.234999656677246,15.239999771118164,15.210000038146973,15.210000038146973,127301
2026-09-01 12:47:00-04:00,15.234999656677246,15.239899635314941,15.220000267028809,15.229999542236328,53438
2026-09-01 12:48:00-04:00,15.225000381469727,15.229999542236328,15.220000267028809,15.229999542236328,65482
2026-09-01 12:49:00-04:00,15.225000381469727,15.229100227355957,15.225000381469727,15.229100227355957,12654
2026-09-01 12:50:00-04:00,15.234999656677246,15.239999771118164,15.220000267028809,15.225000381469727,102153
2026-09-01 12:51:00-04:00,15.234999656677246,15.239899635314941,15.229999542236328,15.234999656677246,114954
2026-09-01 12:52:00-04:00,15.239999771118164,15.239999771118164,15.232000350952148,15.234999656677246,6627
2026-09-01 12:53:00-04:00,15.234999656677246,15.239999771118164,15.229999542236328,15.239999771118164,10696
2026-09-01 12:54:00-04:00,15.244999885559082,15.25,15.229999542236328,15.234999656677246,111924
2026-09-01 12:55:00-04:00,15.244999885559082,15.244999885559082,15.244999885559082,15.244999885559082,4339
2026-09-01 12:56:00-04:00,15.259900093078613,15.260000228881836,15.239999771118164,15.239999771118164,60820
2026-09-01 12:57:00-04:00,15.259099960327148,15.259099960327148,15.239999771118164,15.255000114440918,59934
2026-09-01 12:58:00-04:00,15.255000114440918,15.255000114440918,15.25,15.255000114440918,49214
2026-09-01 12:59:00-04:00,15.239999771118164,15.25,15.239999771118164,15.25,11844
2026-09-01 13:00:00-04:00,15.239999771118164,15.24899959564209,15.229999542236328,15.244999885559082,43016
2026-09-01 13:01:00-04:00,15.244999885559082,15.24899959564209,15.244999885559082,15.24899959564209,3432
2026-09-01 13:02:00-04:00,15.244999885559082,15.24899959564209,15.241000175476074,15.24899959564209,1772
2026-09-01 13:03:00-04:00,15.239999771118164,15.244999885559082,15.239999771118164,15.244999885559082,14993
2026-09-01 13:04:00-04:00,15.229999542236328,15.234999656677246,15.229999542236328,15.234999656677246,3644
2026-09-01 13:05:00-04:00,15.225000381469727,15.229999542236328,15.220000267028809,15.229999542236328,23559
2026-09-01 13:06:00-04:00,15.220000267028809,15.225000381469727,15.220000267028809,15.225000381469727,21359
2026-09-01 13:07:00-04:00,15.234999656677246,15.234999656677246,15.210000038146973,15.220000267028809,105706
2026-09-01 13:08:00-04:00,15.229999542236328,15.244999885559082,15.229999542236328,15.234999656677246,134039
2026-09-01 13:09:00-04:00,15.234999656677246,15.234999656677246,15.220000267028809,15.225000381469727,12811
2026-09-01 13:10:00-04:00,15.234999656677246,15.234999656677246,15.234999656677246,15.234999656677246,4658
2026-09-01 13:11:00-04:00,15.244999885559082,15.25,15.229999542236328,15.234999656677246,86981
2026-09-01 13:12:00-04:00,15.244999885559082,15.244999885559082,15.229999542236328,15.239999771118164,120978
2026-09-01 13:13:00-04:00,15.235899925231934,15.25,15.234999656677246,15.244999885559082,54833
2026-09-01 13:14:00-04:00,15.244999885559082,15.244999885559082,15.229999542236328,15.239999771118164,87324
2026-09-01 13:15:00-04:00,15.255000114440918,15.255000114440918,15.239999771118164,15.244999885559082,21019
2026-09-01 13:16:00-04:00,15.255000114440918,15.270000457763672,15.25,15.255000114440918,174622
2026-09-01 13:17:00-04:00,15.265000343322754,15.269100189208984,15.25,15.255000114440918,81824
2026-09-01 13:18:00-04:00,15.265000343322754,15.265000343322754,15.260000228881836,15.260000228881836,29544
2026-09-01 13:19:00-04:00,15.251199722290039,15.270000457763672,15.251199722290039,15.265000343322754,70157
2026-09-01 13:20:00-04:00,15.244999885559082,15.255000114440918,15.239999771118164,15.255000114440918,51279
2026-09-01 13:21:00-04:00,15.239999771118164,15.25,15.239999771118164,15.244999885559082,20749
2026-09-01 13:22:00-04:00,15.239999771118164,15.244999885559082,15.239999771118164,15.244999885559082,4938
2026-09-01 13:23:00-04:00,15.234999656677246,15.241000175476074,15.234999656677246,15.239999771118164,31366
2026-09-01 13:24:00-04:00,15.244999885559082,15.25,15.229999542236328,15.229999542236328,150087
2026-09-01 13:25:00-04:00,15.234999656677246,15.244999885559082,15.220000267028809,15.241100311279297,92826
2026-09-01 13:26:00-04:00,15.234999656677246,15.239999771118164,15.234999656677246,15.239800453186035,34152
2026-09-01 13:27:00-04:00,15.244999885559082,15.25,15.229999542236328,15.234999656677246,52945
2026-09-01 13:28:00-04:00,15.255000114440918,15.260000228881836,15.239999771118164,15.244999885559082,84154
2026-09-01 13:29:00-04:00,15.260000228881836,15.270000457763672,15.25,15.257599830627441,71173
2026-09-01 13:30:00-04:00,15.265000343322754,15.274999618530273,15.260000228881836,15.265000343322754,123028
2026-09-01 13:31:00-04:00,15.274999618530273,15.274999618530273,15.260000228881836,15.270000457763672,14213
2026-09-01 13:32:00-04:00,15.28499984741211,15.289999961853027,15.270000457763672,15.274999618530273,120209
2026-09-01 13:33:00-04:00,15.28499984741211,15.300000190734863,15.279999732971191,15.28499984741211,92753
2026-09-01 13:34:00-04:00,15.28499984741211,15.289999961853027,15.279999732971191,15.279999732971191,18270
2026-09-01 13:35:00-04:00,15.289999961853027,15.300000190734863,15.279999732971191,15.289999961853027,138538
2026-09-01 13:36:00-04:00,15.28499984741211,15.300000190734863,15.279999732971191,15.28499984741211,148975
2026-09-01 13:37:00-04:00,15.274999618530273,15.279999732971191,15.270000457763672,15.279999732971191,76345
2026-09-01 13:38:00-04:00,15.279999732971191,15.279999732971191,15.270000457763672,15.274999618530273,17409
2026-09-01 13:39:00-04:00,15.279999732971191,15.289999961853027,15.270000457763672,15.274999618530273,124592
2026-09-01 13:40:00-04:00,15.289999961853027,15.289999961853027,15.270000457763672,15.279999732971191,25443
2026-09-01 13:41:00-04:00,15.28499984741211,15.289999961853027,15.270000457763672,15.279999732971191,116084
2026-09-01 13:42:00-04:00,15.28499984741211,15.28499984741211,15.281999588012695,15.28499984741211,13550
2026-09-01 13:43:00-04:00,15.28499984741211,15.28499984741211,15.28499984741211,15.28499984741211,4738
2026-09-01 13:44:00-04:00,15.274999618530273,15.28499984741211,15.274999618530273,15.279999732971191,22092
2026-09-01 13:45:00-04:00,15.28499984741211,15.289899826049805,15.270000457763672,15.274999618530273,12264
2026-09-01 13:46:00-04:00,15.279999732971191,15.289999961853027,15.279999732971191,15.28499984741211,59213
2026-09-01 13:47:00-04:00,15.28499984741211,15.289999961853027,15.28499984741211,15.28499984741211,30412
2026-09-01 13:48:00-04:00,15.28499984741211,15.289999961853027,15.279999732971191,15.28499984741211,57864
2026-09-01 13:49:00-04:00,15.279999732971191,15.289999961853027,15.279999732971191,15.28499984741211,28270
2026-09-01 13:50:00-04:00,15.28499984741211,15.28499984741211,15.279999732971191,15.28499984741211,50394
2026-09-01 13:51:00-04:00,15.28499984741211,15.289999961853027,15.279999732971191,15.28499984741211,15197
2026-09-01 13:52:00-04:00,15.279999732971191,15.28499984741211,15.279999732971191,15.28499984741211,16973
2026-09-01 13:53:00-04:00,15.274999618530273,15.274999618530273,15.270000457763672,15.274999618530273,17828
2026-09-01 13:54:00-04:00,15.274999618530273,15.279999732971191,15.270000457763672,15.279999732971191,50645
2026-09-01 13:55:00-04:00,15.28600025177002,15.289999961853027,15.270000457763672,15.279999732971191,152293
2026-09-01 13:56:00-04:00,15.272000312805176,15.289999961853027,15.270099639892578,15.289999961853027,76766
2026-09-01 13:57:00-04:00,15.274999618530273,15.279999732971191,15.270000457763672,15.271200180053711,2279
2026-09-01 13:58:00-04:00,15.274999618530273,15.278800010681152,15.270000457763672,15.278800010681152,1586
2026-09-01 13:59:00-04:00,15.274999618530273,15.274999618530273,15.270000457763672,15.270000457763672,8144
2026-09-01 14:00:00-04:00,15.28499984741211,15.28499984741211,15.270000457763672,15.270899772644043,61764
2026-09-01 14:01:00-04:00,15.255000114440918,15.28499984741211,15.250100135803223,15.28499984741211,209359
2026-09-01 14:02:00-04:00,15.255000114440918,15.255000114440918,15.239999771118164,15.25,25504
2026-09-01 14:03:00-04:00,15.25,15.255000114440918,15.239999771118164,15.251199722290039,14408
2026-09-01 14:04:00-04:00,15.244999885559082,15.25,15.239999771118164,15.25,9062
2026-09-01 14:05:00-04:00,15.239999771118164,15.25,15.239999771118164,15.244999885559082,23351
2026-09-01 14:06:00-04:00,15.239999771118164,15.25,15.239999771118164,15.239999771118164,16407
2026-09-01 14:07:00-04:00,15.25,15.25,15.239999771118164,15.244999885559082,1749
2026-09-01 14:08:00-04:00,15.25,15.25,15.239999771118164,15.244999885559082,61610
2026-09-01 14:09:00-04:00,15.245100021362305,15.25,15.240099906921387,15.25,14923
2026-09-01 14:10:00-04:00,15.244999885559082,15.244999885559082,15.229999542236328,15.244999885559082,84424
2026-09-01 14:11:00-04:00,15.244999885559082,15.25,15.239999771118164,15.244999885559082,41212
2026-09-01 14:12:00-04:00,15.244999885559082,15.244999885559082,15.239999771118164,15.244999885559082,1261
2026-09-01 14:13:00-04:00,15.239999771118164,15.244999885559082,15.239999771118164,15.239999771118164,2028
2026-09-01 14:14:00-04:00,15.239999771118164,15.248800277709961,15.239999771118164,15.239999771118164,3234
2026-09-01 14:15:00-04:00,15.244999885559082,15.248800277709961,15.239999771118164,15.244999885559082,7499
2026-09-01 14:16:00-04:00,15.229999542236328,15.239999771118164,15.229999542236328,15.239999771118164,23017
2026-09-01 14:17:00-04:00,15.244999885559082,15.25,15.229999542236328,15.229999542236328,66804
2026-09-01 14:18:00-04:00,15.239999771118164,15.244999885559082,15.229999542236328,15.244999885559082,43219
2026-09-01 14:19:00-04:00,15.239999771118164,15.25,15.239999771118164,15.244999885559082,12270
2026-09-01 14:20:00-04:00,15.244999885559082,15.25,15.239999771118164,15.244999885559082,28329
2026-09-01 14:21:00-04:00,15.244999885559082,15.25,15.239999771118164,15.244999885559082,71291
2026-09-01 14:22:00-04:00,15.239999771118164,15.244999885559082,15.239999771118164,15.244999885559082,33905
2026-09-01 14:23:00-04:00,15.239999771118164,15.25,15.229999542236328,15.244999885559082,119810
2026-09-01 14:24:00-04:00,15.229999542236328,15.239999771118164,15.229999542236328,15.239999771118164,16088
2026-09-01 14:25:00-04:00,15.234999656677246,15.234999656677246,15.220000267028809,15.229999542236328,93490
2026-09-01 14:26:00-04:00,15.225000381469727,15.234999656677246,15.225000381469727,15.234999656677246,44794
2026-09-01 14:27:00-04:00,15.225000381469727,15.225000381469727,15.225000381469727,15.225000381469727,1945
2026-09-01 14:28:00-04:00,15.21500015258789,15.225000381469727,15.199999809265137,15.220000267028809,92202
2026-09-01 14:29:00-04:00,15.210000038146973,15.21500015258789,15.210000038146973,15.211000442504883,8178
2026-09-01 14:30:00-04:00,15.204999923706055,15.210000038146973,15.1899995803833,15.210000038146973,241863
2026-09-01 14:31:00-04:00,15.204999923706055,15.204999923706055,15.199999809265137,15.200200080871582,52063
2026-09-01 14:32:00-04:00,15.204999923706055,15.204999923706055,15.204999923706055,15.204999923706055,2483
2026-09-01 14:33:00-04:00,15.204999923706055,15.204999923706055,15.199999809265137,15.204999923706055,1779
2026-09-01 14:34:00-04:00,15.200900077819824,15.210000038146973,15.199999809265137,15.210000038146973,42294
2026-09-01 14:35:00-04:00,15.210000038146973,15.210000038146973,15.199999809265137,15.204999923706055,4343
2026-09-01 14:36:00-04:00,15.210000038146973,15.21500015258789,15.199999809265137,15.204999923706055,65301
2026-09-01 14:37:00-04:00,15.199899673461914,15.204999923706055,15.1899995803833,15.204999923706055,54552
2026-09-01 14:38:00-04:00,15.1899995803833,15.199899673461914,15.1850004196167,15.199000358581543,58790
2026-09-01 14:39:00-04:00,15.180100440979004,15.1850004196167,15.180000305175781,15.1850004196167,30945
2026-09-01 14:40:00-04:00,15.1850004196167,15.1899995803833,15.180000305175781,15.180899620056152,85800
2026-09-01 14:41:00-04:00,15.180000305175781,15.1899995803833,15.180000305175781,15.180000305175781,21823
2026-09-01 14:42:00-04:00,15.164999961853027,15.180000305175781,15.15999984741211,15.180000305175781,43491
2026-09-01 14:43:00-04:00,15.17199993133545,15.175000190734863,15.15999984741211,15.170000076293945,83204
2026-09-01 14:44:00-04:00,15.170999526977539,15.175100326538086,15.170000076293945,15.170999526977539,14213
2026-09-01 14:45:00-04:00,15.162500381469727,15.170999526977539,15.15999984741211,15.170999526977539,14113
2026-09-01 14:46:00-04:00,15.145000457763672,15.164999961853027,15.145000457763672,15.164999961853027,16126
2026-09-01 14:47:00-04:00,15.145000457763672,15.149999618530273,15.140000343322754,15.149999618530273,15164
2026-09-01 14:48:00-04:00,15.140000343322754,15.145000457763672,15.140000343322754,15.140000343322754,31999
2026-09-01 14:49:00-04:00,15.149999618530273,15.15999984741211,15.140000343322754,15.145000457763672,70389
2026-09-01 14:50:00-04:00,15.154999732971191,15.154999732971191,15.149999618530273,15.154999732971191,41995
2026-09-01 14:51:00-04:00,15.15999984741211,15.15999984741211,15.149999618530273,15.154999732971191,70871
2026-09-01 14:52:00-04:00,15.154999732971191,15.15999984741211,15.149999618530273,15.15999984741211,27789
2026-09-01 14:53:00-04:00,15.154999732971191,15.15999984741211,15.149999618530273,15.159899711608887,60487
2026-09-01 14:54:00-04:00,15.154999732971191,15.15999984741211,15.140000343322754,15.154999732971191,147408
2026-09-01 14:55:00-04:00,15.164999961853027,15.170000076293945,15.149999618530273,15.149999618530273,63320
2026-09-01 14:56:00-04:00,15.175000190734863,15.175000190734863,15.164999961853027,15.164999961853027,58110
2026-09-01 14:57:00-04:00,15.175000190734863,15.180000305175781,15.170000076293945,15.170000076293945,45341
2026-09-01 14:58:00-04:00,15.175000190734863,15.180000305175781,15.175000190734863,15.175000190734863,15323
2026-09-01 14:59:00-04:00,15.170000076293945,15.180000305175781,15.170000076293945,15.175000190734863,28762
2026-09-01 15:00:00-04:00,15.1850004196167,15.1899995803833,15.170000076293945,15.175000190734863,58249
2026-09-01 15:01:00-04:00,15.1899995803833,15.1899995803833,15.1850004196167,15.1850004196167,26369
2026-09-01 15:02:00-04:00,15.180000305175781,15.1899995803833,15.175000190734863,15.1850004196167,52327
2026-09-01 15:03:00-04:00,15.1850004196167,15.1899995803833,15.170000076293945,15.180000305175781,18740
2026-09-01 15:04:00-04:00,15.1899995803833,15.199999809265137,15.180000305175781,15.1850004196167,127079
2026-09-01 15:05:00-04:00,15.194999694824219,15.199999809265137,15.180000305175781,15.189900398254395,93610
2026-09-01 15:06:00-04:00,15.1899995803833,15.199999809265137,15.1899995803833,15.1899995803833,65196
2026-09-01 15:07:00-04:00,15.175000190734863,15.190999984741211,15.170000076293945,15.1899995803833,47302
2026-09-01 15:08:00-04:00,15.175000190734863,15.180000305175781,15.170000076293945,15.175000190734863,9259
2026-09-01 15:09:00-04:00,15.164999961853027,15.180000305175781,15.15999984741211,15.178600311279297,19272
2026-09-01 15:10:00-04:00,15.15999984741211,15.170000076293945,15.15999984741211,15.164999961853027,84465
2026-09-01 15:11:00-04:00,15.164999961853027,15.170000076293945,15.15999984741211,15.164999961853027,74826
2026-09-01 15:12:00-04:00,15.15999984741211,15.170000076293945,15.15999984741211,15.15999984741211,23929
2026-09-01 15:13:00-04:00,15.170000076293945,15.170000076293945,15.15999984741211,15.164999961853027,61743
2026-09-01 15:14:00-04:00,15.164999961853027,15.170000076293945,15.15999984741211,15.164999961853027,27578
2026-09-01 15:15:00-04:00,15.164999961853027,15.180000305175781,15.15999984741211,15.164999961853027,85128
2026-09-01 15:16:00-04:00,15.164999961853027,15.170000076293945,15.15999984741211,15.169899940490723,20595
2026-09-01 15:17:00-04:00,15.159899711608887,15.170000076293945,15.154999732971191,15.164999961853027,71974
2026-09-01 15:18:00-04:00,15.154999732971191,15.154999732971191,15.149999618530273,15.154999732971191,37790
2026-09-01 15:19:00-04:00,15.149999618530273,15.170000076293945,15.149999618530273,15.154999732971191,75302
2026-09-01 15:20:00-04:00,15.154999732971191,15.15999984741211,15.140000343322754,15.149999618530273,61104
2026-09-01 15:21:00-04:00,15.15999984741211,15.15999984741211,15.149999618530273,15.154999732971191,49178
2026-09-01 15:22:00-04:00,15.154999732971191,15.15999984741211,15.149999618530273,15.149999618530273,25374
2026-09-01 15:23:00-04:00,15.164999961853027,15.170000076293945,15.149999618530273,15.154999732971191,35635
2026-09-01 15:24:00-04:00,15.154999732971191,15.170000076293945,15.154999732971191,15.164999961853027,70550
2026-09-01 15:25:00-04:00,15.164999961853027,15.180000305175781,15.149999618530273,15.149999618530273,172874
2026-09-01 15:26:00-04:00,15.164999961853027,15.164999961853027,15.164999961853027,15.164999961853027,6315
2026-09-01 15:27:00-04:00,15.15999984741211,15.170000076293945,15.15999984741211,15.164999961853027,44175
2026-09-01 15:28:00-04:00,15.175000190734863,15.180000305175781,15.15999984741211,15.170000076293945,47498
2026-09-01 15:29:00-04:00,15.154999732971191,15.170000076293945,15.149999618530273,15.170000076293945,108569
2026-09-01 15:30:00-04:00,15.154999732971191,15.15999984741211,15.149999618530273,15.15999984741211,74218
2026-09-01 15:31:00-04:00,15.145000457763672,15.15999984741211,15.140000343322754,15.149999618530273,20370
2026-09-01 15:32:00-04:00,15.135000228881836,15.149499893188477,15.130000114440918,15.145000457763672,108733
2026-09-01 15:33:00-04:00,15.140000343322754,15.140000343322754,15.130000114440918,15.135000228881836,20226
2026-09-01 15:34:00-04:00,15.130000114440918,15.140000343322754,15.130000114440918,15.130000114440918,17191
2026-09-01 15:35:00-04:00,15.135000228881836,15.140000343322754,15.130000114440918,15.135000228881836,37616
2026-09-01 15:36:00-04:00,15.149999618530273,15.149999618530273,15.130000114440918,15.135000228881836,99999
2026-09-01 15:37:00-04:00,15.149999618530273,15.149999618530273,15.145000457763672,15.149999618530273,39267
2026-09-01 15:38:00-04:00,15.130000114440918,15.145000457763672,15.130000114440918,15.145000457763672,82967
2026-09-01 15:39:00-04:00,15.125,15.140000343322754,15.125,15.135000228881836,111523
2026-09-01 15:40:00-04:00,15.140000343322754,15.140000343322754,15.119999885559082,15.125,86363
2026-09-01 15:41:00-04:00,15.135000228881836,15.140000343322754,15.130000114440918,15.130000114440918,52351
2026-09-01 15:42:00-04:00,15.135000228881836,15.140000343322754,15.130000114440918,15.140000343322754,6678
2026-09-01 15:43:00-04:00,15.14009952545166,15.145000457763672,15.130000114440918,15.135000228881836,120750
2026-09-01 15:44:00-04:00,15.135000228881836,15.145000457763672,15.130999565124512,15.145000457763672,54449
2026-09-01 15:45:00-04:00,15.125,15.135000228881836,15.119999885559082,15.135000228881836,101734
2026-09-01 15:46:00-04:00,15.125,15.130000114440918,15.119999885559082,15.12090015411377,114633
2026-09-01 15:47:00-04:00,15.125,15.130000114440918,15.125,15.125,12269
2026-09-01 15:48:00-04:00,15.135000228881836,15.140000343322754,15.119999885559082,15.125100135803223,115127
2026-09-01 15:49:00-04:00,15.135000228881836,15.140000343322754,15.130000114440918,15.135000228881836,70424
2026-09-01 15:50:00-04:00,15.125,15.140000343322754,15.119999885559082,15.130000114440918,104643
2026-09-01 15:51:00-04:00,15.130000114440918,15.140000343322754,15.119999885559082,15.125,177230
2026-09-01 15:52:00-04:00,15.114999771118164,15.130000114440918,15.114999771118164,15.130000114440918,89317
2026-09-01 15:53:00-04:00,15.104999542236328,15.119999885559082,15.100000381469727,15.114999771118164,145225
2026-09-01 15:54:00-04:00,15.114999771118164,15.119999885559082,15.100000381469727,15.108799934387207,78219
2026-09-01 15:55:00-04:00,15.125,15.130000114440918,15.100000381469727,15.114999771118164,206425
2026-09-01 15:56:00-04:00,15.128999710083008,15.130000114440918,15.119999885559082,15.125,51452
2026-09-01 15:57:00-04:00,15.130000114440918,15.130000114440918,15.119999885559082,15.125,121661
2026-09-01 15:58:00-04:00,15.104999542236328,15.130000114440918,15.100000381469727,15.125,294682
2026-09-01 15:59:00-04:00,15.125,15.140000343322754,15.100000381469727,15.104999542236328,395773
2026-09-02 09:30:00-04:00,15.4399995803833,15.460000038146973,15.375,15.430000305175781,715397
2026-09-02 09:31:00-04:00,15.449999809265137,15.449999809265137,15.430000305175781,15.444999694824219,43381
2026-09-02 09:32:00-04:00,15.489100456237793,15.494999885559082,15.4350004196167,15.444999694824219,43256
2026-09-02 09:33:00-04:00,15.482000350952148,15.494999885559082,15.475000381469727,15.484999656677246,212505
2026-09-02 09:34:00-04:00,15.510000228881836,15.524999618530273,15.484999656677246,15.484999656677246,101405
2026-09-02 09:35:00-04:00,15.53499984741211,15.538800239562988,15.515000343322754,15.515000343322754,31018
2026-09-02 09:36:00-04:00,15.569999694824219,15.579999923706055,15.53499984741211,15.53499984741211,144633
2026-09-02 09:37:00-04:00,15.569100379943848,15.59000015258789,15.5600004196167,15.5649995803833,69068
2026-09-02 09:38:00-04:00,15.520000457763672,15.569999694824219,15.515000343322754,15.5649995803833,44279
2026-09-02 09:39:00-04:00,15.5649995803833,15.569999694824219,15.494999885559082,15.510000228881836,199469
2026-09-02 09:40:00-04:00,15.600000381469727,15.600000381469727,15.5649995803833,15.5649995803833,127554
2026-09-02 09:41:00-04:00,15.609999656677246,15.619999885559082,15.59119987487793,15.595000267028809,44448
2026-09-02 09:42:00-04:00,15.614999771118164,15.640000343322754,15.604999542236328,15.604999542236328,318418
2026-09-02 09:43:00-04:00,15.630000114440918,15.640000343322754,15.609999656677246,15.619999885559082,85564
2026-09-02 09:44:00-04:00,15.65999984741211,15.670000076293945,15.614999771118164,15.630000114440918,85753
2026-09-02 09:45:00-04:00,15.604999542236328,15.670000076293945,15.600000381469727,15.65999984741211,55879
2026-09-02 09:46:00-04:00,15.600099563598633,15.630000114440918,15.600000381469727,15.604999542236328,82921
2026-09-02 09:47:00-04:00,15.649999618530273,15.649999618530273,15.60200023651123,15.60200023651123,93864
2026-09-02 09:48:00-04:00,15.654999732971191,15.670000076293945,15.640000343322754,15.649999618530273,130600
2026-09-02 09:49:00-04:00,15.625,15.65999984741211,15.619999885559082,15.649999618530273,234040
2026-09-02 09:50:00-04:00,15.649999618530273,15.670000076293945,15.625,15.625,340817
2026-09-02 09:51:00-04:00,15.680000305175781,15.680000305175781,15.649999618530273,15.654999732971191,45546
2026-09-02 09:52:00-04:00,15.694999694824219,15.699999809265137,15.670000076293945,15.670000076293945,80944
2026-09-02 09:53:00-04:00,15.710000038146973,15.710000038146973,15.6899995803833,15.694999694824219,73188
2026-09-02 09:54:00-04:00,15.670000076293945,15.699999809265137,15.65999984741211,15.694999694824219,40735
2026-09-02 09:55:00-04:00,15.649999618530273,15.670000076293945,15.645000457763672,15.664999961853027,28024
2026-09-02 09:56:00-04:00,15.6899995803833,15.694999694824219,15.654999732971191,15.654999732971191,34840
2026-09-02 09:57:00-04:00,15.725000381469727,15.729999542236328,15.6899995803833,15.69909954071045,93584
2026-09-02 09:58:00-04:00,15.736000061035156,15.75,15.720000267028809,15.729999542236328,33825
2026-09-02 09:59:00-04:00,15.729000091552734,15.75,15.725000381469727,15.739999771118164,87551
2026-09-02 10:00:00-04:00,15.753999710083008,15.755000114440918,15.720000267028809,15.725000381469727,108718
2026-09-02 10:01:00-04:00,15.765000343322754,15.770000457763672,15.739999771118164,15.75,154464
2026-09-02 10:02:00-04:00,15.800000190734863,15.800000190734863,15.755000114440918,15.760100364685059,115926
2026-09-02 10:03:00-04:00,15.800000190734863,15.829999923706055,15.789999961853027,15.795000076293945,152294
2026-09-02 10:04:00-04:00,15.854999542236328,15.854999542236328,15.800000190734863,15.800000190734863,166809
2026-09-02 10:05:00-04:00,15.875,15.890000343322754,15.854999542236328,15.859999656677246,125130
2026-09-02 10:06:00-04:00,15.895000457763672,15.899999618530273,15.864999771118164,15.869999885559082,114509
2026-09-02 10:07:00-04:00,15.90999984741211,15.90999984741211,15.880000114440918,15.890000343322754,132363
2026-09-02 10:08:00-04:00,15.875,15.90999984741211,15.869999885559082,15.90999984741211,100857
2026-09-02 10:09:00-04:00,15.850000381469727,15.890000343322754,15.850000381469727,15.875,63103
2026-09-02 10:10:00-04:00,15.864999771118164,15.880000114440918,15.845000267028809,15.850000381469727,102213
2026-09-02 10:11:00-04:00,15.904999732971191,15.914999961853027,15.859999656677246,15.869999885559082,91519
2026-09-02 10:12:00-04:00,15.890000343322754,15.910499572753906,15.885000228881836,15.90999984741211,87750
2026-09-02 10:13:00-04:00,15.904999732971191,15.904999732971191,15.890000343322754,15.895000457763672,42233
2026-09-02 10:14:00-04:00,15.904999732971191,15.90999984741211,15.895000457763672,15.909899711608887,29519
2026-09-02 10:15:00-04:00,15.899999618530273,15.920000076293945,15.895000457763672,15.90999984741211,62143
2026-09-02 10:16:00-04:00,15.925000190734863,15.930000305175781,15.901100158691406,15.90999984741211,82373
2026-09-02 10:17:00-04:00,15.925000190734863,15.930000305175781,15.904999732971191,15.925000190734863,53473
2026-09-02 10:18:00-04:00,15.895000457763672,15.930000305175781,15.895000457763672,15.920000076293945,74287
2026-09-02 10:19:00-04:00,15.90999984741211,15.90999984741211,15.890000343322754,15.895000457763672,146043
2026-09-02 10:20:00-04:00,15.904999732971191,15.914999961853027,15.899999618530273,15.899999618530273,112131
2026-09-02 10:21:00-04:00,15.914999961853027,15.930000305175781,15.899999618530273,15.90999984741211,87387
2026-09-02 10:22:00-04:00,15.914999961853027,15.930000305175781,15.90999984741211,15.914999961853027,87506
2026-09-02 10:23:00-04:00,15.904999732971191,15.920000076293945,15.885000228881836,15.90999984741211,97936
2026-09-02 10:24:00-04:00,15.895000457763672,15.90999984741211,15.890000343322754,15.904999732971191,65006
2026-09-02 10:25:00-04:00,15.880900382995605,15.899999618530273,15.880000114440918,15.895000457763672,108908
2026-09-02 10:26:00-04:00,15.880000114440918,15.895000457763672,15.869999885559082,15.880000114440918,161728
2026-09-02 10:27:00-04:00,15.885000228881836,15.890000343322754,15.875,15.880000114440918,93675
2026-09-02 10:28:00-04:00,15.899999618530273,15.904999732971191,15.88010025024414,15.88010025024414,25536
2026-09-02 10:29:00-04:00,15.890000343322754,15.90999984741211,15.890000343322754,15.904999732971191,59558
2026-09-02 10:30:00-04:00,15.88010025024414,15.899999618530273,15.880000114440918,15.890000343322754,77748
2026-09-02 10:31:00-04:00,15.864999771118164,15.890000343322754,15.859999656677246,15.885000228881836,96593
2026-09-02 10:32:00-04:00,15.875,15.885000228881836,15.859999656677246,15.864999771118164,58187
2026-09-02 10:33:00-04:00,15.859999656677246,15.880000114440918,15.850000381469727,15.875,88502
2026-09-02 10:34:00-04:00,15.864999771118164,15.869999885559082,15.84000015258789,15.859999656677246,151468
2026-09-02 10:35:00-04:00,15.869799613952637,15.869999885559082,15.854999542236328,15.864999771118164,74592
2026-09-02 10:36:00-04:00,15.869999885559082,15.875,15.859999656677246,15.869999885559082,55722
2026-09-02 10:37:00-04:00,15.901399612426758,15.904999732971191,15.869999885559082,15.869999885559082,53806
2026-09-02 10:38:00-04:00,15.885000228881836,15.90999984741211,15.880000114440918,15.904999732971191,118024
2026-09-02 10:39:00-04:00,15.895000457763672,15.899999618530273,15.875,15.885000228881836,181330
2026-09-02 10:40:00-04:00,15.885000228881836,15.899999618530273,15.875,15.890000343322754,138877
2026-09-02 10:41:00-04:00,15.879899978637695,15.899999618530273,15.859999656677246,15.885000228881836,52189
2026-09-02 10:42:00-04:00,15.885000228881836,15.890000343322754,15.875,15.875,69902
2026-09-02 10:43:00-04:00,15.875,15.890000343322754,15.869999885559082,15.885000228881836,18357
2026-09-02 10:44:00-04:00,15.885000228881836,15.890000343322754,15.875,15.875,56321
2026-09-02 10:45:00-04:00,15.890000343322754,15.899999618530273,15.880000114440918,15.880000114440918,19370
2026-09-02 10:46:00-04:00,15.895000457763672,15.899999618530273,15.885000228881836,15.885000228881836,65153
2026-09-02 10:47:00-04:00,15.889800071716309,15.899999618530273,15.885000228881836,15.899900436401367,17835
2026-09-02 10:48:00-04:00,15.885000228881836,15.899999618530273,15.871399879455566,15.88659954071045,137659
2026-09-02 10:49:00-04:00,15.885000228881836,15.890000343322754,15.880000114440918,15.880000114440918,14817
2026-09-02 10:50:00-04:00,15.885000228881836,15.890000343322754,15.880000114440918,15.890000343322754,18583
2026-09-02 10:51:00-04:00,15.854999542236328,15.890000343322754,15.845000267028809,15.88010025024414,68559
2026-09-02 10:52:00-04:00,15.854999542236328,15.859999656677246,15.854999542236328,15.854999542236328,44862
2026-09-02 10:53:00-04:00,15.845000267028809,15.859999656677246,15.84119987487793,15.859999656677246,24383
2026-09-02 10:54:00-04:00,15.819999694824219,15.859999656677246,15.819999694824219,15.850000381469727,186922
2026-09-02 10:55:00-04:00,15.795000076293945,15.820500373840332,15.795000076293945,15.820500373840332,33059
2026-09-02 10:56:00-04:00,15.800100326538086,15.806599617004395,15.795000076293945,15.795000076293945,66199
2026-09-02 10:57:00-04:00,15.800000190734863,15.8100004196167,15.795000076293945,15.805000305175781,76995
2026-09-02 10:58:00-04:00,15.78499984741211,15.800000190734863,15.779999732971191,15.800000190734863,99349
2026-09-02 10:59:00-04:00,15.805000305175781,15.8100004196167,15.78499984741211,15.78499984741211,71100
2026-09-02 11:00:00-04:00,15.805000305175781,15.8100004196167,15.795000076293945,15.805000305175781,35653
2026-09-02 11:01:00-04:00,15.789999961853027,15.805000305175781,15.779999732971191,15.805000305175781,37607
2026-09-02 11:02:00-04:00,15.805000305175781,15.8100004196167,15.789999961853027,15.789999961853027,37129
2026-09-02 11:03:00-04:00,15.864999771118164,15.864999771118164,15.805000305175781,15.805000305175781,353720
2026-09-02 11:04:00-04:00,15.869999885559082,15.880000114440918,15.854999542236328,15.859999656677246,147088
2026-09-02 11:05:00-04:00,15.875,15.890000343322754,15.864999771118164,15.864999771118164,204396
2026-09-02 11:06:00-04:00,15.895000457763672,15.899999618530273,15.875,15.875,145272
2026-09-02 11:07:00-04:00,15.885000228881836,15.899999618530273,15.885000228881836,15.895000457763672,29125
2026-09-02 11:08:00-04:00,15.890899658203125,15.899999618530273,15.875,15.885000228881836,85329
2026-09-02 11:09:00-04:00,15.885000228881836,15.895000457763672,15.880000114440918,15.895000457763672,62347
2026-09-02 11:10:00-04:00,15.875,15.890000343322754,15.870100021362305,15.890000343322754,55738
2026-09-02 11:11:00-04:00,15.885000228881836,15.890000343322754,15.869999885559082,15.878999710083008,66968
2026-09-02 11:12:00-04:00,15.890000343322754,15.899999618530273,15.880000114440918,15.890000343322754,441073
2026-09-02 11:13:00-04:00,15.885000228881836,15.899900436401367,15.880000114440918,15.895000457763672,59998
2026-09-02 11:14:00-04:00,15.869999885559082,15.890000343322754,15.869999885559082,15.885000228881836,91217
2026-09-02 11:15:00-04:00,15.850000381469727,15.875,15.850000381469727,15.870499610900879,48969
2026-09-02 11:16:00-04:00,15.835000038146973,15.859999656677246,15.835000038146973,15.845000267028809,66731
2026-09-02 11:17:00-04:00,15.835000038146973,15.850000381469727,15.835000038146973,15.837599754333496,23087
2026-09-02 11:18:00-04:00,15.824999809265137,15.84000015258789,15.824999809265137,15.84000015258789,50135
2026-09-02 11:19:00-04:00,15.800000190734863,15.824999809265137,15.795000076293945,15.824999809265137,75796
2026-09-02 11:20:00-04:00,15.78499984741211,15.800000190734863,15.78499984741211,15.795000076293945,91793
2026-09-02 11:21:00-04:00,15.770000457763672,15.789999961853027,15.770000457763672,15.78499984741211,113692
2026-09-02 11:22:00-04:00,15.774999618530273,15.779999732971191,15.760000228881836,15.765000343322754,91398
2026-09-02 11:23:00-04:00,15.770000457763672,15.774999618530273,15.765000343322754,15.774999618530273,82055
2026-09-02 11:24:00-04:00,15.774999618530273,15.774999618530273,15.760000228881836,15.765000343322754,26656
2026-09-02 11:25:00-04:00,15.774999618530273,15.779999732971191,15.770000457763672,15.779999732971191,61159
2026-09-02 11:26:00-04:00,15.779999732971191,15.78909969329834,15.774999618530273,15.774999618530273,52978
2026-09-02 11:27:00-04:00,15.755000114440918,15.78499984741211,15.75,15.78499984741211,124023
2026-09-02 11:28:00-04:00,15.774999618530273,15.774999618530273,15.75,15.755000114440918,71327
2026-09-02 11:29:00-04:00,15.774999618530273,15.779000282287598,15.770000457763672,15.774999618530273,82478
2026-09-02 11:30:00-04:00,15.772899627685547,15.789999961853027,15.770000457763672,15.774999618530273,109227
2026-09-02 11:31:00-04:00,15.770000457763672,15.779999732971191,15.765000343322754,15.770000457763672,50949
2026-09-02 11:32:00-04:00,15.774999618530273,15.779999732971191,15.770000457763672,15.774999618530273,40414
2026-09-02 11:33:00-04:00,15.774999618530273,15.774999618530273,15.770999908447266,15.774999618530273,4430
2026-09-02 11:34:00-04:00,15.765000343322754,15.779999732971191,15.760000228881836,15.770000457763672,95461
2026-09-02 11:35:00-04:00,15.769499778747559,15.774999618530273,15.760000228881836,15.770000457763672,86038
2026-09-02 11:36:00-04:00,15.754500389099121,15.770000457763672,15.75,15.765000343322754,159536
2026-09-02 11:37:00-04:00,15.755000114440918,15.755000114440918,15.75,15.755000114440918,16351
2026-09-02 11:38:00-04:00,15.755000114440918,15.760000228881836,15.75,15.755000114440918,36782
2026-09-02 11:39:00-04:00,15.755000114440918,15.760000228881836,15.739999771118164,15.755000114440918,106338
2026-09-02 11:40:00-04:00,15.755000114440918,15.760000228881836,15.752300262451172,15.760000228881836,19169
2026-09-02 11:41:00-04:00,15.75,15.760000228881836,15.739999771118164,15.75,22837
2026-09-02 11:42:00-04:00,15.734999656677246,15.749099731445312,15.729999542236328,15.744999885559082,34580
2026-09-02 11:43:00-04:00,15.734999656677246,15.739999771118164,15.729999542236328,15.732771873474121,15195
2026-09-02 11:44:00-04:00,15.71500015258789,15.734999656677246,15.71500015258789,15.729999542236328,21923
2026-09-02 11:45:00-04:00,15.704999923706055,15.710000038146973,15.699999809265137,15.710000038146973,13100
2026-09-02 11:46:00-04:00,15.721099853515625,15.729999542236328,15.704999923706055,15.704999923706055,74843
2026-09-02 11:47:00-04:00,15.720000267028809,15.725000381469727,15.71090030670166,15.720000267028809,21954
2026-09-02 11:48:00-04:00,15.704999923706055,15.720000267028809,15.694999694824219,15.720000267028809,67209
2026-09-02 11:49:00-04:00,15.699999809265137,15.705100059509277,15.699999809265137,15.704999923706055,15301
2026-09-02 11:50:00-04:00,15.704999923706055,15.704999923706055,15.694999694824219,15.699999809265137,20761
2026-09-02 11:51:00-04:00,15.694999694824219,15.710000038146973,15.694999694824219,15.704999923706055,19269
2026-09-02 11:52:00-04:00,15.699999809265137,15.705100059509277,15.6899995803833,15.694999694824219,143635
2026-09-02 11:53:00-04:00,15.6899995803833,15.704999923706055,15.6899995803833,15.694999694824219,148127
2026-09-02 11:54:00-04:00,15.680000305175781,15.694999694824219,15.670000076293945,15.694999694824219,148692
2026-09-02 11:55:00-04:00,15.694999694824219,15.699999809265137,15.680000305175781,15.680000305175781,155709
2026-09-02 11:56:00-04:00,15.6850004196167,15.699899673461914,15.680000305175781,15.694999694824219,66237
2026-09-02 11:57:00-04:00,15.694999694824219,15.694999694824219,15.680000305175781,15.6850004196167,47775
2026-09-02 11:58:00-04:00,15.690099716186523,15.699899673461914,15.690099716186523,15.694999694824219,17604
2026-09-02 11:59:00-04:00,15.6850004196167,15.699999809265137,15.6850004196167,15.690500259399414,60998
2026-09-02 12:00:00-04:00,15.680000305175781,15.6899995803833,15.680000305175781,15.6899995803833,89815
2026-09-02 12:01:00-04:00,15.65999984741211,15.6850004196167,15.654999732971191,15.6850004196167,63255
2026-09-02 12:02:00-04:00,15.664999961853027,15.664999961853027,15.659099578857422,15.659099578857422,44817
2026-09-02 12:03:00-04:00,15.664999961853027,15.664999961853027,15.65999984741211,15.65999984741211,3446
2026-09-02 12:04:00-04:00,15.654999732971191,15.664999961853027,15.649999618530273,15.65999984741211,80032
2026-09-02 12:05:00-04:00,15.654999732971191,15.654999732971191,15.645000457763672,15.649999618530273,46525
2026-09-02 12:06:00-04:00,15.645000457763672,15.654999732971191,15.635000228881836,15.654999732971191,103999
2026-09-02 12:07:00-04:00,15.640000343322754,15.649999618530273,15.635000228881836,15.645000457763672,52363
2026-09-02 12:08:00-04:00,15.640999794006348,15.645000457763672,15.635000228881836,15.635000228881836,10922
2026-09-02 12:09:00-04:00,15.645000457763672,15.649999618530273,15.640000343322754,15.645000457763672,33987
2026-09-02 12:10:00-04:00,15.625,15.649999618530273,15.625,15.645000457763672,28856
2026-09-02 12:11:00-04:00,15.625,15.635000228881836,15.619999885559082,15.625,122469
2026-09-02 12:12:00-04:00,15.619999885559082,15.625100135803223,15.619999885559082,15.625,18270
2026-09-02 12:13:00-04:00,15.625,15.630000114440918,15.619999885559082,15.625,10302
2026-09-02 12:14:00-04:00,15.632499694824219,15.632499694824219,15.625,15.625,41210
2026-09-02 12:15:00-04:00,15.625,15.630000114440918,15.619999885559082,15.630000114440918,22561
2026-09-02 12:16:00-04:00,15.625,15.629899978637695,15.619999885559082,15.629899978637695,1961
2026-09-02 12:17:00-04:00,15.64900016784668,15.649999618530273,15.625,15.625,64948
2026-09-02 12:18:00-04:00,15.65999984741211,15.65999984741211,15.645000457763672,15.645000457763672,39289
2026-09-02 12:19:00-04:00,15.654999732971191,15.65999984741211,15.649999618530273,15.654999732971191,11710
2026-09-02 12:20:00-04:00,15.664999961853027,15.670000076293945,15.654999732971191,15.654999732971191,39138
2026-09-02 12:21:00-04:00,15.654999732971191,15.664999961853027,15.649999618530273,15.664999961853027,26687
2026-09-02 12:22:00-04:00,15.675000190734863,15.675000190734863,15.654999732971191,15.659000396728516,54025
2026-09-02 12:23:00-04:00,15.670000076293945,15.680000305175781,15.664999961853027,15.680000305175781,163440
2026-09-02 12:24:00-04:00,15.664999961853027,15.675000190734863,15.664999961853027,15.675000190734863,20201
2026-09-02 12:25:00-04:00,15.664999961853027,15.670000076293945,15.664999961853027,15.664999961853027,30797
2026-09-02 12:26:00-04:00,15.664999961853027,15.670000076293945,15.649999618530273,15.660200119018555,75545
2026-09-02 12:27:00-04:00,15.65999984741211,15.664999961853027,15.654999732971191,15.664999961853027,35208
2026-09-02 12:28:00-04:00,15.664999961853027,15.670000076293945,15.65999984741211,15.670000076293945,14087
2026-09-02 12:29:00-04:00,15.66100025177002,15.670000076293945,15.65999984741211,15.664999961853027,27797
2026-09-02 12:30:00-04:00,15.675000190734863,15.680000305175781,15.664999961853027,15.664999961853027,49202
2026-09-02 12:31:00-04:00,15.680000305175781,15.680000305175781,15.670100212097168,15.675000190734863,6120
2026-09-02 12:32:00-04:00,15.6899995803833,15.6899995803833,15.675000190734863,15.675000190734863,68190
2026-09-02 12:33:00-04:00,15.6850004196167,15.694999694824219,15.680100440979004,15.6850004196167,56533
2026-09-02 12:34:00-04:00,15.6850004196167,15.6899995803833,15.6850004196167,15.6850004196167,23697
2026-09-02 12:35:00-04:00,15.694999694824219,15.699899673461914,15.6850004196167,15.6850004196167,32222
2026-09-02 12:36:00-04:00,15.675000190734863,15.694999694824219,15.675000190734863,15.691200256347656,55865
2026-09-02 12:37:00-04:00,15.664999961853027,15.675000190734863,15.664999961853027,15.675000190734863,42730
2026-09-02 12:38:00-04:00,15.664999961853027,15.664999961853027,15.65999984741211,15.664999961853027,6210
2026-09-02 12:39:00-04:00,15.670000076293945,15.675000190734863,15.660099983215332,15.664999961853027,29685
2026-09-02 12:40:00-04:00,15.668999671936035,15.675000190734863,15.65999984741211,15.675000190734863,9968
2026-09-02 12:41:00-04:00,15.645000457763672,15.664999961853027,15.645000457763672,15.664999961853027,17536
2026-09-02 12:42:00-04:00,15.64009952545166,15.649999618530273,15.64009952545166,15.645000457763672,12301
2026-09-02 12:43:00-04:00,15.645000457763672,15.649999618530273,15.640000343322754,15.645000457763672,23261
2026-09-02 12:44:00-04:00,15.654999732971191,15.65999984741211,15.645000457763672,15.649999618530273,23871
2026-09-02 12:45:00-04:00,15.65999984741211,15.664999961853027,15.649999618530273,15.650099754333496,46481
2026-09-02 12:46:00-04:00,15.664999961853027,15.675000190734863,15.654999732971191,15.663999557495117,47952
2026-09-02 12:47:00-04:00,15.664999961853027,15.664999961853027,15.65999984741211,15.664999961853027,16222
2026-09-02 12:48:00-04:00,15.645000457763672,15.65999984741211,15.645000457763672,15.65999984741211,95007
2026-09-02 12:49:00-04:00,15.639100074768066,15.640000343322754,15.630000114440918,15.640000343322754,49385
2026-09-02 12:50:00-04:00,15.645000457763672,15.649999618530273,15.635000228881836,15.635000228881836,93367
2026-09-02 12:51:00-04:00,15.649999618530273,15.65999984741211,15.649999618530273,15.649999618530273,82298
2026-09-02 12:52:00-04:00,15.652400016784668,15.65999984741211,15.649999618530273,15.654999732971191,16461
2026-09-02 12:53:00-04:00,15.645000457763672,15.649999618530273,15.635000228881836,15.649999618530273,87610
2026-09-02 12:54:00-04:00,15.649999618530273,15.654999732971191,15.645000457763672,15.645000457763672,119081
2026-09-02 12:55:00-04:00,15.654999732971191,15.65999984741211,15.650099754333496,15.654999732971191,30244
2026-09-02 12:56:00-04:00,15.649999618530273,15.659899711608887,15.640000343322754,15.649999618530273,132526
2026-09-02 12:57:00-04:00,15.654999732971191,15.654999732971191,15.649999618530273,15.654999732971191,13878
2026-09-02 12:58:00-04:00,15.654999732971191,15.65999984741211,15.645000457763672,15.654999732971191,71072
2026-09-02 12:59:00-04:00,15.649999618530273,15.659899711608887,15.649999618530273,15.654999732971191,5356
2026-09-02 13:00:00-04:00,15.645000457763672,15.659899711608887,15.645000457763672,15.654999732971191,21337
2026-09-02 13:01:00-04:00,15.65999984741211,15.65999984741211,15.645000457763672,15.645000457763672,113707
2026-09-02 13:02:00-04:00,15.654999732971191,15.659899711608887,15.649999618530273,15.659899711608887,41068
2026-09-02 13:03:00-04:00,15.654999732971191,15.654999732971191,15.645000457763672,15.654999732971191,82059
2026-09-02 13:04:00-04:00,15.654999732971191,15.654999732971191,15.640000343322754,15.649999618530273,64397
2026-09-02 13:05:00-04:00,15.654999732971191,15.65999984741211,15.649999618530273,15.651000022888184,23255
2026-09-02 13:06:00-04:00,15.654999732971191,15.654999732971191,15.645000457763672,15.654999732971191,31113
2026-09-02 13:07:00-04:00,15.649999618530273,15.649999618530273,15.640999794006348,15.649999618530273,13816
2026-09-02 13:08:00-04:00,15.645000457763672,15.659099578857422,15.645000457763672,15.645000457763672,60228
2026-09-02 13:09:00-04:00,15.641200065612793,15.649999618530273,15.641200065612793,15.649999618530273,26478
2026-09-02 13:10:00-04:00,15.645000457763672,15.645000457763672,15.645000457763672,15.645000457763672,675
2026-09-02 13:11:00-04:00,15.650099754333496,15.654999732971191,15.630000114440918,15.640000343322754,61740
2026-09-02 13:12:00-04:00,15.654999732971191,15.654999732971191,15.654999732971191,15.654999732971191,22371
2026-09-02 13:13:00-04:00,15.654999732971191,15.65999984741211,15.649999618530273,15.654999732971191,26963
2026-09-02 13:14:00-04:00,15.649999618530273,15.654999732971191,15.649999618530273,15.654999732971191,43248
2026-09-02 13:15:00-04:00,15.630000114440918,15.649999618530273,15.630000114440918,15.645000457763672,42471
2026-09-02 13:16:00-04:00,15.625,15.630000114440918,15.619999885559082,15.630000114440918,33790
2026-09-02 13:17:00-04:00,15.614999771118164,15.619999885559082,15.614999771118164,15.619999885559082,28126
2026-09-02 13:18:00-04:00,15.614999771118164,15.614999771118164,15.609999656677246,15.614999771118164,16418
2026-09-02 13:19:00-04:00,15.609999656677246,15.614999771118164,15.603799819946289,15.609999656677246,22546
2026-09-02 13:20:00-04:00,15.604999542236328,15.609999656677246,15.604999542236328,15.604999542236328,30662
2026-09-02 13:21:00-04:00,15.625,15.630000114440918,15.604999542236328,15.609999656677246,63493
2026-09-02 13:22:00-04:00,15.625,15.630000114440918,15.619999885559082,15.619999885559082,14229
2026-09-02 13:23:00-04:00,15.625,15.630000114440918,15.619999885559082,15.625,59910
2026-09-02 13:24:00-04:00,15.614999771118164,15.625100135803223,15.609999656677246,15.625100135803223,54404
2026-09-02 13:25:00-04:00,15.614999771118164,15.619999885559082,15.609999656677246,15.612299919128418,18193
2026-09-02 13:26:00-04:00,15.629899978637695,15.640000343322754,15.614999771118164,15.614999771118164,103925
2026-09-02 13:27:00-04:00,15.625,15.628600120544434,15.619999885559082,15.619999885559082,23588
2026-09-02 13:28:00-04:00,15.625,15.625,15.619999885559082,15.625,1770
2026-09-02 13:29:00-04:00,15.625,15.630000114440918,15.625,15.625,34560
2026-09-02 13:30:00-04:00,15.628999710083008,15.630000114440918,15.625,15.630000114440918,42050
2026-09-02 13:31:00-04:00,15.635000228881836,15.635000228881836,15.619999885559082,15.625,54064
2026-09-02 13:32:00-04:00,15.619999885559082,15.630000114440918,15.619999885559082,15.630000114440918,25692
2026-09-02 13:33:00-04:00,15.625,15.630000114440918,15.619999885559082,15.619999885559082,11759
2026-09-02 13:34:00-04:00,15.614999771118164,15.625,15.609999656677246,15.619999885559082,34288
2026-09-02 13:35:00-04:00,15.614999771118164,15.619999885559082,15.614999771118164,15.614999771118164,20796
2026-09-02 13:36:00-04:00,15.614999771118164,15.614999771118164,15.614999771118164,15.614999771118164,12251
2026-09-02 13:37:00-04:00,15.62090015411377,15.630000114440918,15.613844871520996,15.614999771118164,70272
2026-09-02 13:38:00-04:00,15.614999771118164,15.625,15.614999771118164,15.620100021362305,55755
2026-09-02 13:39:00-04:00,15.60990047454834,15.614999771118164,15.604999542236328,15.614999771118164,54068
2026-09-02 13:40:00-04:00,15.604999542236328,15.604999542236328,15.604999542236328,15.604999542236328,1183
2026-09-02 13:41:00-04:00,15.604999542236328,15.609999656677246,15.600000381469727,15.600000381469727,16287
2026-09-02 13:42:00-04:00,15.614999771118164,15.614999771118164,15.604999542236328,15.604999542236328,65771
2026-09-02 13:43:00-04:00,15.609999656677246,15.619999885559082,15.609999656677246,15.614999771118164,33324
2026-09-02 13:44:00-04:00,15.609999656677246,15.619999885559082,15.609999656677246,15.614999771118164,56470
2026-09-02 13:45:00-04:00,15.625,15.635000228881836,15.609999656677246,15.609999656677246,89343
2026-09-02 13:46:00-04:00,15.631600379943848,15.635000228881836,15.625,15.625,63971
2026-09-02 13:47:00-04:00,15.635000228881836,15.640000343322754,15.630000114440918,15.635000228881836,11022
2026-09-02 13:48:00-04:00,15.619999885559082,15.635000228881836,15.619999885559082,15.630000114440918,33806
2026-09-02 13:49:00-04:00,15.619999885559082,15.625,15.614999771118164,15.614999771118164,23567
2026-09-02 13:50:00-04:00,15.625,15.625,15.619999885559082,15.619999885559082,2324
2026-09-02 13:51:00-04:00,15.625,15.625,15.625,15.625,2740
2026-09-02 13:52:00-04:00,15.619999885559082,15.62909984588623,15.619999885559082,15.62909984588623,2679
2026-09-02 13:53:00-04:00,15.619999885559082,15.625,15.619999885559082,15.619999885559082,10734
2026-09-02 13:54:00-04:00,15.625,15.630000114440918,15.610899925231934,15.619999885559082,48093
2026-09-02 13:55:00-04:00,15.625,15.630000114440918,15.614999771118164,15.625,28400
2026-09-02 13:56:00-04:00,15.635000228881836,15.635000228881836,15.625,15.625,18998
2026-09-02 13:57:00-04:00,15.649999618530273,15.649999618530273,15.635000228881836,15.635000228881836,55361
2026-09-02 13:58:00-04:00,15.654999732971191,15.664999961853027,15.640000343322754,15.645000457763672,216098
2026-09-02 13:59:00-04:00,15.649900436401367,15.65999984741211,15.640000343322754,15.654999732971191,91212
2026-09-02 14:00:00-04:00,15.640000343322754,15.654999732971191,15.635000228881836,15.649999618530273,89494
2026-09-02 14:01:00-04:00,15.625,15.638799667358398,15.625,15.635000228881836,31313
2026-09-02 14:02:00-04:00,15.640000343322754,15.645000457763672,15.619999885559082,15.625,69749
2026-09-02 14:03:00-04:00,15.654999732971191,15.65999984741211,15.630000114440918,15.639900207519531,76143
2026-09-02 14:04:00-04:00,15.649999618530273,15.65999984741211,15.640000343322754,15.649999618530273,53453
2026-09-02 14:05:00-04:00,15.654999732971191,15.65999984741211,15.645000457763672,15.645000457763672,84940
2026-09-02 14:06:00-04:00,15.65999984741211,15.65999984741211,15.649999618530273,15.65999984741211,55401
2026-09-02 14:07:00-04:00,15.654999732971191,15.65999984741211,15.649999618530273,15.649999618530273,26107
2026-09-02 14:08:00-04:00,15.654999732971191,15.65880012512207,15.649999618530273,15.649999618530273,8133
2026-09-02 14:09:00-04:00,15.664999961853027,15.664999961853027,15.649999618530273,15.654999732971191,60693
2026-09-02 14:10:00-04:00,15.65999984741211,15.670000076293945,15.65999984741211,15.664999961853027,46475
2026-09-02 14:11:00-04:00,15.670000076293945,15.670000076293945,15.65999984741211,15.664999961853027,32897
2026-09-02 14:12:00-04:00,15.664999961853027,15.670000076293945,15.65999984741211,15.670000076293945,57506
2026-09-02 14:13:00-04:00,15.664999961853027,15.670000076293945,15.65999984741211,15.65999984741211,32836
2026-09-02 14:14:00-04:00,15.670000076293945,15.670000076293945,15.664999961853027,15.664999961853027,3389
2026-09-02 14:15:00-04:00,15.694999694824219,15.699999809265137,15.664999961853027,15.664999961853027,90736
2026-09-02 14:16:00-04:00,15.704999923706055,15.710000038146973,15.699999809265137,15.699999809265137,49461
2026-09-02 14:17:00-04:00,15.704999923706055,15.71500015258789,15.70009994506836,15.704999923706055,69965
2026-09-02 14:18:00-04:00,15.729999542236328,15.739999771118164,15.704999923706055,15.704999923706055,143174
2026-09-02 14:19:00-04:00,15.720000267028809,15.729999542236328,15.720000267028809,15.729999542236328,42763
2026-09-02 14:20:00-04:00,15.720000267028809,15.729999542236328,15.71500015258789,15.720000267028809,72519
2026-09-02 14:21:00-04:00,15.720000267028809,15.739999771118164,15.720000267028809,15.725000381469727,49726
2026-09-02 14:22:00-04:00,15.71090030670166,15.720000267028809,15.704999923706055,15.720000267028809,50196
2026-09-02 14:23:00-04:00,15.704999923706055,15.720000267028809,15.699999809265137,15.710000038146973,14918
2026-09-02 14:24:00-04:00,15.694999694824219,15.699999809265137,15.6899995803833,15.699999809265137,21562
2026-09-02 14:25:00-04:00,15.694999694824219,15.694999694824219,15.680100440979004,15.694999694824219,46860
2026-09-02 14:26:00-04:00,15.694999694824219,15.699999809265137,15.6899995803833,15.694999694824219,14579
2026-09-02 14:27:00-04:00,15.704999923706055,15.710000038146973,15.694999694824219,15.694999694824219,29692
2026-09-02 14:28:00-04:00,15.704999923706055,15.710000038146973,15.704999923706055,15.704999923706055,17005
2026-09-02 14:29:00-04:00,15.710000038146973,15.710000038146973,15.699999809265137,15.704999923706055,34728
2026-09-02 14:30:00-04:00,15.710000038146973,15.720000267028809,15.704999923706055,15.70989990234375,49163
2026-09-02 14:31:00-04:00,15.725000381469727,15.729999542236328,15.710000038146973,15.71500015258789,63992
2026-09-02 14:32:00-04:00,15.734999656677246,15.734999656677246,15.725000381469727,15.725000381469727,20288
2026-09-02 14:33:00-04:00,15.725000381469727,15.734999656677246,15.72089958190918,15.734999656677246,35246
2026-09-02 14:34:00-04:00,15.720000267028809,15.725000381469727,15.71500015258789,15.725000381469727,14130
2026-09-02 14:35:00-04:00,15.720999717712402,15.729999542236328,15.71500015258789,15.720000267028809,48975
2026-09-02 14:36:00-04:00,15.720100402832031,15.729999542236328,15.720000267028809,15.725000381469727,12797
2026-09-02 14:37:00-04:00,15.71500015258789,15.725000381469727,15.710100173950195,15.720000267028809,35061
2026-09-02 14:38:00-04:00,15.725000381469727,15.725000381469727,15.71500015258789,15.71500015258789,61903
2026-09-02 14:39:00-04:00,15.720000267028809,15.725000381469727,15.71500015258789,15.725000381469727,19751
2026-09-02 14:40:00-04:00,15.71500015258789,15.729999542236328,15.71500015258789,15.71500015258789,31410
2026-09-02 14:41:00-04:00,15.71500015258789,15.71500015258789,15.710000038146973,15.71500015258789,19606
2026-09-02 14:42:00-04:00,15.71500015258789,15.720000267028809,15.71500015258789,15.71500015258789,73008
2026-09-02 14:43:00-04:00,15.710000038146973,15.71500015258789,15.710000038146973,15.710100173950195,261718
2026-09-02 14:44:00-04:00,15.704999923706055,15.710000038146973,15.699999809265137,15.710000038146973,36243
2026-09-02 14:45:00-04:00,15.704999923706055,15.710000038146973,15.699999809265137,15.699999809265137,15351
2026-09-02 14:46:00-04:00,15.71500015258789,15.71500015258789,15.699999809265137,15.704999923706055,55900
2026-09-02 14:47:00-04:00,15.715999603271484,15.719900131225586,15.710000038146973,15.71500015258789,15439
2026-09-02 14:48:00-04:00,15.71090030670166,15.720000267028809,15.710000038146973,15.720000267028809,8051
2026-09-02 14:49:00-04:00,15.710000038146973,15.71500015258789,15.710000038146973,15.71500015258789,7282
2026-09-02 14:50:00-04:00,15.71500015258789,15.71500015258789,15.710000038146973,15.710000038146973,6303
2026-09-02 14:51:00-04:00,15.710000038146973,15.71500015258789,15.710000038146973,15.710000038146973,11658
2026-09-02 14:52:00-04:00,15.704999923706055,15.710000038146973,15.704999923706055,15.710000038146973,26792
2026-09-02 14:53:00-04:00,15.71500015258789,15.71500015258789,15.704999923706055,15.704999923706055,25641
2026-09-02 14:54:00-04:00,15.708999633789062,15.710100173950195,15.699999809265137,15.710100173950195,27445
2026-09-02 14:55:00-04:00,15.715100288391113,15.720000267028809,15.704999923706055,15.704999923706055,79361
2026-09-02 14:56:00-04:00,15.71500015258789,15.720000267028809,15.710000038146973,15.710000038146973,13324
2026-09-02 14:57:00-04:00,15.71500015258789,15.720000267028809,15.710100173950195,15.71500015258789,0
2026-09-02 14:58:00-04:00,15.71500015258789,15.720000267028809,15.71500015258789,15.71500015258789,25285
2026-09-02 14:59:00-04:00,15.710000038146973,15.720000267028809,15.710000038146973,15.71500015258789,4562
2026-09-02 15:00:00-04:00,15.710000038146973,15.720000267028809,15.710000038146973,15.71500015258789,51914
2026-09-02 15:01:00-04:00,15.704999923706055,15.71500015258789,15.704999923706055,15.71500015258789,9993
2026-09-02 15:02:00-04:00,15.704999923706055,15.704999923706055,15.704999923706055,15.704999923706055,8068
2026-09-02 15:03:00-04:00,15.704999923706055,15.704999923706055,15.704999923706055,15.704999923706055,3110
2026-09-02 15:04:00-04:00,15.704999923706055,15.704999923706055,15.704999923706055,15.704999923706055,7383
2026-09-02 15:05:00-04:00,15.704999923706055,15.704999923706055,15.701000213623047,15.704999923706055,5758
2026-09-02 15:06:00-04:00,15.704999923706055,15.71500015258789,15.704999923706055,15.704999923706055,58464
2026-09-02 15:07:00-04:00,15.700900077819824,15.704999923706055,15.699999809265137,15.699999809265137,15391
2026-09-02 15:08:00-04:00,15.71500015258789,15.71500015258789,15.704999923706055,15.704999923706055,44600
2026-09-02 15:09:00-04:00,15.71500015258789,15.720000267028809,15.710000038146973,15.71500015258789,12546
2026-09-02 15:10:00-04:00,15.725000381469727,15.725000381469727,15.710100173950195,15.71500015258789,39859
2026-09-02 15:11:00-04:00,15.725000381469727,15.729999542236328,15.720000267028809,15.725000381469727,58110
2026-09-02 15:12:00-04:00,15.725000381469727,15.725000381469727,15.725000381469727,15.725000381469727,0
